timestep,value,score,threshold,anomaly,evaluation_label
64,-0.9997111547011099,1.371347498723,20.198578445504772,0,0
65,-0.9997111547011099,1.366749688339,20.198578445504772,0,0
66,-0.9997111547011099,1.362220463902,20.198578445504772,0,0
67,-0.9997111547011099,1.357690861719,20.198578445504772,0,0
68,-0.9996484951389168,1.352180833247,20.198578445504772,0,0
69,-0.9995914392774077,1.345777863666,20.198578445504772,0,0
70,-0.9995914392774077,1.33937462126,20.198578445504772,0,0
71,-0.9995914392774077,1.333020904681,20.198578445504772,0,0
72,-0.9995914392774077,1.326845669929,20.198578445504772,0,0
73,-0.9995914392774077,1.320670044438,20.198578445504772,0,0
74,-0.9995914392774077,1.314494139064,20.198578445504772,0,0
75,-0.9995863450040587,1.309274783042,20.198578445504772,0,0
76,-0.9995664773379975,1.303755406011,20.198578445504772,0,0
77,-0.9995654584833278,1.298353158472,20.198578445504772,0,0
78,-0.9995522133726202,1.292830201479,20.198578445504772,0,0
79,-0.9995399871165827,1.287129280193,20.198578445504772,0,0
80,-0.9995221571598609,1.28116888432,20.198578445504772,0,0
81,-0.9995221571598609,1.275208133565,20.198578445504772,0,0
82,-0.9995191005958515,1.269450333258,20.198578445504772,0,0
83,-0.9995191005958515,1.263875383874,20.198578445504772,0,0
84,-0.9995191005958515,1.258300056487,20.198578445504772,0,0
85,-0.9995191005958515,1.252724408821,20.198578445504772,0,0
86,-0.9995191005958515,1.247148391525,20.198578445504772,0,0
87,-0.9995191005958515,1.241751915093,20.198578445504772,0,0
88,-0.999443705350286,1.235387336593,20.198578445504772,0,0
89,-0.9994416676409463,1.228995139128,20.198578445504772,0,0
90,-0.9994416676409463,1.222602530114,20.198578445504772,0,0
91,-0.9994416676409463,1.216468018181,20.198578445504772,0,0
92,-0.9994416676409463,1.210341134516,20.198578445504772,0,0
93,-0.9994416676409463,1.204243360251,20.198578445504772,0,0
94,-0.9994416676409463,1.199369210299,20.198578445504772,0,0
95,-0.9994416676409463,1.194494695016,20.198578445504772,0,0
96,-0.9994416676409463,1.189758644708,20.198578445504772,0,0
97,-0.9994416676409463,1.18517707592,20.198578445504772,0,0
98,-0.9994416676409463,1.180686771318,20.198578445504772,0,0
99,-0.9994416676409463,1.176717046018,20.198578445504772,0,0
100,-0.9994416676409463,1.172755195897,20.198578445504772,0,0
101,-0.9994416676409463,1.168983409451,20.198578445504772,0,0
102,-0.9994416676409463,1.165211390997,20.198578445504772,0,0
103,-0.9994416676409463,1.161439109173,20.198578445504772,0,0
104,-0.9994416676409463,1.157807338844,20.198578445504772,0,0
105,-0.9994416676409463,1.154233154403,20.198578445504772,0,0
106,-0.9994411582136113,1.15065364794,20.198578445504772,0,0
107,-0.9993565932760176,1.146294334733,20.198578445504772,0,0
108,-0.9993565932760176,1.142110069334,20.198578445504772,0,0
109,-0.9993565932760176,1.137925499323,20.198578445504772,0,0
110,-0.9993565932760176,1.133836627483,20.198578445504772,0,0
111,-0.9993565932760176,1.12989777121,20.198578445504772,0,0
112,-0.9993565932760176,1.125958728401,20.198578445504772,0,0
113,-0.9993565932760176,1.122636652772,20.198578445504772,0,0
114,-0.9993301030546027,1.119276235373,20.198578445504772,0,0
115,-0.9993301030546027,1.115939385543,20.198578445504772,0,0
116,-0.9993301030546027,1.11260227385,20.198578445504772,0,0
117,-0.9993301030546027,1.109439744951,20.198578445504772,0,0
118,-0.9993301030546027,1.10632463882,20.198578445504772,0,0
119,-0.9993301030546027,1.103226078696,20.198578445504772,0,0
120,-0.9993301030546027,1.100333086208,20.198578445504772,0,0
121,-0.9993301030546027,1.097439908896,20.198578445504772,0,0
122,-0.9993301030546027,1.094576063982,20.198578445504772,0,0
123,-0.9993301030546027,1.09190512358,20.198578445504772,0,0
124,-0.9993301030546027,1.089234023623,20.198578445504772,0,0
125,-0.9992990279871736,1.086354433386,20.198578445504772,0,0
126,-0.9992134441949099,1.083164937541,20.198578445504772,0,0
127,-0.9992134441949099,1.080099627532,20.198578445504772,0,0
128,-0.9992134441949099,1.077167081454,20.198578445504772,0,0
129,-0.9992083499215607,1.07435166939,20.198578445504772,0,0
130,-0.9992083499215607,1.071692387024,20.198578445504772,0,0
131,-0.9992083499215607,1.069158273129,20.198578445504772,0,0
132,-0.9992083499215607,1.067143550208,20.198578445504772,0,0
133,-0.9992083499215607,1.065427950682,20.198578445504772,0,0
134,-0.9992083499215607,1.06371224344,20.198578445504772,0,0
135,-0.9992083499215607,1.061996443627,20.198578445504772,0,0
136,-0.9992083499215607,1.06047625947,20.198578445504772,0,0
137,-0.9992047839302165,1.058960769004,20.198578445504772,0,0
138,-0.9992047839302165,1.057445143999,20.198578445504772,0,0
139,-0.9992047839302165,1.056036190175,20.198578445504772,0,0
140,-0.9992047839302165,1.054820924556,20.198578445504772,0,0
141,-0.9992047839302165,1.053609039525,20.198578445504772,0,0
142,-0.9992047839302165,1.052481329562,20.198578445504772,0,0
143,-0.9992047839302165,1.051542739711,20.198578445504772,0,0
144,-0.9991416149406884,1.050477610636,20.198578445504772,0,0
145,-0.9991416149406884,1.049419685905,20.198578445504772,0,0
146,-0.9991416149406884,1.048574346056,20.198578445504772,0,0
147,-0.9991416149406884,1.047728974503,20.198578445504772,0,0
148,-0.9991416149406884,1.046883542149,20.198578445504772,0,0
149,-0.9991416149406884,1.046244402823,20.198578445504772,0,0
150,-0.9991416149406884,1.045610270478,20.198578445504772,0,0
151,-0.9991416149406884,1.045149960187,20.198578445504772,0,0
152,-0.9991416149406884,1.044942355351,20.198578445504772,0,0
153,-0.9991416149406884,1.04477437681,20.198578445504772,0,0
154,-0.9991416149406884,1.044606386014,20.198578445504772,0,0
155,-0.9991416149406884,1.044512832989,20.198578445504772,0,0
156,-0.9991416149406884,1.044512832989,20.198578445504772,0,0
157,-0.9991416149406884,1.044512832989,20.198578445504772,0,0
158,-0.9991416149406884,1.044512832989,20.198578445504772,0,0
159,-0.9991115587279293,1.044512832989,20.198578445504772,0,0
160,-0.9991115587279293,1.044512832989,20.198578445504772,0,0
161,-0.9991115587279293,1.036043378919,20.198578445504772,0,0
162,-0.9991115587279293,1.036043378919,20.198578445504772,0,0
163,-0.9990331069183542,1.036043378919,20.198578445504772,0,0
164,-0.9990331069183542,1.028115755488,20.198578445504772,0,0
165,-0.9990331069183542,1.028115755488,20.198578445504772,0,0
166,-0.9989617870914678,1.020293002206,20.198578445504772,0,0
167,-0.9989617870914678,1.020293002206,20.198578445504772,0,0
168,-0.9989617870914678,1.01255286309,20.198578445504772,0,0
169,-0.9989617870914678,1.01255286309,20.198578445504772,0,0
170,-0.9989582211001236,1.01255286309,20.198578445504772,0,0
171,-0.9989582211001236,1.004981911373,20.198578445504772,0,0
172,-0.9989582211001236,1.004981911373,20.198578445504772,0,0
173,-0.9989582211001236,1.004981911373,20.198578445504772,0,0
174,-0.9989582211001236,0.997803602719,20.198578445504772,0,0
175,-0.9989582211001236,0.997803602719,20.198578445504772,0,0
176,-0.9989582211001236,0.997803602719,20.198578445504772,0,0
177,-0.9989582211001236,0.991106762446,20.198578445504772,0,0
178,-0.9989582211001236,0.991106762446,20.198578445504772,0,0
179,-0.9989546551087791,0.991106762446,20.198578445504772,0,0
180,-0.9989546551087791,0.984783024513,20.198578445504772,0,0
181,-0.9989546551087791,0.984783024513,20.198578445504772,0,0
182,-0.9989546551087791,0.984783024513,20.198578445504772,0,0
183,-0.9989546551087791,0.9788467173,20.198578445504772,0,0
184,-0.9989546551087791,0.9788467173,20.198578445504772,0,0
185,-0.9988935238285908,0.9788467173,20.198578445504772,0,0
186,-0.9988935238285908,0.973452791789,20.198578445504772,0,0
187,-0.9988935238285908,0.973452791789,20.198578445504772,0,0
188,-0.9988935238285908,0.968715481479,20.198578445504772,0,0
189,-0.9988935238285908,0.968715481479,20.198578445504772,0,0
190,-0.9988935238285908,0.968715481479,20.198578445504772,0,0
191,-0.9988935238285908,0.964450650978,20.198578445504772,0,0
192,-0.9988935238285908,0.964450650978,20.198578445504772,0,0
193,-0.9988935238285908,0.964450650978,20.198578445504772,0,0
194,-0.9988935238285908,0.964450650978,20.198578445504772,0,0
195,-0.9988935238285908,0.960607867806,20.198578445504772,0,0
196,-0.9988935238285908,0.960607867806,20.198578445504772,0,0
197,-0.9988935238285908,0.960607867806,20.198578445504772,0,0
198,-0.9988935238285908,0.960607867806,20.198578445504772,0,0
199,-0.9988935238285908,0.957256759674,20.198578445504772,0,0
200,-0.9988935238285908,0.957256759674,20.198578445504772,0,0
201,-0.9988914861192513,0.957256759674,20.198578445504772,0,0
202,-0.9988914861192513,0.957256759674,20.198578445504772,0,0
203,-0.9988914861192513,0.957256759674,20.198578445504772,0,0
204,-0.998824751138379,0.954331627563,20.198578445504772,0,0
205,-0.998824751138379,0.954331627563,20.198578445504772,0,0
206,-0.998824751138379,0.954331627563,20.198578445504772,0,0
207,-0.998824751138379,0.954331627563,20.198578445504772,0,0
208,-0.998824751138379,0.951902411182,20.198578445504772,0,0
209,-0.998824751138379,0.951902411182,20.198578445504772,0,0
210,-0.998809468318332,0.951902411182,20.198578445504772,0,0
211,-0.998809468318332,0.951902411182,20.198578445504772,0,0
212,-0.998809468318332,0.950272545552,20.198578445504772,0,0
213,-0.998809468318332,0.950272545552,20.198578445504772,0,0
214,-0.998809468318332,0.950272545552,20.198578445504772,0,0
215,-0.9987605632941812,0.950272545552,20.198578445504772,0,0
216,-0.9987605632941812,0.950272545552,20.198578445504772,0,0
217,-0.9987605632941812,0.949512832758,20.198578445504772,0,0
218,-0.9987605632941812,0.949512832758,20.198578445504772,0,0
219,-0.9987605632941812,0.949512832758,20.198578445504772,0,0
220,-0.9987605632941812,0.949604898555,20.198578445504772,0,0
221,-0.9987605632941812,0.949604898555,20.198578445504772,0,0
222,-0.9986999414413278,0.949604898555,20.198578445504772,0,0
223,-0.9986999414413278,0.950458554664,20.198578445504772,0,0
224,-0.9986999414413278,0.950458554664,20.198578445504772,0,0
225,-0.9986979037319881,0.950458554664,20.198578445504772,0,0
226,-0.9986979037319881,0.952064652522,20.198578445504772,0,0
227,-0.9986979037319881,0.952064652522,20.198578445504772,0,0
228,-0.9986979037319881,0.952064652522,20.198578445504772,0,0
229,-0.9986979037319881,0.952064652522,20.198578445504772,0,0
230,-0.9986979037319881,0.954281334121,20.198578445504772,0,0
231,-0.9986979037319881,0.954281334121,20.198578445504772,0,0
232,-0.9986979037319881,0.954281334121,20.198578445504772,0,0
233,-0.9986979037319881,0.954281334121,20.198578445504772,0,0
234,-0.9986979037319881,0.956928650751,20.198578445504772,0,0
235,-0.9986979037319881,0.956928650751,20.198578445504772,0,0
236,-0.9986979037319881,0.956928650751,20.198578445504772,0,0
237,-0.9986979037319881,0.956928650751,20.198578445504772,0,0
238,-0.9986979037319881,0.956928650751,20.198578445504772,0,0
239,-0.9986979037319881,0.960042896802,20.198578445504772,0,0
240,-0.9986979037319881,0.960042896802,20.198578445504772,0,0
241,-0.9986006031110217,0.960042896802,20.198578445504772,0,0
242,-0.9986006031110217,0.960042896802,20.198578445504772,0,0
243,-0.9986006031110217,0.9639175348,20.198578445504772,0,0
244,-0.9986006031110217,0.9639175348,20.198578445504772,0,0
245,-0.9986006031110217,0.9639175348,20.198578445504772,0,0
246,-0.9986006031110217,0.964128727779,20.198578445504772,0,0
247,-0.9986006031110217,0.967930558266,20.198578445504772,0,0
248,-0.9986006031110217,0.968025957681,20.198578445504772,0,0
249,-0.9986006031110217,0.968211193109,20.198578445504772,0,0
250,-0.9986006031110217,0.968396443468,20.198578445504772,0,0
251,-0.9986006031110217,0.972204755482,20.198578445504772,0,0
252,-0.9986006031110217,0.972223711388,20.198578445504772,0,0
253,-0.9986006031110217,0.972409486095,20.198578445504772,0,0
254,-0.9986006031110217,0.972595276319,20.198578445504772,0,0
255,-0.9985664714795832,0.972802678153,20.198578445504772,0,0
256,-0.9985664714795832,0.976260255035,20.198578445504772,0,0
257,-0.9985664714795832,0.976468166144,20.198578445504772,0,0
258,-0.9985639243429087,0.976677707059,20.198578445504772,0,0
259,-0.9985639243429087,0.979815945896,20.198578445504772,0,0
260,-0.9984355486545131,0.97998652283,20.198578445504772,0,0
261,-0.9984355486545131,0.980278136578,20.198578445504772,0,0
262,-0.9984355486545131,0.982930928787,20.198578445504772,0,0
263,-0.9984355486545131,0.983158392322,20.198578445504772,0,0
264,-0.9983856247756926,0.983482380556,20.198578445504772,0,0
265,-0.9983856247756926,0.985797240648,20.198578445504772,0,0
266,-0.9983856247756926,0.986120466138,20.198578445504772,0,0
267,-0.9983856247756926,0.988447548416,20.198578445504772,0,0
268,-0.9983856247756926,0.988728454893,20.198578445504772,0,0
269,-0.9983856247756926,0.989101483322,20.198578445504772,0,0
270,-0.9983856247756926,0.991050690568,20.198578445504772,0,0
271,-0.9983856247756926,0.991331972955,20.198578445504772,0,0
272,-0.9983856247756926,0.991856235018,20.198578445504772,0,0
273,-0.9983856247756926,0.993438032418,20.198578445504772,0,0
274,-0.9983856247756926,0.993709812153,20.198578445504772,0,0
275,-0.9983856247756926,0.994057931481,20.198578445504772,0,0
276,-0.9983856247756926,0.995705488827,20.198578445504772,0,0
277,-0.9983856247756926,0.995977514262,20.198578445504772,0,0
278,-0.9983856247756926,0.996249557972,20.198578445504772,0,0
279,-0.9983856247756926,0.99754870075,20.198578445504772,0,0
280,-0.9983856247756926,0.997789461477,20.198578445504772,0,0
281,-0.9983856247756926,0.998030231875,20.198578445504772,0,0
282,-0.9983856247756926,0.998271018509,20.198578445504772,0,0
283,-0.9983856247756926,0.999277063873,20.198578445504772,0,0
284,-0.9983102295301269,0.99956629282,20.198578445504772,0,0
285,-0.9983102295301269,0.999855532727,20.198578445504772,0,0
286,-0.9983102295301269,1.000628929761,20.198578445504772,0,0
287,-0.9983102295301269,1.000879244585,20.198578445504772,0,0
288,-0.9983102295301269,1.001129577043,20.198578445504772,0,0
289,-0.9983102295301269,1.001748168342,20.198578445504772,0,0
290,-0.9983102295301269,1.001997241185,20.198578445504772,0,0
291,-0.9983102295301269,1.002246334635,20.198578445504772,0,0
292,-0.9983102295301269,1.002597915979,20.198578445504772,0,0
293,-0.9983102295301269,1.002847022744,20.198578445504772,0,0
294,-0.9983102295301269,1.003096146818,20.198578445504772,0,0
295,-0.9983102295301269,1.003384012319,20.198578445504772,0,0
296,-0.9983102295301269,1.00352535576,20.198578445504772,0,0
297,-0.9983102295301269,1.003774472976,20.198578445504772,0,0
298,-0.9983102295301269,1.004240948569,20.198578445504772,0,0
299,-0.9983102295301269,1.004490035657,20.198578445504772,0,0
300,-0.9983102295301269,1.004905229774,20.198578445504772,0,0
301,-0.9983102295301269,1.005179124901,20.198578445504772,0,0
302,-0.9982465511132641,1.005468954739,20.198578445504772,0,0
303,-0.9982465511132641,1.005758798768,20.198578445504772,0,0
304,-0.9982465511132641,1.005788163668,20.198578445504772,0,0
305,-0.9982175137551748,1.005974733172,20.198578445504772,0,0
306,-0.9982175137551748,1.006220548731,20.198578445504772,0,0
307,-0.9982175137551748,1.006595803097,20.198578445504772,0,0
308,-0.9982175137551748,1.006289610751,20.198578445504772,0,0
309,-0.9981905141064249,1.006552628121,20.198578445504772,0,0
310,-0.9981905141064249,1.007022474462,20.198578445504772,0,0
311,-0.9981905141064249,1.006814394948,20.198578445504772,0,0
312,-0.9981905141064249,1.007139621198,20.198578445504772,0,0
313,-0.9981905141064249,1.007266785181,20.198578445504772,0,0
314,-0.9981905141064249,1.007529614457,20.198578445504772,0,0
315,-0.9981905141064249,1.007150407847,20.198578445504772,0,0
316,-0.9981905141064249,1.007315699597,20.198578445504772,0,0
317,-0.9981905141064249,1.007578413508,20.198578445504772,0,0
318,-0.9981905141064249,1.007341237344,20.198578445504772,0,0
319,-0.9981905141064249,1.007590768237,20.198578445504772,0,0
320,-0.9981905141064249,1.007481651705,20.198578445504772,0,0
321,-0.9981013643228169,1.007779122496,20.198578445504772,0,0
322,-0.9981013643228169,1.007261026104,20.198578445504772,0,0
323,-0.9981013643228169,1.00730156912,20.198578445504772,0,0
324,-0.9980626478453642,1.007539770988,20.198578445504772,0,0
325,-0.9980626478453642,1.006906824515,20.198578445504772,0,0
326,-0.9980626478453642,1.006960696191,20.198578445504772,0,0
327,-0.9980626478453642,1.006575949911,20.198578445504772,0,0
328,-0.9980626478453642,1.006575949911,20.198578445504772,0,0
329,-0.9980626478453642,1.006575949911,20.198578445504772,0,0
330,-0.9980626478453642,1.006724054079,20.198578445504772,0,0
331,-0.9980626478453642,1.006258133822,20.198578445504772,0,0
332,-0.9980626478453642,1.006258133822,20.198578445504772,0,0
333,-0.9980626478453642,1.006267293393,20.198578445504772,0,0
334,-0.9980626478453642,1.006473305642,20.198578445504772,0,0
335,-0.9980626478453642,1.005939704249,20.198578445504772,0,0
336,-0.9980626478453642,1.005864843439,20.198578445504772,0,0
337,-0.9980621384180293,1.005941568861,20.198578445504772,0,0
338,-0.9980621384180293,1.006147851774,20.198578445504772,0,0
339,-0.9980621384180293,1.005516307837,20.198578445504772,0,0
340,-0.9980621384180293,1.005394187319,20.198578445504772,0,0
341,-0.9980621384180293,1.005600396939,20.198578445504772,0,0
342,-0.9980621384180293,1.005199350239,20.198578445504772,0,0
343,-0.9979984600011664,1.005157753499,20.198578445504772,0,0
344,-0.9979948940098222,1.005406635311,20.198578445504772,0,0
345,-0.9979948940098222,1.004887388572,20.198578445504772,0,0
346,-0.9979948940098222,1.004887257087,20.198578445504772,0,0
347,-0.9979948940098222,1.005136053086,20.198578445504772,0,0
348,-0.9979948940098222,1.004448977005,20.198578445504772,0,0
349,-0.9979948940098222,1.004248344083,20.198578445504772,0,0
350,-0.997974516916426,1.004302919813,20.198578445504772,0,0
351,-0.997974516916426,1.003675700247,20.198578445504772,0,0
352,-0.997974516916426,1.003632893217,20.198578445504772,0,0
353,-0.997974516916426,1.003632893217,20.198578445504772,0,0
354,-0.997974516916426,1.002879687453,20.198578445504772,0,0
355,-0.997974516916426,1.002879687453,20.198578445504772,0,0
356,-0.997974516916426,1.002879687453,20.198578445504772,0,0
357,-0.997974516916426,1.002237284359,20.198578445504772,0,0
358,-0.997974516916426,1.002023888582,20.198578445504772,0,0
359,-0.997974516916426,1.001904103095,20.198578445504772,0,0
360,-0.9979612718057185,1.001904103095,20.198578445504772,0,0
361,-0.997959234096379,1.001229362688,20.198578445504772,0,0
362,-0.9978818011414736,1.00096471705,20.198578445504772,0,0
363,-0.9978818011414736,1.00096471705,20.198578445504772,0,0
364,-0.9978818011414736,1.00096471705,20.198578445504772,0,0
365,-0.9978818011414736,1.000092117806,20.198578445504772,0,0
366,-0.9978818011414736,1.000092117806,20.198578445504772,0,0
367,-0.9978726314494455,1.000092117806,20.198578445504772,0,0
368,-0.9978726314494455,1.000092117806,20.198578445504772,0,0
369,-0.9978491977920398,0.999429519792,20.198578445504772,0,0
370,-0.9977615762904366,0.999429519792,20.198578445504772,0,0
371,-0.9977615762904366,0.999429519792,20.198578445504772,0,0
372,-0.9977615762904366,0.999001434644,20.198578445504772,0,0
373,-0.9976240309100128,0.999001434644,20.198578445504772,0,0
374,-0.9976240309100128,0.99900658279,20.198578445504772,0,0
375,-0.9976240309100128,0.998542689315,20.198578445504772,0,0
376,-0.9976240309100128,0.998542689315,20.198578445504772,0,0
377,-0.9976184272093289,0.997962545961,20.198578445504772,0,0
378,-0.9976092575173006,0.997962545961,20.198578445504772,0,0
379,-0.9975934652699188,0.997390546803,20.198578445504772,0,0
380,-0.9975934652699188,0.997390546803,20.198578445504772,0,0
381,-0.9975934652699188,0.996558271414,20.198578445504772,0,0
382,-0.9975934652699188,0.996558271414,20.198578445504772,0,0
383,-0.9975934652699188,0.995432346659,20.198578445504772,0,0
384,-0.9975934652699188,0.995432346659,20.198578445504772,0,0
385,-0.997591936987914,0.995432346659,20.198578445504772,0,0
386,-0.997591936987914,0.994268696933,20.198578445504772,0,0
387,-0.997591936987914,0.994268696933,20.198578445504772,0,0
388,-0.997591936987914,0.993353665616,20.198578445504772,0,0
389,-0.997591936987914,0.993353665616,20.198578445504772,0,0
390,-0.997591936987914,0.993353665616,20.198578445504772,0,0
391,-0.9975308057077257,0.992848061539,20.198578445504772,0,0
392,-0.997529277425721,0.992848061539,20.198578445504772,0,0
393,-0.997529277425721,0.992848061539,20.198578445504772,0,0
394,-0.997529277425721,0.992326848912,20.198578445504772,0,0
395,-0.99750839090499,0.992326848912,20.198578445504772,0,0
396,-0.9973229593550852,0.991610758235,20.198578445504772,0,0
397,-0.9973229593550852,0.991610758235,20.198578445504772,0,0
398,-0.9973229593550852,0.99058835427,20.198578445504772,0,0
399,-0.9973229593550852,0.99058835427,20.198578445504772,0,0
400,-0.9973229593550852,0.989545605178,20.198578445504772,0,0
401,-0.9973229593550852,0.988495808993,20.198578445504772,0,0
402,-0.9973229593550852,0.988495808993,20.198578445504772,0,0
403,-0.9973229593550852,0.987729040616,20.198578445504772,0,0
404,-0.9973204122184107,0.987729040616,20.198578445504772,0,0
405,-0.9973204122184107,0.987281120714,20.198578445504772,0,0
406,-0.9973204122184107,0.987281120714,20.198578445504772,0,0
407,-0.9973204122184107,0.986772296634,20.198578445504772,0,0
408,-0.9973204122184107,0.986772296634,20.198578445504772,0,0
409,-0.9973204122184107,0.986379766805,20.198578445504772,0,0
410,-0.997229734152798,0.986379766805,20.198578445504772,0,0
411,-0.997229734152798,0.986026614045,20.198578445504772,0,0
412,-0.997229734152798,0.986026614045,20.198578445504772,0,0
413,-0.997229734152798,0.985392749191,20.198578445504772,0,0
414,-0.997229734152798,0.984751980408,20.198578445504772,0,0
415,-0.997229734152798,0.984751980408,20.198578445504772,0,0
416,-0.9972266775887886,0.984189373574,20.198578445504772,0,0
417,-0.9972063004953924,0.984189373574,20.198578445504772,0,0
418,-0.9972063004953924,0.983730075085,20.198578445504772,0,0
419,-0.9972063004953924,0.983390856382,20.198578445504772,0,0
420,-0.9972063004953924,0.983390856382,20.198578445504772,0,0
421,-0.9972063004953924,0.983123429267,20.198578445504772,0,0
422,-0.9971390560871853,0.983123429267,20.198578445504772,0,0
423,-0.9971390560871853,0.982843820471,20.198578445504772,0,0
424,-0.9971390560871853,0.982274590895,20.198578445504772,0,0
425,-0.9971390560871853,0.982274590895,20.198578445504772,0,0
426,-0.9971390560871853,0.981753789635,20.198578445504772,0,0
427,-0.9971390560871853,0.981753789635,20.198578445504772,0,0
428,-0.9971390560871853,0.981694236002,20.198578445504772,0,0
429,-0.9971390560871853,0.981694236002,20.198578445504772,0,0
430,-0.9971390560871853,0.982000503925,20.198578445504772,0,0
431,-0.9971390560871853,0.982000503925,20.198578445504772,0,0
432,-0.9971390560871853,0.982137449376,20.198578445504772,0,0
433,-0.9971390560871853,0.981930182828,20.198578445504772,0,0
434,-0.9971390560871853,0.982042706422,20.198578445504772,0,0
435,-0.9971390560871853,0.982530618918,20.198578445504772,0,0
436,-0.9971390560871853,0.982669561928,20.198578445504772,0,0
437,-0.9971390560871853,0.983015990463,20.198578445504772,0,0
438,-0.9971390560871853,0.983073753102,20.198578445504772,0,0
439,-0.9971390560871853,0.983343943458,20.198578445504772,0,0
440,-0.997130395822492,0.98363671364,20.198578445504772,0,0
441,-0.9970651891236244,0.984283361023,20.198578445504772,0,0
442,-0.9970651891236244,0.984604609801,20.198578445504772,0,0
443,-0.9970651891236244,0.984916536954,20.198578445504772,0,0
444,-0.9970651891236244,0.98570604649,20.198578445504772,0,0
445,-0.9970651891236244,0.986016679252,20.198578445504772,0,0
446,-0.9970651891236244,0.986626769865,20.198578445504772,0,0
447,-0.9970651891236244,0.986936055234,20.198578445504772,0,0
448,-0.9970651891236244,0.987265152076,20.198578445504772,0,0
449,-0.9970651891236244,0.987778192535,20.198578445504772,0,0
450,-0.9970651891236244,0.988085207641,20.198578445504772,0,0
451,-0.9970651891236244,0.988586519452,20.198578445504772,0,0
452,-0.9970651891236244,0.988906754575,20.198578445504772,0,0
453,-0.9970651891236244,0.989346307078,20.198578445504772,0,0
454,-0.9970651891236244,0.989731184027,20.198578445504772,0,0
455,-0.9970651891236244,0.99026867848,20.198578445504772,0,0
456,-0.9970651891236244,0.991005777605,20.198578445504772,0,0
457,-0.9970651891236244,0.991374735852,20.198578445504772,0,0
458,-0.9970651891236244,0.991907784588,20.198578445504772,0,0
459,-0.9970651891236244,0.992592871979,20.198578445504772,0,0
460,-0.9969780770493559,0.992907656599,20.198578445504772,0,0
461,-0.9969780770493559,0.993301221196,20.198578445504772,0,0
462,-0.9969780770493559,0.993832374388,20.198578445504772,0,0
463,-0.9969780770493559,0.994422790607,20.198578445504772,0,0
464,-0.9969780770493559,0.994788615503,20.198578445504772,0,0
465,-0.9969780770493559,0.995267999037,20.198578445504772,0,0
466,-0.9969780770493559,0.995855312593,20.198578445504772,0,0
467,-0.9969587188106297,0.996165043295,20.198578445504772,0,0
468,-0.9969587188106297,0.996573364544,20.198578445504772,0,0
469,-0.9969587188106297,0.997087924979,20.198578445504772,0,0
470,-0.996868040745017,0.997362768498,20.198578445504772,0,0
471,-0.996868040745017,0.997870355758,20.198578445504772,0,0
472,-0.996868040745017,0.998430923881,20.198578445504772,0,0
473,-0.996868040745017,0.999192404511,20.198578445504772,0,0
474,-0.996868040745017,0.999038229693,20.198578445504772,0,0
475,-0.996868040745017,0.999441596295,20.198578445504772,0,0
476,-0.996868040745017,0.99984499438,20.198578445504772,0,0
477,-0.996868040745017,1.00041862256,20.198578445504772,0,0
478,-0.996868040745017,1.000362422698,20.198578445504772,0,0
479,-0.996868040745017,1.000763440156,20.198578445504772,0,0
480,-0.996868040745017,1.00116109438,20.198578445504772,0,0
481,-0.996868040745017,1.001718299386,20.198578445504772,0,0
482,-0.996868040745017,1.001646995473,20.198578445504772,0,0
483,-0.996868040745017,1.002019736064,20.198578445504772,0,0
484,-0.996868040745017,1.002392503989,20.198578445504772,0,0
485,-0.9968563239163142,1.002941528645,20.198578445504772,0,0
486,-0.9968547956343095,1.003411238529,20.198578445504772,0,0
487,-0.9968547956343095,1.003880969536,20.198578445504772,0,0
488,-0.9968547956343095,1.003815244599,20.198578445504772,0,0
489,-0.9967753249700646,1.004322162501,20.198578445504772,0,0
490,-0.9967722684060552,1.004924281495,20.198578445504772,0,0
491,-0.9967722684060552,1.005526447044,20.198578445504772,0,0
492,-0.9967722684060552,1.006128649831,20.198578445504772,0,0
493,-0.9967722684060552,1.00623526052,20.198578445504772,0,0
494,-0.9967722684060552,1.006833632944,20.198578445504772,0,0
495,-0.9967722684060552,1.007432044423,20.198578445504772,0,0
496,-0.9967722684060552,1.008127709866,20.198578445504772,0,0
497,-0.9967722684060552,1.008925696488,20.198578445504772,0,0
498,-0.9967722684060552,1.008842626964,20.198578445504772,0,0
499,-0.9967722684060552,1.0095801732,20.198578445504772,0,0
500,-0.9967722684060552,1.010373007643,20.198578445504772,0,0
501,-0.9967722684060552,1.011165901154,20.198578445504772,0,0
502,-0.9967722684060552,1.012055192882,20.198578445504772,0,0
503,-0.9967722684060552,1.011834460431,20.198578445504772,0,0
504,-0.9967722684060552,1.012603470222,20.198578445504772,0,0
505,-0.9967722684060552,1.013232303999,20.198578445504772,0,0
506,-0.9967722684060552,1.013925014116,20.198578445504772,0,0
507,-0.9967722684060552,1.01471115226,20.198578445504772,0,0
508,-0.9966820997677774,1.015738779677,20.198578445504772,0,0
509,-0.9966820997677774,1.015458360534,20.198578445504772,0,0
510,-0.9966820997677774,1.016274775668,20.198578445504772,0,0
511,-0.9966820997677774,1.017154819575,20.198578445504772,0,0
512,-0.9966820997677774,1.018175455205,20.198578445504772,0,0
513,-0.9966820997677774,1.019196123424,20.198578445504772,0,0
514,-0.9966820997677774,1.01823339597,20.198578445504772,0,0
515,-0.9966586661103718,1.019093662322,20.198578445504772,0,0
516,-0.9966586661103718,1.020115920034,20.198578445504772,0,0
517,-0.9966586661103718,1.021191372304,20.198578445504772,0,0
518,-0.9966586661103718,1.02050613553,20.198578445504772,0,0
519,-0.9966586661103718,1.021482050598,20.198578445504772,0,0
520,-0.9965761388821177,1.022766173021,20.198578445504772,0,0
521,-0.9965761388821177,1.024050331928,20.198578445504772,0,0
522,-0.9965761388821177,1.023774939578,20.198578445504772,0,0
523,-0.9965761388821177,1.025049775259,20.198578445504772,0,0
524,-0.9965761388821177,1.026097243432,20.198578445504772,0,0
525,-0.9965761388821177,1.027342965431,20.198578445504772,0,0
526,-0.9965761388821177,1.028600075124,20.198578445504772,0,0
527,-0.9965761388821177,1.027537637299,20.198578445504772,0,0
528,-0.9965761388821177,1.028711682109,20.198578445504772,0,0
529,-0.9965761388821177,1.029959583714,20.198578445504772,0,0
530,-0.9965618749167404,1.031251767017,20.198578445504772,0,0
531,-0.9965618749167404,1.032483783554,20.198578445504772,0,0
532,-0.9965618749167404,1.031298555119,20.198578445504772,0,0
533,-0.9965618749167404,1.032521395157,20.198578445504772,0,0
534,-0.9965618749167404,1.03346444371,20.198578445504772,0,0
535,-0.9965618749167404,1.034407541224,20.198578445504772,0,0
536,-0.9965618749167404,1.035350700102,20.198578445504772,0,0
537,-0.9965603466347357,1.034025935292,20.198578445504772,0,0
538,-0.9965603466347357,1.034965118987,20.198578445504772,0,0
539,-0.9964727251331325,1.03617344139,20.198578445504772,0,0
540,-0.9964722157057975,1.037383378273,20.198578445504772,0,0
541,-0.9964722157057975,1.038644562802,20.198578445504772,0,0
542,-0.9964722157057975,1.037313435589,20.198578445504772,0,0
543,-0.9964722157057975,1.038514505881,20.198578445504772,0,0
544,-0.9964722157057975,1.039715632533,20.198578445504772,0,0
545,-0.9964722157057975,1.040980687952,20.198578445504772,0,0
546,-0.9964722157057975,1.039785588053,20.198578445504772,0,0
547,-0.9964722157057975,1.040977900569,20.198578445504772,0,0
548,-0.9964722157057975,1.042170278203,20.198578445504772,0,0
549,-0.9964722157057975,1.043327396672,20.198578445504772,0,0
550,-0.9964711968511277,1.044654436858,20.198578445504772,0,0
551,-0.9964711968511277,1.042942130867,20.198578445504772,0,0
552,-0.9964711968511277,1.044089251392,20.198578445504772,0,0
553,-0.9964711968511277,1.044998442023,20.198578445504772,0,0
554,-0.9964711968511277,1.046000509966,20.198578445504772,0,0
555,-0.9964711968511277,1.047050684149,20.198578445504772,0,0
556,-0.9964711968511277,1.044960735507,20.198578445504772,0,0
557,-0.9964711968511277,1.045854297105,20.198578445504772,0,0
558,-0.9964039524429205,1.046947031805,20.198578445504772,0,0
559,-0.9964039524429205,1.048205434654,20.198578445504772,0,0
560,-0.9964039524429205,1.049480444125,20.198578445504772,0,0
561,-0.9964039524429205,1.047276971129,20.198578445504772,0,0
562,-0.9964039524429205,1.048361865947,20.198578445504772,0,0
563,-0.9964039524429205,1.049593277173,20.198578445504772,0,0
564,-0.9964039524429205,1.050859121906,20.198578445504772,0,0
565,-0.9963667642474725,1.052252536054,20.198578445504772,0,0
566,-0.9963667642474725,1.050059521423,20.198578445504772,0,0
567,-0.9963667642474725,1.051427163165,20.198578445504772,0,0
568,-0.9963035952579447,1.0530256225,20.198578445504772,0,0
569,-0.9963035952579447,1.054624138835,20.198578445504772,0,0
570,-0.9963035952579447,1.052085456628,20.198578445504772,0,0
571,-0.9963035952579447,1.053659380331,20.198578445504772,0,0
572,-0.9963035952579447,1.05494060207,20.198578445504772,0,0
573,-0.9963035952579447,1.056221884431,20.198578445504772,0,0
574,-0.9963035952579447,1.057503264777,20.198578445504772,0,0
575,-0.9963000292666002,1.054546163232,20.198578445504772,0,0
576,-0.9963000292666002,1.05583033246,20.198578445504772,0,0
577,-0.9963000292666002,1.057114558684,20.198578445504772,0,0
578,-0.9963000292666002,1.058398882023,20.198578445504772,0,0
579,-0.9963000292666002,1.059663458966,20.198578445504772,0,0
580,-0.9962995198392655,1.056803462351,20.198578445504772,0,0
581,-0.9962995198392655,1.058002285938,20.198578445504772,0,0
582,-0.9962995198392655,1.05925047782,20.198578445504772,0,0
583,-0.9962995198392655,1.060620710314,20.198578445504772,0,0
584,-0.9962995198392655,1.061675698643,20.198578445504772,0,0
585,-0.9962995198392655,1.06273074204,20.198578445504772,0,0
586,-0.9962995198392655,1.059220480044,20.198578445504772,0,0
587,-0.9962246340210346,1.060385131573,20.198578445504772,0,0
588,-0.9962246340210346,1.061654953885,20.198578445504772,0,0
589,-0.9962246340210346,1.06298615799,20.198578445504772,0,0
590,-0.9962246340210346,1.059707937481,20.198578445504772,0,0
591,-0.9962246340210346,1.060865113585,20.198578445504772,0,0
592,-0.9962246340210346,1.062022336429,20.198578445504772,0,0
593,-0.9962231057390298,1.063184664732,20.198578445504772,0,0
594,-0.9962231057390298,1.064364888536,20.198578445504772,0,0
595,-0.9962231057390298,1.060899445847,20.198578445504772,0,0
596,-0.9962231057390298,1.06200769413,20.198578445504772,0,0
597,-0.9962231057390298,1.063116040546,20.198578445504772,0,0
598,-0.9962231057390298,1.064224438366,20.198578445504772,0,0
599,-0.9962231057390298,1.065332928867,20.198578445504772,0,0
600,-0.9962231057390298,1.0617663422,20.198578445504772,0,0
601,-0.9962231057390298,1.062850468775,20.198578445504772,0,0
602,-0.9962231057390298,1.063947182532,20.198578445504772,0,0
603,-0.9962231057390298,1.064758646905,20.198578445504772,0,0
604,-0.9962231057390298,1.065568506932,20.198578445504772,0,0
605,-0.9961563707581575,1.066594868727,20.198578445504772,0,0
606,-0.9961563707581575,1.062930850657,20.198578445504772,0,0
607,-0.9961563707581575,1.063951077762,20.198578445504772,0,0
608,-0.9961563707581575,1.064971372691,20.198578445504772,0,0
609,-0.9961563707581575,1.065991723125,20.198578445504772,0,0
610,-0.9961563707581575,1.067052036426,20.198578445504772,0,0
611,-0.9961563707581575,1.068218271672,20.198578445504772,0,0
612,-0.9961354842374266,1.064564111225,20.198578445504772,0,0
613,-0.9961354842374266,1.065645633578,20.198578445504772,0,0
614,-0.9961354842374266,1.066723944536,20.198578445504772,0,0
615,-0.9961354842374266,1.067802319897,20.198578445504772,0,0
616,-0.9961354842374266,1.068880783876,20.198578445504772,0,0
617,-0.9961354842374266,1.064937581666,20.198578445504772,0,0
618,-0.9960641644105401,1.06623720167,20.198578445504772,0,0
619,-0.9960641644105401,1.06753687815,20.198578445504772,0,0
620,-0.9960616172738657,1.068844766271,20.198578445504772,0,0
621,-0.9960616172738657,1.070210842354,20.198578445504772,0,0
622,-0.9960616172738657,1.066277154521,20.198578445504772,0,0
623,-0.9960616172738657,1.067364100047,20.198578445504772,0,0
624,-0.9960616172738657,1.068451105695,20.198578445504772,0,0
625,-0.9960616172738657,1.069596700308,20.198578445504772,0,0
626,-0.9960616172738657,1.070839131352,20.198578445504772,0,0
627,-0.9960616172738657,1.072081629875,20.198578445504772,0,0
628,-0.9960616172738657,1.067936992224,20.198578445504772,0,0
629,-0.9960616172738657,1.068900891878,20.198578445504772,0,0
630,-0.9960616172738657,1.069864851218,20.198578445504772,0,0
631,-0.9960616172738657,1.070828869889,20.198578445504772,0,0
632,-0.9960611078465309,1.071689734942,20.198578445504772,0,0
633,-0.9960611078465309,1.07256498544,20.198578445504772,0,0
634,-0.9960611078465309,1.073440285527,20.198578445504772,0,0
635,-0.9960611078465309,1.068875651446,20.198578445504772,0,0
636,-0.9959806183276161,1.069745336099,20.198578445504772,0,0
637,-0.9959775617636069,1.070623295613,20.198578445504772,0,0
638,-0.9959775617636069,1.071557391571,20.198578445504772,0,0
639,-0.9959775617636069,1.072715330413,20.198578445504772,0,0
640,-0.9959775617636069,1.073873332821,20.198578445504772,0,0
641,-0.9959775617636069,1.069751241935,20.198578445504772,0,0
642,-0.9959775617636069,1.070615683695,20.198578445504772,0,0
643,-0.9959775617636069,1.071581873486,20.198578445504772,0,0
644,-0.9959775617636069,1.072588918271,20.198578445504772,0,0
645,-0.9959775617636069,1.073596027642,20.198578445504772,0,0
646,-0.9959775617636069,1.074603194672,20.198578445504772,0,0
647,-0.9959775617636069,1.070678025158,20.198578445504772,0,0
648,-0.9959775617636069,1.071457675642,20.198578445504772,0,0
649,-0.9959775617636069,1.072400838943,20.198578445504772,0,0
650,-0.9959775617636069,1.073403785227,20.198578445504772,0,0
651,-0.9959775617636069,1.074173185025,20.198578445504772,0,0
652,-0.9959775617636069,1.070437180523,20.198578445504772,0,0
653,-0.9959775617636069,1.070984563276,20.198578445504772,0,0
654,-0.9959775617636069,1.071531981319,20.198578445504772,0,0
655,-0.9959001288087015,1.072250593419,20.198578445504772,0,0
656,-0.9959001288087015,1.073030294887,20.198578445504772,0,0
657,-0.9959001288087015,1.073999699532,20.198578445504772,0,0
658,-0.9959001288087015,1.070706919774,20.198578445504772,0,0
659,-0.9959001288087015,1.071419613945,20.198578445504772,0,0
660,-0.9959001288087015,1.072132340628,20.198578445504772,0,0
661,-0.9959001288087015,1.072845104081,20.198578445504772,0,0
662,-0.9958802611426403,1.069670876617,20.198578445504772,0,0
663,-0.9958802611426403,1.070333240476,20.198578445504772,0,0
664,-0.9958802611426403,1.071087166841,20.198578445504772,0,0
665,-0.9957885642223578,1.072042345316,20.198578445504772,0,0
666,-0.9957885642223578,1.069290298494,20.198578445504772,0,0
667,-0.9957885642223578,1.069861605178,20.198578445504772,0,0
668,-0.9957885642223578,1.070691133408,20.198578445504772,0,0
669,-0.9957885642223578,1.068258755655,20.198578445504772,0,0
670,-0.9957885642223578,1.06874083768,20.198578445504772,0,0
671,-0.9957885642223578,1.069222942732,20.198578445504772,0,0
672,-0.9957885642223578,1.069705088625,20.198578445504772,0,0
673,-0.9957885642223578,1.067092840226,20.198578445504772,0,0
674,-0.9957885642223578,1.067417853179,20.198578445504772,0,0
675,-0.9957885642223578,1.067898768654,20.198578445504772,0,0
676,-0.9957885642223578,1.068352358168,20.198578445504772,0,0
677,-0.9957885642223578,1.066169533776,20.198578445504772,0,0
678,-0.9957885642223578,1.066320391385,20.198578445504772,0,0
679,-0.9957875453676879,1.066471696719,20.198578445504772,0,0
680,-0.9957875453676879,1.06665722415,20.198578445504772,0,0
681,-0.9957875453676879,1.067066056045,20.198578445504772,0,0
682,-0.9957875453676879,1.065221594379,20.198578445504772,0,0
683,-0.9957875453676879,1.065341630866,20.198578445504772,0,0
684,-0.9957141878314619,1.065492337669,20.198578445504772,0,0
685,-0.9957141878314619,1.065643052685,20.198578445504772,0,0
686,-0.9957141878314619,1.065916826268,20.198578445504772,0,0
687,-0.9957141878314619,1.064580105364,20.198578445504772,0,0
688,-0.9957141878314619,1.064730620384,20.198578445504772,0,0
689,-0.9957141878314619,1.064881142374,20.198578445504772,0,0
690,-0.9957141878314619,1.065031674593,20.198578445504772,0,0
691,-0.9957141878314619,1.065304412426,20.198578445504772,0,0
692,-0.9957141878314619,1.064407711704,20.198578445504772,0,0
693,-0.9957141878314619,1.06455810141,20.198578445504772,0,0
694,-0.9957141878314619,1.064708503749,20.198578445504772,0,0
695,-0.9957141878314619,1.064858914369,20.198578445504772,0,0
696,-0.9957141878314619,1.065130447966,20.198578445504772,0,0
697,-0.9957141878314619,1.064315772727,20.198578445504772,0,0
698,-0.9957141878314619,1.064432359509,20.198578445504772,0,0
699,-0.9957141878314619,1.064582463228,20.198578445504772,0,0
700,-0.9957141878314619,1.064697704403,20.198578445504772,0,0
701,-0.9957141878314619,1.064811629745,20.198578445504772,0,0
702,-0.9956520376966038,1.064279820087,20.198578445504772,0,0
703,-0.9956520376966038,1.064159274711,20.198578445504772,0,0
704,-0.9956520376966038,1.064173791803,20.198578445504772,0,0
705,-0.9956520376966038,1.064314508833,20.198578445504772,0,0
706,-0.9956520376966038,1.064455232378,20.198578445504772,0,0
707,-0.9956520376966038,1.064196460824,20.198578445504772,0,0
708,-0.9956520376966038,1.064055744307,20.198578445504772,0,0
709,-0.9956520376966038,1.063915017015,20.198578445504772,0,0
710,-0.9956077175184672,1.06379286505,20.198578445504772,0,0
711,-0.9956077175184672,1.06391898862,20.198578445504772,0,0
712,-0.9956077175184672,1.063759088301,20.198578445504772,0,0
713,-0.9956077175184672,1.063599173794,20.198578445504772,0,0
714,-0.9955542276483025,1.063988021403,20.198578445504772,0,0
715,-0.9955526993662978,1.063436699427,20.198578445504772,0,0
716,-0.9955526993662978,1.062907131846,20.198578445504772,0,0
717,-0.9955526993662978,1.062539538511,20.198578445504772,0,0
718,-0.9955526993662978,1.063104661625,20.198578445504772,0,0
719,-0.9955526993662978,1.062653449193,20.198578445504772,0,0
720,-0.9955465862382789,1.062194285626,20.198578445504772,0,0
721,-0.9955338505549063,1.06171858745,20.198578445504772,0,0
722,-0.9955099074701659,1.061292561662,20.198578445504772,0,0
723,-0.9955099074701659,1.062088928101,20.198578445504772,0,0
724,-0.9955099074701659,1.061412289314,20.198578445504772,0,0
725,-0.9955099074701659,1.060746639709,20.198578445504772,0,0
726,-0.9955099074701659,1.060264994336,20.198578445504772,0,0
727,-0.9955099074701659,1.061533488932,20.198578445504772,0,0
728,-0.9955099074701659,1.060890134631,20.198578445504772,0,0
729,-0.9955083791881612,1.060403668096,20.198578445504772,0,0
730,-0.9955083791881612,1.059917156498,20.198578445504772,0,0
731,-0.9955083791881612,1.05943062339,20.198578445504772,0,0
732,-0.9955083791881612,1.058944036055,20.198578445504772,0,0
733,-0.9955083791881612,1.058457431375,20.198578445504772,0,0
734,-0.9954385876432794,1.059898341649,20.198578445504772,0,0
735,-0.9954385876432794,1.059289505128,20.198578445504772,0,0
736,-0.9954385876432794,1.058680605829,20.198578445504772,0,0
737,-0.9954385876432794,1.058071690298,20.198578445504772,0,0
738,-0.9954385876432794,1.057462717186,20.198578445504772,0,0
739,-0.9954385876432794,1.059221317493,20.198578445504772,0,0
740,-0.9954385876432794,1.058402916321,20.198578445504772,0,0
741,-0.9954385876432794,1.05763980504,20.198578445504772,0,0
742,-0.9954385876432794,1.056983932069,20.198578445504772,0,0
743,-0.9954380782159447,1.056374259933,20.198578445504772,0,0
744,-0.9954380782159447,1.055846215077,20.198578445504772,0,0
745,-0.9954380782159447,1.058123096426,20.198578445504772,0,0
746,-0.9954380782159447,1.057358756172,20.198578445504772,0,0
747,-0.9954380782159447,1.05659439441,20.198578445504772,0,0
748,-0.9954380782159447,1.055990651615,20.198578445504772,0,0
749,-0.9954380782159447,1.055406463514,20.198578445504772,0,0
750,-0.9954380782159447,1.054923402294,20.198578445504772,0,0
751,-0.9954380782159447,1.05444032364,20.198578445504772,0,0
752,-0.9953667583890582,1.05698584784,20.198578445504772,0,0
753,-0.9953667583890582,1.056138624046,20.198578445504772,0,0
754,-0.9953667583890582,1.055376662625,20.198578445504772,0,0
755,-0.9953372116036339,1.054612454276,20.198578445504772,0,0
756,-0.9953372116036339,1.053951078816,20.198578445504772,0,0
757,-0.9953372116036339,1.053289686444,20.198578445504772,0,0
758,-0.9953372116036339,1.056131750674,20.198578445504772,0,0
759,-0.9953086836728793,1.055104882576,20.198578445504772,0,0
760,-0.9953086836728793,1.054389193321,20.198578445504772,0,0
761,-0.9953086836728793,1.053675238051,20.198578445504772,0,0
762,-0.9952327789999786,1.052827846204,20.198578445504772,0,0
763,-0.9952327789999786,1.055754532369,20.198578445504772,0,0
764,-0.9952327789999786,1.054496533664,20.198578445504772,0,0
765,-0.9952327789999786,1.053433114962,20.198578445504772,0,0
766,-0.9952327789999786,1.052507144308,20.198578445504772,0,0
767,-0.9952327789999786,1.051589407292,20.198578445504772,0,0
768,-0.9952327789999786,1.054836074108,20.198578445504772,0,0
769,-0.9952327789999786,1.053720170031,20.198578445504772,0,0
770,-0.9952327789999786,1.052670885958,20.198578445504772,0,0
771,-0.9952327789999786,1.051740854234,20.198578445504772,0,0
772,-0.9952327789999786,1.054962580023,20.198578445504772,0,0
773,-0.9952327789999786,1.053841354141,20.198578445504772,0,0
774,-0.9952327789999786,1.052838760368,20.198578445504772,0,0
775,-0.9952327789999786,1.05183613708,20.198578445504772,0,0
776,-0.9952327789999786,1.050833439658,20.198578445504772,0,0
777,-0.9952327789999786,1.049958354528,20.198578445504772,0,0
778,-0.9952312507179741,1.05327638892,20.198578445504772,0,0
779,-0.9952312507179741,1.052412729411,20.198578445504772,0,0
780,-0.9952312507179741,1.051548999439,20.198578445504772,0,0
781,-0.9951145918582813,1.050372456915,20.198578445504772,0,0
782,-0.9951145918582813,1.049195832548,20.198578445504772,0,0
783,-0.9951145918582813,1.051952731656,20.198578445504772,0,0
784,-0.9951145918582813,1.050786533838,20.198578445504772,0,0
785,-0.9951145918582813,1.049654726413,20.198578445504772,0,0
786,-0.9951145918582813,1.048587608483,20.198578445504772,0,0
787,-0.9951145918582813,1.051099170446,20.198578445504772,0,0
788,-0.9951145918582813,1.049847452903,20.198578445504772,0,0
789,-0.9951145918582813,1.048750986839,20.198578445504772,0,0
790,-0.9951145918582813,1.047677947924,20.198578445504772,0,0
791,-0.9951140824309463,1.05012903184,20.198578445504772,0,0
792,-0.9951140824309463,1.048868645112,20.198578445504772,0,0
793,-0.9951140824309463,1.047672876108,20.198578445504772,0,0
794,-0.9951140824309463,1.046596581227,20.198578445504772,0,0
795,-0.9951140824309463,1.045520235395,20.198578445504772,0,0
796,-0.9951140824309463,1.047589232803,20.198578445504772,0,0
797,-0.9951140824309463,1.046326408292,20.198578445504772,0,0
798,-0.9951140824309463,1.045349876873,20.198578445504772,0,0
799,-0.9951140824309463,1.044459200806,20.198578445504772,0,0
800,-0.9950025178446027,1.043262954328,20.198578445504772,0,0
801,-0.9950025178446027,1.045234373397,20.198578445504772,0,0
802,-0.9950025178446027,1.043830665187,20.198578445504772,0,0
803,-0.9950025178446027,1.04262084644,20.198578445504772,0,0
804,-0.9950025178446027,1.041417527672,20.198578445504772,0,0
805,-0.9950025178446027,1.043249713341,20.198578445504772,0,0
806,-0.9949755181958528,1.041750289066,20.198578445504772,0,0
807,-0.9949755181958528,1.040464826399,20.198578445504772,0,0
808,-0.9949755181958528,1.03918086712,20.198578445504772,0,0
809,-0.9949755181958528,1.040838304274,20.198578445504772,0,0
810,-0.9949755181958528,1.039447031361,20.198578445504772,0,0
811,-0.9949469902650983,1.038075731813,20.198578445504772,0,0
812,-0.9949255943170323,1.036644706272,20.198578445504772,0,0
813,-0.9949255943170323,1.037910709051,20.198578445504772,0,0
814,-0.9949255943170323,1.036470909514,20.198578445504772,0,0
815,-0.9949255943170323,1.035105853845,20.198578445504772,0,0
816,-0.9949255943170323,1.034073132376,20.198578445504772,0,0
817,-0.9949255943170323,1.035392496549,20.198578445504772,0,0
818,-0.9949255943170323,1.034145536779,20.198578445504772,0,0
819,-0.9949255943170323,1.033089131656,20.198578445504772,0,0
820,-0.9949255943170323,1.032119598068,20.198578445504772,0,0
821,-0.9949255943170323,1.033264105816,20.198578445504772,0,0
822,-0.9949255943170323,1.032093383913,20.198578445504772,0,0
823,-0.9949255943170323,1.031087837159,20.198578445504772,0,0
824,-0.9949255943170323,1.030179865458,20.198578445504772,0,0
825,-0.9949255943170323,1.029271855748,20.198578445504772,0,0
826,-0.9949255943170323,1.0302873179,20.198578445504772,0,0
827,-0.9949255943170323,1.029408409155,20.198578445504772,0,0
828,-0.9949255943170323,1.028623250991,20.198578445504772,0,0
829,-0.9949255943170323,1.027890712092,20.198578445504772,0,0
830,-0.9949255943170323,1.027158131044,20.198578445504772,0,0
831,-0.9948522367808064,1.027806932782,20.198578445504772,0,0
832,-0.9948522367808064,1.026711609201,20.198578445504772,0,0
833,-0.9948522367808064,1.025752985539,20.198578445504772,0,0
834,-0.9948522367808064,1.024840094924,20.198578445504772,0,0
835,-0.9948522367808064,1.023927128614,20.198578445504772,0,0
836,-0.9948522367808064,1.024497886664,20.198578445504772,0,0
837,-0.9948522367808064,1.023579230417,20.198578445504772,0,0
838,-0.9948522367808064,1.022660534963,20.198578445504772,0,0
839,-0.9948522367808064,1.021741775084,20.198578445504772,0,0
840,-0.9948522367808064,1.022371780284,20.198578445504772,0,0
841,-0.9948522367808064,1.021447301902,20.198578445504772,0,0
842,-0.9948522367808064,1.020526510741,20.198578445504772,0,0
843,-0.9948522367808064,1.019630172502,20.198578445504772,0,0
844,-0.9948522367808064,1.018893450306,20.198578445504772,0,0
845,-0.9948313502600752,1.019449328647,20.198578445504772,0,0
846,-0.9948313502600752,1.018757316494,20.198578445504772,0,0
847,-0.9948313502600752,1.018172763604,20.198578445504772,0,0
848,-0.9948313502600752,1.017619079089,20.198578445504772,0,0
849,-0.9948313502600752,1.017065370226,20.198578445504772,0,0
850,-0.9947717472618915,1.016555581149,20.198578445504772,0,0
851,-0.9947717472618915,1.016942689158,20.198578445504772,0,0
852,-0.9947717472618915,1.016268560006,20.198578445504772,0,0
853,-0.9947717472618915,1.015594410466,20.198578445504772,0,0
854,-0.9947717472618915,1.014972227763,20.198578445504772,0,0
855,-0.9947717472618915,1.014467312675,20.198578445504772,0,0
856,-0.9947462758951464,1.014718427139,20.198578445504772,0,0
857,-0.9947462758951464,1.013990803135,20.198578445504772,0,0
858,-0.9947462758951464,1.013263128524,20.198578445504772,0,0
859,-0.9946932954523167,1.012586025303,20.198578445504772,0,0
860,-0.9946932954523167,1.011961765534,20.198578445504772,0,0
861,-0.9946932954523167,1.011877153928,20.198578445504772,0,0
862,-0.9946932954523167,1.011039740223,20.198578445504772,0,0
863,-0.9946932954523167,1.010370502195,20.198578445504772,0,0
864,-0.9946932954523167,1.00990916678,20.198578445504772,0,0
865,-0.9946932954523167,1.009447802056,20.198578445504772,0,0
866,-0.9946932954523167,1.009453882114,20.198578445504772,0,0
867,-0.9946932954523167,1.008920173201,20.198578445504772,0,0
868,-0.9946932954523167,1.008455992063,20.198578445504772,0,0
869,-0.9946932954523167,1.007991783921,20.198578445504772,0,0
870,-0.9946932954523167,1.007568154767,20.198578445504772,0,0
871,-0.9946932954523167,1.007269213551,20.198578445504772,0,0
872,-0.9946932954523167,1.006986762238,20.198578445504772,0,0
873,-0.9946932954523167,1.007148537431,20.198578445504772,0,0
874,-0.9946932954523167,1.006722341167,20.198578445504772,0,0
875,-0.9946932954523167,1.006429604415,20.198578445504772,0,0
876,-0.9946932954523167,1.006195786079,20.198578445504772,0,0
877,-0.9946932954523167,1.005961951969,20.198578445504772,0,0
878,-0.9946199379160905,1.005654417775,20.198578445504772,0,0
879,-0.9946189190614207,1.0053458362,20.198578445504772,0,0
880,-0.9946189190614207,1.00560388826,20.198578445504772,0,0
881,-0.9946189190614207,1.005147908291,20.198578445504772,0,0
882,-0.9946189190614207,1.004837504699,20.198578445504772,0,0
883,-0.9946189190614207,1.004527078856,20.198578445504772,0,0
884,-0.9946189190614207,1.004216638091,20.198578445504772,0,0
885,-0.9946189190614207,1.003906168971,20.198578445504772,0,0
886,-0.9946189190614207,1.004180521413,20.198578445504772,0,0
887,-0.9946189190614207,1.00371214882,20.198578445504772,0,0
888,-0.9946189190614207,1.003368649535,20.198578445504772,0,0
889,-0.9946189190614207,1.003056357967,20.198578445504772,0,0
890,-0.9945924288400059,1.002717139067,20.198578445504772,0,0
891,-0.9945924288400059,1.002377896506,20.198578445504772,0,0
892,-0.9945924288400059,1.002170733585,20.198578445504772,0,0
893,-0.9945924288400059,1.001829590509,20.198578445504772,0,0
894,-0.9945924288400059,1.001488429309,20.198578445504772,0,0
895,-0.9945924288400059,1.001222476221,20.198578445504772,0,0
896,-0.9945924288400059,1.000956503645,20.198578445504772,0,0
897,-0.9945149958851005,1.000612788039,20.198578445504772,0,0
898,-0.9945149958851005,1.00023539901,20.198578445504772,0,0
899,-0.9945149958851005,0.999888418763,20.198578445504772,0,0
900,-0.9945149958851005,0.999541413334,20.198578445504772,0,0
901,-0.9945149958851005,0.999071852831,20.198578445504772,0,0
902,-0.9945149958851005,0.998548561213,20.198578445504772,0,0
903,-0.9945149958851005,0.998173003879,20.198578445504772,0,0
904,-0.9944859585270112,0.997794121322,20.198578445504772,0,0
905,-0.9944859585270112,0.99741522545,20.198578445504772,0,0
906,-0.9944859585270112,0.996712085954,20.198578445504772,0,0
907,-0.9944859585270112,0.996297903653,20.198578445504772,0,0
908,-0.9944859585270112,0.995916968194,20.198578445504772,0,0
909,-0.9944859585270112,0.995497930585,20.198578445504772,0,0
910,-0.9944859585270112,0.995108968301,20.198578445504772,0,0
911,-0.9944859585270112,0.994747914166,20.198578445504772,0,0
912,-0.9944859585270112,0.994386836213,20.198578445504772,0,0
913,-0.9944859585270112,0.994198749074,20.198578445504772,0,0
914,-0.9944859585270112,0.993898560513,20.198578445504772,0,0
915,-0.9944859585270112,0.99359835292,20.198578445504772,0,0
916,-0.9944278838108322,0.99337404953,20.198578445504772,0,0
917,-0.9944278838108322,0.99324567198,20.198578445504772,0,0
918,-0.9944278838108322,0.992882793896,20.198578445504772,0,0
919,-0.9944258461014925,0.992517748932,20.198578445504772,0,0
920,-0.9944258461014925,0.992336839349,20.198578445504772,0,0
921,-0.9944258461014925,0.992167763856,20.198578445504772,0,0
922,-0.9944258461014925,0.991965921324,20.198578445504772,0,0
923,-0.9944258461014925,0.991705637358,20.198578445504772,0,0
924,-0.9944258461014925,0.991563872831,20.198578445504772,0,0
925,-0.9944258461014925,0.991422100029,20.198578445504772,0,0
926,-0.9944258461014925,0.991280312149,20.198578445504772,0,0
927,-0.9944258461014925,0.991188878852,20.198578445504772,0,0
928,-0.9944258461014925,0.990903952976,20.198578445504772,0,0
929,-0.9944258461014925,0.990702090821,20.198578445504772,0,0
930,-0.9944258461014925,0.990559607649,20.198578445504772,0,0
931,-0.9944258461014925,0.990417119163,20.198578445504772,0,0
932,-0.9944258461014925,0.990274618213,20.198578445504772,0,0
933,-0.9944258461014925,0.99011566811,20.198578445504772,0,0
934,-0.9943810164960212,0.989811035468,20.198578445504772,0,0
935,-0.9943540168472713,0.989629524928,20.198578445504772,0,0
936,-0.9943540168472713,0.989448000339,20.198578445504772,0,0
937,-0.9943540168472713,0.989422684647,20.198578445504772,0,0
938,-0.9943540168472713,0.989068714971,20.198578445504772,0,0
939,-0.9943540168472713,0.988886376363,20.198578445504772,0,0
940,-0.9943540168472713,0.988704024748,20.198578445504772,0,0
941,-0.9943540168472713,0.988521665878,20.198578445504772,0,0
942,-0.9943540168472713,0.988595929376,20.198578445504772,0,0
943,-0.9943540168472713,0.988452978665,20.198578445504772,0,0
944,-0.9943540168472713,0.988310017581,20.198578445504772,0,0
945,-0.9943540168472713,0.988167044711,20.198578445504772,0,0
946,-0.9943540168472713,0.988024062244,20.198578445504772,0,0
947,-0.9943540168472713,0.987932247785,20.198578445504772,0,0
948,-0.9943540168472713,0.988096521888,20.198578445504772,0,0
949,-0.9943351680358798,0.987942725189,20.198578445504772,0,0
950,-0.9943351680358798,0.987788920243,20.198578445504772,0,0
951,-0.9943351680358798,0.987635105962,20.198578445504772,0,0
952,-0.9943351680358798,0.987616678782,20.198578445504772,0,0
953,-0.994239905124253,0.987584415744,20.198578445504772,0,0
954,-0.994239905124253,0.987392678425,20.198578445504772,0,0
955,-0.9942368485602435,0.987248388551,20.198578445504772,0,0
956,-0.9942368485602435,0.987556959711,20.198578445504772,0,0
957,-0.9942368485602435,0.987362774118,20.198578445504772,0,0
958,-0.9942368485602435,0.987168581875,20.198578445504772,0,0
959,-0.9942368485602435,0.987119068738,20.198578445504772,0,0
960,-0.9942368485602435,0.987406048088,20.198578445504772,0,0
961,-0.9942368485602435,0.987253613993,20.198578445504772,0,0
962,-0.9942368485602435,0.987164044569,20.198578445504772,0,0
963,-0.9942368485602435,0.987164044569,20.198578445504772,0,0
964,-0.9942368485602435,0.987164044569,20.198578445504772,0,0
965,-0.9942368485602435,0.987438182001,20.198578445504772,0,0
966,-0.9942368485602435,0.987285127155,20.198578445504772,0,0
967,-0.9941395479392772,0.987213071971,20.198578445504772,0,0
968,-0.9941395479392772,0.987213071971,20.198578445504772,0,0
969,-0.9941395479392772,0.987213071971,20.198578445504772,0,0
970,-0.9941395479392772,0.987341149188,20.198578445504772,0,0
971,-0.9941395479392772,0.987299562629,20.198578445504772,0,0
972,-0.9941395479392772,0.987299562629,20.198578445504772,0,0
973,-0.9941395479392772,0.987299562629,20.198578445504772,0,0
974,-0.9941395479392772,0.987367866937,20.198578445504772,0,0
975,-0.9941395479392772,0.987340950585,20.198578445504772,0,0
976,-0.9941395479392772,0.987340950585,20.198578445504772,0,0
977,-0.9941395479392772,0.987340950585,20.198578445504772,0,0
978,-0.9941395479392772,0.987340950585,20.198578445504772,0,0
979,-0.9941395479392772,0.987641475812,20.198578445504772,0,0
980,-0.9941303782472488,0.987641475812,20.198578445504772,0,0
981,-0.9941303782472488,0.987641475812,20.198578445504772,0,0
982,-0.9941303782472488,0.987641475812,20.198578445504772,0,0
983,-0.9941303782472488,0.987641475812,20.198578445504772,0,0
984,-0.9941288499652443,0.987641475812,20.198578445504772,0,0
985,-0.9941288499652443,0.988177321108,20.198578445504772,0,0
986,-0.994061605557037,0.988104895398,20.198578445504772,0,0
987,-0.9940585489930276,0.988104895398,20.198578445504772,0,0
988,-0.9940585489930276,0.988104895398,20.198578445504772,0,0
989,-0.9940585489930276,0.988104895398,20.198578445504772,0,0
990,-0.9940585489930276,0.9889184672,20.198578445504772,0,0
991,-0.9940585489930276,0.9888082905,20.198578445504772,0,0
992,-0.9940585489930276,0.9888082905,20.198578445504772,0,0
993,-0.9940585489930276,0.9888082905,20.198578445504772,0,0
994,-0.9940585489930276,0.989715894014,20.198578445504772,0,0
995,-0.9940585489930276,0.989514251155,20.198578445504772,0,0
996,-0.9940585489930276,0.989514251155,20.198578445504772,0,0
997,-0.9940585489930276,0.989514251155,20.198578445504772,0,0
998,-0.9940585489930276,0.989514251155,20.198578445504772,0,0
999,-0.9940585489930276,0.990454792331,20.198578445504772,0,0
1000,-0.9940585489930276,0.990302350175,20.198578445504772,0,0
1001,-0.9940585489930276,0.990302350175,20.198578445504772,0,0
1002,-0.9940585489930276,0.990302350175,20.198578445504772,0,0
1003,-0.9940585489930276,0.990302350175,20.198578445504772,0,0
1004,-0.9940585489930276,0.991174821674,20.198578445504772,0,0
1005,-0.9939841726021317,0.991045962289,20.198578445504772,0,0
1006,-0.9939841726021317,0.991045962289,20.198578445504772,0,0
1007,-0.9939841726021317,0.991045962289,20.198578445504772,0,0
1008,-0.9939841726021317,0.991904186879,20.198578445504772,0,0
1009,-0.9939841726021317,0.991883113395,20.198578445504772,0,0
1010,-0.9939841726021317,0.991883113395,20.198578445504772,0,0
1011,-0.9939841726021317,0.991883113395,20.198578445504772,0,0
1012,-0.9939612483720612,0.992670181126,20.198578445504772,0,0
1013,-0.9939612483720612,0.992670181126,20.198578445504772,0,0
1014,-0.9939612483720612,0.992670181126,20.198578445504772,0,0
1015,-0.9939612483720612,0.992670181126,20.198578445504772,0,0
1016,-0.9939612483720612,0.993336131755,20.198578445504772,0,0
1017,-0.9939612483720612,0.993266061363,20.198578445504772,0,0
1018,-0.9939612483720612,0.993266061363,20.198578445504772,0,0
1019,-0.9939612483720612,0.993266061363,20.198578445504772,0,0
1020,-0.9939612483720612,0.993936047477,20.198578445504772,0,0
1021,-0.9939612483720612,0.993778706131,20.198578445504772,0,0
1022,-0.9939612483720612,0.993775948756,20.198578445504772,0,0
1023,-0.9939612483720612,0.993775948756,20.198578445504772,0,0
1024,-0.9938817777078164,0.993775948756,20.198578445504772,0,0
1025,-0.9938394952390193,0.994160117436,20.198578445504772,0,0
1026,-0.9938394952390193,0.994145469648,20.198578445504772,0,0
1027,-0.9938379669570148,0.994145469648,20.198578445504772,0,0
1028,-0.9938379669570148,0.994746656685,20.198578445504772,0,0
1029,-0.9938379669570148,0.994579881694,20.198578445504772,0,0
1030,-0.9938379669570148,0.994579881694,20.198578445504772,0,0
1031,-0.9938379669570148,0.994579881694,20.198578445504772,0,0
1032,-0.9938379669570148,0.995201927603,20.198578445504772,0,0
1033,-0.9938379669570148,0.995067706281,20.198578445504772,0,0
1034,-0.9938379669570148,0.995067706281,20.198578445504772,0,0
1035,-0.9938379669570148,0.995067706281,20.198578445504772,0,0
1036,-0.9938379669570148,0.995067706281,20.198578445504772,0,0
1037,-0.9938379669570148,0.995657797134,20.198578445504772,0,0
1038,-0.9938379669570148,0.995617803942,20.198578445504772,0,0
1039,-0.9938379669570148,0.995617803942,20.198578445504772,0,0
1040,-0.9938379669570148,0.995617803942,20.198578445504772,0,0
1041,-0.9938379669570148,0.996405759136,20.198578445504772,0,0
1042,-0.9937564585834302,0.996288124211,20.198578445504772,0,0
1043,-0.9937564585834302,0.996288124211,20.198578445504772,0,0
1044,-0.9937564585834302,0.996288124211,20.198578445504772,0,0
1045,-0.9937564585834302,0.997209530458,20.198578445504772,0,0
1046,-0.9937564585834302,0.997171973374,20.198578445504772,0,0
1047,-0.9937559491560952,0.997171973374,20.198578445504772,0,0
1048,-0.9937559491560952,0.997171973374,20.198578445504772,0,0
1049,-0.9937559491560952,0.998034899034,20.198578445504772,0,0
1050,-0.9937559491560952,0.99785776561,20.198578445504772,0,0
1051,-0.9937559491560952,0.99771723114,20.198578445504772,0,0
1052,-0.9937559491560952,0.99771723114,20.198578445504772,0,0
1053,-0.9937559491560952,0.998751070756,20.198578445504772,0,0
1054,-0.9937559491560952,0.998575311667,20.198578445504772,0,0
1055,-0.9937559491560952,0.998399537578,20.198578445504772,0,0
1056,-0.9937559491560952,0.998223751239,20.198578445504772,0,0
1057,-0.9937258929433361,0.999131139691,20.198578445504772,0,0
1058,-0.9937258929433361,0.998932650959,20.198578445504772,0,0
1059,-0.9937258929433361,0.998739030711,20.198578445504772,0,0
1060,-0.9937258929433361,0.998545398679,20.198578445504772,0,0
1061,-0.9936459128517563,0.999251718044,20.198578445504772,0,0
1062,-0.9936459128517563,0.999011162998,20.198578445504772,0,0
1063,-0.9936459128517563,0.998770592101,20.198578445504772,0,0
1064,-0.9936459128517563,0.99928453294,20.198578445504772,0,0
1065,-0.993578668443549,0.99900427893,20.198578445504772,0,0
1066,-0.993578668443549,0.999744301137,20.198578445504772,0,0
1067,-0.993578668443549,0.999239397477,20.198578445504772,0,0
1068,-0.993578668443549,0.998958576648,20.198578445504772,0,0
1069,-0.9935766307342095,0.999861828332,20.198578445504772,0,0
1070,-0.993562876196167,0.999367994039,20.198578445504772,0,0
1071,-0.9935537065041389,0.999097691426,20.198578445504772,0,0
1072,-0.9935537065041389,0.998845371363,20.198578445504772,0,0
1073,-0.9935537065041389,0.999680672133,20.198578445504772,0,0
1074,-0.9935537065041389,0.999299149259,20.198578445504772,0,0
1075,-0.9935537065041389,0.999046323493,20.198578445504772,0,0
1076,-0.9935537065041389,0.999946228402,20.198578445504772,0,0
1077,-0.9935537065041389,0.999534713664,20.198578445504772,0,0
1078,-0.9935537065041389,0.99929490827,20.198578445504772,0,0
1079,-0.9935537065041389,1.000016715639,20.198578445504772,0,0
1080,-0.9935399519660966,0.999605841215,20.198578445504772,0,0
1081,-0.9935399519660966,0.999357490264,20.198578445504772,0,0
1082,-0.9935399519660966,0.999109126569,20.198578445504772,0,0
1083,-0.9935399519660966,0.99960111933,20.198578445504772,0,0
1084,-0.9934620095838562,0.999306387312,20.198578445504772,0,0
1085,-0.9934620095838562,0.999011643181,20.198578445504772,0,0
1086,-0.9934620095838562,0.999516285119,20.198578445504772,0,0
1087,-0.9934620095838562,0.999140122542,20.198578445504772,0,0
1088,-0.9934620095838562,0.998891921667,20.198578445504772,0,0
1089,-0.9934620095838562,0.999538251439,20.198578445504772,0,0
1090,-0.9934620095838562,0.999091152451,20.198578445504772,0,0
1091,-0.9934620095838562,0.998748696331,20.198578445504772,0,0
1092,-0.9934620095838562,0.99852602041,20.198578445504772,0,0
1093,-0.9934620095838562,0.99906452396,20.198578445504772,0,0
1094,-0.9934620095838562,0.99872302561,20.198578445504772,0,0
1095,-0.9934620095838562,0.998499932824,20.198578445504772,0,0
1096,-0.9934620095838562,0.999299139887,20.198578445504772,0,0
1097,-0.9934620095838562,0.998936746268,20.198578445504772,0,0
1098,-0.9934620095838562,0.998713240878,20.198578445504772,0,0
1099,-0.9934620095838562,0.999751210874,20.198578445504772,0,0
1100,-0.9934620095838562,0.999367911244,20.198578445504772,0,0
1101,-0.9934620095838562,0.999144006939,20.198578445504772,0,0
1102,-0.9934151422690454,1.000177080972,20.198578445504772,0,0
1103,-0.9934151422690454,0.999690490125,20.198578445504772,0,0
1104,-0.9934151422690454,0.999438306806,20.198578445504772,0,0
1105,-0.9934151422690454,1.000122287074,20.198578445504772,0,0
1106,-0.9934151422690454,0.999714606476,20.198578445504772,0,0
1107,-0.9934151422690454,1.000464941951,20.198578445504772,0,0
1108,-0.9934151422690454,1.00005659337,20.198578445504772,0,0
1109,-0.9934003688763331,0.999630574962,20.198578445504772,0,0
1110,-0.9934003688763331,1.000215361393,20.198578445504772,0,0
1111,-0.9934003688763331,0.999789251098,20.198578445504772,0,0
1112,-0.9934003688763331,0.999575410939,20.198578445504772,0,0
1113,-0.9934003688763331,0.999362324936,20.198578445504772,0,0
1114,-0.9934003688763331,1.000174196776,20.198578445504772,0,0
1115,-0.993374388082253,0.999945209807,20.198578445504772,0,0
1116,-0.993374388082253,0.999716215433,20.198578445504772,0,0
1117,-0.993374388082253,1.000254320741,20.198578445504772,0,0
1118,-0.993374388082253,1.000024964352,20.198578445504772,0,0
1119,-0.993374388082253,0.999795589043,20.198578445504772,0,0
1120,-0.993374388082253,1.000391750082,20.198578445504772,0,0
1121,-0.9933127473747299,1.000044274956,20.198578445504772,0,0
1122,-0.9933127473747299,0.999795650141,20.198578445504772,0,0
1123,-0.9933127473747299,0.999547007045,20.198578445504772,0,0
1124,-0.9933112190927251,0.999980611313,20.198578445504772,0,0
1125,-0.9933112190927251,0.999778949022,20.198578445504772,0,0
1126,-0.9933112190927251,0.99957727957,20.198578445504772,0,0
1127,-0.9933112190927251,1.000151665501,20.198578445504772,0,0
1128,-0.9933112190927251,0.999872673632,20.198578445504772,0,0
1129,-0.9933112190927251,0.999711334916,20.198578445504772,0,0
1130,-0.9933112190927251,0.999549983273,20.198578445504772,0,0
1131,-0.9933112190927251,0.999388622653,20.198578445504772,0,0
1132,-0.9933112190927251,1.000001866234,20.198578445504772,0,0
1133,-0.9933112190927251,0.999841495701,20.198578445504772,0,0
1134,-0.9933112190927251,0.999689436112,20.198578445504772,0,0
1135,-0.9933112190927251,0.999542918901,20.198578445504772,0,0
1136,-0.9933112190927251,0.999519350407,20.198578445504772,0,0
1137,-0.9933112190927251,0.999951315939,20.198578445504772,0,0
1138,-0.9933112190927251,0.999804572678,20.198578445504772,0,0
1139,-0.9933112190927251,0.999657824084,20.198578445504772,0,0
1140,-0.9932516160945415,0.999598082819,20.198578445504772,0,0
1141,-0.9932516160945415,0.999799193405,20.198578445504772,0,0
1142,-0.9932516160945415,0.99961619584,20.198578445504772,0,0
1143,-0.9932516160945415,0.999433192379,20.198578445504772,0,0
1144,-0.9932516160945415,0.999258521928,20.198578445504772,0,0
1145,-0.9932516160945415,0.999331409863,20.198578445504772,0,0
1146,-0.9932516160945415,0.999156498601,20.198578445504772,0,0
1147,-0.9932516160945415,0.998981578535,20.198578445504772,0,0
1148,-0.9932516160945415,0.998872312693,20.198578445504772,0,0
1149,-0.9932516160945415,0.999159316628,20.198578445504772,0,0
1150,-0.9932516160945415,0.999031563394,20.198578445504772,0,0
1151,-0.9932516160945415,0.998903801611,20.198578445504772,0,0
1152,-0.9932516160945415,0.998776028398,20.198578445504772,0,0
1153,-0.9932516160945415,0.998669296221,20.198578445504772,0,0
1154,-0.9932215598817822,0.998669296221,20.198578445504772,0,0
1155,-0.9932215598817822,0.998604830505,20.198578445504772,0,0
1156,-0.9932215598817822,0.998458631309,20.198578445504772,0,0
1157,-0.9932215598817822,0.998312424996,20.198578445504772,0,0
1158,-0.9932215598817822,0.998265811658,20.198578445504772,0,0
1159,-0.9931589003195891,0.998265811658,20.198578445504772,0,0
1160,-0.9931344478075137,0.997966535792,20.198578445504772,0,0
1161,-0.9931344478075137,0.997882003807,20.198578445504772,0,0
1162,-0.9931074481587638,0.997882003807,20.198578445504772,0,0
1163,-0.9931074481587638,0.997882003807,20.198578445504772,0,0
1164,-0.9931074481587638,0.997452298454,20.198578445504772,0,0
1165,-0.9931074481587638,0.997452298454,20.198578445504772,0,0
1166,-0.9931074481587638,0.997452298454,20.198578445504772,0,0
1167,-0.9931074481587638,0.997452298454,20.198578445504772,0,0
1168,-0.9931074481587638,0.99686763338,20.198578445504772,0,0
1169,-0.9931074481587638,0.99686763338,20.198578445504772,0,0
1170,-0.9931074481587638,0.99686763338,20.198578445504772,0,0
1171,-0.9931074481587638,0.99686763338,20.198578445504772,0,0
1172,-0.9931074481587638,0.99686763338,20.198578445504772,0,0
1173,-0.9931074481587638,0.996351060698,20.198578445504772,0,0
1174,-0.9931074481587638,0.996351060698,20.198578445504772,0,0
1175,-0.9931074481587638,0.996351060698,20.198578445504772,0,0
1176,-0.9931074481587638,0.996351060698,20.198578445504772,0,0
1177,-0.9931074481587638,0.996351060698,20.198578445504772,0,0
1178,-0.9931074481587638,0.996351060698,20.198578445504772,0,0
1179,-0.9931074481587638,0.995854007419,20.198578445504772,0,0
1180,-0.9931074481587638,0.995854007419,20.198578445504772,0,0
1181,-0.9930340906225379,0.995854007419,20.198578445504772,0,0
1182,-0.9930340906225379,0.995854007419,20.198578445504772,0,0
1183,-0.9930340906225379,0.995854007419,20.198578445504772,0,0
1184,-0.9930340906225379,0.99545972747,20.198578445504772,0,0
1185,-0.9930340906225379,0.99545972747,20.198578445504772,0,0
1186,-0.9930340906225379,0.99545972747,20.198578445504772,0,0
1187,-0.9930340906225379,0.99545972747,20.198578445504772,0,0
1188,-0.9930340906225379,0.995121103117,20.198578445504772,0,0
1189,-0.9930340906225379,0.995121103117,20.198578445504772,0,0
1190,-0.9930340906225379,0.995121103117,20.198578445504772,0,0
1191,-0.9930340906225379,0.995121103117,20.198578445504772,0,0
1192,-0.9930340906225379,0.995121103117,20.198578445504772,0,0
1193,-0.9930340906225379,0.994769369342,20.198578445504772,0,0
1194,-0.9930340906225379,0.994769369342,20.198578445504772,0,0
1195,-0.9930340906225379,0.994769369342,20.198578445504772,0,0
1196,-0.9930340906225379,0.994769369342,20.198578445504772,0,0
1197,-0.9930340906225379,0.994769369342,20.198578445504772,0,0
1198,-0.9930340906225379,0.994423261899,20.198578445504772,0,0
1199,-0.9930340906225379,0.994423261899,20.198578445504772,0,0
1200,-0.9929637896503214,0.994423261899,20.198578445504772,0,0
1201,-0.9929637896503214,0.994423261899,20.198578445504772,0,0
1202,-0.9929637896503214,0.993974610239,20.198578445504772,0,0
1203,-0.9929637896503214,0.993974610239,20.198578445504772,0,0
1204,-0.9929637896503214,0.993974610239,20.198578445504772,0,0
1205,-0.9929199788995198,0.993974610239,20.198578445504772,0,0
1206,-0.9929199788995198,0.993483918977,20.198578445504772,0,0
1207,-0.9928970546694491,0.993483918977,20.198578445504772,0,0
1208,-0.9928970546694491,0.993483918977,20.198578445504772,0,0
1209,-0.9928970546694491,0.993483918977,20.198578445504772,0,0
1210,-0.9928970546694491,0.993142370121,20.198578445504772,0,0
1211,-0.9928970546694491,0.993142370121,20.198578445504772,0,0
1212,-0.9928970546694491,0.993142370121,20.198578445504772,0,0
1213,-0.9928970546694491,0.992942754463,20.198578445504772,0,0
1214,-0.9928970546694491,0.992942754463,20.198578445504772,0,0
1215,-0.9928970546694491,0.992942754463,20.198578445504772,0,0
1216,-0.9928970546694491,0.992942754463,20.198578445504772,0,0
1217,-0.9928970546694491,0.992735433472,20.198578445504772,0,0
1218,-0.9928333762525863,0.992735433472,20.198578445504772,0,0
1219,-0.9928333762525863,0.992735433472,20.198578445504772,0,0
1220,-0.9928333762525863,0.992520216825,20.198578445504772,0,0
1221,-0.9928333762525863,0.992520216825,20.198578445504772,0,0
1222,-0.9928298102612418,0.992520216825,20.198578445504772,0,0
1223,-0.9928298102612418,0.992520216825,20.198578445504772,0,0
1224,-0.9928298102612418,0.992352580837,20.198578445504772,0,0
1225,-0.9928298102612418,0.992352580837,20.198578445504772,0,0
1226,-0.9928298102612418,0.992352580837,20.198578445504772,0,0
1227,-0.9928298102612418,0.992352580837,20.198578445504772,0,0
1228,-0.9928298102612418,0.992352580837,20.198578445504772,0,0
1229,-0.9928298102612418,0.992220423508,20.198578445504772,0,0
1230,-0.9928298102612418,0.992220423508,20.198578445504772,0,0
1231,-0.9928298102612418,0.992220423508,20.198578445504772,0,0
1232,-0.9928298102612418,0.992220423508,20.198578445504772,0,0
1233,-0.9928298102612418,0.992220423508,20.198578445504772,0,0
1234,-0.9928298102612418,0.99210636869,20.198578445504772,0,0
1235,-0.9928298102612418,0.99210636869,20.198578445504772,0,0
1236,-0.9928298102612418,0.99210636869,20.198578445504772,0,0
1237,-0.9927793769550866,0.99210636869,20.198578445504772,0,0
1238,-0.9927793769550866,0.99210636869,20.198578445504772,0,0
1239,-0.9927793769550866,0.992007557389,20.198578445504772,0,0
1240,-0.9927793769550866,0.992007557389,20.198578445504772,0,0
1241,-0.9927793769550866,0.992007557389,20.198578445504772,0,0
1242,-0.9927793769550866,0.992007557389,20.198578445504772,0,0
1243,-0.9927773392457468,0.992007557389,20.198578445504772,0,0
1244,-0.9927773392457468,0.991988559937,20.198578445504772,0,0
1245,-0.9927773392457468,0.991988559937,20.198578445504772,0,0
1246,-0.9927773392457468,0.991988559937,20.198578445504772,0,0
1247,-0.9927773392457468,0.991988559937,20.198578445504772,0,0
1248,-0.9927773392457468,0.991988559937,20.198578445504772,0,0
1249,-0.9927773392457468,0.992037655851,20.198578445504772,0,0
1250,-0.9927513584516667,0.992037655851,20.198578445504772,0,0
1251,-0.9927513584516667,0.992037655851,20.198578445504772,0,0
1252,-0.9927207928115727,0.992037655851,20.198578445504772,0,0
1253,-0.9927207928115727,0.991885182163,20.198578445504772,0,0
1254,-0.9927207928115727,0.991885182163,20.198578445504772,0,0
1255,-0.9927207928115727,0.991885182163,20.198578445504772,0,0
1256,-0.9926484541300165,0.991885182163,20.198578445504772,0,0
1257,-0.9926484541300165,0.992108228855,20.198578445504772,0,0
1258,-0.9926484541300165,0.992108228855,20.198578445504772,0,0
1259,-0.9926484541300165,0.992108228855,20.198578445504772,0,0
1260,-0.9926484541300165,0.992406969632,20.198578445504772,0,0
1261,-0.9926484541300165,0.992406969632,20.198578445504772,0,0
1262,-0.9926484541300165,0.992406969632,20.198578445504772,0,0
1263,-0.9926484541300165,0.992406969632,20.198578445504772,0,0
1264,-0.9926484541300165,0.992751410193,20.198578445504772,0,0
1265,-0.9926484541300165,0.992751410193,20.198578445504772,0,0
1266,-0.9926484541300165,0.992751410193,20.198578445504772,0,0
1267,-0.9926484541300165,0.992751410193,20.198578445504772,0,0
1268,-0.9926484541300165,0.99320388575,20.198578445504772,0,0
1269,-0.9926484541300165,0.99320388575,20.198578445504772,0,0
1270,-0.9926484541300165,0.99320388575,20.198578445504772,0,0
1271,-0.9926484541300165,0.99320388575,20.198578445504772,0,0
1272,-0.9926484541300165,0.99320388575,20.198578445504772,0,0
1273,-0.9926484541300165,0.993656346741,20.198578445504772,0,0
1274,-0.9926484541300165,0.993656346741,20.198578445504772,0,0
1275,-0.9925725494571158,0.993656346741,20.198578445504772,0,0
1276,-0.9925725494571158,0.993656346741,20.198578445504772,0,0
1277,-0.9925725494571158,0.993656346741,20.198578445504772,0,0
1278,-0.9925725494571158,0.993960596236,20.198578445504772,0,0
1279,-0.9925725494571158,0.993960596236,20.198578445504772,0,0
1280,-0.9925725494571158,0.993960596236,20.198578445504772,0,0
1281,-0.9925725494571158,0.993960596236,20.198578445504772,0,0
1282,-0.9925725494571158,0.994178135484,20.198578445504772,0,0
1283,-0.9925725494571158,0.994178135484,20.198578445504772,0,0
1284,-0.9925725494571158,0.994178135484,20.198578445504772,0,0
1285,-0.9925674551837669,0.994178135484,20.198578445504772,0,0
1286,-0.9925674551837669,0.994178135484,20.198578445504772,0,0
1287,-0.9925674551837669,0.994178135484,20.198578445504772,0,0
1288,-0.9925674551837669,0.994463060704,20.198578445504772,0,0
1289,-0.9925674551837669,0.994463060704,20.198578445504772,0,0
1290,-0.9925674551837669,0.994463060704,20.198578445504772,0,0
1291,-0.9925674551837669,0.994463060704,20.198578445504772,0,0
1292,-0.9925674551837669,0.994463060704,20.198578445504772,0,0
1293,-0.9925063239035785,0.994879953441,20.198578445504772,0,0
1294,-0.9925063239035785,0.994879953441,20.198578445504772,0,0
1295,-0.9924772865454892,0.994879953441,20.198578445504772,0,0
1296,-0.9924772865454892,0.994879953441,20.198578445504772,0,0
1297,-0.9924528340334138,0.995103807989,20.198578445504772,0,0
1298,-0.9924528340334138,0.995103807989,20.198578445504772,0,0
1299,-0.9924528340334138,0.995103807989,20.198578445504772,0,0
1300,-0.9924528340334138,0.995191260586,20.198578445504772,0,0
1301,-0.9924528340334138,0.995191260586,20.198578445504772,0,0
1302,-0.9924528340334138,0.995191260586,20.198578445504772,0,0
1303,-0.9924528340334138,0.995191260586,20.198578445504772,0,0
1304,-0.9924528340334138,0.995159360322,20.198578445504772,0,0
1305,-0.9924528340334138,0.995159360322,20.198578445504772,0,0
1306,-0.9924528340334138,0.995159360322,20.198578445504772,0,0
1307,-0.9924528340334138,0.995159360322,20.198578445504772,0,0
1308,-0.9923820236338623,0.995305792099,20.198578445504772,0,0
1309,-0.9923820236338623,0.995305792099,20.198578445504772,0,0
1310,-0.9923820236338623,0.995305792099,20.198578445504772,0,0
1311,-0.9923820236338623,0.995732811024,20.198578445504772,0,0
1312,-0.9923820236338623,0.995735357418,20.198578445504772,0,0
1313,-0.9923804953518576,0.996374059678,20.198578445504772,0,0
1314,-0.9923804953518576,0.996374059678,20.198578445504772,0,0
1315,-0.9923804953518576,0.996374059678,20.198578445504772,0,0
1316,-0.9923804953518576,0.99666861204,20.198578445504772,0,0
1317,-0.9923804953518576,0.99666861204,20.198578445504772,0,0
1318,-0.9923804953518576,0.99666861204,20.198578445504772,0,0
1319,-0.9923804953518576,0.996626634955,20.198578445504772,0,0
1320,-0.9923804953518576,0.996626634955,20.198578445504772,0,0
1321,-0.9923804953518576,0.996626634955,20.198578445504772,0,0
1322,-0.9923804953518576,0.996626634955,20.198578445504772,0,0
1323,-0.9923804953518576,0.996685713767,20.198578445504772,0,0
1324,-0.9923804953518576,0.99682746353,20.198578445504772,0,0
1325,-0.9923804953518576,0.99682746353,20.198578445504772,0,0
1326,-0.9923224206356787,0.99682746353,20.198578445504772,0,0
1327,-0.992320382926339,0.996991503914,20.198578445504772,0,0
1328,-0.992320382926339,0.997099856488,20.198578445504772,0,0
1329,-0.992320382926339,0.997099856488,20.198578445504772,0,0
1330,-0.992320382926339,0.997211935045,20.198578445504772,0,0
1331,-0.992320382926339,0.997412200566,20.198578445504772,0,0
1332,-0.992320382926339,0.997432058124,20.198578445504772,0,0
1333,-0.992320382926339,0.997432058124,20.198578445504772,0,0
1334,-0.992320382926339,0.997586027181,20.198578445504772,0,0
1335,-0.992320382926339,0.997786150623,20.198578445504772,0,0
1336,-0.992320382926339,0.997684390229,20.198578445504772,0,0
1337,-0.992320382926339,0.997684390229,20.198578445504772,0,0
1338,-0.992320382926339,0.997757236603,20.198578445504772,0,0
1339,-0.992320382926339,0.997910890457,20.198578445504772,0,0
1340,-0.9922954209869288,0.997707103292,20.198578445504772,0,0
1341,-0.9922230823053726,0.997707103292,20.198578445504772,0,0
1342,-0.9922230823053726,0.997707103292,20.198578445504772,0,0
1343,-0.9922230823053726,0.997860518922,20.198578445504772,0,0
1344,-0.9922205351686981,0.997680347833,20.198578445504772,0,0
1345,-0.992210346622,0.997680347833,20.198578445504772,0,0
1346,-0.992209837194665,0.997780566419,20.198578445504772,0,0
1347,-0.992209837194665,0.997752599015,20.198578445504772,0,0
1348,-0.992209837194665,0.997972900018,20.198578445504772,0,0
1349,-0.992209837194665,0.998190116953,20.198578445504772,0,0
1350,-0.992209837194665,0.998002413728,20.198578445504772,0,0
1351,-0.992209837194665,0.998219425192,20.198578445504772,0,0
1352,-0.992209837194665,0.998062476046,20.198578445504772,0,0
1353,-0.992209837194665,0.998062476046,20.198578445504772,0,0
1354,-0.9922083089126603,0.99826096261,20.198578445504772,0,0
1355,-0.9922083089126603,0.99847871398,20.198578445504772,0,0
1356,-0.9922083089126603,0.998308175531,20.198578445504772,0,0
1357,-0.9922083089126603,0.998323570628,20.198578445504772,0,0
1358,-0.9922083089126603,0.998504043627,20.198578445504772,0,0
1359,-0.992126800539076,0.998550122575,20.198578445504772,0,0
1360,-0.9921252722570713,0.998550122575,20.198578445504772,0,0
1361,-0.9921252722570713,0.998570907138,20.198578445504772,0,0
1362,-0.9921252722570713,0.998768930383,20.198578445504772,0,0
1363,-0.9921252722570713,0.998704841678,20.198578445504772,0,0
1364,-0.9921252722570713,0.998704841678,20.198578445504772,0,0
1365,-0.9921252722570713,0.998773323889,20.198578445504772,0,0
1366,-0.9921252722570713,0.998971164818,20.198578445504772,0,0
1367,-0.9921252722570713,0.998741369154,20.198578445504772,0,0
1368,-0.9921252722570713,0.998741369154,20.198578445504772,0,0
1369,-0.9921252722570713,0.998847182659,20.198578445504772,0,0
1370,-0.9921252722570713,0.999044840666,20.198578445504772,0,0
1371,-0.9921252722570713,0.998745407611,20.198578445504772,0,0
1372,-0.9921252722570713,0.998745407611,20.198578445504772,0,0
1373,-0.9921252722570713,0.998745407611,20.198578445504772,0,0
1374,-0.9921252722570713,0.998745407611,20.198578445504772,0,0
1375,-0.9921252722570713,0.998848323916,20.198578445504772,0,0
1376,-0.9921252722570713,0.999003069891,20.198578445504772,0,0
1377,-0.9921252722570713,0.998672696368,20.198578445504772,0,0
1378,-0.9920483487295009,0.998672696368,20.198578445504772,0,0
1379,-0.9920483487295009,0.998672696368,20.198578445504772,0,0
1380,-0.9920483487295009,0.998823865424,20.198578445504772,0,0
1381,-0.9920483487295009,0.999023759134,20.198578445504772,0,0
1382,-0.9920483487295009,0.998725961509,20.198578445504772,0,0
1383,-0.9920483487295009,0.998725961509,20.198578445504772,0,0
1384,-0.9920483487295009,0.99883464364,20.198578445504772,0,0
1385,-0.9919968965686756,0.999065209483,20.198578445504772,0,0
1386,-0.9919968965686756,0.998799548279,20.198578445504772,0,0
1387,-0.9919968965686756,0.998821202367,20.198578445504772,0,0
1388,-0.9919968965686756,0.999051532855,20.198578445504772,0,0
1389,-0.9919968965686756,0.999057225661,20.198578445504772,0,0
1390,-0.9919968965686756,0.999057225661,20.198578445504772,0,0
1391,-0.9919953682866709,0.999230084582,20.198578445504772,0,0
1392,-0.9919953682866709,0.9994249976,20.198578445504772,0,0
1393,-0.9919948588593361,0.999492448708,20.198578445504772,0,0
1394,-0.9919948588593361,0.999492448708,20.198578445504772,0,0
1395,-0.9919948588593361,0.999619706883,20.198578445504772,0,0
1396,-0.9919948588593361,0.999814738974,20.198578445504772,0,0
1397,-0.9919051996483932,0.999825382578,20.198578445504772,0,0
1398,-0.9919051996483932,0.999863948478,20.198578445504772,0,0
1399,-0.9919051996483932,1.000112312092,20.198578445504772,0,0
1400,-0.9918975582383696,1.000069284657,20.198578445504772,0,0
1401,-0.9918975582383696,1.000081991648,20.198578445504772,0,0
1402,-0.9918975582383696,1.000334640927,20.198578445504772,0,0
1403,-0.9918975582383696,1.000335977024,20.198578445504772,0,0
1404,-0.9918975582383696,1.000555424294,20.198578445504772,0,0
1405,-0.9918975582383696,1.000749632191,20.198578445504772,0,0
1406,-0.9918975582383696,1.000943850585,20.198578445504772,0,0
1407,-0.9918975582383696,1.000543519439,20.198578445504772,0,0
1408,-0.9918975582383696,1.000626842261,20.198578445504772,0,0
1409,-0.9918975582383696,1.000813264265,20.198578445504772,0,0
1410,-0.9918975582383696,1.000999390465,20.198578445504772,0,0
1411,-0.9918975582383696,1.00118553511,20.198578445504772,0,0
1412,-0.9918975582383696,1.000594511317,20.198578445504772,0,0
1413,-0.9918975582383696,1.000755106261,20.198578445504772,0,0
1414,-0.9918975582383696,1.000941054588,20.198578445504772,0,0
1415,-0.9918216535654691,1.001172113798,20.198578445504772,0,0
1416,-0.9918216535654691,1.000810963605,20.198578445504772,0,0
1417,-0.9918216535654691,1.001020537671,20.198578445504772,0,0
1418,-0.9918216535654691,1.001250447492,20.198578445504772,0,0
1419,-0.9918216535654691,1.001480375703,20.198578445504772,0,0
1420,-0.9918216535654691,1.00118269194,20.198578445504772,0,0
1421,-0.9918216535654691,1.001347803181,20.198578445504772,0,0
1422,-0.9918216535654691,1.001577494633,20.198578445504772,0,0
1423,-0.9918216535654691,1.001577940941,20.198578445504772,0,0
1424,-0.9918216535654691,1.001577940941,20.198578445504772,0,0
1425,-0.9918216535654691,1.001577940941,20.198578445504772,0,0
1426,-0.9918216535654691,1.001735669388,20.198578445504772,0,0
1427,-0.9918216535654691,1.001915812866,20.198578445504772,0,0
1428,-0.9918216535654691,1.001864998413,20.198578445504772,0,0
1429,-0.9918216535654691,1.001864998413,20.198578445504772,0,0
1430,-0.9917778428146675,1.001864998413,20.198578445504772,0,0
1431,-0.9917778428146675,1.002032238942,20.198578445504772,0,0
1432,-0.9917778428146675,1.002029087152,20.198578445504772,0,0
1433,-0.9917778428146675,1.002029087152,20.198578445504772,0,0
1434,-0.9917080512697858,1.002029087152,20.198578445504772,0,0
1435,-0.9917080512697858,1.002120180773,20.198578445504772,0,0
1436,-0.9917080512697858,1.002019237694,20.198578445504772,0,0
1437,-0.9917080512697858,1.002019237694,20.198578445504772,0,0
1438,-0.9917080512697858,1.002164593607,20.198578445504772,0,0
1439,-0.9917080512697858,1.002136522652,20.198578445504772,0,0
1440,-0.9917024475691019,1.002163061366,20.198578445504772,0,0
1441,-0.9917024475691019,1.002412864973,20.198578445504772,0,0
1442,-0.9917024475691019,1.002617159317,20.198578445504772,0,0
1443,-0.9917024475691019,1.002296371382,20.198578445504772,0,0
1444,-0.9917024475691019,1.002466568959,20.198578445504772,0,0
1445,-0.9917024475691019,1.002670701722,20.198578445504772,0,0
1446,-0.9917024475691019,1.002874842938,20.198578445504772,0,0
1447,-0.9917024475691019,1.002617704322,20.198578445504772,0,0
1448,-0.9917024475691019,1.002617704322,20.198578445504772,0,0
1449,-0.9917024475691019,1.002753910585,20.198578445504772,0,0
1450,-0.9916046375208005,1.002985051857,20.198578445504772,0,0
1451,-0.9916046375208005,1.002906215925,20.198578445504772,0,0
1452,-0.9916046375208005,1.002906215925,20.198578445504772,0,0
1453,-0.9916046375208005,1.003117038694,20.198578445504772,0,0
1454,-0.9916046375208005,1.003342435932,20.198578445504772,0,0
1455,-0.9916031092387958,1.003342435932,20.198578445504772,0,0
1456,-0.9916020903841258,1.003415721759,20.198578445504772,0,0
1457,-0.9915929206920977,1.00390211698,20.198578445504772,0,0
1458,-0.9915827321453996,1.00390211698,20.198578445504772,0,0
1459,-0.9915827321453996,1.00390211698,20.198578445504772,0,0
1460,-0.9915822227180646,1.004043710662,20.198578445504772,0,0
1461,-0.9915822227180646,1.004480798417,20.198578445504772,0,0
1462,-0.9915822227180646,1.004480798417,20.198578445504772,0,0
1463,-0.9915822227180646,1.004480798417,20.198578445504772,0,0
1464,-0.9915822227180646,1.004482061556,20.198578445504772,0,0
1465,-0.9915822227180646,1.00466727335,20.198578445504772,0,0
1466,-0.9915822227180646,1.004981361193,20.198578445504772,0,0
1467,-0.9915822227180646,1.004981361193,20.198578445504772,0,0
1468,-0.9915165065918623,1.004981361193,20.198578445504772,0,0
1469,-0.9915139594551878,1.005162747496,20.198578445504772,0,0
1470,-0.9915139594551878,1.005452028532,20.198578445504772,0,0
1471,-0.9915139594551878,1.005452028532,20.198578445504772,0,0
1472,-0.9915139594551878,1.005513330347,20.198578445504772,0,0
1473,-0.9915139594551878,1.005903582371,20.198578445504772,0,0
1474,-0.9915139594551878,1.005903582371,20.198578445504772,0,0
1475,-0.9915007143444803,1.005903582371,20.198578445504772,0,0
1476,-0.9915007143444803,1.006065984086,20.198578445504772,0,0
1477,-0.9915007143444803,1.006256809098,20.198578445504772,0,0
1478,-0.9915007143444803,1.006256809098,20.198578445504772,0,0
1479,-0.9915007143444803,1.006258706018,20.198578445504772,0,0
1480,-0.9915007143444803,1.006446692182,20.198578445504772,0,0
1481,-0.9915007143444803,1.006346550153,20.198578445504772,0,0
1482,-0.9915007143444803,1.006346550153,20.198578445504772,0,0
1483,-0.9915007143444803,1.006346550153,20.198578445504772,0,0
1484,-0.9915007143444803,1.00652595779,20.198578445504772,0,0
1485,-0.9915007143444803,1.006713894293,20.198578445504772,0,0
1486,-0.9915007143444803,1.006797732725,20.198578445504772,0,0
1487,-0.9914222625349052,1.006797732725,20.198578445504772,0,0
1488,-0.9914222625349052,1.007024205193,20.198578445504772,0,0
1489,-0.9914222625349052,1.007257903776,20.198578445504772,0,0
1490,-0.991418696543561,1.007452309306,20.198578445504772,0,0
1491,-0.991418696543561,1.007588020902,20.198578445504772,0,0
1492,-0.991418696543561,1.007823745296,20.198578445504772,0,0
1493,-0.991418696543561,1.008195295826,20.198578445504772,0,0
1494,-0.9913896591854714,1.008195295826,20.198578445504772,0,0
1495,-0.9913896591854714,1.008365310663,20.198578445504772,0,0
1496,-0.9913896591854714,1.008592285764,20.198578445504772,0,0
1497,-0.9913896591854714,1.008754230037,20.198578445504772,0,0
1498,-0.9913896591854714,1.008754230037,20.198578445504772,0,0
1499,-0.9913896591854714,1.008924625555,20.198578445504772,0,0
1500,-0.9913896591854714,1.008973762623,20.198578445504772,0,0
1501,-0.9913896591854714,1.008973762623,20.198578445504772,0,0
1502,-0.9913896591854714,1.008973762623,20.198578445504772,0,0
1503,-0.9913896591854714,1.009135666635,20.198578445504772,0,0
1504,-0.9913896591854714,1.00900633806,20.198578445504772,0,0
1505,-0.9913896591854714,1.00900633806,20.198578445504772,0,0
1506,-0.9913264901959435,1.009172016391,20.198578445504772,0,0
1507,-0.9913264901959435,1.009268296796,20.198578445504772,0,0
1508,-0.9913264901959435,1.009137407117,20.198578445504772,0,0
1509,-0.9913208864952596,1.009360342125,20.198578445504772,0,0
1510,-0.9913208864952596,1.009583293336,20.198578445504772,0,0
1511,-0.9913208864952596,1.009465500343,20.198578445504772,0,0
1512,-0.9913208864952596,1.00947599766,20.198578445504772,0,0
1513,-0.9913208864952596,1.009698980629,20.198578445504772,0,0
1514,-0.9913208864952596,1.009953798121,20.198578445504772,0,0
1515,-0.9913208864952596,1.009788021332,20.198578445504772,0,0
1516,-0.9913208864952596,1.009667006048,20.198578445504772,0,0
1517,-0.9913208864952596,1.00983280804,20.198578445504772,0,0
1518,-0.9913208864952596,1.009998624754,20.198578445504772,0,0
1519,-0.9913208864952596,1.010375191219,20.198578445504772,0,0
1520,-0.9912989811198587,1.010198029605,20.198578445504772,0,0
1521,-0.9912989811198587,1.010079241349,20.198578445504772,0,0
1522,-0.9912989811198587,1.010168064069,20.198578445504772,0,0
1523,-0.9912989811198587,1.010333921377,20.198578445504772,0,0
1524,-0.9912989811198587,1.010781796199,20.198578445504772,0,0
1525,-0.9912307178569817,1.010576337314,20.198578445504772,0,0
1526,-0.9912307178569817,1.010550083157,20.198578445504772,0,0
1527,-0.9912307178569817,1.010612608293,20.198578445504772,0,0
1528,-0.9912307178569817,1.011115719879,20.198578445504772,0,0
1529,-0.9912307178569817,1.01095676133,20.198578445504772,0,0
1530,-0.9912307178569817,1.01095676133,20.198578445504772,0,0
1531,-0.9912307178569817,1.011136721462,20.198578445504772,0,0
1532,-0.9912307178569817,1.011582009827,20.198578445504772,0,0
1533,-0.9912307178569817,1.011457424982,20.198578445504772,0,0
1534,-0.9912307178569817,1.011548124848,20.198578445504772,0,0
1535,-0.9912307178569817,1.011713875488,20.198578445504772,0,0
1536,-0.9912307178569817,1.012188049899,20.198578445504772,0,0
1537,-0.9912307178569817,1.012022180327,20.198578445504772,0,0
1538,-0.9912307178569817,1.012021484029,20.198578445504772,0,0
1539,-0.9911976050802129,1.01275702824,20.198578445504772,0,0
1540,-0.9911976050802129,1.012631689894,20.198578445504772,0,0
1541,-0.9911976050802129,1.012631689894,20.198578445504772,0,0
1542,-0.9911976050802129,1.012631689894,20.198578445504772,0,0
1543,-0.9911415680733737,1.013160137507,20.198578445504772,0,0
1544,-0.9911415680733737,1.013036228787,20.198578445504772,0,0
1545,-0.9910911347672184,1.013036228787,20.198578445504772,0,0
1546,-0.9910911347672184,1.013603967352,20.198578445504772,0,0
1547,-0.9910911347672184,1.013288310237,20.198578445504772,0,0
1548,-0.9910911347672184,1.013288310237,20.198578445504772,0,0
1549,-0.9910911347672184,1.014005453193,20.198578445504772,0,0
1550,-0.9910911347672184,1.013524324504,20.198578445504772,0,0
1551,-0.9910911347672184,1.013492597001,20.198578445504772,0,0
1552,-0.9910911347672184,1.013492597001,20.198578445504772,0,0
1553,-0.9910911347672184,1.014248223996,20.198578445504772,0,0
1554,-0.9910911347672184,1.013863096659,20.198578445504772,0,0
1555,-0.9910911347672184,1.013677897039,20.198578445504772,0,0
1556,-0.9910911347672184,1.013677897039,20.198578445504772,0,0
1557,-0.9910911347672184,1.014793237774,20.198578445504772,0,0
1558,-0.9910911347672184,1.014441784141,20.198578445504772,0,0
1559,-0.9910911347672184,1.014090307088,20.198578445504772,0,0
1560,-0.9910911347672184,1.014056057713,20.198578445504772,0,0
1561,-0.9910890970578787,1.014056057713,20.198578445504772,0,0
1562,-0.9910890970578787,1.015369288966,20.198578445504772,0,0
1563,-0.9910890970578787,1.015014861437,20.198578445504772,0,0
1564,-0.9910045321202849,1.014622725034,20.198578445504772,0,0
1565,-0.9909810984628793,1.014621656408,20.198578445504772,0,0
1566,-0.9909810984628793,1.01593612059,20.198578445504772,0,0
1567,-0.9909810984628793,1.015453844484,20.198578445504772,0,0
1568,-0.9909810984628793,1.015140986218,20.198578445504772,0,0
1569,-0.9909810984628793,1.016584421147,20.198578445504772,0,0
1570,-0.9909810984628793,1.016176145748,20.198578445504772,0,0
1571,-0.9909810984628793,1.015767833209,20.198578445504772,0,0
1572,-0.9909810984628793,1.015524808372,20.198578445504772,0,0
1573,-0.9909810984628793,1.017130575289,20.198578445504772,0,0
1574,-0.9909810984628793,1.016728147905,20.198578445504772,0,0
1575,-0.9909810984628793,1.016325682613,20.198578445504772,0,0
1576,-0.9909810984628793,1.01600088274,20.198578445504772,0,0
1577,-0.9909810984628793,1.017574476468,20.198578445504772,0,0
1578,-0.9909810984628793,1.017171224913,20.198578445504772,0,0
1579,-0.9909810984628793,1.016767942158,20.198578445504772,0,0
1580,-0.9909810984628793,1.016364641583,20.198578445504772,0,0
1581,-0.9909810984628793,1.017717220184,20.198578445504772,0,0
1582,-0.9909810984628793,1.017313150877,20.198578445504772,0,0
1583,-0.9909102880633278,1.016825059285,20.198578445504772,0,0
1584,-0.9909102880633278,1.018166676031,20.198578445504772,0,0
1585,-0.9909102880633278,1.017501351708,20.198578445504772,0,0
1586,-0.9909102880633278,1.017038389523,20.198578445504772,0,0
1587,-0.9909102880633278,1.016575390062,20.198578445504772,0,0
1588,-0.9909102880633278,1.017844942234,20.198578445504772,0,0
1589,-0.9909102880633278,1.017304925903,20.198578445504772,0,0
1590,-0.990877175286559,1.01688309989,20.198578445504772,0,0
1591,-0.990877175286559,1.018515657612,20.198578445504772,0,0
1592,-0.9908736092952148,1.017875113076,20.198578445504772,0,0
1593,-0.9908736092952148,1.017274265415,20.198578445504772,0,0
1594,-0.9908736092952148,1.016847168917,20.198578445504772,0,0
1595,-0.9908736092952148,1.016420029411,20.198578445504772,0,0
1596,-0.9908736092952148,1.017887084925,20.198578445504772,0,0
1597,-0.9908736092952148,1.017266279136,20.198578445504772,0,0
1598,-0.9908736092952148,1.016838122825,20.198578445504772,0,0
1599,-0.9908736092952148,1.016409928025,20.198578445504772,0,0
1600,-0.9908736092952148,1.018075535891,20.198578445504772,0,0
1601,-0.9908736092952148,1.01743169335,20.198578445504772,0,0
1602,-0.9908140062970312,1.016776689988,20.198578445504772,0,0
1603,-0.9908140062970312,1.01631581602,20.198578445504772,0,0
1604,-0.9908140062970312,1.017864743606,20.198578445504772,0,0
1605,-0.9908109497330218,1.017166211742,20.198578445504772,0,0
1606,-0.9908109497330218,1.016467657803,20.198578445504772,0,0
1607,-0.9908109497330218,1.017877248731,20.198578445504772,0,0
1608,-0.9908109497330218,1.017278570016,20.198578445504772,0,0
1609,-0.9908109497330218,1.016771337672,20.198578445504772,0,0
1610,-0.9907864972209464,1.016219892172,20.198578445504772,0,0
1611,-0.9907864972209464,1.017416933326,20.198578445504772,0,0
1612,-0.9907864972209464,1.016864020485,20.198578445504772,0,0
1613,-0.9907864972209464,1.016311075849,20.198578445504772,0,0
1614,-0.9907864972209464,1.015758080568,20.198578445504772,0,0
1615,-0.9907864972209464,1.01674939561,20.198578445504772,0,0
1616,-0.9907864972209464,1.01605086606,20.198578445504772,0,0
1617,-0.9907864972209464,1.015496352679,20.198578445504772,0,0
1618,-0.9907864972209464,1.014941794033,20.198578445504772,0,0
1619,-0.9907864972209464,1.015892079883,20.198578445504772,0,0
1620,-0.990720781094744,1.015216104992,20.198578445504772,0,0
1621,-0.990720781094744,1.014540346595,20.198578445504772,0,0
1622,-0.990720781094744,1.015444420194,20.198578445504772,0,0
1623,-0.990720781094744,1.014766783743,20.198578445504772,0,0
1624,-0.990720781094744,1.014089097539,20.198578445504772,0,0
1625,-0.990720781094744,1.013415127695,20.198578445504772,0,0
1626,-0.990720781094744,1.014403293351,20.198578445504772,0,0
1627,-0.990720781094744,1.013727428261,20.198578445504772,0,0
1628,-0.990720781094744,1.013206932214,20.198578445504772,0,0
1629,-0.990720781094744,1.012729473864,20.198578445504772,0,0
1630,-0.990720781094744,1.014070043782,20.198578445504772,0,0
1631,-0.990720781094744,1.013591205279,20.198578445504772,0,0
1632,-0.990720781094744,1.013112333396,20.198578445504772,0,0
1633,-0.990720781094744,1.012633426362,20.198578445504772,0,0
1634,-0.990720781094744,1.012154487031,20.198578445504772,0,0
1635,-0.9906917437366545,1.013567300464,20.198578445504772,0,0
1636,-0.9906917437366545,1.013033525773,20.198578445504772,0,0
1637,-0.9906917437366545,1.012499718517,20.198578445504772,0,0
1638,-0.9906917437366545,1.011965875792,20.198578445504772,0,0
1639,-0.9906326501658058,1.01296267243,20.198578445504772,0,0
1640,-0.9906326501658058,1.012318199428,20.198578445504772,0,0
1641,-0.9906326501658058,1.011673686696,20.198578445504772,0,0
1642,-0.9906326501658058,1.011029138133,20.198578445504772,0,0
1643,-0.9905633680482588,1.011534250636,20.198578445504772,0,0
1644,-0.9905633680482588,1.010759579197,20.198578445504772,0,0
1645,-0.9905633680482588,1.009984861987,20.198578445504772,0,0
1646,-0.9905633680482588,1.01021676565,20.198578445504772,0,0
1647,-0.9905633680482588,1.009571751495,20.198578445504772,0,0
1648,-0.9905633680482588,1.008952986165,20.198578445504772,0,0
1649,-0.9905633680482588,1.009321560832,20.198578445504772,0,0
1650,-0.9905633680482588,1.008674597255,20.198578445504772,0,0
1651,-0.9905633680482588,1.008241462171,20.198578445504772,0,0
1652,-0.9905633680482588,1.007810094923,20.198578445504772,0,0
1653,-0.9905633680482588,1.007970730458,20.198578445504772,0,0
1654,-0.9905633680482588,1.007420254069,20.198578445504772,0,0
1655,-0.9905562360655704,1.007020092371,20.198578445504772,0,0
1656,-0.9905562360655704,1.006624357341,20.198578445504772,0,0
1657,-0.9905562360655704,1.00681113535,20.198578445504772,0,0
1658,-0.9905511417922213,1.006206267415,20.198578445504772,0,0
1659,-0.9905511417922213,1.005645170478,20.198578445504772,0,0
1660,-0.9905511417922213,1.005241881962,20.198578445504772,0,0
1661,-0.9905511417922213,1.005416739991,20.198578445504772,0,0
1662,-0.9904798219653348,1.004676191447,20.198578445504772,0,0
1663,-0.9904798219653348,1.003999073424,20.198578445504772,0,0
1664,-0.9904798219653348,1.003505321496,20.198578445504772,0,0
1665,-0.9904798219653348,1.003510168739,20.198578445504772,0,0
1666,-0.9904798219653348,1.002880029749,20.198578445504772,0,0
1667,-0.9904798219653348,1.002448880951,20.198578445504772,0,0
1668,-0.9904798219653348,1.002028732447,20.198578445504772,0,0
1669,-0.9904798219653348,1.002251776911,20.198578445504772,0,0
1670,-0.9904798219653348,1.001671184009,20.198578445504772,0,0
1671,-0.9904798219653348,1.001253655071,20.198578445504772,0,0
1672,-0.9904798219653348,1.000836087659,20.198578445504772,0,0
1673,-0.9904798219653348,1.001169574222,20.198578445504772,0,0
1674,-0.9904798219653348,1.000694984026,20.198578445504772,0,0
1675,-0.9904798219653348,1.000307169356,20.198578445504772,0,0
1676,-0.9904798219653348,0.999919325644,20.198578445504772,0,0
1677,-0.9904798219653348,0.999531462903,20.198578445504772,0,0
1678,-0.9904798219653348,0.999446543361,20.198578445504772,0,0
1679,-0.9904798219653348,0.999057598589,20.198578445504772,0,0
1680,-0.9904278603771748,0.998653179685,20.198578445504772,0,0
1681,-0.9904278603771748,0.998441767374,20.198578445504772,0,0
1682,-0.9904278603771748,0.997985821371,20.198578445504772,0,0
1683,-0.9904278603771748,0.997733113811,20.198578445504772,0,0
1684,-0.9904278603771748,0.997546956506,20.198578445504772,0,0
1685,-0.9904278603771748,0.997113204326,20.198578445504772,0,0
1686,-0.9904278603771748,0.996741345811,20.198578445504772,0,0
1687,-0.9904039172924344,0.996539446887,20.198578445504772,0,0
1688,-0.9904039172924344,0.996169855773,20.198578445504772,0,0
1689,-0.9904039172924344,0.995764980114,20.198578445504772,0,0
1690,-0.9904039172924344,0.995418358409,20.198578445504772,0,0
1691,-0.9904039172924344,0.995215890289,20.198578445504772,0,0
1692,-0.9904039172924344,0.994940192079,20.198578445504772,0,0
1693,-0.9904039172924344,0.994737189203,20.198578445504772,0,0
1694,-0.9904039172924344,0.994542942388,20.198578445504772,0,0
1695,-0.9904039172924344,0.994458004705,20.198578445504772,0,0
1696,-0.9904039172924344,0.994254475584,20.198578445504772,0,0
1697,-0.9904039172924344,0.99405092936,20.198578445504772,0,0
1698,-0.9904039172924344,0.993847378039,20.198578445504772,0,0
1699,-0.9903208806368451,0.993508714017,20.198578445504772,0,0
1700,-0.9902923527060907,0.993251741065,20.198578445504772,0,0
1701,-0.9902923527060907,0.992994749297,20.198578445504772,0,0
1702,-0.9902862395780718,0.992500296185,20.198578445504772,0,0
1703,-0.9902862395780718,0.992276939214,20.198578445504772,0,0
1704,-0.9902862395780718,0.992053574346,20.198578445504772,0,0
1705,-0.9902862395780718,0.991830196152,20.198578445504772,0,0
1706,-0.9902862395780718,0.991170841815,20.198578445504772,0,0
1707,-0.9902862395780718,0.99099181236,20.198578445504772,0,0
1708,-0.9902862395780718,0.990812768608,20.198578445504772,0,0
1709,-0.9902862395780718,0.990642012892,20.198578445504772,0,0
1710,-0.9902862395780718,0.990642012892,20.198578445504772,0,0
1711,-0.9902862395780718,0.989910773535,20.198578445504772,0,0
1712,-0.9902862395780718,0.989731301813,20.198578445504772,0,0
1713,-0.9902862395780718,0.989670597305,20.198578445504772,0,0
1714,-0.9902862395780718,0.989670597305,20.198578445504772,0,0
1715,-0.9902862395780718,0.98898857618,20.198578445504772,0,0
1716,-0.9902862395780718,0.98898857618,20.198578445504772,0,0
1717,-0.9902862395780718,0.98898857618,20.198578445504772,0,0
1718,-0.9902230705885438,0.98898857618,20.198578445504772,0,0
1719,-0.9902230705885438,0.988391760336,20.198578445504772,0,0
1720,-0.9902230705885438,0.988391760336,20.198578445504772,0,0
1721,-0.9902230705885438,0.988391760336,20.198578445504772,0,0
1722,-0.9902230705885438,0.987526231526,20.198578445504772,0,0
1723,-0.9902230705885438,0.987526231526,20.198578445504772,0,0
1724,-0.9902230705885438,0.987526231526,20.198578445504772,0,0
1725,-0.9902230705885438,0.986782518455,20.198578445504772,0,0
1726,-0.9902230705885438,0.986782518455,20.198578445504772,0,0
1727,-0.9902230705885438,0.986782518455,20.198578445504772,0,0
1728,-0.9902230705885438,0.986782518455,20.198578445504772,0,0
1729,-0.9902230705885438,0.986533497503,20.198578445504772,0,0
1730,-0.9902230705885438,0.986533497503,20.198578445504772,0,0
1731,-0.9902230705885438,0.986533497503,20.198578445504772,0,0
1732,-0.9902082971958317,0.986533497503,20.198578445504772,0,0
1733,-0.9902082971958317,0.986432433191,20.198578445504772,0,0
1734,-0.9902082971958317,0.986432433191,20.198578445504772,0,0
1735,-0.9902082971958317,0.986432433191,20.198578445504772,0,0
1736,-0.9902082971958317,0.986432433191,20.198578445504772,0,0
1737,-0.9901471659156433,0.986335409052,20.198578445504772,0,0
1738,-0.9901471659156433,0.986335409052,20.198578445504772,0,0
1739,-0.9901471659156433,0.986335409052,20.198578445504772,0,0
1740,-0.9901471659156433,0.986335409052,20.198578445504772,0,0
1741,-0.9901471659156433,0.985969800719,20.198578445504772,0,0
1742,-0.9901471659156433,0.985969800719,20.198578445504772,0,0
1743,-0.9901471659156433,0.985969800719,20.198578445504772,0,0
1744,-0.9901471659156433,0.985969800719,20.198578445504772,0,0
1745,-0.9901028457375067,0.985969800719,20.198578445504772,0,0
1746,-0.9901028457375067,0.985463726561,20.198578445504772,0,0
1747,-0.9901028457375067,0.985463726561,20.198578445504772,0,0
1748,-0.9901028457375067,0.985463726561,20.198578445504772,0,0
1749,-0.9901028457375067,0.985463726561,20.198578445504772,0,0
1750,-0.9901028457375067,0.98493171184,20.198578445504772,0,0
1751,-0.9900274504919411,0.98493171184,20.198578445504772,0,0
1752,-0.9900274504919411,0.98493171184,20.198578445504772,0,0
1753,-0.9900274504919411,0.98493171184,20.198578445504772,0,0
1754,-0.9900274504919411,0.98468256782,20.198578445504772,0,0
1755,-0.9900274504919411,0.98468256782,20.198578445504772,0,0
1756,-0.9900274504919411,0.98468256782,20.198578445504772,0,0
1757,-0.9900274504919411,0.984519087003,20.198578445504772,0,0
1758,-0.9900274504919411,0.984519087003,20.198578445504772,0,0
1759,-0.9900274504919411,0.984519087003,20.198578445504772,0,0
1760,-0.9900274504919411,0.984519087003,20.198578445504772,0,0
1761,-0.9900274504919411,0.984526995587,20.198578445504772,0,0
1762,-0.9900274504919411,0.984526995587,20.198578445504772,0,0
1763,-0.9900274504919411,0.984526995587,20.198578445504772,0,0
1764,-0.9900274504919411,0.984526995587,20.198578445504772,0,0
1765,-0.9900274504919411,0.984679035011,20.198578445504772,0,0
1766,-0.9900274504919411,0.984679035011,20.198578445504772,0,0
1767,-0.9900274504919411,0.984679035011,20.198578445504772,0,0
1768,-0.9900264316372713,0.984679035011,20.198578445504772,0,0
1769,-0.9900264316372713,0.984679035011,20.198578445504772,0,0
1770,-0.989929131016305,0.984939342993,20.198578445504772,0,0
1771,-0.989928112161635,0.984939342993,20.198578445504772,0,0
1772,-0.989928112161635,0.984939342993,20.198578445504772,0,0
1773,-0.989928112161635,0.984939342993,20.198578445504772,0,0
1774,-0.989928112161635,0.985144256957,20.198578445504772,0,0
1775,-0.989928112161635,0.985144256957,20.198578445504772,0,0
1776,-0.989928112161635,0.985144256957,20.198578445504772,0,0
1777,-0.989928112161635,0.985114005575,20.198578445504772,0,0
1778,-0.9899276027343002,0.985114005575,20.198578445504772,0,0
1779,-0.9899276027343002,0.985114005575,20.198578445504772,0,0
1780,-0.9899276027343002,0.985114005575,20.198578445504772,0,0
1781,-0.9899276027343002,0.985230032797,20.198578445504772,0,0
1782,-0.9899276027343002,0.985230032797,20.198578445504772,0,0
1783,-0.9899276027343002,0.985230032797,20.198578445504772,0,0
1784,-0.9899276027343002,0.985230032797,20.198578445504772,0,0
1785,-0.9899276027343002,0.985768245577,20.198578445504772,0,0
1786,-0.9899276027343002,0.985768245577,20.198578445504772,0,0
1787,-0.9899276027343002,0.985768245577,20.198578445504772,0,0
1788,-0.9899276027343002,0.985768245577,20.198578445504772,0,0
1789,-0.9898476226427204,0.986589452666,20.198578445504772,0,0
1790,-0.9898221512759753,0.986589452666,20.198578445504772,0,0
1791,-0.9898221512759753,0.986589452666,20.198578445504772,0,0
1792,-0.9898221512759753,0.987406948705,20.198578445504772,0,0
1793,-0.9898221512759753,0.987406948705,20.198578445504772,0,0
1794,-0.9898221512759753,0.987406948705,20.198578445504772,0,0
1795,-0.9898221512759753,0.988439295741,20.198578445504772,0,0
1796,-0.9897834347985226,0.988439295741,20.198578445504772,0,0
1797,-0.9897834347985226,0.988439295741,20.198578445504772,0,0
1798,-0.9897834347985226,0.989154983874,20.198578445504772,0,0
1799,-0.9897834347985226,0.989154983874,20.198578445504772,0,0
1800,-0.9897263789370134,0.989154983874,20.198578445504772,0,0
1801,-0.98971873752699,0.989578950511,20.198578445504772,0,0
1802,-0.98971873752699,0.989578950511,20.198578445504772,0,0
1803,-0.98971873752699,0.989578950511,20.198578445504772,0,0
1804,-0.98971873752699,0.990178045431,20.198578445504772,0,0
1805,-0.9897156809629806,0.990178045431,20.198578445504772,0,0
1806,-0.9896998887155986,0.990178045431,20.198578445504772,0,0
1807,-0.9896795116222024,0.990720647747,20.198578445504772,0,0
1808,-0.9896795116222024,0.990720647747,20.198578445504772,0,0
1809,-0.9895908712659294,0.991153032703,20.198578445504772,0,0
1810,-0.9895908712659294,0.991153032703,20.198578445504772,0,0
1811,-0.9895908712659294,0.991333433801,20.198578445504772,0,0
1812,-0.9895908712659294,0.991973093582,20.198578445504772,0,0
1813,-0.9895908712659294,0.992004439471,20.198578445504772,0,0
1814,-0.9895908712659294,0.993034746883,20.198578445504772,0,0
1815,-0.9895908712659294,0.993034746883,20.198578445504772,0,0
1816,-0.9895908712659294,0.993181389716,20.198578445504772,0,0
1817,-0.9895908712659294,0.994152513797,20.198578445504772,0,0
1818,-0.9895908712659294,0.994152513797,20.198578445504772,0,0
1819,-0.9895908712659294,0.994318298281,20.198578445504772,0,0
1820,-0.9895256645670618,0.994974256973,20.198578445504772,0,0
1821,-0.9895256645670618,0.994974256973,20.198578445504772,0,0
1822,-0.9895256645670618,0.995332062012,20.198578445504772,0,0
1823,-0.9895256645670618,0.995332062012,20.198578445504772,0,0
1824,-0.9895256645670618,0.995601223764,20.198578445504772,0,0
1825,-0.9895256645670618,0.995769268648,20.198578445504772,0,0
1826,-0.9895256645670618,0.996097320836,20.198578445504772,0,0
1827,-0.9895256645670618,0.996243704921,20.198578445504772,0,0
1828,-0.9895256645670618,0.996571359167,20.198578445504772,0,0
1829,-0.9895256645670618,0.99704789841,20.198578445504772,0,0
1830,-0.9893529687005298,0.997334982196,20.198578445504772,0,0
1831,-0.9893529687005298,0.998046119637,20.198578445504772,0,0
1832,-0.9893529687005298,0.998457358062,20.198578445504772,0,0
1833,-0.9893529687005298,0.999087554886,20.198578445504772,0,0
1834,-0.9893529687005298,0.999534657049,20.198578445504772,0,0
1835,-0.9892831771556481,0.99999926473,20.198578445504772,0,0
1836,-0.9892831771556481,1.00056189074,20.198578445504772,0,0
1837,-0.9892831771556481,1.000980386319,20.198578445504772,0,0
1838,-0.9892831771556481,1.00133779047,20.198578445504772,0,0
1839,-0.989204725346073,1.00180647479,20.198578445504772,0,0
1840,-0.989204725346073,1.001775992655,20.198578445504772,0,0
1841,-0.989204725346073,1.001985089014,20.198578445504772,0,0
1842,-0.989204725346073,1.002903952283,20.198578445504772,0,0
1843,-0.989204725346073,1.002811098603,20.198578445504772,0,0
1844,-0.989204725346073,1.002748767387,20.198578445504772,0,0
1845,-0.9891894425260259,1.00358558986,20.198578445504772,0,0
1846,-0.9891894425260259,1.003607078897,20.198578445504772,0,0
1847,-0.9891894425260259,1.003841177256,20.198578445504772,0,0
1848,-0.9891894425260259,1.005008184631,20.198578445504772,0,0
1849,-0.9891069152977716,1.005164783785,20.198578445504772,0,0
1850,-0.9891069152977716,1.00572937655,20.198578445504772,0,0
1851,-0.9891069152977716,1.006072949266,20.198578445504772,0,0
1852,-0.9891069152977716,1.00712230616,20.198578445504772,0,0
1853,-0.9891069152977716,1.006954951396,20.198578445504772,0,0
1854,-0.9891069152977716,1.006923878557,20.198578445504772,0,0
1855,-0.9891069152977716,1.007714143472,20.198578445504772,0,0
1856,-0.9891069152977716,1.007897258757,20.198578445504772,0,0
1857,-0.9891069152977716,1.008095947086,20.198578445504772,0,0
1858,-0.9891069152977716,1.009005140198,20.198578445504772,0,0
1859,-0.9891048775884319,1.008846653094,20.198578445504772,0,0
1860,-0.9891048775884319,1.008521034615,20.198578445504772,0,0
1861,-0.9891048775884319,1.009280672825,20.198578445504772,0,0
1862,-0.9891048775884319,1.008802791278,20.198578445504772,0,0
1863,-0.9891048775884319,1.008464364643,20.198578445504772,0,0
1864,-0.9891048775884319,1.008857174321,20.198578445504772,0,0
1865,-0.9891048775884319,1.008471318793,20.198578445504772,0,0
1866,-0.9891048775884319,1.008858813446,20.198578445504772,0,0
1867,-0.989047821726923,1.008575911357,20.198578445504772,0,0
1868,-0.989047821726923,1.008998840767,20.198578445504772,0,0
1869,-0.989046802872253,1.008852576704,20.198578445504772,0,0
1870,-0.9890462934449182,1.009264106788,20.198578445504772,0,0
1871,-0.9890462934449182,1.009061946012,20.198578445504772,0,0
1872,-0.9890462934449182,1.009460189363,20.198578445504772,0,0
1873,-0.9890462934449182,1.009018977362,20.198578445504772,0,0
1874,-0.9890462934449182,1.00920400223,20.198578445504772,0,0
1875,-0.9890462934449182,1.009546078243,20.198578445504772,0,0
1876,-0.9890462934449182,1.008703099461,20.198578445504772,0,0
1877,-0.9890462934449182,1.009044818468,20.198578445504772,0,0
1878,-0.9890462934449182,1.008246192125,20.198578445504772,0,0
1879,-0.9890462934449182,1.008083117597,20.198578445504772,0,0
1880,-0.9890238786421826,1.008405292764,20.198578445504772,0,0
1881,-0.9890238786421826,1.007438961767,20.198578445504772,0,0
1882,-0.9890238786421826,1.007404073295,20.198578445504772,0,0
1883,-0.9890238786421826,1.007759180632,20.198578445504772,0,0
1884,-0.9890238786421826,1.006568725532,20.198578445504772,0,0
1885,-0.9890238786421826,1.006882684019,20.198578445504772,0,0
1886,-0.9890238786421826,1.006172704189,20.198578445504772,0,0
1887,-0.9889637662166639,1.006469702651,20.198578445504772,0,0
1888,-0.9889637662166639,1.006820893873,20.198578445504772,0,0
1889,-0.9889637662166639,1.006254971462,20.198578445504772,0,0
1890,-0.9889637662166639,1.006605898348,20.198578445504772,0,0
1891,-0.9889637662166639,1.006113022513,20.198578445504772,0,0
1892,-0.9889637662166639,1.006163490972,20.198578445504772,0,0
1893,-0.9889637662166639,1.005812549917,20.198578445504772,0,0
1894,-0.9889398231319235,1.005812549917,20.198578445504772,0,0
1895,-0.9889398231319235,1.005896406277,20.198578445504772,0,0
1896,-0.9889398231319235,1.005381783467,20.198578445504772,0,0
1897,-0.9889398231319235,1.005381783467,20.198578445504772,0,0
1898,-0.9888883709710983,1.005444008645,20.198578445504772,0,0
1899,-0.9888863332617586,1.004822135701,20.198578445504772,0,0
1900,-0.9888863332617586,1.004822135701,20.198578445504772,0,0
1901,-0.9888863332617586,1.004822135701,20.198578445504772,0,0
1902,-0.9888863332617586,1.004306959671,20.198578445504772,0,0
1903,-0.9888863332617586,1.004108972705,20.198578445504772,0,0
1904,-0.9888863332617586,1.004037575883,20.198578445504772,0,0
1905,-0.9888863332617586,1.004195584616,20.198578445504772,0,0
1906,-0.9888863332617586,1.00383940703,20.198578445504772,0,0
1907,-0.9888863332617586,1.003641482364,20.198578445504772,0,0
1908,-0.9888863332617586,1.003640731576,20.198578445504772,0,0
1909,-0.9888863332617586,1.003829162335,20.198578445504772,0,0
1910,-0.9888863332617586,1.004017598344,20.198578445504772,0,0
1911,-0.9888863332617586,1.003517977355,20.198578445504772,0,0
1912,-0.9888863332617586,1.003517977355,20.198578445504772,0,0
1913,-0.9888863332617586,1.003517977355,20.198578445504772,0,0
1914,-0.9888863332617586,1.003584042238,20.198578445504772,0,0
1915,-0.9888863332617586,1.003721079137,20.198578445504772,0,0
1916,-0.9888863332617586,1.003519966632,20.198578445504772,0,0
1917,-0.9888863332617586,1.003519966632,20.198578445504772,0,0
1918,-0.9888195982808865,1.003519966632,20.198578445504772,0,0
1919,-0.9888195982808865,1.003544900587,20.198578445504772,0,0
1920,-0.9888195982808865,1.003723283102,20.198578445504772,0,0
1921,-0.9888195982808865,1.003665833652,20.198578445504772,0,0
1922,-0.9888195982808865,1.003665833652,20.198578445504772,0,0
1923,-0.9888195982808865,1.003665833652,20.198578445504772,0,0
1924,-0.9888195982808865,1.003822922715,20.198578445504772,0,0
1925,-0.9887966740508158,1.004014227728,20.198578445504772,0,0
1926,-0.9887966740508158,1.003976719096,20.198578445504772,0,0
1927,-0.9887966740508158,1.003976719096,20.198578445504772,0,0
1928,-0.9887966740508158,1.003976719096,20.198578445504772,0,0
1929,-0.9887966740508158,1.003976719096,20.198578445504772,0,0
1930,-0.9887966740508158,1.00386940729,20.198578445504772,0,0
1931,-0.9887966740508158,1.00386940729,20.198578445504772,0,0
1932,-0.9887966740508158,1.00386940729,20.198578445504772,0,0
1933,-0.9887966740508158,1.00386940729,20.198578445504772,0,0
1934,-0.9887966740508158,1.00386940729,20.198578445504772,0,0
1935,-0.9887966740508158,1.003413529004,20.198578445504772,0,0
1936,-0.9887966740508158,1.003413529004,20.198578445504772,0,0
1937,-0.9887233165145897,1.003413529004,20.198578445504772,0,0
1938,-0.9887233165145897,1.003413529004,20.198578445504772,0,0
1939,-0.9887233165145897,1.00287006741,20.198578445504772,0,0
1940,-0.9887233165145897,1.002718318597,20.198578445504772,0,0
1941,-0.9887233165145897,1.002718318597,20.198578445504772,0,0
1942,-0.9887233165145897,1.002718318597,20.198578445504772,0,0
1943,-0.9887100714038823,1.002366091492,20.198578445504772,0,0
1944,-0.9887100714038823,1.002221301637,20.198578445504772,0,0
1945,-0.9887100714038823,1.002221301637,20.198578445504772,0,0
1946,-0.9887100714038823,1.002221301637,20.198578445504772,0,0
1947,-0.9886448647050148,1.002221301637,20.198578445504772,0,0
1948,-0.9886448647050148,1.002048973068,20.198578445504772,0,0
1949,-0.9886448647050148,1.002048973068,20.198578445504772,0,0
1950,-0.9886448647050148,1.002048973068,20.198578445504772,0,0
1951,-0.9886448647050148,1.002167992349,20.198578445504772,0,0
1952,-0.9886448647050148,1.00209766682,20.198578445504772,0,0
1953,-0.9886448647050148,1.002066732281,20.198578445504772,0,0
1954,-0.9886448647050148,1.002066732281,20.198578445504772,0,0
1955,-0.9886448647050148,1.002120380247,20.198578445504772,0,0
1956,-0.9886448647050148,1.002318066269,20.198578445504772,0,0
1957,-0.9886448647050148,1.002356938966,20.198578445504772,0,0
1958,-0.9886448647050148,1.002356938966,20.198578445504772,0,0
1959,-0.9886438458503448,1.002356938966,20.198578445504772,0,0
1960,-0.9886438458503448,1.002356938966,20.198578445504772,0,0
1961,-0.9886438458503448,1.002599743559,20.198578445504772,0,0
1962,-0.9886438458503448,1.002599743559,20.198578445504772,0,0
1963,-0.9886438458503448,1.002599743559,20.198578445504772,0,0
1964,-0.9886438458503448,1.002599743559,20.198578445504772,0,0
1965,-0.9886438458503448,1.002599743559,20.198578445504772,0,0
1966,-0.9885852617068311,1.002599743559,20.198578445504772,0,0
1967,-0.9885852617068311,1.002464568241,20.198578445504772,0,0
1968,-0.9885852617068311,1.002464568241,20.198578445504772,0,0
1969,-0.9885852617068311,1.002464568241,20.198578445504772,0,0
1970,-0.9885679411774444,1.002464568241,20.198578445504772,0,0
1971,-0.9885679411774444,1.001929290266,20.198578445504772,0,0
1972,-0.9885679411774444,1.001929290266,20.198578445504772,0,0
1973,-0.9885679411774444,1.001929290266,20.198578445504772,0,0
1974,-0.9885679411774444,1.001929290266,20.198578445504772,0,0
1975,-0.9885679411774444,1.001929290266,20.198578445504772,0,0
1976,-0.9885679411774444,1.00127039162,20.198578445504772,0,0
1977,-0.9885679411774444,1.00127039162,20.198578445504772,0,0
1978,-0.9885679411774444,1.00127039162,20.198578445504772,0,0
1979,-0.9885679411774444,1.00127039162,20.198578445504772,0,0
1980,-0.9885679411774444,1.000742392411,20.198578445504772,0,0
1981,-0.9885679411774444,1.000742392411,20.198578445504772,0,0
1982,-0.9885679411774444,1.000742392411,20.198578445504772,0,0
1983,-0.9885679411774444,1.000742392411,20.198578445504772,0,0
1984,-0.9884976402052277,1.00040408525,20.198578445504772,0,0
1985,-0.9884976402052277,1.00040408525,20.198578445504772,0,0
1986,-0.9884976402052277,1.00040408525,20.198578445504772,0,0
1987,-0.9884976402052277,1.00040408525,20.198578445504772,0,0
1988,-0.9884976402052277,1.000114679618,20.198578445504772,0,0
1989,-0.9884976402052277,1.000114679618,20.198578445504772,0,0
1990,-0.9884976402052277,1.000114679618,20.198578445504772,0,0
1991,-0.9884772631118317,1.000114679618,20.198578445504772,0,0
1992,-0.988475734829827,0.999930973655,20.198578445504772,0,0
1993,-0.988475734829827,0.999930973655,20.198578445504772,0,0
1994,-0.988475734829827,0.999930973655,20.198578445504772,0,0
1995,-0.988475734829827,0.999930973655,20.198578445504772,0,0
1996,-0.988475734829827,0.999722794888,20.198578445504772,0,0
1997,-0.9883901510375632,0.999722794888,20.198578445504772,0,0
1998,-0.9883901510375632,0.999722794888,20.198578445504772,0,0
1999,-0.9883901510375632,0.999451651133,20.198578445504772,0,0
2000,-0.9883901510375632,0.999451651133,20.198578445504772,0,0
2001,-0.9883901510375632,0.999451651133,20.198578445504772,0,0
2002,-0.9883901510375632,0.999426475272,20.198578445504772,0,0
2003,-0.9883901510375632,0.999426475272,20.198578445504772,0,0
2004,-0.9883901510375632,0.999426475272,20.198578445504772,0,0
2005,-0.9883901510375632,0.999311467796,20.198578445504772,0,0
2006,-0.9883901510375632,0.999311467796,20.198578445504772,0,0
2007,-0.9883901510375632,0.999311467796,20.198578445504772,0,0
2008,-0.9883901510375632,0.998664923717,20.198578445504772,0,0
2009,-0.9883901510375632,0.998664923717,20.198578445504772,0,0
2010,-0.9883901510375632,0.998664923717,20.198578445504772,0,0
2011,-0.9883901510375632,0.998295414151,20.198578445504772,0,0
2012,-0.9883901510375632,0.998295414151,20.198578445504772,0,0
2013,-0.9883901510375632,0.998295414151,20.198578445504772,0,0
2014,-0.9883901510375632,0.998295414151,20.198578445504772,0,0
2015,-0.9883748682175162,0.998295328064,20.198578445504772,0,0
2016,-0.9882938692712666,0.998295328064,20.198578445504772,0,0
2017,-0.9882938692712666,0.998295328064,20.198578445504772,0,0
2018,-0.9882938692712666,0.998277335137,20.198578445504772,0,0
2019,-0.9882938692712666,0.998277335137,20.198578445504772,0,0
2020,-0.9882938692712666,0.998277335137,20.198578445504772,0,0
2021,-0.9882938692712666,0.998277335137,20.198578445504772,0,0
2022,-0.9882938692712666,0.998155409099,20.198578445504772,0,0
2023,-0.9882938692712666,0.998155409099,20.198578445504772,0,0
2024,-0.9882938692712666,0.998155409099,20.198578445504772,0,0
2025,-0.9882938692712666,0.997979824115,20.198578445504772,0,0
2026,-0.9882938692712666,0.997979824115,20.198578445504772,0,0
2027,-0.9882938692712666,0.997979824115,20.198578445504772,0,0
2028,-0.9882938692712666,0.997979824115,20.198578445504772,0,0
2029,-0.9882938692712666,0.997842769192,20.198578445504772,0,0
2030,-0.9882938692712666,0.997842769192,20.198578445504772,0,0
2031,-0.9882938692712666,0.997842769192,20.198578445504772,0,0
2032,-0.9882938692712666,0.997842769192,20.198578445504772,0,0
2033,-0.9882938692712666,0.997597304805,20.198578445504772,0,0
2034,-0.988213379752352,0.997597304805,20.198578445504772,0,0
2035,-0.988213379752352,0.997597304805,20.198578445504772,0,0
2036,-0.9882082854790029,0.997223550035,20.198578445504772,0,0
2037,-0.9882082854790029,0.997223550035,20.198578445504772,0,0
2038,-0.9882082854790029,0.997223550035,20.198578445504772,0,0
2039,-0.9882082854790029,0.997133207738,20.198578445504772,0,0
2040,-0.9882082854790029,0.997133207738,20.198578445504772,0,0
2041,-0.9881853612489324,0.997133207738,20.198578445504772,0,0
2042,-0.9881853612489324,0.997291973591,20.198578445504772,0,0
2043,-0.9881853612489324,0.997291973591,20.198578445504772,0,0
2044,-0.9881853612489324,0.997291973591,20.198578445504772,0,0
2045,-0.9881853612489324,0.997253666251,20.198578445504772,0,0
2046,-0.9881853612489324,0.997253666251,20.198578445504772,0,0
2047,-0.9881853612489324,0.997253666251,20.198578445504772,0,0
2048,-0.9881853612489324,0.996832944715,20.198578445504772,0,0
2049,-0.9881853612489324,0.996832944715,20.198578445504772,0,0
2050,-0.9881853612489324,0.996832944715,20.198578445504772,0,0
2051,-0.9881853612489324,0.996832944715,20.198578445504772,0,0
2052,-0.9881853612489324,0.996832944715,20.198578445504772,0,0
2053,-0.9881023245933431,0.99628447308,20.198578445504772,0,0
2054,-0.9881023245933431,0.99628447308,20.198578445504772,0,0
2055,-0.9881023245933431,0.99628447308,20.198578445504772,0,0
2056,-0.9880982491746639,0.99628447308,20.198578445504772,0,0
2057,-0.9880982491746639,0.996012691893,20.198578445504772,0,0
2058,-0.9880982491746639,0.996012691893,20.198578445504772,0,0
2059,-0.987992797716339,0.996012691893,20.198578445504772,0,0
2060,-0.9879917788616692,0.996062851027,20.198578445504772,0,0
2061,-0.9879917788616692,0.996062851027,20.198578445504772,0,0
2062,-0.9879917788616692,0.996062851027,20.198578445504772,0,0
2063,-0.9879917788616692,0.996062851027,20.198578445504772,0,0
2064,-0.9879917788616692,0.99637594796,20.198578445504772,0,0
2065,-0.9879917788616692,0.99637594796,20.198578445504772,0,0
2066,-0.9879917788616692,0.99637594796,20.198578445504772,0,0
2067,-0.9879917788616692,0.99637594796,20.198578445504772,0,0
2068,-0.9879917788616692,0.996765161237,20.198578445504772,0,0
2069,-0.9879917788616692,0.996765161237,20.198578445504772,0,0
2070,-0.9879917788616692,0.996765161237,20.198578445504772,0,0
2071,-0.9879917788616692,0.997149184791,20.198578445504772,0,0
2072,-0.9879907600069995,0.997149184791,20.198578445504772,0,0
2073,-0.9879907600069995,0.997149184791,20.198578445504772,0,0
2074,-0.9879907600069995,0.997388609663,20.198578445504772,0,0
2075,-0.9879907600069995,0.997388609663,20.198578445504772,0,0
2076,-0.9879907600069995,0.997388609663,20.198578445504772,0,0
2077,-0.9879907600069995,0.997418969594,20.198578445504772,0,0
2078,-0.9879209684621177,0.997418969594,20.198578445504772,0,0
2079,-0.9879209684621177,0.997418969594,20.198578445504772,0,0
2080,-0.9879209684621177,0.997439368552,20.198578445504772,0,0
2081,-0.9879209684621177,0.997439368552,20.198578445504772,0,0
2082,-0.9879209684621177,0.997439368552,20.198578445504772,0,0
2083,-0.9879209684621177,0.997460284557,20.198578445504772,0,0
2084,-0.9879209684621177,0.997460284557,20.198578445504772,0,0
2085,-0.9879209684621177,0.997460284557,20.198578445504772,0,0
2086,-0.9879209684621177,0.997460284557,20.198578445504772,0,0
2087,-0.9879209684621177,0.99752887824,20.198578445504772,0,0
2088,-0.9879209684621177,0.99752887824,20.198578445504772,0,0
2089,-0.9879209684621177,0.99752887824,20.198578445504772,0,0
2090,-0.9879209684621177,0.99752887824,20.198578445504772,0,0
2091,-0.9879209684621177,0.99783762851,20.198578445504772,0,0
2092,-0.9879209684621177,0.99783762851,20.198578445504772,0,0
2093,-0.9879209684621177,0.99783762851,20.198578445504772,0,0
2094,-0.9878521957719058,0.997865608629,20.198578445504772,0,0
2095,-0.9877915739190524,0.998287550159,20.198578445504772,0,0
2096,-0.9877915739190524,0.998287550159,20.198578445504772,0,0
2097,-0.9877915739190524,0.998879644914,20.198578445504772,0,0
2098,-0.9877915739190524,0.998879644914,20.198578445504772,0,0
2099,-0.9877915739190524,0.998879644914,20.198578445504772,0,0
2100,-0.9877915739190524,0.999488718077,20.198578445504772,0,0
2101,-0.9877915739190524,0.999488718077,20.198578445504772,0,0
2102,-0.9877915739190524,0.999488718077,20.198578445504772,0,0
2103,-0.9877915739190524,0.999488718077,20.198578445504772,0,0
2104,-0.9877905550643826,0.999870706684,20.198578445504772,0,0
2105,-0.987782913654359,0.999870706684,20.198578445504772,0,0
2106,-0.987782913654359,0.999870706684,20.198578445504772,0,0
2107,-0.987782913654359,1.000171471565,20.198578445504772,0,0
2108,-0.987782913654359,1.000171471565,20.198578445504772,0,0
2109,-0.987782913654359,1.000171471565,20.198578445504772,0,0
2110,-0.987782913654359,1.000300953437,20.198578445504772,0,0
2111,-0.987782913654359,1.000300953437,20.198578445504772,0,0
2112,-0.987782913654359,1.000300953437,20.198578445504772,0,0
2113,-0.9877115938274725,1.000533707409,20.198578445504772,0,0
2114,-0.9877070089814586,1.000533707409,20.198578445504772,0,0
2115,-0.9877070089814586,1.000533707409,20.198578445504772,0,0
2116,-0.9877070089814586,1.001119534992,20.198578445504772,0,0
2117,-0.9877070089814586,1.001119534992,20.198578445504772,0,0
2118,-0.9877070089814586,1.001119957506,20.198578445504772,0,0
2119,-0.9877070089814586,1.001752846984,20.198578445504772,0,0
2120,-0.9877070089814586,1.001752846984,20.198578445504772,0,0
2121,-0.9877070089814586,1.001752846984,20.198578445504772,0,0
2122,-0.9877070089814586,1.001752846984,20.198578445504772,0,0
2123,-0.9877070089814586,1.001915489732,20.198578445504772,0,0
2124,-0.9877070089814586,1.002319821948,20.198578445504772,0,0
2125,-0.9877070089814586,1.002319821948,20.198578445504772,0,0
2126,-0.9877070089814586,1.002319821948,20.198578445504772,0,0
2127,-0.9877070089814586,1.002319821948,20.198578445504772,0,0
2128,-0.9877070089814586,1.002319821948,20.198578445504772,0,0
2129,-0.9877070089814586,1.002887185122,20.198578445504772,0,0
2130,-0.9877070089814586,1.002887185122,20.198578445504772,0,0
2131,-0.9877070089814586,1.002887185122,20.198578445504772,0,0
2132,-0.9876372174365768,1.002887185122,20.198578445504772,0,0
2133,-0.9876372174365768,1.003529691933,20.198578445504772,0,0
2134,-0.9876372174365768,1.003529691933,20.198578445504772,0,0
2135,-0.9876372174365768,1.003529691933,20.198578445504772,0,0
2136,-0.9876372174365768,1.003529691933,20.198578445504772,0,0
2137,-0.9876372174365768,1.003976043257,20.198578445504772,0,0
2138,-0.9876372174365768,1.003976043257,20.198578445504772,0,0
2139,-0.9876041046598081,1.003976043257,20.198578445504772,0,0
2140,-0.9876041046598081,1.004208007768,20.198578445504772,0,0
2141,-0.9876041046598081,1.004208007768,20.198578445504772,0,0
2142,-0.9876041046598081,1.004208007768,20.198578445504772,0,0
2143,-0.9876041046598081,1.004208007768,20.198578445504772,0,0
2144,-0.9876041046598081,1.004208007768,20.198578445504772,0,0
2145,-0.9876041046598081,1.004401475603,20.198578445504772,0,0
2146,-0.9876041046598081,1.004401475603,20.198578445504772,0,0
2147,-0.9876041046598081,1.004401475603,20.198578445504772,0,0
2148,-0.9876041046598081,1.004401475603,20.198578445504772,0,0
2149,-0.9876041046598081,1.004629025004,20.198578445504772,0,0
2150,-0.9875124077395256,1.004629025004,20.198578445504772,0,0
2151,-0.9875124077395256,1.004629025004,20.198578445504772,0,0
2152,-0.9875124077395256,1.004859434541,20.198578445504772,0,0
2153,-0.9875124077395256,1.004857719319,20.198578445504772,0,0
2154,-0.9875108794575209,1.004822439521,20.198578445504772,0,0
2155,-0.9874629932880401,1.005058391714,20.198578445504772,0,0
2156,-0.9874629932880401,1.005222554708,20.198578445504772,0,0
2157,-0.9874629932880401,1.005262318384,20.198578445504772,0,0
2158,-0.9874629932880401,1.005502427027,20.198578445504772,0,0
2159,-0.9874629932880401,1.005705074833,20.198578445504772,0,0
2160,-0.9874492387499976,1.005810201913,20.198578445504772,0,0
2161,-0.9874487293226628,1.005840731935,20.198578445504772,0,0
2162,-0.987431918220611,1.006062592365,20.198578445504772,0,0
2163,-0.987415616545894,1.006372965294,20.198578445504772,0,0
2164,-0.987415616545894,1.00636017053,20.198578445504772,0,0
2165,-0.987415616545894,1.006374490554,20.198578445504772,0,0
2166,-0.987415616545894,1.006606491014,20.198578445504772,0,0
2167,-0.987415616545894,1.006821060731,20.198578445504772,0,0
2168,-0.987415616545894,1.006929175728,20.198578445504772,0,0
2169,-0.987415616545894,1.007155908923,20.198578445504772,0,0
2170,-0.987415616545894,1.007277926938,20.198578445504772,0,0
2171,-0.987415616545894,1.007504731571,20.198578445504772,0,0
2172,-0.987415616545894,1.007874934446,20.198578445504772,0,0
2173,-0.987415616545894,1.007648058808,20.198578445504772,0,0
2174,-0.987415616545894,1.007458044305,20.198578445504772,0,0
2175,-0.987347353283017,1.007779693907,20.198578445504772,0,0
2176,-0.987347353283017,1.007510654227,20.198578445504772,0,0
2177,-0.987347353283017,1.007434398353,20.198578445504772,0,0
2178,-0.987347353283017,1.007445092954,20.198578445504772,0,0
2179,-0.987347353283017,1.007445092954,20.198578445504772,0,0
2180,-0.987347353283017,1.007445092954,20.198578445504772,0,0
2181,-0.987347353283017,1.007462772183,20.198578445504772,0,0
2182,-0.987347353283017,1.007247570097,20.198578445504772,0,0
2183,-0.987347353283017,1.007247570097,20.198578445504772,0,0
2184,-0.987347353283017,1.007378679855,20.198578445504772,0,0
2185,-0.987347353283017,1.007053137313,20.198578445504772,0,0
2186,-0.987347353283017,1.00702485945,20.198578445504772,0,0
2187,-0.987347353283017,1.007256034155,20.198578445504772,0,0
2188,-0.987347353283017,1.006835673028,20.198578445504772,0,0
2189,-0.987347353283017,1.006638385456,20.198578445504772,0,0
2190,-0.987347353283017,1.006638385456,20.198578445504772,0,0
2191,-0.987347353283017,1.00667836228,20.198578445504772,0,0
2192,-0.987347353283017,1.006385718784,20.198578445504772,0,0
2193,-0.9872612600634185,1.00626876637,20.198578445504772,0,0
2194,-0.9872612600634185,1.006339731159,20.198578445504772,0,0
2195,-0.9872403735426876,1.005854358381,20.198578445504772,0,0
2196,-0.9872403735426876,1.005794431059,20.198578445504772,0,0
2197,-0.9872403735426876,1.005756262178,20.198578445504772,0,0
2198,-0.9872403735426876,1.005265059277,20.198578445504772,0,0
2199,-0.9872403735426876,1.005394521662,20.198578445504772,0,0
2200,-0.9872154116032772,1.004872259073,20.198578445504772,0,0
2201,-0.9872154116032772,1.004542145276,20.198578445504772,0,0
2202,-0.9872154116032772,1.004636636737,20.198578445504772,0,0
2203,-0.9872154116032772,1.004276023231,20.198578445504772,0,0
2204,-0.9872154116032772,1.004276023231,20.198578445504772,0,0
2205,-0.9872154116032772,1.004284878399,20.198578445504772,0,0
2206,-0.9872154116032772,1.003803179081,20.198578445504772,0,0
2207,-0.9872154116032772,1.003521858056,20.198578445504772,0,0
2208,-0.9872154116032772,1.003436493459,20.198578445504772,0,0
2209,-0.9872154116032772,1.002954551718,20.198578445504772,0,0
2210,-0.9872154116032772,1.002772807847,20.198578445504772,0,0
2211,-0.9872154116032772,1.002189775241,20.198578445504772,0,0
2212,-0.9871282995290089,1.00167628373,20.198578445504772,0,0
2213,-0.9871282995290089,1.001466167848,20.198578445504772,0,0
2214,-0.9871282995290089,1.001041028574,20.198578445504772,0,0
2215,-0.9871262618196692,1.000827072858,20.198578445504772,0,0
2216,-0.9871262618196692,1.000989935553,20.198578445504772,0,0
2217,-0.9871262618196692,1.000620074237,20.198578445504772,0,0
2218,-0.9871262618196692,1.000549936007,20.198578445504772,0,0
2219,-0.9871262618196692,1.000549936007,20.198578445504772,0,0
2220,-0.9871262618196692,1.000534384415,20.198578445504772,0,0
2221,-0.9871262618196692,1.000272679476,20.198578445504772,0,0
2222,-0.9871262618196692,1.000063725059,20.198578445504772,0,0
2223,-0.9871262618196692,0.999943109572,20.198578445504772,0,0
2224,-0.9871262618196692,0.999987081723,20.198578445504772,0,0
2225,-0.9871262618196692,0.999665524141,20.198578445504772,0,0
2226,-0.9871262618196692,0.999475766421,20.198578445504772,0,0
2227,-0.9871262618196692,0.999296130792,20.198578445504772,0,0
2228,-0.9871262618196692,0.999131487806,20.198578445504772,0,0
2229,-0.9871262618196692,0.998951766711,20.198578445504772,0,0
2230,-0.9871262618196692,0.998785727476,20.198578445504772,0,0
2231,-0.9870671682488206,0.998785727476,20.198578445504772,0,0
2232,-0.9870671682488206,0.998582011496,20.198578445504772,0,0
2233,-0.9870671682488206,0.99836555858,20.198578445504772,0,0
2234,-0.9870671682488206,0.998149097782,20.198578445504772,0,0
2235,-0.9870671682488206,0.998054287545,20.198578445504772,0,0
2236,-0.9870671682488206,0.997747945728,20.198578445504772,0,0
2237,-0.9870671682488206,0.997531390019,20.198578445504772,0,0
2238,-0.9869713959098587,0.99725544207,20.198578445504772,0,0
2239,-0.9869713959098587,0.996906680606,20.198578445504772,0,0
2240,-0.986964773354505,0.996669032881,20.198578445504772,0,0
2241,-0.986964773354505,0.99643136418,20.198578445504772,0,0
2242,-0.986964773354505,0.996407781603,20.198578445504772,0,0
2243,-0.986964773354505,0.995982259215,20.198578445504772,0,0
2244,-0.986964773354505,0.995744495577,20.198578445504772,0,0
2245,-0.986964773354505,0.995721490308,20.198578445504772,0,0
2246,-0.986964773354505,0.995329764282,20.198578445504772,0,0
2247,-0.986964773354505,0.995229578944,20.198578445504772,0,0
2248,-0.986964773354505,0.995229578944,20.198578445504772,0,0
2249,-0.986964773354505,0.994813663348,20.198578445504772,0,0
2250,-0.986964773354505,0.994623347154,20.198578445504772,0,0
2251,-0.986964773354505,0.994623347154,20.198578445504772,0,0
2252,-0.986964773354505,0.994169258414,20.198578445504772,0,0
2253,-0.986964773354505,0.993986543485,20.198578445504772,0,0
2254,-0.986964773354505,0.993986543485,20.198578445504772,0,0
2255,-0.9869617167904956,0.993444414054,20.198578445504772,0,0
2256,-0.9869617167904956,0.993433888472,20.198578445504772,0,0
2257,-0.9868817366989158,0.993433888472,20.198578445504772,0,0
2258,-0.9868817366989158,0.993094614315,20.198578445504772,0,0
2259,-0.9868817366989158,0.993094614315,20.198578445504772,0,0
2260,-0.9868817366989158,0.993094614315,20.198578445504772,0,0
2261,-0.9868817366989158,0.993094614315,20.198578445504772,0,0
2262,-0.9868817366989158,0.992929711435,20.198578445504772,0,0
2263,-0.9868817366989158,0.992929711435,20.198578445504772,0,0
2264,-0.9868817366989158,0.992929711435,20.198578445504772,0,0
2265,-0.9868817366989158,0.992929711435,20.198578445504772,0,0
2266,-0.9868817366989158,0.992484413065,20.198578445504772,0,0
2267,-0.9868817366989158,0.992484413065,20.198578445504772,0,0
2268,-0.9868817366989158,0.992484413065,20.198578445504772,0,0
2269,-0.9868817366989158,0.992484413065,20.198578445504772,0,0
2270,-0.9868817366989158,0.991870000666,20.198578445504772,0,0
2271,-0.9868817366989158,0.991870000666,20.198578445504772,0,0
2272,-0.9868817366989158,0.991870000666,20.198578445504772,0,0
2273,-0.9868817366989158,0.991870000666,20.198578445504772,0,0
2274,-0.9868817366989158,0.991275657301,20.198578445504772,0,0
2275,-0.9868817366989158,0.991275657301,20.198578445504772,0,0
2276,-0.9868109262993643,0.991275657301,20.198578445504772,0,0
2277,-0.9868109262993643,0.991275657301,20.198578445504772,0,0
2278,-0.9868109262993643,0.990702557011,20.198578445504772,0,0
2279,-0.9868109262993643,0.990702557011,20.198578445504772,0,0
2280,-0.9868109262993643,0.990702557011,20.198578445504772,0,0
2281,-0.9868109262993643,0.990702557011,20.198578445504772,0,0
2282,-0.9868109262993643,0.990126468793,20.198578445504772,0,0
2283,-0.9867936057699775,0.990126468793,20.198578445504772,0,0
2284,-0.9867936057699775,0.990126468793,20.198578445504772,0,0
2285,-0.9867691532579024,0.990126468793,20.198578445504772,0,0
2286,-0.9867691532579024,0.989551996308,20.198578445504772,0,0
2287,-0.9867691532579024,0.989551996308,20.198578445504772,0,0
2288,-0.9867691532579024,0.989551996308,20.198578445504772,0,0
2289,-0.9867691532579024,0.98908139097,20.198578445504772,0,0
2290,-0.9867691532579024,0.98908139097,20.198578445504772,0,0
2291,-0.9867691532579024,0.98908139097,20.198578445504772,0,0
2292,-0.9867691532579024,0.98908139097,20.198578445504772,0,0
2293,-0.9867691532579024,0.98873094127,20.198578445504772,0,0
2294,-0.9867207576610866,0.98873094127,20.198578445504772,0,0
2295,-0.9867207576610866,0.98873094127,20.198578445504772,0,0
2296,-0.9867207576610866,0.988334550859,20.198578445504772,0,0
2297,-0.9867207576610866,0.988334550859,20.198578445504772,0,0
2298,-0.9867141351057327,0.988334550859,20.198578445504772,0,0
2299,-0.9867141351057327,0.988334550859,20.198578445504772,0,0
2300,-0.9867141351057327,0.988019697071,20.198578445504772,0,0
2301,-0.9867141351057327,0.988019697071,20.198578445504772,0,0
2302,-0.9867141351057327,0.988019697071,20.198578445504772,0,0
2303,-0.9867141351057327,0.988019697071,20.198578445504772,0,0
2304,-0.9867141351057327,0.988019697071,20.198578445504772,0,0
2305,-0.9867141351057327,0.987832254169,20.198578445504772,0,0
2306,-0.9867141351057327,0.987832254169,20.198578445504772,0,0
2307,-0.9867141351057327,0.987832254169,20.198578445504772,0,0
2308,-0.9867141351057327,0.987832254169,20.198578445504772,0,0
2309,-0.9867141351057327,0.987832254169,20.198578445504772,0,0
2310,-0.9867141351057327,0.987832254169,20.198578445504772,0,0
2311,-0.9867141351057327,0.987621736961,20.198578445504772,0,0
2312,-0.9867141351057327,0.987621736961,20.198578445504772,0,0
2313,-0.9866168344847663,0.987621736961,20.198578445504772,0,0
2314,-0.9866168344847663,0.987621736961,20.198578445504772,0,0
2315,-0.9866168344847663,0.987621736961,20.198578445504772,0,0
2316,-0.9866168344847663,0.987531153445,20.198578445504772,0,0
2317,-0.9866168344847663,0.987531153445,20.198578445504772,0,0
2318,-0.9866168344847663,0.987531153445,20.198578445504772,0,0
2319,-0.9866168344847663,0.987531153445,20.198578445504772,0,0
2320,-0.9866168344847663,0.98778053624,20.198578445504772,0,0
2321,-0.9866168344847663,0.98778053624,20.198578445504772,0,0
2322,-0.9866168344847663,0.98778053624,20.198578445504772,0,0
2323,-0.9866168344847663,0.98778053624,20.198578445504772,0,0
2324,-0.9866168344847663,0.98778053624,20.198578445504772,0,0
2325,-0.9866168344847663,0.98778053624,20.198578445504772,0,0
2326,-0.9866168344847663,0.988345646512,20.198578445504772,0,0
2327,-0.9866168344847663,0.988345646512,20.198578445504772,0,0
2328,-0.9865954385367004,0.988345646512,20.198578445504772,0,0
2329,-0.9865954385367004,0.988345646512,20.198578445504772,0,0
2330,-0.9865653823239411,0.988345646512,20.198578445504772,0,0
2331,-0.9865653823239411,0.988345646512,20.198578445504772,0,0
2332,-0.9864925342150501,0.989221046222,20.198578445504772,0,0
2333,-0.9864925342150501,0.989221046222,20.198578445504772,0,0
2334,-0.9864925342150501,0.989221046222,20.198578445504772,0,0
2335,-0.9864899870783754,0.989221046222,20.198578445504772,0,0
2336,-0.9864899870783754,0.99011125585,20.198578445504772,0,0
2337,-0.9864899870783754,0.99011125585,20.198578445504772,0,0
2338,-0.9864899870783754,0.99011125585,20.198578445504772,0,0
2339,-0.9864899870783754,0.990893462249,20.198578445504772,0,0
2340,-0.9864899870783754,0.990893462249,20.198578445504772,0,0
2341,-0.9864899870783754,0.990893462249,20.198578445504772,0,0
2342,-0.9864899870783754,0.990893462249,20.198578445504772,0,0
2343,-0.9864899870783754,0.990893462249,20.198578445504772,0,0
2344,-0.9864899870783754,0.991650088486,20.198578445504772,0,0
2345,-0.9864899870783754,0.991650088486,20.198578445504772,0,0
2346,-0.9863809696287063,0.991650088486,20.198578445504772,0,0
2347,-0.9863809696287063,0.992238474866,20.198578445504772,0,0
2348,-0.9863809696287063,0.992238474866,20.198578445504772,0,0
2349,-0.9863809696287063,0.992238474866,20.198578445504772,0,0
2350,-0.9863809696287063,0.992238474866,20.198578445504772,0,0
2351,-0.9863809696287063,0.993028330553,20.198578445504772,0,0
2352,-0.9863809696287063,0.993028330553,20.198578445504772,0,0
2353,-0.9863809696287063,0.993028330553,20.198578445504772,0,0
2354,-0.9863809696287063,0.993834766756,20.198578445504772,0,0
2355,-0.9863809696287063,0.993834766756,20.198578445504772,0,0
2356,-0.9863809696287063,0.993943995304,20.198578445504772,0,0
2357,-0.9863809696287063,0.994181203768,20.198578445504772,0,0
2358,-0.9863809696287063,0.995162098822,20.198578445504772,0,0
2359,-0.9863809696287063,0.995162098822,20.198578445504772,0,0
2360,-0.9863809696287063,0.995326689136,20.198578445504772,0,0
2361,-0.9863809696287063,0.995534009343,20.198578445504772,0,0
2362,-0.9863804602013715,0.996395027494,20.198578445504772,0,0
2363,-0.9863804602013715,0.996395027494,20.198578445504772,0,0
2364,-0.9863804602013715,0.996562528037,20.198578445504772,0,0
2365,-0.9863152535025039,0.996805486335,20.198578445504772,0,0
2366,-0.986314744075169,0.997444957102,20.198578445504772,0,0
2367,-0.986314744075169,0.997568377376,20.198578445504772,0,0
2368,-0.986314744075169,0.997811299904,20.198578445504772,0,0
2369,-0.986314744075169,0.998421989463,20.198578445504772,0,0
2370,-0.986314744075169,0.998501814566,20.198578445504772,0,0
2371,-0.986314744075169,0.998744384217,20.198578445504772,0,0
2372,-0.986314744075169,0.999337110488,20.198578445504772,0,0
2373,-0.986314744075169,0.999513509969,20.198578445504772,0,0
2374,-0.986314744075169,0.999755724307,20.198578445504772,0,0
2375,-0.9862913104177633,1.000054331962,20.198578445504772,0,0
2376,-0.9862913104177633,1.00079220022,20.198578445504772,0,0
2377,-0.9862913104177633,1.000989221882,20.198578445504772,0,0
2378,-0.9862913104177633,1.001243726967,20.198578445504772,0,0
2379,-0.9862913104177633,1.001637825973,20.198578445504772,0,0
2380,-0.9862913104177633,1.002090014311,20.198578445504772,0,0
2381,-0.9862913104177633,1.002377263376,20.198578445504772,0,0
2382,-0.9862913104177633,1.002770804366,20.198578445504772,0,0
2383,-0.9862913104177633,1.003189887201,20.198578445504772,0,0
2384,-0.9862179528815374,1.003851477185,20.198578445504772,0,0
2385,-0.9862179528815374,1.004380543124,20.198578445504772,0,0
2386,-0.9862179528815374,1.005102522303,20.198578445504772,0,0
2387,-0.9862179528815374,1.005764274833,20.198578445504772,0,0
2388,-0.9862179528815374,1.006364835056,20.198578445504772,0,0
2389,-0.9862179528815374,1.00708573116,20.198578445504772,0,0
2390,-0.9862179528815374,1.007806685213,20.198578445504772,0,0
2391,-0.9861950286514667,1.008117332373,20.198578445504772,0,0
2392,-0.9861950286514667,1.008778726968,20.198578445504772,0,0
2393,-0.9861929909421272,1.009504897941,20.198578445504772,0,0
2394,-0.9861929909421272,1.009803606465,20.198578445504772,0,0
2395,-0.9861929909421272,1.010250877869,20.198578445504772,0,0
2396,-0.9861929909421272,1.010610557906,20.198578445504772,0,0
2397,-0.9861929909421272,1.011144733247,20.198578445504772,0,0
2398,-0.9861929909421272,1.011221397629,20.198578445504772,0,0
2399,-0.9861929909421272,1.011577540011,20.198578445504772,0,0
2400,-0.9861929909421272,1.012000143539,20.198578445504772,0,0
2401,-0.9861929909421272,1.012534422356,20.198578445504772,0,0
2402,-0.9861929909421272,1.012388272549,20.198578445504772,0,0
2403,-0.9861231993972455,1.012900734333,20.198578445504772,0,0
2404,-0.9861231993972455,1.013559406915,20.198578445504772,0,0
2405,-0.9861231993972455,1.014218105537,20.198578445504772,0,0
2406,-0.9861221805425757,1.013843156331,20.198578445504772,0,0
2407,-0.9861221805425757,1.014403707506,20.198578445504772,0,0
2408,-0.9861221805425757,1.015063398624,20.198578445504772,0,0
2409,-0.9861221805425757,1.014707864869,20.198578445504772,0,0
2410,-0.9861221805425757,1.015016716902,20.198578445504772,0,0
2411,-0.9861221805425757,1.015383057839,20.198578445504772,0,0
2412,-0.9861221805425757,1.015846392247,20.198578445504772,0,0
2413,-0.9861221805425757,1.016309775706,20.198578445504772,0,0
2414,-0.9861221805425757,1.016891510981,20.198578445504772,0,0
2415,-0.9861221805425757,1.016130483805,20.198578445504772,0,0
2416,-0.9861221805425757,1.016593362963,20.198578445504772,0,0
2417,-0.9861221805425757,1.017056285729,20.198578445504772,0,0
2418,-0.9861221805425757,1.017615573993,20.198578445504772,0,0
2419,-0.9861221805425757,1.018232883483,20.198578445504772,0,0
2420,-0.986083973492458,1.017688963861,20.198578445504772,0,0
2421,-0.9860284459129536,1.018108679176,20.198578445504772,0,0
2422,-0.9860284459129536,1.018568351649,20.198578445504772,0,0
2423,-0.9860284459129536,1.019323401619,20.198578445504772,0,0
2424,-0.9860284459129536,1.018890460435,20.198578445504772,0,0
2425,-0.9860284459129536,1.019309789022,20.198578445504772,0,0
2426,-0.9860284459129536,1.019728521664,20.198578445504772,0,0
2427,-0.9860284459129536,1.020296286434,20.198578445504772,0,0
2428,-0.9860284459129536,1.019988058983,20.198578445504772,0,0
2429,-0.9860284459129536,1.020328814622,20.198578445504772,0,0
2430,-0.9860284459129536,1.020668982639,20.198578445504772,0,0
2431,-0.9860284459129536,1.021009175989,20.198578445504772,0,0
2432,-0.9860284459129536,1.021480063263,20.198578445504772,0,0
2433,-0.9860284459129536,1.021069958157,20.198578445504772,0,0
2434,-0.9860284459129536,1.021409917132,20.198578445504772,0,0
2435,-0.9860284459129536,1.021827527832,20.198578445504772,0,0
2436,-0.9860131630929065,1.022364692436,20.198578445504772,0,0
2437,-0.9860131630929065,1.022067285053,20.198578445504772,0,0
2438,-0.9860131630929065,1.022254679246,20.198578445504772,0,0
2439,-0.9860131630929065,1.022684146246,20.198578445504772,0,0
2440,-0.9859382772746756,1.023312206001,20.198578445504772,0,0
2441,-0.9859382772746756,1.023031435594,20.198578445504772,0,0
2442,-0.9859382772746756,1.023281098396,20.198578445504772,0,0
2443,-0.9859082210619163,1.023759260231,20.198578445504772,0,0
2444,-0.9858939570965393,1.023599047463,20.198578445504772,0,0
2445,-0.9858939570965393,1.023834366257,20.198578445504772,0,0
2446,-0.9858939570965393,1.024069699396,20.198578445504772,0,0
2447,-0.9858939570965393,1.023623229117,20.198578445504772,0,0
2448,-0.9858939570965393,1.023814945893,20.198578445504772,0,0
2449,-0.9858939570965393,1.024006678851,20.198578445504772,0,0
2450,-0.9858939570965393,1.023525620777,20.198578445504772,0,0
2451,-0.9858939570965393,1.023477386604,20.198578445504772,0,0
2452,-0.9858939570965393,1.023669068257,20.198578445504772,0,0
2453,-0.9858939570965393,1.023860767386,20.198578445504772,0,0
2454,-0.9858939570965393,1.02337189037,20.198578445504772,0,0
2455,-0.9858939570965393,1.023399084529,20.198578445504772,0,0
2456,-0.9858939570965393,1.023577160141,20.198578445504772,0,0
2457,-0.9858939570965393,1.023354608823,20.198578445504772,0,0
2458,-0.9858878439685204,1.023279232713,20.198578445504772,0,0
2459,-0.9858878439685204,1.023279232713,20.198578445504772,0,0
2460,-0.9858878439685204,1.023362518117,20.198578445504772,0,0
2461,-0.9858878439685204,1.023123092762,20.198578445504772,0,0
2462,-0.9858878439685204,1.023119364094,20.198578445504772,0,0
2463,-0.9857834113648651,1.023119364094,20.198578445504772,0,0
2464,-0.9857834113648651,1.023285952884,20.198578445504772,0,0
2465,-0.9857701662541578,1.023174535267,20.198578445504772,0,0
2466,-0.9857701662541578,1.023174535267,20.198578445504772,0,0
2467,-0.9857701662541578,1.023287764538,20.198578445504772,0,0
2468,-0.9857701662541578,1.023330712406,20.198578445504772,0,0
2469,-0.9857701662541578,1.02337239843,20.198578445504772,0,0
2470,-0.9857701662541578,1.02358036045,20.198578445504772,0,0
2471,-0.9857701662541578,1.02381753618,20.198578445504772,0,0
2472,-0.9857701662541578,1.02368069401,20.198578445504772,0,0
2473,-0.9857701662541578,1.02388871235,20.198578445504772,0,0
2474,-0.9857701662541578,1.024096744773,20.198578445504772,0,0
2475,-0.9857701662541578,1.024122301877,20.198578445504772,0,0
2476,-0.9857701662541578,1.023914212056,20.198578445504772,0,0
2477,-0.9857701662541578,1.023930563051,20.198578445504772,0,0
2478,-0.9857701662541578,1.024030064711,20.198578445504772,0,0
2479,-0.9857701662541578,1.023821886454,20.198578445504772,0,0
2480,-0.9857701662541578,1.023665287358,20.198578445504772,0,0
2481,-0.9856825447525546,1.02358888785,20.198578445504772,0,0
2482,-0.9856825447525546,1.023328909426,20.198578445504772,0,0
2483,-0.9856825447525546,1.023534451115,20.198578445504772,0,0
2484,-0.9856825447525546,1.023197422199,20.198578445504772,0,0
2485,-0.9856825447525546,1.022992853269,20.198578445504772,0,0
2486,-0.9856825447525546,1.022885617306,20.198578445504772,0,0
2487,-0.9856825447525546,1.023004861595,20.198578445504772,0,0
2488,-0.9856596205224839,1.022715363604,20.198578445504772,0,0
2489,-0.9856596205224839,1.022497110477,20.198578445504772,0,0
2490,-0.9856596205224839,1.022695922381,20.198578445504772,0,0
2491,-0.9856596205224839,1.022259103889,20.198578445504772,0,0
2492,-0.9856596205224839,1.021822250204,20.198578445504772,0,0
2493,-0.9856596205224839,1.022141647448,20.198578445504772,0,0
2494,-0.9856596205224839,1.021559765564,20.198578445504772,0,0
2495,-0.9856596205224839,1.021122514305,20.198578445504772,0,0
2496,-0.9856596205224839,1.020685233777,20.198578445504772,0,0
2497,-0.9856596205224839,1.020850293913,20.198578445504772,0,0
2498,-0.9856596205224839,1.020165360233,20.198578445504772,0,0
2499,-0.9856596205224839,1.019727644555,20.198578445504772,0,0
2500,-0.9855837158495833,1.01921821481,20.198578445504772,0,0
2501,-0.9855837158495833,1.019268286437,20.198578445504772,0,0
2502,-0.9855837158495833,1.018472652791,20.198578445504772,0,0
2503,-0.9855791310035691,1.017840435483,20.198578445504772,0,0
2504,-0.9855791310035691,1.01840833577,20.198578445504772,0,0
2505,-0.9855791310035691,1.017768106418,20.198578445504772,0,0
2506,-0.9855791310035691,1.017157859047,20.198578445504772,0,0
2507,-0.9855791310035691,1.016766774301,20.198578445504772,0,0
2508,-0.9855791310035691,1.017382372464,20.198578445504772,0,0
2509,-0.9855791310035691,1.016820528023,20.198578445504772,0,0
2510,-0.9855470370814703,1.016317426864,20.198578445504772,0,0
2511,-0.9855470370814703,1.01590469515,20.198578445504772,0,0
2512,-0.9855470370814703,1.016183718517,20.198578445504772,0,0
2513,-0.9855470370814703,1.015563790558,20.198578445504772,0,0
2514,-0.9855470370814703,1.01494383078,20.198578445504772,0,0
2515,-0.9855470370814703,1.014448712917,20.198578445504772,0,0
2516,-0.9855470370814703,1.014530383364,20.198578445504772,0,0
2517,-0.9855470370814703,1.013909519516,20.198578445504772,0,0
2518,-0.9855470370814703,1.013440236294,20.198578445504772,0,0
2519,-0.9854716418359046,1.012936538523,20.198578445504772,0,0
2520,-0.9854629815712113,1.012786818334,20.198578445504772,0,0
2521,-0.9854629815712113,1.012272082506,20.198578445504772,0,0
2522,-0.9854629815712113,1.011764644149,20.198578445504772,0,0
2523,-0.9854629815712113,1.011450853677,20.198578445504772,0,0
2524,-0.9854629815712113,1.010880306783,20.198578445504772,0,0
2525,-0.9854629815712113,1.010372084216,20.198578445504772,0,0
2526,-0.9854629815712113,1.010081980221,20.198578445504772,0,0
2527,-0.9854629815712113,1.009506434858,20.198578445504772,0,0
2528,-0.9854629815712113,1.009001303155,20.198578445504772,0,0
2529,-0.9854629815712113,1.00863343837,20.198578445504772,0,0
2530,-0.9854629815712113,1.008265551408,20.198578445504772,0,0
2531,-0.9854629815712113,1.008000275235,20.198578445504772,0,0
2532,-0.9854629815712113,1.007447541665,20.198578445504772,0,0
2533,-0.9854410761958106,1.006965892353,20.198578445504772,0,0
2534,-0.9854410761958106,1.006571135273,20.198578445504772,0,0
2535,-0.9854410761958106,1.006031851662,20.198578445504772,0,0
2536,-0.9854410761958106,1.005438729468,20.198578445504772,0,0
2537,-0.9854410761958106,1.004972808038,20.198578445504772,0,0
2538,-0.985380454342957,1.004504675437,20.198578445504772,0,0
2539,-0.985380454342957,1.003985256208,20.198578445504772,0,0
2540,-0.985380454342957,1.003516333187,20.198578445504772,0,0
2541,-0.9853402095834998,1.003140597746,20.198578445504772,0,0
2542,-0.9853402095834998,1.002419828749,20.198578445504772,0,0
2543,-0.9853402095834998,1.002160755074,20.198578445504772,0,0
2544,-0.9853402095834998,1.001960230435,20.198578445504772,0,0
2545,-0.985338681301495,1.00144224638,20.198578445504772,0,0
2546,-0.985338681301495,1.001234774619,20.198578445504772,0,0
2547,-0.9853127005074149,1.001011644227,20.198578445504772,0,0
2548,-0.9853127005074149,1.00096614191,20.198578445504772,0,0
2549,-0.9853127005074149,1.000493745138,20.198578445504772,0,0
2550,-0.9853127005074149,1.000270205111,20.198578445504772,0,0
2551,-0.9853127005074149,1.000046652324,20.198578445504772,0,0
2552,-0.9853127005074149,1.00003306813,20.198578445504772,0,0
2553,-0.9853127005074149,0.999547496092,20.198578445504772,0,0
2554,-0.9853127005074149,0.999337444225,20.198578445504772,0,0
2555,-0.9852887574226745,0.999112916863,20.198578445504772,0,0
2556,-0.9852887574226745,0.998702987717,20.198578445504772,0,0
2557,-0.9852887574226745,0.998478072655,20.198578445504772,0,0
2558,-0.9852887574226745,0.998253141837,20.198578445504772,0,0
2559,-0.9852887574226745,0.998028200969,20.198578445504772,0,0
2560,-0.9851858531010242,0.997428254583,20.198578445504772,0,0
2561,-0.9851833059643496,0.997139007687,20.198578445504772,0,0
2562,-0.9851833059643496,0.9968735723,20.198578445504772,0,0
2563,-0.9851833059643496,0.996225471819,20.198578445504772,0,0
2564,-0.9851833059643496,0.996040502182,20.198578445504772,0,0
2565,-0.9851833059643496,0.996040502182,20.198578445504772,0,0
2566,-0.9851833059643496,0.995247282799,20.198578445504772,0,0
2567,-0.9851833059643496,0.995247282799,20.198578445504772,0,0
2568,-0.9851833059643496,0.995247282799,20.198578445504772,0,0
2569,-0.9851833059643496,0.995247282799,20.198578445504772,0,0
2570,-0.9851833059643496,0.994272639554,20.198578445504772,0,0
2571,-0.9851833059643496,0.994272639554,20.198578445504772,0,0
2572,-0.9851833059643496,0.994272639554,20.198578445504772,0,0
2573,-0.9851833059643496,0.994272639554,20.198578445504772,0,0
2574,-0.9851833059643496,0.993532758271,20.198578445504772,0,0
2575,-0.9851833059643496,0.993532758271,20.198578445504772,0,0
2576,-0.9851833059643496,0.993532758271,20.198578445504772,0,0
2577,-0.9851833059643496,0.992718508041,20.198578445504772,0,0
2578,-0.9851833059643496,0.992718508041,20.198578445504772,0,0
2579,-0.985118099265482,0.992718508041,20.198578445504772,0,0
2580,-0.985118099265482,0.992718508041,20.198578445504772,0,0
2581,-0.985118099265482,0.991803722589,20.198578445504772,0,0
2582,-0.985118099265482,0.991803722589,20.198578445504772,0,0
2583,-0.985118099265482,0.991803722589,20.198578445504772,0,0
2584,-0.985118099265482,0.991803722589,20.198578445504772,0,0
2585,-0.985118099265482,0.99096496854,20.198578445504772,0,0
2586,-0.9850839676340435,0.99096496854,20.198578445504772,0,0
2587,-0.9850839676340435,0.99096496854,20.198578445504772,0,0
2588,-0.9850839676340435,0.990274875293,20.198578445504772,0,0
2589,-0.9849887047224168,0.990274875293,20.198578445504772,0,0
2590,-0.9849887047224168,0.990274875293,20.198578445504772,0,0
2591,-0.9849887047224168,0.990274875293,20.198578445504772,0,0
2592,-0.9849887047224168,0.98963046979,20.198578445504772,0,0
2593,-0.9849876858677469,0.98963046979,20.198578445504772,0,0
2594,-0.9849876858677469,0.98963046979,20.198578445504772,0,0
2595,-0.9849876858677469,0.98923735456,20.198578445504772,0,0
2596,-0.9849876858677469,0.98923735456,20.198578445504772,0,0
2597,-0.9849876858677469,0.98923735456,20.198578445504772,0,0
2598,-0.9849876858677469,0.989170309076,20.198578445504772,0,0
2599,-0.9849876858677469,0.989170309076,20.198578445504772,0,0
2600,-0.9849744407570395,0.989170309076,20.198578445504772,0,0
2601,-0.9849744407570395,0.989113591218,20.198578445504772,0,0
2602,-0.9849744407570395,0.989113591218,20.198578445504772,0,0
2603,-0.9849744407570395,0.989113591218,20.198578445504772,0,0
2604,-0.9849744407570395,0.989113591218,20.198578445504772,0,0
2605,-0.9849744407570395,0.98897028077,20.198578445504772,0,0
2606,-0.9849744407570395,0.98897028077,20.198578445504772,0,0
2607,-0.9849744407570395,0.98897028077,20.198578445504772,0,0
2608,-0.9848939512381247,0.98897028077,20.198578445504772,0,0
2609,-0.9848914041014503,0.989132260156,20.198578445504772,0,0
2610,-0.9848914041014503,0.989132260156,20.198578445504772,0,0
2611,-0.9848914041014503,0.989132260156,20.198578445504772,0,0
2612,-0.9848914041014503,0.989408608662,20.198578445504772,0,0
2613,-0.9848914041014503,0.989408608662,20.198578445504772,0,0
2614,-0.9848914041014503,0.989408608662,20.198578445504772,0,0
2615,-0.9848914041014503,0.989674473408,20.198578445504772,0,0
2616,-0.9848914041014503,0.989674473408,20.198578445504772,0,0
2617,-0.9848914041014503,0.989674473408,20.198578445504772,0,0
2618,-0.9848914041014503,0.990073651802,20.198578445504772,0,0
2619,-0.9848914041014503,0.990073651802,20.198578445504772,0,0
2620,-0.9848914041014503,0.990073651802,20.198578445504772,0,0
2621,-0.9848914041014503,0.990368530466,20.198578445504772,0,0
2622,-0.9848914041014503,0.990368530466,20.198578445504772,0,0
2623,-0.9848914041014503,0.990368530466,20.198578445504772,0,0
2624,-0.9848914041014503,0.990780227846,20.198578445504772,0,0
2625,-0.9848914041014503,0.990780227846,20.198578445504772,0,0
2626,-0.9848914041014503,0.990780227846,20.198578445504772,0,0
2627,-0.9848216125565685,0.990780227846,20.198578445504772,0,0
2628,-0.9848216125565685,0.991075005343,20.198578445504772,0,0
2629,-0.9848216125565685,0.991075005343,20.198578445504772,0,0
2630,-0.9848216125565685,0.991075005343,20.198578445504772,0,0
2631,-0.9848216125565685,0.991318840795,20.198578445504772,0,0
2632,-0.9848205937018988,0.991318840795,20.198578445504772,0,0
2633,-0.9848205937018988,0.991318840795,20.198578445504772,0,0
2634,-0.9847925751984792,0.991452792928,20.198578445504772,0,0
2635,-0.9847925751984792,0.991452792928,20.198578445504772,0,0
2636,-0.9847925751984792,0.991452792928,20.198578445504772,0,0
2637,-0.9847925751984792,0.991452792928,20.198578445504772,0,0
2638,-0.9847304250636211,0.991474414193,20.198578445504772,0,0
2639,-0.9847304250636211,0.991474414193,20.198578445504772,0,0
2640,-0.9847304250636211,0.991474414193,20.198578445504772,0,0
2641,-0.9847304250636211,0.991517708204,20.198578445504772,0,0
2642,-0.9847304250636211,0.991517708204,20.198578445504772,0,0
2643,-0.9847304250636211,0.991789652872,20.198578445504772,0,0
2644,-0.9847304250636211,0.991789652872,20.198578445504772,0,0
2645,-0.9847294062089511,0.991789652872,20.198578445504772,0,0
2646,-0.9847294062089511,0.992172873331,20.198578445504772,0,0
2647,-0.9847294062089511,0.992172873331,20.198578445504772,0,0
2648,-0.9847294062089511,0.992172873331,20.198578445504772,0,0
2649,-0.9847294062089511,0.992172873331,20.198578445504772,0,0
2650,-0.9847294062089511,0.992507573011,20.198578445504772,0,0
2651,-0.9847294062089511,0.992507573011,20.198578445504772,0,0
2652,-0.9847294062089511,0.992507573011,20.198578445504772,0,0
2653,-0.9847283873542814,0.992507573011,20.198578445504772,0,0
2654,-0.9847283873542814,0.993141505759,20.198578445504772,0,0
2655,-0.9847283873542814,0.993141505759,20.198578445504772,0,0
2656,-0.9847283873542814,0.993141505759,20.198578445504772,0,0
2657,-0.984651973254046,0.993141505759,20.198578445504772,0,0
2658,-0.9846494261173715,0.993900870345,20.198578445504772,0,0
2659,-0.9846494261173715,0.993900870345,20.198578445504772,0,0
2660,-0.9846494261173715,0.993900870345,20.198578445504772,0,0
2661,-0.9846494261173715,0.993918485819,20.198578445504772,0,0
2662,-0.9846494261173715,0.99476842512,20.198578445504772,0,0
2663,-0.9846494261173715,0.99476842512,20.198578445504772,0,0
2664,-0.9846494261173715,0.99476842512,20.198578445504772,0,0
2665,-0.9846494261173715,0.99487317182,20.198578445504772,0,0
2666,-0.9846494261173715,0.995729314202,20.198578445504772,0,0
2667,-0.9846494261173715,0.995729314202,20.198578445504772,0,0
2668,-0.9846494261173715,0.995729314202,20.198578445504772,0,0
2669,-0.9846494261173715,0.99584535474,20.198578445504772,0,0
2670,-0.9846494261173715,0.99655053261,20.198578445504772,0,0
2671,-0.9846494261173715,0.99655053261,20.198578445504772,0,0
2672,-0.9846494261173715,0.99655053261,20.198578445504772,0,0
2673,-0.9846494261173715,0.99655053261,20.198578445504772,0,0
2674,-0.9846494261173715,0.996955866884,20.198578445504772,0,0
2675,-0.9846494261173715,0.996955866884,20.198578445504772,0,0
2676,-0.9845735214444709,0.996955866884,20.198578445504772,0,0
2677,-0.9845735214444709,0.996955866884,20.198578445504772,0,0
2678,-0.9845735214444709,0.997050884576,20.198578445504772,0,0
2679,-0.9845735214444709,0.997146557542,20.198578445504772,0,0
2680,-0.9845735214444709,0.997344119787,20.198578445504772,0,0
2681,-0.9845735214444709,0.997541693572,20.198578445504772,0,0
2682,-0.9845735214444709,0.997739277199,20.198578445504772,0,0
2683,-0.9845434652317115,0.997727977846,20.198578445504772,0,0
2684,-0.9845434652317115,0.997944171893,20.198578445504772,0,0
2685,-0.9845434652317115,0.99816038085,20.198578445504772,0,0
2686,-0.9845434652317115,0.998087939145,20.198578445504772,0,0
2687,-0.9844502400294244,0.998325927668,20.198578445504772,0,0
2688,-0.9844502400294244,0.998599911533,20.198578445504772,0,0
2689,-0.9844502400294244,0.998486532127,20.198578445504772,0,0
2690,-0.9844400514827263,0.998766784208,20.198578445504772,0,0
2691,-0.9844400514827263,0.999060961694,20.198578445504772,0,0
2692,-0.9844400514827263,0.999153745253,20.198578445504772,0,0
2693,-0.9844400514827263,0.999390553518,20.198578445504772,0,0
2694,-0.9844400514827263,0.999657582008,20.198578445504772,0,0
2695,-0.9844400514827263,0.999850770759,20.198578445504772,0,0
2696,-0.9844400514827263,1.000086920666,20.198578445504772,0,0
2697,-0.9844400514827263,1.000347283724,20.198578445504772,0,0
2698,-0.9844400514827263,1.000784797326,20.198578445504772,0,0
2699,-0.9844400514827263,1.000844854782,20.198578445504772,0,0
2700,-0.9844400514827263,1.00106356651,20.198578445504772,0,0
2701,-0.9844400514827263,1.001460642627,20.198578445504772,0,0
2702,-0.9844364854913821,1.001621242696,20.198578445504772,0,0
2703,-0.9844364854913821,1.001803510534,20.198578445504772,0,0
2704,-0.9844364854913821,1.00198578739,20.198578445504772,0,0
2705,-0.9844364854913821,1.002212948985,20.198578445504772,0,0
2706,-0.9843498828444486,1.002274427519,20.198578445504772,0,0
2707,-0.9843498828444486,1.00251027033,20.198578445504772,0,0
2708,-0.9843498828444486,1.002746126148,20.198578445504772,0,0
2709,-0.9843498828444486,1.002470426392,20.198578445504772,0,0
2710,-0.9843498828444486,1.002705595234,20.198578445504772,0,0
2711,-0.9843498828444486,1.002940781156,20.198578445504772,0,0
2712,-0.9843498828444486,1.002351584956,20.198578445504772,0,0
2713,-0.9843498828444486,1.002524062553,20.198578445504772,0,0
2714,-0.9843498828444486,1.00275920118,20.198578445504772,0,0
2715,-0.9843498828444486,1.00225244229,20.198578445504772,0,0
2716,-0.9843498828444486,1.002469762171,20.198578445504772,0,0
2717,-0.9843498828444486,1.002219169189,20.198578445504772,0,0
2718,-0.9843498828444486,1.001984771709,20.198578445504772,0,0
2719,-0.9843498828444486,1.002208312575,20.198578445504772,0,0
2720,-0.9843498828444486,1.001970575924,20.198578445504772,0,0
2721,-0.9842551293601567,1.001893137758,20.198578445504772,0,0
2722,-0.9842551293601567,1.002137070421,20.198578445504772,0,0
2723,-0.9842551293601567,1.00225713345,20.198578445504772,0,0
2724,-0.9842551293601567,1.00225713345,20.198578445504772,0,0
2725,-0.9842551293601567,1.002411925922,20.198578445504772,0,0
2726,-0.9842551293601567,1.002521950435,20.198578445504772,0,0
2727,-0.9842551293601567,1.002521950435,20.198578445504772,0,0
2728,-0.9842551293601567,1.002565034353,20.198578445504772,0,0
2729,-0.9842551293601567,1.002621669141,20.198578445504772,0,0
2730,-0.984253601078152,1.002621669141,20.198578445504772,0,0
2731,-0.984253601078152,1.002621669141,20.198578445504772,0,0
2732,-0.984253601078152,1.002506277243,20.198578445504772,0,0
2733,-0.984253601078152,1.002506277243,20.198578445504772,0,0
2734,-0.984253601078152,1.002506277243,20.198578445504772,0,0
2735,-0.984232205130086,1.002621237557,20.198578445504772,0,0
2736,-0.984232205130086,1.002349501431,20.198578445504772,0,0
2737,-0.984232205130086,1.002349501431,20.198578445504772,0,0
2738,-0.984232205130086,1.00251178597,20.198578445504772,0,0
2739,-0.984232205130086,1.002295213068,20.198578445504772,0,0
2740,-0.9841308290904403,1.002295213068,20.198578445504772,0,0
2741,-0.9841308290904403,1.002318755309,20.198578445504772,0,0
2742,-0.9841308290904403,1.00214410626,20.198578445504772,0,0
2743,-0.9841308290904403,1.00214410626,20.198578445504772,0,0
2744,-0.9841308290904403,1.00214410626,20.198578445504772,0,0
2745,-0.9841308290904403,1.002022617339,20.198578445504772,0,0
2746,-0.9841308290904403,1.002022617339,20.198578445504772,0,0
2747,-0.9841308290904403,1.002022617339,20.198578445504772,0,0
2748,-0.9841308290904403,1.002232488916,20.198578445504772,0,0
2749,-0.9841308290904403,1.002074267881,20.198578445504772,0,0
2750,-0.9841287913811008,1.002074267881,20.198578445504772,0,0
2751,-0.9841287913811008,1.00221874328,20.198578445504772,0,0
2752,-0.9841287913811008,1.00229544079,20.198578445504772,0,0
2753,-0.9841287913811008,1.00229544079,20.198578445504772,0,0
2754,-0.9841287913811008,1.00229544079,20.198578445504772,0,0
2755,-0.9841287913811008,1.002364390038,20.198578445504772,0,0
2756,-0.9841287913811008,1.002556197925,20.198578445504772,0,0
2757,-0.9841287913811008,1.002528179422,20.198578445504772,0,0
2758,-0.9840376038881531,1.002528179422,20.198578445504772,0,0
2759,-0.9840376038881531,1.002539424681,20.198578445504772,0,0
2760,-0.9840376038881531,1.00278724347,20.198578445504772,0,0
2761,-0.9840376038881531,1.002613904934,20.198578445504772,0,0
2762,-0.9840376038881531,1.002613904934,20.198578445504772,0,0
2763,-0.9840376038881531,1.002657932348,20.198578445504772,0,0
2764,-0.9840376038881531,1.002401619413,20.198578445504772,0,0
2765,-0.9840090759573985,1.002401619413,20.198578445504772,0,0
2766,-0.9840090759573985,1.002401619413,20.198578445504772,0,0
2767,-0.9840090759573985,1.001985349303,20.198578445504772,0,0
2768,-0.9840090759573985,1.001985349303,20.198578445504772,0,0
2769,-0.9840090759573985,1.001985349303,20.198578445504772,0,0
2770,-0.9840090759573985,1.001293919171,20.198578445504772,0,0
2771,-0.9840090759573985,1.001293919171,20.198578445504772,0,0
2772,-0.9840090759573985,1.001293919171,20.198578445504772,0,0
2773,-0.9840090759573985,1.001293919171,20.198578445504772,0,0
2774,-0.9840090759573985,1.000641290682,20.198578445504772,0,0
2775,-0.9840090759573985,1.000641290682,20.198578445504772,0,0
2776,-0.9840090759573985,1.000641290682,20.198578445504772,0,0
2777,-0.9839097376270924,0.99998084522,20.198578445504772,0,0
2778,-0.9839097376270924,0.99998084522,20.198578445504772,0,0
2779,-0.9839097376270924,0.99998084522,20.198578445504772,0,0
2780,-0.983854210047588,0.999294298582,20.198578445504772,0,0
2781,-0.983854210047588,0.999294298582,20.198578445504772,0,0
2782,-0.983854210047588,0.999294298582,20.198578445504772,0,0
2783,-0.9837997013227535,0.998798718421,20.198578445504772,0,0
2784,-0.9837976636134138,0.998798718421,20.198578445504772,0,0
2785,-0.9837976636134138,0.998487307921,20.198578445504772,0,0
2786,-0.9837976636134138,0.998487307921,20.198578445504772,0,0
2787,-0.9837976636134138,0.998487307921,20.198578445504772,0,0
2788,-0.9837976636134138,0.998154335068,20.198578445504772,0,0
2789,-0.9837976636134138,0.998154335068,20.198578445504772,0,0
2790,-0.9837976636134138,0.998154335068,20.198578445504772,0,0
2791,-0.9837793242293573,0.997695269941,20.198578445504772,0,0
2792,-0.9837783053746876,0.997695269941,20.198578445504772,0,0
2793,-0.9837783053746876,0.997159630852,20.198578445504772,0,0
2794,-0.9837783053746876,0.997159630852,20.198578445504772,0,0
2795,-0.9837783053746876,0.997159630852,20.198578445504772,0,0
2796,-0.9837783053746876,0.996508241777,20.198578445504772,0,0
2797,-0.9837783053746876,0.996508241777,20.198578445504772,0,0
2798,-0.9837783053746876,0.996258578728,20.198578445504772,0,0
2799,-0.9837783053746876,0.996258578728,20.198578445504772,0,0
2800,-0.9837783053746876,0.996258578728,20.198578445504772,0,0
2801,-0.9837783053746876,0.996521567583,20.198578445504772,0,0
2802,-0.9837783053746876,0.996521567583,20.198578445504772,0,0
2803,-0.9837171740944992,0.996521567583,20.198578445504772,0,0
2804,-0.9837171740944992,0.996959086336,20.198578445504772,0,0
2805,-0.9837171740944992,0.996959086336,20.198578445504772,0,0
2806,-0.9837171740944992,0.996959086336,20.198578445504772,0,0
2807,-0.9837171740944992,0.996959086336,20.198578445504772,0,0
2808,-0.9837171740944992,0.997396345756,20.198578445504772,0,0
2809,-0.9837171740944992,0.997396345756,20.198578445504772,0,0
2810,-0.9837171740944992,0.997396345756,20.198578445504772,0,0
2811,-0.9837171740944992,0.997837915374,20.198578445504772,0,0
2812,-0.9837171740944992,0.997837915374,20.198578445504772,0,0
2813,-0.9837171740944992,0.997837915374,20.198578445504772,0,0
2814,-0.9837171740944992,0.998287421794,20.198578445504772,0,0
2815,-0.9837171740944992,0.998287421794,20.198578445504772,0,0
2816,-0.9837171740944992,0.998287421794,20.198578445504772,0,0
2817,-0.9837171740944992,0.998287421794,20.198578445504772,0,0
2818,-0.9837171740944992,0.998669856922,20.198578445504772,0,0
2819,-0.9837171740944992,0.998669856922,20.198578445504772,0,0
2820,-0.9837171740944992,0.998669856922,20.198578445504772,0,0
2821,-0.9836305714475657,0.998669856922,20.198578445504772,0,0
2822,-0.9836305714475657,0.998798454464,20.198578445504772,0,0
2823,-0.9836305714475657,0.998798454464,20.198578445504772,0,0
2824,-0.9836305714475657,0.998798454464,20.198578445504772,0,0
2825,-0.9836005152348064,0.998688820555,20.198578445504772,0,0
2826,-0.9836005152348064,0.998688820555,20.198578445504772,0,0
2827,-0.9836005152348064,0.998688820555,20.198578445504772,0,0
2828,-0.9835740250133915,0.998700449791,20.198578445504772,0,0
2829,-0.9835740250133915,0.998700449791,20.198578445504772,0,0
2830,-0.9835740250133915,0.998700449791,20.198578445504772,0,0
2831,-0.9835740250133915,0.998700449791,20.198578445504772,0,0
2832,-0.9835740250133915,0.998812171988,20.198578445504772,0,0
2833,-0.9835740250133915,0.998812171988,20.198578445504772,0,0
2834,-0.9835740250133915,0.998812171988,20.198578445504772,0,0
2835,-0.9835740250133915,0.999016048008,20.198578445504772,0,0
2836,-0.9835740250133915,0.999016048008,20.198578445504772,0,0
2837,-0.9835740250133915,0.999016048008,20.198578445504772,0,0
2838,-0.9835735155860565,0.999307769017,20.198578445504772,0,0
2839,-0.9835735155860565,0.999307769017,20.198578445504772,0,0
2840,-0.9834879317937928,0.999307769017,20.198578445504772,0,0
2841,-0.9834879317937928,0.999536646352,20.198578445504772,0,0
2842,-0.9834879317937928,0.999536646352,20.198578445504772,0,0
2843,-0.9834823280931089,0.999536646352,20.198578445504772,0,0
2844,-0.9834823280931089,0.999568714012,20.198578445504772,0,0
2845,-0.9834823280931089,0.999568714012,20.198578445504772,0,0
2846,-0.9834823280931089,0.999568714012,20.198578445504772,0,0
2847,-0.9834823280931089,0.999411986809,20.198578445504772,0,0
2848,-0.9834823280931089,0.999411986809,20.198578445504772,0,0
2849,-0.9834823280931089,0.999411986809,20.198578445504772,0,0
2850,-0.9834823280931089,0.999411986809,20.198578445504772,0,0
2851,-0.9834823280931089,0.999012641114,20.198578445504772,0,0
2852,-0.9834823280931089,0.999012641114,20.198578445504772,0,0
2853,-0.9834823280931089,0.999012641114,20.198578445504772,0,0
2854,-0.9834823280931089,0.999012641114,20.198578445504772,0,0
2855,-0.9834823280931089,0.998525104367,20.198578445504772,0,0
2856,-0.9834823280931089,0.998525104367,20.198578445504772,0,0
2857,-0.9834823280931089,0.998525104367,20.198578445504772,0,0
2858,-0.9834823280931089,0.998525104367,20.198578445504772,0,0
2859,-0.9834140648302319,0.998013278786,20.198578445504772,0,0
2860,-0.9834140648302319,0.998013278786,20.198578445504772,0,0
2861,-0.9834120271208924,0.998013278786,20.198578445504772,0,0
2862,-0.9834120271208924,0.997421710347,20.198578445504772,0,0
2863,-0.9834120271208924,0.997421710347,20.198578445504772,0,0
2864,-0.9834120271208924,0.997421710347,20.198578445504772,0,0
2865,-0.9834115176935574,0.997442983661,20.198578445504772,0,0
2866,-0.9834115176935574,0.996551290024,20.198578445504772,0,0
2867,-0.9834115176935574,0.996551290024,20.198578445504772,0,0
2868,-0.9834115176935574,0.996566504664,20.198578445504772,0,0
2869,-0.9834115176935574,0.996751452153,20.198578445504772,0,0
2870,-0.9833840086174728,0.995509252673,20.198578445504772,0,0
2871,-0.9833840086174728,0.995515827454,20.198578445504772,0,0
2872,-0.9833840086174728,0.995717091647,20.198578445504772,0,0
2873,-0.9833615938147369,0.994545882905,20.198578445504772,0,0
2874,-0.9833615938147369,0.994545882905,20.198578445504772,0,0
2875,-0.9833615938147369,0.99463638236,20.198578445504772,0,0
2876,-0.9833615938147369,0.993441140158,20.198578445504772,0,0
2877,-0.9833615938147369,0.993484355533,20.198578445504772,0,0
2878,-0.9832856891418364,0.993743967916,20.198578445504772,0,0
2879,-0.9832856891418364,0.992435088172,20.198578445504772,0,0
2880,-0.9832388218270254,0.992685791036,20.198578445504772,0,0
2881,-0.9832388218270254,0.990970403185,20.198578445504772,0,0
2882,-0.9832388218270254,0.990970403185,20.198578445504772,0,0
2883,-0.9832388218270254,0.991174561138,20.198578445504772,0,0
2884,-0.9832388218270254,0.989134700048,20.198578445504772,0,0
2885,-0.9832357652630159,0.989350093165,20.198578445504772,0,0
2886,-0.9832332181263415,0.989587490737,20.198578445504772,0,0
2887,-0.9832184447336292,0.987096733851,20.198578445504772,0,0
2888,-0.9832031619135821,0.987351364249,20.198578445504772,0,0
2889,-0.9832031619135821,0.987588064477,20.198578445504772,0,0
2890,-0.9832031619135821,0.984764302804,20.198578445504772,0,0
2891,-0.9832031619135821,0.985000313372,20.198578445504772,0,0
2892,-0.9832031619135821,0.985220578905,20.198578445504772,0,0
2893,-0.9832031619135821,0.985440854264,20.198578445504772,0,0
2894,-0.9832031619135821,0.982053096108,20.198578445504772,0,0
2895,-0.9832031619135821,0.982202789723,20.198578445504772,0,0
2896,-0.9832031619135821,0.982422387777,20.198578445504772,0,0
2897,-0.9832031619135821,0.982641992828,20.198578445504772,0,0
2898,-0.9832031619135821,0.979207470774,20.198578445504772,0,0
2899,-0.9830926161819082,0.978923519339,20.198578445504772,0,0
2900,-0.9830910878999035,0.979065646547,20.198578445504772,0,0
2901,-0.9830910878999035,0.975656547143,20.198578445504772,0,0
2902,-0.9830910878999035,0.975373012,20.198578445504772,0,0
2903,-0.9830910878999035,0.975199777213,20.198578445504772,0,0
2904,-0.9830910878999035,0.975302613673,20.198578445504772,0,0
2905,-0.9830910878999035,0.971348285361,20.198578445504772,0,0
2906,-0.9830910878999035,0.971116016989,20.198578445504772,0,0
2907,-0.9830910878999035,0.97103364389,20.198578445504772,0,0
2908,-0.9830910878999035,0.966860724319,20.198578445504772,0,0
2909,-0.9830890501905638,0.966631471806,20.198578445504772,0,0
2910,-0.9830890501905638,0.966402204839,20.198578445504772,0,0
2911,-0.9830890501905638,0.966359346448,20.198578445504772,0,0
2912,-0.9830890501905638,0.96210803769,20.198578445504772,0,0
2913,-0.9830890501905638,0.962079268774,20.198578445504772,0,0
2914,-0.9830890501905638,0.962087974854,20.198578445504772,0,0
2915,-0.9830661259604934,0.958681814893,20.198578445504772,0,0
2916,-0.9830661259604934,0.958681814893,20.198578445504772,0,0
2917,-0.9830661259604934,0.958681814893,20.198578445504772,0,0
2918,-0.9829999004069558,0.956013776323,20.198578445504772,0,0
2919,-0.9829999004069558,0.956013776323,20.198578445504772,0,0
2920,-0.9829999004069558,0.956172736748,20.198578445504772,0,0
2921,-0.9829999004069558,0.954173902507,20.198578445504772,0,0
2922,-0.9829999004069558,0.954419543489,20.198578445504772,0,0
2923,-0.9829999004069558,0.953124213296,20.198578445504772,0,0
2924,-0.9829999004069558,0.953244817906,20.198578445504772,0,0
2925,-0.982920429742711,0.953525305658,20.198578445504772,0,0
2926,-0.982920429742711,0.95278460954,20.198578445504772,0,0
2927,-0.982920429742711,0.953063917309,20.198578445504772,0,0
2928,-0.982920429742711,0.953135951235,20.198578445504772,0,0
2929,-0.982920429742711,0.953135951235,20.198578445504772,0,0
2930,-0.982920429742711,0.953341508815,20.198578445504772,0,0
2931,-0.982920429742711,0.953953335017,20.198578445504772,0,0
2932,-0.982920429742711,0.953953335017,20.198578445504772,0,0
2933,-0.982920429742711,0.955259270765,20.198578445504772,0,0
2934,-0.982920429742711,0.955259270765,20.198578445504772,0,0
2935,-0.982920429742711,0.955387803077,20.198578445504772,0,0
2936,-0.982920429742711,0.957114225709,20.198578445504772,0,0
2937,-0.982920429742711,0.957114428991,20.198578445504772,0,0
2938,-0.9829178826060365,0.95736217216,20.198578445504772,0,0
2939,-0.9829178826060365,0.959501316119,20.198578445504772,0,0
2940,-0.9829178826060365,0.959568136926,20.198578445504772,0,0
2941,-0.9829178826060365,0.96235824719,20.198578445504772,0,0
2942,-0.9829178826060365,0.96235824719,20.198578445504772,0,0
2943,-0.9829178826060365,0.962448467294,20.198578445504772,0,0
2944,-0.9828440156424756,0.965743664373,20.198578445504772,0,0
2945,-0.9828409590784661,0.965743664373,20.198578445504772,0,0
2946,-0.9828409590784661,0.965762486284,20.198578445504772,0,0
2947,-0.9828409590784661,0.969473867609,20.198578445504772,0,0
2948,-0.9828409590784661,0.969473867609,20.198578445504772,0,0
2949,-0.9828409590784661,0.969567610549,20.198578445504772,0,0
2950,-0.9828409590784661,0.973753841244,20.198578445504772,0,0
2951,-0.9828409590784661,0.973753841244,20.198578445504772,0,0
2952,-0.9828409590784661,0.973851368793,20.198578445504772,0,0
2953,-0.9828409590784661,0.974048658499,20.198578445504772,0,0
2954,-0.9828409590784661,0.978598814652,20.198578445504772,0,0
2955,-0.9828389213691267,0.978598814652,20.198578445504772,0,0
2956,-0.9828389213691267,0.978598814652,20.198578445504772,0,0
2957,-0.9828389213691267,0.983655086445,20.198578445504772,0,0
2958,-0.9828389213691267,0.983655086445,20.198578445504772,0,0
2959,-0.9828389213691267,0.983655086445,20.198578445504772,0,0
2960,-0.9828063180196929,0.983655086445,20.198578445504772,0,0
2961,-0.9828063180196929,0.988853177794,20.198578445504772,0,0
2962,-0.9828063180196929,0.988853177794,20.198578445504772,0,0
2963,-0.9827355076201414,0.988853177794,20.198578445504772,0,0
2964,-0.9827355076201414,0.994466040794,20.198578445504772,0,0
2965,-0.9827355076201414,0.994466040794,20.198578445504772,0,0
2966,-0.9827355076201414,0.994466040794,20.198578445504772,0,0
2967,-0.9827355076201414,0.994466040794,20.198578445504772,0,0
2968,-0.9827355076201414,1.000523915279,20.198578445504772,0,0
2969,-0.9827355076201414,1.000523915279,20.198578445504772,0,0
2970,-0.9827130928174055,1.000523915279,20.198578445504772,0,0
2971,-0.9827130928174055,1.000523915279,20.198578445504772,0,0
2972,-0.9827130928174055,1.006887372189,20.198578445504772,0,0
2973,-0.9827130928174055,1.006887372189,20.198578445504772,0,0
2974,-0.9827130928174055,1.006887372189,20.198578445504772,0,0
2975,-0.9827130928174055,1.006887372189,20.198578445504772,0,0
2976,-0.9827130928174055,1.013455398009,20.198578445504772,0,0
2977,-0.9827130928174055,1.013455398009,20.198578445504772,0,0
2978,-0.9827130928174055,1.013455398009,20.198578445504772,0,0
2979,-0.9827130928174055,1.013455398009,20.198578445504772,0,0
2980,-0.9827130928174055,1.020326389317,20.198578445504772,0,0
2981,-0.9826606218019105,1.020326389317,20.198578445504772,0,0
2982,-0.9826606218019105,1.020326389317,20.198578445504772,0,0
2983,-0.9826606218019105,1.020326389317,20.198578445504772,0,0
2984,-0.9826606218019105,1.027575928617,20.198578445504772,0,0
2985,-0.9826590935199058,1.027575928617,20.198578445504772,0,0
2986,-0.9826590935199058,1.027575928617,20.198578445504772,0,0
2987,-0.9826590935199058,1.027575928617,20.198578445504772,0,0
2988,-0.9826590935199058,1.035212777337,20.198578445504772,0,0
2989,-0.9826590935199058,1.035212777337,20.198578445504772,0,0
2990,-0.9826590935199058,1.035212777337,20.198578445504772,0,0
2991,-0.9826590935199058,1.035212777337,20.198578445504772,0,0
2992,-0.9826590935199058,1.035212777337,20.198578445504772,0,0
2993,-0.9826590935199058,1.042949755759,20.198578445504772,0,0
2994,-0.9826590935199058,1.042949755759,20.198578445504772,0,0
2995,-0.9826590935199058,1.042949755759,20.198578445504772,0,0
2996,-0.9826590935199058,1.042949755759,20.198578445504772,0,0
2997,-0.9826590935199058,1.042949755759,20.198578445504772,0,0
2998,-0.9826590935199058,1.042949755759,20.198578445504772,0,0
2999,-0.9826590935199058,1.042949755759,20.198578445504772,0,0
3000,-0.9825714720183025,1.042949755759,20.198578445504772,0,0
3001,-0.9825714720183025,1.042949755759,20.198578445504772,0,0
3002,-0.9825714720183025,1.042949755759,20.198578445504772,0,0
3003,-0.9825714720183025,1.042949755759,20.198578445504772,0,0
3004,-0.9825714720183025,1.042949755759,20.198578445504772,0,0
3005,-0.9825128878747889,1.043062636293,20.198578445504772,0,0
3006,-0.9825128878747889,1.043268606979,20.198578445504772,0,0
3007,-0.9825128878747889,1.043474590791,20.198578445504772,0,0
3008,-0.9825128878747889,1.043681703416,20.198578445504772,0,0
3009,-0.9825128878747889,1.044015322501,20.198578445504772,0,0
3010,-0.9825128878747889,1.044348964803,20.198578445504772,0,0
3011,-0.9825128878747889,1.04474066019,20.198578445504772,0,0
3012,-0.9825128878747889,1.04524119971,20.198578445504772,0,0
3013,-0.9825128878747889,1.045741776459,20.198578445504772,0,0
3014,-0.9825128878747889,1.046320691908,20.198578445504772,0,0
3015,-0.9824884353627135,1.047037867443,20.198578445504772,0,0
3016,-0.9824884353627135,1.04775508065,20.198578445504772,0,0
3017,-0.9824884353627135,1.04860721206,20.198578445504772,0,0
3018,-0.9824884353627135,1.049503840265,20.198578445504772,0,0
3019,-0.9824008138611102,1.050674670716,20.198578445504772,0,0
3020,-0.9824008138611102,1.052011366653,20.198578445504772,0,0
3021,-0.9823661728023367,1.053453647527,20.198578445504772,0,0
3022,-0.9823661728023367,1.055040703312,20.198578445504772,0,0
3023,-0.9823661728023367,1.056723546464,20.198578445504772,0,0
3024,-0.9823661728023367,1.058290152967,20.198578445504772,0,0
3025,-0.9823661728023367,1.06000103536,20.198578445504772,0,0
3026,-0.9823661728023367,1.061791665563,20.198578445504772,0,0
3027,-0.9823661728023367,1.063293737355,20.198578445504772,0,0
3028,-0.9823661728023367,1.064795906033,20.198578445504772,0,0
3029,-0.9823661728023367,1.066472991672,20.198578445504772,0,0
3030,-0.9823661728023367,1.06816318378,20.198578445504772,0,0
3031,-0.9823661728023367,1.069853535541,20.198578445504772,0,0
3032,-0.9823661728023367,1.071543974489,20.198578445504772,0,0
3033,-0.9823661728023367,1.07340067108,20.198578445504772,0,0
3034,-0.9823661728023367,1.075164987287,20.198578445504772,0,0
3035,-0.9823661728023367,1.076929464574,20.198578445504772,0,0
3036,-0.9823661728023367,1.078754120994,20.198578445504772,0,0
3037,-0.9823661728023367,1.080695305322,20.198578445504772,0,0
3038,-0.9823661728023367,1.082636562245,20.198578445504772,0,0
3039,-0.9823661728023367,1.084601739423,20.198578445504772,0,0
3040,-0.982312682932172,1.087045523322,20.198578445504772,0,0
3041,-0.982312682932172,1.089489477385,20.198578445504772,0,0
3042,-0.982312682932172,1.091933518656,20.198578445504772,0,0
3043,-0.982312682932172,1.094572895433,20.198578445504772,0,0
3044,-0.982312682932172,1.097220905572,20.198578445504772,0,0
3045,-0.982312682932172,1.099521505123,20.198578445504772,0,0
3046,-0.982312682932172,1.101934098779,20.198578445504772,0,0
3047,-0.982312682932172,1.104411967876,20.198578445504772,0,0
3048,-0.982312682932172,1.106890024977,20.198578445504772,0,0
3049,-0.982312682932172,1.109394747503,20.198578445504772,0,0
3050,-0.9822765135913938,1.112313933498,20.198578445504772,0,0
3051,-0.9822765135913938,1.115233302232,20.198578445504772,0,0
3052,-0.9822765135913938,1.118152898768,20.198578445504772,0,0
3053,-0.9822765135913938,1.121207414244,20.198578445504772,0,0
3054,-0.9822765135913938,1.124322076388,20.198578445504772,0,0
3055,-0.9822765135913938,1.127436921531,20.198578445504772,0,0
3056,-0.9822765135913938,1.130584575424,20.198578445504772,0,0
3057,-0.9822765135913938,1.133894481012,20.198578445504772,0,0
3058,-0.9822765135913938,1.137204568711,20.198578445504772,0,0
3059,-0.9821965334998142,1.141204963352,20.198578445504772,0,0
3060,-0.9821965334998142,1.145400296791,20.198578445504772,0,0
3061,-0.9821965334998142,1.149636431524,20.198578445504772,0,0
3062,-0.9821965334998142,1.153872761459,20.198578445504772,0,0
3063,-0.9821965334998142,1.158317995246,20.198578445504772,0,0
3064,-0.9821965334998142,1.161941760663,20.198578445504772,0,0
3065,-0.9821939863631395,1.165590384142,20.198578445504772,0,0
3066,-0.9821659678597199,1.169642678892,20.198578445504772,0,0
3067,-0.9821659678597199,1.173768237404,20.198578445504772,0,0
3068,-0.9821659678597199,1.177893951219,20.198578445504772,0,0
3069,-0.9821659678597199,1.181508885737,20.198578445504772,0,0
3070,-0.9821659678597199,1.18521456095,20.198578445504772,0,0
3071,-0.9821659678597199,1.188920596659,20.198578445504772,0,0
3072,-0.9821659678597199,1.192626758889,20.198578445504772,0,0
3073,-0.9820956668875034,1.197289710367,20.198578445504772,0,0
3074,-0.9820956668875034,1.201957865086,20.198578445504772,0,0
3075,-0.9820956668875034,1.206668457077,20.198578445504772,0,0
3076,-0.9820956668875034,1.211549377195,20.198578445504772,0,0
3077,-0.9820956668875034,1.21643069916,20.198578445504772,0,0
3078,-0.9820956668875034,1.221312141886,20.198578445504772,0,0
3079,-0.9820956668875034,1.22609312763,20.198578445504772,0,0
3080,-0.9820956668875034,1.230888336082,20.198578445504772,0,0
3081,-0.9820956668875034,1.235683908678,20.198578445504772,0,0
3082,-0.9820956668875034,1.240479632896,20.198578445504772,0,0
3083,-0.9820956668875034,1.244204110675,20.198578445504772,0,0
3084,-0.9820956668875034,1.247928789088,20.198578445504772,0,0
3085,-0.9820956668875034,1.251303605048,20.198578445504772,0,0
3086,-0.9820956668875034,1.254742661325,20.198578445504772,0,0
3087,-0.9820956668875034,1.258181956718,20.198578445504772,0,0
3088,-0.9820956668875034,1.261621538607,20.198578445504772,0,0
3089,-0.9820956668875034,1.26506134529,20.198578445504772,0,0
3090,-0.9820956668875034,1.268501410188,20.198578445504772,0,0
3091,-0.9820956668875034,1.271941688942,20.198578445504772,0,0
3092,-0.9820090642405699,1.276481170207,20.198578445504772,0,0
3093,-0.9820060076765604,1.281068149836,20.198578445504772,0,0
3094,-0.9820060076765604,1.285830134839,20.198578445504772,0,0
3095,-0.9819891965745087,1.290814228309,20.198578445504772,0,0
3096,-0.9819891965745087,1.295798671264,20.198578445504772,0,0
3097,-0.9819891965745087,1.300783342274,20.198578445504772,0,0
3098,-0.9819891965745087,1.305768357644,20.198578445504772,0,0
3099,-0.9819891965745087,1.310753668977,20.198578445504772,0,0
3100,-0.9819891965745087,1.315816358357,20.198578445504772,0,0
3101,-0.9819891965745087,1.320994000865,20.198578445504772,0,0
3102,-0.9819891965745087,1.326172076615,20.198578445504772,0,0
3103,-0.9819891965745087,1.331350459916,20.198578445504772,0,0
3104,-0.9819891965745087,1.335793275156,20.198578445504772,0,0
3105,-0.9819891965745087,1.34023639316,20.198578445504772,0,0
3106,-0.9819891965745087,1.344679791876,20.198578445504772,0,0
3107,-0.9819891965745087,1.349169101589,20.198578445504772,0,0
3108,-0.9819891965745087,1.353777664434,20.198578445504772,0,0
3109,-0.9819891965745087,1.3583865361,20.198578445504772,0,0
3110,-0.9819891965745087,1.362995669059,20.198578445504772,0,0
3111,-0.9818969902268913,1.368915541426,20.198578445504772,0,0
3112,-0.9818969902268913,1.374835651137,20.198578445504772,0,0
3113,-0.9818969902268913,1.380818682516,20.198578445504772,0,0
3114,-0.9818969902268913,1.386416412694,20.198578445504772,0,0
3115,-0.9818969902268913,1.392014526487,20.198578445504772,0,0
3116,-0.9818969902268913,1.397612823274,20.198578445504772,0,0
3117,-0.9818969902268913,1.403211499494,20.198578445504772,0,0
3118,-0.9818684622961367,1.409230382902,20.198578445504772,0,0
3119,-0.9818684622961367,1.415315811124,20.198578445504772,0,0
3120,-0.9817991801785899,1.422597885095,20.198578445504772,0,0
3121,-0.9817991801785899,1.429880565025,20.198578445504772,0,0
3122,-0.9817991801785899,1.437163639915,20.198578445504772,0,0
3123,-0.9817991801785899,1.443224608102,20.198578445504772,0,0
3124,-0.9817991801785899,1.449298807338,20.198578445504772,0,0
3125,-0.9817991801785899,1.455562687986,20.198578445504772,0,0
3126,-0.9817991801785899,1.461826932356,20.198578445504772,0,0
3127,-0.9817991801785899,1.468091644107,20.198578445504772,0,0
3128,-0.9817991801785899,1.474356690874,20.198578445504772,0,0
3129,-0.9817991801785899,1.480581956937,20.198578445504772,0,0
3130,-0.9817991801785899,1.486387614775,20.198578445504772,0,0
3131,-0.9817991801785899,1.492357585409,20.198578445504772,0,0
3132,-0.9817991801785899,1.498327839374,20.198578445504772,0,0
3133,-0.9817991801785899,1.504298488239,20.198578445504772,0,0
3134,-0.9817991801785899,1.510269366207,20.198578445504772,0,0
3135,-0.9817991801785899,1.516240586334,20.198578445504772,0,0
3136,-0.9817991801785899,1.522212094275,20.198578445504772,0,0
3137,-0.9817991801785899,1.527144576466,20.198578445504772,0,0
3138,-0.9817991801785899,1.532121194129,20.198578445504772,0,0
3139,-0.9817192000870101,1.538437758588,20.198578445504772,0,0
3140,-0.9816978041389441,1.545113207805,20.198578445504772,0,0
3141,-0.9816978041389441,1.551789054149,20.198578445504772,0,0
3142,-0.9816978041389441,1.558465440756,20.198578445504772,0,0
3143,-0.9816978041389441,1.565212541612,20.198578445504772,0,0
3144,-0.9816978041389441,1.572092149931,20.198578445504772,0,0
3145,-0.9816978041389441,1.578972079304,20.198578445504772,0,0
3146,-0.9816978041389441,1.58585261084,20.198578445504772,0,0
3147,-0.9816978041389441,1.592733462722,20.198578445504772,0,0
3148,-0.9816978041389441,1.599614864858,20.198578445504772,0,0
3149,-0.9816978041389441,1.606591124887,20.198578445504772,0,0
3150,-0.9816978041389441,1.613675905921,20.198578445504772,0,0
3151,-0.9816978041389441,1.620761072108,20.198578445504772,0,0
3152,-0.9816978041389441,1.627846743115,20.198578445504772,0,0
3153,-0.9816978041389441,1.634932736824,20.198578445504772,0,0
3154,-0.9816978041389441,1.642019174418,20.198578445504772,0,0
3155,-0.9816978041389441,1.649225803205,20.198578445504772,0,0
3156,-0.9816978041389441,1.654926780492,20.198578445504772,0,0
3157,-0.9816346351494163,1.661726403812,20.198578445504772,0,0
3158,-0.9816346351494163,1.668526261261,20.198578445504772,0,0
3159,-0.9816346351494163,1.675018310467,20.198578445504772,0,0
3160,-0.9816346351494163,1.681510620299,20.198578445504772,0,0
3161,-0.9816346351494163,1.688003446639,20.198578445504772,0,0
3162,-0.9816346351494163,1.694608576102,20.198578445504772,0,0
3163,-0.9816346351494163,1.701282463588,20.198578445504772,0,0
3164,-0.9816122203466804,1.708377601735,20.198578445504772,0,0
3165,-0.9816122203466804,1.71547324736,20.198578445504772,0,0
3166,-0.9816122203466804,1.722569218528,20.198578445504772,0,0
3167,-0.9816122203466804,1.729665715618,20.198578445504772,0,0
3168,-0.9816096732100059,1.736931633278,20.198578445504772,0,0
3169,-0.9816096732100059,1.744270067753,20.198578445504772,0,0
3170,-0.9816096732100059,1.751608938254,20.198578445504772,0,0
3171,-0.981514919725714,1.760775950418,20.198578445504772,0,0
3172,-0.981514919725714,1.769943358204,20.198578445504772,0,0
3173,-0.981514919725714,1.779111399324,20.198578445504772,0,0
3174,-0.981514919725714,1.788465801416,20.198578445504772,0,0
3175,-0.981514919725714,1.796043707196,20.198578445504772,0,0
3176,-0.981514919725714,1.803622095978,20.198578445504772,0,0
3177,-0.981514919725714,1.811200844878,20.198578445504772,0,0
3178,-0.981514919725714,1.81878013269,20.198578445504772,0,0
3179,-0.981514919725714,1.826359721855,20.198578445504772,0,0
3180,-0.981514919725714,1.834009819369,20.198578445504772,0,0
3181,-0.981514919725714,1.841784619969,20.198578445504772,0,0
3182,-0.981514919725714,1.848978369461,20.198578445504772,0,0
3183,-0.981514919725714,1.856172626812,20.198578445504772,0,0
3184,-0.981514919725714,1.86195502722,20.198578445504772,0,0
3185,-0.9814981086236623,1.868079255259,20.198578445504772,0,0
3186,-0.9814981086236623,1.87420376001,20.198578445504772,0,0
3187,-0.9814981086236623,1.880328871073,20.198578445504772,0,0
3188,-0.9814981086236623,1.88654952746,20.198578445504772,0,0
3189,-0.9814981086236623,1.892828647955,20.198578445504772,0,0
3190,-0.9814069211307146,1.901005711577,20.198578445504772,0,0
3191,-0.9814069211307146,1.90918335476,20.198578445504772,0,0
3192,-0.9814069211307146,1.917361425976,20.198578445504772,0,0
3193,-0.9814069211307146,1.925540128673,20.198578445504772,0,0
3194,-0.9814069211307146,1.933719196542,20.198578445504772,0,0
3195,-0.9814069211307146,1.94205810567,20.198578445504772,0,0
3196,-0.9814069211307146,1.950437552622,20.198578445504772,0,0
3197,-0.9814069211307146,1.958817729801,20.198578445504772,0,0
3198,-0.9814069211307146,1.967198142877,20.198578445504772,0,0
3199,-0.9814069211307146,1.975579240612,20.198578445504772,0,0
3200,-0.9814069211307146,1.983960771989,20.198578445504772,0,0
3201,-0.9814069211307146,1.992343004056,20.198578445504772,0,0
3202,-0.9814069211307146,2.000897793914,20.198578445504772,0,0
3203,-0.9814069211307146,2.007728164928,20.198578445504772,0,0
3204,-0.9814069211307146,2.014090126508,20.198578445504772,0,0
3205,-0.9814069211307146,2.020452634987,20.198578445504772,0,0
3206,-0.9814069211307146,2.026815473825,20.198578445504772,0,0
3207,-0.9814069211307146,2.033178808391,20.198578445504772,0,0
3208,-0.9813243939024603,2.041343726587,20.198578445504772,0,0
3209,-0.9813243939024603,2.049509109488,20.198578445504772,0,0
3210,-0.9813243939024603,2.05778333424,20.198578445504772,0,0
3211,-0.9813243939024603,2.066139616903,20.198578445504772,0,0
3212,-0.9813243939024603,2.074496327288,20.198578445504772,0,0
3213,-0.9813243939024603,2.082853499548,20.198578445504772,0,0
3214,-0.9813243939024603,2.091211056706,20.198578445504772,0,0
3215,-0.9812902622710218,2.100331475344,20.198578445504772,0,0
3216,-0.9812902622710218,2.109452343367,20.198578445504772,0,0
3217,-0.9812902622710218,2.118679463628,20.198578445504772,0,0
3218,-0.9812902622710218,2.12800874722,20.198578445504772,0,0
3219,-0.9812902622710218,2.137338861308,20.198578445504772,0,0
3220,-0.9812902622710218,2.146669485743,20.198578445504772,0,0
3221,-0.9812902622710218,2.154552316979,20.198578445504772,0,0
3222,-0.9812902622710218,2.162435669499,20.198578445504772,0,0
3223,-0.9812902622710218,2.170319579969,20.198578445504772,0,0
3224,-0.9812902622710218,2.178303714419,20.198578445504772,0,0
3225,-0.9812902622710218,2.186363836478,20.198578445504772,0,0
3226,-0.9812902622710218,2.194424395298,20.198578445504772,0,0
3227,-0.981205697333428,2.204459941538,20.198578445504772,0,0
3228,-0.9811573017366122,2.215100437611,20.198578445504772,0,0
3229,-0.9811573017366122,2.225741632956,20.198578445504772,0,0
3230,-0.9811547545999377,2.236533465811,20.198578445504772,0,0
3231,-0.9811547545999377,2.247467940801,20.198578445504772,0,0
3232,-0.9811547545999377,2.258341794283,20.198578445504772,0,0
3233,-0.9811547545999377,2.269216299823,20.198578445504772,0,0
3234,-0.9811547545999377,2.280091474833,20.198578445504772,0,0
3235,-0.9811547545999377,2.288749091147,20.198578445504772,0,0
3236,-0.9811547545999377,2.297539294275,20.198578445504772,0,0
3237,-0.9811547545999377,2.306330108507,20.198578445504772,0,0
3238,-0.9811547545999377,2.315121760599,20.198578445504772,0,0
3239,-0.9811547545999377,2.323913946507,20.198578445504772,0,0
3240,-0.981153226317933,2.332744136407,20.198578445504772,0,0
3241,-0.9811460943352444,2.341748595659,20.198578445504772,0,0
3242,-0.9811460943352444,2.35082640955,20.198578445504772,0,0
3243,-0.9811460943352444,2.360019635672,20.198578445504772,0,0
3244,-0.9811460943352444,2.369213576655,20.198578445504772,0,0
3245,-0.9811460943352444,2.378407957252,20.198578445504772,0,0
3246,-0.9811318303698671,2.387957764262,20.198578445504772,0,0
3247,-0.9810615293976503,2.399256435361,20.198578445504772,0,0
3248,-0.9810600011156458,2.410593808828,20.198578445504772,0,0
3249,-0.9809698324773679,2.423929984477,20.198578445504772,0,0
3250,-0.9809698324773679,2.437360085516,20.198578445504772,0,0
3251,-0.9809698324773679,2.45079079321,20.198578445504772,0,0
3252,-0.9809698324773679,2.464222343209,20.198578445504772,0,0
3253,-0.9809698324773679,2.47765460194,20.198578445504772,0,0
3254,-0.9809698324773679,2.488764355443,20.198578445504772,0,0
3255,-0.9809698324773679,2.499874791665,20.198578445504772,0,0
3256,-0.9809698324773679,2.510986231226,20.198578445504772,0,0
3257,-0.9809698324773679,2.522098483528,20.198578445504772,0,0
3258,-0.9809698324773679,2.533211668318,20.198578445504772,0,0
3259,-0.9809698324773679,2.544325733809,20.198578445504772,0,0
3260,-0.9809698324773679,2.555440638707,20.198578445504772,0,0
3261,-0.9809698324773679,2.566556327037,20.198578445504772,0,0
3262,-0.9809698324773679,2.577672763502,20.198578445504772,0,0
3263,-0.9809698324773679,2.588789939353,20.198578445504772,0,0
3264,-0.9809698324773679,2.599907775603,20.198578445504772,0,0
3265,-0.9809698324773679,2.611026290804,20.198578445504772,0,0
3266,-0.980875078993076,2.624550141483,20.198578445504772,0,0
3267,-0.980875078993076,2.638074674443,20.198578445504772,0,0
3268,-0.980875078993076,2.651599976288,20.198578445504772,0,0
3269,-0.9808740601384063,2.665151807998,20.198578445504772,0,0
3270,-0.9805897996855304,2.685918638862,20.198578445504772,0,0
3271,-0.9805897996855304,2.706686284252,20.198578445504772,0,0
3272,-0.9805897996855304,2.725352564373,20.198578445504772,0,0
3273,-0.9805892902581954,2.744033024777,20.198578445504772,0,0
3274,-0.9805882714035257,2.762740357467,20.198578445504772,0,0
3275,-0.9805042158932666,2.783582338022,20.198578445504772,0,0
3276,-0.9804838387998707,2.804942700722,20.198578445504772,0,0
3277,-0.9804838387998707,2.826304888406,20.198578445504772,0,0
3278,-0.9804838387998707,2.84766849761,20.198578445504772,0,0
3279,-0.9804838387998707,2.86816415772,20.198578445504772,0,0
3280,-0.9804838387998707,2.888661458579,20.198578445504772,0,0
3281,-0.9804838387998707,2.909160199476,20.198578445504772,0,0
3282,-0.9804838387998707,2.929660504785,20.198578445504772,0,0
3283,-0.9804838387998707,2.950162100499,20.198578445504772,0,0
3284,-0.9804838387998707,2.970665132593,20.198578445504772,0,0
3285,-0.9804838387998707,2.991169396722,20.198578445504772,0,0
3286,-0.9804838387998707,3.011674954403,20.198578445504772,0,0
3287,-0.9804838387998707,3.032181643952,20.198578445504772,0,0
3288,-0.9803885758882438,3.055107305496,20.198578445504772,0,0
3289,-0.9803865381789041,3.078085674915,20.198578445504772,0,0
3290,-0.9803865381789041,3.101065470488,20.198578445504772,0,0
3291,-0.9803865381789041,3.121891757705,20.198578445504772,0,0
3292,-0.9803865381789041,3.141486415814,20.198578445504772,0,0
3293,-0.9803865381789041,3.161082021462,20.198578445504772,0,0
3294,-0.9803865381789041,3.180613924657,20.198578445504772,0,0
3295,-0.9803865381789041,3.200147027654,20.198578445504772,0,0
3296,-0.9803865381789041,3.219681645903,20.198578445504772,0,0
3297,-0.9803865381789041,3.239217443517,20.198578445504772,0,0
3298,-0.9803855193242343,3.258780571306,20.198578445504772,0,0
3299,-0.9803855193242343,3.278345306304,20.198578445504772,0,0
3300,-0.9803855193242343,3.297911457625,20.198578445504772,0,0
3301,-0.9803855193242343,3.317479178396,20.198578445504772,0,0
3302,-0.9803855193242343,3.337048174596,20.198578445504772,0,0
3303,-0.9803855193242343,3.356618575661,20.198578445504772,0,0
3304,-0.9803855193242343,3.376151321112,20.198578445504772,0,0
3305,-0.9803855193242343,3.39550367153,20.198578445504772,0,0
3306,-0.9803855193242343,3.414857206254,20.198578445504772,0,0
3307,-0.9803019732413103,3.436332239637,20.198578445504772,0,0
3308,-0.9803019732413103,3.457808323727,20.198578445504772,0,0
3309,-0.9803019732413103,3.479285704129,20.198578445504772,0,0
3310,-0.9803019732413103,3.500400776561,20.198578445504772,0,0
3311,-0.9803019732413103,3.51972575266,20.198578445504772,0,0
3312,-0.9803019732413103,3.539012842499,20.198578445504772,0,0
3313,-0.9803019732413103,3.556003293348,20.198578445504772,0,0
3314,-0.9802780301565699,3.573603075619,20.198578445504772,0,0
3315,-0.9802780301565699,3.591203294382,20.198578445504772,0,0
3316,-0.9802780301565699,3.608805106098,20.198578445504772,0,0
3317,-0.9802780301565699,3.626407536726,20.198578445504772,0,0
3318,-0.9802780301565699,3.644011886677,20.198578445504772,0,0
3319,-0.9802780301565699,3.661616796989,20.198578445504772,0,0
3320,-0.9802464456618059,3.680025099384,20.198578445504772,0,0
3321,-0.9802464456618059,3.698433848259,20.198578445504772,0,0
3322,-0.9802464456618059,3.716844337786,20.198578445504772,0,0
3323,-0.9802464456618059,3.735255277857,20.198578445504772,0,0
3324,-0.9802464456618059,3.753667861734,20.198578445504772,0,0
3325,-0.9802464456618059,3.772080790798,20.198578445504772,0,0
3326,-0.980167484424896,3.792499213287,20.198578445504772,0,0
3327,-0.980167484424896,3.812917885331,20.198578445504772,0,0
3328,-0.980167484424896,3.833338145974,20.198578445504772,0,0
3329,-0.980167484424896,3.85375868168,20.198578445504772,0,0
3330,-0.980167484424896,3.871766530783,20.198578445504772,0,0
3331,-0.980167484424896,3.889774560381,20.198578445504772,0,0
3332,-0.980167484424896,3.907783881558,20.198578445504772,0,0
3333,-0.980167484424896,3.925767739791,20.198578445504772,0,0
3334,-0.980167484424896,3.936510009413,20.198578445504772,0,0
3335,-0.980167484424896,3.947252936673,20.198578445504772,0,0
3336,-0.980167484424896,3.957996677385,20.198578445504772,0,0
3337,-0.980167484424896,3.968728037323,20.198578445504772,0,0
3338,-0.980167484424896,3.979434252692,20.198578445504772,0,0
3339,-0.980167484424896,3.987999323041,20.198578445504772,0,0
3340,-0.980167484424896,3.996046039646,20.198578445504772,0,0
3341,-0.980167484424896,4.004093040674,20.198578445504772,0,0
3342,-0.980167484424896,4.01214076569,20.198578445504772,0,0
3343,-0.980167484424896,4.020188754816,20.198578445504772,0,0
3344,-0.980167484424896,4.028237446453,20.198578445504772,0,0
3345,-0.9800559198385521,4.03911775091,20.198578445504772,0,0
3346,-0.9800559198385521,4.049998770458,20.198578445504772,0,0
3347,-0.9800559198385521,4.06088023405,20.198578445504772,0,0
3348,-0.9800559198385521,4.071762480768,20.198578445504772,0,0
3349,-0.9800559198385521,4.082645138156,20.198578445504772,0,0
3350,-0.9800559198385521,4.093528491381,20.198578445504772,0,0
3351,-0.9800559198385521,4.104412337619,20.198578445504772,0,0
3352,-0.9800559198385521,4.112869813122,20.198578445504772,0,0
3353,-0.9800559198385521,4.121275863001,20.198578445504772,0,0
3354,-0.9800559198385521,4.129682471185,20.198578445504772,0,0
3355,-0.9800559198385521,4.138089932587,20.198578445504772,0,0
3356,-0.9800559198385521,4.146497909768,20.198578445504772,0,0
3357,-0.9800559198385521,4.154906671356,20.198578445504772,0,0
3358,-0.9800559198385521,4.163315902918,20.198578445504772,0,0
3359,-0.9800559198385521,4.171725848192,20.198578445504772,0,0
3360,-0.9800559198385521,4.180136190424,20.198578445504772,0,0
3361,-0.9800559198385521,4.188547175426,20.198578445504772,0,0
3362,-0.9800559198385521,4.196932561869,20.198578445504772,0,0
3363,-0.9799682983369489,4.207542337573,20.198578445504772,0,0
3364,-0.9799682983369489,4.218152463587,20.198578445504772,0,0
3365,-0.9799377326968548,4.229539092818,20.198578445504772,0,0
3366,-0.9799377326968548,4.240926142335,20.198578445504772,0,0
3367,-0.9799377326968548,4.252313979225,20.198578445504772,0,0
3368,-0.9799377326968548,4.263702214055,20.198578445504772,0,0
3369,-0.9799377326968548,4.275091133404,20.198578445504772,0,0
3370,-0.9799193933127981,4.286946060786,20.198578445504772,0,0
3371,-0.9799193933127981,4.296673053729,20.198578445504772,0,0
3372,-0.9799193933127981,4.306400681463,20.198578445504772,0,0
3373,-0.9799193933127981,4.316128922079,20.198578445504772,0,0
3374,-0.9799193933127981,4.325858072689,20.198578445504772,0,0
3375,-0.9799193933127981,4.335587833283,20.198578445504772,0,0
3376,-0.9799193933127981,4.345318423312,20.198578445504772,0,0
3377,-0.9799193933127981,4.355049581336,20.198578445504772,0,0
3378,-0.9799193933127981,4.364171436644,20.198578445504772,0,0
3379,-0.9799193933127981,4.373293800776,20.198578445504772,0,0
3380,-0.9799193933127981,4.382416817706,20.198578445504772,0,0
3381,-0.9799193933127981,4.391540306517,20.198578445504772,0,0
3382,-0.9798434886398977,4.402590769245,20.198578445504772,0,0
3383,-0.9798434886398977,4.41364169038,20.198578445504772,0,0
3384,-0.9798434886398977,4.423888584702,20.198578445504772,0,0
3385,-0.9798404320758882,4.434213538951,20.198578445504772,0,0
3386,-0.9798404320758882,4.444539091941,20.198578445504772,0,0
3387,-0.9798404320758882,4.454865044986,20.198578445504772,0,0
3388,-0.9798404320758882,4.465191517098,20.198578445504772,0,0
3389,-0.9798404320758882,4.475518715701,20.198578445504772,0,0
3390,-0.9798404320758882,4.483834472323,20.198578445504772,0,0
3391,-0.9798404320758882,4.492150994311,20.198578445504772,0,0
3392,-0.9798404320758882,4.500467972147,20.198578445504772,0,0
3393,-0.9798404320758882,4.508785847379,20.198578445504772,0,0
3394,-0.9798404320758882,4.517104168778,20.198578445504772,0,0
3395,-0.9798404320758882,4.525423337224,20.198578445504772,0,0
3396,-0.9798404320758882,4.533742906155,20.198578445504772,0,0
3397,-0.9798404320758882,4.542063253529,20.198578445504772,0,0
3398,-0.9798404320758882,4.550383930726,20.198578445504772,0,0
3399,-0.9798404320758882,4.558705352489,20.198578445504772,0,0
3400,-0.9798404320758882,4.567027077427,20.198578445504772,0,0
3401,-0.979768602821667,4.577172443561,20.198578445504772,0,0
3402,-0.979768602821667,4.587318063131,20.198578445504772,0,0
3403,-0.979768602821667,4.597464493312,20.198578445504772,0,0
3404,-0.979768602821667,4.60761118168,20.198578445504772,0,0
3405,-0.979768602821667,4.617758632943,20.198578445504772,0,0
3406,-0.979767583966997,4.627932108091,20.198578445504772,0,0
3407,-0.979767583966997,4.638106353156,20.198578445504772,0,0
3408,-0.979767583966997,4.648280976071,20.198578445504772,0,0
3409,-0.979767583966997,4.655613738898,20.198578445504772,0,0
3410,-0.9797324334808888,4.663838989542,20.198578445504772,0,0
3411,-0.9797324334808888,4.672065033243,20.198578445504772,0,0
3412,-0.9797324334808888,4.680291527529,20.198578445504772,0,0
3413,-0.9797324334808888,4.688518835357,20.198578445504772,0,0
3414,-0.9797324334808888,4.696746548652,20.198578445504772,0,0
3415,-0.97970033955879,4.70578952607,20.198578445504772,0,0
3416,-0.97970033955879,4.714832848403,20.198578445504772,0,0
3417,-0.97970033955879,4.72387697136,20.198578445504772,0,0
3418,-0.97970033955879,4.732921425899,20.198578445504772,0,0
3419,-0.97970033955879,4.741966637701,20.198578445504772,0,0
3420,-0.9796295291592385,4.752809259233,20.198578445504772,0,0
3421,-0.9796295291592385,4.763652581047,20.198578445504772,0,0
3422,-0.9796295291592385,4.774496377278,20.198578445504772,0,0
3423,-0.9795908126817858,4.78632348624,20.198578445504772,0,0
3424,-0.9795908126817858,4.798150986236,20.198578445504772,0,0
3425,-0.9795908126817858,4.809979258827,20.198578445504772,0,0
3426,-0.9795908126817858,4.821808024273,20.198578445504772,0,0
3427,-0.9795908126817858,4.831405121903,20.198578445504772,0,0
3428,-0.9795908126817858,4.84100273964,20.198578445504772,0,0
3429,-0.9795908126817858,4.849822144345,20.198578445504772,0,0
3430,-0.9795908126817858,4.858642426885,20.198578445504772,0,0
3431,-0.9795908126817858,4.867463179051,20.198578445504772,0,0
3432,-0.9795908126817858,4.876284737689,20.198578445504772,0,0
3433,-0.9795908126817858,4.885106776486,20.198578445504772,0,0
3434,-0.9795908126817858,4.893462273975,20.198578445504772,0,0
3435,-0.9795908126817858,4.901818194286,20.198578445504772,0,0
3436,-0.9795908126817858,4.910174796977,20.198578445504772,0,0
3437,-0.9795908126817858,4.918531750457,20.198578445504772,0,0
3438,-0.9795908126817858,4.926889349103,20.198578445504772,0,0
3439,-0.9795908126817858,4.93524729809,20.198578445504772,0,0
3440,-0.9795908126817858,4.943605833478,20.198578445504772,0,0
3441,-0.9795908126817858,4.951964748698,20.198578445504772,0,0
3442,-0.9795154174362202,4.962237677385,20.198578445504772,0,0
3443,-0.9795133797268807,4.972562649023,20.198578445504772,0,0
3444,-0.9795133797268807,4.982888360576,20.198578445504772,0,0
3445,-0.9795133797268807,4.993214562895,20.198578445504772,0,0
3446,-0.9795133797268807,5.001607526813,20.198578445504772,0,0
3447,-0.9795133797268807,5.010000963191,20.198578445504772,0,0
3448,-0.9795133797268807,5.018394904056,20.198578445504772,0,0
3449,-0.9795133797268807,5.026711770992,20.198578445504772,0,0
3450,-0.9795133797268807,5.035029105713,20.198578445504772,0,0
3451,-0.9795133797268807,5.043347169247,20.198578445504772,0,0
3452,-0.9795133797268807,5.051665806806,20.198578445504772,0,0
3453,-0.9795133797268807,5.059985121259,20.198578445504772,0,0
3454,-0.9795133797268807,5.068304977859,20.198578445504772,0,0
3455,-0.9794950403428242,5.077090878764,20.198578445504772,0,0
3456,-0.9794950403428242,5.08587725459,20.198578445504772,0,0
3457,-0.9794950403428242,5.094664210182,20.198578445504772,0,0
3458,-0.9794950403428242,5.103451638995,20.198578445504772,0,0
3459,-0.9794940214881542,5.112265465857,20.198578445504772,0,0
3460,-0.9794940214881542,5.121079735663,20.198578445504772,0,0
3461,-0.9794293242166217,5.13153646502,20.198578445504772,0,0
3462,-0.9794293242166217,5.141993603677,20.198578445504772,0,0
3463,-0.9794293242166217,5.152451401029,20.198578445504772,0,0
3464,-0.9794293242166217,5.162909733887,20.198578445504772,0,0
3465,-0.9794293242166217,5.171538503708,20.198578445504772,0,0
3466,-0.9794293242166217,5.180167787159,20.198578445504772,0,0
3467,-0.9794293242166217,5.188797460357,20.198578445504772,0,0
3468,-0.9794028339952068,5.198100169288,20.198578445504772,0,0
3469,-0.9794028339952068,5.207403211397,20.198578445504772,0,0
3470,-0.9794028339952068,5.216681037679,20.198578445504772,0,0
3471,-0.9794028339952068,5.225959445793,20.198578445504772,0,0
3472,-0.9794028339952068,5.235238549346,20.198578445504772,0,0
3473,-0.9793111370749241,5.246845389253,20.198578445504772,0,0
3474,-0.9793111370749241,5.257557268723,20.198578445504772,0,0
3475,-0.9793111370749241,5.268269919126,20.198578445504772,0,0
3476,-0.9793111370749241,5.278983150955,20.198578445504772,0,0
3477,-0.9793111370749241,5.28969706015,20.198578445504772,0,0
3478,-0.9793111370749241,5.300411518473,20.198578445504772,0,0
3479,-0.9793111370749241,5.310308871619,20.198578445504772,0,0
3480,-0.9793111370749241,5.320206851889,20.198578445504772,0,0
3481,-0.9793111370749241,5.330105321364,20.198578445504772,0,0
3482,-0.9793111370749241,5.340004359485,20.198578445504772,0,0
3483,-0.9793111370749241,5.349903998875,20.198578445504772,0,0
3484,-0.9793111370749241,5.35799996248,20.198578445504772,0,0
3485,-0.9793111370749241,5.36609651696,20.198578445504772,0,0
3486,-0.9793111370749241,5.374193484656,20.198578445504772,0,0
3487,-0.9793111370749241,5.381304602864,20.198578445504772,0,0
3488,-0.9793096087929194,5.388454890699,20.198578445504772,0,0
3489,-0.9793096087929194,5.395605653638,20.198578445504772,0,0
3490,-0.9793096087929194,5.402756992179,20.198578445504772,0,0
3491,-0.9793096087929194,5.409908818859,20.198578445504772,0,0
3492,-0.9792464398033915,5.418664341763,20.198578445504772,0,0
3493,-0.9792459303760566,5.427433238529,20.198578445504772,0,0
3494,-0.9792459303760566,5.436202828066,20.198578445504772,0,0
3495,-0.9792459303760566,5.444972861085,20.198578445504772,0,0
3496,-0.9792459303760566,5.453743510605,20.198578445504772,0,0
3497,-0.9792459303760566,5.462514578932,20.198578445504772,0,0
3498,-0.9792459303760566,5.471286199054,20.198578445504772,0,0
3499,-0.9792459303760566,5.480058393184,20.198578445504772,0,0
3500,-0.9792321758380143,5.489180143607,20.198578445504772,0,0
3501,-0.9792321758380143,5.498302403481,20.198578445504772,0,0
3502,-0.9792321758380143,5.507425399602,20.198578445504772,0,0
3503,-0.9792321758380143,5.516548905959,20.198578445504772,0,0
3504,-0.9792321758380143,5.525673067733,20.198578445504772,0,0
3505,-0.9792321758380143,5.53479780093,20.198578445504772,0,0
3506,-0.9792321758380143,5.542002099602,20.198578445504772,0,0
3507,-0.9792321758380143,5.549155063997,20.198578445504772,0,0
3508,-0.9792321758380143,5.556308370673,20.198578445504772,0,0
3509,-0.9792321758380143,5.563462295237,20.198578445504772,0,0
3510,-0.9792321758380143,5.570616549674,20.198578445504772,0,0
3511,-0.9791572900197836,5.579671905785,20.198578445504772,0,0
3512,-0.9791572900197836,5.588727583292,20.198578445504772,0,0
3513,-0.9791572900197836,5.597783972389,20.198578445504772,0,0
3514,-0.9791572900197836,5.6068406924,20.198578445504772,0,0
3515,-0.9791572900197836,5.615898049721,20.198578445504772,0,0
3516,-0.9791572900197836,5.624955696792,20.198578445504772,0,0
3517,-0.9791572900197836,5.634014006913,20.198578445504772,0,0
3518,-0.9791226489610101,5.643951897708,20.198578445504772,0,0
3519,-0.9791226489610101,5.653423112845,20.198578445504772,0,0
3520,-0.9791226489610101,5.662894779758,20.198578445504772,0,0
3521,-0.9791226489610101,5.672367356846,20.198578445504772,0,0
3522,-0.9791226489610101,5.681840328091,20.198578445504772,0,0
3523,-0.9791226489610101,5.691288170082,20.198578445504772,0,0
3524,-0.9791226489610101,5.700736381853,20.198578445504772,0,0
3525,-0.9791226489610101,5.708536948149,20.198578445504772,0,0
3526,-0.9791226489610101,5.716337885365,20.198578445504772,0,0
3527,-0.9791226489610101,5.72413939711,20.198578445504772,0,0
3528,-0.9791206112516704,5.731992983476,20.198578445504772,0,0
3529,-0.9791206112516704,5.739847142405,20.198578445504772,0,0
3530,-0.9790610082534867,5.749214278217,20.198578445504772,0,0
3531,-0.9790610082534867,5.75858196261,20.198578445504772,0,0
3532,-0.9790610082534867,5.767275119321,20.198578445504772,0,0
3533,-0.9790589705441473,5.776020587015,20.198578445504772,0,0
3534,-0.9790589705441473,5.784766335606,20.198578445504772,0,0
3535,-0.9789876507172608,5.795322648261,20.198578445504772,0,0
3536,-0.9789876507172608,5.805879361196,20.198578445504772,0,0
3537,-0.9789876507172608,5.814100517603,20.198578445504772,0,0
3538,-0.9789876507172608,5.822322155589,20.198578445504772,0,0
3539,-0.9789876507172608,5.830544329346,20.198578445504772,0,0
3540,-0.9789876507172608,5.838767243488,20.198578445504772,0,0
3541,-0.9789876507172608,5.84699065066,20.198578445504772,0,0
3542,-0.9789876507172608,5.855214816589,20.198578445504772,0,0
3543,-0.9789876507172608,5.863439408115,20.198578445504772,0,0
3544,-0.9789876507172608,5.871664754443,20.198578445504772,0,0
3545,-0.9789789904525674,5.880110338525,20.198578445504772,0,0
3546,-0.9789789904525674,5.888556611232,20.198578445504772,0,0
3547,-0.9789789904525674,5.897003353003,20.198578445504772,0,0
3548,-0.9789789904525674,5.905450784919,20.198578445504772,0,0
3549,-0.9789789904525674,5.913898612876,20.198578445504772,0,0
3550,-0.9789789904525674,5.922347058747,20.198578445504772,0,0
3551,-0.9789789904525674,5.930795859479,20.198578445504772,0,0
3552,-0.9789789904525674,5.939206301202,20.198578445504772,0,0
3553,-0.9789789904525674,5.947617059531,20.198578445504772,0,0
3554,-0.9789107271896904,5.957760790931,20.198578445504772,0,0
3555,-0.9789097083350207,5.967930795784,20.198578445504772,0,0
3556,-0.9789097083350207,5.976492023822,20.198578445504772,0,0
3557,-0.9789097083350207,5.985040745572,20.198578445504772,0,0
3558,-0.9789097083350207,5.993589965085,20.198578445504772,0,0
3559,-0.9789097083350207,6.002139821611,20.198578445504772,0,0
3560,-0.9789097083350207,6.010690128689,20.198578445504772,0,0
3561,-0.9789097083350207,6.019241190469,20.198578445504772,0,0
3562,-0.9789097083350207,6.027792673724,20.198578445504772,0,0
3563,-0.9789097083350207,6.036344856541,20.198578445504772,0,0
3564,-0.9789097083350207,6.044547168153,20.198578445504772,0,0
3565,-0.9789097083350207,6.052750148721,20.198578445504772,0,0
3566,-0.9789097083350207,6.060953665117,20.198578445504772,0,0
3567,-0.9789097083350207,6.069157779732,20.198578445504772,0,0
3568,-0.9789097083350207,6.077362359894,20.198578445504772,0,0
3569,-0.9789097083350207,6.085567467259,20.198578445504772,0,0
3570,-0.9789097083350207,6.09377297895,20.198578445504772,0,0
3571,-0.9789097083350207,6.101978988147,20.198578445504772,0,0
3572,-0.9788164831327335,6.112551344765,20.198578445504772,0,0
3573,-0.9788129171413891,6.123214658756,20.198578445504772,0,0
3574,-0.9788129171413891,6.13387865482,20.198578445504772,0,0
3575,-0.9788129171413891,6.142635125213,20.198578445504772,0,0
3576,-0.9788129171413891,6.151392263579,20.198578445504772,0,0
3577,-0.9788129171413891,6.160149658992,20.198578445504772,0,0
3578,-0.9788129171413891,6.168907749176,20.198578445504772,0,0
3579,-0.9787848986379695,6.178377300097,20.198578445504772,0,0
3580,-0.9787848986379695,6.187847586629,20.198578445504772,0,0
3581,-0.9787848986379695,6.197318275826,20.198578445504772,0,0
3582,-0.9787848986379695,6.2059071471,20.198578445504772,0,0
3583,-0.9787848986379695,6.214496626341,20.198578445504772,0,0
3584,-0.9787848986379695,6.223086786111,20.198578445504772,0,0
3585,-0.9787848986379695,6.231677483187,20.198578445504772,0,0
3586,-0.9787848986379695,6.240268819581,20.198578445504772,0,0
3587,-0.9787848986379695,6.248860621859,20.198578445504772,0,0
3588,-0.9787848986379695,6.257452988216,20.198578445504772,0,0
3589,-0.9787848986379695,6.266045800887,20.198578445504772,0,0
3590,-0.9787334464771442,6.27594498585,20.198578445504772,0,0
3591,-0.9786504098215552,6.287951964988,20.198578445504772,0,0
3592,-0.9786504098215552,6.299907661088,20.198578445504772,0,0
3593,-0.9786504098215552,6.311864034431,20.198578445504772,0,0
3594,-0.9786493909668854,6.322328257236,20.198578445504772,0,0
3595,-0.9786493909668854,6.332793135119,20.198578445504772,0,0
3596,-0.9786493909668854,6.343258410629,20.198578445504772,0,0
3597,-0.9786493909668854,6.353672406943,20.198578445504772,0,0
3598,-0.9786493909668854,6.364087091255,20.198578445504772,0,0
3599,-0.9786493909668854,6.372685153111,20.198578445504772,0,0
3600,-0.9786310515828289,6.381749398679,20.198578445504772,0,0
3601,-0.9786295233008242,6.390853048616,20.198578445504772,0,0
3602,-0.9786295233008242,6.399957562181,20.198578445504772,0,0
3603,-0.9786295233008242,6.409062641435,20.198578445504772,0,0
3604,-0.9786295233008242,6.418168512249,20.198578445504772,0,0
3605,-0.9786295233008242,6.427274913621,20.198578445504772,0,0
3606,-0.9786295233008242,6.436382029251,20.198578445504772,0,0
3607,-0.9786295233008242,6.445489621008,20.198578445504772,0,0
3608,-0.9786295233008242,6.454597942083,20.198578445504772,0,0
3609,-0.9786295233008242,6.463486056214,20.198578445504772,0,0
3610,-0.9785658448839611,6.473990960115,20.198578445504772,0,0
3611,-0.9785658448839611,6.484496259139,20.198578445504772,0,0
3612,-0.9785658448839611,6.495002356292,20.198578445504772,0,0
3613,-0.9785658448839611,6.505508835425,20.198578445504772,0,0
3614,-0.9785658448839611,6.516016044916,20.198578445504772,0,0
3615,-0.9785658448839611,6.526523541969,20.198578445504772,0,0
3616,-0.9785658448839611,6.537031855612,20.198578445504772,0,0
3617,-0.9785658448839611,6.547540628581,20.198578445504772,0,0
3618,-0.9785627883199519,6.556388417032,20.198578445504772,0,0
3619,-0.9785627883199519,6.565210788113,20.198578445504772,0,0
3620,-0.9785627883199519,6.57403408694,20.198578445504772,0,0
3621,-0.9785627883199519,6.582857897375,20.198578445504772,0,0
3622,-0.9785627883199519,6.591682564432,20.198578445504772,0,0
3623,-0.9785627883199519,6.600507699966,20.198578445504772,0,0
3624,-0.9785347698165321,6.610044704827,20.198578445504772,0,0
3625,-0.9785347698165321,6.619582115161,20.198578445504772,0,0
3626,-0.9785347698165321,6.629120329894,20.198578445504772,0,0
3627,-0.9785347698165321,6.6386589445,20.198578445504772,0,0
3628,-0.9785347698165321,6.648198316253,20.198578445504772,0,0
3629,-0.9784710913996693,6.659354150958,20.198578445504772,0,0
3630,-0.9784710913996693,6.670510689397,20.198578445504772,0,0
3631,-0.9784710913996693,6.681667730538,20.198578445504772,0,0
3632,-0.9784216769481837,6.694079584987,20.198578445504772,0,0
3633,-0.9784216769481837,6.706491857582,20.198578445504772,0,0
3634,-0.9784216769481837,6.718904961802,20.198578445504772,0,0
3635,-0.978420148666179,6.731357393163,20.198578445504772,0,0
3636,-0.978420148666179,6.741435416934,20.198578445504772,0,0
3637,-0.978420148666179,6.751423109299,20.198578445504772,0,0
3638,-0.978420148666179,6.761411480253,20.198578445504772,0,0
3639,-0.9784165826748348,6.771491200094,20.198578445504772,0,0
3640,-0.9783936584447641,6.782153339072,20.198578445504772,0,0
3641,-0.9783936584447641,6.792816257559,20.198578445504772,0,0
3642,-0.9783936584447641,6.803479878821,20.198578445504772,0,0
3643,-0.9783926395900944,6.813456183393,20.198578445504772,0,0
3644,-0.9783926395900944,6.823433149438,20.198578445504772,0,0
3645,-0.9783926395900944,6.833410696156,20.198578445504772,0,0
3646,-0.9783926395900944,6.843388823277,20.198578445504772,0,0
3647,-0.9783926395900944,6.853367510281,20.198578445504772,0,0
3648,-0.9783926395900944,6.863346719581,20.198578445504772,0,0
3649,-0.9783926395900944,6.873326414508,20.198578445504772,0,0
3650,-0.9783926395900944,6.883306696421,20.198578445504772,0,0
3651,-0.9783926395900944,6.893287408516,20.198578445504772,0,0
3652,-0.9783228480452126,6.905039869853,20.198578445504772,0,0
3653,-0.9783228480452126,6.916792820312,20.198578445504772,0,0
3654,-0.9783228480452126,6.92723555022,20.198578445504772,0,0
3655,-0.9783228480452126,6.935563178131,20.198578445504772,0,0
3656,-0.9783228480452126,6.943891414283,20.198578445504772,0,0
3657,-0.9783228480452126,6.952219991583,20.198578445504772,0,0
3658,-0.9783228480452126,6.960523456638,20.198578445504772,0,0
3659,-0.9783228480452126,6.968827304401,20.198578445504772,0,0
3660,-0.9783228480452126,6.977131938627,20.198578445504772,0,0
3661,-0.9783228480452126,6.985436997278,20.198578445504772,0,0
3662,-0.9783228480452126,6.993742886307,20.198578445504772,0,0
3663,-0.9783228480452126,7.00204914362,20.198578445504772,0,0
3664,-0.9783228480452126,7.00988889115,20.198578445504772,0,0
3665,-0.9783228480452126,7.017690018625,20.198578445504772,0,0
3666,-0.9783228480452126,7.025491837625,20.198578445504772,0,0
3667,-0.9783228480452126,7.033293905782,20.198578445504772,0,0
3668,-0.9783228480452126,7.041096636808,20.198578445504772,0,0
3669,-0.9783228480452126,7.048899606459,20.198578445504772,0,0
3670,-0.9782403208169583,7.058797712977,20.198578445504772,0,0
3671,-0.9782403208169583,7.068696015686,20.198578445504772,0,0
3672,-0.9782403208169583,7.078595162997,20.198578445504772,0,0
3673,-0.9782403208169583,7.08849466953,20.198578445504772,0,0
3674,-0.9782403208169583,7.096772457798,20.198578445504772,0,0
3675,-0.9782403208169583,7.105050579119,20.198578445504772,0,0
3676,-0.9782403208169583,7.113329291886,20.198578445504772,0,0
3677,-0.9782143400228782,7.122267834886,20.198578445504772,0,0
3678,-0.9782143400228782,7.131207010801,20.198578445504772,0,0
3679,-0.9782143400228782,7.140146643241,20.198578445504772,0,0
3680,-0.9781761329727605,7.150056707471,20.198578445504772,0,0
3681,-0.9781761329727605,7.159967310561,20.198578445504772,0,0
3682,-0.9781761329727605,7.169800848198,20.198578445504772,0,0
3683,-0.9781761329727605,7.179634893725,20.198578445504772,0,0
3684,-0.9781761329727605,7.189469728467,20.198578445504772,0,0
3685,-0.9781761329727605,7.199304984866,20.198578445504772,0,0
3686,-0.9781761329727605,7.209140942991,20.198578445504772,0,0
3687,-0.9781761329727605,7.218977351602,20.198578445504772,0,0
3688,-0.9781761329727605,7.228100570084,20.198578445504772,0,0
3689,-0.9780829077704734,7.239590186054,20.198578445504772,0,0
3690,-0.9780829077704734,7.2510804346,20.198578445504772,0,0
3691,-0.9780829077704734,7.262571293947,20.198578445504772,0,0
3692,-0.9780808700611336,7.274114583025,20.198578445504772,0,0
3693,-0.9780808700611336,7.28403590306,20.198578445504772,0,0
3694,-0.9780808700611336,7.29395789961,20.198578445504772,0,0
3695,-0.9780808700611336,7.303880226586,20.198578445504772,0,0
3696,-0.9780808700611336,7.312544415225,20.198578445504772,0,0
3697,-0.9780808700611336,7.321208896729,20.198578445504772,0,0
3698,-0.9780808700611336,7.329874120907,20.198578445504772,0,0
3699,-0.9780808700611336,7.338500923031,20.198578445504772,0,0
3700,-0.9780808700611336,7.347128540911,20.198578445504772,0,0
3701,-0.9780808700611336,7.355756611492,20.198578445504772,0,0
3702,-0.9780808700611336,7.364385432512,20.198578445504772,0,0
3703,-0.9780808700611336,7.372923830623,20.198578445504772,0,0
3704,-0.9780808700611336,7.380878818103,20.198578445504772,0,0
3705,-0.9780808700611336,7.38883418227,20.198578445504772,0,0
3706,-0.9780808700611336,7.396790215739,20.198578445504772,0,0
3707,-0.9780808700611336,7.404720653632,20.198578445504772,0,0
3708,-0.9779983428328793,7.414746167849,20.198578445504772,0,0
3709,-0.9779983428328793,7.424772079627,20.198578445504772,0,0
3710,-0.9779983428328793,7.434798783097,20.198578445504772,0,0
3711,-0.9779983428328793,7.444825897387,20.198578445504772,0,0
3712,-0.9779983428328793,7.454853740671,20.198578445504772,0,0
3713,-0.9779983428328793,7.464881904263,20.198578445504772,0,0
3714,-0.9779677771927853,7.475686530801,20.198578445504772,0,0
3715,-0.9779183627412997,7.487745798205,20.198578445504772,0,0
3716,-0.9779183627412997,7.498027569999,20.198578445504772,0,0
3717,-0.9779183627412997,7.508310015639,20.198578445504772,0,0
3718,-0.9779183627412997,7.518593431345,20.198578445504772,0,0
3719,-0.9779183627412997,7.52887746665,20.198578445504772,0,0
3720,-0.9779183627412997,7.539162385002,20.198578445504772,0,0
3721,-0.9779183627412997,7.549447903433,20.198578445504772,0,0
3722,-0.9779183627412997,7.559734279229,20.198578445504772,0,0
3723,-0.9779183627412997,7.570021166831,20.198578445504772,0,0
3724,-0.9779183627412997,7.580308906882,20.198578445504772,0,0
3725,-0.9779086836219366,7.590842822066,20.198578445504772,0,0
3726,-0.9779086836219366,7.601377544655,20.198578445504772,0,0
3727,-0.9779086836219366,7.611912730386,20.198578445504772,0,0
3728,-0.9779086836219366,7.622448701292,20.198578445504772,0,0
3729,-0.9779086836219366,7.632985085611,20.198578445504772,0,0
3730,-0.9779046082032574,7.643625627972,20.198578445504772,0,0
3731,-0.9779046082032574,7.654266489821,20.198578445504772,0,0
3732,-0.9779046082032574,7.664908024105,20.198578445504772,0,0
3733,-0.9779046082032574,7.675549992155,20.198578445504772,0,0
3734,-0.9778205526929984,7.686223190797,20.198578445504772,0,0
3735,-0.9778205526929984,7.696896861288,20.198578445504772,0,0
3736,-0.9778205526929984,7.707571198669,20.198578445504772,0,0
3737,-0.9778205526929984,7.718246337392,20.198578445504772,0,0
3738,-0.9778205526929984,7.728922079424,20.198578445504772,0,0
3739,-0.9778205526929984,7.739598535846,20.198578445504772,0,0
3740,-0.9778205526929984,7.750275592495,20.198578445504772,0,0
3741,-0.9778205526929984,7.760291477852,20.198578445504772,0,0
3742,-0.9778205526929984,7.770307896467,20.198578445504772,0,0
3743,-0.9778205526929984,7.780325069404,20.198578445504772,0,0
3744,-0.9778205526929984,7.789369426542,20.198578445504772,0,0
3745,-0.9778205526929984,7.798414507602,20.198578445504772,0,0
3746,-0.9778205526929984,7.807460092835,20.198578445504772,0,0
3747,-0.9778205526929984,7.816506324093,20.198578445504772,0,0
3748,-0.9778185149836587,7.82560470711,20.198578445504772,0,0
3749,-0.9778185149836587,7.83470369437,20.198578445504772,0,0
3750,-0.9778185149836587,7.843803042497,20.198578445504772,0,0
3751,-0.9778185149836587,7.852902934108,20.198578445504772,0,0
3752,-0.9777492328661119,7.863761649662,20.198578445504772,0,0
3753,-0.9777492328661119,7.872245545808,20.198578445504772,0,0
3754,-0.9777492328661119,7.880730146595,20.198578445504772,0,0
3755,-0.9777492328661119,7.889215060421,20.198578445504772,0,0
3756,-0.9777492328661119,7.897648816928,20.198578445504772,0,0
3757,-0.9777492328661119,7.906082811855,20.198578445504772,0,0
3758,-0.9777492328661119,7.914517530547,20.198578445504772,0,0
3759,-0.9777252897813715,7.923560218008,20.198578445504772,0,0
3760,-0.9777252897813715,7.932603691718,20.198578445504772,0,0
3761,-0.9777252897813715,7.941647464002,20.198578445504772,0,0
3762,-0.9777252897813715,7.950692108536,20.198578445504772,0,0
3763,-0.9777252897813715,7.959737221532,20.198578445504772,0,0
3764,-0.9777252897813715,7.968783161403,20.198578445504772,0,0
3765,-0.9777252897813715,7.977829493127,20.198578445504772,0,0
3766,-0.9777252897813715,7.986876603054,20.198578445504772,0,0
3767,-0.9777252897813715,7.995924037476,20.198578445504772,0,0
3768,-0.9777252897813715,8.004972202479,20.198578445504772,0,0
3769,-0.9777252897813715,8.014020657166,20.198578445504772,0,0
3770,-0.9776850450219141,8.024091175718,20.198578445504772,0,0
3771,-0.9776152534770324,8.035933245,20.198578445504772,0,0
3772,-0.9776152534770324,8.045673311894,20.198578445504772,0,0
3773,-0.9776152534770324,8.055413935325,20.198578445504772,0,0
3774,-0.9776086309216787,8.065323185261,20.198578445504772,0,0
3775,-0.9776086309216787,8.075232924319,20.198578445504772,0,0
3776,-0.9776086309216787,8.085143141528,20.198578445504772,0,0
3777,-0.9776086309216787,8.095053860499,20.198578445504772,0,0
3778,-0.9776086309216787,8.104186515697,20.198578445504772,0,0
3779,-0.9776086309216787,8.112060574018,20.198578445504772,0,0
3780,-0.9776086309216787,8.119935316412,20.198578445504772,0,0
3781,-0.9776086309216787,8.127810562343,20.198578445504772,0,0
3782,-0.9776086309216787,8.13568657877,20.198578445504772,0,0
3783,-0.9776086309216787,8.143563029641,20.198578445504772,0,0
3784,-0.9776086309216787,8.151440196529,20.198578445504772,0,0
3785,-0.9776086309216787,8.159317768157,20.198578445504772,0,0
3786,-0.9776086309216787,8.167195989823,20.198578445504772,0,0
3787,-0.9776086309216787,8.175074549252,20.198578445504772,0,0
3788,-0.9776086309216787,8.182953768781,20.198578445504772,0,0
3789,-0.9776086309216787,8.190586686079,20.198578445504772,0,0
3790,-0.9775322168214433,8.200159534314,20.198578445504772,0,0
3791,-0.9775322168214433,8.209732647567,20.198578445504772,0,0
3792,-0.9775322168214433,8.219306521189,20.198578445504772,0,0
3793,-0.9775322168214433,8.228880674699,20.198578445504772,0,0
3794,-0.9775322168214433,8.238351696743,20.198578445504772,0,0
3795,-0.9775322168214433,8.247822917547,20.198578445504772,0,0
3796,-0.9775322168214433,8.257294890657,20.198578445504772,0,0
3797,-0.9775322168214433,8.26676724968,20.198578445504772,0,0
3798,-0.9775322168214433,8.274098611822,20.198578445504772,0,0
3799,-0.9775322168214433,8.281430441823,20.198578445504772,0,0
3800,-0.9775322168214433,8.288763058048,20.198578445504772,0,0
3801,-0.9775322168214433,8.296096105396,20.198578445504772,0,0
3802,-0.9775322168214433,8.303429878625,20.198578445504772,0,0
3803,-0.9775322168214433,8.310764059898,20.198578445504772,0,0
3804,-0.9775164245740613,8.318499701915,20.198578445504772,0,0
3805,-0.9775164245740613,8.326235694291,20.198578445504772,0,0
3806,-0.9775164245740613,8.333972330123,20.198578445504772,0,0
3807,-0.9775164245740613,8.341709304592,20.198578445504772,0,0
3808,-0.9775164245740613,8.349446894092,20.198578445504772,0,0
3809,-0.9774445953198401,8.35900772508,20.198578445504772,0,0
3810,-0.9774400104738259,8.36868548548,20.198578445504772,0,0
3811,-0.9774400104738259,8.378363691897,20.198578445504772,0,0
3812,-0.9774400104738259,8.387990584665,20.198578445504772,0,0
3813,-0.9774400104738259,8.397617842495,20.198578445504772,0,0
3814,-0.9774400104738259,8.407245679464,20.198578445504772,0,0
3815,-0.9773890677403356,8.418166820993,20.198578445504772,0,0
3816,-0.9773890677403356,8.427323418027,20.198578445504772,0,0
3817,-0.9773890677403356,8.4364805523,20.198578445504772,0,0
3818,-0.9773890677403356,8.445638282911,20.198578445504772,0,0
3819,-0.9773890677403356,8.454796838248,20.198578445504772,0,0
3820,-0.9773890677403356,8.46395594648,20.198578445504772,0,0
3821,-0.9773890677403356,8.473115802392,20.198578445504772,0,0
3822,-0.9773391438615151,8.483543262023,20.198578445504772,0,0
3823,-0.977276993726657,8.494938677379,20.198578445504772,0,0
3824,-0.977276993726657,8.506334756462,20.198578445504772,0,0
3825,-0.977276993726657,8.517731666823,20.198578445504772,0,0
3826,-0.977276993726657,8.529129211966,20.198578445504772,0,0
3827,-0.977276993726657,8.540527522285,20.198578445504772,0,0
3828,-0.977276993726657,8.551926368217,20.198578445504772,0,0
3829,-0.977276993726657,8.563325944697,20.198578445504772,0,0
3830,-0.977276993726657,8.574726109426,20.198578445504772,0,0
3831,-0.977276993726657,8.586126934108,20.198578445504772,0,0
3832,-0.977276993726657,8.597528309733,20.198578445504772,0,0
3833,-0.977276993726657,8.608930420219,20.198578445504772,0,0
3834,-0.977276993726657,8.61930773343,20.198578445504772,0,0
3835,-0.977276993726657,8.627907590434,20.198578445504772,0,0
3836,-0.977276993726657,8.636507965175,20.198578445504772,0,0
3837,-0.977276993726657,8.645108886003,20.198578445504772,0,0
3838,-0.977276993726657,8.653541777066,20.198578445504772,0,0
3839,-0.977276993726657,8.661975183487,20.198578445504772,0,0
3840,-0.977276993726657,8.670409240005,20.198578445504772,0,0
3841,-0.977276993726657,8.678843844412,20.198578445504772,0,0
3842,-0.9771868250883791,8.68956743555,20.198578445504772,0,0
3843,-0.9771868250883791,8.700291549018,20.198578445504772,0,0
3844,-0.9771868250883791,8.711016526401,20.198578445504772,0,0
3845,-0.9771868250883791,8.721742054003,20.198578445504772,0,0
3846,-0.9771868250883791,8.732468350018,20.198578445504772,0,0
3847,-0.9771868250883791,8.743195099115,20.198578445504772,0,0
3848,-0.9771868250883791,8.753922613354,20.198578445504772,0,0
3849,-0.9771868250883791,8.764650696009,20.198578445504772,0,0
3850,-0.9771868250883791,8.775379482431,20.198578445504772,0,0
3851,-0.9771868250883791,8.786108844373,20.198578445504772,0,0
3852,-0.9771868250883791,8.796839106263,20.198578445504772,0,0
3853,-0.9771868250883791,8.807570023125,20.198578445504772,0,0
3854,-0.9771868250883791,8.816354780036,20.198578445504772,0,0
3855,-0.9771868250883791,8.825140172877,20.198578445504772,0,0
3856,-0.9771868250883791,8.833926121636,20.198578445504772,0,0
3857,-0.9771868250883791,8.842712740813,20.198578445504772,0,0
3858,-0.9771868250883791,8.851499848187,20.198578445504772,0,0
3859,-0.9771868250883791,8.860287611944,20.198578445504772,0,0
3860,-0.9771455614742519,8.870123069192,20.198578445504772,0,0
3861,-0.9770813736300543,8.881588158828,20.198578445504772,0,0
3862,-0.9770813736300543,8.893053751711,20.198578445504772,0,0
3863,-0.9770813736300543,8.904520177566,20.198578445504772,0,0
3864,-0.9770813736300543,8.91598708434,20.198578445504772,0,0
3865,-0.9770813736300543,8.927454723429,20.198578445504772,0,0
3866,-0.9770813736300543,8.938922795864,20.198578445504772,0,0
3867,-0.9770574305453139,8.950999290272,20.198578445504772,0,0
3868,-0.9770574305453139,8.962673969735,20.198578445504772,0,0
3869,-0.9770574305453139,8.974349419843,20.198578445504772,0,0
3870,-0.9770574305453139,8.986025447824,20.198578445504772,0,0
3871,-0.9770574305453139,8.997702508578,20.198578445504772,0,0
3872,-0.9770574305453139,9.009380146,20.198578445504772,0,0
3873,-0.9770574305453139,9.019228567596,20.198578445504772,0,0
3874,-0.9770574305453139,9.028960751619,20.198578445504772,0,0
3875,-0.9770574305453139,9.038693645512,20.198578445504772,0,0
3876,-0.9770574305453139,9.048427023207,20.198578445504772,0,0
3877,-0.9770574305453139,9.058161058798,20.198578445504772,0,0
3878,-0.9770574305453139,9.067895559793,20.198578445504772,0,0
3879,-0.9769769410263991,9.078375443802,20.198578445504772,0,0
3880,-0.9769769410263991,9.088855782635,20.198578445504772,0,0
3881,-0.9769769410263991,9.09933675715,20.198578445504772,0,0
3882,-0.9769738844623896,9.109895810667,20.198578445504772,0,0
3883,-0.9769738844623896,9.120455430567,20.198578445504772,0,0
3884,-0.9769738844623896,9.131015466838,20.198578445504772,0,0
3885,-0.9769738844623896,9.141576034937,20.198578445504772,0,0
3886,-0.9769738844623896,9.150865221125,20.198578445504772,0,0
3887,-0.9769738844623896,9.158571452795,20.198578445504772,0,0
3888,-0.9769738844623896,9.16627819565,20.198578445504772,0,0
3889,-0.9769738844623896,9.173985503163,20.198578445504772,0,0
3890,-0.9769738844623896,9.181693541017,20.198578445504772,0,0
3891,-0.9769738844623896,9.189402100721,20.198578445504772,0,0
3892,-0.9769738844623896,9.197111332768,20.198578445504772,0,0
3893,-0.9769738844623896,9.204821054226,20.198578445504772,0,0
3894,-0.9769738844623896,9.212531384445,20.198578445504772,0,0
3895,-0.9769738844623896,9.220242137395,20.198578445504772,0,0
3896,-0.9769738844623896,9.227953483806,20.198578445504772,0,0
3897,-0.9769738844623896,9.235665235089,20.198578445504772,0,0
3898,-0.9768862629607864,9.24560127677,20.198578445504772,0,0
3899,-0.9768862629607864,9.255537683076,20.198578445504772,0,0
3900,-0.9768862629607864,9.265474802797,20.198578445504772,0,0
3901,-0.9768862629607864,9.275412308877,20.198578445504772,0,0
3902,-0.9768862629607864,9.285350474133,20.198578445504772,0,0
3903,-0.9768862629607864,9.295288935038,20.198578445504772,0,0
3904,-0.9768862629607864,9.305228012542,20.198578445504772,0,0
3905,-0.9768592633120365,9.315852905181,20.198578445504772,0,0
3906,-0.9768592633120365,9.324180911017,20.198578445504772,0,0
3907,-0.9768592633120365,9.33250957104,20.198578445504772,0,0
3908,-0.9768592633120365,9.340838865811,20.198578445504772,0,0
3909,-0.9768592633120365,9.349168871073,20.198578445504772,0,0
3910,-0.9768592633120365,9.357499439943,20.198578445504772,0,0
3911,-0.9768592633120365,9.365830683313,20.198578445504772,0,0
3912,-0.9768317542359519,9.374860610885,20.198578445504772,0,0
3913,-0.9768317542359519,9.383891152026,20.198578445504772,0,0
3914,-0.9768317542359519,9.392922216951,20.198578445504772,0,0
3915,-0.9768317542359519,9.401953920597,20.198578445504772,0,0
3916,-0.9768317542359519,9.410986112796,20.198578445504772,0,0
3917,-0.9767711323830983,9.4215573997,20.198578445504772,0,0
3918,-0.9767711323830983,9.432129115092,20.198578445504772,0,0
3919,-0.9767711323830983,9.442701537398,20.198578445504772,0,0
3920,-0.9767349630423203,9.454192336484,20.198578445504772,0,0
3921,-0.9767349630423203,9.4656837828,20.198578445504772,0,0
3922,-0.9767349630423203,9.477175687715,20.198578445504772,0,0
3923,-0.9767349630423203,9.488668318643,20.198578445504772,0,0
3924,-0.9767349630423203,9.499110201354,20.198578445504772,0,0
3925,-0.9767349630423203,9.50791729403,20.198578445504772,0,0
3926,-0.9767349630423203,9.516724894043,20.198578445504772,0,0
3927,-0.9767349630423203,9.525533370271,20.198578445504772,0,0
3928,-0.9767349630423203,9.534342311277,20.198578445504772,0,0
3929,-0.9767349630423203,9.543152055318,20.198578445504772,0,0
3930,-0.9767349630423203,9.551962274331,20.198578445504772,0,0
3931,-0.9767349630423203,9.560163210948,20.198578445504772,0,0
3932,-0.9767349630423203,9.568364568694,20.198578445504772,0,0
3933,-0.9767349630423203,9.576566580618,20.198578445504772,0,0
3934,-0.9767349630423203,9.58476899871,20.198578445504772,0,0
3935,-0.9767349630423203,9.59297204063,20.198578445504772,0,0
3936,-0.9767349630423203,9.601175416958,20.198578445504772,0,0
3937,-0.9767349630423203,9.609379346262,20.198578445504772,0,0
3938,-0.9767349630423203,9.617583629139,20.198578445504772,0,0
3939,-0.9766697563434528,9.627443317824,20.198578445504772,0,0
3940,-0.9766666997794433,9.637380879474,20.198578445504772,0,0
3941,-0.9766666997794433,9.647319116358,20.198578445504772,0,0
3942,-0.9766666997794433,9.657257830311,20.198578445504772,0,0
3943,-0.9766666997794433,9.665146412451,20.198578445504772,0,0
3944,-0.9766666997794433,9.673035461657,20.198578445504772,0,0
3945,-0.9766666997794433,9.680924933825,20.198578445504772,0,0
3946,-0.9766666997794433,9.688737317146,20.198578445504772,0,0
3947,-0.9766666997794433,9.696550086926,20.198578445504772,0,0
3948,-0.9766666997794433,9.704363576391,20.198578445504772,0,0
3949,-0.9766666997794433,9.712177574844,20.198578445504772,0,0
3950,-0.9766432661220379,9.720586972957,20.198578445504772,0,0
3951,-0.9766432661220379,9.728996819021,20.198578445504772,0,0
3952,-0.9766432661220379,9.737407329456,20.198578445504772,0,0
3953,-0.9766432661220379,9.74581828158,20.198578445504772,0,0
3954,-0.9766432661220379,9.754229825035,20.198578445504772,0,0
3955,-0.9766432661220379,9.762641738072,20.198578445504772,0,0
3956,-0.9766432661220379,9.771054200682,20.198578445504772,0,0
3957,-0.9766432661220379,9.779467030337,20.198578445504772,0,0
3958,-0.9765581917571089,9.790039490791,20.198578445504772,0,0
3959,-0.9765581917571089,9.80061226933,20.198578445504772,0,0
3960,-0.9765459655010713,9.81149608953,20.198578445504772,0,0
3961,-0.9765459655010713,9.822380382975,20.198578445504772,0,0
3962,-0.9765459655010713,9.831032834584,20.198578445504772,0,0
3963,-0.9765459655010713,9.839685760719,20.198578445504772,0,0
3964,-0.9765459655010713,9.848339134441,20.198578445504772,0,0
3965,-0.9765194752796564,9.857665509672,20.198578445504772,0,0
3966,-0.9765194752796564,9.866992271032,20.198578445504772,0,0
3967,-0.9765194752796564,9.876319742172,20.198578445504772,0,0
3968,-0.9765194752796564,9.885647885398,20.198578445504772,0,0
3969,-0.9765194752796564,9.894288760409,20.198578445504772,0,0
3970,-0.9765194752796564,9.902930269937,20.198578445504772,0,0
3971,-0.9765194752796564,9.911572314681,20.198578445504772,0,0
3972,-0.9765194752796564,9.920214962602,20.198578445504772,0,0
3973,-0.9765194752796564,9.928858070493,20.198578445504772,0,0
3974,-0.9765194752796564,9.937501706173,20.198578445504772,0,0
3975,-0.9765194752796564,9.946145786178,20.198578445504772,0,0
3976,-0.9765194752796564,9.95408949213,20.198578445504772,0,0
3977,-0.9764507025894444,9.963779012912,20.198578445504772,0,0
3978,-0.9764507025894444,9.973468962282,20.198578445504772,0,0
3979,-0.9764507025894444,9.983159519099,20.198578445504772,0,0
3980,-0.976447646025435,9.992928148127,20.198578445504772,0,0
3981,-0.976447646025435,10.001152705157,20.198578445504772,0,0
3982,-0.976447646025435,10.009377740711,20.198578445504772,0,0
3983,-0.976447646025435,10.017603208528,20.198578445504772,0,0
3984,-0.976447646025435,10.024907728039,20.198578445504772,0,0
3985,-0.976447646025435,10.032212645112,20.198578445504772,0,0
3986,-0.976447646025435,10.039518060541,20.198578445504772,0,0
3987,-0.976447646025435,10.046824179622,20.198578445504772,0,0
3988,-0.976447646025435,10.054130771146,20.198578445504772,0,0
3989,-0.976447646025435,10.061438031221,20.198578445504772,0,0
3990,-0.976447646025435,10.06874570884,20.198578445504772,0,0
3991,-0.976447646025435,10.076054032028,20.198578445504772,0,0
3992,-0.976447646025435,10.083362709013,20.198578445504772,0,0
3993,-0.976447646025435,10.090671970001,20.198578445504772,0,0
3994,-0.976447646025435,10.097981602726,20.198578445504772,0,0
3995,-0.9764068918386428,10.10632610905,20.198578445504772,0,0
3996,-0.9763233457557188,10.116791268497,20.198578445504772,0,0
3997,-0.9763233457557188,10.127257058184,20.198578445504772,0,0
3998,-0.9763233457557188,10.137723422605,20.198578445504772,0,0
3999,-0.9763233457557188,10.148190445293,20.198578445504772,0,0
4000,-0.9763233457557188,10.158657949503,20.198578445504772,0,0
4001,-0.9763233457557188,10.169126017999,20.198578445504772,0,0
4002,-0.9763233457557188,10.179594679774,20.198578445504772,0,0
4003,-0.9763233457557188,10.188402604257,20.198578445504772,0,0
4004,-0.9763233457557188,10.197133230965,20.198578445504772,0,0
4005,-0.9763233457557188,10.205864362398,20.198578445504772,0,0
4006,-0.9763233457557188,10.214596377565,20.198578445504772,0,0
4007,-0.9763233457557188,10.22332884763,20.198578445504772,0,0
4008,-0.9763233457557188,10.232062148296,20.198578445504772,0,0
4009,-0.9763233457557188,10.24079586619,20.198578445504772,0,0
4010,-0.9763004215256481,10.250112150403,20.198578445504772,0,0
4011,-0.9763004215256481,10.259428782579,20.198578445504772,0,0
4012,-0.9763004215256481,10.268746165864,20.198578445504772,0,0
4013,-0.9763004215256481,10.278063924041,20.198578445504772,0,0
4014,-0.9762336865447758,10.288479002576,20.198578445504772,0,0
4015,-0.9762336865447758,10.298894419402,20.198578445504772,0,0
4016,-0.9762336865447758,10.309310600016,20.198578445504772,0,0
4017,-0.9761776495379366,10.321149348613,20.198578445504772,0,0
4018,-0.9761776495379366,10.332988819638,20.198578445504772,0,0
4019,-0.9761776495379366,10.344828729841,20.198578445504772,0,0
4020,-0.9761776495379366,10.356669354211,20.198578445504772,0,0
4021,-0.9761776495379366,10.368510607266,20.198578445504772,0,0
4022,-0.9761771401106016,10.378197892434,20.198578445504772,0,0
4023,-0.9761771401106016,10.387885795763,20.198578445504772,0,0
4024,-0.9761654232818988,10.397560243136,20.198578445504772,0,0
4025,-0.9761511593165215,10.407597553363,20.198578445504772,0,0
4026,-0.9761511593165215,10.417635514101,20.198578445504772,0,0
4027,-0.9761511593165215,10.42767437178,20.198578445504772,0,0
4028,-0.9761511593165215,10.437713847803,20.198578445504772,0,0
4029,-0.9761511593165215,10.447079186005,20.198578445504772,0,0
4030,-0.9761511593165215,10.456445081024,20.198578445504772,0,0
4031,-0.9761511593165215,10.465811670525,20.198578445504772,0,0
4032,-0.9761511593165215,10.475178787585,20.198578445504772,0,0
4033,-0.9761511593165215,10.484546518783,20.198578445504772,0,0
4034,-0.9761511593165215,10.493914711322,20.198578445504772,0,0
4035,-0.9761506498891868,10.503296438831,20.198578445504772,0,0
4036,-0.9761506498891868,10.51267858736,20.198578445504772,0,0
4037,-0.9760579341142344,10.524414337225,20.198578445504772,0,0
4038,-0.9760579341142344,10.536150475605,20.198578445504772,0,0
4039,-0.9760579341142344,10.547887406917,20.198578445504772,0,0
4040,-0.9760360287388334,10.560180931574,20.198578445504772,0,0
4041,-0.9760360287388334,10.570722876264,20.198578445504772,0,0
4042,-0.9760360287388334,10.581265497469,20.198578445504772,0,0
4043,-0.9760360287388334,10.591808876515,20.198578445504772,0,0
4044,-0.9760360287388334,10.60227522829,20.198578445504772,0,0
4045,-0.9760360287388334,10.612742259024,20.198578445504772,0,0
4046,-0.9760360287388334,10.62321016846,20.198578445504772,0,0
4047,-0.9760360287388334,10.633678837497,20.198578445504772,0,0
4048,-0.9760360287388334,10.644148297525,20.198578445504772,0,0
4049,-0.9760360287388334,10.654618426542,20.198578445504772,0,0
4050,-0.9760360287388334,10.665089301223,20.198578445504772,0,0
4051,-0.9760360287388334,10.675560775001,20.198578445504772,0,0
4052,-0.9760360287388334,10.686032904707,20.198578445504772,0,0
4053,-0.9760360287388334,10.696505566789,20.198578445504772,0,0
4054,-0.9760360287388334,10.706978857894,20.198578445504772,0,0
4055,-0.9759478978098954,10.719689357047,20.198578445504772,0,0
4056,-0.9759478978098954,10.732400454421,20.198578445504772,0,0
4057,-0.9759478978098954,10.745112194861,20.198578445504772,0,0
4058,-0.9759478978098954,10.75782471453,20.198578445504772,0,0
4059,-0.9759478978098954,10.769499454816,20.198578445504772,0,0
4060,-0.9759478978098954,10.779046212975,20.198578445504772,0,0
4061,-0.9759478978098954,10.788593530983,20.198578445504772,0,0
4062,-0.9759178415971361,10.798904288708,20.198578445504772,0,0
4063,-0.9759178415971361,10.809215670345,20.198578445504772,0,0
4064,-0.9759168227424664,10.819553543136,20.198578445504772,0,0
4065,-0.9759168227424664,10.829892185276,20.198578445504772,0,0
4066,-0.9759168227424664,10.840231599399,20.198578445504772,0,0
4067,-0.9759168227424664,10.850571731175,20.198578445504772,0,0
4068,-0.9759168227424664,10.860912557853,20.198578445504772,0,0
4069,-0.9759168227424664,10.871254113518,20.198578445504772,0,0
4070,-0.9759168227424664,10.881596293375,20.198578445504772,0,0
4071,-0.9759168227424664,10.891939111829,20.198578445504772,0,0
4072,-0.9759168227424664,10.902282523961,20.198578445504772,0,0
4073,-0.9759168227424664,10.912626577673,20.198578445504772,0,0
4074,-0.9758419369242355,10.924287613572,20.198578445504772,0,0
4075,-0.9758419369242355,10.935949245642,20.198578445504772,0,0
4076,-0.9758419369242355,10.94761150017,20.198578445504772,0,0
4077,-0.9758368426508865,10.959403704341,20.198578445504772,0,0
4078,-0.9758368426508865,10.969496071469,20.198578445504772,0,0
4079,-0.9758368426508865,10.979589072082,20.198578445504772,0,0
4080,-0.9758368426508865,10.989682415941,20.198578445504772,0,0
4081,-0.9758368426508865,10.998348850751,20.198578445504772,0,0
4082,-0.9758368426508865,11.007015595526,20.198578445504772,0,0
4083,-0.9758368426508865,11.0156830176,20.198578445504772,0,0
4084,-0.9758368426508865,11.024350991883,20.198578445504772,0,0
4085,-0.9757823339260518,11.034403136844,20.198578445504772,0,0
4086,-0.9757823339260518,11.044442794734,20.198578445504772,0,0
4087,-0.9757823339260518,11.054483319331,20.198578445504772,0,0
4088,-0.9757782585073727,11.064329294666,20.198578445504772,0,0
4089,-0.9757782585073727,11.073812629615,20.198578445504772,0,0
4090,-0.9757782585073727,11.08329643495,20.198578445504772,0,0
4091,-0.9757782585073727,11.092780985429,20.198578445504772,0,0
4092,-0.9757782585073727,11.102266040312,20.198578445504772,0,0
4093,-0.9757155989451796,11.113342010566,20.198578445504772,0,0
4094,-0.9757155989451796,11.124418422459,20.198578445504772,0,0
4095,-0.9757155989451796,11.135495682779,20.198578445504772,0,0
4096,-0.9757155989451796,11.146573368655,20.198578445504772,0,0
4097,-0.9757155989451796,11.157651839839,20.198578445504772,0,0
4098,-0.9757155989451796,11.168730643944,20.198578445504772,0,0
4099,-0.9757155989451796,11.179797255543,20.198578445504772,0,0
4100,-0.9757155989451796,11.190864380641,20.198578445504772,0,0
4101,-0.9757155989451796,11.19956987109,20.198578445504772,0,0
4102,-0.9757155989451796,11.208275868718,20.198578445504772,0,0
4103,-0.9757155989451796,11.216982689132,20.198578445504772,0,0
4104,-0.9757155989451796,11.225131838606,20.198578445504772,0,0
4105,-0.9757155989451796,11.233281760766,20.198578445504772,0,0
4106,-0.9757125423811701,11.241509662759,20.198578445504772,0,0
4107,-0.9756865615870902,11.250397643844,20.198578445504772,0,0
4108,-0.9756865615870902,11.25928597709,20.198578445504772,0,0
4109,-0.9756865615870902,11.268175017308,20.198578445504772,0,0
4110,-0.9756865615870902,11.277064407669,20.198578445504772,0,0
4111,-0.9756865615870902,11.285954538475,20.198578445504772,0,0
4112,-0.975598430658152,11.297081636085,20.198578445504772,0,0
4113,-0.975598430658152,11.30820942787,20.198578445504772,0,0
4114,-0.975598430658152,11.31933782332,20.198578445504772,0,0
4115,-0.975598430658152,11.330466970911,20.198578445504772,0,0
4116,-0.975598430658152,11.341596624739,20.198578445504772,0,0
4117,-0.975598430658152,11.35272697214,20.198578445504772,0,0
4118,-0.975598430658152,11.363857891724,20.198578445504772,0,0
4119,-0.975598430658152,11.37274409866,20.198578445504772,0,0
4120,-0.975598430658152,11.38163086951,20.198578445504772,0,0
4121,-0.975598430658152,11.39051815951,20.198578445504772,0,0
4122,-0.975598430658152,11.399406307535,20.198578445504772,0,0
4123,-0.975598430658152,11.408294921403,20.198578445504772,0,0
4124,-0.975598430658152,11.417184322008,20.198578445504772,0,0
4125,-0.975598430658152,11.42607415833,20.198578445504772,0,0
4126,-0.975598430658152,11.434198897062,20.198578445504772,0,0
4127,-0.975598430658152,11.442324025293,20.198578445504772,0,0
4128,-0.975598430658152,11.450423775821,20.198578445504772,0,0
4129,-0.975598430658152,11.45852390829,20.198578445504772,0,0
4130,-0.9755597141806993,11.467607185608,20.198578445504772,0,0
4131,-0.9754965451911715,11.478293964487,20.198578445504772,0,0
4132,-0.9754965451911715,11.488981350327,20.198578445504772,0,0
4133,-0.9754965451911715,11.499669346562,20.198578445504772,0,0
4134,-0.9754965451911715,11.510357956499,20.198578445504772,0,0
4135,-0.9754965451911715,11.521047088112,20.198578445504772,0,0
4136,-0.9754960357638365,11.531749726898,20.198578445504772,0,0
4137,-0.9754960357638365,11.542452991436,20.198578445504772,0,0
4138,-0.9754960357638365,11.551248916523,20.198578445504772,0,0
4139,-0.9754960357638365,11.560045448339,20.198578445504772,0,0
4140,-0.9754960357638365,11.56884247591,20.198578445504772,0,0
4141,-0.9754960357638365,11.577510596067,20.198578445504772,0,0
4142,-0.9754960357638365,11.586179174584,20.198578445504772,0,0
4143,-0.9754960357638365,11.594848559786,20.198578445504772,0,0
4144,-0.9754960357638365,11.603518333677,20.198578445504772,0,0
4145,-0.9754955263365015,11.612201790908,20.198578445504772,0,0
4146,-0.9754955263365015,11.620885561266,20.198578445504772,0,0
4147,-0.9754955263365015,11.629570013591,20.198578445504772,0,0
4148,-0.9754955263365015,11.638254773618,20.198578445504772,0,0
4149,-0.975408923689568,11.647749237182,20.198578445504772,0,0
4150,-0.975408923689568,11.657244016212,20.198578445504772,0,0
4151,-0.975408923689568,11.666739507269,20.198578445504772,0,0
4152,-0.9753661317934363,11.677217546021,20.198578445504772,0,0
4153,-0.9753661317934363,11.687696253878,20.198578445504772,0,0
4154,-0.9753661317934363,11.698175339495,20.198578445504772,0,0
4155,-0.9753661317934363,11.708655089153,20.198578445504772,0,0
4156,-0.9753661317934363,11.719135441872,20.198578445504772,0,0
4157,-0.9753661317934363,11.728019944238,20.198578445504772,0,0
4158,-0.9753661317934363,11.736905018581,20.198578445504772,0,0
4159,-0.9753661317934363,11.74579078211,20.198578445504772,0,0
4160,-0.9753661317934363,11.754677321323,20.198578445504772,0,0
4161,-0.9753635846567617,11.76362914042,20.198578445504772,0,0
4162,-0.9753635846567617,11.772581720496,20.198578445504772,0,0
4163,-0.9752708688818095,11.783887916224,20.198578445504772,0,0
4164,-0.9752708688818095,11.795194829811,20.198578445504772,0,0
4165,-0.9752708688818095,11.806502463132,20.198578445504772,0,0
4166,-0.9752708688818095,11.817810826819,20.198578445504772,0,0
4167,-0.9752708688818095,11.829119863618,20.198578445504772,0,0
4168,-0.9752703594544745,11.84044246272,20.198578445504772,0,0
4169,-0.9752703594544745,11.851765637946,20.198578445504772,0,0
4170,-0.9752703594544745,11.863011663196,20.198578445504772,0,0
4171,-0.9752703594544745,11.873596215003,20.198578445504772,0,0
4172,-0.9752703594544745,11.88418144715,20.198578445504772,0,0
4173,-0.9752703594544745,11.894767158382,20.198578445504772,0,0
4174,-0.9752703594544745,11.905353500992,20.198578445504772,0,0
4175,-0.9752571143437669,11.916276655867,20.198578445504772,0,0
4176,-0.9752571143437669,11.924954845558,20.198578445504772,0,0
4177,-0.9752545672070925,11.933698367794,20.198578445504772,0,0
4178,-0.9752545672070925,11.94244246778,20.198578445504772,0,0
4179,-0.9752545672070925,11.951187317883,20.198578445504772,0,0
4180,-0.9752545672070925,11.959932676323,20.198578445504772,0,0
4181,-0.9752545672070925,11.968678846339,20.198578445504772,0,0
4182,-0.9751807002435315,11.979300168614,20.198578445504772,0,0
4183,-0.9751776436795221,11.989999824155,20.198578445504772,0,0
4184,-0.9751776436795221,12.000700100583,20.198578445504772,0,0
4185,-0.9751776436795221,12.01140115381,20.198578445504772,0,0
4186,-0.9751776436795221,12.022102736726,20.198578445504772,0,0
4187,-0.9751776436795221,12.032805007962,20.198578445504772,0,0
4188,-0.9751776436795221,12.043507714865,20.198578445504772,0,0
4189,-0.9751776436795221,12.054211247115,20.198578445504772,0,0
4190,-0.9751776436795221,12.064915153168,20.198578445504772,0,0
4191,-0.9751776436795221,12.075619815467,20.198578445504772,0,0
4192,-0.9751776436795221,12.0863250451,20.198578445504772,0,0
4193,-0.9751776436795221,12.097031115238,20.198578445504772,0,0
4194,-0.9751776436795221,12.106751249144,20.198578445504772,0,0
4195,-0.9751776436795221,12.114862673203,20.198578445504772,0,0
4196,-0.975079324203886,12.125469834913,20.198578445504772,0,0
4197,-0.975079324203886,12.136077728402,20.198578445504772,0,0
4198,-0.975079324203886,12.146686269625,20.198578445504772,0,0
4199,-0.975079324203886,12.157295567302,20.198578445504772,0,0
4200,-0.975079324203886,12.167892541715,20.198578445504772,0,0
4201,-0.975079324203886,12.17849020287,20.198578445504772,0,0
4202,-0.975079324203886,12.189088429153,20.198578445504772,0,0
4203,-0.975079324203886,12.199687403,20.198578445504772,0,0
4204,-0.975079324203886,12.21028688135,20.198578445504772,0,0
4205,-0.975079324203886,12.220887020743,20.198578445504772,0,0
4206,-0.975079324203886,12.231487705182,20.198578445504772,0,0
4207,-0.975079324203886,12.242089061874,20.198578445504772,0,0
4208,-0.975078814776551,12.252703915932,20.198578445504772,0,0
4209,-0.975078814776551,12.263306412106,20.198578445504772,0,0
4210,-0.975078814776551,12.273909384326,20.198578445504772,0,0
4211,-0.975078814776551,12.284513183693,20.198578445504772,0,0
4212,-0.975078814776551,12.295117496114,20.198578445504772,0,0
4213,-0.975078814776551,12.303515982007,20.198578445504772,0,0
4214,-0.975078814776551,12.311915020663,20.198578445504772,0,0
4215,-0.9749973064029667,12.322383183751,20.198578445504772,0,0
4216,-0.974994759266292,12.331826191772,20.198578445504772,0,0
4217,-0.974994759266292,12.341269921608,20.198578445504772,0,0
4218,-0.974994759266292,12.350714073837,20.198578445504772,0,0
4219,-0.974994759266292,12.360158881573,20.198578445504772,0,0
4220,-0.9749677596175421,12.370289254839,20.198578445504772,0,0
4221,-0.9749652124808676,12.380484856839,20.198578445504772,0,0
4222,-0.9749652124808676,12.39068103426,20.198578445504772,0,0
4223,-0.9749652124808676,12.400877804688,20.198578445504772,0,0
4224,-0.9749652124808676,12.411075063569,20.198578445504772,0,0
4225,-0.9749652124808676,12.42120824032,20.198578445504772,0,0
4226,-0.9749652124808676,12.431342026039,20.198578445504772,0,0
4227,-0.9749652124808676,12.439114244465,20.198578445504772,0,0
4228,-0.9749652124808676,12.446887077739,20.198578445504772,0,0
4229,-0.9749652124808676,12.454660384473,20.198578445504772,0,0
4230,-0.9749652124808676,12.462434386895,20.198578445504772,0,0
4231,-0.9749652124808676,12.470208805943,20.198578445504772,0,0
4232,-0.9749652124808676,12.477970877929,20.198578445504772,0,0
4233,-0.9749652124808676,12.48573334057,20.198578445504772,0,0
4234,-0.9748801381159389,12.495655492164,20.198578445504772,0,0
4235,-0.9748801381159389,12.505577999586,20.198578445504772,0,0
4236,-0.9748801381159389,12.515501254506,20.198578445504772,0,0
4237,-0.9748801381159389,12.525424877497,20.198578445504772,0,0
4238,-0.9748801381159389,12.535349183875,20.198578445504772,0,0
4239,-0.9748801381159389,12.544936295148,20.198578445504772,0,0
4240,-0.9748796286886041,12.554537055404,20.198578445504772,0,0
4241,-0.9748511007578495,12.564797338795,20.198578445504772,0,0
4242,-0.9748511007578495,12.575058307333,20.198578445504772,0,0
4243,-0.9748511007578495,12.585319664535,20.198578445504772,0,0
4244,-0.9748511007578495,12.595582078167,20.198578445504772,0,0
4245,-0.9748511007578495,12.605844893358,20.198578445504772,0,0
4246,-0.9748485536211748,12.614291294609,20.198578445504772,0,0
4247,-0.9748485536211748,12.622660205702,20.198578445504772,0,0
4248,-0.9748485536211748,12.631029932155,20.198578445504772,0,0
4249,-0.9748485536211748,12.639400026612,20.198578445504772,0,0
4250,-0.9748485536211748,12.647770881405,20.198578445504772,0,0
4251,-0.9748485536211748,12.656142070456,20.198578445504772,0,0
4252,-0.9748485536211748,12.66451399018,20.198578445504772,0,0
4253,-0.9747680641022602,12.674928933215,20.198578445504772,0,0
4254,-0.9747680641022602,12.685344559217,20.198578445504772,0,0
4255,-0.9747680641022602,12.69576062262,20.198578445504772,0,0
4256,-0.9747670452475905,12.706203269095,20.198578445504772,0,0
4257,-0.9747670452475905,12.716646257777,20.198578445504772,0,0
4258,-0.9747670452475905,12.727089880059,20.198578445504772,0,0
4259,-0.9747670452475905,12.737533946921,20.198578445504772,0,0
4260,-0.9746977631300437,12.74723200191,20.198578445504772,0,0
4261,-0.9746977631300437,12.756930529137,20.198578445504772,0,0
4262,-0.9746977631300437,12.766629708501,20.198578445504772,0,0
4263,-0.9746977631300437,12.776329761231,20.198578445504772,0,0
4264,-0.9746977631300437,12.786030449,20.198578445504772,0,0
4265,-0.9746947065660343,12.795809503356,20.198578445504772,0,0
4266,-0.9746947065660343,12.805589110755,20.198578445504772,0,0
4267,-0.9746947065660343,12.81536956512,20.198578445504772,0,0
4268,-0.9746947065660343,12.825150533883,20.198578445504772,0,0
4269,-0.9746947065660343,12.834932270772,20.198578445504772,0,0
4270,-0.9746936877113646,12.844740446601,20.198578445504772,0,0
4271,-0.9746936877113646,12.854549357777,20.198578445504772,0,0
4272,-0.9746936877113646,12.864345795841,20.198578445504772,0,0
4273,-0.9746936877113646,12.87414288587,20.198578445504772,0,0
4274,-0.9746936877113646,12.883940436653,20.198578445504772,0,0
4275,-0.9746936877113646,12.893738595321,20.198578445504772,0,0
4276,-0.9746936877113646,12.903537128511,20.198578445504772,0,0
4277,-0.9746936877113646,12.913336184568,20.198578445504772,0,0
4278,-0.9746936877113646,12.923135731555,20.198578445504772,0,0
4279,-0.9746213490298083,12.932694965915,20.198578445504772,0,0
4280,-0.9746157453291244,12.942332038107,20.198578445504772,0,0
4281,-0.9746157453291244,12.9519696254,20.198578445504772,0,0
4282,-0.9746157453291244,12.96160803681,20.198578445504772,0,0
4283,-0.9746157453291244,12.97124694067,20.198578445504772,0,0
4284,-0.9746157453291244,12.980198659879,20.198578445504772,0,0
4285,-0.9746157453291244,12.989085947466,20.198578445504772,0,0
4286,-0.9746157453291244,12.997974035783,20.198578445504772,0,0
4287,-0.9746157453291244,13.006862516134,20.198578445504772,0,0
4288,-0.9746157453291244,13.015751722837,20.198578445504772,0,0
4289,-0.9746157453291244,13.024641525455,20.198578445504772,0,0
4290,-0.9746157453291244,13.033532014757,20.198578445504772,0,0
4291,-0.9746157453291244,13.042423027908,20.198578445504772,0,0
4292,-0.9746157453291244,13.051314650919,20.198578445504772,0,0
4293,-0.9746157453291244,13.06020672967,20.198578445504772,0,0
4294,-0.9746157453291244,13.069099383363,20.198578445504772,0,0
4295,-0.9746157453291244,13.077992415542,20.198578445504772,0,0
4296,-0.9746157453291244,13.086885946649,20.198578445504772,0,0
4297,-0.9746157453291244,13.095779981143,20.198578445504772,0,0
4298,-0.9745321992462002,13.104627142891,20.198578445504772,0,0
4299,-0.9745321992462002,13.113474842144,20.198578445504772,0,0
4300,-0.9745321992462002,13.122322949547,20.198578445504772,0,0
4301,-0.9745321992462002,13.131171747838,20.198578445504772,0,0
4302,-0.9745321992462002,13.140020874218,20.198578445504772,0,0
4303,-0.9745321992462002,13.148870616248,20.198578445504772,0,0
4304,-0.9745321992462002,13.157707732716,20.198578445504772,0,0
4305,-0.9744960299054222,13.166736677526,20.198578445504772,0,0
4306,-0.9744145215318376,13.177834564721,20.198578445504772,0,0
4307,-0.9744145215318376,13.188933179076,20.198578445504772,0,0
4308,-0.9744145215318376,13.200032649756,20.198578445504772,0,0
4309,-0.9744145215318376,13.211132887769,20.198578445504772,0,0
4310,-0.9744063706944792,13.22237585076,20.198578445504772,0,0
4311,-0.974386503028418,13.234123711796,20.198578445504772,0,0
4312,-0.974385993601083,13.245885242573,20.198578445504772,0,0
4313,-0.974385993601083,13.257647543748,20.198578445504772,0,0
4314,-0.974385993601083,13.269410509426,20.198578445504772,0,0
4315,-0.974385993601083,13.281174189874,20.198578445504772,0,0
4316,-0.974385993601083,13.292938652598,20.198578445504772,0,0
4317,-0.974385993601083,13.302652927394,20.198578445504772,0,0
4318,-0.974385993601083,13.312367985622,20.198578445504772,0,0
4319,-0.9743844653190785,13.322122221515,20.198578445504772,0,0
4320,-0.9743747861997152,13.332096882531,20.198578445504772,0,0
4321,-0.9743747861997152,13.342071881267,20.198578445504772,0,0
4322,-0.9743747861997152,13.352047554345,20.198578445504772,0,0
4323,-0.9743747861997152,13.362023650179,20.198578445504772,0,0
4324,-0.9743747861997152,13.37023524766,20.198578445504772,0,0
4325,-0.9742876741254469,13.380658083728,20.198578445504772,0,0
4326,-0.9742876741254469,13.391081485303,20.198578445504772,0,0
4327,-0.9742876741254469,13.401505765978,20.198578445504772,0,0
4328,-0.9742876741254469,13.411930668316,20.198578445504772,0,0
4329,-0.9742876741254469,13.422278493695,20.198578445504772,0,0
4330,-0.9742876741254469,13.432626863352,20.198578445504772,0,0
4331,-0.9742876741254469,13.44297599503,20.198578445504772,0,0
4332,-0.9742876741254469,13.453325814564,20.198578445504772,0,0
4333,-0.9742876741254469,13.463676310902,20.198578445504772,0,0
4334,-0.9742876741254469,13.4740015192,20.198578445504772,0,0
4335,-0.9742876741254469,13.484327612147,20.198578445504772,0,0
4336,-0.9742876741254469,13.494654327362,20.198578445504772,0,0
4337,-0.9742876741254469,13.504981867329,20.198578445504772,0,0
4338,-0.9742876741254469,13.515309952581,20.198578445504772,0,0
4339,-0.9742876741254469,13.525638817185,20.198578445504772,0,0
4340,-0.9742876741254469,13.535968183112,20.198578445504772,0,0
4341,-0.9742876741254469,13.546298252153,20.198578445504772,0,0
4342,-0.9742876741254469,13.556628892179,20.198578445504772,0,0
4343,-0.974229089981933,13.566603877855,20.198578445504772,0,0
4344,-0.974229089981933,13.576436656908,20.198578445504772,0,0
4345,-0.974229089981933,13.586270008143,20.198578445504772,0,0
4346,-0.974229089981933,13.596104074471,20.198578445504772,0,0
4347,-0.974229089981933,13.605938626508,20.198578445504772,0,0
4348,-0.974229089981933,13.615773813055,20.198578445504772,0,0
4349,-0.974229089981933,13.625609459662,20.198578445504772,0,0
4350,-0.974198524341839,13.636221555149,20.198578445504772,0,0
4351,-0.974198524341839,13.646834162019,20.198578445504772,0,0
4352,-0.974198524341839,13.657447476902,20.198578445504772,0,0
4353,-0.974198524341839,13.668061377367,20.198578445504772,0,0
4354,-0.974198524341839,13.678676206767,20.198578445504772,0,0
4355,-0.9741643927104005,13.690157818979,20.198578445504772,0,0
4356,-0.9741643927104005,13.701640282476,20.198578445504772,0,0
4357,-0.9741643927104005,13.713123335685,20.198578445504772,0,0
4358,-0.9741643927104005,13.724607227293,20.198578445504772,0,0
4359,-0.9741643927104005,13.736091635968,20.198578445504772,0,0
4360,-0.9741643927104005,13.747576824598,20.198578445504772,0,0
4361,-0.9741643927104005,13.759062534111,20.198578445504772,0,0
4362,-0.9740670920894339,13.770889688061,20.198578445504772,0,0
4363,-0.9740670920894339,13.782717376169,20.198578445504772,0,0
4364,-0.9740670920894339,13.794545790727,20.198578445504772,0,0
4365,-0.9740619978160849,13.806504101961,20.198578445504772,0,0
4366,-0.9740619978160849,13.818463065978,20.198578445504772,0,0
4367,-0.9740619978160849,13.830422543972,20.198578445504772,0,0
4368,-0.9740619978160849,13.842382636146,20.198578445504772,0,0
4369,-0.9740619978160849,13.853421947533,20.198578445504772,0,0
4370,-0.9740619978160849,13.86238504069,20.198578445504772,0,0
4371,-0.9740619978160849,13.871348837234,20.198578445504772,0,0
4372,-0.9740619978160849,13.88031317172,20.198578445504772,0,0
4373,-0.9740619978160849,13.889278310984,20.198578445504772,0,0
4374,-0.9740619978160849,13.89803625032,20.198578445504772,0,0
4375,-0.9740619978160849,13.906288723362,20.198578445504772,0,0
4376,-0.9740619978160849,13.91452867557,20.198578445504772,0,0
4377,-0.9740619978160849,13.922769259544,20.198578445504772,0,0
4378,-0.9740619978160849,13.931010230275,20.198578445504772,0,0
4379,-0.9740619978160849,13.939251826337,20.198578445504772,0,0
4380,-0.9740619978160849,13.947493801158,20.198578445504772,0,0
4381,-0.9739804894425004,13.957804996823,20.198578445504772,0,0
4382,-0.9739804894425004,13.968116525804,20.198578445504772,0,0
4383,-0.9739804894425004,13.978389900988,20.198578445504772,0,0
4384,-0.9739804894425004,13.988417076729,20.198578445504772,0,0
4385,-0.9739804894425004,13.998444999291,20.198578445504772,0,0
4386,-0.9739799800151656,14.008486155035,20.198578445504772,0,0
4387,-0.9739799800151656,14.018528033537,20.198578445504772,0,0
4388,-0.9739799800151656,14.028570449519,20.198578445504772,0,0
4389,-0.9739799800151656,14.036393955698,20.198578445504772,0,0
4390,-0.9739799800151656,14.044217996936,20.198578445504772,0,0
4391,-0.9739799800151656,14.052042808068,20.198578445504772,0,0
4392,-0.9739799800151656,14.059868124049,20.198578445504772,0,0
4393,-0.9739799800151656,14.067694145408,20.198578445504772,0,0
4394,-0.9739799800151656,14.0755206489,20.198578445504772,0,0
4395,-0.9739601123491044,14.08385201812,20.198578445504772,0,0
4396,-0.9739601123491044,14.092183808196,20.198578445504772,0,0
4397,-0.9739601123491044,14.100516222183,20.198578445504772,0,0
4398,-0.9739601123491044,14.108849054597,20.198578445504772,0,0
4399,-0.9739601123491044,14.117182517464,20.198578445504772,0,0
4400,-0.9738276612420296,14.128877829336,20.198578445504772,0,0
4401,-0.9737858882005674,14.141633906898,20.198578445504772,0,0
4402,-0.9737858882005674,14.154390667055,20.198578445504772,0,0
4403,-0.9737858882005674,14.167148253798,20.198578445504772,0,0
4404,-0.9737858882005674,14.179906454423,20.198578445504772,0,0
4405,-0.9737858882005674,14.192665393056,20.198578445504772,0,0
4406,-0.973783341063893,14.205489637023,20.198578445504772,0,0
4407,-0.9737583791244828,14.217455624868,20.198578445504772,0,0
4408,-0.9737436057317705,14.229797224296,20.198578445504772,0,0
4409,-0.9737425868771008,14.242165432892,20.198578445504772,0,0
4410,-0.9737425868771008,14.254534779591,20.198578445504772,0,0
4411,-0.9737425868771008,14.266904874928,20.198578445504772,0,0
4412,-0.9737425868771008,14.279276005665,20.198578445504772,0,0
4413,-0.9737405491677611,14.291699539673,20.198578445504772,0,0
4414,-0.9737405491677611,14.303345250379,20.198578445504772,0,0
4415,-0.9737405491677611,14.314991609083,20.198578445504772,0,0
4416,-0.9737405491677611,14.326638776298,20.198578445504772,0,0
4417,-0.9737405491677611,14.338286523619,20.198578445504772,0,0
4418,-0.9737405491677611,14.349935094113,20.198578445504772,0,0
4419,-0.9737405491677611,14.360714518175,20.198578445504772,0,0
4420,-0.9736804367422427,14.373020304214,20.198578445504772,0,0
4421,-0.9736799273149077,14.385339456623,20.198578445504772,0,0
4422,-0.9736799273149077,14.397659477673,20.198578445504772,0,0
4423,-0.9736799273149077,14.409979896961,20.198578445504772,0,0
4424,-0.9736799273149077,14.422301117186,20.198578445504772,0,0
4425,-0.9736799273149077,14.434622825863,20.198578445504772,0,0
4426,-0.9736799273149077,14.444466283631,20.198578445504772,0,0
4427,-0.973678908460238,14.45433621092,20.198578445504772,0,0
4428,-0.973678908460238,14.464206734488,20.198578445504772,0,0
4429,-0.973678908460238,14.473948392648,20.198578445504772,0,0
4430,-0.973678908460238,14.483690785304,20.198578445504772,0,0
4431,-0.973678908460238,14.493434036086,20.198578445504772,0,0
4432,-0.973678908460238,14.503177939633,20.198578445504772,0,0
4433,-0.973678908460238,14.512922656144,20.198578445504772,0,0
4434,-0.973678908460238,14.522667964614,20.198578445504772,0,0
4435,-0.973678908460238,14.532414011364,20.198578445504772,0,0
4436,-0.973678908460238,14.542160618409,20.198578445504772,0,0
4437,-0.973678908460238,14.551907921926,20.198578445504772,0,0
4438,-0.973678908460238,14.561655738372,20.198578445504772,0,0
4439,-0.9736080980606865,14.57320130488,20.198578445504772,0,0
4440,-0.9736080980606865,14.584747329541,20.198578445504772,0,0
4441,-0.9736080980606865,14.596294140145,20.198578445504772,0,0
4442,-0.9736080980606865,14.607841390505,20.198578445504772,0,0
4443,-0.9736080980606865,14.619389355156,20.198578445504772,0,0
4444,-0.9736080980606865,14.63093787807,20.198578445504772,0,0
4445,-0.9735729475745782,14.641302381581,20.198578445504772,0,0
4446,-0.9735352499517953,14.65262434325,20.198578445504772,0,0
4447,-0.9735352499517953,14.663946793793,20.198578445504772,0,0
4448,-0.9735352499517953,14.675270213269,20.198578445504772,0,0
4449,-0.9735352499517953,14.686594346186,20.198578445504772,0,0
4450,-0.9735352499517953,14.697906402791,20.198578445504772,0,0
4451,-0.9735352499517953,14.70921910338,20.198578445504772,0,0
4452,-0.9735352499517953,14.720532670901,20.198578445504772,0,0
4453,-0.9735352499517953,14.731846833941,20.198578445504772,0,0
4454,-0.9735352499517953,14.743161772053,20.198578445504772,0,0
4455,-0.9735352499517953,14.754477299604,20.198578445504772,0,0
4456,-0.9735352499517953,14.765793578107,20.198578445504772,0,0
4457,-0.9735352499517953,14.777110386943,20.198578445504772,0,0
4458,-0.9734613829882344,14.790302549534,20.198578445504772,0,0
4459,-0.9734613829882344,14.802988969172,20.198578445504772,0,0
4460,-0.9734613829882344,14.815676248192,20.198578445504772,0,0
4461,-0.9734573075695552,14.828467370414,20.198578445504772,0,0
4462,-0.9734573075695552,14.841259237516,20.198578445504772,0,0
4463,-0.9734573075695552,14.854051549463,20.198578445504772,0,0
4464,-0.9734573075695552,14.863469870654,20.198578445504772,0,0
4465,-0.9734573075695552,14.871824503236,20.198578445504772,0,0
4466,-0.9734573075695552,14.880179562506,20.198578445504772,0,0
4467,-0.9734573075695552,14.888535133359,20.198578445504772,0,0
4468,-0.9734573075695552,14.896891403277,20.198578445504772,0,0
4469,-0.9734547604328807,14.905312785868,20.198578445504772,0,0
4470,-0.9734547604328807,14.913669920644,20.198578445504772,0,0
4471,-0.9734547604328807,14.921391520075,20.198578445504772,0,0
4472,-0.9734547604328807,14.928737362543,20.198578445504772,0,0
4473,-0.9734547604328807,14.936057610179,20.198578445504772,0,0
4474,-0.9734547604328807,14.943378491812,20.198578445504772,0,0
4475,-0.9734547604328807,14.950699765834,20.198578445504772,0,0
4476,-0.9733717237772914,14.96012906993,20.198578445504772,0,0
4477,-0.9733717237772914,14.969506809879,20.198578445504772,0,0
4478,-0.9733717237772914,14.978885322985,20.198578445504772,0,0
4479,-0.9733717237772914,14.988264239425,20.198578445504772,0,0
4480,-0.9733717237772914,14.997643870288,20.198578445504772,0,0
4481,-0.9733717237772914,15.007023819203,20.198578445504772,0,0
4482,-0.9733717237772914,15.016404400463,20.198578445504772,0,0
4483,-0.9733717237772914,15.025785452597,20.198578445504772,0,0
4484,-0.9733717237772914,15.033635547556,20.198578445504772,0,0
4485,-0.9733717237772914,15.041473110108,20.198578445504772,0,0
4486,-0.9733717237772914,15.04931123308,20.198578445504772,0,0
4487,-0.9733717237772914,15.057150001821,20.198578445504772,0,0
4488,-0.9733717237772914,15.064989290809,20.198578445504772,0,0
4489,-0.9733717237772914,15.072829201131,20.198578445504772,0,0
4490,-0.9733370827185182,15.081548777064,20.198578445504772,0,0
4491,-0.9733177244797917,15.090734258059,20.198578445504772,0,0
4492,-0.9733177244797917,15.099920267745,20.198578445504772,0,0
4493,-0.9733177244797917,15.109106911518,20.198578445504772,0,0
4494,-0.9733177244797917,15.118294123939,20.198578445504772,0,0
4495,-0.9732514989262544,15.129162647378,20.198578445504772,0,0
4496,-0.9732514989262544,15.140031680508,20.198578445504772,0,0
4497,-0.9732514989262544,15.150901436478,20.198578445504772,0,0
4498,-0.9732031033294386,15.162999961775,20.198578445504772,0,0
4499,-0.9732031033294386,15.175099156193,20.198578445504772,0,0
4500,-0.9732031033294386,15.187198945502,20.198578445504772,0,0
4501,-0.9732031033294386,15.199299376375,20.198578445504772,0,0
4502,-0.9732031033294386,15.211400643953,20.198578445504772,0,0
4503,-0.9732031033294386,15.221698252284,20.198578445504772,0,0
4504,-0.9732031033294386,15.231996663484,20.198578445504772,0,0
4505,-0.9732031033294386,15.24229569349,20.198578445504772,0,0
4506,-0.9732031033294386,15.252595596631,20.198578445504772,0,0
4507,-0.9732031033294386,15.262896027372,20.198578445504772,0,0
4508,-0.9732031033294386,15.273197357285,20.198578445504772,0,0
4509,-0.9732031033294386,15.282603567758,20.198578445504772,0,0
4510,-0.9732031033294386,15.291050118007,20.198578445504772,0,0
4511,-0.9732031033294386,15.299497043694,20.198578445504772,0,0
4512,-0.9732031033294386,15.307944661681,20.198578445504772,0,0
4513,-0.9732031033294386,15.316392617868,20.198578445504772,0,0
4514,-0.9732031033294386,15.324841192704,20.198578445504772,0,0
4515,-0.9732031033294386,15.333290032608,20.198578445504772,0,0
4516,-0.9732031033294386,15.341739517644,20.198578445504772,0,0
4517,-0.973106312135807,15.352645716581,20.198578445504772,0,0
4518,-0.9731027461444628,15.363643046075,20.198578445504772,0,0
4519,-0.9731027461444628,15.374640866078,20.198578445504772,0,0
4520,-0.9731027461444628,15.385639483491,20.198578445504772,0,0
4521,-0.9731027461444628,15.396638668676,20.198578445504772,0,0
4522,-0.9731027461444628,15.405756479955,20.198578445504772,0,0
4523,-0.9731027461444628,15.414874834042,20.198578445504772,0,0
4524,-0.9731027461444628,15.423994090779,20.198578445504772,0,0
4525,-0.9731027461444628,15.433010005495,20.198578445504772,0,0
4526,-0.9731027461444628,15.442026752191,20.198578445504772,0,0
4527,-0.9731027461444628,15.451044134281,20.198578445504772,0,0
4528,-0.9731027461444628,15.460062296688,20.198578445504772,0,0
4529,-0.9731027461444628,15.469081016434,20.198578445504772,0,0
4530,-0.9731027461444628,15.478100439674,20.198578445504772,0,0
4531,-0.9731027461444628,15.487120340718,20.198578445504772,0,0
4532,-0.9731027461444628,15.496140869473,20.198578445504772,0,0
4533,-0.9731027461444628,15.505096898795,20.198578445504772,0,0
4534,-0.9731027461444628,15.514053520092,20.198578445504772,0,0
4535,-0.9730716710770337,15.523799195062,20.198578445504772,0,0
4536,-0.9729952569767983,15.535484755874,20.198578445504772,0,0
4537,-0.9729952569767983,15.547170731999,20.198578445504772,0,0
4538,-0.9729952569767983,15.558857497759,20.198578445504772,0,0
4539,-0.9729952569767983,15.570544842443,20.198578445504772,0,0
4540,-0.9729952569767983,15.580117163483,20.198578445504772,0,0
4541,-0.9729952569767983,15.589690040358,20.198578445504772,0,0
4542,-0.9729952569767983,15.599263416837,20.198578445504772,0,0
4543,-0.9729692761827182,15.609496974279,20.198578445504772,0,0
4544,-0.9729692761827182,15.619730962738,20.198578445504772,0,0
4545,-0.9729692761827182,15.629965786349,20.198578445504772,0,0
4546,-0.9729692761827182,15.640201355072,20.198578445504772,0,0
4547,-0.9729692761827182,15.650437716106,20.198578445504772,0,0
4548,-0.9729692761827182,15.66067473554,20.198578445504772,0,0
4549,-0.9729692761827182,15.670912461178,20.198578445504772,0,0
4550,-0.9729672384733785,15.681202520186,20.198578445504772,0,0
4551,-0.9729672384733785,15.691493204178,20.198578445504772,0,0
4552,-0.9729672384733785,15.701784422825,20.198578445504772,0,0
4553,-0.9729672384733785,15.712076259427,20.198578445504772,0,0
4554,-0.9729672384733785,15.721485976971,20.198578445504772,0,0
4555,-0.9729081449025299,15.73190279615,20.198578445504772,0,0
4556,-0.9729081449025299,15.742320009148,20.198578445504772,0,0
4557,-0.9729081449025299,15.752737871086,20.198578445504772,0,0
4558,-0.9729035600565157,15.763272539757,20.198578445504772,0,0
4559,-0.9729035600565157,15.772120388478,20.198578445504772,0,0
4560,-0.9729035600565157,15.780968669297,20.198578445504772,0,0
4561,-0.9729035600565157,15.789817487174,20.198578445504772,0,0
4562,-0.9729035600565157,15.797433765141,20.198578445504772,0,0
4563,-0.9729035600565157,15.805050551336,20.198578445504772,0,0
4564,-0.9729035600565157,15.812667774586,20.198578445504772,0,0
4565,-0.9729035600565157,15.820285840918,20.198578445504772,0,0
4566,-0.9729035600565157,15.827904313212,20.198578445504772,0,0
4567,-0.9729035600565157,15.835523566956,20.198578445504772,0,0
4568,-0.9729035600565157,15.84314316754,20.198578445504772,0,0
4569,-0.9729035600565157,15.850763524313,20.198578445504772,0,0
4570,-0.9729035600565157,15.858384162278,20.198578445504772,0,0
4571,-0.9729035600565157,15.866005492553,20.198578445504772,0,0
4572,-0.9729035600565157,15.873627091984,20.198578445504772,0,0
4573,-0.9728373345029784,15.882930108137,20.198578445504772,0,0
4574,-0.9728373345029784,15.89223334813,20.198578445504772,0,0
4575,-0.9728373345029784,15.90153735296,20.198578445504772,0,0
4576,-0.9728373345029784,15.910841613812,20.198578445504772,0,0
4577,-0.9728373345029784,15.920146594812,20.198578445504772,0,0
4578,-0.9728373345029784,15.929451747948,20.198578445504772,0,0
4579,-0.9728373345029784,15.938757578432,20.198578445504772,0,0
4580,-0.9727858823421531,15.949369567381,20.198578445504772,0,0
4581,-0.9727858823421531,15.957516094692,20.198578445504772,0,0
4582,-0.9727858823421531,15.965572249287,20.198578445504772,0,0
4583,-0.9727858823421531,15.973629004208,20.198578445504772,0,0
4584,-0.9727858823421531,15.981686411225,20.198578445504772,0,0
4585,-0.9727858823421531,15.989744371302,20.198578445504772,0,0
4586,-0.9727858823421531,15.997802917397,20.198578445504772,0,0
4587,-0.9727858823421531,16.00586204857,20.198578445504772,0,0
4588,-0.9727588826934033,16.014606930362,20.198578445504772,0,0
4589,-0.9727588826934033,16.023352334739,20.198578445504772,0,0
4590,-0.9727588826934033,16.032098327299,20.198578445504772,0,0
4591,-0.9727588826934033,16.040844868987,20.198578445504772,0,0
4592,-0.9726814497384981,16.051557108455,20.198578445504772,0,0
4593,-0.9726814497384981,16.062269844885,20.198578445504772,0,0
4594,-0.9726814497384981,16.07298324263,20.198578445504772,0,0
4595,-0.9726814497384981,16.083697185867,20.198578445504772,0,0
4596,-0.9726814497384981,16.094411723954,20.198578445504772,0,0
4597,-0.972640186124371,16.106173946363,20.198578445504772,0,0
4598,-0.972640186124371,16.117936772626,20.198578445504772,0,0
4599,-0.972640186124371,16.12890861399,20.198578445504772,0,0
4600,-0.972640186124371,16.137934061825,20.198578445504772,0,0
4601,-0.972640186124371,16.146960218665,20.198578445504772,0,0
4602,-0.972640186124371,16.155986941516,20.198578445504772,0,0
4603,-0.972640186124371,16.165014419977,20.198578445504772,0,0
4604,-0.972640186124371,16.174042434803,20.198578445504772,0,0
4605,-0.972640186124371,16.18307113053,20.198578445504772,0,0
4606,-0.972640186124371,16.192100402372,20.198578445504772,0,0
4607,-0.972640186124371,16.20046836263,20.198578445504772,0,0
4608,-0.972640186124371,16.208836847053,20.198578445504772,0,0
4609,-0.972640186124371,16.217205974311,20.198578445504772,0,0
4610,-0.972640186124371,16.225575612812,20.198578445504772,0,0
4611,-0.972640186124371,16.233945821638,20.198578445504772,0,0
4612,-0.972640186124371,16.242316468857,20.198578445504772,0,0
4613,-0.972640186124371,16.250687645485,20.198578445504772,0,0
4614,-0.972640186124371,16.259007314593,20.198578445504772,0,0
4615,-0.972640186124371,16.267327485197,20.198578445504772,0,0
4616,-0.9725653003061403,16.277548530348,20.198578445504772,0,0
4617,-0.9725617343147959,16.287860659177,20.198578445504772,0,0
4618,-0.9725617343147959,16.298173430991,20.198578445504772,0,0
4619,-0.9725617343147959,16.306981131899,20.198578445504772,0,0
4620,-0.9725617343147959,16.31578944583,20.198578445504772,0,0
4621,-0.9725617343147959,16.324598394114,20.198578445504772,0,0
4622,-0.9725617343147959,16.333291089062,20.198578445504772,0,0
4623,-0.9725617343147959,16.34198450296,20.198578445504772,0,0
4624,-0.9725617343147959,16.350678458865,20.198578445504772,0,0
4625,-0.9725377912300555,16.359980715798,20.198578445504772,0,0
4626,-0.9725377912300555,16.36928362975,20.198578445504772,0,0
4627,-0.9725377912300555,16.378587195923,20.198578445504772,0,0
4628,-0.9725377912300555,16.387891442914,20.198578445504772,0,0
4629,-0.9725377912300555,16.397196261311,20.198578445504772,0,0
4630,-0.9725377912300555,16.406501680754,20.198578445504772,0,0
4631,-0.9725377912300555,16.415807591432,20.198578445504772,0,0
4632,-0.9725377912300555,16.425114090749,20.198578445504772,0,0
4633,-0.9725377912300555,16.434421025997,20.198578445504772,0,0
4634,-0.9725377912300555,16.443728504045,20.198578445504772,0,0
4635,-0.972445584882438,16.455376492618,20.198578445504772,0,0
4636,-0.972445584882438,16.467025158961,20.198578445504772,0,0
4637,-0.972445584882438,16.476987015605,20.198578445504772,0,0
4638,-0.972445584882438,16.486949619912,20.198578445504772,0,0
4639,-0.972445584882438,16.496912550887,20.198578445504772,0,0
4640,-0.972445584882438,16.506876278957,20.198578445504772,0,0
4641,-0.972445584882438,16.516840290649,20.198578445504772,0,0
4642,-0.9724201135156929,16.527451680957,20.198578445504772,0,0
4643,-0.9724201135156929,16.538063340801,20.198578445504772,0,0
4644,-0.9724201135156929,16.547364954972,20.198578445504772,0,0
4645,-0.9724201135156929,16.556667162861,20.198578445504772,0,0
4646,-0.9724201135156929,16.565970129657,20.198578445504772,0,0
4647,-0.9724201135156929,16.57527361443,20.198578445504772,0,0
4648,-0.9724201135156929,16.584577787083,20.198578445504772,0,0
4649,-0.9724201135156929,16.59388242748,20.198578445504772,0,0
4650,-0.9724190946610232,16.603213532069,20.198578445504772,0,0
4651,-0.9724190946610232,16.612545092349,20.198578445504772,0,0
4652,-0.9724190946610232,16.621189314842,20.198578445504772,0,0
4653,-0.9724190946610232,16.629833983683,20.198578445504772,0,0
4654,-0.9723508313981462,16.640211621092,20.198578445504772,0,0
4655,-0.9723508313981462,16.650589729515,20.198578445504772,0,0
4656,-0.9722998886646559,16.660288430348,20.198578445504772,0,0
4657,-0.9722998886646559,16.669987697233,20.198578445504772,0,0
4658,-0.9722998886646559,16.679687471381,20.198578445504772,0,0
4659,-0.9722998886646559,16.689387781695,20.198578445504772,0,0
4660,-0.9722998886646559,16.699088648092,20.198578445504772,0,0
4661,-0.9722998886646559,16.707738822148,20.198578445504772,0,0
4662,-0.9722998886646559,16.716389508909,20.198578445504772,0,0
4663,-0.9722998886646559,16.725040768614,20.198578445504772,0,0
4664,-0.9722998886646559,16.733692861793,20.198578445504772,0,0
4665,-0.9722998886646559,16.742345493303,20.198578445504772,0,0
4666,-0.9722998886646559,16.750998952977,20.198578445504772,0,0
4667,-0.9722998886646559,16.759652875562,20.198578445504772,0,0
4668,-0.9722998886646559,16.76830759088,20.198578445504772,0,0
4669,-0.9722998886646559,16.776962720809,20.198578445504772,0,0
4670,-0.9722871529812833,16.785941790885,20.198578445504772,0,0
4671,-0.9722871529812833,16.794921258257,20.198578445504772,0,0
4672,-0.9722871529812833,16.80390144528,20.198578445504772,0,0
4673,-0.9722871529812833,16.812882003133,20.198578445504772,0,0
4674,-0.9722871529812833,16.82186322791,20.198578445504772,0,0
4675,-0.9722153237270619,16.832667749992,20.198578445504772,0,0
4676,-0.9722137954450571,16.843511699896,20.198578445504772,0,0
4677,-0.9722137954450571,16.854356116296,20.198578445504772,0,0
4678,-0.9722137954450571,16.865201163678,20.198578445504772,0,0
4679,-0.9722137954450571,16.876046755007,20.198578445504772,0,0
4680,-0.9722127765903874,16.885010824805,20.198578445504772,0,0
4681,-0.9722081917443732,16.89400091757,20.198578445504772,0,0
4682,-0.9722081917443732,16.902991579783,20.198578445504772,0,0
4683,-0.9722081917443732,16.911982975781,20.198578445504772,0,0
4684,-0.9722081917443732,16.92097489672,20.198578445504772,0,0
4685,-0.9722081917443732,16.929967687134,20.198578445504772,0,0
4686,-0.9721929089243262,16.93934883937,20.198578445504772,0,0
4687,-0.9721929089243262,16.948730790957,20.198578445504772,0,0
4688,-0.9721929089243262,16.958113231732,20.198578445504772,0,0
4689,-0.9721149665420861,16.968864472451,20.198578445504772,0,0
4690,-0.9721149665420861,16.979616208255,20.198578445504772,0,0
4691,-0.9721149665420861,16.990368755182,20.198578445504772,0,0
4692,-0.9721149665420861,17.001121792899,20.198578445504772,0,0
4693,-0.9721149665420861,17.011875601765,20.198578445504772,0,0
4694,-0.9720512881252232,17.024245925526,20.198578445504772,0,0
4695,-0.9720512881252232,17.036616980991,20.198578445504772,0,0
4696,-0.9720512881252232,17.048988670313,20.198578445504772,0,0
4697,-0.9720512881252232,17.061361056603,20.198578445504772,0,0
4698,-0.9720512881252232,17.073734127008,20.198578445504772,0,0
4699,-0.9720512881252232,17.083758568248,20.198578445504772,0,0
4700,-0.9720512881252232,17.093783736286,20.198578445504772,0,0
4701,-0.9720253073311431,17.104468874128,20.198578445504772,0,0
4702,-0.9720253073311431,17.115154779394,20.198578445504772,0,0
4703,-0.9720253073311431,17.125841259973,20.198578445504772,0,0
4704,-0.9720227601944686,17.136593409529,20.198578445504772,0,0
4705,-0.9718082912864745,17.152789142918,20.198578445504772,0,0
4706,-0.9718082912864745,17.168336897604,20.198578445504772,0,0
4707,-0.9718082912864745,17.183885710142,20.198578445504772,0,0
4708,-0.9718082912864745,17.199435615391,20.198578445504772,0,0
4709,-0.9718072724318048,17.215012299935,20.198578445504772,0,0
4710,-0.9718001404491161,17.230770983443,20.198578445504772,0,0
4711,-0.9717858764837388,17.246892503139,20.198578445504772,0,0
4712,-0.9717858764837388,17.263015221317,20.198578445504772,0,0
4713,-0.9717858764837388,17.279138686117,20.198578445504772,0,0
4714,-0.9717858764837388,17.295237307944,20.198578445504772,0,0
4715,-0.9717002926914751,17.313509039341,20.198578445504772,0,0
4716,-0.9717002926914751,17.331781796944,20.198578445504772,0,0
4717,-0.9716977455548006,17.350120400326,20.198578445504772,0,0
4718,-0.9716977455548006,17.366720870999,20.198578445504772,0,0
4719,-0.9716977455548006,17.383322624601,20.198578445504772,0,0
4720,-0.9716977455548006,17.398627360883,20.198578445504772,0,0
4721,-0.9716977455548006,17.413933302617,20.198578445504772,0,0
4722,-0.9716977455548006,17.429240075298,20.198578445504772,0,0
4723,-0.9716977455548006,17.444548269606,20.198578445504772,0,0
4724,-0.9716203125998955,17.461822382278,20.198578445504772,0,0
4725,-0.9716203125998955,17.479097928811,20.198578445504772,0,0
4726,-0.9716203125998955,17.496374354864,20.198578445504772,0,0
4727,-0.9716203125998955,17.513652197207,20.198578445504772,0,0
4728,-0.9716203125998955,17.530930771229,20.198578445504772,0,0
4729,-0.9716203125998955,17.548210622712,20.198578445504772,0,0
4730,-0.9716203125998955,17.565491133188,20.198578445504772,0,0
4731,-0.9716203125998955,17.582773191613,20.198578445504772,0,0
4732,-0.9716203125998955,17.600055766361,20.198578445504772,0,0
4733,-0.9716203125998955,17.617339885439,20.198578445504772,0,0
4734,-0.9716203125998955,17.634300451102,20.198578445504772,0,0
4735,-0.9716203125998955,17.651262536064,20.198578445504772,0,0
4736,-0.9716203125998955,17.668225430174,20.198578445504772,0,0
4737,-0.9716203125998955,17.685189835877,20.198578445504772,0,0
4738,-0.9716203125998955,17.702155041764,20.198578445504772,0,0
4739,-0.9716203125998955,17.717291477257,20.198578445504772,0,0
4740,-0.9716203125998955,17.732389733741,20.198578445504772,0,0
4741,-0.9716203125998955,17.747489210498,20.198578445504772,0,0
4742,-0.9715530681916882,17.764296057784,20.198578445504772,0,0
4743,-0.9715530681916882,17.781104020226,20.198578445504772,0,0
4744,-0.9715530681916882,17.797887008648,20.198578445504772,0,0
4745,-0.9715530681916882,17.814554318205,20.198578445504772,0,0
4746,-0.9715530681916882,17.831222479866,20.198578445504772,0,0
4747,-0.9715530681916882,17.847891620629,20.198578445504772,0,0
4748,-0.9715530681916882,17.864561479177,20.198578445504772,0,0
4749,-0.9715316722436222,17.88177558879,20.198578445504772,0,0
4750,-0.9715316722436222,17.898600996044,20.198578445504772,0,0
4751,-0.9715316722436222,17.915427565531,20.198578445504772,0,0
4752,-0.9715316722436222,17.932254831202,20.198578445504772,0,0
4753,-0.9715316722436222,17.947097697378,20.198578445504772,0,0
4754,-0.9714404847506746,17.964255516858,20.198578445504772,0,0
4755,-0.9714404847506746,17.981414590058,20.198578445504772,0,0
4756,-0.9714404847506746,17.998574474247,20.198578445504772,0,0
4757,-0.9714404847506746,18.015735631123,20.198578445504772,0,0
4758,-0.9714404847506746,18.031274981757,20.198578445504772,0,0
4759,-0.9714404847506746,18.046815662951,20.198578445504772,0,0
4760,-0.9714318244859814,18.06257655378,20.198578445504772,0,0
4761,-0.9714318244859814,18.078338769255,20.198578445504772,0,0
4762,-0.9714318244859814,18.094101290011,20.198578445504772,0,0
4763,-0.9714318244859814,18.109865164581,20.198578445504772,0,0
4764,-0.9714318244859814,18.125629373625,20.198578445504772,0,0
4765,-0.9714318244859814,18.1407329183,20.198578445504772,0,0
4766,-0.9714318244859814,18.155836678421,20.198578445504772,0,0
4767,-0.9714318244859814,18.170941574944,20.198578445504772,0,0
4768,-0.9714318244859814,18.185982032039,20.198578445504772,0,0
4769,-0.9714318244859814,18.195558995973,20.198578445504772,0,0
4770,-0.9714318244859814,18.205136514559,20.198578445504772,0,0
4771,-0.9714318244859814,18.214714599373,20.198578445504772,0,0
4772,-0.9714318244859814,18.224293344518,20.198578445504772,0,0
4773,-0.971375787479142,18.235268793112,20.198578445504772,0,0
4774,-0.9713747686244723,18.246089002783,20.198578445504772,0,0
4775,-0.9713747686244723,18.25654642986,20.198578445504772,0,0
4776,-0.9713747686244723,18.267004447979,20.198578445504772,0,0
4777,-0.9713747686244723,18.277462994127,20.198578445504772,0,0
4778,-0.9713747686244723,18.287922162336,20.198578445504772,0,0
4779,-0.9713747686244723,18.29620116663,20.198578445504772,0,0
4780,-0.9713747686244723,18.304480989175,20.198578445504772,0,0
4781,-0.9713747686244723,18.312696090117,20.198578445504772,0,0
4782,-0.9713747686244723,18.320911938656,20.198578445504772,0,0
4783,-0.9713747686244723,18.329128156421,20.198578445504772,0,0
4784,-0.9713747686244723,18.337345116696,20.198578445504772,0,0
4785,-0.9713747686244723,18.345562373082,20.198578445504772,0,0
4786,-0.9713747686244723,18.353780387433,20.198578445504772,0,0
4787,-0.9713747686244723,18.361998694508,20.198578445504772,0,0
4788,-0.9713747686244723,18.368244757423,20.198578445504772,0,0
4789,-0.9713747686244723,18.37449113677,20.198578445504772,0,0
4790,-0.9713747686244723,18.380738073744,20.198578445504772,0,0
4791,-0.9713747686244723,18.386985301205,20.198578445504772,0,0
4792,-0.9712835811315246,18.395547301572,20.198578445504772,0,0
4793,-0.9712835811315246,18.404109591574,20.198578445504772,0,0
4794,-0.9712835811315246,18.412672587143,20.198578445504772,0,0
4795,-0.9712835811315246,18.42123590079,20.198578445504772,0,0
4796,-0.9712835811315246,18.429799842692,20.198578445504772,0,0
4797,-0.9712835811315246,18.438364058203,20.198578445504772,0,0
4798,-0.9712835811315246,18.446928928297,20.198578445504772,0,0
4799,-0.9712596380467842,18.456101846834,20.198578445504772,0,0
4800,-0.9712596380467842,18.465275355909,20.198578445504772,0,0
4801,-0.9712586191921144,18.474475107931,20.198578445504772,0,0
4802,-0.9711760919638601,18.485770272461,20.198578445504772,0,0
4803,-0.9711760919638601,18.497065792926,20.198578445504772,0,0
4804,-0.9711760919638601,18.508362391779,20.198578445504772,0,0
4805,-0.9711750731091904,18.51968525856,20.198578445504772,0,0
4806,-0.9711750731091904,18.529295801118,20.198578445504772,0,0
4807,-0.9711750731091904,18.538906721783,20.198578445504772,0,0
4808,-0.9711750731091904,18.548518429672,20.198578445504772,0,0
4809,-0.9711750731091904,18.558130573501,20.198578445504772,0,0
4810,-0.9711750731091904,18.567743468115,20.198578445504772,0,0
4811,-0.9711750731091904,18.577356715526,20.198578445504772,0,0
4812,-0.9711750731091904,18.586970758397,20.198578445504772,0,0
4813,-0.9711750731091904,18.596039964034,20.198578445504772,0,0
4814,-0.9711750731091904,18.605109937152,20.198578445504772,0,0
4815,-0.9711750731091904,18.614180093847,20.198578445504772,0,0
4816,-0.9711750731091904,18.623250936531,20.198578445504772,0,0
4817,-0.9711730353998507,18.63237375504,20.198578445504772,0,0
4818,-0.9711730353998507,18.639173928782,20.198578445504772,0,0
4819,-0.9711730353998507,18.645974379703,20.198578445504772,0,0
4820,-0.9711730353998507,18.652775355381,20.198578445504772,0,0
4821,-0.9710894893169266,18.661697155898,20.198578445504772,0,0
4822,-0.9710894893169266,18.670619484742,20.198578445504772,0,0
4823,-0.9710894893169266,18.679542500459,20.198578445504772,0,0
4824,-0.9710894893169266,18.688245407305,20.198578445504772,0,0
4825,-0.9710894893169266,18.696948966866,20.198578445504772,0,0
4826,-0.9710894893169266,18.705652975204,20.198578445504772,0,0
4827,-0.9710894893169266,18.714357565547,20.198578445504772,0,0
4828,-0.9710894893169266,18.723062801369,20.198578445504772,0,0
4829,-0.9710894893169266,18.73176855496,20.198578445504772,0,0
4830,-0.9710894893169266,18.740474879611,20.198578445504772,0,0
4831,-0.9710884704622569,18.749207786697,20.198578445504772,0,0
4832,-0.9710884704622569,18.757941226902,20.198578445504772,0,0
4833,-0.9710884704622569,18.76667533897,20.198578445504772,0,0
4834,-0.9710884704622569,18.775409910529,20.198578445504772,0,0
4835,-0.9710884704622569,18.784145078739,20.198578445504772,0,0
4836,-0.9710884704622569,18.792880783057,20.198578445504772,0,0
4837,-0.9710884704622569,18.800189230296,20.198578445504772,0,0
4838,-0.9710884704622569,18.807472236144,20.198578445504772,0,0
4839,-0.9710884704622569,18.814755612284,20.198578445504772,0,0
4840,-0.9709998301059837,18.824289201346,20.198578445504772,0,0
4841,-0.9709998301059837,18.833823127071,20.198578445504772,0,0
4842,-0.9709998301059837,18.843357841657,20.198578445504772,0,0
4843,-0.9709998301059837,18.852892939561,20.198578445504772,0,0
4844,-0.9709998301059837,18.862428743008,20.198578445504772,0,0
4845,-0.9709998301059837,18.871964844954,20.198578445504772,0,0
4846,-0.9709998301059837,18.881501664635,20.198578445504772,0,0
4847,-0.9709789435852527,18.891569049606,20.198578445504772,0,0
4848,-0.9709789435852527,18.901637077834,20.198578445504772,0,0
4849,-0.9709789435852527,18.911705561266,20.198578445504772,0,0
4850,-0.9709519439365029,18.922460267132,20.198578445504772,0,0
4851,-0.9709519439365029,18.933215391689,20.198578445504772,0,0
4852,-0.9708612658708902,18.946272864151,20.198578445504772,0,0
4853,-0.9708612658708902,18.959330719883,20.198578445504772,0,0
4854,-0.9708612658708902,18.972389746744,20.198578445504772,0,0
4855,-0.9708612658708902,18.985449226546,20.198578445504772,0,0
4856,-0.9708612658708902,18.99618637727,20.198578445504772,0,0
4857,-0.9708612658708902,19.006924015935,20.198578445504772,0,0
4858,-0.9708612658708902,19.017662450795,20.198578445504772,0,0
4859,-0.9708612658708902,19.028401400401,20.198578445504772,0,0
4860,-0.9708612658708902,19.039141091855,20.198578445504772,0,0
4861,-0.9708612658708902,19.049881250358,20.198578445504772,0,0
4862,-0.9708612658708902,19.060622229104,20.198578445504772,0,0
4863,-0.9708612658708902,19.070753526704,20.198578445504772,0,0
4864,-0.9708612658708902,19.080885572654,20.198578445504772,0,0
4865,-0.9708612658708902,19.09099206538,20.198578445504772,0,0
4866,-0.9708612658708902,19.098996618085,20.198578445504772,0,0
4867,-0.9708612658708902,19.107001567863,20.198578445504772,0,0
4868,-0.9708602470162202,19.115032924323,20.198578445504772,0,0
4869,-0.9708602470162202,19.12303896127,20.198578445504772,0,0
4870,-0.9708602470162202,19.131045560214,20.198578445504772,0,0
4871,-0.9707751726512914,19.141211863137,20.198578445504772,0,0
4872,-0.9707741537966217,19.151404542195,20.198578445504772,0,0
4873,-0.9707741537966217,19.161598019703,20.198578445504772,0,0
4874,-0.9707741537966217,19.171792025554,20.198578445504772,0,0
4875,-0.9707741537966217,19.181986744358,20.198578445504772,0,0
4876,-0.9707741537966217,19.192181982236,20.198578445504772,0,0
4877,-0.9707741537966217,19.202377852377,20.198578445504772,0,0
4878,-0.9707741537966217,19.212574390458,20.198578445504772,0,0
4879,-0.9707741537966217,19.222771532822,20.198578445504772,0,0
4880,-0.9707741537966217,19.232969274695,20.198578445504772,0,0
4881,-0.9707741537966217,19.243115943179,20.198578445504772,0,0
4882,-0.9707741537966217,19.253263158841,20.198578445504772,0,0
4883,-0.9707741537966217,19.263411126016,20.198578445504772,0,0
4884,-0.9707741537966217,19.273559726007,20.198578445504772,0,0
4885,-0.9707741537966217,19.281580299511,20.198578445504772,0,0
4886,-0.9707741537966217,19.289601500064,20.198578445504772,0,0
4887,-0.9707721160872822,19.297674815172,20.198578445504772,0,0
4888,-0.9707721160872822,19.305748824423,20.198578445504772,0,0
4889,-0.9707721160872822,19.313823211723,20.198578445504772,0,0
4890,-0.9706855134403487,19.324096136618,20.198578445504772,0,0
4891,-0.9706855134403487,19.334369420712,20.198578445504772,0,0
4892,-0.9706855134403487,19.344643519414,20.198578445504772,0,0
4893,-0.9706855134403487,19.354917985773,20.198578445504772,0,0
4894,-0.9706855134403487,19.365193209386,20.198578445504772,0,0
4895,-0.9706574949369289,19.376153867102,20.198578445504772,0,0
4896,-0.9706574949369289,19.387115302616,20.198578445504772,0,0
4897,-0.9706345707068582,19.39865905648,20.198578445504772,0,0
4898,-0.9706345707068582,19.410203575859,20.198578445504772,0,0
4899,-0.9706345707068582,19.42174858669,20.198578445504772,0,0
4900,-0.9706345707068582,19.433294751088,20.198578445504772,0,0
4901,-0.9706345707068582,19.444841339133,20.198578445504772,0,0
4902,-0.9706345707068582,19.456389018172,20.198578445504772,0,0
4903,-0.9706345707068582,19.467937099612,20.198578445504772,0,0
4904,-0.9706345707068582,19.477227714703,20.198578445504772,0,0
4905,-0.9706345707068582,19.48651875559,20.198578445504772,0,0
4906,-0.9706345707068582,19.495810532088,20.198578445504772,0,0
4907,-0.9706345707068582,19.505102691898,20.198578445504772,0,0
4908,-0.9706345707068582,19.514395550063,20.198578445504772,0,0
4909,-0.9705744582813398,19.525214317712,20.198578445504772,0,0
4910,-0.9705744582813398,19.536033750856,20.198578445504772,0,0
4911,-0.9705744582813398,19.546321428929,20.198578445504772,0,0
4912,-0.9705683451533209,19.556764948679,20.198578445504772,0,0
4913,-0.9705683451533209,19.567208785193,20.198578445504772,0,0
4914,-0.9705683451533209,19.576965309816,20.198578445504772,0,0
4915,-0.9705683451533209,19.58672227954,20.198578445504772,0,0
4916,-0.9705683451533209,19.594169530177,20.198578445504772,0,0
4917,-0.9705683451533209,19.601617231103,20.198578445504772,0,0
4918,-0.9705683451533209,19.609065350711,20.198578445504772,0,0
4919,-0.9705683451533209,19.61651425082,20.198578445504772,0,0
4920,-0.9705683451533209,19.623963539914,20.198578445504772,0,0
4921,-0.9705683451533209,19.631413589732,20.198578445504772,0,0
4922,-0.9705673262986512,19.638889829349,20.198578445504772,0,0
4923,-0.9705673262986512,19.646366801488,20.198578445504772,0,0
4924,-0.9705673262986512,19.653844101195,20.198578445504772,0,0
4925,-0.9705673262986512,19.661322082257,20.198578445504772,0,0
4926,-0.9705673262986512,19.668800373647,20.198578445504772,0,0
4927,-0.9704837802157271,19.678399652561,20.198578445504772,0,0
4928,-0.9704837802157271,19.687999203276,20.198578445504772,0,0
4929,-0.9704837802157271,19.697599554811,20.198578445504772,0,0
4930,-0.9704837802157271,19.707200225175,20.198578445504772,0,0
4931,-0.9704837802157271,19.716801647498,20.198578445504772,0,0
4932,-0.9704837802157271,19.726377342578,20.198578445504772,0,0
4933,-0.9704837802157271,19.735953706953,20.198578445504772,0,0
4934,-0.9704837802157271,19.74553049339,20.198578445504772,0,0
4935,-0.9704837802157271,19.752940329624,20.198578445504772,0,0
4936,-0.9704837802157271,19.760324627132,20.198578445504772,0,0
4937,-0.9704807236517177,19.767787022451,20.198578445504772,0,0
4938,-0.9704807236517177,19.775250038368,20.198578445504772,0,0
4939,-0.9704807236517177,19.782713576458,20.198578445504772,0,0
4940,-0.9704450637382744,19.791082698677,20.198578445504772,0,0
4941,-0.9704450637382744,19.799452327093,20.198578445504772,0,0
4942,-0.9704160263801851,19.80855949436,20.198578445504772,0,0
4943,-0.9704160263801851,19.817667186905,20.198578445504772,0,0
4944,-0.9704160263801851,19.826775479026,20.198578445504772,0,0
4945,-0.9704160263801851,19.83588432675,20.198578445504772,0,0
4946,-0.9703278954512469,19.847230387024,20.198578445504772,0,0
4947,-0.9703278954512469,19.858577000076,20.198578445504772,0,0
4948,-0.9703278954512469,19.869924310584,20.198578445504772,0,0
4949,-0.9702881601191244,19.882280670491,20.198578445504772,0,0
4950,-0.9702881601191244,19.894637721138,20.198578445504772,0,0
4951,-0.9702881601191244,19.906943448238,20.198578445504772,0,0
4952,-0.9702881601191244,19.919249840593,20.198578445504772,0,0
4953,-0.9702881601191244,19.931557090611,20.198578445504772,0,0
4954,-0.9702881601191244,19.941658333037,20.198578445504772,0,0
4955,-0.9702881601191244,19.951760421834,20.198578445504772,0,0
4956,-0.9702881601191244,19.961863125182,20.198578445504772,0,0
4957,-0.9702881601191244,19.971966721019,20.198578445504772,0,0
4958,-0.9702881601191244,19.982070886123,20.198578445504772,0,0
4959,-0.9702881601191244,19.991462022048,20.198578445504772,0,0
4960,-0.9702881601191244,20.000853710157,20.198578445504772,0,0
4961,-0.9702881601191244,20.009662036305,20.198578445504772,0,0
4962,-0.9702881601191244,20.01847085735,20.198578445504772,0,0
4963,-0.9702881601191244,20.027280293938,20.198578445504772,0,0
4964,-0.9702881601191244,20.036090193081,20.198578445504772,0,0
4965,-0.9702881601191244,20.044900631413,20.198578445504772,0,0
4966,-0.9702861224097847,20.053763231064,20.198578445504772,0,0
4967,-0.9702861224097847,20.062626348822,20.198578445504772,0,0
4968,-0.9702861224097847,20.071489890286,20.198578445504772,0,0
4969,-0.9702086894548796,20.082319155511,20.198578445504772,0,0
4970,-0.9702086894548796,20.093148820882,20.198578445504772,0,0
4971,-0.9702086894548796,20.103979293865,20.198578445504772,0,0
4972,-0.9702086894548796,20.114810354791,20.198578445504772,0,0
4973,-0.9702086894548796,20.124110512378,20.198578445504772,0,0
4974,-0.9702086894548796,20.133411220223,20.198578445504772,0,0
4975,-0.9702086894548796,20.142712793933,20.198578445504772,0,0
4976,-0.9702086894548796,20.151859211088,20.198578445504772,0,0
4977,-0.9702086894548796,20.161006426519,20.198578445504772,0,0
4978,-0.9702086894548796,20.170154230695,20.198578445504772,0,0
4979,-0.9702086894548796,20.179302874171,20.198578445504772,0,0
4980,-0.9702086894548796,20.188452026164,20.198578445504772,0,0
4981,-0.9702076706002096,20.197627800608,20.198578445504772,0,0
4982,-0.9702076706002096,20.206804004218,20.198578445504772,1,0
4983,-0.9702076706002096,20.215980895519,20.198578445504772,1,0
4984,-0.9702076706002096,20.225158178771,20.198578445504772,1,0
4985,-0.9701888217888184,20.234814443135,20.198578445504772,1,0
4986,-0.9701888217888184,20.244445107925,20.198578445504772,1,0
4987,-0.9701017097145499,20.256287258888,20.198578445504772,1,0
4988,-0.9701017097145499,20.268129786835,20.198578445504772,1,0
4989,-0.9701017097145499,20.279973099462,20.198578445504772,1,0
4990,-0.9701017097145499,20.291817033885,20.198578445504772,1,0
4991,-0.9701017097145499,20.301532959862,20.198578445504772,1,0
4992,-0.9700986531505404,20.311327085042,20.198578445504772,1,0
4993,-0.9700986531505404,20.321121654339,20.198578445504772,1,0
4994,-0.9700624838097625,20.331834962464,20.198578445504772,1,0
4995,-0.9700624838097625,20.342548788326,20.198578445504772,1,0
4996,-0.970022239050305,20.354284794255,20.198578445504772,1,0
4997,-0.9700013525295741,20.366551536419,20.198578445504772,1,0
4998,-0.9700013525295741,20.378819255076,20.198578445504772,1,0
4999,-0.9700013525295741,20.391087660425,20.198578445504772,1,0
5000,-0.9700013525295741,20.403356974594,20.198578445504772,1,0
5001,-0.9700013525295741,20.415549035505,20.198578445504772,1,0
5002,-0.9700013525295741,20.427741917096,20.198578445504772,1,0
5003,-0.9700013525295741,20.439935399145,20.198578445504772,1,0
5004,-0.9700013525295741,20.451221084408,20.198578445504772,1,0
5005,-0.9700013525295741,20.462507376977,20.198578445504772,1,0
5006,-0.9700013525295741,20.473054523378,20.198578445504772,1,0
5007,-0.9700013525295741,20.483602233403,20.198578445504772,1,0
5008,-0.9700013525295741,20.494150524631,20.198578445504772,1,0
5009,-0.9700013525295741,20.504699381764,20.198578445504772,1,0
5010,-0.9700013525295741,20.513003223868,20.198578445504772,1,0
5011,-0.9700013525295741,20.521307651579,20.198578445504772,1,0
5012,-0.9700013525295741,20.529612345646,20.198578445504772,1,0
5013,-0.9700013525295741,20.536905344037,20.198578445504772,1,0
5014,-0.9700008431022391,20.544211564798,20.198578445504772,1,0
5015,-0.9700008431022391,20.551518391676,20.198578445504772,1,0
5016,-0.9699239195746687,20.560777887505,20.198578445504772,1,0
5017,-0.9699239195746687,20.570038118268,20.198578445504772,1,0
5018,-0.9699239195746687,20.579298903073,20.198578445504772,1,0
5019,-0.9699239195746687,20.588560432634,20.198578445504772,1,0
5020,-0.9699239195746687,20.597822487482,20.198578445504772,1,0
5021,-0.9699239195746687,20.607085213277,20.198578445504772,1,0
5022,-0.9699239195746687,20.616348445029,20.198578445504772,1,0
5023,-0.9699239195746687,20.625612466483,20.198578445504772,1,0
5024,-0.9699239195746687,20.634876930312,20.198578445504772,1,0
5025,-0.9699239195746687,20.644142187197,20.198578445504772,1,0
5026,-0.9699239195746687,20.653407966642,20.198578445504772,1,0
5027,-0.9699239195746687,20.662674465509,20.198578445504772,1,0
5028,-0.9699239195746687,20.67194141311,20.198578445504772,1,0
5029,-0.9699239195746687,20.68120905426,20.198578445504772,1,0
5030,-0.9698989576352586,20.691058656188,20.198578445504772,1,0
5031,-0.9698989576352586,20.700908979007,20.198578445504772,1,0
5032,-0.9698989576352586,20.710759714,20.198578445504772,1,0
5033,-0.9698989576352586,20.718638211796,20.198578445504772,1,0
5034,-0.9698989576352586,20.726517149133,20.198578445504772,1,0
5035,-0.9697960533136081,20.737008293399,20.198578445504772,1,0
5036,-0.9697960533136081,20.747499843454,20.198578445504772,1,0
5037,-0.9697960533136081,20.757992227281,20.198578445504772,1,0
5038,-0.9697950344589383,20.768510940322,20.198578445504772,1,0
5039,-0.9697950344589383,20.779030395946,20.198578445504772,1,0
5040,-0.9697884119035847,20.789718389134,20.198578445504772,1,0
5041,-0.9697603934001651,20.801118145217,20.198578445504772,1,0
5042,-0.9697603934001651,20.812518590759,20.198578445504772,1,0
5043,-0.9697603934001651,20.823919699879,20.198578445504772,1,0
5044,-0.9697603934001651,20.835321496055,20.198578445504772,1,0
5045,-0.9697603934001651,20.846698230028,20.198578445504772,1,0
5046,-0.9697603934001651,20.858075594034,20.198578445504772,1,0
5047,-0.9696788850265805,20.871522412187,20.198578445504772,1,0
5048,-0.9696788850265805,20.884969851212,20.198578445504772,1,0
5049,-0.9696788850265805,20.897937979029,20.198578445504772,1,0
5050,-0.9696788850265805,20.910906807052,20.198578445504772,1,0
5051,-0.9696783755992455,20.921669847821,20.198578445504772,1,0
5052,-0.969676847317241,20.932472347215,20.198578445504772,1,0
5053,-0.9696661493432079,20.94354694145,20.198578445504772,1,0
5054,-0.9696478099591515,20.955087674599,20.198578445504772,1,0
5055,-0.9696478099591515,20.966628944938,20.198578445504772,1,0
5056,-0.9696478099591515,20.978093092727,20.198578445504772,1,0
5057,-0.9696478099591515,20.989557847079,20.198578445504772,1,0
5058,-0.9696478099591515,21.0001016855,20.198578445504772,1,0
5059,-0.969644243967807,21.010736668984,20.198578445504772,1,0
5060,-0.969644243967807,21.020346849734,20.198578445504772,1,0
5061,-0.969644243967807,21.029425632536,20.198578445504772,1,0
5062,-0.969644243967807,21.038504878877,20.198578445504772,1,0
5063,-0.9696406779764628,21.047675287892,20.198578445504772,1,0
5064,-0.9696406779764628,21.05684643864,20.198578445504772,1,0
5065,-0.9696406779764628,21.066018260616,20.198578445504772,1,0
5066,-0.9695489810561804,21.077517961195,20.198578445504772,1,0
5067,-0.9695489810561804,21.089018324633,20.198578445504772,1,0
5068,-0.9695489810561804,21.100519558307,20.198578445504772,1,0
5069,-0.9695489810561804,21.112021477467,20.198578445504772,1,0
5070,-0.9695489810561804,21.123524232489,20.198578445504772,1,0
5071,-0.9695489810561804,21.135027585723,20.198578445504772,1,0
5072,-0.9695489810561804,21.146531683218,20.198578445504772,1,0
5073,-0.9695489810561804,21.158036515448,20.198578445504772,1,0
5074,-0.9695489810561804,21.169542026952,20.198578445504772,1,0
5075,-0.9695230002621003,21.181707558816,20.198578445504772,1,0
5076,-0.9695230002621003,21.193873996113,20.198578445504772,1,0
5077,-0.9695230002621003,21.206041078932,20.198578445504772,1,0
5078,-0.9695230002621003,21.218196049853,20.198578445504772,1,0
5079,-0.9695230002621003,21.230351760135,20.198578445504772,1,0
5080,-0.9695230002621003,21.240548308724,20.198578445504772,1,0
5081,-0.9695230002621003,21.250745570934,20.198578445504772,1,0
5082,-0.9695230002621003,21.260943412042,20.198578445504772,1,0
5083,-0.9695230002621003,21.271142078564,20.198578445504772,1,0
5084,-0.9694679821099308,21.282737613516,20.198578445504772,1,0
5085,-0.9694679821099308,21.294333979556,20.198578445504772,1,0
5086,-0.9694679821099308,21.305930948508,20.198578445504772,1,0
5087,-0.9694679821099308,21.317528749027,20.198578445504772,1,0
5088,-0.9694679821099308,21.329127068184,20.198578445504772,1,0
5089,-0.9694679821099308,21.340726167055,20.198578445504772,1,0
5090,-0.9694679821099308,21.352325692309,20.198578445504772,1,0
5091,-0.9694679821099308,21.363926055482,20.198578445504772,1,0
5092,-0.9694532087172185,21.375901821846,20.198578445504772,1,0
5093,-0.9694532087172185,21.387878366223,20.198578445504772,1,0
5094,-0.9694053225477377,21.400434697877,20.198578445504772,1,0
5095,-0.9694053225477377,21.412992112858,20.198578445504772,1,0
5096,-0.9694053225477377,21.425550020901,20.198578445504772,1,0
5097,-0.9694053225477377,21.438108971934,20.198578445504772,1,0
5098,-0.9694053225477377,21.450668417484,20.198578445504772,1,0
5099,-0.9694053225477377,21.460606895636,20.198578445504772,1,0
5100,-0.9694053225477377,21.47054586572,20.198578445504772,1,0
5101,-0.9694053225477377,21.480485589488,20.198578445504772,1,0
5102,-0.9694053225477377,21.490399833875,20.198578445504772,1,0
5103,-0.9694053225477377,21.500314757445,20.198578445504772,1,0
5104,-0.9694053225477377,21.510061476298,20.198578445504772,1,0
5105,-0.9694053225477377,21.519094937969,20.198578445504772,1,0
5106,-0.9694053225477377,21.528128867945,20.198578445504772,1,0
5107,-0.9694053225477377,21.537163325504,20.198578445504772,1,0
5108,-0.9694053225477377,21.546198169117,20.198578445504772,1,0
5109,-0.9694053225477377,21.555233461019,20.198578445504772,1,0
5110,-0.9694053225477377,21.564269323964,20.198578445504772,1,0
5111,-0.9694053225477377,21.571228791786,20.198578445504772,1,0
5112,-0.9694053225477377,21.578188856861,20.198578445504772,1,0
5113,-0.9693375687121957,21.586868708884,20.198578445504772,1,0
5114,-0.9693365498575257,21.595575145459,20.198578445504772,1,0
5115,-0.9693365498575257,21.604268980881,20.198578445504772,1,0
5116,-0.9693365498575257,21.612924621782,20.198578445504772,1,0
5117,-0.9693365498575257,21.621308005652,20.198578445504772,1,0
5118,-0.9693365498575257,21.629224815321,20.198578445504772,1,0
5119,-0.9693365498575257,21.637141894171,20.198578445504772,1,0
5120,-0.9693151539094598,21.645602724426,20.198578445504772,1,0
5121,-0.9693151539094598,21.654063794842,20.198578445504772,1,0
5122,-0.9693151539094598,21.6625255984,20.198578445504772,1,0
5123,-0.9693151539094598,21.670896962759,20.198578445504772,1,0
5124,-0.9693151539094598,21.67926900854,20.198578445504772,1,0
5125,-0.9693151539094598,21.687641402194,20.198578445504772,1,0
5126,-0.9693151539094598,21.696014442252,20.198578445504772,1,0
5127,-0.9693151539094598,21.704296924142,20.198578445504772,1,0
5128,-0.9693151539094598,21.712580043837,20.198578445504772,1,0
5129,-0.9693151539094598,21.720863465492,20.198578445504772,1,0
5130,-0.9693151539094598,21.726811115686,20.198578445504772,1,0
5131,-0.9693151539094598,21.732759118982,20.198578445504772,1,0
5132,-0.9692341549632104,21.740763222282,20.198578445504772,1,0
5133,-0.9692341549632104,21.748767652391,20.198578445504772,1,0
5134,-0.9692341549632104,21.756772677986,20.198578445504772,1,0
5135,-0.9692341549632104,21.764778062795,20.198578445504772,1,0
5136,-0.9692341549632104,21.77278398876,20.198578445504772,1,0
5137,-0.9692336455358754,21.780803129973,20.198578445504772,1,0
5138,-0.9692336455358754,21.78882282893,20.198578445504772,1,0
5139,-0.9692071553144606,21.796853273678,20.198578445504772,1,0
5140,-0.9692071553144606,21.80488426605,20.198578445504772,1,0
5141,-0.9692071553144606,21.812915623378,20.198578445504772,1,0
5142,-0.9692071553144606,21.820947808101,20.198578445504772,1,0
5143,-0.9692071553144606,21.828980321541,20.198578445504772,1,0
5144,-0.9691129112575034,21.839405454178,20.198578445504772,1,0
5145,-0.9691129112575034,21.849830873518,20.198578445504772,1,0
5146,-0.9691129112575034,21.860257304044,20.198578445504772,1,0
5147,-0.9691129112575034,21.870684087119,20.198578445504772,1,0
5148,-0.9691129112575034,21.879709970828,20.198578445504772,1,0
5149,-0.9691129112575034,21.888736246968,20.198578445504772,1,0
5150,-0.9691129112575034,21.897763283459,20.198578445504772,1,0
5151,-0.9691129112575034,21.906790751174,20.198578445504772,1,0
5152,-0.9691129112575034,21.915818908612,20.198578445504772,1,0
5153,-0.9691129112575034,21.924847454912,20.198578445504772,1,0
5154,-0.9691129112575034,21.933876754311,20.198578445504772,1,0
5155,-0.9691129112575034,21.942906375314,20.198578445504772,1,0
5156,-0.9691129112575034,21.951560254431,20.198578445504772,1,0
5157,-0.9691129112575034,21.960214522459,20.198578445504772,1,0
5158,-0.9691129112575034,21.967649369622,20.198578445504772,1,0
5159,-0.9691129112575034,21.975084577718,20.198578445504772,1,0
5160,-0.9691129112575034,21.9825203008,20.198578445504772,1,0
5161,-0.9691129112575034,21.989956592091,20.198578445504772,1,0
5162,-0.9691129112575034,21.99739341303,20.198578445504772,1,0
5163,-0.9690441385672914,22.006576138064,20.198578445504772,1,0
5164,-0.9690436291399567,22.015772301674,20.198578445504772,1,0
5165,-0.9690344594479283,22.025201879734,20.198578445504772,1,0
5166,-0.9690344594479283,22.034631970823,20.198578445504772,1,0
5167,-0.9690344594479283,22.044062700634,20.198578445504772,1,0
5168,-0.9690344594479283,22.053493956153,20.198578445504772,1,0
5169,-0.9690344594479283,22.062925777816,20.198578445504772,1,0
5170,-0.9690344594479283,22.072358265692,20.198578445504772,1,0
5171,-0.9690344594479283,22.081791240006,20.198578445504772,1,0
5172,-0.9690344594479283,22.091224816868,20.198578445504772,1,0
5173,-0.9690344594479283,22.100659108476,20.198578445504772,1,0
5174,-0.9690344594479283,22.110093956562,20.198578445504772,1,0
5175,-0.9690344594479283,22.11952944817,20.198578445504772,1,0
5176,-0.9690344594479283,22.128965565515,20.198578445504772,1,0
5177,-0.9690344594479283,22.136675928908,20.198578445504772,1,0
5178,-0.9690344594479283,22.144360942777,20.198578445504772,1,0
5179,-0.9690344594479283,22.152046296969,20.198578445504772,1,0
5180,-0.9690344594479283,22.159732324668,20.198578445504772,1,0
5181,-0.9690344594479283,22.167418660597,20.198578445504772,1,0
5182,-0.9689748564497447,22.176618284298,20.198578445504772,1,0
5183,-0.9689748564497447,22.185818222218,20.198578445504772,1,0
5184,-0.9689748564497447,22.194473731477,20.198578445504772,1,0
5185,-0.9689748564497447,22.203129563355,20.198578445504772,1,0
5186,-0.9689748564497447,22.211785994263,20.198578445504772,1,0
5187,-0.9689748564497447,22.220442710915,20.198578445504772,1,0
5188,-0.9689748564497447,22.229100055683,20.198578445504772,1,0
5189,-0.9689539699290137,22.238287866952,20.198578445504772,1,0
5190,-0.9689539699290137,22.247476238978,20.198578445504772,1,0
5191,-0.9689539699290137,22.256664994316,20.198578445504772,1,0
5192,-0.9689539699290137,22.265854649256,20.198578445504772,1,0
5193,-0.9689539699290137,22.27504463335,20.198578445504772,1,0
5194,-0.9689539699290137,22.28423545908,20.198578445504772,1,0
5195,-0.9689539699290137,22.293426609422,20.198578445504772,1,0
5196,-0.9689539699290137,22.300554759674,20.198578445504772,1,0
5197,-0.9689539699290137,22.307683233372,20.198578445504772,1,0
5198,-0.9689539699290137,22.314812248803,20.198578445504772,1,0
5199,-0.9689539699290137,22.321941563576,20.198578445504772,1,0
5200,-0.9688765369741086,22.331036573743,20.198578445504772,1,0
5201,-0.9688765369741086,22.340118864838,20.198578445504772,1,0
5202,-0.9688368016419862,22.350210271797,20.198578445504772,1,0
5203,-0.9688368016419862,22.359627042074,20.198578445504772,1,0
5204,-0.9688368016419862,22.369044558998,20.198578445504772,1,0
5205,-0.9688368016419862,22.378462284727,20.198578445504772,1,0
5206,-0.9688368016419862,22.387880671978,20.198578445504772,1,0
5207,-0.9688368016419862,22.397299450833,20.198578445504772,1,0
5208,-0.9688368016419862,22.40431763249,20.198578445504772,1,0
5209,-0.9688368016419862,22.411336273629,20.198578445504772,1,0
5210,-0.9688301790866323,22.418523486373,20.198578445504772,1,0
5211,-0.9688301790866323,22.425711327795,20.198578445504772,1,0
5212,-0.9688301790866323,22.432899696544,20.198578445504772,1,0
5213,-0.9688301790866323,22.440088656682,20.198578445504772,1,0
5214,-0.9688301790866323,22.447278080589,20.198578445504772,1,0
5215,-0.9688301790866323,22.454468067246,20.198578445504772,1,0
5216,-0.9688301790866323,22.46165845423,20.198578445504772,1,0
5217,-0.9688301790866323,22.468849352292,20.198578445504772,1,0
5218,-0.9688301790866323,22.476040669427,20.198578445504772,1,0
5219,-0.9688301790866323,22.483232444812,20.198578445504772,1,0
5220,-0.9688301790866323,22.490424604095,20.198578445504772,1,0
5221,-0.9687558026957366,22.499504803361,20.198578445504772,1,0
5222,-0.9687552932684016,22.508598283348,20.198578445504772,1,0
5223,-0.9687552932684016,22.517692355286,20.198578445504772,1,0
5224,-0.9687552932684016,22.526786784168,20.198578445504772,1,0
5225,-0.9687552932684016,22.535881727217,20.198578445504772,1,1
5226,-0.9687552932684016,22.544977187019,20.198578445504772,1,1
5227,-0.9687552932684016,22.552320805711,20.198578445504772,1,1
5228,-0.9687552932684016,22.559652110227,20.198578445504772,1,1
5229,-0.9687552932684016,22.566750148991,20.198578445504772,1,1
5230,-0.9687552932684016,22.573848917849,20.198578445504772,1,1
5231,-0.9687552932684016,22.580948156524,20.198578445504772,1,1
5232,-0.9687552932684016,22.588048083047,20.198578445504772,1,1
5233,-0.9687552932684016,22.595148440693,20.198578445504772,1,1
5234,-0.9687552932684016,22.602249425927,20.198578445504772,1,1
5235,-0.9687552932684016,22.609350781989,20.198578445504772,1,1
5236,-0.9687552932684016,22.616452713993,20.198578445504772,1,1
5237,-0.9687552932684016,22.623554988103,20.198578445504772,1,1
5238,-0.9687552932684016,22.630657777216,20.198578445504772,1,1
5239,-0.9687552932684016,22.637760899266,20.198578445504772,1,1
5240,-0.9686646152027889,22.647165812982,20.198578445504772,1,1
5241,-0.9686646152027889,22.656571032623,20.198578445504772,1,1
5242,-0.9686646152027889,22.665976924756,20.198578445504772,1,1
5243,-0.9686646152027889,22.675383142788,20.198578445504772,1,1
5244,-0.9686646152027889,22.684790034618,20.198578445504772,1,1
5245,-0.9686646152027889,22.694197219799,20.198578445504772,1,1
5246,-0.9686646152027889,22.702086402233,20.198578445504772,1,1
5247,-0.9686442381093927,22.710493227631,20.198578445504772,1,1
5248,-0.9686442381093927,22.718900609144,20.198578445504772,1,1
5249,-0.9686442381093927,22.727308469792,20.198578445504772,1,1
5250,-0.9686442381093927,22.735717173308,20.198578445504772,1,1
5251,-0.9686442381093927,22.744126312028,20.198578445504772,1,1
5252,-0.9686442381093927,22.752536242747,20.198578445504772,1,1
5253,-0.9686442381093927,22.760414362874,20.198578445504772,1,1
5254,-0.9686442381093927,22.768293255323,20.198578445504772,1,1
5255,-0.9686095970506194,22.777051554203,20.198578445504772,1,1
5256,-0.9686095970506194,22.785810569011,20.198578445504772,1,1
5257,-0.9686095970506194,22.794569873263,20.198578445504772,1,1
5258,-0.9685413337877424,22.80506237744,20.198578445504772,1,1
5259,-0.9685413337877424,22.815555124331,20.198578445504772,1,1
5260,-0.9685413337877424,22.826048728951,20.198578445504772,1,1
5261,-0.9685413337877424,22.836542599895,20.198578445504772,1,1
5262,-0.968538786651068,22.847101937438,20.198578445504772,1,1
5263,-0.968538786651068,22.857661516192,20.198578445504772,1,1
5264,-0.968538786651068,22.866248898812,20.198578445504772,1,1
5265,-0.968538786651068,22.874836765904,20.198578445504772,1,1
5266,-0.968538786651068,22.882412820291,20.198578445504772,1,1
5267,-0.968538786651068,22.889989322125,20.198578445504772,1,1
5268,-0.968538786651068,22.897566375407,20.198578445504772,1,1
5269,-0.968538786651068,22.905144115009,20.198578445504772,1,1
5270,-0.968538786651068,22.912722378362,20.198578445504772,1,1
5271,-0.968538786651068,22.920301266006,20.198578445504772,1,1
5272,-0.968538277223733,22.927893543338,20.198578445504772,1,1
5273,-0.968538277223733,22.935486435197,20.198578445504772,1,1
5274,-0.968538277223733,22.942910985387,20.198578445504772,1,1
5275,-0.968538277223733,22.950336093757,20.198578445504772,1,1
5276,-0.968538277223733,22.957761607452,20.198578445504772,1,1
5277,-0.9684669573968465,22.966997663727,20.198578445504772,1,1
5278,-0.9684669573968465,22.976234081696,20.198578445504772,1,1
5279,-0.9684669573968465,22.985471144788,20.198578445504772,1,1
5280,-0.9684669573968465,22.994708578627,20.198578445504772,1,1
5281,-0.9684669573968465,23.003946654013,20.198578445504772,1,1
5282,-0.9684669573968465,23.013185016003,20.198578445504772,1,1
5283,-0.9684669573968465,23.022423938354,20.198578445504772,1,1
5284,-0.9684669573968465,23.031663493736,20.198578445504772,1,1
5285,-0.9684669573968465,23.039008490668,20.198578445504772,1,1
5286,-0.9684669573968465,23.04634113289,20.198578445504772,1,1
5287,-0.9684669573968465,23.053674265794,20.198578445504772,1,1
5288,-0.9684659385421768,23.06103398524,20.198578445504772,1,1
5289,-0.9684659385421768,23.068394131365,20.198578445504772,1,1
5290,-0.9684659385421768,23.075754951378,20.198578445504772,1,1
5291,-0.9684659385421768,23.083116163078,20.198578445504772,1,1
5292,-0.9684435237394411,23.09104685834,20.198578445504772,1,1
5293,-0.9684435237394411,23.098977889703,20.198578445504772,1,1
5294,-0.9684435237394411,23.106909528315,20.198578445504772,1,1
5295,-0.9684435237394411,23.114841526968,20.198578445504772,1,1
5296,-0.9683640530751962,23.124790965012,20.198578445504772,1,1
5297,-0.9683640530751962,23.134740719093,20.198578445504772,1,1
5298,-0.9683640530751962,23.144691170562,20.198578445504772,1,1
5299,-0.9683640530751962,23.154642017544,20.198578445504772,1,1
5300,-0.9651475288826195,23.246226285248,20.198578445504772,1,1
5301,-0.9615193874034411,23.429891153953,20.198578445504772,1,1
5302,-0.9615193874034411,23.613565855235,20.198578445504772,1,1
5303,-0.9615193874034411,23.797254098152,20.198578445504772,1,1
5304,-0.9615193874034411,23.978644213161,20.198578445504772,1,1
5305,-0.9615193874034411,24.160046229627,20.198578445504772,1,1
5306,-0.9615193874034411,24.341458972944,20.198578445504772,1,1
5307,-0.9615193874034411,24.52288597901,20.198578445504772,1,1
5308,-0.9615193874034411,24.704326648102,20.198578445504772,1,1
5309,-0.9615193874034411,24.885780058116,20.198578445504772,1,1
5310,-0.961493916036696,25.067896221519,20.198578445504772,1,1
5311,-0.9604159677960415,25.276866568725,20.198578445504772,1,1
5312,-0.9604159677960415,25.485852043489,20.198578445504772,1,1
5313,-0.9604159677960415,25.694854524506,20.198578445504772,1,1
5314,-0.9604159677960415,25.903871564542,20.198578445504772,1,1
5315,-0.9604159677960415,26.112903790265,20.198578445504772,1,1
5316,-0.9604159677960415,26.321948745246,20.198578445504772,1,1
5317,-0.9604159677960415,26.531007154539,20.198578445504772,1,1
5318,-0.9602554981855471,26.744152107855,20.198578445504772,1,1
5319,-0.9562615878799086,27.057790178799,20.198578445504772,1,1
5320,-0.9518596262790127,27.483160336665,20.198578445504772,1,1
5321,-0.9474704003614896,28.019951512027,20.198578445504772,1,1
5322,-0.9428458190152411,28.672401142563,20.198578445504772,1,1
5323,-0.9383328022553366,29.439427170898,20.198578445504772,1,1
5324,-0.9339323689364456,30.318175113728,20.198578445504772,1,1
5325,-0.9294290312959042,31.31126618616,20.198578445504772,1,1
5326,-0.9249333350653861,32.418452187178,20.198578445504772,1,1
5327,-0.9230382653795475,33.573806123558,20.198578445504772,1,1
5328,-0.9230382653795475,34.729236473872,20.198578445504772,1,1
5329,-0.9230382653795475,35.884757529635,20.198578445504772,1,1
5330,-0.9230382653795475,37.040366983734,20.198578445504772,1,1
5331,-0.9226179878282526,38.206735808442,20.198578445504772,1,1
5332,-0.922033674675119,39.388024462438,20.198578445504772,1,1
5333,-0.922033674675119,40.569408802925,20.198578445504772,1,1
5334,-0.922033674675119,41.75088348559,20.198578445504772,1,1
5335,-0.922033674675119,42.932450170963,20.198578445504772,1,1
5336,-0.922033674675119,44.114090047194,20.198578445504772,1,1
5337,-0.9209832355105492,45.322477034984,20.198578445504772,1,1
5338,-0.9164294645638524,46.646514030286,20.198578445504772,1,1
5339,-0.9119852204941596,48.083427055588,20.198578445504772,1,1
5340,-0.9074823922809532,49.634707082113,20.198578445504772,1,1
5341,-0.903098260636779,51.295531510094,20.198578445504772,1,1
5342,-0.8985129051953182,53.072827243692,20.198578445504772,1,1
5343,-0.8938511356536218,54.968538487822,20.198578445504772,1,1
5344,-0.8894094387206037,56.977087558906,20.198578445504772,1,1
5345,-0.8847293297948509,59.104538212308,20.198578445504772,1,1
5346,-0.879992165007589,61.352340210101,20.198578445504772,1,1
5347,-0.8756065050814101,63.711586843061,20.198578445504772,1,1
5348,-0.8710797337834633,66.18587705261,20.198578445504772,1,1
5349,-0.8666624893625203,68.772445814127,20.198578445504772,1,1
5350,-0.8621662837046675,71.47330856262,20.198578445504772,1,1
5351,-0.857689436285541,74.287987557366,20.198578445504772,1,1
5352,-0.854244179219593,77.190286977496,20.198578445504772,1,1
5353,-0.854244179219593,80.09280342652,20.198578445504772,1,1
5354,-0.854244179219593,82.995539759776,20.198578445504772,1,1
5355,-0.854244179219593,85.898496186406,20.198578445504772,1,1
5356,-0.8522742237155234,88.851091579156,20.198578445504772,1,1
5357,-0.8479568270522215,91.913469414212,20.198578445504772,1,1
5358,-0.8436210910048632,95.086095083789,20.198578445504772,1,1
5359,-0.8391111308089678,98.37339532693,20.198578445504772,1,1
5360,-0.8346037177497472,101.773278725353,20.198578445504772,1,1
5361,-0.8300871349984984,105.288007558419,20.198578445504772,1,1
5362,-0.8257417198317767,108.913230613488,20.198578445504772,1,1
5363,-0.8213825501270129,112.64930740983,20.198578445504772,1,1
5364,-0.8169612302873908,116.415861088952,20.198578445504772,1,1
5365,-0.8155618333984125,120.125718875178,20.198578445504772,1,1
5366,-0.8155618333984125,123.83580529486,20.198578445504772,1,1
5367,-0.8155618333984125,127.546132904071,20.198578445504772,1,1
5368,-0.8155618333984125,131.256702733352,20.198578445504772,1,1
5369,-0.8155618333984125,134.96752639451,20.198578445504772,1,1
5370,-0.8155618333984125,138.678604387587,20.198578445504772,1,1
5371,-0.8154630044954414,142.39245303664,20.198578445504772,1,1
5372,-0.8144859228670978,146.13135590861,20.198578445504772,1,1
5373,-0.8144859228670978,149.870521296024,20.198578445504772,1,1
5374,-0.8144859228670978,153.609297631827,20.198578445504772,1,1
5375,-0.811368227577492,157.399990212373,20.198578445504772,1,1
5376,-0.807146093825817,161.298087223964,20.198578445504772,1,1
5377,-0.8031318064267823,165.298315846758,20.198578445504772,1,1
5378,-0.7991098776177241,169.400870995942,20.198578445504772,1,1
5379,-0.7950940619366846,173.605597648648,20.198578445504772,1,1
5380,-0.7909111540897971,177.916735236576,20.198578445504772,1,1
5381,-0.787056317446587,182.325955157231,20.198578445504772,1,1
5382,-0.7829717290753357,186.835005602116,20.198578445504772,1,1
5383,-0.7786925394621516,191.351149335946,20.198578445504772,1,1
5384,-0.7785198435956195,195.75977785177,20.198578445504772,1,1
5385,-0.7785198435956195,200.056830833451,20.198578445504772,1,1
5386,-0.7785198435956195,204.236319422647,20.198578445504772,1,1
5387,-0.7785198435956195,208.301079349156,20.198578445504772,1,1
5388,-0.7785198435956195,212.25398629376,20.198578445504772,1,1
5389,-0.7785198435956195,216.092413373601,20.198578445504772,1,1
5390,-0.7751153407164635,219.902966600811,20.198578445504772,1,1
5391,-0.770455099456772,223.783761917341,20.198578445504772,1,1
5392,-0.7658320463925283,227.782153414038,20.198578445504772,1,1
5393,-0.7614682918417504,231.891557948764,20.198578445504772,1,1
5394,-0.7570286326180717,236.113908722806,20.198578445504772,1,1
5395,-0.7525889733943931,240.438488456223,20.198578445504772,1,1
5396,-0.7521452621856928,244.759709150199,20.198578445504772,1,1
5397,-0.7510077109468547,249.110057420575,20.198578445504772,1,1
5398,-0.750187532937661,253.481476777429,20.198578445504772,1,1
5399,-0.750187532937661,257.853137931384,20.198578445504772,1,1
5400,-0.7498344997945734,262.234004181162,20.198578445504772,1,1
5401,-0.7496592567913667,266.5927914104,20.198578445504772,1,1
5402,-0.7493408647070523,270.843872613999,20.198578445504772,1,1
5403,-0.7490020955293419,274.990543230165,20.198578445504772,1,1
5404,-0.7490020955293419,279.022718038947,20.198578445504772,1,1
5405,-0.7490020955293419,282.943415580526,20.198578445504772,1,1
5406,-0.7490020955293419,286.747507754294,20.198578445504772,1,1
5407,-0.7490010766746722,290.433069772188,20.198578445504772,1,1
5408,-0.7490010766746722,294.005684474676,20.198578445504772,1,1
5409,-0.7490010766746722,297.459271412491,20.198578445504772,1,1
5410,-0.7490010766746722,300.792371889892,20.198578445504772,1,1
5411,-0.7490010766746722,304.013937376814,20.198578445504772,1,1
5412,-0.7490010766746722,307.120368523818,20.198578445504772,1,1
5413,-0.7490010766746722,310.114438993865,20.198578445504772,1,1
5414,-0.7490010766746722,312.99412694086,20.198578445504772,1,1
5415,-0.7490010766746722,315.759909417125,20.198578445504772,1,1
5416,-0.7470525171186686,318.487517858789,20.198578445504772,1,1
5417,-0.7463561299518564,321.232939515432,20.198578445504772,1,1
5418,-0.7463561299518564,323.978499725655,20.198578445504772,1,1
5419,-0.7463561299518564,326.724200748614,20.198578445504772,1,1
5420,-0.7463561299518564,329.419853828297,20.198578445504772,1,1
5421,-0.7463561299518564,332.005650182097,20.198578445504772,1,1
5422,-0.7463561299518564,334.481118386205,20.198578445504772,1,1
5423,-0.7463561299518564,336.841825264431,20.198578445504772,1,1
5424,-0.7463561299518564,339.087832386342,20.198578445504772,1,1
5425,-0.7463561299518564,341.218900242594,20.198578445504772,1,1
5426,-0.7462899043983191,343.241071368365,20.198578445504772,1,1
5427,-0.7462899043983191,345.152307662835,20.198578445504772,1,1
5428,-0.7462899043983191,346.951018164786,20.198578445504772,1,1
5429,-0.7462899043983191,348.714191690994,20.198578445504772,1,1
5430,-0.7462899043983191,350.477473804897,20.198578445504772,1,1
5431,-0.7462899043983191,352.240863629666,20.198578445504772,1,1
5432,-0.7462899043983191,354.004348475655,20.198578445504772,1,1
5433,-0.7462899043983191,355.767926145445,20.198578445504772,1,1
5434,-0.7462899043983191,357.531588690734,20.198578445504772,1,1
5435,-0.7429256462786205,359.37820079613,20.198578445504772,1,1
5436,-0.7396571604978837,361.282946872556,20.198578445504772,1,1
5437,-0.7396571604978837,363.187780624892,20.198578445504772,1,1
5438,-0.7396571604978837,365.092700884173,20.198578445504772,1,1
5439,-0.7396571604978837,366.918277001304,20.198578445504772,1,1
5440,-0.7396571604978837,368.636362323379,20.198578445504772,1,1
5441,-0.7396571604978837,370.252253314006,20.198578445504772,1,1
5442,-0.7384493082868289,371.796408352309,20.198578445504772,1,1
5443,-0.7368313670711772,373.279390416963,20.198578445504772,1,1
5444,-0.7368313670711772,374.655870258604,20.198578445504772,1,1
5445,-0.7368313670711772,375.934218433014,20.198578445504772,1,1
5446,-0.7368313670711772,377.108565234996,20.198578445504772,1,1
5447,-0.7368313670711772,378.173952842977,20.198578445504772,1,1
5448,-0.7368313670711772,379.234995793965,20.198578445504772,1,1
5449,-0.7368313670711772,380.296092822099,20.198578445504772,1,1
5450,-0.7368313670711772,381.357239947642,20.198578445504772,1,1
5451,-0.7368313670711772,382.41843464741,20.198578445504772,1,1
5452,-0.7368313670711772,383.479673952233,20.198578445504772,1,1
5453,-0.7364019198278542,384.551859430308,20.198578445504772,1,1
5454,-0.7324421411536541,385.637840100967,20.198578445504772,1,1
5455,-0.7280381418434188,386.716900779456,20.198578445504772,1,1
5456,-0.7232352609299544,387.800111240298,20.198578445504772,1,1
5457,-0.7204614290914082,388.842591417928,20.198578445504772,1,1
5458,-0.7204614290914082,389.772007861712,20.198578445504772,1,1
5459,-0.7204614290914082,390.588360527545,20.198578445504772,1,1
5460,-0.7204614290914082,391.393456215622,20.198578445504772,1,1
5461,-0.7204614290914082,392.169618117796,20.198578445504772,1,1
5462,-0.7204614290914082,392.924934310365,20.198578445504772,1,1
5463,-0.7204614290914082,393.680299414667,20.198578445504772,1,1
5464,-0.7204614290914082,394.42673219887,20.198578445504772,1,1
5465,-0.7203824678544983,395.170761784692,20.198578445504772,1,1
5466,-0.7203824678544983,395.906742446456,20.198578445504772,1,1
5467,-0.7203824678544983,396.634146675173,20.198578445504772,1,1
5468,-0.7203824678544983,397.361609411077,20.198578445504772,1,1
5469,-0.7203824678544983,398.089122538378,20.198578445504772,1,1
5470,-0.7203824678544983,398.816687988782,20.198578445504772,1,1
5471,-0.7203824678544983,399.544274375629,20.198578445504772,1,1
5472,-0.7193157270152115,400.298985729715,20.198578445504772,1,1
5473,-0.7152408177633234,401.157158786555,20.198578445504772,1,1
5474,-0.7152408177633234,402.01538414307,20.198578445504772,1,1
5475,-0.7152408177633234,402.873661461879,20.198578445504772,1,1
5476,-0.7152408177633234,403.731990779172,20.198578445504772,1,1
5477,-0.7152408177633234,404.59036660338,20.198578445504772,1,1
5478,-0.7152408177633234,405.448787888266,20.198578445504772,1,1
5479,-0.7152408177633234,406.307255519959,20.198578445504772,1,1
5480,-0.7149056145769574,407.12463549305,20.198578445504772,1,1
5481,-0.7106075761523818,408.033400110747,20.198578445504772,1,1
5482,-0.7079402146268303,409.009913694618,20.198578445504772,1,1
5483,-0.7079402146268303,409.986500870095,20.198578445504772,1,1
5484,-0.7079402146268303,410.963160745079,20.198578445504772,1,1
5485,-0.7079402146268303,411.939900457807,20.198578445504772,1,1
5486,-0.7079402146268303,412.916713429412,20.198578445504772,1,1
5487,-0.7067608903465301,413.923531320831,20.198578445504772,1,1
5488,-0.7052295517778122,414.969283837996,20.198578445504772,1,1
5489,-0.7052295517778122,416.015109422333,20.198578445504772,1,1
5490,-0.7052295517778122,417.059317512036,20.198578445504772,1,1
5491,-0.7033074824432235,418.152382269807,20.198578445504772,1,1
5492,-0.7001699194875568,419.32514070374,20.198578445504772,1,1
5493,-0.7001699194875568,420.497972393858,20.198578445504772,1,1
5494,-0.7001082787800335,421.672437489186,20.198578445504772,1,1
5495,-0.6986105624154191,422.884983624614,20.198578445504772,1,1
5496,-0.6986105624154191,424.097590194086,20.198578445504772,1,1
5497,-0.6986105624154191,425.310262227975,20.198578445504772,1,1
5498,-0.6986105624154191,426.522999223886,20.198578445504772,1,1
5499,-0.6986105624154191,427.650092212454,20.198578445504772,1,1
5500,-0.6986105624154191,428.693971101294,20.198578445504772,1,1
5501,-0.6986105624154191,429.737918878891,20.198578445504772,1,1
5502,-0.6986105624154191,430.781937454102,20.198578445504772,1,1
5503,-0.6986105624154191,431.826025935354,20.198578445504772,1,1
5504,-0.6985209032044761,432.872459167004,20.198578445504772,1,1
5505,-0.6985209032044761,433.91896126961,20.198578445504772,1,1
5506,-0.6985209032044761,434.934751687814,20.198578445504772,1,1
5507,-0.6985209032044761,435.909385837266,20.198578445504772,1,1
5508,-0.6985209032044761,436.884077929991,20.198578445504772,1,1
5509,-0.6985209032044761,437.858827798471,20.198578445504772,1,1
5510,-0.6985209032044761,438.833637715096,20.198578445504772,1,1
5511,-0.6985209032044761,439.80850415859,20.198578445504772,1,1
5512,-0.6985209032044761,440.783424002127,20.198578445504772,1,1
5513,-0.6972386746025256,441.790938137891,20.198578445504772,1,1
5514,-0.6927185258599322,442.913219564615,20.198578445504772,1,1
5515,-0.6924393596804055,444.042636528889,20.198578445504772,1,1
5516,-0.6924393596804055,445.17211380394,20.198578445504772,1,1
5517,-0.6924393596804055,446.290711102937,20.198578445504772,1,1
5518,-0.6924393596804055,447.308476374835,20.198578445504772,1,1
5519,-0.6924393596804055,448.214090403651,20.198578445504772,1,1
5520,-0.6924393596804055,448.99738668567,20.198578445504772,1,1
5521,-0.6924393596804055,449.710074777643,20.198578445504772,1,1
5522,-0.6924393596804055,450.42280510792,20.198578445504772,1,1
5523,-0.6924393596804055,451.135591600746,20.198578445504772,1,1
5524,-0.6924393596804055,451.848423597973,20.198578445504772,1,1
5525,-0.6921031376393696,452.569844573796,20.198578445504772,1,1
5526,-0.6897144328660101,453.351931294933,20.198578445504772,1,1
5527,-0.6897144328660101,454.13406940068,20.198578445504772,1,1
5528,-0.6897144328660101,454.916250512849,20.198578445504772,1,1
5529,-0.6897144328660101,455.696473607332,20.198578445504772,1,1
5530,-0.6897144328660101,456.476737186887,20.198578445504772,1,1
5531,-0.6897144328660101,457.25704995023,20.198578445504772,1,1
5532,-0.6875417252826492,458.092543278423,20.198578445504772,1,1
5533,-0.6829594264051979,459.04437963186,20.198578445504772,1,1
5534,-0.6794367363843445,460.085658635646,20.198578445504772,1,1
5535,-0.67940820845359,461.127724459919,20.198578445504772,1,1
5536,-0.6791764190162091,462.148551174302,20.198578445504772,1,1
5537,-0.6791764190162091,463.065611083259,20.198578445504772,1,1
5538,-0.6791764190162091,463.982722070232,20.198578445504772,1,1
5539,-0.6791198725820349,464.901318595962,20.198578445504772,1,1
5540,-0.6744851026890886,465.937602538435,20.198578445504772,1,1
5541,-0.6744851026890886,466.973937371951,20.198578445504772,1,1
5542,-0.6744851026890886,468.010343342115,20.198578445504772,1,1
5543,-0.6713714828181621,469.125836362756,20.198578445504772,1,1
5544,-0.666839107819531,470.34789168636,20.198578445504772,1,1
5545,-0.6625013340628332,471.570594373685,20.198578445504772,1,1
5546,-0.6605145674567119,472.775842763324,20.198578445504772,1,1
5547,-0.6605013223460043,473.981502790356,20.198578445504772,1,1
5548,-0.6605013223460043,475.187242472341,20.198578445504772,1,1
5549,-0.6605013223460043,476.39304928221,20.198578445504772,1,1
5550,-0.6605013223460043,477.598937275435,20.198578445504772,1,1
5551,-0.6605013223460043,478.774844442858,20.198578445504772,1,1
5552,-0.6605013223460043,479.911818054041,20.198578445504772,1,1
5553,-0.6605013223460043,481.048855024159,20.198578445504772,1,1
5554,-0.6602359107045199,482.192708604923,20.198578445504772,1,1
5555,-0.6602359107045199,483.287658396524,20.198578445504772,1,1
5556,-0.6602359107045199,484.302742226135,20.198578445504772,1,1
5557,-0.6602359107045199,485.31788592765,20.198578445504772,1,1
5558,-0.6602359107045199,486.331531344777,20.198578445504772,1,1
5559,-0.6602359107045199,487.307074207742,20.198578445504772,1,1
5560,-0.6602359107045199,488.282687039398,20.198578445504772,1,1
5561,-0.6600973464694264,489.261872956316,20.198578445504772,1,1
5562,-0.6561105681464765,490.342321541134,20.198578445504772,1,1
5563,-0.654550192219669,491.462432491727,20.198578445504772,1,1
5564,-0.654550192219669,492.582631268351,20.198578445504772,1,1
5565,-0.654550192219669,493.702892821739,20.198578445504772,1,1
5566,-0.654550192219669,494.823242893376,20.198578445504772,1,1
5567,-0.654550192219669,495.943646716673,20.198578445504772,1,1
5568,-0.654550192219669,497.061845052923,20.198578445504772,1,1
5569,-0.654550192219669,498.180106884391,20.198578445504772,1,1
5570,-0.6542440263913925,499.306221041964,20.198578445504772,1,1
5571,-0.6528303655370369,500.468273148506,20.198578445504772,1,1
5572,-0.6526102929283588,501.63599892556,20.198578445504772,1,1
5573,-0.6526102929283588,502.80379339305,20.198578445504772,1,1
5574,-0.6526102929283588,503.971684299923,20.198578445504772,1,1
5575,-0.6526102929283588,505.139639922791,20.198578445504772,1,1
5576,-0.6526102929283588,506.307686204773,20.198578445504772,1,1
5577,-0.6526102929283588,507.443126428753,20.198578445504772,1,1
5578,-0.6526102929283588,508.463484559662,20.198578445504772,1,1
5579,-0.6526102929283588,509.47678596623,20.198578445504772,1,1
5580,-0.6516851728881752,510.513641210956,20.198578445504772,1,1
5581,-0.6469801020230124,511.669964090928,20.198578445504772,1,1
5582,-0.6468527451892867,512.829595074226,20.198578445504772,1,1
5583,-0.6468527451892867,513.989289188515,20.198578445504772,1,1
5584,-0.6468527451892867,515.149061330258,20.198578445504772,1,1
5585,-0.6468527451892867,516.308886921156,20.198578445504772,1,1
5586,-0.6468527451892867,517.468781221654,20.198578445504772,1,1
5587,-0.6468527451892867,518.628723595726,20.198578445504772,1,1
5588,-0.6457411747445283,519.816959478588,20.198578445504772,1,1
5589,-0.6456204404661565,520.999741313143,20.198578445504772,1,1
5590,-0.6456204404661565,522.12174060073,20.198578445504772,1,1
5591,-0.6456204404661565,523.24380070676,20.198578445504772,1,1
5592,-0.6456204404661565,524.365939240483,20.198578445504772,1,1
5593,-0.6456204404661565,525.488138362227,20.198578445504772,1,1
5594,-0.6456204404661565,526.610410617864,20.198578445504772,1,1
5595,-0.6456204404661565,527.732737179053,20.198578445504772,1,1
5596,-0.6456204404661565,528.799773184303,20.198578445504772,1,1
5597,-0.6456204404661565,529.750107788287,20.198578445504772,1,1
5598,-0.6456204404661565,530.610748024659,20.198578445504772,1,1
5599,-0.643788030342511,531.517206704123,20.198578445504772,1,1
5600,-0.6409912742738939,532.488789729352,20.198578445504772,1,1
5601,-0.6409912742738939,533.460412343783,20.198578445504772,1,1
5602,-0.6409912742738939,534.432088991736,20.198578445504772,1,1
5603,-0.6407630508278577,535.408157058875,20.198578445504772,1,1
5604,-0.6407630508278577,536.266182438167,20.198578445504772,1,1
5605,-0.6407630508278577,537.12424611039,20.198578445504772,1,1
5606,-0.6407630508278577,537.982351303314,20.198578445504772,1,1
5607,-0.6407630508278577,538.761170757902,20.198578445504772,1,1
5608,-0.6407630508278577,539.424549949063,20.198578445504772,1,1
5609,-0.6406866367276218,539.979389298772,20.198578445504772,1,1
5610,-0.6406866367276218,540.483656525839,20.198578445504772,1,1
5611,-0.6406866367276218,540.987621783751,20.198578445504772,1,1
5612,-0.6406866367276218,541.491627455699,20.198578445504772,1,1
5613,-0.6406866367276218,541.99566460567,20.198578445504772,1,1
5614,-0.6406866367276218,542.499739996242,20.198578445504772,1,1
5615,-0.6403162830551477,543.013243564618,20.198578445504772,1,1
5616,-0.6392434290878422,543.554009704944,20.198578445504772,1,1
5617,-0.6392434290878422,544.094805094197,20.198578445504772,1,1
5618,-0.6360890550301237,544.708929084229,20.198578445504772,1,1
5619,-0.631738545590053,545.433494778109,20.198578445504772,1,1
5620,-0.631738545590053,546.15810115511,20.198578445504772,1,1
5621,-0.631738545590053,546.882747644642,20.198578445504772,1,1
5622,-0.631738545590053,547.607435485101,20.198578445504772,1,1
5623,-0.631738545590053,548.332158802228,20.198578445504772,1,1
5624,-0.631738545590053,549.056918180101,20.198578445504772,1,1
5625,-0.6317171496419869,549.778734983636,20.198578445504772,1,1
5626,-0.6314991147426485,550.404547582976,20.198578445504772,1,1
5627,-0.6314991147426485,550.990645459008,20.198578445504772,1,1
5628,-0.6314991147426485,551.576782211306,20.198578445504772,1,1
5629,-0.6314991147426485,552.162972606232,20.198578445504772,1,1
5630,-0.6314991147426485,552.749198372253,20.198578445504772,1,1
5631,-0.6314991147426485,553.33547348246,20.198578445504772,1,1
5632,-0.6314991147426485,553.921780682797,20.198578445504772,1,1
5633,-0.6281475923063224,554.593192114573,20.198578445504772,1,1
5634,-0.6275393360684487,555.272269608224,20.198578445504772,1,1
5635,-0.6275393360684487,555.915377624296,20.198578445504772,1,1
5636,-0.6273569610825533,556.557540680292,20.198578445504772,1,1
5637,-0.6232081848671043,557.305040623115,20.198578445504772,1,1
5638,-0.6187532428233786,558.165633011339,20.198578445504772,1,1
5639,-0.6142213772520826,559.141292463047,20.198578445504772,1,1
5640,-0.6112198313948349,560.193175773512,20.198578445504772,1,1
5641,-0.6112198313948349,561.245123925806,20.198578445504772,1,1
5642,-0.6112198313948349,562.297124477027,20.198578445504772,1,1
5643,-0.6112198313948349,563.349191235548,20.198578445504772,1,1
5644,-0.6112198313948349,564.3777483443,20.198578445504772,1,1
5645,-0.611217793685495,565.286547769543,20.198578445504772,1,1
5646,-0.6112172842581605,566.192176558566,20.198578445504772,1,1
5647,-0.6112172842581605,567.097877621901,20.198578445504772,1,1
5648,-0.6112172842581605,568.003652719292,20.198578445504772,1,1
5649,-0.6112172842581605,568.90949991854,20.198578445504772,1,1
5650,-0.6111311910385617,569.817602329431,20.198578445504772,1,1
5651,-0.6111311910385617,570.725772064478,20.198578445504772,1,1
5652,-0.6111311910385617,571.605683271135,20.198578445504772,1,1
5653,-0.6111311910385617,572.482579013449,20.198578445504772,1,1
5654,-0.6111311910385617,573.359529654085,20.198578445504772,1,1
5655,-0.6111311910385617,574.236536018156,20.198578445504772,1,1
5656,-0.6111311910385617,575.113592003997,20.198578445504772,1,1
5657,-0.6111311910385617,575.990698631418,20.198578445504772,1,1
5658,-0.6111311910385617,576.867850611665,20.198578445504772,1,1
5659,-0.6076355006664582,577.833771497656,20.198578445504772,1,1
5660,-0.6054852078858333,578.854308843464,20.198578445504772,1,1
5661,-0.6050374212584533,579.886264572482,20.198578445504772,1,1
5662,-0.6050374212584533,580.918277385326,20.198578445504772,1,1
5663,-0.6050374212584533,581.903666848982,20.198578445504772,1,1
5664,-0.6050374212584533,582.817855695854,20.198578445504772,1,1
5665,-0.6050374212584533,583.732106356958,20.198578445504772,1,1
5666,-0.6050374212584533,584.646423438767,20.198578445504772,1,1
5667,-0.6050374212584533,585.554999604153,20.198578445504772,1,1
5668,-0.6050374212584533,586.463646480887,20.198578445504772,1,1
5669,-0.6049263660994448,587.37519029674,20.198578445504772,1,1
5670,-0.6049263660994448,588.286801316227,20.198578445504772,1,1
5671,-0.6049263660994448,589.198483893498,20.198578445504772,1,1
5672,-0.6049263660994448,590.110226062043,20.198578445504772,1,1
5673,-0.6049263660994448,591.020084970295,20.198578445504772,1,1
5674,-0.6049263660994448,591.929996074164,20.198578445504772,1,1
5675,-0.6049263660994448,592.839963101782,20.198578445504772,1,1
5676,-0.6049263660994448,593.749975170584,20.198578445504772,1,1
5677,-0.6046609544579602,594.666777020076,20.198578445504772,1,1
5678,-0.6003787082807666,595.692299754349,20.198578445504772,1,1
5679,-0.5981209263324772,596.765737832272,20.198578445504772,1,1
5680,-0.5981209263324772,597.811886887624,20.198578445504772,1,1
5681,-0.5981209263324772,598.858102077673,20.198578445504772,1,1
5682,-0.5981209263324772,599.823993492162,20.198578445504772,1,1
5683,-0.5981209263324772,600.679102434997,20.198578445504772,1,1
5684,-0.5978758917843887,601.540469602035,20.198578445504772,1,1
5685,-0.5954698664816425,602.462964081598,20.198578445504772,1,1
5686,-0.5954698664816425,603.385504866798,20.198578445504772,1,1
5687,-0.595399565509426,604.309901205107,20.198578445504772,1,1
5688,-0.5952660955476814,605.237743574867,20.198578445504772,1,1
5689,-0.5952660955476814,606.165113640083,20.198578445504772,1,1
5690,-0.5952660955476814,607.086981380313,20.198578445504772,1,1
5691,-0.5952660955476814,608.008914731109,20.198578445504772,1,1
5692,-0.5952660955476814,608.93089592475,20.198578445504772,1,1
5693,-0.5952660955476814,609.852936080261,20.198578445504772,1,1
5694,-0.5952660955476814,610.775016727748,20.198578445504772,1,1
5695,-0.5952660955476814,611.697151878481,20.198578445504772,1,1
5696,-0.5940719978746691,612.649630315759,20.198578445504772,1,1
5697,-0.5899308630692435,613.621863862106,20.198578445504772,1,1
5698,-0.58546573247882,614.691961243136,20.198578445504772,1,1
5699,-0.5852426033061322,615.767774178259,20.198578445504772,1,1
5700,-0.5848554385316063,616.84881832776,20.198578445504772,1,1
5701,-0.5848554385316063,617.824207829433,20.198578445504772,1,1
5702,-0.5848554385316063,618.686140297208,20.198578445504772,1,1
5703,-0.5848554385316063,619.43265325344,20.198578445504772,1,1
5704,-0.5848554385316063,620.102740696275,20.198578445504772,1,1
5705,-0.5845360275926219,620.780978638614,20.198578445504772,1,1
5706,-0.5812823152045974,621.541835429631,20.198578445504772,1,1
5707,-0.5812823152045974,622.302752515919,20.198578445504772,1,1
5708,-0.5812823152045974,623.06372992887,20.198578445504772,1,1
5709,-0.5812823152045974,623.824714816342,20.198578445504772,1,1
5710,-0.5812823152045974,624.585741346691,20.198578445504772,1,1
5711,-0.5812823152045974,625.346824218662,20.198578445504772,1,1
5712,-0.5812823152045974,626.10795549934,20.198578445504772,1,1
5713,-0.5812823152045974,626.869141438228,20.198578445504772,1,1
5714,-0.5812823152045974,627.628181570946,20.198578445504772,1,1
5715,-0.5788222906043514,628.449706725038,20.198578445504772,1,1
5716,-0.5744019896193993,629.383463934393,20.198578445504772,1,1
5717,-0.5728879715800677,630.355699315687,20.198578445504772,1,1
5718,-0.5728879715800677,631.327992472695,20.198578445504772,1,1
5719,-0.5728879715800677,632.300343204179,20.198578445504772,1,1
5720,-0.5728879715800677,633.272745686294,20.198578445504772,1,1
5721,-0.5728879715800677,634.245197572014,20.198578445504772,1,1
5722,-0.5728879715800677,635.217705235385,20.198578445504772,1,1
5723,-0.5728879715800677,636.101202432349,20.198578445504772,1,1
5724,-0.5728879715800677,636.929973039198,20.198578445504772,1,1
5725,-0.5728879715800677,637.747384048375,20.198578445504772,1,1
5726,-0.5726663706893849,638.570490493992,20.198578445504772,1,1
5727,-0.5726663706893849,639.393656063932,20.198578445504772,1,1
5728,-0.5726663706893849,640.216889197199,20.198578445504772,1,1
5729,-0.5726663706893849,641.040178246632,20.198578445504772,1,1
5730,-0.5698584072194004,641.934791746032,20.198578445504772,1,1
5731,-0.5692746034936014,642.844271981245,20.198578445504772,1,1
5732,-0.5692746034936014,643.753818359771,20.198578445504772,1,1
5733,-0.5692746034936014,644.660587556542,20.198578445504772,1,1
5734,-0.5655445765474427,645.662083716388,20.198578445504772,1,1
5735,-0.5635730927613687,646.713667785101,20.198578445504772,1,1
5736,-0.5635068672078312,647.766999287294,20.198578445504772,1,1
5737,-0.5595272208675697,648.921390549483,20.198578445504772,1,1
5738,-0.5595272208675697,650.075846122034,20.198578445504772,1,1
5739,-0.5595272208675697,651.23036263385,20.198578445504772,1,1
5740,-0.5595272208675697,652.384942822619,20.198578445504772,1,1
5741,-0.5595272208675697,653.5328287257,20.198578445504772,1,1
5742,-0.5595190700302113,654.571882852416,20.198578445504772,1,1
5743,-0.5595093909108484,655.553720358429,20.198578445504772,1,1
5744,-0.5595078626288434,656.535667002081,20.198578445504772,1,1
5745,-0.5595078626288434,657.517684178246,20.198578445504772,1,1
5746,-0.5594772969887494,658.500550610316,20.198578445504772,1,1
5747,-0.5594772969887494,659.48348572509,20.198578445504772,1,1
5748,-0.5594772969887494,660.460247032413,20.198578445504772,1,1
5749,-0.5594772969887494,661.375765918,20.198578445504772,1,1
5750,-0.5590972641969119,662.300996384673,20.198578445504772,1,1
5751,-0.5590972641969119,663.224484672502,20.198578445504772,1,1
5752,-0.5590972641969119,664.144634506851,20.198578445504772,1,1
5753,-0.5590972641969119,665.064827269987,20.198578445504772,1,1
5754,-0.5590972641969119,665.985078974159,20.198578445504772,1,1
5755,-0.5580636361343938,666.931602250316,20.198578445504772,1,1
5756,-0.5537645788551484,667.987289475363,20.198578445504772,1,1
5757,-0.5537645788551484,669.043014815639,20.198578445504772,1,1
5758,-0.5537645788551484,670.098804421283,20.198578445504772,1,1
5759,-0.5537645788551484,671.15463735178,20.198578445504772,1,1
5760,-0.5524716522791651,672.212930901566,20.198578445504772,1,1
5761,-0.5524716522791651,673.165755814126,20.198578445504772,1,1
5762,-0.5524716522791651,674.004881552533,20.198578445504772,1,1
5763,-0.5524716522791651,674.83837708933,20.198578445504772,1,1
5764,-0.5524716522791651,675.662071635251,20.198578445504772,1,1
5765,-0.5522923338572792,676.49036990054,20.198578445504772,1,1
5766,-0.5522923338572792,677.318739185473,20.198578445504772,1,1
5767,-0.5522923338572792,678.147157765672,20.198578445504772,1,1
5768,-0.5522923338572792,678.975640925962,20.198578445504772,1,1
5769,-0.5522923338572792,679.796030895477,20.198578445504772,1,1
5770,-0.5522923338572792,680.533578442899,20.198578445504772,1,1
5771,-0.5522923338572792,681.271166568663,20.198578445504772,1,1
5772,-0.5522923338572792,682.008800604848,20.198578445504772,1,1
5773,-0.5522923338572792,682.746469379678,20.198578445504772,1,1
5774,-0.5503819813513933,683.532666705486,20.198578445504772,1,1
5775,-0.5463569959783259,684.421046136758,20.198578445504772,1,1
5776,-0.5421532016107071,685.416162218011,20.198578445504772,1,1
5777,-0.538213800029903,686.511297226415,20.198578445504772,1,1
5778,-0.538213800029903,687.606499709922,20.198578445504772,1,1
5779,-0.538213800029903,688.639076279776,20.198578445504772,1,1
5780,-0.538213800029903,689.559093283363,20.198578445504772,1,1
5781,-0.5375658084599069,690.457031561173,20.198578445504772,1,1
5782,-0.5334674655506131,691.459048882296,20.198578445504772,1,1
5783,-0.5334674655506131,692.461117943128,20.198578445504772,1,1
5784,-0.5334674655506131,693.463266421239,20.198578445504772,1,1
5785,-0.5334674655506131,694.465483341189,20.198578445504772,1,1
5786,-0.5334638995592687,695.467870704658,20.198578445504772,1,1
5787,-0.532848001911371,696.485954057395,20.198578445504772,1,1
5788,-0.5313120784966392,697.543089993247,20.198578445504772,1,1
5789,-0.5301205279603014,698.630533109009,20.198578445504772,1,1
5790,-0.5301205279603014,699.712399912064,20.198578445504772,1,1
5791,-0.5300059068099481,700.797239359342,20.198578445504772,1,1
5792,-0.5300059068099481,701.882146380307,20.198578445504772,1,1
5793,-0.5300059068099481,702.967112816048,20.198578445504772,1,1
5794,-0.5300059068099481,703.980598617798,20.198578445504772,1,1
5795,-0.5293049347971217,704.997057786718,20.198578445504772,1,1
5796,-0.5293049347971217,706.013569849925,20.198578445504772,1,1
5797,-0.5293049347971217,707.030139047736,20.198578445504772,1,1
5798,-0.5293049347971217,707.951720812126,20.198578445504772,1,1
5799,-0.5293049347971217,708.82312564393,20.198578445504772,1,1
5800,-0.5288841478184918,709.703571261832,20.198578445504772,1,1
5801,-0.5233767289008568,710.622441267921,20.198578445504772,1,1
5802,-0.5233767289008568,711.5413663568,20.198578445504772,1,1
5803,-0.5233767289008568,712.460351392425,20.198578445504772,1,1
5804,-0.5233767289008568,713.379406834332,20.198578445504772,1,1
5805,-0.5233767289008568,714.298525638444,20.198578445504772,1,1
5806,-0.5233767289008568,715.217509802446,20.198578445504772,1,1
5807,-0.5233767289008568,716.136306280783,20.198578445504772,1,1
5808,-0.5233767289008568,717.055143980537,20.198578445504772,1,1
5809,-0.5233767289008568,717.974033677569,20.198578445504772,1,1
5810,-0.5231388263354573,718.898257187854,20.198578445504772,1,1
5811,-0.5231388263354573,719.822540812371,20.198578445504772,1,1
5812,-0.5231388263354573,720.746893566162,20.198578445504772,1,1
5813,-0.5231388263354573,721.671300478805,20.198578445504772,1,1
5814,-0.5231388263354573,722.586087939533,20.198578445504772,1,1
5815,-0.5231388263354573,723.500924486483,20.198578445504772,1,1
5816,-0.5231388263354573,724.415818876603,20.198578445504772,1,1
5817,-0.5231388263354573,725.330758162315,20.198578445504772,1,1
5818,-0.5231388263354573,726.245753590972,20.198578445504772,1,1
5819,-0.5217852779066203,727.168813533314,20.198578445504772,1,1
5820,-0.5170827541781318,728.101738493876,20.198578445504772,1,1
5821,-0.5126267932797361,729.147805208042,20.198578445504772,1,1
5822,-0.5072584480245297,730.330174155523,20.198578445504772,1,1
5823,-0.5072584480245297,731.512613532588,20.198578445504772,1,1
5824,-0.5072584480245297,732.662185317383,20.198578445504772,1,1
5825,-0.5072584480245297,733.811831630411,20.198578445504772,1,1
5826,-0.5054071890894929,735.008530427064,20.198578445504772,1,1
5827,-0.5054071890894929,736.205308298961,20.198578445504772,1,1
5828,-0.5054071890894929,737.402155722626,20.198578445504772,1,1
5829,-0.5053027564858374,738.597165784268,20.198578445504772,1,1
5830,-0.5053027564858374,739.792259173906,20.198578445504772,1,1
5831,-0.5053027564858374,740.987431813238,20.198578445504772,1,1
5832,-0.5053027564858374,742.182686367308,20.198578445504772,1,1
5833,-0.5053027564858374,743.378013458687,20.198578445504772,1,1
5834,-0.5053027564858374,744.573413294228,20.198578445504772,1,1
5835,-0.5053027564858374,745.768878240541,20.198578445504772,1,1
5836,-0.5053027564858374,746.964412816468,20.198578445504772,1,1
5837,-0.5053027564858374,748.160007749721,20.198578445504772,1,1
5838,-0.5004448574202036,749.430283070405,20.198578445504772,1,1
5839,-0.5004448574202036,750.598065850322,20.198578445504772,1,1
5840,-0.4977184023238035,751.72800812378,20.198578445504772,1,1
5841,-0.49723037093696654,752.770017724302,20.198578445504772,1,1
5842,-0.49723037093696654,753.812095905138,20.198578445504772,1,1
5843,-0.49723037093696654,754.85421748399,20.198578445504772,1,1
5844,-0.49723037093696654,755.896400884436,20.198578445504772,1,1
5845,-0.49723037093696654,756.922125869422,20.198578445504772,1,1
5846,-0.49723037093696654,757.843488463268,20.198578445504772,1,1
5847,-0.49701895859298206,758.770272978673,20.198578445504772,1,1
5848,-0.49701895859298206,759.69711916788,20.198578445504772,1,1
5849,-0.49680550853965766,760.629450550761,20.198578445504772,1,1
5850,-0.49680550853965766,761.561760123784,20.198578445504772,1,1
5851,-0.49680550853965766,762.478452739788,20.198578445504772,1,1
5852,-0.49680550853965766,763.35607879967,20.198578445504772,1,1
5853,-0.49680550853965766,764.203412994394,20.198578445504772,1,1
5854,-0.49680550853965766,765.050805368166,20.198578445504772,1,1
5855,-0.49680550853965766,765.895339460921,20.198578445504772,1,1
5856,-0.49680550853965766,766.73992793122,20.198578445504772,1,1
5857,-0.4900260495667701,767.756628656898,20.198578445504772,1,1
5858,-0.4900260495667701,768.773381072094,20.198578445504772,1,1
5859,-0.4900260495667701,769.772340590732,20.198578445504772,1,1
5860,-0.48980954294943624,770.77684684912,20.198578445504772,1,1
5861,-0.48980954294943624,771.781413256698,20.198578445504772,1,1
5862,-0.48980954294943624,772.78602326059,20.198578445504772,1,1
5863,-0.48980954294943624,773.790686540344,20.198578445504772,1,1
5864,-0.48980954294943624,774.784688857561,20.198578445504772,1,1
5865,-0.48980954294943624,775.638416573716,20.198578445504772,1,1
5866,-0.48980954294943624,776.492210280436,20.198578445504772,1,1
5867,-0.48980954294943624,777.346055785401,20.198578445504772,1,1
5868,-0.48980954294943624,778.199969044291,20.198578445504772,1,1
5869,-0.48980954294943624,779.053939208725,20.198578445504772,1,1
5870,-0.48980954294943624,779.907982774524,20.198578445504772,1,1
5871,-0.48891346026734217,780.784818104604,20.198578445504772,1,1
5872,-0.48891346026734217,781.66172015127,20.198578445504772,1,1
5873,-0.48891346026734217,782.538667790883,20.198578445504772,1,1
5874,-0.48891346026734217,783.40961699374,20.198578445504772,1,1
5875,-0.4884126931971329,784.293317169132,20.198578445504772,1,1
5876,-0.48373156541671003,785.295876289177,20.198578445504772,1,1
5877,-0.48357873721623923,786.302351324662,20.198578445504772,1,1
5878,-0.4803051571621535,787.391971964349,20.198578445504772,1,1
5879,-0.4803051571621535,788.481628904019,20.198578445504772,1,1
5880,-0.4803051571621535,789.571352220364,20.198578445504772,1,1
5881,-0.4803051571621535,790.661109248446,20.198578445504772,1,1
5882,-0.4803051571621535,791.750932159457,20.198578445504772,1,1
5883,-0.4803051571621535,792.806311439292,20.198578445504772,1,1
5884,-0.4803051571621535,793.741938964747,20.198578445504772,1,1
5885,-0.47958533633793543,794.582346620459,20.198578445504772,1,1
5886,-0.47958533633793543,795.286051938989,20.198578445504772,1,1
5887,-0.4794263950094457,795.993829302315,20.198578445504772,1,1
5888,-0.4794263950094457,796.701676405419,20.198578445504772,1,1
5889,-0.4794263950094457,797.409559339186,20.198578445504772,1,1
5890,-0.4794263950094457,798.07033775244,20.198578445504772,1,1
5891,-0.4794263950094457,798.731147878063,20.198578445504772,1,1
5892,-0.4794263950094457,799.392013571137,20.198578445504772,1,1
5893,-0.4794263950094457,800.050244942043,20.198578445504772,1,1
5894,-0.4794263950094457,800.708528766231,20.198578445504772,1,1
5895,-0.4794263950094457,801.366834531226,20.198578445504772,1,1
5896,-0.47889760943581683,802.038609019577,20.198578445504772,1,1
5897,-0.47446762933150133,802.822833409807,20.198578445504772,1,1
5898,-0.47130510443642404,803.687367534811,20.198578445504772,1,1
5899,-0.47130510443642404,804.551930457222,20.198578445504772,1,1
5900,-0.47130510443642404,805.416549737942,20.198578445504772,1,1
5901,-0.47130510443642404,806.281206847229,20.198578445504772,1,1
5902,-0.47130510443642404,807.022143817718,20.198578445504772,1,1
5903,-0.47130510443642404,807.763119324754,20.198578445504772,1,1
5904,-0.47130510443642404,808.434676322556,20.198578445504772,1,1
5905,-0.47130510443642404,809.093857642146,20.198578445504772,1,1
5906,-0.47130510443642404,809.753079850976,20.198578445504772,1,1
5907,-0.47112833315121305,810.416853546583,20.198578445504772,1,1
5908,-0.47112833315121305,811.080668266583,20.198578445504772,1,1
5909,-0.47112833315121305,811.744543143025,20.198578445504772,1,1
5910,-0.47112833315121305,812.408453629363,20.198578445504772,1,1
5911,-0.47112833315121305,813.067033013397,20.198578445504772,1,1
5912,-0.47112833315121305,813.725642607112,20.198578445504772,1,1
5913,-0.47112833315121305,814.378863300339,20.198578445504772,1,1
5914,-0.47112833315121305,815.03211064545,20.198578445504772,1,1
5915,-0.4695496178403489,815.725471515789,20.198578445504772,1,1
5916,-0.4656575930016911,816.517632896364,20.198578445504772,1,1
5917,-0.4656575930016911,817.309843898113,20.198578445504772,1,1
5918,-0.4656575930016911,818.102086010071,20.198578445504772,1,1
5919,-0.4656575930016911,818.894378347469,20.198578445504772,1,1
5920,-0.4656575930016911,819.686706128939,20.198578445504772,1,1
5921,-0.4656575930016911,820.306341876519,20.198578445504772,1,1
5922,-0.46388682358556865,820.970959732198,20.198578445504772,1,1
5923,-0.46388682358556865,821.635612356492,20.198578445504772,1,1
5924,-0.46388682358556865,822.294800878796,20.198578445504772,1,1
5925,-0.46380429635731435,822.956118568656,20.198578445504772,1,1
5926,-0.46380429635731435,823.617502048206,20.198578445504772,1,1
5927,-0.46380429635731435,824.278922908184,20.198578445504772,1,1
5928,-0.46380429635731435,824.940405479829,20.198578445504772,1,1
5929,-0.46380429635731435,825.601922632282,20.198578445504772,1,1
5930,-0.46140438418258656,826.32440378139,20.198578445504772,1,1
5931,-0.46140438418258656,827.046915023912,20.198578445504772,1,1
5932,-0.46140438418258656,827.769485174162,20.198578445504772,1,1
5933,-0.46140438418258656,828.492084035835,20.198578445504772,1,1
5934,-0.45586028649683863,829.35544296323,20.198578445504772,1,1
5935,-0.45586028649683863,830.195995616683,20.198578445504772,1,1
5936,-0.45586028649683863,831.036614854583,20.198578445504772,1,1
5937,-0.4556341007601419,831.883001483458,20.198578445504772,1,1
5938,-0.4556341007601419,832.729448995483,20.198578445504772,1,1
5939,-0.4556341007601419,833.563161421032,20.198578445504772,1,1
5940,-0.45556583749726487,834.279393652088,20.198578445504772,1,1
5941,-0.45556583749726487,834.991769115941,20.198578445504772,1,1
5942,-0.45556583749726487,835.620787509474,20.198578445504772,1,1
5943,-0.45556583749726487,836.249840459867,20.198578445504772,1,1
5944,-0.45556583749726487,836.878943176037,20.198578445504772,1,1
5945,-0.45556583749726487,837.508090687464,20.198578445504772,1,1
5946,-0.45556583749726487,838.13728883787,20.198578445504772,1,1
5947,-0.45556583749726487,838.766527020612,20.198578445504772,1,1
5948,-0.45556583749726487,839.395814943341,20.198578445504772,1,1
5949,-0.45556583749726487,840.00679714755,20.198578445504772,1,1
5950,-0.45556583749726487,840.617824637873,20.198578445504772,1,1
5951,-0.45556583749726487,841.224835252282,20.198578445504772,1,1
5952,-0.45538499079337447,841.836479178522,20.198578445504772,1,1
5953,-0.4511755927250718,842.55498149112,20.198578445504772,1,1
5954,-0.4511755927250718,843.273523950606,20.198578445504772,1,1
5955,-0.4511755927250718,843.992101758158,20.198578445504772,1,1
5956,-0.4511755927250718,844.710722367432,20.198578445504772,1,1
5957,-0.4511755927250718,845.429373972867,20.198578445504772,1,1
5958,-0.4511755927250718,846.148063169434,20.198578445504772,1,1
5959,-0.4511755927250718,846.866784351699,20.198578445504772,1,1
5960,-0.4511755927250718,847.572086262908,20.198578445504772,1,1
5961,-0.4511755927250718,848.164544878256,20.198578445504772,1,1
5962,-0.4509580672530684,848.68199636026,20.198578445504772,1,1
5963,-0.4509580672530684,849.199484285107,20.198578445504772,1,1
5964,-0.4509580672530684,849.717019868148,20.198578445504772,1,1
5965,-0.4509580672530684,850.234587774888,20.198578445504772,1,1
5966,-0.4509580672530684,850.752201622515,20.198578445504772,1,1
5967,-0.4489397161521831,851.321067597248,20.198578445504772,1,1
5968,-0.4489397161521831,851.889975775698,20.198578445504772,1,1
5969,-0.4489397161521831,852.458913157706,20.198578445504772,1,1
5970,-0.4489397161521831,853.027893075021,20.198578445504772,1,1
5971,-0.44501203140008183,853.69207677081,20.198578445504772,1,1
5972,-0.44501203140008183,854.356299794466,20.198578445504772,1,1
5973,-0.44501203140008183,855.020553828213,20.198578445504772,1,1
5974,-0.44501203140008183,855.684852845023,20.198578445504772,1,1
5975,-0.44070889870215746,856.458388071597,20.198578445504772,1,1
5976,-0.4399911155872793,857.250181864809,20.198578445504772,1,1
5977,-0.4399911155872793,858.042009520044,20.198578445504772,1,1
5978,-0.4399911155872793,858.833895164464,20.198578445504772,1,1
5979,-0.4399911155872793,859.585593702095,20.198578445504772,1,1
5980,-0.4399911155872793,860.238179207511,20.198578445504772,1,1
5981,-0.4399911155872793,860.8908014819,20.198578445504772,1,1
5982,-0.4399911155872793,861.5434849336,20.198578445504772,1,1
5983,-0.4399911155872793,862.196202096046,20.198578445504772,1,1
5984,-0.4399911155872793,862.848975140335,20.198578445504772,1,1
5985,-0.4398214762847563,863.506090069754,20.198578445504772,1,1
5986,-0.4398214762847563,864.11813860033,20.198578445504772,1,1
5987,-0.4398214762847563,864.730220079607,20.198578445504772,1,1
5988,-0.4398214762847563,865.342345117373,20.198578445504772,1,1
5989,-0.4398214762847563,865.952397229879,20.198578445504772,1,1
5990,-0.4398214762847563,866.562488649808,20.198578445504772,1,1
5991,-0.4398214762847563,867.172604671912,20.198578445504772,1,1
5992,-0.4398214762847563,867.78275656997,20.198578445504772,1,1
5993,-0.4398214762847563,868.392935585243,20.198578445504772,1,1
5994,-0.4379528968203328,868.989422756328,20.198578445504772,1,1
5995,-0.4343522644172393,869.677315780404,20.198578445504772,1,1
5996,-0.4343522644172393,870.365243228244,20.198578445504772,1,1
5997,-0.4343522644172393,871.053217911233,20.198578445504772,1,1
5998,-0.4343522644172393,871.599965668414,20.198578445504772,1,1
5999,-0.4343522644172393,872.146759916659,20.198578445504772,1,1
6000,-0.4343522644172393,872.693577257269,20.198578445504772,1,1
6001,-0.4343522644172393,873.234689794682,20.198578445504772,1,1
6002,-0.4343522644172393,873.775826451245,20.198578445504772,1,1
6003,-0.4343522644172393,874.317016546462,20.198578445504772,1,1
6004,-0.4341515500472872,874.861592076484,20.198578445504772,1,1
6005,-0.4341515500472872,875.406224463759,20.198578445504772,1,1
6006,-0.4341515500472872,875.95088395523,20.198578445504772,1,1
6007,-0.4341515500472872,876.495595748135,20.198578445504772,1,1
6008,-0.4341515500472872,877.040329912185,20.198578445504772,1,1
6009,-0.4341515500472872,877.585111594131,20.198578445504772,1,1
6010,-0.4341515500472872,878.129911391985,20.198578445504772,1,1
6011,-0.4341515500472872,878.674756715924,20.198578445504772,1,1
6012,-0.4341515500472872,879.219616882363,20.198578445504772,1,1
6013,-0.4310302887663373,879.84373631599,20.198578445504772,1,1
6014,-0.42681681527935567,880.574802017701,20.198578445504772,1,1
6015,-0.42239345773039405,881.418185867157,20.198578445504772,1,1
6016,-0.41819526706345966,882.363535406065,20.198578445504772,1,1
6017,-0.414814707269044,883.287496521965,20.198578445504772,1,1
6018,-0.414814707269044,884.211497203971,20.198578445504772,1,1
6019,-0.414814707269044,885.135572414573,20.198578445504772,1,1
6020,-0.41374643814775247,886.086801841646,20.198578445504772,1,1
6021,-0.4091819692270229,887.153951152788,20.198578445504772,1,1
6022,-0.4091819692270229,888.221144481818,20.198578445504772,1,1
6023,-0.4091819692270229,889.288439335559,20.198578445504772,1,1
6024,-0.40894253837961836,890.361869569435,20.198578445504772,1,1
6025,-0.40894253837961836,891.435399725924,20.198578445504772,1,1
6026,-0.40651155113746196,892.565139687267,20.198578445504772,1,1
6027,-0.4035925325084686,893.769060355792,20.198578445504772,1,1
6028,-0.4035925325084686,894.973039426534,20.198578445504772,1,1
6029,-0.4035925325084686,896.17711729122,20.198578445504772,1,1
6030,-0.4035925325084686,897.38125031661,20.198578445504772,1,1
6031,-0.4035925325084686,898.534054929751,20.198578445504772,1,1
6032,-0.4035925325084686,899.686908169739,20.198578445504772,1,1
6033,-0.4035925325084686,900.839850006312,20.198578445504772,1,1
6034,-0.4035925325084686,901.992841844661,20.198578445504772,1,1
6035,-0.4035925325084686,903.045843049844,20.198578445504772,1,1
6036,-0.4034891187594831,904.101517709203,20.198578445504772,1,1
6037,-0.4034891187594831,905.157263073937,20.198578445504772,1,1
6038,-0.4034891187594831,906.213056198447,20.198578445504772,1,1
6039,-0.4034891187594831,907.159281871312,20.198578445504772,1,1
6040,-0.4034891187594831,908.087267775447,20.198578445504772,1,1
6041,-0.4034891187594831,909.015315887922,20.198578445504772,1,1
6042,-0.4034891187594831,909.943420439933,20.198578445504772,1,1
6043,-0.4034891187594831,910.871599676048,20.198578445504772,1,1
6044,-0.4034891187594831,911.799839361297,20.198578445504772,1,1
6045,-0.3997259790365555,912.823663263345,20.198578445504772,1,1
6046,-0.3995706036994102,913.851494394686,20.198578445504772,1,1
6047,-0.3995706036994102,914.879414756014,20.198578445504772,1,1
6048,-0.3995706036994102,915.907396400522,20.198578445504772,1,1
6049,-0.3995706036994102,916.931138485242,20.198578445504772,1,1
6050,-0.3995706036994102,917.954943241377,20.198578445504772,1,1
6051,-0.3995706036994102,918.978823207961,20.198578445504772,1,1
6052,-0.3995706036994102,920.002765523696,20.198578445504772,1,1
6053,-0.3995706036994102,921.026779422137,20.198578445504772,1,1
6054,-0.3995706036994102,922.050848047928,20.198578445504772,1,1
6055,-0.39936734219278414,923.080149252964,20.198578445504772,1,1
6056,-0.39936734219278414,924.109503491213,20.198578445504772,1,1
6057,-0.39936734219278414,925.138929482173,20.198578445504772,1,1
6058,-0.39936734219278414,926.120797718553,20.198578445504772,1,1
6059,-0.39936734219278414,927.010994163604,20.198578445504772,1,1
6060,-0.39936734219278414,927.901238142081,20.198578445504772,1,1
6061,-0.39936734219278414,928.791543981777,20.198578445504772,1,1
6062,-0.39936734219278414,929.681896508198,20.198578445504772,1,1
6063,-0.39936734219278414,930.572311996026,20.198578445504772,1,1
6064,-0.39732606686182814,931.514580437615,20.198578445504772,1,1
6065,-0.3927962389998716,932.571879192806,20.198578445504772,1,1
6066,-0.3892964732090891,933.718046849575,20.198578445504772,1,1
6067,-0.3892964732090891,934.864288532932,20.198578445504772,1,1
6068,-0.3892964732090891,936.005470398984,20.198578445504772,1,1
6069,-0.3892964732090891,937.146727311716,20.198578445504772,1,1
6070,-0.3892964732090891,938.288030581342,20.198578445504772,1,1
6071,-0.38916249382000956,939.432810528071,20.198578445504772,1,1
6072,-0.3826183902758471,940.74371736644,20.198578445504772,1,1
6073,-0.3826183902758471,942.05469924683,20.198578445504772,1,1
6074,-0.382036114832053,943.380524368959,20.198578445504772,1,1
6075,-0.382036114832053,944.706434797065,20.198578445504772,1,1
6076,-0.382036114832053,946.032410162742,20.198578445504772,1,1
6077,-0.382036114832053,947.27893748016,20.198578445504772,1,1
6078,-0.382036114832053,948.418169085243,20.198578445504772,1,1
6079,-0.382036114832053,949.444773973267,20.198578445504772,1,1
6080,-0.382036114832053,950.364461247656,20.198578445504772,1,1
6081,-0.382036114832053,951.198079128089,20.198578445504772,1,1
6082,-0.382036114832053,952.031740970189,20.198578445504772,1,1
6083,-0.37535344705279705,953.035056125611,20.198578445504772,1,1
6084,-0.37118480317128677,954.116995443389,20.198578445504772,1,1
6085,-0.37118480317128677,955.082701184699,20.198578445504772,1,1
6086,-0.37118480317128677,956.048467313198,20.198578445504772,1,1
6087,-0.37118480317128677,957.014287172489,20.198578445504772,1,1
6088,-0.37118480317128677,957.974058136854,20.198578445504772,1,1
6089,-0.37118480317128677,958.933880858377,20.198578445504772,1,1
6090,-0.37118480317128677,959.831823652288,20.198578445504772,1,1
6091,-0.37118480317128677,960.655449828741,20.198578445504772,1,1
6092,-0.37118480317128677,961.479130535321,20.198578445504772,1,1
6093,-0.37118480317128677,962.302876256196,20.198578445504772,1,1
6094,-0.37096218342593446,963.132335170344,20.198578445504772,1,1
6095,-0.37096218342593446,963.961861322169,20.198578445504772,1,1
6096,-0.37096218342593446,964.791445462848,20.198578445504772,1,1
6097,-0.37096218342593446,965.621090126222,20.198578445504772,1,1
6098,-0.37096218342593446,966.450795149699,20.198578445504772,1,1
6099,-0.37096218342593446,967.280553832546,20.198578445504772,1,1
6100,-0.37096218342593446,968.107732047878,20.198578445504772,1,1
6101,-0.37096218342593446,968.934974107962,20.198578445504772,1,1
6102,-0.37096218342593446,969.76226785792,20.198578445504772,1,1
6103,-0.3668215580478438,970.694705534098,20.198578445504772,1,1
6104,-0.36330549058234407,971.716427567828,20.198578445504772,1,1
6105,-0.36330549058234407,972.738215304031,20.198578445504772,1,1
6106,-0.36330549058234407,973.760057647071,20.198578445504772,1,1
6107,-0.36330549058234407,974.781960619773,20.198578445504772,1,1
6108,-0.36330549058234407,975.803914696486,20.198578445504772,1,1
6109,-0.36330549058234407,976.730053540357,20.198578445504772,1,1
6110,-0.3625917828861449,977.670407720692,20.198578445504772,1,1
6111,-0.3625917828861449,978.610816498536,20.198578445504772,1,1
6112,-0.3625917828861449,979.551296611945,20.198578445504772,1,1
6113,-0.3625917828861449,980.49184744696,20.198578445504772,1,1
6114,-0.3625917828861449,981.432473087048,20.198578445504772,1,1
6115,-0.3625917828861449,982.373161820218,20.198578445504772,1,1
6116,-0.3625917828861449,983.313924746585,20.198578445504772,1,1
6117,-0.3625917828861449,984.254743489949,20.198578445504772,1,1
6118,-0.3625917828861449,985.195629368201,20.198578445504772,1,1
6119,-0.3625917828861449,986.13138424287,20.198578445504772,1,1
6120,-0.3624496526597074,987.070816739222,20.198578445504772,1,1
6121,-0.35879960580512815,988.102925940341,20.198578445504772,1,1
6122,-0.35879960580512815,989.135102034303,20.198578445504772,1,1
6123,-0.35879960580512815,990.167321354477,20.198578445504772,1,1
6124,-0.3587272671235717,991.20144170914,20.198578445504772,1,1
6125,-0.3558123239132578,992.309578569382,20.198578445504772,1,1
6126,-0.35174505607139306,993.520997747722,20.198578445504772,1,1
6127,-0.3474286782627609,994.842009546209,20.198578445504772,1,1
6128,-0.3443150583918344,996.190109207248,20.198578445504772,1,1
6129,-0.3421000683396769,997.47907037925,20.198578445504772,1,1
6130,-0.3375488445296546,998.794450492612,20.198578445504772,1,1
6131,-0.3375488445296546,1000.109902370935,20.198578445504772,1,1
6132,-0.3375488445296546,1001.425454176713,20.198578445504772,1,1
6133,-0.3375488445296546,1002.741085451917,20.198578445504772,1,1
6134,-0.3375488445296546,1004.056812329834,20.198578445504772,1,1
6135,-0.33736086584307534,1005.373977850995,20.198578445504772,1,1
6136,-0.33736086584307534,1006.524498262141,20.198578445504772,1,1
6137,-0.33736086584307534,1007.675107058333,20.198578445504772,1,1
6138,-0.33736086584307534,1008.810952870073,20.198578445504772,1,1
6139,-0.33736086584307534,1009.946883796788,20.198578445504772,1,1
6140,-0.33736086584307534,1011.08288264293,20.198578445504772,1,1
6141,-0.33736086584307534,1012.218956678041,20.198578445504772,1,1
6142,-0.33736086584307534,1013.355091551076,20.198578445504772,1,1
6143,-0.33736086584307534,1014.491296303469,20.198578445504772,1,1
6144,-0.3332788246084988,1015.731154352622,20.198578445504772,1,1
6145,-0.32738424091633744,1017.120675627728,20.198578445504772,1,1
6146,-0.32738424091633744,1018.510262276485,20.198578445504772,1,1
6147,-0.32738424091633744,1019.7296682997,20.198578445504772,1,1
6148,-0.32738424091633744,1020.842934745657,20.198578445504772,1,1
6149,-0.32738424091633744,1021.956268814898,20.198578445504772,1,1
6150,-0.3239053616462857,1023.1579570927,20.198578445504772,1,1
6151,-0.3192171018831744,1024.478707319256,20.198578445504772,1,1
6152,-0.31471580195197246,1025.913779018992,20.198578445504772,1,1
6153,-0.3090148006470743,1027.493628635616,20.198578445504772,1,1
6154,-0.3090148006470743,1029.073584091384,20.198578445504772,1,1
6155,-0.3077341003271288,1030.686161074479,20.198578445504772,1,1
6156,-0.300520609264904,1032.481926713784,20.198578445504772,1,1
6157,-0.300520609264904,1034.277814732008,20.198578445504772,1,1
6158,-0.300520609264904,1036.068164639447,20.198578445504772,1,1
6159,-0.300520609264904,1037.858645419055,20.198578445504772,1,1
6160,-0.300520609264904,1039.649257568024,20.198578445504772,1,1
6161,-0.3003621773637488,1041.444012259855,20.198578445504772,1,1
6162,-0.3002083303086085,1043.242797247382,20.198578445504772,1,1
6163,-0.29588532994462247,1045.151424338629,20.198578445504772,1,1
6164,-0.29212779392237875,1047.15552882762,20.198578445504772,1,1
6165,-0.29212779392237875,1049.159765069126,20.198578445504772,1,1
6166,-0.29212779392237875,1051.164128619451,20.198578445504772,1,1
6167,-0.29212779392237875,1053.063113896196,20.198578445504772,1,1
6168,-0.29212779392237875,1054.872628321721,20.198578445504772,1,1
6169,-0.29212779392237875,1056.682252832175,20.198578445504772,1,1
6170,-0.28930658534168696,1058.563587394064,20.198578445504772,1,1
6171,-0.28930658534168696,1060.445039923315,20.198578445504772,1,1
6172,-0.2890177400427967,1062.333930215221,20.198578445504772,1,1
6173,-0.2890177400427967,1064.222949662789,20.198578445504772,1,1
6174,-0.2890177400427967,1066.093911630151,20.198578445504772,1,1
6175,-0.2887879883147555,1067.970827154984,20.198578445504772,1,1
6176,-0.2887879883147555,1069.8478624116,20.198578445504772,1,1
6177,-0.2887879883147555,1071.725021443208,20.198578445504772,1,1
6178,-0.2887879883147555,1073.602298023695,20.198578445504772,1,1
6179,-0.2887879883147555,1075.479698433424,20.198578445504772,1,1
6180,-0.2887879883147555,1077.357215705918,20.198578445504772,1,1
6181,-0.28650626328172546,1079.292765422617,20.198578445504772,1,1
6182,-0.2829657433041506,1081.318298653795,20.198578445504772,1,1
6183,-0.2786172715734194,1083.45430979641,20.198578445504772,1,1
6184,-0.2733334912558072,1085.720929487778,20.198578445504772,1,1
6185,-0.2733334912558072,1087.894683799948,20.198578445504772,1,1
6186,-0.2733334912558072,1090.068577340866,20.198578445504772,1,1
6187,-0.2733334912558072,1092.242586293557,20.198578445504772,1,1
6188,-0.2733334912558072,1094.41488516457,20.198578445504772,1,1
6189,-0.2733334912558072,1096.513032147931,20.198578445504772,1,1
6190,-0.2733334912558072,1098.507681946954,20.198578445504772,1,1
6191,-0.27310883380111495,1100.398166768507,20.198578445504772,1,1
6192,-0.27310883380111495,1102.209451861376,20.198578445504772,1,1
6193,-0.27310883380111495,1103.964417427393,20.198578445504772,1,1
6194,-0.27310883380111495,1105.603546005106,20.198578445504772,1,1
6195,-0.27310883380111495,1107.242780829238,20.198578445504772,1,1
6196,-0.27310883380111495,1108.882124639302,20.198578445504772,1,1
6197,-0.27310883380111495,1110.521566896262,20.198578445504772,1,1
6198,-0.27310883380111495,1112.161110050899,20.198578445504772,1,1
6199,-0.27310883380111495,1113.795963614567,20.198578445504772,1,1
6200,-0.27264372664434866,1115.442726119535,20.198578445504772,1,1
6201,-0.2680252584261189,1117.206799389637,20.198578445504772,1,1
6202,-0.26402574441979665,1119.072474408397,20.198578445504772,1,1
6203,-0.26402574441979665,1120.93825052118,20.198578445504772,1,1
6204,-0.26402574441979665,1122.804139263257,20.198578445504772,1,1
6205,-0.26402574441979665,1124.670122056307,20.198578445504772,1,1
6206,-0.26402574441979665,1126.536201314134,20.198578445504772,1,1
6207,-0.26402574441979665,1128.402370409973,20.198578445504772,1,1
6208,-0.26402574441979665,1130.164632744834,20.198578445504772,1,1
6209,-0.26402574441979665,1131.776795170253,20.198578445504772,1,1
6210,-0.26386884080064643,1133.393036036388,20.198578445504772,1,1
6211,-0.26386884080064643,1135.00936152608,20.198578445504772,1,1
6212,-0.26386884080064643,1136.625793315083,20.198578445504772,1,1
6213,-0.26386884080064643,1138.242313722891,20.198578445504772,1,1
6214,-0.26386884080064643,1139.770296679707,20.198578445504772,1,1
6215,-0.26386884080064643,1141.178909606883,20.198578445504772,1,1
6216,-0.26386884080064643,1142.472926006495,20.198578445504772,1,1
6217,-0.26386884080064643,1143.621750046744,20.198578445504772,1,1
6218,-0.26386884080064643,1144.770656566406,20.198578445504772,1,1
6219,-0.2625346506105357,1145.920842995274,20.198578445504772,1,1
6220,-0.2568025742382085,1147.032788220278,20.198578445504772,1,1
6221,-0.2568025742382085,1148.144783711202,20.198578445504772,1,1
6222,-0.2568025742382085,1149.256849603756,20.198578445504772,1,1
6223,-0.2568025742382085,1150.36896656547,20.198578445504772,1,1
6224,-0.2568025742382085,1151.481145520607,20.198578445504772,1,1
6225,-0.2568025742382085,1152.589331360344,20.198578445504772,1,1
6226,-0.2568025742382085,1153.693659644878,20.198578445504772,1,1
6227,-0.2505977492990916,1154.845370392442,20.198578445504772,1,1
6228,-0.2505977492990916,1155.901412451167,20.198578445504772,1,1
6229,-0.24979438239194973,1156.977905792686,20.198578445504772,1,1
6230,-0.24979438239194973,1158.05448254755,20.198578445504772,1,1
6231,-0.24979438239194973,1159.131131386798,20.198578445504772,1,1
6232,-0.24979438239194973,1160.207864878804,20.198578445504772,1,1
6233,-0.24979438239194973,1161.28466383973,20.198578445504772,1,1
6234,-0.24979438239194973,1162.289663866241,20.198578445504772,1,1
6235,-0.24979438239194973,1163.294723611332,20.198578445504772,1,1
6236,-0.24979438239194973,1164.292493104954,20.198578445504772,1,1
6237,-0.24979438239194973,1165.290322781016,20.198578445504772,1,1
6238,-0.2456975677646609,1166.392189275163,20.198578445504772,1,1
6239,-0.24550806079607668,1167.493065878057,20.198578445504772,1,1
6240,-0.24550806079607668,1168.594008114548,20.198578445504772,1,1
6241,-0.24488503116549065,1169.710815303682,20.198578445504772,1,1
6242,-0.24488503116549065,1170.82768062852,20.198578445504772,1,1
6243,-0.24488503116549065,1171.944592741111,20.198578445504772,1,1
6244,-0.24488503116549065,1173.06155834197,20.198578445504772,1,1
6245,-0.24275256834158698,1174.174562765404,20.198578445504772,1,1
6246,-0.24275256834158698,1175.197421114975,20.198578445504772,1,1
6247,-0.24275256834158698,1176.109538204214,20.198578445504772,1,1
6248,-0.24275256834158698,1176.8870938456,20.198578445504772,1,1
6249,-0.24275256834158698,1177.664710588282,20.198578445504772,1,1
6250,-0.24275256834158698,1178.442381879026,20.198578445504772,1,1
6251,-0.24275256834158698,1179.220108591956,20.198578445504772,1,1
6252,-0.24275256834158698,1179.997885856945,20.198578445504772,1,1
6253,-0.24275256834158698,1180.775721070214,20.198578445504772,1,1
6254,-0.24275256834158698,1181.553600535906,20.198578445504772,1,1
6255,-0.24254217485227247,1182.331150838819,20.198578445504772,1,1
6256,-0.24254217485227247,1183.108753753328,20.198578445504772,1,1
6257,-0.2389833154906409,1183.976728786061,20.198578445504772,1,1
6258,-0.23271583098933046,1185.003816568237,20.198578445504772,1,1
6259,-0.23271583098933046,1186.030961887129,20.198578445504772,1,1
6260,-0.23271583098933046,1187.058169146881,20.198578445504772,1,1
6261,-0.23271583098933046,1188.085434079138,20.198578445504772,1,1
6262,-0.23271583098933046,1189.112753862739,20.198578445504772,1,1
6263,-0.23271583098933046,1190.140125007744,20.198578445504772,1,1
6264,-0.23271583098933046,1191.155712319035,20.198578445504772,1,1
6265,-0.23271583098933046,1192.053679301947,20.198578445504772,1,1
6266,-0.232536512567445,1192.854355115628,20.198578445504772,1,1
6267,-0.232536512567445,1193.655086887918,20.198578445504772,1,1
6268,-0.232536512567445,1194.455884049668,20.198578445504772,1,1
6269,-0.232536512567445,1195.256730469596,20.198578445504772,1,1
6270,-0.232536512567445,1196.057636941775,20.198578445504772,1,1
6271,-0.23043818137497984,1196.91184999365,20.198578445504772,1,1
6272,-0.23043818137497984,1197.766116862716,20.198578445504772,1,1
6273,-0.23043818137497984,1198.620436143398,20.198578445504772,1,1
6274,-0.23043818137497984,1199.470810837678,20.198578445504772,1,1
6275,-0.2303098056865842,1200.324500850655,20.198578445504772,1,1
6276,-0.22609480391759806,1201.285213089644,20.198578445504772,1,1
6277,-0.2195527380827751,1202.412010742767,20.198578445504772,1,1
6278,-0.21949160680258695,1203.540418089772,20.198578445504772,1,1
6279,-0.21695313039276565,1204.733319660833,20.198578445504772,1,1
6280,-0.21695313039276565,1205.92628009405,20.198578445504772,1,1
6281,-0.21695313039276565,1207.119309499581,20.198578445504772,1,1
6282,-0.21695313039276565,1208.312395767693,20.198578445504772,1,1
6283,-0.21695313039276565,1209.471561966478,20.198578445504772,1,1
6284,-0.21695313039276565,1210.484744819672,20.198578445504772,1,1
6285,-0.21695313039276565,1211.497995107327,20.198578445504772,1,1
6286,-0.21695313039276565,1212.511311460486,20.198578445504772,1,1
6287,-0.21695313039276565,1213.524712118531,20.198578445504772,1,1
6288,-0.21695313039276565,1214.538172710749,20.198578445504772,1,1
6289,-0.2168436035157617,1215.554496375694,20.198578445504772,1,1
6290,-0.21603106691659146,1216.591498350057,20.198578445504772,1,1
6291,-0.21603106691659146,1217.470481290599,20.198578445504772,1,1
6292,-0.21603106691659146,1218.349522278812,20.198578445504772,1,1
6293,-0.21603106691659146,1219.208151389676,20.198578445504772,1,1
6294,-0.21603106691659146,1220.066833851946,20.198578445504772,1,1
6295,-0.21603106691659146,1220.925567974913,20.198578445504772,1,1
6296,-0.21603106691659146,1221.78434833311,20.198578445504772,1,1
6297,-0.21603106691659146,1222.643180433521,20.198578445504772,1,1
6298,-0.21380130347172166,1223.558645106776,20.198578445504772,1,1
6299,-0.2126291111741101,1224.503904323358,20.198578445504772,1,1
6300,-0.2126291111741101,1225.449211228384,20.198578445504772,1,1
6301,-0.2126291111741101,1226.39456968966,20.198578445504772,1,1
6302,-0.2126291111741101,1227.235598469548,20.198578445504772,1,1
6303,-0.2126291111741101,1228.071855751081,20.198578445504772,1,1
6304,-0.2126291111741101,1228.908151347667,20.198578445504772,1,1
6305,-0.2126291111741101,1229.728643409754,20.198578445504772,1,1
6306,-0.2126291111741101,1230.549193331995,20.198578445504772,1,1
6307,-0.2126291111741101,1231.369808359564,20.198578445504772,1,1
6308,-0.2126291111741101,1232.190484958113,20.198578445504772,1,1
6309,-0.2126291111741101,1232.956888680601,20.198578445504772,1,1
6310,-0.2126291111741101,1233.723349364112,20.198578445504772,1,1
6311,-0.2126291111741101,1234.489859354511,20.198578445504772,1,1
6312,-0.2126291111741101,1235.256419762958,20.198578445504772,1,1
6313,-0.2126291111741101,1236.023022793159,20.198578445504772,1,1
6314,-0.2126291111741101,1236.789669948134,20.198578445504772,1,1
6315,-0.2126291111741101,1237.556355645082,20.198578445504772,1,1
6316,-0.2126291111741101,1238.323081490033,20.198578445504772,1,1
6317,-0.20792556859095201,1239.209213867051,20.198578445504772,1,1
6318,-0.20792556859095201,1240.095383899079,20.198578445504772,1,1
6319,-0.20792556859095201,1240.976238494303,20.198578445504772,1,1
6320,-0.20792556859095201,1241.857137144092,20.198578445504772,1,1
6321,-0.20792556859095201,1242.647408761892,20.198578445504772,1,1
6322,-0.20792556859095201,1243.278029451204,20.198578445504772,1,1
6323,-0.20792556859095201,1243.908693987789,20.198578445504772,1,1
6324,-0.20686952572569828,1244.566194968508,20.198578445504772,1,1
6325,-0.2067380934732932,1245.227082146342,20.198578445504772,1,1
6326,-0.2067380934732932,1245.888001829295,20.198578445504772,1,1
6327,-0.2067380934732932,1246.548982870155,20.198578445504772,1,1
6328,-0.2067380934732932,1247.209994200279,20.198578445504772,1,1
6329,-0.2067380934732932,1247.871062015216,20.198578445504772,1,1
6330,-0.2067380934732932,1248.527585651066,20.198578445504772,1,1
6331,-0.2067380934732932,1249.184162317477,20.198578445504772,1,1
6332,-0.2067380934732932,1249.840757683966,20.198578445504772,1,1
6333,-0.2067380934732932,1250.497400445224,20.198578445504772,1,1
6334,-0.2067380934732932,1251.154060346385,20.198578445504772,1,1
6335,-0.20626585433383804,1251.769286070484,20.198578445504772,1,1
6336,-0.19784298277855417,1252.59829339911,20.198578445504772,1,1
6337,-0.19784298277855417,1253.42734157393,20.198578445504772,1,1
6338,-0.19784298277855417,1254.256425246764,20.198578445504772,1,1
6339,-0.19719397235388758,1255.098757132572,20.198578445504772,1,1
6340,-0.19719397235388758,1255.833728259499,20.198578445504772,1,1
6341,-0.19719397235388758,1256.402058385278,20.198578445504772,1,1
6342,-0.19719397235388758,1256.96886169262,20.198578445504772,1,1
6343,-0.19719397235388758,1257.471030647092,20.198578445504772,1,1
6344,-0.19719397235388758,1257.973227882754,20.198578445504772,1,1
6345,-0.19704878556344063,1258.479144561398,20.198578445504772,1,1
6346,-0.19704878556344063,1258.985110217852,20.198578445504772,1,1
6347,-0.19704878556344063,1259.491110200412,20.198578445504772,1,1
6348,-0.19704878556344063,1259.997154976454,20.198578445504772,1,1
6349,-0.19704878556344063,1260.503230719291,20.198578445504772,1,1
6350,-0.19704878556344063,1261.009348748393,20.198578445504772,1,1
6351,-0.19704878556344063,1261.515493577996,20.198578445504772,1,1
6352,-0.19704878556344063,1262.021676647183,20.198578445504772,1,1
6353,-0.19704878556344063,1262.525094679953,20.198578445504772,1,1
6354,-0.19576910409816461,1263.040326024233,20.198578445504772,1,1
6355,-0.19152149897974402,1263.663380630504,20.198578445504772,1,1
6356,-0.19152149897974402,1264.286472681148,20.198578445504772,1,1
6357,-0.19152149897974402,1264.909598700105,20.198578445504772,1,1
6358,-0.19152149897974402,1265.532762527829,20.198578445504772,1,1
6359,-0.19152149897974402,1266.155955093284,20.198578445504772,1,1
6360,-0.19152149897974402,1266.779180048581,20.198578445504772,1,1
6361,-0.19152149897974402,1267.402437733969,20.198578445504772,1,1
6362,-0.19152149897974402,1267.96892828487,20.198578445504772,1,1
6363,-0.19152149897974402,1268.505581920293,20.198578445504772,1,1
6364,-0.19124589879156195,1269.04926919126,20.198578445504772,1,1
6365,-0.19124589879156195,1269.593010034688,20.198578445504772,1,1
6366,-0.19124589879156195,1270.136789341523,20.198578445504772,1,1
6367,-0.19124589879156195,1270.680618050839,20.198578445504772,1,1
6368,-0.19124589879156195,1271.224483007418,20.198578445504772,1,1
6369,-0.18930243350890708,1271.817716752062,20.198578445504772,1,1
6370,-0.18930243350890708,1272.410982621299,20.198578445504772,1,1
6371,-0.18930243350890708,1273.004294587318,20.198578445504772,1,1
6372,-0.18930243350890708,1273.59763800324,20.198578445504772,1,1
6373,-0.18719595147908397,1274.244485509599,20.198578445504772,1,1
6374,-0.1799676870241469,1275.074808152694,20.198578445504772,1,1
6375,-0.1799676870241469,1275.905177055776,20.198578445504772,1,1
6376,-0.1799676870241469,1276.735592986939,20.198578445504772,1,1
6377,-0.1799676870241469,1277.566057869129,20.198578445504772,1,1
6378,-0.1799676870241469,1278.396562150932,20.198578445504772,1,1
6379,-0.1797460861334641,1279.232734984389,20.198578445504772,1,1
6380,-0.17927690355801884,1280.080865501453,20.198578445504772,1,1
6381,-0.17526974814167273,1280.910904726645,20.198578445504772,1,1
6382,-0.17526974814167273,1281.740994422065,20.198578445504772,1,1
6383,-0.17526974814167273,1282.57113717919,20.198578445504772,1,1
6384,-0.17526974814167273,1283.401359726792,20.198578445504772,1,1
6385,-0.17526974814167273,1284.231629852081,20.198578445504772,1,1
6386,-0.17526974814167273,1285.061973134375,20.198578445504772,1,1
6387,-0.17526974814167273,1285.892360209083,20.198578445504772,1,1
6388,-0.17526974814167273,1286.695911372527,20.198578445504772,1,1
6389,-0.17526974814167273,1287.496151926956,20.198578445504772,1,1
6390,-0.17498141227011743,1288.303773969237,20.198578445504772,1,1
6391,-0.1719029428852994,1289.189562461712,20.198578445504772,1,1
6392,-0.16779288314730323,1290.179723011369,20.198578445504772,1,1
6393,-0.16779288314730323,1291.169923975649,20.198578445504772,1,1
6394,-0.16779288314730323,1292.16019398374,20.198578445504772,1,1
6395,-0.16779288314730323,1293.150507154617,20.198578445504772,1,1
6396,-0.16779288314730323,1294.140883859554,20.198578445504772,1,1
6397,-0.16779288314730323,1295.131295110555,20.198578445504772,1,1
6398,-0.16779288314730323,1296.121771007739,20.198578445504772,1,1
6399,-0.16779288314730323,1297.100263928048,20.198578445504772,1,1
6400,-0.16779288314730323,1297.86421621417,20.198578445504772,1,1
6401,-0.16753613177051196,1298.634736670066,20.198578445504772,1,1
6402,-0.16753613177051196,1299.405312265989,20.198578445504772,1,1
6403,-0.16753613177051196,1300.1594198528,20.198578445504772,1,1
6404,-0.16753613177051196,1300.913579668219,20.198578445504772,1,1
6405,-0.16753613177051196,1301.667800230603,20.198578445504772,1,1
6406,-0.16753613177051196,1302.422067164039,20.198578445504772,1,1
6407,-0.16753613177051196,1303.176394318946,20.198578445504772,1,1
6408,-0.16753613177051196,1303.930762700663,20.198578445504772,1,1
6409,-0.16753613177051196,1304.681488288432,20.198578445504772,1,1
6410,-0.1615442474573845,1305.58432836741,20.198578445504772,1,1
6411,-0.1615442474573845,1306.48722196199,20.198578445504772,1,1
6412,-0.1615442474573845,1307.390170966323,20.198578445504772,1,1
6413,-0.1615442474573845,1308.293176426649,20.198578445504772,1,1
6414,-0.1615442474573845,1309.19623024132,20.198578445504772,1,1
6415,-0.1615442474573845,1310.09933395919,20.198578445504772,1,1
6416,-0.1615442474573845,1311.002478415495,20.198578445504772,1,1
6417,-0.1615442474573845,1311.905683177909,20.198578445504772,1,1
6418,-0.1615442474573845,1312.776333561852,20.198578445504772,1,1
6419,-0.1612981940546261,1313.545057309025,20.198578445504772,1,1
6420,-0.1612981940546261,1314.313840001487,20.198578445504772,1,1
6421,-0.1612981940546261,1315.082674061014,20.198578445504772,1,1
6422,-0.1612981940546261,1315.851573311275,20.198578445504772,1,1
6423,-0.1612981940546261,1316.620517625026,20.198578445504772,1,1
6424,-0.1612981940546261,1317.389521443924,20.198578445504772,1,1
6425,-0.15812853717686037,1318.239011543734,20.198578445504772,1,1
6426,-0.15812853717686037,1319.08855595325,20.198578445504772,1,1
6427,-0.15812853717686037,1319.938145659654,20.198578445504772,1,1
6428,-0.15796653928436122,1320.784879061112,20.198578445504772,1,1
6429,-0.15063435165310413,1321.81774289779,20.198578445504772,1,1
6430,-0.15063435165310413,1322.850656278752,20.198578445504772,1,1
6431,-0.15063435165310413,1323.883628878441,20.198578445504772,1,1
6432,-0.15063435165310413,1324.916656077068,20.198578445504772,1,1
6433,-0.15046267464124208,1325.9045740691,20.198578445504772,1,1
6434,-0.15046267464124208,1326.892542359574,20.198578445504772,1,1
6435,-0.15038116626765774,1327.882625826092,20.198578445504772,1,1
6436,-0.1486786601144119,1328.915983503728,20.198578445504772,1,1
6437,-0.1486786601144119,1329.895714979283,20.198578445504772,1,1
6438,-0.1486786601144119,1330.691340299922,20.198578445504772,1,1
6439,-0.1486786601144119,1331.487033177067,20.198578445504772,1,1
6440,-0.1486786601144119,1332.28277607829,20.198578445504772,1,1
6441,-0.1486786601144119,1333.078581226687,20.198578445504772,1,1
6442,-0.1486786601144119,1333.874429931549,20.198578445504772,1,1
6443,-0.1486786601144119,1334.664692043094,20.198578445504772,1,1
6444,-0.1486786601144119,1335.443040385968,20.198578445504772,1,1
6445,-0.1485579258360401,1336.122407185569,20.198578445504772,1,1
6446,-0.1485579258360401,1336.801814316147,20.198578445504772,1,1
6447,-0.14715241581904293,1337.516934361175,20.198578445504772,1,1
6448,-0.1424580429279132,1338.351229291443,20.198578445504772,1,1
6449,-0.1360275416794341,1339.348766944054,20.198578445504772,1,1
6450,-0.13517526974814142,1340.367982456788,20.198578445504772,1,1
6451,-0.13517526974814142,1341.387260500158,20.198578445504772,1,1
6452,-0.13517526974814142,1342.406588543785,20.198578445504772,1,1
6453,-0.13517526974814142,1343.425971115722,20.198578445504772,1,1
6454,-0.13517526974814142,1344.438066794717,20.198578445504772,1,1
6455,-0.13517526974814142,1345.371792824358,20.198578445504772,1,1
6456,-0.13517526974814142,1346.200858908875,20.198578445504772,1,1
6457,-0.13492870691804848,1347.036242584616,20.198578445504772,1,1
6458,-0.13492870691804848,1347.87170116944,20.198578445504772,1,1
6459,-0.13492870691804848,1348.707224672223,20.198578445504772,1,1
6460,-0.13492870691804848,1349.542817599443,20.198578445504772,1,1
6461,-0.13492870691804848,1350.378468324044,20.198578445504772,1,1
6462,-0.13492870691804848,1351.214184272662,20.198578445504772,1,1
6463,-0.13492870691804848,1352.049951101123,20.198578445504772,1,1
6464,-0.13492870691804848,1352.885776840352,20.198578445504772,1,1
6465,-0.13492870691804848,1353.715108622327,20.198578445504772,1,1
6466,-0.13089760841696219,1354.646801446958,20.198578445504772,1,1
6467,-0.13089760841696219,1355.57853944563,20.198578445504772,1,1
6468,-0.13089760841696219,1356.510336442147,20.198578445504772,1,1
6469,-0.13089760841696219,1357.442181076835,20.198578445504772,1,1
6470,-0.12856850664178587,1358.433192064877,20.198578445504772,1,1
6471,-0.12856850664178587,1359.42424358396,20.198578445504772,1,1
6472,-0.12856850664178587,1360.415348421405,20.198578445504772,1,1
6473,-0.12856850664178587,1361.406513070998,20.198578445504772,1,1
6474,-0.12856850664178587,1362.245060902014,20.198578445504772,1,1
6475,-0.12856850664178587,1363.083675440024,20.198578445504772,1,1
6476,-0.12845082892742354,1363.925316571017,20.198578445504772,1,1
6477,-0.12845082892742354,1364.767041733037,20.198578445504772,1,1
6478,-0.12845082892742354,1365.608815171966,20.198578445504772,1,1
6479,-0.12845082892742354,1366.450670306148,20.198578445504772,1,1
6480,-0.12845082892742354,1367.292571654802,20.198578445504772,1,1
6481,-0.12655219325024047,1368.182733708297,20.198578445504772,1,1
6482,-0.12655219325024047,1369.072935436302,20.198578445504772,1,1
6483,-0.12655219325024047,1369.956940964084,20.198578445504772,1,1
6484,-0.12655219325024047,1370.84098586454,20.198578445504772,1,1
6485,-0.1232551795387491,1371.808772398938,20.198578445504772,1,1
6486,-0.1232551795387491,1372.776592265076,20.198578445504772,1,1
6487,-0.1232551795387491,1373.744480464855,20.198578445504772,1,1
6488,-0.12079668322050763,1374.774799213962,20.198578445504772,1,1
6489,-0.12079668322050763,1375.724421097212,20.198578445504772,1,1
6490,-0.12079668322050763,1376.674079257107,20.198578445504772,1,1
6491,-0.12079668322050763,1377.62379291537,20.198578445504772,1,1
6492,-0.12079668322050763,1378.569428746997,20.198578445504772,1,1
6493,-0.12079668322050763,1379.328300890502,20.198578445504772,1,1
6494,-0.12079668322050763,1380.087222169661,20.198578445504772,1,1
6495,-0.12079668322050763,1380.846192401311,20.198578445504772,1,1
6496,-0.12079668322050763,1381.605218218015,20.198578445504772,1,1
6497,-0.12079668322050763,1382.359922066716,20.198578445504772,1,1
6498,-0.12065710013074415,1383.118222430982,20.198578445504772,1,1
6499,-0.12065710013074415,1383.874498982719,20.198578445504772,1,1
6500,-0.12065710013074415,1384.58744597653,20.198578445504772,1,1
6501,-0.12065710013074415,1385.300441512822,20.198578445504772,1,1
6502,-0.12065710013074415,1386.013476762177,20.198578445504772,1,1
6503,-0.12065710013074415,1386.726556015617,20.198578445504772,1,1
6504,-0.12065710013074415,1387.439668751635,20.198578445504772,1,1
6505,-0.12065710013074415,1388.152820164854,20.198578445504772,1,1
6506,-0.12065710013074415,1388.866001460079,20.198578445504772,1,1
6507,-0.11865759784125052,1389.629964773599,20.198578445504772,1,1
6508,-0.11282618313861725,1390.541951615208,20.198578445504772,1,1
6509,-0.11282618313861725,1391.450902578774,20.198578445504772,1,1
6510,-0.11282618313861725,1392.359900573328,20.198578445504772,1,1
6511,-0.11282618313861725,1393.233135474292,20.198578445504772,1,1
6512,-0.11282618313861725,1393.986807428536,20.198578445504772,1,1
6513,-0.11270646771491499,1394.579715971738,20.198578445504772,1,1
6514,-0.11270646771491499,1395.150965566445,20.198578445504772,1,1
6515,-0.11116443117216424,1395.76138259699,20.198578445504772,1,1
6516,-0.11116443117216424,1396.371850041856,20.198578445504772,1,1
6517,-0.11116443117216424,1396.982355931114,20.198578445504772,1,1
6518,-0.11116443117216424,1397.592920959812,20.198578445504772,1,1
6519,-0.11116443117216424,1398.203519120994,20.198578445504772,1,1
6520,-0.11116443117216424,1398.814171757476,20.198578445504772,1,1
6521,-0.11116443117216424,1399.41856995288,20.198578445504772,1,1
6522,-0.11116443117216424,1400.02301948931,20.198578445504772,1,1
6523,-0.11116443117216424,1400.627491198596,20.198578445504772,1,1
6524,-0.11116443117216424,1401.232009393023,20.198578445504772,1,1
6525,-0.11104828173980641,1401.839497894849,20.198578445504772,1,1
6526,-0.10651081246782645,1402.562189365877,20.198578445504772,1,1
6527,-0.10651081246782645,1403.284900048952,20.198578445504772,1,1
6528,-0.10651081246782645,1404.007663351745,20.198578445504772,1,1
6529,-0.10651081246782645,1404.730457447488,20.198578445504772,1,1
6530,-0.10651081246782645,1405.350589431368,20.198578445504772,1,1
6531,-0.10651081246782645,1405.970749760326,20.198578445504772,1,1
6532,-0.10651081246782645,1406.59094512076,20.198578445504772,1,1
6533,-0.10441400955736624,1407.264394946386,20.198578445504772,1,1
6534,-0.10441400955736624,1407.87854005956,20.198578445504772,1,1
6535,-0.10441400955736624,1408.492726889212,20.198578445504772,1,1
6536,-0.10413076795915988,1409.114147192917,20.198578445504772,1,1
6537,-0.10413076795915988,1409.735616870332,20.198578445504772,1,1
6538,-0.10413076795915988,1410.357129212804,20.198578445504772,1,1
6539,-0.10413076795915988,1410.978686071903,20.198578445504772,1,1
6540,-0.10413076795915988,1411.597284651372,20.198578445504772,1,1
6541,-0.10413076795915988,1412.215925514348,20.198578445504772,1,1
6542,-0.10413076795915988,1412.834601112555,20.198578445504772,1,1
6543,-0.10413076795915988,1413.45331693683,20.198578445504772,1,1
6544,-0.10396418522064677,1414.076297344186,20.198578445504772,1,1
6545,-0.09988723825941914,1414.754408423725,20.198578445504772,1,1
6546,-0.09538288176420773,1415.546871968317,20.198578445504772,1,1
6547,-0.09538288176420773,1416.339376746633,20.198578445504772,1,1
6548,-0.09509607417465737,1417.139209864625,20.198578445504772,1,1
6549,-0.09509607417465737,1417.855076898894,20.198578445504772,1,1
6550,-0.09509607417465737,1418.57099010177,20.198578445504772,1,1
6551,-0.09509607417465737,1419.286934610798,20.198578445504772,1,1
6552,-0.09509607417465737,1419.940296618102,20.198578445504772,1,1
6553,-0.09509607417465737,1420.593691597103,20.198578445504772,1,1
6554,-0.09504309373182762,1421.248479356956,20.198578445504772,1,1
6555,-0.09504309373182762,1421.90331259476,20.198578445504772,1,1
6556,-0.09504309373182762,1422.558205002362,20.198578445504772,1,1
6557,-0.09504309373182762,1423.213137566756,20.198578445504772,1,1
6558,-0.09504309373182762,1423.868124317378,20.198578445504772,1,1
6559,-0.09504309373182762,1424.523150377852,20.198578445504772,1,1
6560,-0.09370941296905189,1425.212072802939,20.198578445504772,1,1
6561,-0.09370941296905189,1425.901029744112,20.198578445504772,1,1
6562,-0.09370941296905189,1426.586481333486,20.198578445504772,1,1
6563,-0.09272978420403355,1427.296830526671,20.198578445504772,1,1
6564,-0.08839812357535459,1428.117161196761,20.198578445504772,1,1
6565,-0.08839812357535459,1428.937525862309,20.198578445504772,1,1
6566,-0.08839812357535459,1429.757945708419,20.198578445504772,1,1
6567,-0.08839812357535459,1430.57840214679,20.198578445504772,1,1
6568,-0.08839812357535459,1431.398908768143,20.198578445504772,1,1
6569,-0.08839812357535459,1432.219444725307,20.198578445504772,1,1
6570,-0.0881423910532333,1433.046523851989,20.198578445504772,1,1
6571,-0.0852839942770931,1433.895239689598,20.198578445504772,1,1
6572,-0.08179288875100355,1434.684032995243,20.198578445504772,1,1
6573,-0.08179288875100355,1435.47286952231,20.198578445504772,1,1
6574,-0.08179288875100355,1436.261775806156,20.198578445504772,1,1
6575,-0.08179288875100355,1437.050733839889,20.198578445504772,1,1
6576,-0.08179288875100355,1437.839756697963,20.198578445504772,1,1
6577,-0.08179288875100355,1438.625777322096,20.198578445504772,1,1
6578,-0.08179288875100355,1439.411861747156,20.198578445504772,1,1
6579,-0.08179288875100355,1440.158701565426,20.198578445504772,1,1
6580,-0.08179288875100355,1440.905600709549,20.198578445504772,1,1
6581,-0.08157332556966068,1441.658115444469,20.198578445504772,1,1
6582,-0.08157332556966068,1442.410689848328,20.198578445504772,1,1
6583,-0.08157332556966068,1443.163301794516,20.198578445504772,1,1
6584,-0.08157332556966068,1443.91596792593,20.198578445504772,1,1
6585,-0.08157332556966068,1444.668667413173,20.198578445504772,1,1
6586,-0.08157332556966068,1445.421418198799,20.198578445504772,1,1
6587,-0.08157332556966068,1446.174195566903,20.198578445504772,1,1
6588,-0.08157332556966068,1446.927018238748,20.198578445504772,1,1
6589,-0.08140164855779819,1447.681272820166,20.198578445504772,1,1
6590,-0.0778616380075583,1448.409811323351,20.198578445504772,1,1
6591,-0.07364256081989273,1449.245460357235,20.198578445504772,1,1
6592,-0.069333824421284,1450.190512276016,20.198578445504772,1,1
6593,-0.06454520747319714,1451.257156531972,20.198578445504772,1,1
6594,-0.06454520747319714,1452.323869657685,20.198578445504772,1,1
6595,-0.06454520747319714,1453.390652545788,20.198578445504772,1,1
6596,-0.06454520747319714,1454.457503408407,20.198578445504772,1,1
6597,-0.06454520747319714,1455.470998271874,20.198578445504772,1,1
6598,-0.06454520747319714,1456.484564258985,20.198578445504772,1,1
6599,-0.06454520747319714,1457.498191917824,20.198578445504772,1,1
6600,-0.06446013310826837,1458.506840794534,20.198578445504772,1,1
6601,-0.06446013310826837,1459.515556745624,20.198578445504772,1,1
6602,-0.06446013310826837,1460.524349440347,20.198578445504772,1,1
6603,-0.06446013310826837,1461.533206791316,20.198578445504772,1,1
6604,-0.06446013310826837,1462.542133985239,20.198578445504772,1,1
6605,-0.0632879408106568,1463.580868301764,20.198578445504772,1,1
6606,-0.0632879408106568,1464.619665730834,20.198578445504772,1,1
6607,-0.0632879408106568,1465.658516911084,20.198578445504772,1,1
6608,-0.06249985672356173,1466.713192415525,20.198578445504772,1,1
6609,-0.05764399536726783,1467.787279565406,20.198578445504772,1,1
6610,-0.05764399536726783,1468.746668002625,20.198578445504772,1,1
6611,-0.05764399536726783,1469.706112929298,20.198578445504772,1,1
6612,-0.05764399536726783,1470.65831534367,20.198578445504772,1,1
6613,-0.05764399536726783,1471.610567822003,20.198578445504772,1,1
6614,-0.05764399536726783,1472.562878724256,20.198578445504772,1,1
6615,-0.05745856381736303,1473.519943371235,20.198578445504772,1,1
6616,-0.05457062025579873,1474.550366908524,20.198578445504772,1,1
6617,-0.05457062025579873,1475.580837325513,20.198578445504772,1,1
6618,-0.05457062025579873,1476.610030234572,20.198578445504772,1,1
6619,-0.05457062025579873,1477.63928960933,20.198578445504772,1,1
6620,-0.05457062025579873,1478.668628198436,20.198578445504772,1,1
6621,-0.05457062025579873,1479.69803486469,20.198578445504772,1,1
6622,-0.05457062025579873,1480.72752381979,20.198578445504772,1,1
6623,-0.05457062025579873,1481.757079979318,20.198578445504772,1,1
6624,-0.05457062025579873,1482.752730193307,20.198578445504772,1,1
6625,-0.054412188354643565,1483.752461243314,20.198578445504772,1,1
6626,-0.054412188354643565,1484.752261468682,20.198578445504772,1,1
6627,-0.05272343673944091,1485.770018747396,20.198578445504772,1,1
6628,-0.047388204261002986,1486.812874837545,20.198578445504772,1,1
6629,-0.047388204261002986,1487.855789167235,20.198578445504772,1,1
6630,-0.04708458556940087,1488.906470947217,20.198578445504772,1,1
6631,-0.04708458556940087,1489.95721122497,20.198578445504772,1,1
6632,-0.04708458556940087,1491.008006300031,20.198578445504772,1,1
6633,-0.04708458556940087,1492.058851205327,20.198578445504772,1,1
6634,-0.04708458556940087,1493.103239276799,20.198578445504772,1,1
6635,-0.04708458556940087,1494.074860692352,20.198578445504772,1,1
6636,-0.04708458556940087,1494.957588537283,20.198578445504772,1,1
6637,-0.04699645464046265,1495.842615310438,20.198578445504772,1,1
6638,-0.04699645464046265,1496.727706056477,20.198578445504772,1,1
6639,-0.04699645464046265,1497.612859912019,20.198578445504772,1,1
6640,-0.04699645464046265,1498.498077326179,20.198578445504772,1,1
6641,-0.04699645464046265,1499.383358044564,20.198578445504772,1,1
6642,-0.04699645464046265,1500.268699195678,20.198578445504772,1,1
6643,-0.04699645464046265,1501.154096435853,20.198578445504772,1,1
6644,-0.04699645464046265,1502.039547444332,20.198578445504772,1,1
6645,-0.04699645464046265,1502.919459592894,20.198578445504772,1,1
6646,-0.04384004287340426,1503.879529015546,20.198578445504772,1,1
6647,-0.03802289213614829,1504.987281377457,20.198578445504772,1,1
6648,-0.03802289213614829,1506.095086819808,20.198578445504772,1,1
6649,-0.03802289213614829,1507.202954176107,20.198578445504772,1,1
6650,-0.035558792117222904,1508.373410035496,20.198578445504772,1,1
6651,-0.035558792117222904,1509.543921042132,20.198578445504772,1,1
6652,-0.035558792117222904,1510.714483044269,20.198578445504772,1,1
6653,-0.035558792117222904,1511.880736906649,20.198578445504772,1,1
6654,-0.035558792117222904,1512.956853841894,20.198578445504772,1,1
6655,-0.035498170264369744,1513.927073466426,20.198578445504772,1,1
6656,-0.035498170264369744,1514.787569541968,20.198578445504772,1,1
6657,-0.035498170264369744,1515.52613407861,20.198578445504772,1,1
6658,-0.035498170264369744,1516.26474757693,20.198578445504772,1,1
6659,-0.035498170264369744,1517.003423171119,20.198578445504772,1,1
6660,-0.03424650730251333,1517.77391412067,20.198578445504772,1,1
6661,-0.03424650730251333,1518.544461246103,20.198578445504772,1,1
6662,-0.03424650730251333,1519.315054334403,20.198578445504772,1,1
6663,-0.03424650730251333,1520.085698943696,20.198578445504772,1,1
6664,-0.03408654711935366,1520.85828097328,20.198578445504772,1,1
6665,-0.030125749590483863,1521.731433265834,20.198578445504772,1,1
6666,-0.030125749590483863,1522.604626018411,20.198578445504772,1,1
6667,-0.030125749590483863,1523.477873485411,20.198578445504772,1,1
6668,-0.030125749590483863,1524.351163790247,20.198578445504772,1,1
6669,-0.030125749590483863,1525.194636600996,20.198578445504772,1,1
6670,-0.029937261476570054,1526.042930719609,20.198578445504772,1,1
6671,-0.029937261476570054,1526.89126743769,20.198578445504772,1,1
6672,-0.029937261476570054,1527.71957487775,20.198578445504772,1,1
6673,-0.029937261476570054,1528.424203696195,20.198578445504772,1,1
6674,-0.029937261476570054,1529.128879155708,20.198578445504772,1,1
6675,-0.029937261476570054,1529.833596716232,20.198578445504772,1,1
6676,-0.029937261476570054,1530.538380921416,20.198578445504772,1,1
6677,-0.029937261476570054,1531.243203613062,20.198578445504772,1,1
6678,-0.029875111341711502,1531.949665651644,20.198578445504772,1,1
6679,-0.02513285228110096,1532.771797815402,20.198578445504772,1,1
6680,-0.022470585028898427,1533.58797274002,20.198578445504772,1,1
6681,-0.017353387449798863,1534.53406781815,20.198578445504772,1,1
6682,-0.017353387449798863,1535.480222593448,20.198578445504772,1,1
6683,-0.017353387449798863,1536.426437777626,20.198578445504772,1,1
6684,-0.017353387449798863,1537.372710227067,20.198578445504772,1,1
6685,-0.017353387449798863,1538.319035045167,20.198578445504772,1,1
6686,-0.017353387449798863,1539.265418172405,20.198578445504772,1,1
6687,-0.017353387449798863,1540.211849942756,20.198578445504772,1,1
6688,-0.01720004982199308,1541.162231876128,20.198578445504772,1,1
6689,-0.01720004982199308,1542.108626275642,20.198578445504772,1,1
6690,-0.01720004982199308,1543.05508079005,20.198578445504772,1,1
6691,-0.01720004982199308,1543.958571721595,20.198578445504772,1,1
6692,-0.01720004982199308,1544.726178490229,20.198578445504772,1,1
6693,-0.01720004982199308,1545.493843691771,20.198578445504772,1,1
6694,-0.01720004982199308,1546.253822995264,20.198578445504772,1,1
6695,-0.015589750016365311,1547.054733046058,20.198578445504772,1,1
6696,-0.015589750016365311,1547.85568694396,20.198578445504772,1,1
6697,-0.015412469303818899,1548.661202870814,20.198578445504772,1,1
6698,-0.009664600684109903,1549.612639295032,20.198578445504772,1,1
6699,-0.009664600684109903,1550.56413696567,20.198578445504772,1,1
6700,-0.009664600684109903,1551.515688698808,20.198578445504772,1,1
6701,-0.009664600684109903,1552.465055404702,20.198578445504772,1,1
6702,-0.009664600684109903,1553.414471959888,20.198578445504772,1,1
6703,-0.009664600684109903,1554.363940437618,20.198578445504772,1,1
6704,-0.009664600684109903,1555.31345200269,20.198578445504772,1,1
6705,-0.009664600684109903,1556.263023482936,20.198578445504772,1,1
6706,-0.009664600684109903,1557.212635633348,20.198578445504772,1,1
6707,-0.009435867810738241,1558.168114420966,20.198578445504772,1,1
6708,-0.009435867810738241,1559.123644947172,20.198578445504772,1,1
6709,-0.009435867810738241,1560.079244179243,20.198578445504772,1,1
6710,-0.009435867810738241,1560.954481910231,20.198578445504772,1,1
6711,-0.009435867810738241,1561.681568572964,20.198578445504772,1,1
6712,-0.009435867810738241,1562.408707520205,20.198578445504772,1,1
6713,-0.009435867810738241,1563.135900953526,20.198578445504772,1,1
6714,-0.009435867810738241,1563.800357867382,20.198578445504772,1,1
6715,-0.009435867810738241,1564.46486577031,20.198578445504772,1,1
6716,-0.008421088559611878,1565.155166868643,20.198578445504772,1,1
6717,-0.00343022895956846,1565.972178299108,20.198578445504772,1,1
6718,0.001980908191769881,1566.926557750497,20.198578445504772,1,1
6719,0.001980908191769881,1567.879450688328,20.198578445504772,1,1
6720,0.001980908191769881,1568.832393991156,20.198578445504772,1,1
6721,0.001980908191769881,1569.785395106508,20.198578445504772,1,1
6722,0.001980908191769881,1570.738437983886,20.198578445504772,1,1
6723,0.001980908191769881,1571.691538048861,20.198578445504772,1,1
6724,0.004994170877720361,1572.689275598825,20.198578445504772,1,1
6725,0.004994170877720361,1573.687078894201,20.198578445504772,1,1
6726,0.005319185517388636,1574.693183856312,20.198578445504772,1,1
6727,0.005319185517388636,1575.69937518159,20.198578445504772,1,1
6728,0.005319185517388636,1576.701553027118,20.198578445504772,1,1
6729,0.005319185517388636,1577.602898963252,20.198578445504772,1,1
6730,0.005319185517388636,1578.504302008954,20.198578445504772,1,1
6731,0.005319185517388636,1579.405778154578,20.198578445504772,1,1
6732,0.005319185517388636,1580.307303860778,20.198578445504772,1,1
6733,0.005319185517388636,1581.208896022055,20.198578445504772,1,1
6734,0.005319185517388636,1582.105731856935,20.198578445504772,1,1
6735,0.0071149168729212064,1583.048203240679,20.198578445504772,1,1
6736,0.01142569098086943,1584.100120861241,20.198578445504772,1,1
6737,0.01142569098086943,1585.152098397713,20.198578445504772,1,1
6738,0.012024268099380286,1586.21931662004,20.198578445504772,1,1
6739,0.012024268099380286,1587.286596662656,20.198578445504772,1,1
6740,0.01425963524493401,1588.410651395236,20.198578445504772,1,1
6741,0.01425963524493401,1589.534761942705,20.198578445504772,1,1
6742,0.01425963524493401,1590.657343677086,20.198578445504772,1,1
6743,0.01425963524493401,1591.659162237681,20.198578445504772,1,1
6744,0.01425963524493401,1592.593210388761,20.198578445504772,1,1
6745,0.01425963524493401,1593.396931642152,20.198578445504772,1,1
6746,0.01425963524493401,1594.200730722718,20.198578445504772,1,1
6747,0.01425963524493401,1595.004582128891,20.198578445504772,1,1
6748,0.01425963524493401,1595.808507613817,20.198578445504772,1,1
6749,0.01425963524493401,1596.61247839724,20.198578445504772,1,1
6750,0.014361011284580005,1597.419096613294,20.198578445504772,1,1
6751,0.014361011284580005,1598.225753586065,20.198578445504772,1,1
6752,0.014361011284580005,1599.028572038061,20.198578445504772,1,1
6753,0.014361011284580005,1599.83142977378,20.198578445504772,1,1
6754,0.019003422587549945,1600.752172720471,20.198578445504772,1,1
6755,0.019003422587549945,1601.672951127457,20.198578445504772,1,1
6756,0.019003422587549945,1602.593799842753,20.198578445504772,1,1
6757,0.019003422587549945,1603.514683853452,20.198578445504772,1,1
6758,0.019003422587549945,1604.435634770171,20.198578445504772,1,1
6759,0.019003422587549945,1605.315583731512,20.198578445504772,1,1
6760,0.019003422587549945,1606.195594337956,20.198578445504772,1,1
6761,0.019003422587549945,1607.071123697271,20.198578445504772,1,1
6762,0.019003422587549945,1607.800268416718,20.198578445504772,1,1
6763,0.019107345763869965,1608.532083826103,20.198578445504772,1,1
6764,0.019107345763869965,1609.263958221932,20.198578445504772,1,1
6765,0.019107345763869965,1609.995876952694,20.198578445504772,1,1
6766,0.019107345763869965,1610.727861658986,20.198578445504772,1,1
6767,0.019107345763869965,1611.459885963929,20.198578445504772,1,1
6768,0.02047566758541919,1612.226700729844,20.198578445504772,1,1
6769,0.02047566758541919,1612.993553924249,20.198578445504772,1,1
6770,0.02047566758541919,1613.760469481542,20.198578445504772,1,1
6771,0.02047566758541919,1614.521590585026,20.198578445504772,1,1
6772,0.020619835521196617,1615.286433333354,20.198578445504772,1,1
6773,0.02538094339319885,1616.172135688988,20.198578445504772,1,1
6774,0.02538094339319885,1617.057896636446,20.198578445504772,1,1
6775,0.02538094339319885,1617.943693203506,20.198578445504772,1,1
6776,0.02883486072384045,1618.917204802938,20.198578445504772,1,1
6777,0.029626510802279515,1619.910839126839,20.198578445504772,1,1
6778,0.029626510802279515,1620.90453557872,20.198578445504772,1,1
6779,0.029626510802279515,1621.898263777517,20.198578445504772,1,1
6780,0.029626510802279515,1622.866212308328,20.198578445504772,1,1
6781,0.029626510802279515,1623.707026480148,20.198578445504772,1,1
6782,0.029626510802279515,1624.410039992108,20.198578445504772,1,1
6783,0.029626510802279515,1625.113091707642,20.198578445504772,1,1
6784,0.029626510802279515,1625.816208634598,20.198578445504772,1,1
6785,0.030716175871636775,1626.547012497766,20.198578445504772,1,1
6786,0.03095458786437133,1627.283932934506,20.198578445504772,1,1
6787,0.03095458786437133,1628.020885952826,20.198578445504772,1,1
6788,0.03095458786437133,1628.681128277889,20.198578445504772,1,1
6789,0.03095458786437133,1629.341401026948,20.198578445504772,1,1
6790,0.03095458786437133,1629.993444945368,20.198578445504772,1,1
6791,0.03095458786437133,1630.645516215258,20.198578445504772,1,1
6792,0.03095458786437133,1631.297634965126,20.198578445504772,1,1
6793,0.03095458786437133,1631.949775816926,20.198578445504772,1,1
6794,0.03095458786437133,1632.601964338724,20.198578445504772,1,1
6795,0.03269326335839473,1633.298298446046,20.198578445504772,1,1
6796,0.03428878977131067,1634.03517008387,20.198578445504772,1,1
6797,0.03428878977131067,1634.772064386149,20.198578445504772,1,1
6798,0.03428878977131067,1635.5090110993,20.198578445504772,1,1
6799,0.03428878977131067,1636.200232936092,20.198578445504772,1,1
6800,0.03428878977131067,1636.78166809801,20.198578445504772,1,1
6801,0.03428878977131067,1637.36312689249,20.198578445504772,1,1
6802,0.03428878977131067,1637.92939184177,20.198578445504772,1,1
6803,0.034428882288409124,1638.499238945364,20.198578445504772,1,1
6804,0.034428882288409124,1639.012182200085,20.198578445504772,1,1
6805,0.034428882288409124,1639.525159170591,20.198578445504772,1,1
6806,0.034428882288409124,1640.038183821777,20.198578445504772,1,1
6807,0.034428882288409124,1640.551238242261,20.198578445504772,1,1
6808,0.034428882288409124,1641.064335955934,20.198578445504772,1,1
6809,0.034428882288409124,1641.577458950874,20.198578445504772,1,1
6810,0.034428882288409124,1642.09062099372,20.198578445504772,1,1
6811,0.034428882288409124,1642.60380566651,20.198578445504772,1,1
6812,0.034428882288409124,1643.117026866772,20.198578445504772,1,1
6813,0.034428882288409124,1643.630267859929,20.198578445504772,1,1
6814,0.038298492324331246,1644.239170318551,20.198578445504772,1,1
6815,0.038298492324331246,1644.848090250938,20.198578445504772,1,1
6816,0.038298492324331246,1645.457055029097,20.198578445504772,1,1
6817,0.038298492324331246,1646.066046432332,20.198578445504772,1,1
6818,0.038298492324331246,1646.556792277046,20.198578445504772,1,1
6819,0.038298492324331246,1647.047563841386,20.198578445504772,1,1
6820,0.038298492324331246,1647.538363813049,20.198578445504772,1,1
6821,0.0400728277317981,1648.074231891097,20.198578445504772,1,1
6822,0.0400728277317981,1648.610127111522,20.198578445504772,1,1
6823,0.040349956201985115,1649.153092993402,20.198578445504772,1,1
6824,0.04204023609919272,1649.738995388378,20.198578445504772,1,1
6825,0.04838362527340356,1650.485927079724,20.198578445504772,1,1
6826,0.04838362527340356,1651.232899934076,20.198578445504772,1,1
6827,0.04838362527340356,1651.97727693479,20.198578445504772,1,1
6828,0.04838362527340356,1652.721698596467,20.198578445504772,1,1
6829,0.04838362527340356,1653.466166895544,20.198578445504772,1,1
6830,0.048770280620594963,1654.220486741191,20.198578445504772,1,1
6831,0.048770280620594963,1654.974852465357,20.198578445504772,1,1
6832,0.048770280620594963,1655.694398028255,20.198578445504772,1,1
6833,0.048770280620594963,1656.413988716267,20.198578445504772,1,1
6834,0.048879807497598904,1657.136395647503,20.198578445504772,1,1
6835,0.048879807497598904,1657.858851796472,20.198578445504772,1,1
6836,0.048879807497598904,1658.57767087957,20.198578445504772,1,1
6837,0.048879807497598904,1659.175224447891,20.198578445504772,1,1
6838,0.048879807497598904,1659.772812167664,20.198578445504772,1,1
6839,0.048879807497598904,1660.370433153041,20.198578445504772,1,1
6840,0.048879807497598904,1660.880088660386,20.198578445504772,1,1
6841,0.048879807497598904,1661.369605195526,20.198578445504772,1,1
6842,0.048879807497598904,1661.859149233083,20.198578445504772,1,1
6843,0.05442237690134233,1662.489398548917,20.198578445504772,1,1
6844,0.05442237690134233,1663.119677189882,20.198578445504772,1,1
6845,0.05442237690134233,1663.750005961711,20.198578445504772,1,1
6846,0.05442237690134233,1664.380367522124,20.198578445504772,1,1
6847,0.05442237690134233,1665.010776486064,20.198578445504772,1,1
6848,0.05442237690134233,1665.641213715136,20.198578445504772,1,1
6849,0.05442237690134233,1666.243929612464,20.198578445504772,1,1
6850,0.05442237690134233,1666.840607676942,20.198578445504772,1,1
6851,0.05442237690134233,1667.437331133577,20.198578445504772,1,1
6852,0.054664354885420874,1668.04022733593,20.198578445504772,1,1
6853,0.054664354885420874,1668.64317472044,20.198578445504772,1,1
6854,0.054664354885420874,1669.246162969374,20.198578445504772,1,1
6855,0.054664354885420874,1669.849200698233,20.198578445504772,1,1
6856,0.054664354885420874,1670.452275217329,20.198578445504772,1,1
6857,0.054664354885420874,1671.05539389229,20.198578445504772,1,1
6858,0.054664354885420874,1671.658550040967,20.198578445504772,1,1
6859,0.054664354885420874,1672.217447482522,20.198578445504772,1,1
6860,0.054664354885420874,1672.735726643143,20.198578445504772,1,1
6861,0.0548069945391938,1673.257662640441,20.198578445504772,1,1
6862,0.05859662448353653,1673.875808995072,20.198578445504772,1,1
6863,0.06362874769770688,1674.621700617388,20.198578445504772,1,1
6864,0.06362874769770688,1675.367634088329,20.198578445504772,1,1
6865,0.06362874769770688,1676.113615071572,20.198578445504772,1,1
6866,0.06362874769770688,1676.859637120098,20.198578445504772,1,1
6867,0.06362874769770688,1677.60213076529,20.198578445504772,1,1
6868,0.06362874769770688,1678.34466102342,20.198578445504772,1,1
6869,0.06525636803272183,1679.128555720032,20.198578445504772,1,1
6870,0.07034503768106637,1680.041633664193,20.198578445504772,1,1
6871,0.07076073038634734,1680.965318301778,20.198578445504772,1,1
6872,0.07076073038634734,1681.88906669118,20.198578445504772,1,1
6873,0.07092476598818598,1682.817052743858,20.198578445504772,1,1
6874,0.07727477771775026,1683.906255071442,20.198578445504772,1,1
6875,0.0788422856272466,1685.035308483246,20.198578445504772,1,1
6876,0.08271800879118762,1686.262793116096,20.198578445504772,1,1
6877,0.08271800879118762,1687.490359444817,20.198578445504772,1,1
6878,0.08271800879118762,1688.619402955192,20.198578445504772,1,1
6879,0.08271800879118762,1689.748527597063,20.198578445504772,1,1
6880,0.08271800879118762,1690.877714020512,20.198578445504772,1,1
6881,0.08271800879118762,1692.006983646231,20.198578445504772,1,1
6882,0.08271800879118762,1693.136307576114,20.198578445504772,1,1
6883,0.08294928880123376,1694.271581198192,20.198578445504772,1,1
6884,0.08294928880123376,1695.406912644871,20.198578445504772,1,1
6885,0.08294928880123376,1696.49711055777,20.198578445504772,1,1
6886,0.08294928880123376,1697.587363441898,20.198578445504772,1,1
6887,0.08294928880123376,1698.670625397636,20.198578445504772,1,1
6888,0.08294928880123376,1699.710879657528,20.198578445504772,1,1
6889,0.08294928880123376,1700.589578663735,20.198578445504772,1,1
6890,0.08294928880123376,1701.468331470472,20.198578445504772,1,1
6891,0.08294928880123376,1702.347149686784,20.198578445504772,1,1
6892,0.08310160757436957,1703.229895005068,20.198578445504772,1,1
6893,0.08978274707162104,1704.282263781646,20.198578445504772,1,1
6894,0.08978274707162104,1705.324839013952,20.198578445504772,1,1
6895,0.08978274707162104,1706.36749048129,20.198578445504772,1,1
6896,0.08978274707162104,1707.410206002144,20.198578445504772,1,1
6897,0.08978274707162104,1708.452990850603,20.198578445504772,1,1
6898,0.08978274707162104,1709.49304327602,20.198578445504772,1,1
6899,0.08978274707162104,1710.533167497912,20.198578445504772,1,1
6900,0.08978274707162104,1711.573361278254,20.198578445504772,1,1
6901,0.08978274707162104,1712.613620497142,20.198578445504772,1,1
6902,0.09002370620103006,1713.660062402712,20.198578445504772,1,1
6903,0.09002370620103006,1714.706584789961,20.198578445504772,1,1
6904,0.09002370620103006,1715.753171711265,20.198578445504772,1,1
6905,0.09002370620103006,1716.7998390269,20.198578445504772,1,1
6906,0.09002370620103006,1717.846572518411,20.198578445504772,1,1
6907,0.09002370620103006,1718.752162560157,20.198578445504772,1,1
6908,0.09002370620103006,1719.657815057758,20.198578445504772,1,1
6909,0.09002370620103006,1720.563524667229,20.198578445504772,1,1
6910,0.09002370620103006,1721.469294815579,20.198578445504772,1,1
6911,0.09124887894147138,1722.406219207888,20.198578445504772,1,1
6912,0.09546439013779251,1723.45018405371,20.198578445504772,1,1
6913,0.09546439013779251,1724.49420810914,20.198578445504772,1,1
6914,0.09546439013779251,1725.538298584886,20.198578445504772,1,1
6915,0.09546439013779251,1726.582444737412,20.198578445504772,1,1
6916,0.09546439013779251,1727.620482549665,20.198578445504772,1,1
6917,0.09546439013779251,1728.658569642173,20.198578445504772,1,1
6918,0.0962336254134959,1729.716243256888,20.198578445504772,1,1
6919,0.0962336254134959,1730.773974718325,20.198578445504772,1,1
6920,0.09867582005702058,1731.893748697925,20.198578445504772,1,1
6921,0.0987736301053217,1733.016057910316,20.198578445504772,1,1
6922,0.10153472626049531,1734.208531275057,20.198578445504772,1,1
6923,0.10153472626049531,1735.401058585864,20.198578445504772,1,1
6924,0.10153472626049531,1736.593679054112,20.198578445504772,1,1
6925,0.10153472626049531,1737.782716090089,20.198578445504772,1,1
6926,0.1015352356878303,1738.875296978258,20.198578445504772,1,1
6927,0.1015352356878303,1739.839710343728,20.198578445504772,1,1
6928,0.1015352356878303,1740.804199817108,20.198578445504772,1,1
6929,0.1015352356878303,1741.768721283976,20.198578445504772,1,1
6930,0.1015352356878303,1742.733317816804,20.198578445504772,1,1
6931,0.10157191445594327,1743.6988697826,20.198578445504772,1,1
6932,0.10157191445594327,1744.66449398637,20.198578445504772,1,1
6933,0.10157191445594327,1745.588670835992,20.198578445504772,1,1
6934,0.10157191445594327,1746.383260668607,20.198578445504772,1,1
6935,0.10157191445594327,1747.167275970541,20.198578445504772,1,1
6936,0.10157191445594327,1747.951343135226,20.198578445504772,1,1
6937,0.10157191445594327,1748.731254849643,20.198578445504772,1,1
6938,0.10157191445594327,1749.349427064654,20.198578445504772,1,1
6939,0.10157191445594327,1749.927687319161,20.198578445504772,1,1
6940,0.10170079957167388,1750.410507405726,20.198578445504772,1,1
6941,0.10749604493352871,1751.040448572582,20.198578445504772,1,1
6942,0.10749604493352871,1751.670419557846,20.198578445504772,1,1
6943,0.10749604493352871,1752.300444959595,20.198578445504772,1,1
6944,0.10749604493352871,1752.930502341862,20.198578445504772,1,1
6945,0.10749604493352871,1753.560608746414,20.198578445504772,1,1
6946,0.10749604493352871,1754.190745519979,20.198578445504772,1,1
6947,0.10749604493352871,1754.815034896307,20.198578445504772,1,1
6948,0.10749604493352871,1755.439360817034,20.198578445504772,1,1
6949,0.10749604493352871,1756.063731406126,20.198578445504772,1,1
6950,0.10755768564105228,1756.68969911582,20.198578445504772,1,1
6951,0.10755768564105228,1757.315719436732,20.198578445504772,1,1
6952,0.10755768564105228,1757.941769030253,20.198578445504772,1,1
6953,0.10755768564105228,1758.56786836861,20.198578445504772,1,1
6954,0.10755768564105228,1759.193991363735,20.198578445504772,1,1
6955,0.10755768564105228,1759.820160117524,20.198578445504772,1,1
6956,0.10755768564105228,1760.44247680773,20.198578445504772,1,1
6957,0.10755768564105228,1760.89460388869,20.198578445504772,1,1
6958,0.10755768564105228,1761.346760722807,20.198578445504772,1,1
6959,0.11186693146699556,1761.908308529673,20.198578445504772,1,1
6960,0.11186693146699556,1762.469890142192,20.198578445504772,1,1
6961,0.11186693146699556,1763.03150455629,20.198578445504772,1,1
6962,0.11186693146699556,1763.593156219502,20.198578445504772,1,1
6963,0.11186693146699556,1764.154835792257,20.198578445504772,1,1
6964,0.11186693146699556,1764.716550396876,20.198578445504772,1,1
6965,0.11521081249329823,1765.363153191016,20.198578445504772,1,1
6966,0.11704576975361825,1766.050227148638,20.198578445504772,1,1
6967,0.11704576975361825,1766.737337112848,20.198578445504772,1,1
6968,0.11704576975361825,1767.424493940114,20.198578445504772,1,1
6969,0.11723069187618806,1768.116382029031,20.198578445504772,1,1
6970,0.11723069187618806,1768.808327444273,20.198578445504772,1,1
6971,0.11723069187618806,1769.500308513961,20.198578445504772,1,1
6972,0.11723069187618806,1770.192347019181,20.198578445504772,1,1
6973,0.11723069187618806,1770.884417321317,20.198578445504772,1,1
6974,0.11723069187618806,1771.576540201372,20.198578445504772,1,1
6975,0.11723069187618806,1772.237480524954,20.198578445504772,1,1
6976,0.11723069187618806,1772.791063543047,20.198578445504772,1,1
6977,0.11723069187618806,1773.344678075856,20.198578445504772,1,1
6978,0.11894797142214575,1773.941912046386,20.198578445504772,1,1
6979,0.12387464317799113,1774.664208795811,20.198578445504772,1,1
6980,0.12387464317799113,1775.38654559834,20.198578445504772,1,1
6981,0.12406058415523091,1776.113639292914,20.198578445504772,1,1
6982,0.12406058415523091,1776.821173779993,20.198578445504772,1,1
6983,0.12406058415523091,1777.528744621921,20.198578445504772,1,1
6984,0.12406058415523091,1778.174123799732,20.198578445504772,1,1
6985,0.12406058415523091,1778.817060729489,20.198578445504772,1,1
6986,0.12406058415523091,1779.389676695894,20.198578445504772,1,1
6987,0.12406058415523091,1779.962340372338,20.198578445504772,1,1
6988,0.12409013094065502,1780.535783625524,20.198578445504772,1,1
6989,0.12409013094065502,1781.109286540729,20.198578445504772,1,1
6990,0.12409013094065502,1781.682801315774,20.198578445504772,1,1
6991,0.12409013094065502,1782.256376219507,20.198578445504772,1,1
6992,0.12409013094065502,1782.829973661563,20.198578445504772,1,1
6993,0.12409013094065502,1783.403626397932,20.198578445504772,1,1
6994,0.12409013094065502,1783.977303808426,20.198578445504772,1,1
6995,0.12409013094065502,1784.550102370296,20.198578445504772,1,1
6996,0.12409013094065502,1785.122922288011,20.198578445504772,1,1
6997,0.12991696079727433,1785.843675507585,20.198578445504772,1,1
6998,0.12991696079727433,1786.564447507454,20.198578445504772,1,1
6999,0.12991696079727433,1787.285282934672,20.198578445504772,1,1
7000,0.12991696079727433,1788.006140136946,20.198578445504772,1,1
7001,0.12991696079727433,1788.727056673513,20.198578445504772,1,1
7002,0.12991696079727433,1789.447988493906,20.198578445504772,1,1
7003,0.12991696079727433,1790.168978105913,20.198578445504772,1,1
7004,0.13091849493769336,1790.912125740434,20.198578445504772,1,1
7005,0.13091849493769336,1791.507674342665,20.198578445504772,1,1
7006,0.13091849493769336,1792.103248254927,20.198578445504772,1,1
7007,0.13197810379429153,1792.725773823668,20.198578445504772,1,1
7008,0.13197810379429153,1793.34833069385,20.198578445504772,1,1
7009,0.13197810379429153,1793.97095053033,20.198578445504772,1,1
7010,0.13553543487391817,1794.68388205242,20.198578445504772,1,1
7011,0.13735001504084243,1795.44292618888,20.198578445504772,1,1
7012,0.13735001504084243,1796.202003925318,20.198578445504772,1,1
7013,0.13735001504084243,1796.96114941341,20.198578445504772,1,1
7014,0.13735001504084243,1797.718758965481,20.198578445504772,1,1
7015,0.13755735196614793,1798.481694760642,20.198578445504772,1,1
7016,0.14141932059204665,1799.342672212448,20.198578445504772,1,1
7017,0.14598226123077174,1800.319518868752,20.198578445504772,1,1
7018,0.15389519602381796,1801.497227299576,20.198578445504772,1,1
7019,0.15591099998802882,1802.726173082928,20.198578445504772,1,1
7020,0.15591099998802882,1803.955178174178,20.198578445504772,1,1
7021,0.15591099998802882,1805.184266888024,20.198578445504772,1,1
7022,0.15591099998802882,1806.413412669928,20.198578445504772,1,1
7023,0.15591099998802882,1807.532853596556,20.198578445504772,1,1
7024,0.15591099998802882,1808.652350870119,20.198578445504772,1,1
7025,0.15591099998802882,1809.771932337882,20.198578445504772,1,1
7026,0.15591099998802882,1810.891583416548,20.198578445504772,1,1
7027,0.15591099998802882,1812.011324632429,20.198578445504772,1,1
7028,0.15591099998802882,1813.131141316268,20.198578445504772,1,1
7029,0.15601492316434884,1814.168482203026,20.198578445504772,1,1
7030,0.15601492316434884,1815.159140256788,20.198578445504772,1,1
7031,0.15601492316434884,1816.149871243294,20.198578445504772,1,1
7032,0.15601492316434884,1817.140660925792,20.198578445504772,1,1
7033,0.15601492316434884,1818.126807014505,20.198578445504772,1,1
7034,0.15601492316434884,1819.113005661881,20.198578445504772,1,1
7035,0.15601492316434884,1820.099265697198,20.198578445504772,1,1
7036,0.15601492316434884,1821.085581351885,20.198578445504772,1,1
7037,0.15601492316434884,1822.07195559743,20.198578445504772,1,1
7038,0.15824417718188366,1823.114956518505,20.198578445504772,1,1
7039,0.1602197363866371,1824.208158720367,20.198578445504772,1,1
7040,0.1602197363866371,1825.301414376223,20.198578445504772,1,1
7041,0.1602197363866371,1826.394740514855,20.198578445504772,1,1
7042,0.1602197363866371,1827.444367685525,20.198578445504772,1,1
7043,0.1602197363866371,1828.368536293574,20.198578445504772,1,1
7044,0.1602197363866371,1829.292764603383,20.198578445504772,1,1
7045,0.1602197363866371,1830.212327556674,20.198578445504772,1,1
7046,0.1602197363866371,1831.131955823884,20.198578445504772,1,1
7047,0.16040007366319298,1832.056243307796,20.198578445504772,1,1
7048,0.16040007366319298,1832.980599451768,20.198578445504772,1,1
7049,0.16040007366319298,1833.905034061342,20.198578445504772,1,1
7050,0.16040007366319298,1834.829529525748,20.198578445504772,1,1
7051,0.16040007366319298,1835.754096679752,20.198578445504772,1,1
7052,0.1605783732304089,1836.682490456462,20.198578445504772,1,1
7053,0.1644006065241852,1837.707953374226,20.198578445504772,1,1
7054,0.1681041432489292,1838.82746126687,20.198578445504772,1,1
7055,0.17014949399856416,1839.998949145023,20.198578445504772,1,1
7056,0.17014949399856416,1841.170496337653,20.198578445504772,1,1
7057,0.17014949399856416,1842.342117272102,20.198578445504772,1,1
7058,0.17014949399856416,1843.513794927559,20.198578445504772,1,1
7059,0.17014949399856416,1844.685539951855,20.198578445504772,1,1
7060,0.17014949399856416,1845.857346552652,20.198578445504772,1,1
7061,0.17014949399856416,1846.880756998069,20.198578445504772,1,1
7062,0.17029417136167657,1847.907907943154,20.198578445504772,1,1
7063,0.17029417136167657,1848.935110921978,20.198578445504772,1,1
7064,0.17029417136167657,1849.962388443335,20.198578445504772,1,1
7065,0.17029417136167657,1850.989721829584,20.198578445504772,1,1
7066,0.17029417136167657,1852.017133196714,20.198578445504772,1,1
7067,0.17029417136167657,1853.044600679092,20.198578445504772,1,1
7068,0.17029417136167657,1854.046624404428,20.198578445504772,1,1
7069,0.17029417136167657,1855.048697801973,20.198578445504772,1,1
7070,0.17029417136167657,1856.050837546496,20.198578445504772,1,1
7071,0.17045565982684074,1857.030121246642,20.198578445504772,1,1
7072,0.174452117269154,1858.110892443963,20.198578445504772,1,1
7073,0.17852295110236271,1859.29501689922,20.198578445504772,1,1
7074,0.17852295110236271,1860.388570028708,20.198578445504772,1,1
7075,0.17852295110236271,1861.435938485399,20.198578445504772,1,1
7076,0.17852295110236271,1862.483365130249,20.198578445504772,1,1
7077,0.17852295110236271,1863.530830333115,20.198578445504772,1,1
7078,0.17852295110236271,1864.578348133073,20.198578445504772,1,1
7079,0.17852295110236271,1865.620626935148,20.198578445504772,1,1
7080,0.17852295110236271,1866.564563854406,20.198578445504772,1,1
7081,0.17852295110236271,1867.392289212793,20.198578445504772,1,1
7082,0.17875423111240885,1868.024331546366,20.198578445504772,1,1
7083,0.17875423111240885,1868.605067915955,20.198578445504772,1,1
7084,0.17875423111240885,1869.185851104152,20.198578445504772,1,1
7085,0.17875423111240885,1869.766680709957,20.198578445504772,1,1
7086,0.17875423111240885,1870.347555496297,20.198578445504772,1,1
7087,0.17875423111240885,1870.928474673593,20.198578445504772,1,1
7088,0.17875423111240885,1871.509434435633,20.198578445504772,1,1
7089,0.17875423111240885,1872.090434168922,20.198578445504772,1,1
7090,0.17965795520452632,1872.694407400222,20.198578445504772,1,1
7091,0.18376292066917355,1873.402599173242,20.198578445504772,1,1
7092,0.18791118745728808,1874.216107394467,20.198578445504772,1,1
7093,0.19239618571377282,1875.140840124425,20.198578445504772,1,1
7094,0.19684501462947956,1876.178529277112,20.198578445504772,1,1
7095,0.20306868837998815,1877.37422705593,20.198578445504772,1,1
7096,0.20306868837998815,1878.569983522568,20.198578445504772,1,1
7097,0.20388173440649338,1879.786448382258,20.198578445504772,1,1
7098,0.20388173440649338,1881.002984627745,20.198578445504772,1,1
7099,0.20388173440649338,1882.219600292765,20.198578445504772,1,1
7100,0.20652617170197418,1883.503398535243,20.198578445504772,1,1
7101,0.20652617170197418,1884.787293405084,20.198578445504772,1,1
7102,0.20652617170197418,1886.014484043326,20.198578445504772,1,1
7103,0.20665607567237432,1887.194737387495,20.198578445504772,1,1
7104,0.20665607567237432,1888.375079129688,20.198578445504772,1,1
7105,0.20665607567237432,1889.555516176392,20.198578445504772,1,1
7106,0.20665607567237432,1890.736031731485,20.198578445504772,1,1
7107,0.20665607567237432,1891.9166367855,20.198578445504772,1,1
7108,0.20665607567237432,1893.097311040352,20.198578445504772,1,1
7109,0.2113642031015468,1894.397555036529,20.198578445504772,1,1
7110,0.2113642031015468,1895.697865601806,20.198578445504772,1,1
7111,0.2113642031015468,1896.993667220122,20.198578445504772,1,1
7112,0.21164744469975272,1898.296722512721,20.198578445504772,1,1
7113,0.21164744469975272,1899.599858788091,20.198578445504772,1,1
7114,0.21164744469975272,1900.903052924168,20.198578445504772,1,1
7115,0.2117121419712853,1902.207962019353,20.198578445504772,1,1
7116,0.2130763883741551,1903.543015485171,20.198578445504772,1,1
7117,0.21666428509387625,1904.871815578361,20.198578445504772,1,1
7118,0.21666428509387625,1906.106322155224,20.198578445504772,1,1
7119,0.21666428509387625,1907.288800536415,20.198578445504772,1,1
7120,0.21666428509387625,1908.471356610338,20.198578445504772,1,1
7121,0.21666428509387625,1909.654009860984,20.198578445504772,1,1
7122,0.21666428509387625,1910.836742057166,20.198578445504772,1,1
7123,0.21666428509387625,1912.0195750866,20.198578445504772,1,1
7124,0.21666428509387625,1913.202495968084,20.198578445504772,1,1
7125,0.21666428509387625,1914.385510220013,20.198578445504772,1,1
7126,0.21668822817861644,1915.565531142737,20.198578445504772,1,1
7127,0.21668822817861644,1916.74564272578,20.198578445504772,1,1
7128,0.21668822817861644,1917.925829235915,20.198578445504772,1,1
7129,0.21668822817861644,1919.106101882826,20.198578445504772,1,1
7130,0.21668822817861644,1920.286442799482,20.198578445504772,1,1
7131,0.21668822817861644,1921.466860138053,20.198578445504772,1,1
7132,0.21668822817861644,1922.647337755258,20.198578445504772,1,1
7133,0.21668822817861644,1923.827883157259,20.198578445504772,1,1
7134,0.21668822817861644,1925.008480276409,20.198578445504772,1,1
7135,0.21928477930461643,1926.250935396525,20.198578445504772,1,1
7136,0.2227819979587249,1927.480371123464,20.198578445504772,1,1
7137,0.2227819979587249,1928.606165761977,20.198578445504772,1,1
7138,0.2227819979587249,1929.73202532314,20.198578445504772,1,1
7139,0.2227819979587249,1930.85796511966,20.198578445504772,1,1
7140,0.2227819979587249,1931.983966220755,20.198578445504772,1,1
7141,0.2227819979587249,1933.110046312374,20.198578445504772,1,1
7142,0.2227819979587249,1934.236190297152,20.198578445504772,1,1
7143,0.2227819979587249,1935.362422946714,20.198578445504772,1,1
7144,0.2227819979587249,1936.488713329795,20.198578445504772,1,1
7145,0.22596133395585394,1937.695779649675,20.198578445504772,1,1
7146,0.22596133395585394,1938.897014727286,20.198578445504772,1,1
7147,0.22596133395585394,1940.098336876738,20.198578445504772,1,1
7148,0.22596133395585394,1941.299717200134,20.198578445504772,1,1
7149,0.22945345833661301,1942.589801370692,20.198578445504772,1,1
7150,0.2310179096820999,1943.919639566379,20.198578445504772,1,1
7151,0.2310179096820999,1945.2495551612,20.198578445504772,1,1
7152,0.2310179096820999,1946.579522909103,20.198578445504772,1,1
7153,0.2310179096820999,1947.909567654754,20.198578445504772,1,1
7154,0.23102656994679327,1949.216854024852,20.198578445504772,1,1
7155,0.23103879620283063,1950.419935777631,20.198578445504772,1,1
7156,0.23103879620283063,1951.517370988235,20.198578445504772,1,1
7157,0.23103879620283063,1952.500606994133,20.198578445504772,1,1
7158,0.23103879620283063,1953.370528920462,20.198578445504772,1,1
7159,0.23114119109714615,1954.084540511098,20.198578445504772,1,1
7160,0.23114119109714615,1954.798584489884,20.198578445504772,1,1
7161,0.23114119109714615,1955.491965310781,20.198578445504772,1,1
7162,0.23114119109714615,1956.185378295831,20.198578445504772,1,1
7163,0.23114119109714615,1956.878840028028,20.198578445504772,1,1
7164,0.23114119109714615,1957.504957204098,20.198578445504772,1,1
7165,0.23114119109714615,1958.131133370704,20.198578445504772,1,1
7166,0.23114119109714615,1958.757334481532,20.198578445504772,1,1
7167,0.23114119109714615,1959.380281220075,20.198578445504772,1,1
7168,0.23248302269728027,1960.037303499016,20.198578445504772,1,1
7169,0.23598584505207265,1960.783276767724,20.198578445504772,1,1
7170,0.23598584505207265,1961.529271342861,20.198578445504772,1,1
7171,0.23598584505207265,1962.275328002156,20.198578445504772,1,1
7172,0.23598584505207265,1963.021407688095,20.198578445504772,1,1
7173,0.23598584505207265,1963.64758341686,20.198578445504772,1,1
7174,0.23598584505207265,1964.273786709163,20.198578445504772,1,1
7175,0.23598584505207265,1964.900037331431,20.198578445504772,1,1
7176,0.23598584505207265,1965.519100764952,20.198578445504772,1,1
7177,0.23598584505207265,1966.13820776884,20.198578445504772,1,1
7178,0.23598584505207265,1966.757347213961,20.198578445504772,1,1
7179,0.23598584505207265,1967.374889660052,20.198578445504772,1,1
7180,0.23598584505207265,1967.957707102493,20.198578445504772,1,1
7181,0.23598584505207265,1968.449154929006,20.198578445504772,1,1
7182,0.23598584505207265,1968.940632951133,20.198578445504772,1,1
7183,0.23598584505207265,1969.432149455617,20.198578445504772,1,1
7184,0.23598584505207265,1969.923697404378,20.198578445504772,1,1
7185,0.23598584505207265,1970.4152798939,20.198578445504772,1,1
7186,0.23598584505207265,1970.906890452659,20.198578445504772,1,1
7187,0.23848611441177603,1971.461987897164,20.198578445504772,1,1
7188,0.24264813573793242,1972.122739056896,20.198578445504772,1,1
7189,0.2468610997975791,1972.890451306194,20.198578445504772,1,1
7190,0.2509023868453637,1973.760154108899,20.198578445504772,1,1
7191,0.25789580529891065,1974.807394368568,20.198578445504772,1,1
7192,0.25789580529891065,1975.854680759877,20.198578445504772,1,1
7193,0.25789580529891065,1976.902040266047,20.198578445504772,1,1
7194,0.25921165610496466,1977.982846660982,20.198578445504772,1,1
7195,0.25921165610496466,1979.06372903501,20.198578445504772,1,1
7196,0.25921165610496466,1980.144663569415,20.198578445504772,1,1
7197,0.25921165610496466,1981.225682478391,20.198578445504772,1,1
7198,0.25932831496465747,1982.309731315532,20.198578445504772,1,1
7199,0.25932831496465747,1983.327707323596,20.198578445504772,1,1
7200,0.25932831496465747,1984.256644829158,20.198578445504772,1,1
7201,0.25932831496465747,1985.185667014654,20.198578445504772,1,1
7202,0.25932831496465747,1986.114740838594,20.198578445504772,1,1
7203,0.25932831496465747,1987.043891318084,20.198578445504772,1,1
7204,0.25932831496465747,1987.973087516769,20.198578445504772,1,1
7205,0.25932831496465747,1988.902354920674,20.198578445504772,1,1
7206,0.26538795311332697,1989.985450754802,20.198578445504772,1,1
7207,0.26538795311332697,1991.068613831471,20.198578445504772,1,1
7208,0.26538795311332697,1992.151830175048,20.198578445504772,1,1
7209,0.2657572879311316,1993.163484251516,20.198578445504772,1,1
7210,0.2657572879311316,1994.175187515565,20.198578445504772,1,1
7211,0.2657572879311316,1995.186948135984,20.198578445504772,1,1
7212,0.2657572879311316,1996.198757483138,20.198578445504772,1,1
7213,0.2657572879311316,1997.121655107249,20.198578445504772,1,1
7214,0.2657572879311316,1998.00474104885,20.198578445504772,1,1
7215,0.2657572879311316,1998.887883724471,20.198578445504772,1,1
7216,0.2658805693461783,1999.774214706972,20.198578445504772,1,1
7217,0.2658805693461783,2000.660619937952,20.198578445504772,1,1
7218,0.2658805693461783,2001.54686701592,20.198578445504772,1,1
7219,0.2658805693461783,2002.432880036116,20.198578445504772,1,1
7220,0.2658805693461783,2003.318965806529,20.198578445504772,1,1
7221,0.2658805693461783,2004.205124166548,20.198578445504772,1,1
7222,0.2658805693461783,2005.091347710742,20.198578445504772,1,1
7223,0.2658805693461783,2005.975030224992,20.198578445504772,1,1
7224,0.2661928483024738,2006.866699518839,20.198578445504772,1,1
7225,0.2712906876428467,2007.887808099931,20.198578445504772,1,1
7226,0.2712906876428467,2008.908973098883,20.198578445504772,1,1
7227,0.2712906876428467,2009.930206746761,20.198578445504772,1,1
7228,0.2712906876428467,2010.951494725188,20.198578445504772,1,1
7229,0.2712906876428467,2011.972843647464,20.198578445504772,1,1
7230,0.2712906876428467,2012.994237877968,20.198578445504772,1,1
7231,0.2712906876428467,2014.015688318271,20.198578445504772,1,1
7232,0.2712906876428467,2015.003009143128,20.198578445504772,1,1
7233,0.2712906876428467,2015.90113415148,20.198578445504772,1,1
7234,0.271300876189545,2016.799573576733,20.198578445504772,1,1
7235,0.2733059821797226,2017.748969667499,20.198578445504772,1,1
7236,0.2733059821797226,2018.698423081344,20.198578445504772,1,1
7237,0.2733059821797226,2019.647949057444,20.198578445504772,1,1
7238,0.2733059821797226,2020.597535035208,20.198578445504772,1,1
7239,0.2755576509999935,2021.604341931528,20.198578445504772,1,1
7240,0.2755576509999935,2022.611201596209,20.198578445504772,1,1
7241,0.2755576509999935,2023.61813464361,20.198578445504772,1,1
7242,0.27555816042732806,2024.625132247624,20.198578445504772,1,1
7243,0.2770411033992306,2025.669833126472,20.198578445504772,1,1
7244,0.28179406043387445,2026.835203539474,20.198578445504772,1,1
7245,0.2834323787429218,2028.042219910207,20.198578445504772,1,1
7246,0.2834323787429218,2029.249289787958,20.198578445504772,1,1
7247,0.2834323787429218,2030.456427057052,20.198578445504772,1,1
7248,0.2834323787429218,2031.663610850274,20.198578445504772,1,1
7249,0.2834323787429218,2032.870856127164,20.198578445504772,1,1
7250,0.2834323787429218,2034.078150732907,20.198578445504772,1,1
7251,0.2834323787429218,2035.221810824872,20.198578445504772,1,1
7252,0.2834323787429218,2036.259472763571,20.198578445504772,1,1
7253,0.2834323787429218,2037.189857909636,20.198578445504772,1,1
7254,0.2834323787429218,2038.017339289037,20.198578445504772,1,1
7255,0.2834323787429218,2038.666690075234,20.198578445504772,1,1
7256,0.2834323787429218,2039.316097142147,20.198578445504772,1,1
7257,0.28348892517709645,2039.966976360988,20.198578445504772,1,1
7258,0.28751849539617824,2040.686646846037,20.198578445504772,1,1
7259,0.29076456637417936,2041.488734031431,20.198578445504772,1,1
7260,0.29076456637417936,2042.290875969239,20.198578445504772,1,1
7261,0.29076456637417936,2043.093062184608,20.198578445504772,1,1
7262,0.29076456637417936,2043.892329786119,20.198578445504772,1,1
7263,0.29076456637417936,2044.691635459168,20.198578445504772,1,1
7264,0.29076456637417936,2045.49099254701,20.198578445504772,1,1
7265,0.29076456637417936,2046.290392246448,20.198578445504772,1,1
7266,0.29076456637417936,2047.089843439915,20.198578445504772,1,1
7267,0.29091739457465016,2047.893208829202,20.198578445504772,1,1
7268,0.29091739457465016,2048.696628956272,20.198578445504772,1,1
7269,0.29091739457465016,2049.500096538621,20.198578445504772,1,1
7270,0.29091739457465016,2050.149224071213,20.198578445504772,1,1
7271,0.29091739457465016,2050.798400329211,20.198578445504772,1,1
7272,0.29091739457465016,2051.447615420685,20.198578445504772,1,1
7273,0.29091739457465016,2052.087481416274,20.198578445504772,1,1
7274,0.29091739457465016,2052.727386499453,20.198578445504772,1,1
7275,0.29091739457465016,2053.367347411342,20.198578445504772,1,1
7276,0.2920595306595022,2054.036330421931,20.198578445504772,1,1
7277,0.2955190516908277,2054.793165897634,20.198578445504772,1,1
7278,0.2955190516908277,2055.550035456918,20.198578445504772,1,1
7279,0.2955190516908277,2056.306965801621,20.198578445504772,1,1
7280,0.29739017829192615,2057.108275420131,20.198578445504772,1,1
7281,0.29739017829192615,2057.909639864879,20.198578445504772,1,1
7282,0.29739017829192615,2058.711034693394,20.198578445504772,1,1
7283,0.29739017829192615,2059.512486502451,20.198578445504772,1,1
7284,0.29739017829192615,2060.31397245024,20.198578445504772,1,1
7285,0.29739017829192615,2061.115515253811,20.198578445504772,1,1
7286,0.2975160068436469,2061.920280064194,20.198578445504772,1,1
7287,0.2975160068436469,2062.725115340336,20.198578445504772,1,1
7288,0.2975160068436469,2063.522034127166,20.198578445504772,1,1
7289,0.2975160068436469,2064.189130978138,20.198578445504772,1,1
7290,0.2975160068436469,2064.856267686462,20.198578445504772,1,1
7291,0.2975160068436469,2065.523456015634,20.198578445504772,1,1
7292,0.2975160068436469,2066.190685650861,20.198578445504772,1,1
7293,0.2975160068436469,2066.857964151809,20.198578445504772,1,1
7294,0.2975160068436469,2067.525279301388,20.198578445504772,1,1
7295,0.2996459225308761,2068.246695717965,20.198578445504772,1,1
7296,0.3061665924176329,2069.133633575251,20.198578445504772,1,1
7297,0.3061665924176329,2070.020619287138,20.198578445504772,1,1
7298,0.3061665924176329,2070.907394295388,20.198578445504772,1,1
7299,0.3061665924176329,2071.743129057023,20.198578445504772,1,1
7300,0.3061665924176329,2072.57890656599,20.198578445504772,1,1
7301,0.3061665924176329,2073.414720868118,20.198578445504772,1,1
7302,0.30785992887884994,2074.293557001752,20.198578445504772,1,1
7303,0.30785992887884994,2075.115070131815,20.198578445504772,1,1
7304,0.30785992887884994,2075.936630833146,20.198578445504772,1,1
7305,0.30802498333535855,2076.762423444039,20.198578445504772,1,1
7306,0.30802498333535855,2077.588269772871,20.198578445504772,1,1
7307,0.30802498333535855,2078.376378600742,20.198578445504772,1,1
7308,0.3081930943558766,2079.04771506932,20.198578445504772,1,1
7309,0.31156754102227335,2079.762996349681,20.198578445504772,1,1
7310,0.3144967481979646,2080.552668263061,20.198578445504772,1,1
7311,0.3144967481979646,2081.342387861309,20.198578445504772,1,1
7312,0.3144967481979646,2082.132164762663,20.198578445504772,1,1
7313,0.3144967481979646,2082.921986854092,20.198578445504772,1,1
7314,0.3144967481979646,2083.711862494885,20.198578445504772,1,1
7315,0.3144967481979646,2084.50177735301,20.198578445504772,1,1
7316,0.3144967481979646,2085.291743846182,20.198578445504772,1,1
7317,0.3144967481979646,2086.081749397504,20.198578445504772,1,1
7318,0.314674538337846,2086.876314023752,20.198578445504772,1,1
7319,0.314674538337846,2087.670916381917,20.198578445504772,1,1
7320,0.314674538337846,2088.465564994411,20.198578445504772,1,1
7321,0.314674538337846,2089.258814317408,20.198578445504772,1,1
7322,0.314674538337846,2089.949445068668,20.198578445504772,1,1
7323,0.314674538337846,2090.557407563954,20.198578445504772,1,1
7324,0.314674538337846,2091.165417758969,20.198578445504772,1,1
7325,0.31602146421132904,2091.807657809062,20.198578445504772,1,1
7326,0.31602146421132904,2092.449943482139,20.198578445504772,1,1
7327,0.31602146421132904,2093.092275161007,20.198578445504772,1,1
7328,0.3194101748431031,2093.820658211648,20.198578445504772,1,1
7329,0.3247306339288287,2094.684111863978,20.198578445504772,1,1
7330,0.3247306339288287,2095.547620414668,20.198578445504772,1,1
7331,0.3247306339288287,2096.407292542725,20.198578445504772,1,1
7332,0.3247306339288287,2097.267020513666,20.198578445504772,1,1
7333,0.3247306339288287,2098.126797995296,20.198578445504772,1,1
7334,0.3247306339288287,2098.986624377622,20.198578445504772,1,1
7335,0.324781067234984,2099.847783767196,20.198578445504772,1,1
7336,0.324781067234984,2100.708996295314,20.198578445504772,1,1
7337,0.324781067234984,2101.570256204574,20.198578445504772,1,1
7338,0.324781067234984,2102.431573113847,20.198578445504772,1,1
7339,0.324781067234984,2103.29294789668,20.198578445504772,1,1
7340,0.324781067234984,2104.125283657547,20.198578445504772,1,1
7341,0.324781067234984,2104.869524876147,20.198578445504772,1,1
7342,0.324781067234984,2105.613821312334,20.198578445504772,1,1
7343,0.324781067234984,2106.358160106233,20.198578445504772,1,1
7344,0.324781067234984,2107.054883122489,20.198578445504772,1,1
7345,0.324781067234984,2107.751644143406,20.198578445504772,1,1
7346,0.3249257445980964,2108.452130179777,20.198578445504772,1,1
7347,0.32974951203229175,2109.275074624626,20.198578445504772,1,1
7348,0.32974951203229175,2110.098068447178,20.198578445504772,1,1
7349,0.32974951203229175,2110.921105108829,20.198578445504772,1,1
7350,0.32974951203229175,2111.740988081514,20.198578445504772,1,1
7351,0.32974951203229175,2112.56090868224,20.198578445504772,1,1
7352,0.32974951203229175,2113.380874202679,20.198578445504772,1,1
7353,0.3298875668400503,2114.204377979175,20.198578445504772,1,1
7354,0.33303073349640133,2115.107707689925,20.198578445504772,1,1
7355,0.3383221552240374,2116.145368015177,20.198578445504772,1,1
7356,0.3383221552240374,2117.18308867214,20.198578445504772,1,1
7357,0.3383221552240374,2118.220875174792,20.198578445504772,1,1
7358,0.3383221552240374,2119.258737480568,20.198578445504772,1,1
7359,0.3383221552240374,2120.242395865248,20.198578445504772,1,1
7360,0.3383221552240374,2121.059981697786,20.198578445504772,1,1
7361,0.3383221552240374,2121.877629100858,20.198578445504772,1,1
7362,0.3383221552240374,2122.695330645923,20.198578445504772,1,1
7363,0.3383221552240374,2123.513086924046,20.198578445504772,1,1
7364,0.33840875787097113,2124.333092573644,20.198578445504772,1,1
7365,0.33840875787097113,2125.153156787667,20.198578445504772,1,1
7366,0.33840875787097113,2125.930120965777,20.198578445504772,1,1
7367,0.33840875787097113,2126.707138309792,20.198578445504772,1,1
7368,0.33840875787097113,2127.484192322511,20.198578445504772,1,1
7369,0.33840875787097113,2128.257090362566,20.198578445504772,1,1
7370,0.33905420230429284,2129.046400263221,20.198578445504772,1,1
7371,0.33905420230429284,2129.835752877687,20.198578445504772,1,1
7372,0.33905420230429284,2130.620856634055,20.198578445504772,1,1
7373,0.34289222784545137,2131.4174451266,20.198578445504772,1,1
7374,0.34289222784545137,2132.139431565423,20.198578445504772,1,1
7375,0.34289222784545137,2132.861475094823,20.198578445504772,1,1
7376,0.34289222784545137,2133.583559015864,20.198578445504772,1,1
7377,0.34289222784545137,2134.305704561044,20.198578445504772,1,1
7378,0.34289222784545137,2135.027884304935,20.198578445504772,1,1
7379,0.34289222784545137,2135.7501198012,20.198578445504772,1,1
7380,0.343092942215403,2136.477487406851,20.198578445504772,1,1
7381,0.343092942215403,2137.204912669396,20.198578445504772,1,1
7382,0.343092942215403,2137.927840711057,20.198578445504772,1,1
7383,0.343092942215403,2138.650832114279,20.198578445504772,1,1
7384,0.343092942215403,2139.373861845506,20.198578445504772,1,1
7385,0.343092942215403,2140.09695120305,20.198578445504772,1,1
7386,0.343092942215403,2140.820072577474,20.198578445504772,1,1
7387,0.343092942215403,2141.543247785199,20.198578445504772,1,1
7388,0.343092942215403,2142.266452102476,20.198578445504772,1,1
7389,0.343092942215403,2142.955387333356,20.198578445504772,1,1
7390,0.343092942215403,2143.644347263747,20.198578445504772,1,1
7391,0.34324220442452935,2144.337146244744,20.198578445504772,1,1
7392,0.34769867475025995,2145.05672864075,20.198578445504772,1,1
7393,0.34769867475025995,2145.640800051889,20.198578445504772,1,1
7394,0.34769867475025995,2146.224900077428,20.198578445504772,1,1
7395,0.34769867475025995,2146.809045075408,20.198578445504772,1,1
7396,0.34769867475025995,2147.393214379516,20.198578445504772,1,1
7397,0.3479243510596217,2147.98315128495,20.198578445504772,1,1
7398,0.3479243510596217,2148.573111291596,20.198578445504772,1,1
7399,0.3507842761177664,2149.234422935696,20.198578445504772,1,1
7400,0.3507842761177664,2149.895754007629,20.198578445504772,1,1
7401,0.3507842761177664,2150.557141533514,20.198578445504772,1,1
7402,0.3507842761177664,2151.218564526912,20.198578445504772,1,1
7403,0.3507842761177664,2151.880047755784,20.198578445504772,1,1
7404,0.3507842761177664,2152.541561010224,20.198578445504772,1,1
7405,0.3527297791097608,2153.252504293969,20.198578445504772,1,1
7406,0.3544333041176757,2154.006710981218,20.198578445504772,1,1
7407,0.35872930483291166,2154.870003456625,20.198578445504772,1,1
7408,0.362716083155862,2155.834508090473,20.198578445504772,1,1
7409,0.3656478374682277,2156.873486674845,20.198578445504772,1,1
7410,0.3656478374682277,2157.908824668277,20.198578445504772,1,1
7411,0.3656478374682277,2158.821328654667,20.198578445504772,1,1
7412,0.3656478374682277,2159.733879319562,20.198578445504772,1,1
7413,0.3656478374682277,2160.646486581589,20.198578445504772,1,1
7414,0.3656478374682277,2161.559140271676,20.198578445504772,1,1
7415,0.366009021448674,2162.481018640694,20.198578445504772,1,1
7416,0.366009021448674,2163.402941446705,20.198578445504772,1,1
7417,0.366009021448674,2164.321412077362,20.198578445504772,1,1
7418,0.366009021448674,2165.159851711799,20.198578445504772,1,1
7419,0.366009021448674,2165.863533916378,20.198578445504772,1,1
7420,0.366009021448674,2166.56726249818,20.198578445504772,1,1
7421,0.366009021448674,2167.271051518418,20.198578445504772,1,1
7422,0.366009021448674,2167.9748829894,20.198578445504772,1,1
7423,0.366009021448674,2168.678770286208,20.198578445504772,1,1
7424,0.3664634306314074,2169.394227601776,20.198578445504772,1,1
7425,0.3703824551188153,2170.20920339166,20.198578445504772,1,1
7426,0.3703824551188153,2171.02421616593,20.198578445504772,1,1
7427,0.3703824551188153,2171.839292272064,20.198578445504772,1,1
7428,0.3703824551188153,2172.652204048515,20.198578445504772,1,1
7429,0.3703824551188153,2173.46517487031,20.198578445504772,1,1
7430,0.3703824551188153,2174.278181926018,20.198578445504772,1,1
7431,0.3703824551188153,2175.091244251653,20.198578445504772,1,1
7432,0.3703824551188153,2175.904343321321,20.198578445504772,1,1
7433,0.3703824551188153,2176.717499078965,20.198578445504772,1,1
7434,0.3705332456099466,2177.518076378855,20.198578445504772,1,1
7435,0.3705332456099466,2178.318717791339,20.198578445504772,1,1
7436,0.3705332456099466,2179.119409274311,20.198578445504772,1,1
7437,0.3705332456099466,2179.822378002025,20.198578445504772,1,1
7438,0.3705332456099466,2180.525401232935,20.198578445504772,1,1
7439,0.3705332456099466,2181.228477849928,20.198578445504772,1,1
7440,0.3705332456099466,2181.931609801347,20.198578445504772,1,1
7441,0.3705332456099466,2182.634790018739,20.198578445504772,1,1
7442,0.3705332456099466,2183.338020103753,20.198578445504772,1,1
7443,0.3719958114884525,2184.078416513625,20.198578445504772,1,1
7444,0.3765516201444892,2184.929367045134,20.198578445504772,1,1
7445,0.3765516201444892,2185.78036501037,20.198578445504772,1,1
7446,0.3765516201444892,2186.631416216536,20.198578445504772,1,1
7447,0.3765516201444892,2187.482516961573,20.198578445504772,1,1
7448,0.3765516201444892,2188.333663366958,20.198578445504772,1,1
7449,0.3765516201444892,2189.184853949182,20.198578445504772,1,1
7450,0.37667031671352147,2190.039099420935,20.198578445504772,1,1
7451,0.3810534295030257,2191.004638308336,20.198578445504772,1,1
7452,0.3814737070543206,2191.980886527646,20.198578445504772,1,1
7453,0.3881899970376801,2193.127655055239,20.198578445504772,1,1
7454,0.3881899970376801,2194.27448319147,20.198578445504772,1,1
7455,0.3881899970376801,2195.417595485292,20.198578445504772,1,1
7456,0.3881899970376801,2196.44722378802,20.198578445504772,1,1
7457,0.3881899970376801,2197.476938186295,20.198578445504772,1,1
7458,0.3881899970376801,2198.506702323194,20.198578445504772,1,1
7459,0.3881899970376801,2199.536545946883,20.198578445504772,1,1
7460,0.389854805568143,2200.608690756666,20.198578445504772,1,1
7461,0.389854805568143,2201.675163232272,20.198578445504772,1,1
7462,0.38997197385517035,2202.744659759964,20.198578445504772,1,1
7463,0.38997197385517035,2203.741367069848,20.198578445504772,1,1
7464,0.38997197385517035,2204.738119374995,20.198578445504772,1,1
7465,0.38997197385517035,2205.734938439718,20.198578445504772,1,1
7466,0.38997197385517035,2206.731794837458,20.198578445504772,1,1
7467,0.38997197385517035,2207.728713202418,20.198578445504772,1,1
7468,0.38997197385517035,2208.725664326448,20.198578445504772,1,1
7469,0.38997197385517035,2209.673110122442,20.198578445504772,1,1
7470,0.38997197385517035,2210.577190219395,20.198578445504772,1,1
7471,0.391308201754621,2211.405784222101,20.198578445504772,1,1
7472,0.39558433480379573,2212.241362835026,20.198578445504772,1,1
7473,0.3996561874916744,2213.105650909691,20.198578445504772,1,1
7474,0.3996561874916744,2213.969983910512,20.198578445504772,1,1
7475,0.3996561874916744,2214.834386711126,20.198578445504772,1,1
7476,0.3996561874916744,2215.698831482704,20.198578445504772,1,1
7477,0.3996561874916744,2216.563344835231,20.198578445504772,1,1
7478,0.3996561874916744,2217.427896024182,20.198578445504772,1,1
7479,0.3996561874916744,2218.283321013106,20.198578445504772,1,1
7480,0.3996561874916744,2219.138790876096,20.198578445504772,1,1
7481,0.3997545069673105,2219.996829294892,20.198578445504772,1,1
7482,0.3997545069673105,2220.854925031496,20.198578445504772,1,1
7483,0.3997545069673105,2221.71309489242,20.198578445504772,1,1
7484,0.3997545069673105,2222.571315249645,20.198578445504772,1,1
7485,0.3997545069673105,2223.429603661615,20.198578445504772,1,1
7486,0.3997545069673105,2224.287937539722,20.198578445504772,1,1
7487,0.3997545069673105,2225.14633400455,20.198578445504772,1,1
7488,0.3997545069673105,2225.993199576547,20.198578445504772,1,1
7489,0.3997545069673105,2226.740271115636,20.198578445504772,1,1
7490,0.4021997581748442,2227.549446576352,20.198578445504772,1,1
7491,0.4051366067605593,2228.43320625681,20.198578445504772,1,1
7492,0.4051366067605593,2229.317019516997,20.198578445504772,1,1
7493,0.4051366067605593,2230.200886950905,20.198578445504772,1,1
7494,0.4051366067605593,2231.084805603994,20.198578445504772,1,1
7495,0.4051366067605593,2231.968775540756,20.198578445504772,1,1
7496,0.4051366067605593,2232.852789394139,20.198578445504772,1,1
7497,0.40747029338174956,2233.796086427848,20.198578445504772,1,1
7498,0.40747029338174956,2234.735588373485,20.198578445504772,1,1
7499,0.40747029338174956,2235.675157489771,20.198578445504772,1,1
7500,0.40747029338174956,2236.614774246227,20.198578445504772,1,1
7501,0.40747029338174956,2237.554473609366,20.198578445504772,1,1
7502,0.40747029338174956,2238.494222609103,20.198578445504772,1,1
7503,0.40747029338174956,2239.434049144208,20.198578445504772,1,1
7504,0.40760885761684307,2240.377440225205,20.198578445504772,1,1
7505,0.41127214958212965,2241.413872204786,20.198578445504772,1,1
7506,0.41127214958212965,2242.450346753133,20.198578445504772,1,1
7507,0.41127214958212965,2243.449634240722,20.198578445504772,1,1
7508,0.41127214958212965,2244.332886201658,20.198578445504772,1,1
7509,0.4148600463018508,2245.307267746576,20.198578445504772,1,1
7510,0.4216267695913656,2246.453409815064,20.198578445504772,1,1
7511,0.42170624025561043,2247.601646703134,20.198578445504772,1,1
7512,0.4244016202845815,2248.818335782603,20.198578445504772,1,1
7513,0.4244016202845815,2250.035104022468,20.198578445504772,1,1
7514,0.4244016202845815,2251.248894047214,20.198578445504772,1,1
7515,0.4244016202845815,2252.35108493382,20.198578445504772,1,1
7516,0.4244016202845815,2253.442625609066,20.198578445504772,1,1
7517,0.4244016202845815,2254.363117177733,20.198578445504772,1,1
7518,0.4244016202845815,2255.283663993568,20.198578445504772,1,1
7519,0.4244016202845815,2256.204279028256,20.198578445504772,1,1
7520,0.4244016202845815,2257.12496443248,20.198578445504772,1,1
7521,0.4244016202845815,2258.045717489428,20.198578445504772,1,1
7522,0.4245121660162554,2258.969342308918,20.198578445504772,1,1
7523,0.4245121660162554,2259.893033776701,20.198578445504772,1,1
7524,0.4245121660162554,2260.774365816174,20.198578445504772,1,1
7525,0.4245121660162554,2261.65575866683,20.198578445504772,1,1
7526,0.4245121660162554,2262.534219525214,20.198578445504772,1,1
7527,0.4245121660162554,2263.412736440014,20.198578445504772,1,1
7528,0.4245121660162554,2264.291302139083,20.198578445504772,1,1
7529,0.4245121660162554,2265.16991659898,20.198578445504772,1,1
7530,0.4245121660162554,2266.048575231247,20.198578445504772,1,1
7531,0.4281229869660472,2267.01892371738,20.198578445504772,1,1
7532,0.4281229869660472,2267.98931209127,20.198578445504772,1,1
7533,0.4281229869660472,2268.959754690388,20.198578445504772,1,1
7534,0.4281229869660472,2269.930244145464,20.198578445504772,1,1
7535,0.4281229869660472,2270.866746885606,20.198578445504772,1,1
7536,0.4281229869660472,2271.694350202723,20.198578445504772,1,1
7537,0.4281229869660472,2272.418258135757,20.198578445504772,1,1
7538,0.4281229869660472,2273.142225421,20.198578445504772,1,1
7539,0.4281229869660472,2273.86624900924,20.198578445504772,1,1
7540,0.4282539097911173,2274.593651456646,20.198578445504772,1,1
7541,0.4282539097911173,2275.321117108041,20.198578445504772,1,1
7542,0.4282539097911173,2276.048634060142,20.198578445504772,1,1
7543,0.4282539097911173,2276.776208169745,20.198578445504772,1,1
7544,0.4282539097911173,2277.503827466294,20.198578445504772,1,1
7545,0.4282539097911173,2278.228996169362,20.198578445504772,1,1
7546,0.4282539097911173,2278.954203831144,20.198578445504772,1,1
7547,0.4282539097911173,2279.679459804168,20.198578445504772,1,1
7548,0.4282539097911173,2280.404748814092,20.198578445504772,1,1
7549,0.42842609623031436,2281.134456071772,20.198578445504772,1,1
7550,0.43266860707538557,2281.971862934256,20.198578445504772,1,1
7551,0.4377114282635892,2282.937297497378,20.198578445504772,1,1
7552,0.4377114282635892,2283.902767745509,20.198578445504772,1,1
7553,0.4377114282635892,2284.868304860496,20.198578445504772,1,1
7554,0.4377114282635892,2285.77158186072,20.198578445504772,1,1
7555,0.4377114282635892,2286.600091070104,20.198578445504772,1,1
7556,0.4377114282635892,2287.428635833748,20.198578445504772,1,1
7557,0.4397216285271157,2288.308261495308,20.198578445504772,1,1
7558,0.44565900411540893,2289.338618522974,20.198578445504772,1,1
7559,0.44565900411540893,2290.369039470835,20.198578445504772,1,1
7560,0.44738800049006944,2291.443415517054,20.198578445504772,1,1
7561,0.450882672007503,2292.547093305368,20.198578445504772,1,1
7562,0.450882672007503,2293.650844527122,20.198578445504772,1,1
7563,0.450882672007503,2294.75466219643,20.198578445504772,1,1
7564,0.450882672007503,2295.858550504886,20.198578445504772,1,1
7565,0.450882672007503,2296.962504237266,20.198578445504772,1,1
7566,0.450882672007503,2298.066519313485,20.198578445504772,1,1
7567,0.450882672007503,2299.170594969042,20.198578445504772,1,1
7568,0.450882672007503,2300.271209711346,20.198578445504772,1,1
7569,0.450882672007503,2301.278542663796,20.198578445504772,1,1
7570,0.45104874531868155,2302.290158757017,20.198578445504772,1,1
7571,0.45104874531868155,2303.301819912248,20.198578445504772,1,1
7572,0.45104874531868155,2304.31354716934,20.198578445504772,1,1
7573,0.45104874531868155,2305.233899996018,20.198578445504772,1,1
7574,0.45104874531868155,2305.981902699324,20.198578445504772,1,1
7575,0.45104874531868155,2306.727920720722,20.198578445504772,1,1
7576,0.45104874531868155,2307.40531006217,20.198578445504772,1,1
7577,0.45104874531868155,2308.08274316369,20.198578445504772,1,1
7578,0.45104874531868155,2308.760213589852,20.198578445504772,1,1
7579,0.45185364050782795,2309.458167980764,20.198578445504772,1,1
7580,0.4575846980254852,2310.301616002192,20.198578445504772,1,1
7581,0.4575846980254852,2311.145121071778,20.198578445504772,1,1
7582,0.4575846980254852,2311.988680713074,20.198578445504772,1,1
7583,0.4575846980254852,2312.832299558913,20.198578445504772,1,1
7584,0.4575846980254852,2313.67597430509,20.198578445504772,1,1
7585,0.4575846980254852,2314.51970089075,20.198578445504772,1,1
7586,0.4575846980254852,2315.360667135414,20.198578445504772,1,1
7587,0.4575846980254852,2316.201703218872,20.198578445504772,1,1
7588,0.4575846980254852,2317.042790721128,20.198578445504772,1,1
7589,0.4575846980254852,2317.88394538654,20.198578445504772,1,1
7590,0.4575846980254852,2318.725159993908,20.198578445504772,1,1
7591,0.4575846980254852,2319.566437207912,20.198578445504772,1,1
7592,0.4575846980254852,2320.407766889448,20.198578445504772,1,1
7593,0.4575846980254852,2321.24915212625,20.198578445504772,1,1
7594,0.4575846980254852,2322.090590505802,20.198578445504772,1,1
7595,0.4592006015317973,2322.8810922478,20.198578445504772,1,1
7596,0.4592006015317973,2323.671644126942,20.198578445504772,1,1
7597,0.4592006015317973,2324.462239845121,20.198578445504772,1,1
7598,0.46370546745434327,2325.367219813399,20.198578445504772,1,1
7599,0.46370546745434327,2326.272246217708,20.198578445504772,1,1
7600,0.46370546745434327,2327.17733201496,20.198578445504772,1,1
7601,0.46370546745434327,2328.082466265519,20.198578445504772,1,1
7602,0.46370546745434327,2328.987660695816,20.198578445504772,1,1
7603,0.46370546745434327,2329.892895727024,20.198578445504772,1,1
7604,0.46370546745434327,2330.794849077464,20.198578445504772,1,1
7605,0.46519503298159925,2331.734654990022,20.198578445504772,1,1
7606,0.46519503298159925,2332.674524833358,20.198578445504772,1,1
7607,0.46519503298159925,2333.614439194056,20.198578445504772,1,1
7608,0.46519503298159925,2334.554421481632,20.198578445504772,1,1
7609,0.46537282312148065,2335.498970270066,20.198578445504772,1,1
7610,0.4681130327559231,2336.513127770298,20.198578445504772,1,1
7611,0.47012425187411955,2337.578377842999,20.198578445504772,1,1
7612,0.47012425187411955,2338.643693603364,20.198578445504772,1,1
7613,0.47012425187411955,2339.70467558914,20.198578445504772,1,1
7614,0.47012425187411955,2340.657625148878,20.198578445504772,1,1
7615,0.47012425187411955,2341.482137379899,20.198578445504772,1,1
7616,0.47012425187411955,2342.306702863353,20.198578445504772,1,1
7617,0.47012425187411955,2343.131303972778,20.198578445504772,1,1
7618,0.47012425187411955,2343.955956108276,20.198578445504772,1,1
7619,0.47012425187411955,2344.780638799685,20.198578445504772,1,1
7620,0.4703565507388352,2345.611267206658,20.198578445504772,1,1
7621,0.4703565507388352,2346.390712209978,20.198578445504772,1,1
7622,0.4703565507388352,2347.018922803369,20.198578445504772,1,1
7623,0.4703565507388352,2347.647165957937,20.198578445504772,1,1
7624,0.4703565507388352,2348.231400972516,20.198578445504772,1,1
7625,0.4703565507388352,2348.72662378961,20.198578445504772,1,1
7626,0.4703565507388352,2349.221886832406,20.198578445504772,1,1
7627,0.4703565507388352,2349.717177641424,20.198578445504772,1,1
7628,0.4703565507388352,2350.212516249456,20.198578445504772,1,1
7629,0.47249156069941334,2350.76206421943,20.198578445504772,1,1
7630,0.4770850669782325,2351.428236603959,20.198578445504772,1,1
7631,0.48148855686113334,2352.206196300101,20.198578445504772,1,1
7632,0.48148855686113334,2352.984212429534,20.198578445504772,1,1
7633,0.48148855686113334,2353.762269447908,20.198578445504772,1,1
7634,0.48148855686113334,2354.536152588564,20.198578445504772,1,1
7635,0.48148855686113334,2355.310070612682,20.198578445504772,1,1
7636,0.48148855686113334,2356.084045487229,20.198578445504772,1,1
7637,0.48148855686113334,2356.858057073429,20.198578445504772,1,1
7638,0.48148855686113334,2357.632124757924,20.198578445504772,1,1
7639,0.4816031780114862,2358.409142689651,20.198578445504772,1,1
7640,0.48361592541168763,2359.237305294408,20.198578445504772,1,1
7641,0.48361592541168763,2360.065509858399,20.198578445504772,1,1
7642,0.48361592541168763,2360.893781254666,20.198578445504772,1,1
7643,0.48361592541168763,2361.701589053195,20.198578445504772,1,1
7644,0.48361592541168763,2362.363434385783,20.198578445504772,1,1
7645,0.48361592541168763,2363.0253209688,20.198578445504772,1,1
7646,0.48361592541168763,2363.687256170997,20.198578445504772,1,1
7647,0.48361592541168763,2364.349230498652,20.198578445504772,1,1
7648,0.4882394879032659,2365.12859261331,20.198578445504772,1,1
7649,0.4882394879032659,2365.907994077398,20.198578445504772,1,1
7650,0.4883597127543031,2366.690501804711,20.198578445504772,1,1
7651,0.4883597127543031,2367.473049139582,20.198578445504772,1,1
7652,0.4883597127543031,2368.255646690716,20.198578445504772,1,1
7653,0.4883597127543031,2369.03827946998,20.198578445504772,1,1
7654,0.4883597127543031,2369.820958723908,20.198578445504772,1,1
7655,0.4907331347076158,2370.66391352867,20.198578445504772,1,1
7656,0.4907331347076158,2371.506915433868,20.198578445504772,1,1
7657,0.4907331347076158,2372.349963907538,20.198578445504772,1,1
7658,0.4907331347076158,2373.193073654838,20.198578445504772,1,1
7659,0.4907331347076158,2373.995063975112,20.198578445504772,1,1
7660,0.4907331347076158,2374.797120857008,20.198578445504772,1,1
7661,0.49100975375046785,2375.606246502334,20.198578445504772,1,1
7662,0.49100975375046785,2376.300654321772,20.198578445504772,1,1
7663,0.49100975375046785,2376.995108725882,20.198578445504772,1,1
7664,0.49100975375046785,2377.68960988006,20.198578445504772,1,1
7665,0.49100975375046785,2378.3841555533,20.198578445504772,1,1
7666,0.49118143076233034,2379.083104270428,20.198578445504772,1,1
7667,0.49518960503334597,2379.88381574788,20.198578445504772,1,1
7668,0.4988987454587739,2380.778706208044,20.198578445504772,1,1
7669,0.4988987454587739,2381.635693981278,20.198578445504772,1,1
7670,0.49941683305837037,2382.50588479642,20.198578445504772,1,1
7671,0.49941683305837037,2383.37612020265,20.198578445504772,1,1
7672,0.49941683305837037,2384.246403666617,20.198578445504772,1,1
7673,0.49941683305837037,2385.112200791776,20.198578445504772,1,1
7674,0.49941683305837037,2385.90823875751,20.198578445504772,1,1
7675,0.49941683305837037,2386.65308026964,20.198578445504772,1,1
7676,0.49941683305837037,2387.397971003283,20.198578445504772,1,1
7677,0.4996231511290059,2388.1481533103,20.198578445504772,1,1
7678,0.4996231511290059,2388.89839210455,20.198578445504772,1,1
7679,0.4996231511290059,2389.648687556309,20.198578445504772,1,1
7680,0.4996231511290059,2390.399034225128,20.198578445504772,1,1
7681,0.4996231511290059,2391.149434776768,20.198578445504772,1,1
7682,0.4996231511290059,2391.89988022076,20.198578445504772,1,1
7683,0.4996231511290059,2392.650373619342,20.198578445504772,1,1
7684,0.4996231511290059,2393.394994081586,20.198578445504772,1,1
7685,0.5008498521514522,2394.170791810386,20.198578445504772,1,1
7686,0.5053440200999653,2395.06068894575,20.198578445504772,1,1
7687,0.5092085358625384,2396.048707897836,20.198578445504772,1,1
7688,0.5092085358625384,2397.036780038451,20.198578445504772,1,1
7689,0.5092085358625384,2398.024905440282,20.198578445504772,1,1
7690,0.5092085358625384,2399.013082562022,20.198578445504772,1,1
7691,0.5092085358625384,2400.001305978248,20.198578445504772,1,1
7692,0.5094423630092586,2400.995515396652,20.198578445504772,1,1
7693,0.5094423630092586,2401.935379470656,20.198578445504772,1,1
7694,0.5094423630092586,2402.758264635651,20.198578445504772,1,1
7695,0.5094423630092586,2403.468998984863,20.198578445504772,1,1
7696,0.5094423630092586,2404.179801728912,20.198578445504772,1,1
7697,0.5094423630092586,2404.890648859861,20.198578445504772,1,1
7698,0.5094423630092586,2405.601560144808,20.198578445504772,1,1
7699,0.5094423630092586,2406.312513879374,20.198578445504772,1,1
7700,0.5109920409620332,2407.062856262513,20.198578445504772,1,1
7701,0.5109920409620332,2407.813235350392,20.198578445504772,1,1
7702,0.5109920409620332,2408.563671697172,20.198578445504772,1,1
7703,0.5109920409620332,2409.31122595494,20.198578445504772,1,1
7704,0.5130435048396871,2410.059614597872,20.198578445504772,1,1
7705,0.5182977383718756,2410.941387981958,20.198578445504772,1,1
7706,0.5182977383718756,2411.8232114145,20.198578445504772,1,1
7707,0.5184413968803181,2412.70873063908,20.198578445504772,1,1
7708,0.5218820691002524,2413.681622974495,20.198578445504772,1,1
7709,0.5218820691002524,2414.65455903006,20.198578445504772,1,1
7710,0.5218820691002524,2415.627549808636,20.198578445504772,1,1
7711,0.5218820691002524,2416.600592529475,20.198578445504772,1,1
7712,0.5218820691002524,2417.455893781365,20.198578445504772,1,1
7713,0.5218820691002524,2418.311248815577,20.198578445504772,1,1
7714,0.5218820691002524,2419.163592064034,20.198578445504772,1,1
7715,0.5218820691002524,2420.016009694204,20.198578445504772,1,1
7716,0.5218820691002524,2420.868486492842,20.198578445504772,1,1
7717,0.5218820691002524,2421.721032098574,20.198578445504772,1,1
7718,0.5220175767713364,2422.577077262825,20.198578445504772,1,1
7719,0.5220175767713364,2423.372711046763,20.198578445504772,1,1
7720,0.5220175767713364,2424.168400727355,20.198578445504772,1,1
7721,0.5220175767713364,2424.964141167258,20.198578445504772,1,1
7722,0.5220175767713364,2425.759931833462,20.198578445504772,1,1
7723,0.5220175767713364,2426.55576897485,20.198578445504772,1,1
7724,0.5220175767713364,2427.351649693587,20.198578445504772,1,1
7725,0.5220175767713364,2428.140523314345,20.198578445504772,1,1
7726,0.5220175767713364,2428.929440433255,20.198578445504772,1,1
7727,0.5279508769409502,2429.868975255353,20.198578445504772,1,1
7728,0.5279508769409502,2430.808549967746,20.198578445504772,1,1
7729,0.5279508769409502,2431.748173934805,20.198578445504772,1,1
7730,0.5289732976021004,2432.709422662868,20.198578445504772,1,1
7731,0.5289732976021004,2433.568602929624,20.198578445504772,1,1
7732,0.5289732976021004,2434.333325600386,20.198578445504772,1,1
7733,0.5289732976021004,2435.09809957848,20.198578445504772,1,1
7734,0.5289732976021004,2435.849736954304,20.198578445504772,1,1
7735,0.5289732976021004,2436.601427642544,20.198578445504772,1,1
7736,0.5289732976021004,2437.353175308981,20.198578445504772,1,1
7737,0.5291215409565568,2438.108748577014,20.198578445504772,1,1
7738,0.5291215409565568,2438.864373833024,20.198578445504772,1,1
7739,0.5291215409565568,2439.620056395848,20.198578445504772,1,1
7740,0.5291215409565568,2440.375786526717,20.198578445504772,1,1
7741,0.5291215409565568,2441.126310522156,20.198578445504772,1,1
7742,0.5291215409565568,2441.876875740598,20.198578445504772,1,1
7743,0.5291215409565568,2442.627484688342,20.198578445504772,1,1
7744,0.5291215409565568,2443.37813063834,20.198578445504772,1,1
7745,0.5292774257210371,2444.132773830787,20.198578445504772,1,1
7746,0.5331439791929502,2444.985579652941,20.198578445504772,1,1
7747,0.5376824673196001,2445.953606549283,20.198578445504772,1,1
7748,0.5376824673196001,2446.92167931623,20.198578445504772,1,1
7749,0.5376824673196001,2447.858552726792,20.198578445504772,1,1
7750,0.5376824673196001,2448.680965293686,20.198578445504772,1,1
7751,0.5376824673196001,2449.4049627662,20.198578445504772,1,1
7752,0.5376824673196001,2450.129000491611,20.198578445504772,1,1
7753,0.5411007247367983,2450.939846546037,20.198578445504772,1,1
7754,0.5411007247367983,2451.750733366378,20.198578445504772,1,1
7755,0.5411007247367983,2452.561679232444,20.198578445504772,1,1
7756,0.5413213067728111,2453.372327230646,20.198578445504772,1,1
7757,0.5413213067728111,2454.183035872776,20.198578445504772,1,1
7758,0.5413213067728111,2454.993799293432,20.198578445504772,1,1
7759,0.5413213067728111,2455.804618744596,20.198578445504772,1,1
7760,0.5413213067728111,2456.615491192726,20.198578445504772,1,1
7761,0.5413213067728111,2457.426412600022,20.198578445504772,1,1
7762,0.5413213067728111,2458.237380146692,20.198578445504772,1,1
7763,0.5413213067728111,2459.048396214612,20.198578445504772,1,1
7764,0.5421547298927121,2459.84112173346,20.198578445504772,1,1
7765,0.5480233327907933,2460.782835102449,20.198578445504772,1,1
7766,0.5480233327907933,2461.724585295758,20.198578445504772,1,1
7767,0.5482714239028912,2462.672691711116,20.198578445504772,1,1
7768,0.5482714239028912,2463.568571565596,20.198578445504772,1,1
7769,0.5482714239028912,2464.330631689495,20.198578445504772,1,1
7770,0.5482714239028912,2465.092727599498,20.198578445504772,1,1
7771,0.5482714239028912,2465.851210780954,20.198578445504772,1,1
7772,0.5482714239028912,2466.522070394944,20.198578445504772,1,1
7773,0.5482714239028912,2467.192980749725,20.198578445504772,1,1
7774,0.5482714239028912,2467.863923599358,20.198578445504772,1,1
7775,0.5511522354817671,2468.608048851549,20.198578445504772,1,1
7776,0.5511522354817671,2469.352212510206,20.198578445504772,1,1
7777,0.5511522354817671,2470.096449711112,20.198578445504772,1,1
7778,0.5511522354817671,2470.840723694984,20.198578445504772,1,1
7779,0.5511522354817671,2471.585069873233,20.198578445504772,1,1
7780,0.5511522354817671,2472.32944636138,20.198578445504772,1,1
7781,0.5511522354817671,2473.073888896636,20.198578445504772,1,1
7782,0.5511522354817671,2473.81491415458,20.198578445504772,1,1
7783,0.5529474574099646,2474.60156471924,20.198578445504772,1,1
7784,0.5572235904591394,2475.496769261489,20.198578445504772,1,1
7785,0.5572235904591394,2476.392042092376,20.198578445504772,1,1
7786,0.5572235904591394,2477.28735310589,20.198578445504772,1,1
7787,0.5572235904591394,2478.182731648177,20.198578445504772,1,1
7788,0.5572235904591394,2479.078140378371,20.198578445504772,1,1
7789,0.5574176822737376,2479.978534694988,20.198578445504772,1,1
7790,0.5574176822737376,2480.878964882,20.198578445504772,1,1
7791,0.5574176822737376,2481.628290458664,20.198578445504772,1,1
7792,0.5574176822737376,2482.377650130762,20.198578445504772,1,1
7793,0.5574176822737376,2483.127067614394,20.198578445504772,1,1
7794,0.5574176822737376,2483.850486164498,20.198578445504772,1,1
7795,0.5574176822737376,2484.573966167696,20.198578445504772,1,1
7796,0.5574176822737376,2485.29749116435,20.198578445504772,1,1
7797,0.5574176822737376,2486.021075580058,20.198578445504772,1,1
7798,0.5603402668940753,2486.81887156893,20.198578445504772,1,1
7799,0.560535377563343,2487.62167373724,20.198578445504772,1,1
7800,0.560535377563343,2488.424516226168,20.198578445504772,1,1
7801,0.560535377563343,2489.223643215387,20.198578445504772,1,1
7802,0.5639918420306591,2490.110528294796,20.198578445504772,1,1
7803,0.5639918420306591,2490.997468908036,20.198578445504772,1,1
7804,0.5639918420306591,2491.884454009038,20.198578445504772,1,1
7805,0.5657024990212629,2492.814912833225,20.198578445504772,1,1
7806,0.5682470885591027,2493.809990765224,20.198578445504772,1,1
7807,0.5682470885591027,2494.805126214766,20.198578445504772,1,1
7808,0.5682470885591027,2495.800306015331,20.198578445504772,1,1
7809,0.5682470885591027,2496.79158270245,20.198578445504772,1,1
7810,0.5682470885591027,2497.684388775562,20.198578445504772,1,1
7811,0.5682470885591027,2498.461621345202,20.198578445504772,1,1
7812,0.5682470885591027,2499.238899593421,20.198578445504772,1,1
7813,0.5682470885591027,2500.016247044112,20.198578445504772,1,1
7814,0.5682470885591027,2500.793635106946,20.198578445504772,1,1
7815,0.5684630857491015,2501.57657064625,20.198578445504772,1,1
7816,0.5684630857491015,2502.359547993451,20.198578445504772,1,1
7817,0.5684630857491015,2503.055490537262,20.198578445504772,1,1
7818,0.5684630857491015,2503.751472020292,20.198578445504772,1,1
7819,0.5684630857491015,2504.447503955998,20.198578445504772,1,1
7820,0.5701548939283141,2505.180887002704,20.198578445504772,1,1
7821,0.5701548939283141,2505.914315236832,20.198578445504772,1,1
7822,0.5701548939283141,2506.647776026032,20.198578445504772,1,1
7823,0.5701548939283141,2507.381284265302,20.198578445504772,1,1
7824,0.5707366599447732,2508.129589891316,20.198578445504772,1,1
7825,0.5748966435615901,2508.98351662759,20.198578445504772,1,1
7826,0.5790306463843269,2509.942390483788,20.198578445504772,1,1
7827,0.586085705545397,2511.08037794525,20.198578445504772,1,1
7828,0.586085705545397,2512.197186316524,20.198578445504772,1,1
7829,0.586085705545397,2513.164543812582,20.198578445504772,1,1
7830,0.586085705545397,2514.131961402276,20.198578445504772,1,1
7831,0.586085705545397,2515.093125041632,20.198578445504772,1,1
7832,0.586085705545397,2516.054357050184,20.198578445504772,1,1
7833,0.586085705545397,2517.015652891304,20.198578445504772,1,1
7834,0.586085705545397,2517.977022274492,20.198578445504772,1,1
7835,0.586085705545397,2518.938459831353,20.198578445504772,1,1
7836,0.5861824967390286,2519.902425550726,20.198578445504772,1,1
7837,0.5861824967390286,2520.86646070225,20.198578445504772,1,1
7838,0.5861824967390286,2521.830562761726,20.198578445504772,1,1
7839,0.5861824967390286,2522.72132508662,20.198578445504772,1,1
7840,0.5861824967390286,2523.612148717716,20.198578445504772,1,1
7841,0.5861824967390286,2524.503019993716,20.198578445504772,1,1
7842,0.5861824967390286,2525.393948629736,20.198578445504772,1,1
7843,0.587505988955106,2526.318509827204,20.198578445504772,1,1
7844,0.5924102459082161,2527.367591321647,20.198578445504772,1,1
7845,0.5924102459082161,2528.416717065764,20.198578445504772,1,1
7846,0.5924102459082161,2529.465916912385,20.198578445504772,1,1
7847,0.5924102459082161,2530.469422210712,20.198578445504772,1,1
7848,0.5924102459082161,2531.364044578719,20.198578445504772,1,1
7849,0.5924102459082161,2532.25870980348,20.198578445504772,1,1
7850,0.5924866600084515,2533.155377268794,20.198578445504772,1,1
7851,0.5957291649951086,2534.134383966287,20.198578445504772,1,1
7852,0.5957291649951086,2535.113453465094,20.198578445504772,1,1
7853,0.595842767290792,2536.090524106187,20.198578445504772,1,1
7854,0.595842767290792,2537.06767219045,20.198578445504772,1,1
7855,0.595842767290792,2538.044885157524,20.198578445504772,1,1
7856,0.595842767290792,2539.022183372933,20.198578445504772,1,1
7857,0.595842767290792,2539.999541174304,20.198578445504772,1,1
7858,0.595842767290792,2540.976980918597,20.198578445504772,1,1
7859,0.595842767290792,2541.954472094157,20.198578445504772,1,1
7860,0.595842767290792,2542.93203694223,20.198578445504772,1,1
7861,0.595842767290792,2543.909652709026,20.198578445504772,1,1
7862,0.5987699367571437,2544.887161918192,20.198578445504772,1,1
7863,0.6026059245889623,2545.957100726892,20.198578445504772,1,1
7864,0.6026059245889623,2547.027105571781,20.198578445504772,1,1
7865,0.6041214709102984,2548.13563051532,20.198578445504772,1,1
7866,0.6041214709102984,2549.15614999124,20.198578445504772,1,1
7867,0.6041214709102984,2550.176723666017,20.198578445504772,1,1
7868,0.6041214709102984,2551.1973491264,20.198578445504772,1,1
7869,0.6041214709102984,2552.174447615412,20.198578445504772,1,1
7870,0.6041214709102984,2553.086773152005,20.198578445504772,1,1
7871,0.6041851493271615,2554.000771960089,20.198578445504772,1,1
7872,0.6041851493271615,2554.914828681568,20.198578445504772,1,1
7873,0.6041851493271615,2555.82895691632,20.198578445504772,1,1
7874,0.6041851493271615,2556.743143470918,20.198578445504772,1,1
7875,0.6041851493271615,2557.65740660529,20.198578445504772,1,1
7876,0.6041851493271615,2558.571720435127,20.198578445504772,1,1
7877,0.6041851493271615,2559.486108127413,20.198578445504772,1,1
7878,0.6041851493271615,2560.400538957414,20.198578445504772,1,1
7879,0.6041851493271615,2561.309533097744,20.198578445504772,1,1
7880,0.6043257512715945,2562.222139946731,20.198578445504772,1,1
7881,0.6083374915339546,2563.236623121459,20.198578445504772,1,1
7882,0.6083374915339546,2564.251144540768,20.198578445504772,1,1
7883,0.6083374915339546,2565.265733313767,20.198578445504772,1,1
7884,0.6083374915339546,2566.23725233464,20.198578445504772,1,1
7885,0.6083374915339546,2567.208833354868,20.198578445504772,1,1
7886,0.6083374915339546,2568.180440862814,20.198578445504772,1,1
7887,0.6083374915339546,2569.152106582794,20.198578445504772,1,1
7888,0.6083374915339546,2570.108985540438,20.198578445504772,1,1
7889,0.6083374915339546,2570.959930885014,20.198578445504772,1,1
7890,0.608404735942162,2571.707288689315,20.198578445504772,1,1
7891,0.608404735942162,2572.274951011494,20.198578445504772,1,1
7892,0.608404735942162,2572.842657715965,20.198578445504772,1,1
7893,0.608404735942162,2573.410406437106,20.198578445504772,1,1
7894,0.608404735942162,2573.978198113368,20.198578445504772,1,1
7895,0.6098591509833096,2574.58294299452,20.198578445504772,1,1
7896,0.6098591509833096,2575.187726529172,20.198578445504772,1,1
7897,0.6098591509833096,2575.7925504375,20.198578445504772,1,1
7898,0.6098591509833096,2576.397409707292,20.198578445504772,1,1
7899,0.6105010294252873,2577.018601452764,20.198578445504772,1,1
7900,0.6151103279514887,2577.754337882945,20.198578445504772,1,1
7901,0.6151103279514887,2578.490114697954,20.198578445504772,1,1
7902,0.6152025342991059,2579.228272394769,20.198578445504772,1,1
7903,0.619933585958349,2580.086540696998,20.198578445504772,1,1
7904,0.619933585958349,2580.944846736778,20.198578445504772,1,1
7905,0.619933585958349,2581.803200203504,20.198578445504772,1,1
7906,0.619933585958349,2582.661594562137,20.198578445504772,1,1
7907,0.619933585958349,2583.486327383939,20.198578445504772,1,1
7908,0.619933585958349,2584.186138209537,20.198578445504772,1,1
7909,0.619933585958349,2584.88600638944,20.198578445504772,1,1
7910,0.6204231456271905,2585.598341268526,20.198578445504772,1,1
7911,0.6204231456271905,2586.310736359301,20.198578445504772,1,1
7912,0.6204231456271905,2587.023168847942,20.198578445504772,1,1
7913,0.6205555967342655,2587.73902690509,20.198578445504772,1,1
7914,0.6205555967342655,2588.452972207276,20.198578445504772,1,1
7915,0.6205555967342655,2589.084359509718,20.198578445504772,1,1
7916,0.6205555967342655,2589.715778789366,20.198578445504772,1,1
7917,0.6205555967342655,2590.34434995171,20.198578445504772,1,1
7918,0.6205555967342655,2590.972950026516,20.198578445504772,1,1
7919,0.6205555967342655,2591.601590966834,20.198578445504772,1,1
7920,0.6205555967342655,2592.23025649878,20.198578445504772,1,1
7921,0.6205555967342655,2592.858964008265,20.198578445504772,1,1
7922,0.6268541563030046,2593.647544536363,20.198578445504772,1,1
7923,0.6268541563030046,2594.436165038494,20.198578445504772,1,1
7924,0.6268541563030046,2595.224821539003,20.198578445504772,1,1
7925,0.6268541563030046,2596.013527391918,20.198578445504772,1,1
7926,0.6268541563030046,2596.727690314782,20.198578445504772,1,1
7927,0.6268541563030046,2597.344160354678,20.198578445504772,1,1
7928,0.6268541563030046,2597.960663298254,20.198578445504772,1,1
7929,0.6268541563030046,2598.538612571428,20.198578445504772,1,1
7930,0.6268541563030046,2599.116592824721,20.198578445504772,1,1
7931,0.6269280232665655,2599.696501118819,20.198578445504772,1,1
7932,0.6269280232665655,2600.276453467433,20.198578445504772,1,1
7933,0.6269280232665655,2600.856456303466,20.198578445504772,1,1
7934,0.6269280232665655,2601.436498383646,20.198578445504772,1,1
7935,0.6269280232665655,2602.014963533738,20.198578445504772,1,1
7936,0.6269280232665655,2602.593463620449,20.198578445504772,1,1
7937,0.6269280232665655,2603.172004117982,20.198578445504772,1,1
7938,0.6269280232665655,2603.7505747966,20.198578445504772,1,1
7939,0.6269280232665655,2604.329183808362,20.198578445504772,1,1
7940,0.6270538518182867,2604.911015167293,20.198578445504772,1,1
7941,0.6315128692806913,2605.606047786139,20.198578445504772,1,1
7942,0.6315128692806913,2606.301106189013,20.198578445504772,1,1
7943,0.6315128692806913,2606.996211401315,20.198578445504772,1,1
7944,0.6315128692806913,2607.687767689146,20.198578445504772,1,1
7945,0.6315128692806913,2608.277148711988,20.198578445504772,1,1
7946,0.6315128692806913,2608.866560740014,20.198578445504772,1,1
7947,0.6315128692806913,2609.456005389751,20.198578445504772,1,1
7948,0.6335149187068598,2610.096307971516,20.198578445504772,1,1
7949,0.6340533833998521,2610.750304660006,20.198578445504772,1,1
7950,0.6355572128924853,2611.442515485335,20.198578445504772,1,1
7951,0.6394522942951526,2612.23363322208,20.198578445504772,1,1
7952,0.6394522942951526,2613.024801600482,20.198578445504772,1,1
7953,0.6394522942951526,2613.816028498526,20.198578445504772,1,1
7954,0.6394522942951526,2614.605590845051,20.198578445504772,1,1
7955,0.6402745100136862,2615.416075097183,20.198578445504772,1,1
7956,0.6402745100136862,2616.226601910082,20.198578445504772,1,1
7957,0.6402745100136862,2617.037180769714,20.198578445504772,1,1
7958,0.6402745100136862,2617.84780565399,20.198578445504772,1,1
7959,0.6405037523143924,2618.627239903497,20.198578445504772,1,1
7960,0.6405037523143924,2619.406718465601,20.198578445504772,1,1
7961,0.6405037523143924,2620.186241499822,20.198578445504772,1,1
7962,0.6405037523143924,2620.965806103248,20.198578445504772,1,1
7963,0.6405037523143924,2621.729059742332,20.198578445504772,1,1
7964,0.6405037523143924,2622.374907224902,20.198578445504772,1,1
7965,0.6405037523143924,2623.020795689726,20.198578445504772,1,1
7966,0.6405037523143924,2623.664366271126,20.198578445504772,1,1
7967,0.6405037523143924,2624.187435526642,20.198578445504772,1,1
7968,0.6405037523143924,2624.710535810196,20.198578445504772,1,1
7969,0.64350631702631,2625.309868664716,20.198578445504772,1,1
7970,0.6491849035284725,2626.053366206376,20.198578445504772,1,1
7971,0.6491849035284725,2626.796900681958,20.198578445504772,1,1
7972,0.6491849035284725,2627.540496198196,20.198578445504772,1,1
7973,0.6491849035284725,2628.28412942047,20.198578445504772,1,1
7974,0.6491849035284725,2629.015346548604,20.198578445504772,1,1
7975,0.6491849035284725,2629.746595990898,20.198578445504772,1,1
7976,0.6491849035284725,2630.477901773045,20.198578445504772,1,1
7977,0.6491849035284725,2631.20587571174,20.198578445504772,1,1
7978,0.6493102226528582,2631.937082260494,20.198578445504772,1,1
7979,0.6493102226528582,2632.668332386909,20.198578445504772,1,1
7980,0.6493102226528582,2633.39964477436,20.198578445504772,1,1
7981,0.6493102226528582,2634.130997861468,20.198578445504772,1,1
7982,0.6493102226528582,2634.862409193627,20.198578445504772,1,1
7983,0.6493102226528582,2635.593854729544,20.198578445504772,1,1
7984,0.6493102226528582,2636.3253539163,20.198578445504772,1,1
7985,0.6493102226528582,2637.056892428058,20.198578445504772,1,1
7986,0.6493102226528582,2637.627995901168,20.198578445504772,1,1
7987,0.6494569377253105,2638.202863561416,20.198578445504772,1,1
7988,0.6551589578848782,2638.922475233998,20.198578445504772,1,1
7989,0.6551589578848782,2639.642131711832,20.198578445504772,1,1
7990,0.6551589578848782,2640.361830211399,20.198578445504772,1,1
7991,0.6551589578848782,2641.081576229598,20.198578445504772,1,1
7992,0.6551589578848782,2641.801360140805,20.198578445504772,1,1
7993,0.6551589578848782,2642.521185759206,20.198578445504772,1,1
7994,0.6551589578848782,2643.241044814652,20.198578445504772,1,1
7995,0.6569903491538542,2644.005552158116,20.198578445504772,1,1
7996,0.6569903491538542,2644.770098798768,20.198578445504772,1,1
7997,0.6571543847556929,2645.538858806173,20.198578445504772,1,1
7998,0.6571543847556929,2646.307669651034,20.198578445504772,1,1
7999,0.6571543847556929,2647.076544325612,20.198578445504772,1,1
8000,0.6599699896357012,2647.916923884486,20.198578445504772,1,1
8001,0.6599699896357012,2648.757363398945,20.198578445504772,1,1
8002,0.6599699896357012,2649.597852532348,20.198578445504772,1,1
8003,0.6599699896357012,2650.438399229644,20.198578445504772,1,1
8004,0.6599699896357012,2651.275786547888,20.198578445504772,1,1
8005,0.6599699896357012,2651.999614571754,20.198578445504772,1,1
8006,0.6611951623761425,2652.754582646006,20.198578445504772,1,1
8007,0.6662680397771052,2653.638337427298,20.198578445504772,1,1
8008,0.6662680397771052,2654.522137682892,20.198578445504772,1,1
8009,0.6668518435029043,2655.420805710118,20.198578445504772,1,1
8010,0.6670673312655682,2656.324990938252,20.198578445504772,1,1
8011,0.6670673312655682,2657.229224305038,20.198578445504772,1,1
8012,0.6670673312655682,2658.082488799438,20.198578445504772,1,1
8013,0.6670673312655682,2658.922083283228,20.198578445504772,1,1
8014,0.6670673312655682,2659.72341599578,20.198578445504772,1,1
8015,0.6670673312655682,2660.425548028981,20.198578445504772,1,1
8016,0.6670673312655682,2661.127731311457,20.198578445504772,1,1
8017,0.6670673312655682,2661.829965702967,20.198578445504772,1,1
8018,0.6670673312655682,2662.532258317108,20.198578445504772,1,1
8019,0.6670673312655682,2663.213647522572,20.198578445504772,1,1
8020,0.6670673312655682,2663.895090196926,20.198578445504772,1,1
8021,0.6670673312655682,2664.576574910476,20.198578445504772,1,1
8022,0.6670673312655682,2665.258107719367,20.198578445504772,1,1
8023,0.6670673312655682,2665.93383604636,20.198578445504772,1,1
8024,0.6670673312655682,2666.609611159138,20.198578445504772,1,1
8025,0.672238018714832,2667.416647385582,20.198578445504772,1,1
8026,0.672238018714832,2668.223730813803,20.198578445504772,1,1
8027,0.672238018714832,2669.030855365742,20.198578445504772,1,1
8028,0.672238018714832,2669.838028335856,20.198578445504772,1,1
8029,0.672238018714832,2670.64524287844,20.198578445504772,1,1
8030,0.672238018714832,2671.452502067481,20.198578445504772,1,1
8031,0.672238018714832,2672.259795799175,20.198578445504772,1,1
8032,0.672238018714832,2673.06714422635,20.198578445504772,1,1
8033,0.672238018714832,2673.79802967635,20.198578445504772,1,1
8034,0.672238018714832,2674.384279742983,20.198578445504772,1,1
8035,0.6723791300866004,2674.974153700813,20.198578445504772,1,1
8036,0.6723791300866004,2675.56407981378,20.198578445504772,1,1
8037,0.6723791300866004,2676.15404574663,20.198578445504772,1,1
8038,0.6723791300866004,2676.74406045734,20.198578445504772,1,1
8039,0.6723791300866004,2677.334112587136,20.198578445504772,1,1
8040,0.6743679344020612,2677.974682874368,20.198578445504772,1,1
8041,0.6743679344020612,2678.61528633087,20.198578445504772,1,1
8042,0.6743679344020612,2679.252740832148,20.198578445504772,1,1
8043,0.6743679344020612,2679.890230661106,20.198578445504772,1,1
8044,0.6775019313663835,2680.607300262008,20.198578445504772,1,1
8045,0.681690442913955,2681.43070205246,20.198578445504772,1,1
8046,0.6848942314231592,2682.335460565338,20.198578445504772,1,1
8047,0.6866140581057913,2683.283909984828,20.198578445504772,1,1
8048,0.6866140581057913,2684.232419052546,20.198578445504772,1,1
8049,0.6866140581057913,2685.180970879032,20.198578445504772,1,1
8050,0.6866140581057913,2686.129580008177,20.198578445504772,1,1
8051,0.6866140581057913,2687.07450744705,20.198578445504772,1,1
8052,0.6866140581057913,2687.874206153644,20.198578445504772,1,1
8053,0.6866140581057913,2688.673963028194,20.198578445504772,1,1
8054,0.6866140581057913,2689.473773093586,20.198578445504772,1,1
8055,0.6866140581057913,2690.273650337994,20.198578445504772,1,1
8056,0.6866140581057913,2691.073578089764,20.198578445504772,1,1
8057,0.6867312263928191,2691.876543122616,20.198578445504772,1,1
8058,0.6867312263928191,2692.679554674525,20.198578445504772,1,1
8059,0.6867312263928191,2693.435961261536,20.198578445504772,1,1
8060,0.6867312263928191,2694.192410630814,20.198578445504772,1,1
8061,0.6867312263928191,2694.944728061178,20.198578445504772,1,1
8062,0.6867312263928191,2695.697083443806,20.198578445504772,1,1
8063,0.6867312263928191,2696.449484062794,20.198578445504772,1,1
8064,0.6867312263928191,2697.130178733977,20.198578445504772,1,1
8065,0.6867312263928191,2697.810917045571,20.198578445504772,1,1
8066,0.68809037852234,2698.526176049594,20.198578445504772,1,1
8067,0.6941821105931085,2699.396079723286,20.198578445504772,1,1
8068,0.6941821105931085,2700.266009879912,20.198578445504772,1,1
8069,0.6941821105931085,2701.136003080717,20.198578445504772,1,1
8070,0.6941821105931085,2701.97481539556,20.198578445504772,1,1
8071,0.6941821105931085,2702.684437375614,20.198578445504772,1,1
8072,0.6941821105931085,2703.3940947085,20.198578445504772,1,1
8073,0.6941821105931085,2704.088940413566,20.198578445504772,1,1
8074,0.6941821105931085,2704.778342776274,20.198578445504772,1,1
8075,0.6941821105931085,2705.467809934529,20.198578445504772,1,1
8076,0.6941821105931085,2706.157324251124,20.198578445504772,1,1
8077,0.6943125239908436,2706.850215994554,20.198578445504772,1,1
8078,0.6943125239908436,2707.543148967786,20.198578445504772,1,1
8079,0.6943125239908436,2708.236144121808,20.198578445504772,1,1
8080,0.6943125239908436,2708.929174701034,20.198578445504772,1,1
8081,0.6943125239908436,2709.622261483807,20.198578445504772,1,1
8082,0.6943125239908436,2710.31537771106,20.198578445504772,1,1
8083,0.6943125239908436,2711.008544536639,20.198578445504772,1,1
8084,0.6943125239908436,2711.701738505702,20.198578445504772,1,1
8085,0.700101146797345,2712.541892603162,20.198578445504772,1,1
8086,0.700101146797345,2713.382069757608,20.198578445504772,1,1
8087,0.700101146797345,2714.22230551761,20.198578445504772,1,1
8088,0.700101146797345,2715.062577137822,20.198578445504772,1,1
8089,0.700101146797345,2715.77115957348,20.198578445504772,1,1
8090,0.7019641225610851,2716.527059827298,20.198578445504772,1,1
8091,0.7019641225610851,2717.283000028476,20.198578445504772,1,1
8092,0.703422613020912,2718.076004934943,20.198578445504772,1,1
8093,0.703422613020912,2718.869061216372,20.198578445504772,1,1
8094,0.703422613020912,2719.662168983958,20.198578445504772,1,1
8095,0.7035143099411947,2720.457663391886,20.198578445504772,1,1
8096,0.7035143099411947,2721.253215759063,20.198578445504772,1,1
8097,0.7035143099411947,2722.048825663006,20.198578445504772,1,1
8098,0.7035143099411947,2722.844486991886,20.198578445504772,1,1
8099,0.7035143099411947,2723.636605501855,20.198578445504772,1,1
8100,0.7035143099411947,2724.428771910062,20.198578445504772,1,1
8101,0.7035143099411947,2725.22098371778,20.198578445504772,1,1
8102,0.7035143099411947,2726.013238645591,20.198578445504772,1,1
8103,0.7036900623717361,2726.809997647105,20.198578445504772,1,1
8104,0.7074190704632253,2727.650760641815,20.198578445504772,1,1
8105,0.7123752890044952,2728.617350877147,20.198578445504772,1,1
8106,0.7123752890044952,2729.583982923682,20.198578445504772,1,1
8107,0.7125484942983622,2730.55506588412,20.198578445504772,1,1
8108,0.7125484942983622,2731.446340451045,20.198578445504772,1,1
8109,0.7125484942983622,2732.230947744861,20.198578445504772,1,1
8110,0.7125484942983622,2732.933961370692,20.198578445504772,1,1
8111,0.7125484942983622,2733.593214891556,20.198578445504772,1,1
8112,0.7125484942983622,2734.25249887966,20.198578445504772,1,1
8113,0.7126152292792343,2734.913527473614,20.198578445504772,1,1
8114,0.7126152292792343,2735.574599939853,20.198578445504772,1,1
8115,0.7126152292792343,2736.235735787505,20.198578445504772,1,1
8116,0.7126152292792343,2736.896912655558,20.198578445504772,1,1
8117,0.7126152292792343,2737.55814770993,20.198578445504772,1,1
8118,0.7126152292792343,2738.219420213258,20.198578445504772,1,1
8119,0.7126152292792343,2738.880749162664,20.198578445504772,1,1
8120,0.7126152292792343,2739.542110863698,20.198578445504772,1,1
8121,0.7126152292792343,2740.200541301924,20.198578445504772,1,1
8122,0.7131496185535475,2740.872563706482,20.198578445504772,1,1
8123,0.7176656918774618,2741.659251223872,20.198578445504772,1,1
8124,0.7222826318136866,2742.563139868492,20.198578445504772,1,1
8125,0.7222826318136866,2743.467088729602,20.198578445504772,1,1
8126,0.7222826318136866,2744.371077435507,20.198578445504772,1,1
8127,0.7222826318136866,2745.275125940482,20.198578445504772,1,1
8128,0.7222826318136866,2746.179206086051,20.198578445504772,1,1
8129,0.7222826318136866,2747.08334647057,20.198578445504772,1,1
8130,0.7222826318136866,2747.952896754692,20.198578445504772,1,1
8131,0.7222826318136866,2748.667301189194,20.198578445504772,1,1
8132,0.7222826318136866,2749.381741933558,20.198578445504772,1,1
8133,0.7222826318136866,2750.096251657694,20.198578445504772,1,1
8134,0.7225205343790861,2750.816849095331,20.198578445504772,1,1
8135,0.7229647550151213,2751.54878552929,20.198578445504772,1,1
8136,0.7271257574866081,2752.386371274478,20.198578445504772,1,1
8137,0.728867489544641,2753.268222501608,20.198578445504772,1,1
8138,0.728867489544641,2754.150128088242,20.198578445504772,1,1
8139,0.728867489544641,2755.032097454178,20.198578445504772,1,1
8140,0.728867489544641,2755.914118250238,20.198578445504772,1,1
8141,0.7327223261878513,2756.890707430982,20.198578445504772,1,1
8142,0.7327223261878513,2757.8673447695,20.198578445504772,1,1
8143,0.7327223261878513,2758.844047868969,20.198578445504772,1,1
8144,0.7327223261878513,2759.820800000702,20.198578445504772,1,1
8145,0.7328338907741947,2760.800445397206,20.198578445504772,1,1
8146,0.7328338907741947,2761.780136484818,20.198578445504772,1,1
8147,0.7328338907741947,2762.759883381284,20.198578445504772,1,1
8148,0.7328338907741947,2763.739682294555,20.198578445504772,1,1
8149,0.7328338907741947,2764.57205123143,20.198578445504772,1,1
8150,0.7328338907741947,2765.40447663278,20.198578445504772,1,1
8151,0.7328338907741947,2766.236947602312,20.198578445504772,1,1
8152,0.7328338907741947,2767.069483847672,20.198578445504772,1,1
8153,0.7328338907741947,2767.902079164958,20.198578445504772,1,1
8154,0.7328338907741947,2768.687269433904,20.198578445504772,1,1
8155,0.7335883526571858,2769.49166397421,20.198578445504772,1,1
8156,0.7391833930764244,2770.400946386538,20.198578445504772,1,1
8157,0.7391833930764244,2771.310285554595,20.198578445504772,1,1
8158,0.7391833930764244,2772.21968186564,20.198578445504772,1,1
8159,0.7391833930764244,2773.12679892526,20.198578445504772,1,1
8160,0.7391833930764244,2774.033965536384,20.198578445504772,1,1
8161,0.7391833930764244,2774.941181700293,20.198578445504772,1,1
8162,0.7391833930764244,2775.848448024102,20.198578445504772,1,1
8163,0.7391833930764244,2776.755766454512,20.198578445504772,1,1
8164,0.7391833930764244,2777.663130117314,20.198578445504772,1,1
8165,0.7393494663876026,2778.574764223195,20.198578445504772,1,1
8166,0.7393494663876026,2779.486448870603,20.198578445504772,1,1
8167,0.7393494663876026,2780.393718341012,20.198578445504772,1,1
8168,0.7393494663876026,2781.206028032752,20.198578445504772,1,1
8169,0.7393494663876026,2781.892115289848,20.198578445504772,1,1
8170,0.7393494663876026,2782.578252919178,20.198578445504772,1,1
8171,0.7393494663876026,2783.260026671,20.198578445504772,1,1
8172,0.7393494663876026,2783.941852346182,20.198578445504772,1,1
8173,0.7393494663876026,2784.623721697619,20.198578445504772,1,1
8174,0.7408206925308023,2785.342978874334,20.198578445504772,1,1
8175,0.7448161311184456,2786.163675751712,20.198578445504772,1,1
8176,0.7448161311184456,2786.984421472632,20.198578445504772,1,1
8177,0.7448161311184456,2787.803513107746,20.198578445504772,1,1
8178,0.7448161311184456,2788.622651251923,20.198578445504772,1,1
8179,0.7448161311184456,2789.441828690076,20.198578445504772,1,1
8180,0.7471768173883855,2790.32096230576,20.198578445504772,1,1
8181,0.7471768173883855,2791.200133512136,20.198578445504772,1,1
8182,0.7471768173883855,2792.079361442877,20.198578445504772,1,1
8183,0.7471768173883855,2792.958625003712,20.198578445504772,1,1
8184,0.7471768173883855,2793.837949147841,20.198578445504772,1,1
8185,0.7471768173883855,2794.71732560934,20.198578445504772,1,1
8186,0.7471768173883855,2795.583145517289,20.198578445504772,1,1
8187,0.7471768173883855,2796.333951680811,20.198578445504772,1,1
8188,0.7471768173883855,2796.967176859055,20.198578445504772,1,1
8189,0.7471768173883855,2797.600447701066,20.198578445504772,1,1
8190,0.7474284744918274,2798.240147201265,20.198578445504772,1,1
8191,0.7474284744918274,2798.879887511526,20.198578445504772,1,1
8192,0.7474284744918274,2799.51966548899,20.198578445504772,1,1
8193,0.7502124948770716,2800.23013749467,20.198578445504772,1,1
8194,0.7567239950718001,2801.105899517196,20.198578445504772,1,1
8195,0.7567239950718001,2801.981704120328,20.198578445504772,1,1
8196,0.7567239950718001,2802.857558699176,20.198578445504772,1,1
8197,0.7567239950718001,2803.733456617092,20.198578445504772,1,1
8198,0.7567239950718001,2804.603336474064,20.198578445504772,1,1
8199,0.7567239950718001,2805.461938177658,20.198578445504772,1,1
8200,0.7587978737521897,2806.267203960952,20.198578445504772,1,1
8201,0.7587978737521897,2807.02814441961,20.198578445504772,1,1
8202,0.7587978737521897,2807.789125324694,20.198578445504772,1,1
8203,0.7589318531412692,2808.55355853443,20.198578445504772,1,1
8204,0.7589318531412692,2809.318054903488,20.198578445504772,1,1
8205,0.7589318531412692,2809.98438032821,20.198578445504772,1,1
8206,0.7589318531412692,2810.650769843933,20.198578445504772,1,1
8207,0.7589318531412692,2811.317194352852,20.198578445504772,1,1
8208,0.7589318531412692,2811.983677593565,20.198578445504772,1,1
8209,0.7589318531412692,2812.647352544396,20.198578445504772,1,1
8210,0.7589318531412692,2813.311084432304,20.198578445504772,1,1
8211,0.7590790776410561,2813.978582563956,20.198578445504772,1,1
8212,0.7624285623680427,2814.731142370542,20.198578445504772,1,1
8213,0.7624285623680427,2815.483728087592,20.198578445504772,1,1
8214,0.7624285623680427,2816.236372147858,20.198578445504772,1,1
8215,0.762961932787686,2817.00257941216,20.198578445504772,1,1
8216,0.762961932787686,2817.768841069059,20.198578445504772,1,1
8217,0.762961932787686,2818.535123897433,20.198578445504772,1,1
8218,0.762961932787686,2819.30145837635,20.198578445504772,1,1
8219,0.762961932787686,2820.04860240857,20.198578445504772,1,1
8220,0.762961932787686,2820.653244490096,20.198578445504772,1,1
8221,0.7631483831922603,2821.262649394278,20.198578445504772,1,1
8222,0.7631483831922603,2821.872104344508,20.198578445504772,1,1
8223,0.7631483831922603,2822.48160600407,20.198578445504772,1,1
8224,0.7631483831922603,2823.0911579013,20.198578445504772,1,1
8225,0.7659028567920805,2823.770658473312,20.198578445504772,1,1
8226,0.7659028567920805,2824.450207908246,20.198578445504772,1,1
8227,0.7659028567920805,2825.129801449836,20.198578445504772,1,1
8228,0.7659028567920805,2825.809445064954,20.198578445504772,1,1
8229,0.7659028567920805,2826.484900164867,20.198578445504772,1,1
8230,0.7665080564659448,2827.175761602652,20.198578445504772,1,1
8231,0.7705819468631634,2827.970052186916,20.198578445504772,1,1
8232,0.7771469369280566,2828.931004433889,20.198578445504772,1,1
8233,0.7771469369280566,2829.892002613016,20.198578445504772,1,1
8234,0.7771469369280566,2830.853063620347,20.198578445504772,1,1
8235,0.7773715943827488,2831.819876177729,20.198578445504772,1,1
8236,0.7773715943827488,2832.78674308533,20.198578445504772,1,1
8237,0.7773715943827488,2833.753657228129,20.198578445504772,1,1
8238,0.7773715943827488,2834.683152888481,20.198578445504772,1,1
8239,0.7773715943827488,2835.510896523893,20.198578445504772,1,1
8240,0.7773715943827488,2836.338701879952,20.198578445504772,1,1
8241,0.7773715943827488,2837.166556543056,20.198578445504772,1,1
8242,0.7773715943827488,2837.994485904879,20.198578445504772,1,1
8243,0.7773715943827488,2838.822460991878,20.198578445504772,1,1
8244,0.7773715943827488,2839.590358883534,20.198578445504772,1,1
8245,0.7780751135322497,2840.376152876056,20.198578445504772,1,1
8246,0.7824256229723203,2841.272419815416,20.198578445504772,1,1
8247,0.7859646146678907,2842.258541831264,20.198578445504772,1,1
8248,0.7859646146678907,2843.244733769592,20.198578445504772,1,1
8249,0.7873889734962791,2844.267121145155,20.198578445504772,1,1
8250,0.7917695391491089,2845.400753281374,20.198578445504772,1,1
8251,0.7991801785899408,2846.722508551813,20.198578445504772,1,1
8252,0.7992606681088557,2848.046384723774,20.198578445504772,1,1
8253,0.8042117923767766,2849.495987166854,20.198578445504772,1,1
8254,0.8042117923767766,2850.939266771812,20.198578445504772,1,1
8255,0.8042117923767766,2852.382619984099,20.198578445504772,1,1
8256,0.8042117923767766,2853.826069003846,20.198578445504772,1,1
8257,0.8042117923767766,2855.198665932268,20.198578445504772,1,1
8258,0.8042117923767766,2856.405459464652,20.198578445504772,1,1
8259,0.8042117923767766,2857.61232771642,20.198578445504772,1,1
8260,0.8042117923767766,2858.81930112291,20.198578445504772,1,1
8261,0.8042117923767766,2860.026364006018,20.198578445504772,1,1
8262,0.8044802605822707,2861.240337853416,20.198578445504772,1,1
8263,0.8044802605822707,2862.454400304708,20.198578445504772,1,1
8264,0.8044802605822707,2863.615712391824,20.198578445504772,1,1
8265,0.8044802605822707,2864.7771069017,20.198578445504772,1,1
8266,0.8044802605822707,2865.938577418945,20.198578445504772,1,1
8267,0.8044802605822707,2867.096709152829,20.198578445504772,1,1
8268,0.8044802605822707,2868.25491071507,20.198578445504772,1,1
8269,0.8044802605822707,2869.413184198854,20.198578445504772,1,1
8270,0.8058862800266025,2870.6072017182,20.198578445504772,1,1
8271,0.8060803718412006,2871.806213057588,20.198578445504772,1,1
8272,0.8118389384349425,2873.151437013748,20.198578445504772,1,1
8273,0.8118389384349425,2874.496731597285,20.198578445504772,1,1
8274,0.8118389384349425,2875.84209927802,20.198578445504772,1,1
8275,0.8118389384349425,2877.183800378248,20.198578445504772,1,1
8276,0.8118389384349425,2878.440243247931,20.198578445504772,1,1
8277,0.8118389384349425,2879.696775682346,20.198578445504772,1,1
8278,0.8118389384349425,2880.95337802292,20.198578445504772,1,1
8279,0.8118389384349425,2882.196499559158,20.198578445504772,1,1
8280,0.8120325208222057,2883.44462275043,20.198578445504772,1,1
8281,0.8120325208222057,2884.692846680774,20.198578445504772,1,1
8282,0.8120325208222057,2885.941167226331,20.198578445504772,1,1
8283,0.8120325208222057,2887.189580386,20.198578445504772,1,1
8284,0.8120325208222057,2888.43807999792,20.198578445504772,1,1
8285,0.8120325208222057,2889.681911956242,20.198578445504772,1,1
8286,0.8120325208222057,2890.925819791696,20.198578445504772,1,1
8287,0.8120325208222057,2892.16979950448,20.198578445504772,1,1
8288,0.8120325208222057,2893.413847890403,20.198578445504772,1,1
8289,0.8120325208222057,2894.587776474082,20.198578445504772,1,1
8290,0.8126682861361645,2895.777909481641,20.198578445504772,1,1
8291,0.817549109431869,2897.091966630746,20.198578445504772,1,1
8292,0.817549109431869,2898.406088436858,20.198578445504772,1,1
8293,0.817549109431869,2899.720270855557,20.198578445504772,1,1
8294,0.817549109431869,2901.019107089464,20.198578445504772,1,1
8295,0.817549109431869,2902.214212966026,20.198578445504772,1,1
8296,0.817549109431869,2903.242115206201,20.198578445504772,1,1
8297,0.819243974175091,2904.313096295202,20.198578445504772,1,1
8298,0.819243974175091,2905.384142259948,20.198578445504772,1,1
8299,0.819243974175091,2906.4495384926,20.198578445504772,1,1
8300,0.8193830478375195,2907.518524115388,20.198578445504772,1,1
8301,0.8247839964421599,2908.724672461031,20.198578445504772,1,1
8302,0.8275644508360598,2910.001441366852,20.198578445504772,1,1
8303,0.8275644508360598,2911.278306914534,20.198578445504772,1,1
8304,0.8275644508360598,2912.555231916049,20.198578445504772,1,1
8305,0.8275644508360598,2913.832246389142,20.198578445504772,1,1
8306,0.8275644508360598,2915.109311596251,20.198578445504772,1,1
8307,0.8275644508360598,2916.38645876051,20.198578445504772,1,1
8308,0.8275644508360598,2917.66365301638,20.198578445504772,1,1
8309,0.8275644508360598,2918.923004142454,20.198578445504772,1,1
8310,0.8276479969189836,2920.07367095093,20.198578445504772,1,1
8311,0.8276479969189836,2921.13425067989,20.198578445504772,1,1
8312,0.8276479969189836,2922.194863942894,20.198578445504772,1,1
8313,0.8276479969189836,2923.219257504167,20.198578445504772,1,1
8314,0.8276479969189836,2924.132071313266,20.198578445504772,1,1
8315,0.8283892136912674,2924.87494408936,20.198578445504772,1,1
8316,0.8283892136912674,2925.615800687946,20.198578445504772,1,1
8317,0.8283892136912674,2926.23055670352,20.198578445504772,1,1
8318,0.8283892136912674,2926.84534931784,20.198578445504772,1,1
8319,0.82855885299379,2927.46448482774,20.198578445504772,1,1
8320,0.8349098835780242,2928.244856362891,20.198578445504772,1,1
8321,0.8349098835780242,2929.025264518812,20.198578445504772,1,1
8322,0.8349098835780242,2929.805738891944,20.198578445504772,1,1
8323,0.8349098835780242,2930.586253901977,20.198578445504772,1,1
8324,0.8349098835780242,2931.366828606443,20.198578445504772,1,1
8325,0.8349098835780242,2932.147438091922,20.198578445504772,1,1
8326,0.8349098835780242,2932.92126400865,20.198578445504772,1,1
8327,0.8349098835780242,2933.69513447433,20.198578445504772,1,1
8328,0.8349098835780242,2934.469058918052,20.198578445504772,1,1
8329,0.8351386164513959,2935.248826809698,20.198578445504772,1,1
8330,0.8351386164513959,2936.028662158818,20.198578445504772,1,1
8331,0.8351386164513959,2936.808538222928,20.198578445504772,1,1
8332,0.8351386164513959,2937.588478457459,20.198578445504772,1,1
8333,0.8351386164513959,2938.36845408211,20.198578445504772,1,1
8334,0.8351386164513959,2939.112663623796,20.198578445504772,1,1
8335,0.8351386164513959,2939.851968448015,20.198578445504772,1,1
8336,0.8351386164513959,2940.444598866949,20.198578445504772,1,1
8337,0.8351386164513959,2941.037268820804,20.198578445504772,1,1
8338,0.8359267005384905,2941.649974573237,20.198578445504772,1,1
8339,0.8405166408259652,2942.37921193514,20.198578445504772,1,1
8340,0.8445268528063208,2943.210258608741,20.198578445504772,1,1
8341,0.8445268528063208,2944.041362012307,20.198578445504772,1,1
8342,0.8445268528063208,2944.872507615392,20.198578445504772,1,1
8343,0.8445268528063208,2945.703707339049,20.198578445504772,1,1
8344,0.8448340374892673,2946.537807221506,20.198578445504772,1,1
8345,0.8448340374892673,2947.371964237222,20.198578445504772,1,1
8346,0.8474789842120831,2948.273295295982,20.198578445504772,1,1
8347,0.8474789842120831,2949.174682575658,20.198578445504772,1,1
8348,0.8474789842120831,2950.076118294377,20.198578445504772,1,1
8349,0.8475390966376017,2950.979158485623,20.198578445504772,1,1
8350,0.8512675953017559,2951.976878365366,20.198578445504772,1,1
8351,0.8547877381859346,2953.064011412002,20.198578445504772,1,1
8352,0.8547877381859346,2954.15120048107,20.198578445504772,1,1
8353,0.8547877381859346,2955.238472558099,20.198578445504772,1,1
8354,0.8547892664679395,2956.309640048505,20.198578445504772,1,1
8355,0.8547892664679395,2957.256522438129,20.198578445504772,1,1
8356,0.8547892664679395,2958.203458175779,20.198578445504772,1,1
8357,0.8547892664679395,2959.15045622525,20.198578445504772,1,1
8358,0.8547892664679395,2960.09750630377,20.198578445504772,1,1
8359,0.8547892664679395,2961.044611856659,20.198578445504772,1,1
8360,0.8557953854543725,2962.017304421978,20.198578445504772,1,1
8361,0.8557953854543725,2962.946869291734,20.198578445504772,1,1
8362,0.8557953854543725,2963.876483597434,20.198578445504772,1,1
8363,0.8557953854543725,2964.806144341115,20.198578445504772,1,1
8364,0.8557953854543725,2965.73231718469,20.198578445504772,1,1
8365,0.8557953854543725,2966.5209258069,20.198578445504772,1,1
8366,0.8557953854543725,2967.238748934738,20.198578445504772,1,1
8367,0.8557953854543725,2967.956607244248,20.198578445504772,1,1
8368,0.8557953854543725,2968.67453252436,20.198578445504772,1,1
8369,0.8585732927115979,2969.462999621011,20.198578445504772,1,1
8370,0.8655926919592245,2970.429678696246,20.198578445504772,1,1
8371,0.8655926919592245,2971.396402908606,20.198578445504772,1,1
8372,0.8655926919592245,2972.363211768708,20.198578445504772,1,1
8373,0.8655926919592245,2973.330066174244,20.198578445504772,1,1
8374,0.8655926919592245,2974.294868157195,20.198578445504772,1,1
8375,0.8655926919592245,2975.25971302122,20.198578445504772,1,1
8376,0.8655926919592245,2976.224635367546,20.198578445504772,1,1
8377,0.8655926919592245,2977.189606342364,20.198578445504772,1,1
8378,0.8655926919592245,2978.154647841666,20.198578445504772,1,1
8379,0.8655926919592245,2979.100856075848,20.198578445504772,1,1
8380,0.865795953465851,2980.052306051094,20.198578445504772,1,1
8381,0.865795953465851,2981.003800092744,20.198578445504772,1,1
8382,0.865795953465851,2981.955370419726,20.198578445504772,1,1
8383,0.865795953465851,2982.902665323851,20.198578445504772,1,1
8384,0.865795953465851,2983.688213490989,20.198578445504772,1,1
8385,0.865795953465851,2984.473806147408,20.198578445504772,1,1
8386,0.865795953465851,2985.259452423095,20.198578445504772,1,1
8387,0.865795953465851,2986.045145092226,20.198578445504772,1,1
8388,0.869849466769673,2986.933769491784,20.198578445504772,1,1
8389,0.869849466769673,2987.822437268241,20.198578445504772,1,1
8390,0.8699747858940592,2988.714350651454,20.198578445504772,1,1
8391,0.8699747858940592,2989.606307180256,20.198578445504772,1,1
8392,0.8699747858940592,2990.498322097159,20.198578445504772,1,1
8393,0.8699747858940592,2991.384544437991,20.198578445504772,1,1
8394,0.8699747858940592,2992.270825702512,20.198578445504772,1,1
8395,0.8717307819174693,2993.201712719421,20.198578445504772,1,1
8396,0.8717307819174693,2994.13266192188,20.198578445504772,1,1
8397,0.8717307819174693,2995.063648051288,20.198578445504772,1,1
8398,0.8721770402628444,2996.006033633432,20.198578445504772,1,1
8399,0.8772402385444442,2997.07697117341,20.198578445504772,1,1
8400,0.8772402385444442,2998.147981537158,20.198578445504772,1,1
8401,0.8772402385444442,2999.21904973571,20.198578445504772,1,1
8402,0.8772402385444442,3000.27011362785,20.198578445504772,1,1
8403,0.8772402385444442,3001.204282374529,20.198578445504772,1,1
8404,0.8772402385444442,3002.036344059022,20.198578445504772,1,1
8405,0.8782876211450046,3002.895028653978,20.198578445504772,1,1
8406,0.8782876211450046,3003.753776476698,20.198578445504772,1,1
8407,0.8782876211450046,3004.61256123946,20.198578445504772,1,1
8408,0.8785897115546017,3005.47124499881,20.198578445504772,1,1
8409,0.8785897115546017,3006.329970103189,20.198578445504772,1,1
8410,0.8785897115546017,3007.121357555856,20.198578445504772,1,1
8411,0.8785897115546017,3007.912782922852,20.198578445504772,1,1
8412,0.8785897115546017,3008.704249875278,20.198578445504772,1,1
8413,0.8785897115546017,3009.49422347909,20.198578445504772,1,1
8414,0.8785897115546017,3010.189249529733,20.198578445504772,1,1
8415,0.8785897115546017,3010.794621588256,20.198578445504772,1,1
8416,0.8785897115546017,3011.400035161532,20.198578445504772,1,1
8417,0.8799381657100898,3012.03970954182,20.198578445504772,1,1
8418,0.8861720280072962,3012.837604752298,20.198578445504772,1,1
8419,0.8861720280072962,3013.635538813095,20.198578445504772,1,1
8420,0.8861720280072962,3014.433536647794,20.198578445504772,1,1
8421,0.8861720280072962,3015.231576077752,20.198578445504772,1,1
8422,0.8861720280072962,3016.029672345419,20.198578445504772,1,1
8423,0.8861720280072962,3016.827804522579,20.198578445504772,1,1
8424,0.8861720280072962,3017.600357520841,20.198578445504772,1,1
8425,0.8861720280072962,3018.372956213778,20.198578445504772,1,1
8426,0.8861720280072962,3019.145602426736,20.198578445504772,1,1
8427,0.8861720280072962,3019.918290260008,20.198578445504772,1,1
8428,0.8862678003462579,3020.693468827785,20.198578445504772,1,1
8429,0.8862678003462579,3021.468686158244,20.198578445504772,1,1
8430,0.8862678003462579,3022.243959735047,20.198578445504772,1,1
8431,0.8862678003462579,3023.019266792626,20.198578445504772,1,1
8432,0.8862678003462579,3023.79463025124,20.198578445504772,1,1
8433,0.8862678003462579,3024.499247764738,20.198578445504772,1,1
8434,0.8862678003462579,3025.02507170995,20.198578445504772,1,1
8435,0.8862678003462579,3025.550924044047,20.198578445504772,1,1
8436,0.8888995019583663,3026.143610352714,20.198578445504772,1,1
8437,0.8923987583218143,3026.825130271214,20.198578445504772,1,1
8438,0.8923987583218143,3027.506698056242,20.198578445504772,1,1
8439,0.8923987583218143,3028.188302179624,20.198578445504772,1,1
8440,0.8923987583218143,3028.869952353899,20.198578445504772,1,1
8441,0.8923987583218143,3029.551632682477,20.198578445504772,1,1
8442,0.8923987583218143,3030.233353466386,20.198578445504772,1,1
8443,0.8945378437010714,3030.969400374192,20.198578445504772,1,1
8444,0.8945378437010714,3031.700316941472,20.198578445504772,1,1
8445,0.894771670847792,3032.437205461276,20.198578445504772,1,1
8446,0.894771670847792,3033.174145159495,20.198578445504772,1,1
8447,0.894771670847792,3033.91114286133,20.198578445504772,1,1
8448,0.894771670847792,3034.648189535615,20.198578445504772,1,1
8449,0.894771670847792,3035.385289171434,20.198578445504772,1,1
8450,0.8952770227640152,3036.135259365348,20.198578445504772,1,1
8451,0.89926634822364,3036.986525942106,20.198578445504772,1,1
8452,0.9062908417446156,3037.912829954886,20.198578445504772,1,1
8453,0.9062908417446156,3038.839199302988,20.198578445504772,1,1
8454,0.9062908417446156,3039.762425144017,20.198578445504772,1,1
8455,0.9097080803071442,3040.772445799894,20.198578445504772,1,1
8456,0.9145527342620707,3041.90546233487,20.198578445504772,1,1
8457,0.9145527342620707,3043.038550680606,20.198578445504772,1,1
8458,0.9151660847732934,3044.187263560824,20.198578445504772,1,1
8459,0.9151660847732934,3045.291313136136,20.198578445504772,1,1
8460,0.9151660847732934,3046.39541470481,20.198578445504772,1,1
8461,0.9153341957938115,3047.503855744628,20.198578445504772,1,1
8462,0.9153341957938115,3048.600997556448,20.198578445504772,1,1
8463,0.9153341957938115,3049.569208312045,20.198578445504772,1,1
8464,0.9153341957938115,3050.537485681902,20.198578445504772,1,1
8465,0.9153341957938115,3051.505831170202,20.198578445504772,1,1
8466,0.9153341957938115,3052.474259013451,20.198578445504772,1,1
8467,0.9153341957938115,3053.442747999037,20.198578445504772,1,1
8468,0.9153341957938115,3054.411313549495,20.198578445504772,1,1
8469,0.9153341957938115,3055.353250541876,20.198578445504772,1,1
8470,0.9153341957938115,3056.295260386314,20.198578445504772,1,1
8471,0.9153341957938115,3057.237318663903,20.198578445504772,1,1
8472,0.9153341957938115,3058.171750761105,20.198578445504772,1,1
8473,0.9157340962517102,3059.116377965658,20.198578445504772,1,1
8474,0.9229037765631336,3060.243030925272,20.198578445504772,1,1
8475,0.9229037765631336,3061.369724929919,20.198578445504772,1,1
8476,0.9229037765631336,3062.496496724289,20.198578445504772,1,1
8477,0.9229037765631336,3063.623316740296,20.198578445504772,1,1
8478,0.9229037765631336,3064.750217281607,20.198578445504772,1,1
8479,0.9229037765631336,3065.877157156008,20.198578445504772,1,1
8480,0.9229037765631336,3067.004180634904,20.198578445504772,1,1
8481,0.9229037765631336,3068.096915339122,20.198578445504772,1,1
8482,0.9229037765631336,3069.030901218868,20.198578445504772,1,1
8483,0.9230983778050663,3069.969888573275,20.198578445504772,1,1
8484,0.9230983778050663,3070.90895974371,20.198578445504772,1,1
8485,0.9230983778050663,3071.848102618407,20.198578445504772,1,1
8486,0.9230983778050663,3072.78732343663,20.198578445504772,1,1
8487,0.9230983778050663,3073.72661209469,20.198578445504772,1,1
8488,0.9249852966535466,3074.713859332252,20.198578445504772,1,1
8489,0.9249852966535466,3075.701167316588,20.198578445504772,1,1
8490,0.9249852966535466,3076.688542643419,20.198578445504772,1,1
8491,0.9249852966535466,3077.675976139113,20.198578445504772,1,1
8492,0.9263429205010629,3078.695487037573,20.198578445504772,1,1
8493,0.9297000466380729,3079.800249862302,20.198578445504772,1,1
8494,0.9297000466380729,3080.905071174359,20.198578445504772,1,1
8495,0.9308966914477597,3082.040324272135,20.198578445504772,1,1
8496,0.9351269760367931,3083.283000817226,20.198578445504772,1,1
8497,0.9351269760367931,3084.525734950902,20.198578445504772,1,1
8498,0.9351269760367931,3085.768536324674,20.198578445504772,1,1
8499,0.9351269760367931,3087.01140364964,20.198578445504772,1,1
8500,0.9351269760367931,3088.187307464144,20.198578445504772,1,1
8501,0.9351269760367931,3089.274110836005,20.198578445504772,1,0
8502,0.9351269760367931,3090.360996733306,20.198578445504772,1,0
8503,0.9351269760367931,3091.447953596754,20.198578445504772,1,0
8504,0.9351269760367931,3092.534994054282,20.198578445504772,1,0
8505,0.9352456726058254,3093.62511040072,20.198578445504772,1,0
8506,0.9352456726058254,3094.715310457532,20.198578445504772,1,0
8507,0.9352456726058254,3095.751062677488,20.198578445504772,1,0
8508,0.9352456726058254,3096.786891636938,20.198578445504772,1,0
8509,0.9352456726058254,3097.81680463484,20.198578445504772,1,0
8510,0.9352456726058254,3098.846786851058,20.198578445504772,1,0
8511,0.9352456726058254,3099.876805312548,20.198578445504772,1,0
8512,0.9352456726058254,3100.906887168014,20.198578445504772,1,0
8513,0.9352456726058254,3101.936997804077,20.198578445504772,1,0
8514,0.9358666645270719,3102.970057099937,20.198578445504772,1,0
8515,0.939905404438182,3104.004000149805,20.198578445504772,1,0
8516,0.939905404438182,3104.859027707632,20.198578445504772,1,0
8517,0.939905404438182,3105.714090049554,20.198578445504772,1,0
8518,0.939905404438182,3106.569210082486,20.198578445504772,1,0
8519,0.939905404438182,3107.337297868714,20.198578445504772,1,0
8520,0.939905404438182,3107.982001076408,20.198578445504772,1,0
8521,0.939905404438182,3108.626737116277,20.198578445504772,1,0
8522,0.939905404438182,3109.255911469162,20.198578445504772,1,0
8523,0.939905404438182,3109.885115156586,20.198578445504772,1,0
8524,0.9401091753721431,3110.51955329492,20.198578445504772,1,0
8525,0.9401091753721431,3111.14974653785,20.198578445504772,1,0
8526,0.9401091753721431,3111.779999813786,20.198578445504772,1,0
8527,0.9401091753721431,3112.410286108018,20.198578445504772,1,0
8528,0.9426955379514452,3113.106266795794,20.198578445504772,1,0
8529,0.9448285102026834,3113.856408891754,20.198578445504772,1,0
8530,0.950254930174069,3114.744325423099,20.198578445504772,1,0
8531,0.950254930174069,3115.632274929983,20.198578445504772,1,0
8532,0.950254930174069,3116.520292637282,20.198578445504772,1,0
8533,0.950254930174069,3117.408344517285,20.198578445504772,1,0
8534,0.950254930174069,3118.296460004804,20.198578445504772,1,0
8535,0.950254930174069,3119.184605108558,20.198578445504772,1,0
8536,0.950254930174069,3120.072814949421,20.198578445504772,1,0
8537,0.950254930174069,3120.950874313234,20.198578445504772,1,0
8538,0.950460229390035,3121.651526999013,20.198578445504772,1,0
8539,0.950460229390035,3122.352220880402,20.198578445504772,1,0
8540,0.9517027226598631,3123.084501568924,20.198578445504772,1,0
8541,0.9517027226598631,3123.816828948952,20.198578445504772,1,0
8542,0.9517027226598631,3124.549206830254,20.198578445504772,1,0
8543,0.9517027226598631,3125.281629831711,20.198578445504772,1,0
8544,0.9517027226598631,3126.01411200401,20.198578445504772,1,0
8545,0.9517027226598631,3126.746635010102,20.198578445504772,1,0
8546,0.9517027226598631,3127.479212476864,20.198578445504772,1,0
8547,0.9530267243032755,3128.240471087312,20.198578445504772,1,0
8548,0.9583965978404869,3129.138065273386,20.198578445504772,1,0
8549,0.9583965978404869,3130.035696144018,20.198578445504772,1,0
8550,0.9586604811999666,3130.94008777638,20.198578445504772,1,0
8551,0.9586604811999666,3131.844518352706,20.198578445504772,1,0
8552,0.9586604811999666,3132.700928934236,20.198578445504772,1,0
8553,0.9586604811999666,3133.557374303843,20.198578445504772,1,0
8554,0.9586604811999666,3134.413870405516,20.198578445504772,1,0
8555,0.9586604811999666,3135.270405571379,20.198578445504772,1,0
8556,0.9586604811999666,3136.09240551126,20.198578445504772,1,0
8557,0.9586604811999666,3136.828908652403,20.198578445504772,1,0
8558,0.9586604811999666,3137.565475466494,20.198578445504772,1,0
8559,0.9586604811999666,3138.271598988538,20.198578445504772,1,0
8560,0.9586604811999666,3138.869998941989,20.198578445504772,1,0
8561,0.9586604811999666,3139.468440867237,20.198578445504772,1,0
8562,0.9586604811999666,3140.066929389946,20.198578445504772,1,0
8563,0.9586604811999666,3140.66546094902,20.198578445504772,1,0
8564,0.9586604811999666,3141.264034280416,20.198578445504772,1,0
8565,0.9586604811999666,3141.862646571293,20.198578445504772,1,0
8566,0.9611928444817686,3142.52556928005,20.198578445504772,1,0
8567,0.9672387280923962,3143.341966841342,20.198578445504772,1,0
8568,0.9672387280923962,3144.158409554802,20.198578445504772,1,0
8569,0.9672387280923962,3144.971880165078,20.198578445504772,1,0
8570,0.9672387280923962,3145.785396141488,20.198578445504772,1,0
8571,0.9672387280923962,3146.598956775064,20.198578445504772,1,0
8572,0.9672387280923962,3147.412558580434,20.198578445504772,1,0
8573,0.9690808173354051,3148.272956065534,20.198578445504772,1,0
8574,0.9690808173354051,3149.13341026549,20.198578445504772,1,0
8575,0.9690808173354051,3149.993908564206,20.198578445504772,1,0
8576,0.969294267388729,3150.8598856588,20.198578445504772,1,0
8577,0.969294267388729,3151.725922717256,20.198578445504772,1,0
8578,0.969294267388729,3152.576206091026,20.198578445504772,1,0
8579,0.969294267388729,3153.323639420192,20.198578445504772,1,0
8580,0.969294267388729,3154.071139237354,20.198578445504772,1,0
8581,0.969294267388729,3154.818677044182,20.198578445504772,1,0
8582,0.969294267388729,3155.566275251845,20.198578445504772,1,0
8583,0.969294267388729,3156.31390775928,20.198578445504772,1,0
8584,0.969294267388729,3157.061596951642,20.198578445504772,1,0
8585,0.9729855778574357,3157.902999396911,20.198578445504772,1,0
8586,0.9777013466966316,3158.86413619244,20.198578445504772,1,0
8587,0.9822006089184936,3159.939497038192,20.198578445504772,1,0
8588,0.9826382069991753,3161.020839332281,20.198578445504772,1,0
8589,0.9826382069991753,3162.102227828592,20.198578445504772,1,0
8590,0.9826382069991753,3163.183681982066,20.198578445504772,1,0
8591,0.9826382069991753,3164.265177681394,20.198578445504772,1,0
8592,0.9826382069991753,3165.280847013251,20.198578445504772,1,0
8593,0.9826382069991753,3166.242223912346,20.198578445504772,1,0
8594,0.9827110551080662,3167.067254713292,20.198578445504772,1,0
8595,0.9827110551080662,3167.892344195468,20.198578445504772,1,0
8596,0.9827110551080662,3168.717507801443,20.198578445504772,1,0
8597,0.9827110551080662,3169.542731365433,20.198578445504772,1,0
8598,0.9827110551080662,3170.368023182218,20.198578445504772,1,0
8599,0.9827110551080662,3171.193370593266,20.198578445504772,1,0
8600,0.9827110551080662,3172.018779746539,20.198578445504772,1,0
8601,0.9827110551080662,3172.844237585095,20.198578445504772,1,0
8602,0.9827110551080662,3173.664523419616,20.198578445504772,1,0
8603,0.9830528808497863,3174.493529912536,20.198578445504772,1,0
8604,0.9868649255968642,3175.387679152124,20.198578445504772,1,0
8605,0.9868649255968642,3176.281872589013,20.198578445504772,1,0
8606,0.9868649255968642,3177.176121964676,20.198578445504772,1,0
8607,0.9868649255968642,3178.070414968673,20.198578445504772,1,0
8608,0.9868649255968642,3178.964759879138,20.198578445504772,1,0
8609,0.9868649255968642,3179.859140507564,20.198578445504772,1,0
8610,0.9868649255968642,3180.753569588248,20.198578445504772,1,0
8611,0.9868649255968642,3181.614313587232,20.198578445504772,1,0
8612,0.9868649255968642,3182.338286274705,20.198578445504772,1,0
8613,0.9869861693025714,3183.065387347508,20.198578445504772,1,0
8614,0.9869861693025714,3183.785812027319,20.198578445504772,1,0
8615,0.9869861693025714,3184.506302724046,20.198578445504772,1,0
8616,0.9869861693025714,3185.226845085946,20.198578445504772,1,0
8617,0.9869861693025714,3185.947452250604,20.198578445504772,1,0
8618,0.9890702365296589,3186.72099696569,20.198578445504772,1,0
8619,0.9890702365296589,3187.49460108811,20.198578445504772,1,0
8620,0.9890702365296589,3188.268250330156,20.198578445504772,1,0
8621,0.9890702365296589,3189.041957713495,20.198578445504772,1,0
8622,0.9904008607284251,3189.849475630685,20.198578445504772,1,0
8623,0.9941334348112587,3190.751775502246,20.198578445504772,1,0
8624,0.9941334348112587,3191.654113969168,20.198578445504772,1,0
8625,0.9941334348112587,3192.556512896568,20.198578445504772,1,0
8626,0.9942674142003383,3193.462348740288,20.198578445504772,1,0
8627,0.9961176542807055,3194.415196855916,20.198578445504772,1,0
8628,0.999444724204956,3195.452515333242,20.198578445504772,1,0
8629,0.999444724204956,3196.489894756704,20.198578445504772,1,0
8630,0.9998624546195765,3197.473408111888,20.198578445504772,1,0
8631,0.9998624546195765,3198.302940392897,20.198578445504772,1,0
8632,0.9998700960295999,3199.132717002144,20.198578445504772,1,0
8633,0.9998807940036332,3199.962826861858,20.198578445504772,1,0
8634,0.9998807940036332,3200.792990853033,20.198578445504772,1,0
8635,0.9998807940036332,3201.623220588141,20.198578445504772,1,0
8636,1.0000000000000004,3202.456526508204,20.198578445504772,1,0
8637,1.0000000000000004,3203.242959278478,20.198578445504772,1,0
8638,1.0000000000000004,3204.029442350613,20.198578445504772,1,0
8639,1.0000000000000004,3204.815977649894,20.198578445504772,1,0
