timestep,value,score,threshold,anomaly,evaluation_label
64,0.4451693412439516,491.716341294416,650.1770077832765,0,0
65,0.9029051820391009,543.247640363764,650.1770077832765,0,0
66,0.9999890535718199,564.482597883236,650.1770077832765,0,0
67,0.9999890535718199,596.62974926809,650.1770077832765,0,0
68,0.9999890535718199,605.188150003101,650.1770077832765,0,0
69,0.9999890535718199,636.532834659868,650.1770077832765,0,0
70,0.9999890535718199,636.0564191013,650.1770077832765,0,0
71,0.9999890535718199,619.122755656732,650.1770077832765,0,0
72,0.9999890535718199,569.526943910684,650.1770077832765,0,0
73,0.9999890535718199,547.623206447029,650.1770077832765,0,0
74,0.9999890535718199,476.426986994544,650.1770077832765,0,0
75,0.9999890535718199,454.799491750242,650.1770077832765,0,0
76,0.9999890535718199,440.035924812957,650.1770077832765,0,0
77,0.9999890535718199,506.604066945209,650.1770077832765,0,0
78,0.9999890535718199,477.37042300458,650.1770077832765,0,0
79,0.9999890535718199,494.227125794256,650.1770077832765,0,0
80,0.9999890535718199,495.033959153267,650.1770077832765,0,0
81,0.9999890535718199,567.347737427144,650.1770077832765,0,0
82,0.9999890535718199,538.579630714469,650.1770077832765,0,0
83,0.9999890535718199,553.905610538282,650.1770077832765,0,0
84,0.9999890535718199,555.896736730744,650.1770077832765,0,0
85,0.9999890535718199,465.825358891784,650.1770077832765,0,0
86,0.9999890535718199,403.966168235808,650.1770077832765,0,0
87,0.9999890535718199,381.26666703106,649.8774120293097,0,0
88,0.9999890535718199,444.877741076679,649.8774120293097,0,0
89,0.9999890535718199,447.766501606323,649.8774120293097,0,0
90,0.6105972371215266,369.303388267572,649.8774120293097,0,0
91,0.15280666418547728,326.156360380719,649.8774120293097,0,0
92,-0.15793506578803895,196.856991306517,649.8774120293097,0,0
93,0.5646660244762127,213.998558668525,649.8774120293097,0,0
94,0.7999157125030103,220.001003241784,649.8774120293097,0,0
95,0.5127963745429864,258.6900108512,649.8774120293097,0,0
96,0.5137596602228688,213.298908730328,649.8774120293097,0,0
97,0.7421678306368626,265.473440660484,649.8774120293097,0,0
98,0.7421623574227728,240.60516849504,649.8774120293097,0,0
99,0.7423429734877502,314.275628442755,649.8774120293097,0,0
100,0.7773879633075726,402.173047136254,649.8774120293097,0,0
101,0.5137760798651397,396.159075839754,649.8774120293097,0,0
102,0.786484445125555,402.532169820402,649.8774120293097,0,0
103,0.7739617312870803,428.527539650331,649.8774120293097,0,0
104,0.7424195984850139,559.034260909027,649.8774120293097,0,0
105,0.8631313352453096,557.736263548396,649.8774120293097,0,0
106,0.8045953105501672,535.441777832607,649.8774120293097,0,0
107,0.753803883792718,537.00135384334,649.8774120293097,0,0
108,0.7093559121658599,445.773749167604,649.8774120293097,0,0
109,0.6703373689165226,344.4630213273,649.8774120293097,0,0
110,0.6362009326356806,372.150861115176,649.8774120293097,0,0
111,0.5336985791536217,395.172638601664,649.8774120293097,0,0
112,0.12207456706876374,341.9028950618,649.8774120293097,0,0
113,0.016830133327493835,295.122712236628,649.8774120293097,0,0
114,0.47428684020404077,345.684123323189,649.8774120293097,0,0
115,0.93202815421328,350.521960560706,649.8774120293097,0,0
116,1.0,448.984381846632,649.8774120293097,0,0
117,1.0,431.983514199124,649.8774120293097,0,0
118,1.0,372.171081550922,649.8774120293097,0,0
119,1.0,265.429116956308,649.8774120293097,0,0
120,1.0,170.67253612606,649.8774120293097,0,0
121,1.0,195.606412009421,649.8774120293097,0,0
122,1.0,228.474677156729,649.8774120293097,0,0
123,1.0,298.097895978102,649.8774120293097,0,0
124,1.0,371.644843642059,650.1770077832765,0,0
125,1.0,449.207894682329,650.1770077832765,0,0
126,1.0,536.542266147541,650.1770077832765,0,0
127,1.0,507.646443438142,650.1770077832765,0,0
128,1.0,496.482522935009,650.1770077832765,0,0
129,1.0,469.900725544422,650.1770077832765,0,0
130,1.0,442.83906274489,650.1770077832765,0,0
131,1.0,464.359934365157,650.1770077832765,0,0
132,1.0,482.483012367746,650.1770077832765,0,0
133,1.0,520.752398052485,650.1770077832765,0,0
134,1.0,559.825278296187,650.1770077832765,0,0
135,1.0,585.944194576154,650.1770077832765,0,0
136,1.0,595.109751272048,650.1770077832765,0,0
137,1.0,585.276655436782,650.1770077832765,0,0
138,1.0,570.88486469171,650.1770077832765,0,0
139,1.0,527.369766439961,650.1770077832765,0,0
140,1.0,491.013797946744,650.1770077832765,0,0
141,1.0,464.194737054559,650.1770077832765,0,0
142,1.0,456.05732486173,650.1770077832765,0,0
143,1.0,463.624502567189,650.1770077832765,0,0
144,1.0,458.681555682265,650.1770077832765,0,0
145,1.0,485.286828632298,650.1770077832765,0,0
146,1.0,520.815566146211,650.1770077832765,0,0
147,1.0,534.323762065786,650.1770077832765,0,0
148,1.0,488.465942699198,650.1770077832765,0,0
149,1.0,453.853610209698,650.1770077832765,0,0
150,1.0,418.258257977118,650.1770077832765,0,0
151,1.0,428.256415973634,650.1770077832765,0,0
152,1.0,425.533541441652,650.1770077832765,0,0
153,1.0,404.580987056691,650.1770077832765,0,0
154,1.0,403.286788276333,650.1770077832765,0,0
155,1.0,409.314487761159,650.1770077832765,0,0
156,1.0,463.378401565276,650.1770077832765,0,0
157,0.8330669702476081,459.11846111615,650.1770077832765,0,0
158,0.3754132276638126,422.40082205497,650.1770077832765,0,0
159,-0.08243207741314129,370.044185106034,650.1770077832765,0,0
160,0.39723493224160933,326.765636476101,650.1770077832765,0,0
161,0.3998730214331059,305.685077736877,650.1770077832765,0,0
162,0.3987947982573279,284.592292769336,650.1770077832765,0,0
163,0.46630142084637716,251.997177192718,650.1770077832765,0,0
164,-0.21970028679641573,184.103812098286,650.1770077832765,0,0
165,0.21315979595857582,162.653105757218,650.1770077832765,0,0
166,0.6710269938918927,271.694952909904,650.1770077832765,0,0
167,0.9999945267859099,318.939918975109,650.1770077832765,0,0
168,0.9999945267859099,335.775362460049,650.1770077832765,0,0
169,0.9999945267859099,370.426253614378,650.1770077832765,0,0
170,0.9999945267859099,384.133450564216,650.1770077832765,0,0
171,0.9999945267859099,390.288837741886,650.1770077832765,0,0
172,0.9999945267859099,317.72618958835,650.1770077832765,0,0
173,0.9999945267859099,317.084742730363,650.1770077832765,0,0
174,0.9999945267859099,399.287357485169,650.1770077832765,0,0
175,0.9999945267859099,438.918159095682,650.1770077832765,0,0
176,0.9999945267859099,520.648862249734,650.1770077832765,0,0
177,0.9999945267859099,507.573278199283,650.1770077832765,0,0
178,0.9999945267859099,471.920064383612,650.1770077832765,0,0
179,0.9999945267859099,499.996662679733,650.1770077832765,0,0
180,0.9999945267859099,502.845858936119,650.1770077832765,0,0
181,0.9999945267859099,541.826345494951,650.1770077832765,0,0
182,0.9999945267859099,588.29378110083,650.1770077832765,0,0
183,0.9999945267859099,620.800544826034,650.1770077832765,0,0
184,0.9999945267859099,615.651701387427,650.1770077832765,0,0
185,0.9999945267859099,622.406273393753,650.1770077832765,0,0
186,0.9999945267859099,609.590386439301,650.1770077832765,0,0
187,0.9999945267859099,560.881348066835,650.1770077832765,0,0
188,0.9999945267859099,494.42309218055,650.1770077832765,0,0
189,1.0,456.643454668914,650.1770077832765,0,0
190,0.6555761105151381,443.504974218473,650.1770077832765,0,0
191,0.19790047507498643,392.668295195532,650.1770077832765,0,0
192,-0.19198393064342767,297.187342512968,650.1770077832765,0,0
193,0.3998784946471958,256.131074166954,650.1770077832765,0,0
194,0.39900825360684733,221.872841603545,650.1770077832765,0,0
195,0.4270639490334295,103.67124433733,650.1770077832765,0,0
196,0.46648751012544565,181.441968789834,650.1770077832765,0,0
197,-0.12991220964599748,141.468561424595,650.1770077832765,0,0
198,0.3276320686559969,169.100808805605,650.1770077832765,0,0
199,0.7853624362370553,300.605097799308,650.1770077832765,0,0
200,0.999978107143639,393.689592468485,650.1770077832765,0,0
201,0.999978107143639,429.158903916966,650.1770077832765,0,0
202,0.999978107143639,478.76565085889,650.1770077832765,0,0
203,0.999978107143639,549.127290073061,650.1770077832765,0,0
204,0.999978107143639,554.32374517184,650.1770077832765,0,0
205,0.999978107143639,674.876831750471,650.1770077832765,1,0
206,0.999978107143639,680.508414790239,650.1770077832765,1,0
207,0.999978107143639,687.980786595091,650.1770077832765,1,0
208,0.999978107143639,710.574342021213,650.1770077832765,1,0
209,0.999978107143639,638.79401414767,650.1770077832765,0,0
210,0.999978107143639,639.567007876662,650.1770077832765,0,0
211,0.999978107143639,663.40664657553,650.1770077832765,1,0
212,0.999978107143639,638.729765899712,650.1770077832765,0,0
213,0.999978107143639,637.342530536042,650.1770077832765,0,0
214,0.999978107143639,607.557515402674,650.1770077832765,0,0
215,0.999978107143639,558.025172095047,650.1770077832765,0,0
216,0.999978107143639,489.332659023766,650.1770077832765,0,0
217,0.999978107143639,425.346910419356,650.1770077832765,0,0
218,0.999978107143639,406.053142061316,650.1770077832765,0,0
219,0.5678295422203727,351.027079149122,650.1770077832765,0,0
220,0.11025789784793116,62.858729321601,650.1770077832765,0,0
221,-0.005013464106659038,1.922651562664,650.1770077832765,0,0
222,0.3998784946471958,1.669382329724,650.1770077832765,0,0
223,0.3989261553954936,1.684893345379,650.1770077832765,0,0
224,0.466394465485911,1.484771533882,650.1770077832765,0,0
225,0.3763163079887032,1.681503042322,650.1770077832765,0,0
226,-0.034738489830769215,2.261270070043,650.1770077832765,0,0
227,0.42289883311075516,2.36328165841,650.1770077832765,0,0
228,0.8804868971254679,68.728709113812,650.1770077832765,0,0
229,0.999978107143639,218.105084884838,650.1770077832765,0,0
230,0.8192033189570241,272.797274038945,650.1770077832765,0,0
231,0.3616371477986724,359.23165364447,650.1770077832765,0,0
232,-0.09598375550057758,384.996794744708,650.1770077832765,0,0
233,0.38523217374170704,368.785102447683,650.1770077832765,0,0
234,0.399851128576745,432.492659099723,650.1770077832765,0,0
235,0.3989699411082155,485.008044943809,650.1770077832765,0,0
236,0.46652034940998655,563.974236812318,650.1770077832765,0,0
237,-0.20881953718501434,591.178410111195,650.1770077832765,0,0
238,0.19314972524464835,594.89973270502,650.1770077832765,0,0
239,0.6509019856820712,552.595666966828,650.1770077832765,0,0
240,0.999978107143639,589.198529481825,650.1770077832765,0,0
241,0.673752654508833,550.869087920711,650.1770077832765,0,0
242,0.21612627799548556,506.504569604254,649.8774120293097,0,0
243,-0.21968934036823762,509.260100829151,649.8774120293097,0,0
244,0.3998784946471958,506.75996255449,649.8774120293097,0,0
245,0.39906298574775023,411.692733718293,649.8774120293097,0,0
246,0.3991122446745621,356.521941471063,649.8774120293097,0,0
247,0.44144208244849614,359.467138784514,649.8774120293097,0,0
248,0.46666265297633314,380.388783872185,649.8774120293097,0,0
249,-0.09661864833504952,262.408844386554,650.1770077832765,0,0
250,0.3609201567528505,182.15501939458,650.1770077832765,0,0
251,0.8185903189789169,128.717473729734,650.1770077832765,0,0
252,0.999978107143639,124.111268473439,650.1770077832765,0,0
253,0.9083565032729816,89.407104208644,650.1770077832765,0,0
254,0.45083959104144267,2.809572760394,650.1770077832765,0,0
255,-0.0067265801169063,2.853617177983,650.1770077832765,0,0
256,0.21945399216235795,14.727464321198,650.1770077832765,0,0
257,0.3998784946471958,43.952699349584,650.1770077832765,0,0
258,0.3992381285986377,142.909054668028,650.1770077832765,0,0
259,0.4668268493990406,294.994985945631,650.1770077832765,0,0
260,-0.0008209821135367612,305.380079101794,650.1770077832765,0,0
261,0.11087637104013126,372.273115419014,650.1770077832765,0,0
262,0.5683057118462245,446.172893783258,650.1770077832765,0,0
263,0.999978107143639,542.714695933846,650.1770077832765,0,0
264,0.999978107143639,535.044392907326,650.1770077832765,0,0
265,0.999978107143639,609.559268999787,650.1770077832765,0,0
266,0.999978107143639,644.970387875838,650.1770077832765,0,0
267,0.999978107143639,657.390756533059,650.1770077832765,1,0
268,0.999978107143639,670.285610397325,650.1770077832765,1,0
269,0.999978107143639,670.706871282757,650.1770077832765,1,0
270,0.999978107143639,655.669877883006,650.1770077832765,1,0
271,0.999978107143639,673.543604127774,650.1770077832765,1,0
272,0.999978107143639,664.718415378027,650.1770077832765,1,0
273,0.999978107143639,682.397353301887,650.1770077832765,1,0
274,0.999978107143639,710.490297659558,650.1770077832765,1,0
275,0.999978107143639,671.004787522675,650.1770077832765,1,0
276,0.999978107143639,642.584763023312,650.1770077832765,0,0
277,0.999978107143639,602.023726654553,650.1770077832765,0,0
278,0.999978107143639,577.347110743308,650.1770077832765,0,0
279,0.999978107143639,570.860756054198,650.1770077832765,0,0
280,0.999978107143639,606.565000742357,650.1770077832765,0,0
281,0.999978107143639,591.501352688254,650.1770077832765,0,0
282,0.999978107143639,526.05096544049,650.1770077832765,0,0
283,0.999978107143639,501.731812748718,650.1770077832765,0,0
284,0.999978107143639,533.995457614404,650.1770077832765,0,0
285,0.999978107143639,512.252324916877,649.8774120293097,0,0
286,0.999978107143639,472.552530544293,649.8774120293097,0,0
287,0.999978107143639,450.122875340482,649.8774120293097,0,0
288,0.7667480351161415,456.080026499973,649.8774120293097,0,0
289,0.3092803818114135,393.55469901171,649.8774120293097,0,0
290,-0.14825295006240014,322.98499806934,649.8774120293097,0,0
291,0.3998784946471958,268.555811965803,649.8774120293097,0,0
292,0.3990027803927573,211.662133920275,649.8774120293097,0,0
293,0.4665148761958966,103.570558441732,649.8774120293097,0,0
294,-0.21969481358233134,2.228098017954,649.8774120293097,0,0
295,0.21588545657551994,2.533082119256,649.8774120293097,0,0
296,0.6736924491538412,168.156906825262,649.8774120293097,0,0
297,0.999978107143639,134.364851694098,649.8774120293097,0,0
298,0.999978107143639,246.2392963514,649.8774120293097,0,0
299,0.999978107143639,318.085327764648,649.8774120293097,0,0
300,0.999978107143639,435.404942128326,649.8774120293097,0,0
301,0.999978107143639,517.729638410781,649.8774120293097,0,0
302,0.999978107143639,607.997187228826,650.1770077832765,0,0
303,0.999978107143639,557.600702109777,650.1770077832765,0,0
304,0.999978107143639,482.546103615902,650.1770077832765,0,0
305,0.999978107143639,486.669594730438,650.1770077832765,0,0
306,0.999978107143639,486.205627137675,650.1770077832765,0,0
307,0.999978107143639,462.796097027366,650.1770077832765,0,0
308,0.999978107143639,477.123505447772,650.1770077832765,0,0
309,0.999978107143639,444.615149662768,650.1770077832765,0,0
310,0.999978107143639,503.728211343516,650.1770077832765,0,0
311,0.999978107143639,531.935907097044,650.1770077832765,0,0
312,0.999978107143639,569.877601085057,650.1770077832765,0,0
313,0.999978107143639,554.48901140463,650.1770077832765,0,0
314,0.999978107143639,528.86861408098,650.1770077832765,0,0
315,0.999978107143639,450.665479476359,650.1770077832765,0,0
316,0.999978107143639,419.436234302677,650.1770077832765,0,0
317,0.999978107143639,345.504780507075,650.1770077832765,0,0
318,0.999978107143639,250.14340496658,650.1770077832765,0,0
319,0.999978107143639,122.004638556404,650.1770077832765,0,0
320,0.999978107143639,161.406137249773,650.1770077832765,0,0
321,0.999978107143639,201.893637473619,650.1770077832765,0,0
322,0.999978107143639,246.790452485515,650.1770077832765,0,0
323,0.999978107143639,317.617632981327,650.1770077832765,0,0
324,0.999978107143639,414.00424942687,650.1770077832765,0,0
325,0.999978107143639,469.301720839339,650.1770077832765,0,0
326,0.999978107143639,514.363677023998,650.1770077832765,0,0
327,0.999978107143639,534.223564825973,650.1770077832765,0,0
328,0.999978107143639,552.006654982879,650.1770077832765,0,0
329,0.999978107143639,536.945593505656,650.1770077832765,0,0
330,0.999978107143639,531.051435865609,650.1770077832765,0,0
331,0.999978107143639,492.687871464593,650.1770077832765,0,0
332,0.999978107143639,529.567668337784,650.1770077832765,0,0
333,0.999978107143639,525.079214345433,650.1770077832765,0,0
334,0.999978107143639,566.620130831075,650.1770077832765,0,0
335,0.999978107143639,609.706893214764,650.1770077832765,0,0
336,0.999978107143639,644.466508159349,650.1770077832765,0,0
337,0.999978107143639,660.36895248361,650.1770077832765,1,0
338,0.999978107143639,665.190419389084,650.1770077832765,1,0
339,0.999978107143639,642.788839656141,650.1770077832765,0,0
340,0.999978107143639,607.943611344594,650.1770077832765,0,0
341,0.999978107143639,543.173332190336,650.1770077832765,0,0
342,0.999978107143639,502.139933440495,650.1770077832765,0,0
343,0.999978107143639,492.330387575191,650.1770077832765,0,0
344,0.999978107143639,499.736233191446,650.1770077832765,0,0
345,0.999978107143639,527.367156898981,650.1770077832765,0,0
346,0.999978107143639,548.915795904829,650.1770077832765,0,0
347,0.999978107143639,517.81514782008,650.1770077832765,0,0
348,0.999978107143639,482.92452947578,650.1770077832765,0,0
349,0.999978107143639,426.396206149219,650.1770077832765,0,0
350,0.999978107143639,375.001094477168,650.1770077832765,0,0
351,0.999978107143639,338.221361819265,650.1770077832765,0,0
352,0.999978107143639,308.549066124898,650.1770077832765,0,0
353,0.999978107143639,303.628037950133,650.1770077832765,0,0
354,0.999978107143639,312.137087949695,650.1770077832765,0,0
355,0.999978107143639,330.891870527222,650.1770077832765,0,0
356,0.999978107143639,330.184558418104,650.1770077832765,0,0
357,0.999978107143639,297.733609305226,650.1770077832765,0,0
358,0.999978107143639,161.610451471003,650.1770077832765,0,0
359,0.999978107143639,49.744544029182,650.1770077832765,0,0
360,0.999978107143639,1.0,650.1770077832765,0,0
361,0.999978107143639,1.0,650.1770077832765,0,0
362,0.999978107143639,1.0,650.1770077832765,0,0
363,0.999978107143639,1.0,650.1770077832765,0,0
364,0.999978107143639,1.0,650.1770077832765,0,0
365,0.671935547430873,56.376393720194,650.1770077832765,0,0
366,0.21423254592026675,173.665604033971,650.1770077832765,0,0
367,-0.21969481358233134,301.732053134277,650.1770077832765,0,0
368,-0.2326061256212113,328.391875107116,650.1770077832765,0,0
369,-0.24555575015872844,266.796081954258,650.1770077832765,0,0
370,-1.1498401821485666,29.290974619465,650.1770077832765,0,0
371,-1.2848424808984813,1.80121631235,650.1770077832765,0,0
372,-1.296319810845727,1.641355918402,650.1770077832765,0,0
373,-1.308432033627425,1.734276493969,650.1770077832765,0,0
374,-1.31940035466428,1.70298731271,650.1770077832765,0,0
375,-1.3241948902073308,1.647477511312,650.1770077832765,0,0
376,-1.3293616043085121,1.643464807436,650.1770077832765,0,0
377,-1.3312827024541911,1.602504572199,650.1770077832765,0,0
378,-1.2747115616174458,1.598476459816,650.1770077832765,0,0
379,-1.0492808196685472,1.570217435823,650.1770077832765,0,0
380,-1.0500744357116254,1.602014204804,650.1770077832765,0,0
381,-1.2756639008691493,1.667779077966,650.1770077832765,0,0
382,-1.2765560347658584,1.721960419085,650.1770077832765,0,0
383,-1.2993957571644366,1.800749950857,650.1770077832765,0,0
384,-1.309712765724547,1.80621190316,650.1770077832765,0,0
385,-1.1595496639446559,1.813757693575,650.1770077832765,0,0
386,0.14065612890514134,1.875605015139,650.1770077832765,0,0
387,0.521132079602425,1.881363951086,650.1770077832765,0,0
388,0.19250935919609202,1.883074637291,650.1770077832765,0,0
389,0.21410118878210116,1.992581033992,650.1770077832765,0,0
390,0.19681677868511738,1.955823077595,650.1770077832765,0,0
391,0.5118659281476451,83.285806800324,650.1770077832765,0,0
392,0.6960067429997585,2.036801653495,650.1770077832765,0,0
393,-0.07762112222781892,85.142345933461,650.1770077832765,0,0
394,-1.162718654902903,29.874546058453,650.1770077832765,0,0
395,-1.3314414256628067,2.536219804047,650.1770077832765,0,0
396,-1.3314414256628067,2.371242573519,649.8774120293097,0,0
397,-1.3314414256628067,2.544656996271,649.8774120293097,0,0
398,-1.3314414256628067,2.606311177252,649.8774120293097,0,0
399,-1.3314414256628067,2.567376859408,650.1770077832765,0,0
400,-1.3314414256628067,2.499628683383,650.1770077832765,0,0
401,-1.3314414256628067,2.517398790465,650.1770077832765,0,0
402,-1.3314414256628067,2.53322193348,650.1770077832765,0,0
403,-1.3314414256628067,2.508903549106,650.1770077832765,0,0
404,-1.3314414256628067,2.436751212969,650.1770077832765,0,0
405,-1.3314414256628067,2.475759187819,650.1770077832765,0,0
406,-1.3314414256628067,2.57461364037,650.1770077832765,0,0
407,-1.3314414256628067,2.532880379116,650.1770077832765,0,0
408,-1.3314414256628067,2.554268706918,650.1770077832765,0,0
409,-1.3314414256628067,2.435479894578,650.1770077832765,0,0
410,-1.3314414256628067,2.47733814244,650.1770077832765,0,0
411,-1.3314414256628067,2.471067409547,650.1770077832765,0,0
412,-1.3314414256628067,2.39318403014,650.1770077832765,0,0
413,-1.3314414256628067,2.329365657279,650.1770077832765,0,0
414,-1.3314414256628067,2.328907639077,650.1770077832765,0,0
415,-1.3314414256628067,2.309435373953,650.1770077832765,0,0
416,-1.3314414256628067,2.343460637214,650.1770077832765,0,0
417,-1.3314414256628067,2.408698938122,650.1770077832765,0,0
418,-1.3314414256628067,2.475036611613,650.1770077832765,0,0
419,-1.3314414256628067,2.441281670404,650.1770077832765,0,0
420,-1.3314414256628067,2.597936299627,650.1770077832765,0,0
421,-1.3314414256628067,2.536700315533,650.1770077832765,0,0
422,-1.3314414256628067,2.542639135148,650.1770077832765,0,0
423,-0.9393896271646542,2.503894388467,650.1770077832765,0,0
424,-0.9075957265144381,2.624677370179,650.1770077832765,0,0
425,-0.9143715655581608,2.643785019281,650.1770077832765,0,0
426,-1.1243021652034946,2.55415439168,650.1770077832765,0,0
427,-1.1759364669308452,2.622635668478,650.1770077832765,0,0
428,-1.3257985419357685,2.575664706158,650.1770077832765,0,0
429,-0.39851566433872687,2.490784078317,650.1770077832765,0,0
430,-0.21971670643868757,2.38714413279,650.1770077832765,0,0
431,-0.21971670643868757,2.373656812993,650.1770077832765,0,0
432,0.031919784574289345,2.370634909747,650.1770077832765,0,0
433,0.48977056286533627,2.44960544842,650.1770077832765,0,0
434,0.9474626179477637,2.541364404399,650.1770077832765,0,0
435,1.0,2.636287213092,650.1770077832765,0,0
436,1.0,2.622337458633,650.1770077832765,0,0
437,1.0,2.60231066612,650.1770077832765,0,0
438,1.0,2.669782253457,650.1770077832765,0,0
439,1.0,2.425021996411,650.1770077832765,0,0
440,1.0,2.33077887191,650.1770077832765,0,0
441,1.0,2.354982640119,650.1770077832765,0,0
442,1.0,2.5238847451,650.1770077832765,0,0
443,1.0,2.546829387429,650.1770077832765,0,0
444,1.0,2.564586728378,650.1770077832765,0,0
445,1.0,2.642486923889,650.1770077832765,0,0
446,1.0,2.553421793357,650.1770077832765,0,0
447,1.0,2.569539050737,650.1770077832765,0,0
448,1.0,252.487007749472,650.1770077832765,0,0
449,1.0,356.123213252625,650.1770077832765,0,0
450,1.0,237.118690198476,650.1770077832765,0,0
451,1.0,2.979235522571,650.1770077832765,0,0
452,1.0,2.660841959611,650.1770077832765,0,0
453,1.0,2.672039276651,650.1770077832765,0,0
454,1.0,2.534771329821,650.1770077832765,0,0
455,1.0,2.400359927212,650.1770077832765,0,0
456,1.0,2.180894443753,650.1770077832765,0,0
457,1.0,2.246246233052,650.1770077832765,0,0
458,0.8133688727368256,2.25573047638,650.1770077832765,0,0
459,0.3556822908684891,2.288422952141,650.1770077832765,0,0
460,-0.10197692492940025,2.221012370548,650.1770077832765,0,0
461,0.310889506753945,2.160512557771,650.1770077832765,0,0
462,0.8273474615233043,2.045920966269,650.1770077832765,0,0
463,0.8891674146725925,2.047060423934,650.1770077832765,0,0
464,0.8347691398296735,2.051457274827,650.1770077832765,0,0
465,0.6206132189066703,2.029639103429,650.1770077832765,0,0
466,0.6216476563697265,2.029607139285,650.1770077832765,0,0
467,0.8351577380300803,2.012423421364,650.1770077832765,0,0
468,0.8365971933358143,1.955942186362,649.8774120293097,0,0
469,0.8682104779210544,1.983446062265,649.8774120293097,0,0
470,0.6216312367274555,1.915934120717,649.8774120293097,0,0
471,0.6333165488101227,1.934170019821,649.8774120293097,0,0
472,0.6457297983667928,1.91931314769,649.8774120293097,0,0
473,0.39884405718413984,1.946648868467,649.8774120293097,0,0
474,0.4664491976268137,1.855033566305,649.8774120293097,0,0
475,0.2909013288963831,1.828103847808,649.8774120293097,0,0
476,-0.0021947588501869397,1.882386507445,649.8774120293097,0,0
477,0.4553933051645238,1.865650438787,649.8774120293097,0,0
478,0.913145565601944,1.808954612535,649.8774120293097,0,0
479,0.999978107143639,1.741613124846,649.8774120293097,0,0
480,0.999978107143639,1.780151882378,649.8774120293097,0,0
481,0.999978107143639,1.863386670826,649.8774120293097,0,0
482,0.999978107143639,1.8383887371,649.8774120293097,0,0
483,0.999978107143639,1.855194918635,649.8774120293097,0,0
484,0.999978107143639,1.810339188564,649.8774120293097,0,0
485,0.999978107143639,1.810073946585,649.8774120293097,0,0
486,0.999978107143639,1.784485465419,649.8774120293097,0,0
487,0.999978107143639,1.771246913401,649.8774120293097,0,0
488,0.999978107143639,1.781328203145,650.1770077832765,0,0
489,0.999978107143639,2.291204867788,650.1770077832765,0,0
490,0.999978107143639,2.513112304248,650.1770077832765,0,0
491,0.999978107143639,3.314361214738,650.1770077832765,0,0
492,0.999978107143639,164.693238336527,650.1770077832765,0,0
493,0.999978107143639,327.655636907119,650.1770077832765,0,0
494,0.999978107143639,421.141997919624,650.1770077832765,0,0
495,0.999978107143639,495.858569769432,650.1770077832765,0,0
496,0.999978107143639,502.02318539227,650.1770077832765,0,0
497,0.999978107143639,534.439987658486,650.1770077832765,0,0
498,0.999978107143639,541.790825802895,650.1770077832765,0,0
499,0.999978107143639,537.147726981937,650.1770077832765,0,0
500,0.999978107143639,520.249292337436,650.1770077832765,0,0
501,0.999978107143639,531.590402355303,650.1770077832765,0,0
502,0.999978107143639,546.029360545543,650.1770077832765,0,0
503,0.8793703614510581,530.14173166824,650.1770077832765,0,0
504,0.42193007421678286,460.770440320007,650.1770077832765,0,0
505,-0.03561420408520699,463.94597890064,650.1770077832765,0,0
506,0.2919029270748926,392.638977616738,650.1770077832765,0,0
507,0.3998784946471958,387.267516465112,650.1770077832765,0,0
508,0.3987510125446061,348.239111334845,650.1770077832765,0,0
509,0.46635615298728006,296.29752452106,650.1770077832765,0,0
510,-0.12606454014055646,249.906804896555,650.1770077832765,0,0
511,0.1639939137859321,296.579758689133,650.1770077832765,0,0
512,0.6216312367274555,368.700654588504,650.1770077832765,0,0
513,1.0,436.34813602642,650.1770077832765,0,0
514,1.0,508.911181589055,650.1770077832765,0,0
515,1.0,553.695361365768,650.1770077832765,0,0
516,1.0,536.226162909993,650.1770077832765,0,0
517,1.0,606.680309819766,650.1770077832765,0,0
518,1.0,614.968930899087,650.1770077832765,0,0
519,1.0,636.800250924956,650.1770077832765,0,0
520,1.0,580.348057019398,650.1770077832765,0,0
521,1.0,480.958480346925,650.1770077832765,0,0
522,1.0,470.380026047732,650.1770077832765,0,0
523,1.0,489.709791872134,650.1770077832765,0,0
524,1.0,586.273326432976,650.1770077832765,0,0
525,1.0,598.381227851826,650.1770077832765,0,0
526,1.0,611.58549197741,650.1770077832765,0,0
527,1.0,598.064339286524,650.1770077832765,0,0
528,1.0,613.853768323561,650.1770077832765,0,0
529,1.0,620.917399737718,650.1770077832765,0,0
530,1.0,650.442270109274,650.1770077832765,1,0
531,1.0,473.555828886816,650.1770077832765,0,0
532,1.0,452.285447678201,650.1770077832765,0,0
533,1.0,424.821453781398,650.1770077832765,0,0
534,1.0,384.304498416839,650.1770077832765,0,0
535,1.0,199.57636734185,650.1770077832765,0,0
536,1.0,234.158495820187,650.1770077832765,0,0
537,1.0,206.221975861174,650.1770077832765,0,0
538,1.0,263.017905668815,650.1770077832765,0,0
539,1.0,339.892452738707,650.1770077832765,0,0
540,1.0,419.538573488405,650.1770077832765,0,0
541,1.0,446.047252797166,650.1770077832765,0,0
542,0.6174332815202394,513.890545766782,650.1770077832765,0,0
543,0.15969744072509373,473.424169075711,650.1770077832765,0,0
544,-0.11395231735884859,415.010810005598,650.1770077832765,0,0
545,0.3998784946471958,441.433275970873,650.1770077832765,0,0
546,0.39874553933051604,359.083714792596,650.1770077832765,0,0
547,0.4662521619195653,413.931762284028,650.1770077832765,0,0
548,0.3679258707883607,431.600534741157,650.1770077832765,0,0
549,-0.03170085601068773,402.803613608382,650.1770077832765,0,0
550,0.42635790441578847,441.849356301289,650.1770077832765,0,0
551,0.8839404952164112,463.326949452194,650.1770077832765,0,0
552,0.999978107143639,566.163156358233,650.1770077832765,0,0
553,0.6383464325590555,620.461251542296,650.1770077832765,0,0
554,0.1808349935416027,611.84644334879,650.1770077832765,0,0
555,-0.20791645686012683,510.238128082086,650.1770077832765,0,0
556,0.3998784946471958,482.173705697395,650.1770077832765,0,0
557,0.39882216432777884,390.299175101396,650.1770077832765,0,0
558,0.4620323138559882,388.528724917903,650.1770077832765,0,0
559,0.466339733345009,437.604616444568,650.1770077832765,0,0
560,-0.08420539877838218,363.949543875107,650.1770077832765,0,0
561,0.373508549160408,414.25689325483,650.1770077832765,0,0
562,0.8312717560260082,425.2229257531,650.1770077832765,0,0
563,0.999978107143639,482.618735800637,650.1770077832765,0,0
564,0.8212995599535873,480.462524195606,650.1770077832765,0,0
565,0.3636075048711599,393.507613542518,649.8774120293097,0,0
566,-0.09387656807583356,293.631154553712,649.8774120293097,0,0
567,0.3998784946471958,232.325471385102,649.8774120293097,0,0
568,0.39888784289686174,181.334915916137,649.8774120293097,0,0
569,0.4664273047704528,203.243332693192,649.8774120293097,0,0
570,-0.2121910370646085,44.966811247212,649.8774120293097,0,0
571,0.19801541257088018,43.905537856692,649.8774120293097,0,0
572,0.6558169319351094,161.908219684531,649.8774120293097,0,0
573,0.999978107143639,268.984575700794,649.8774120293097,0,0
574,0.5831435952448707,394.157490579606,649.8774120293097,0,0
575,0.12565404908377986,478.483779812816,649.8774120293097,0,0
576,-0.044338507345058176,418.190926305243,649.8774120293097,0,0
577,0.399851128576745,434.947009354061,649.8774120293097,0,0
578,0.3990356196772983,331.52636983969,649.8774120293097,0,0
579,0.4604888674825396,371.473596260639,649.8774120293097,0,0
580,0.46656413512270845,422.845086857392,649.8774120293097,0,0
581,-0.09863826433434975,387.3994793748,649.8774120293097,0,0
582,0.3591030496748905,420.619697676536,649.8774120293097,0,0
583,0.8167732119009561,473.044697297642,649.8774120293097,0,0
584,0.999978107143639,504.550361318921,649.8774120293097,0,0
585,0.999978107143639,534.761958866744,649.8774120293097,0,0
586,0.999978107143639,545.429171162688,649.8774120293097,0,0
587,0.999978107143639,569.720163228495,649.8774120293097,0,0
588,0.999978107143639,600.97803501312,649.8774120293097,0,0
589,0.999978107143639,601.409968753478,649.8774120293097,0,0
590,0.999978107143639,682.138561156024,649.8774120293097,1,0
591,0.999978107143639,682.231583272961,649.8774120293097,1,0
592,0.999978107143639,675.415702260585,649.8774120293097,1,0
593,0.999978107143639,691.796496410663,649.8774120293097,1,0
594,0.999978107143639,688.606790811741,649.8774120293097,1,0
595,0.999978107143639,696.936606799649,649.8774120293097,1,0
596,0.999978107143639,669.768344789767,649.8774120293097,1,0
597,0.999978107143639,673.850371545429,649.8774120293097,1,0
598,0.999978107143639,666.087419609566,649.8774120293097,1,0
599,0.999978107143639,641.772249621587,649.8774120293097,0,0
600,0.999978107143639,621.042426114924,649.8774120293097,0,0
601,0.999978107143639,578.3308030537,649.8774120293097,0,0
602,0.999978107143639,539.227754807312,649.8774120293097,0,0
603,0.999978107143639,498.220944728197,649.8774120293097,0,0
604,0.999978107143639,449.472334286864,649.8774120293097,0,0
605,0.999978107143639,367.461228646398,649.8774120293097,0,0
606,0.999978107143639,286.315104048914,649.8774120293097,0,0
607,0.999978107143639,364.068321600072,649.8774120293097,0,0
608,0.591550452087483,383.364451710065,649.8774120293097,0,0
609,0.1338693434332403,307.124907014354,649.8774120293097,0,0
610,-0.06692646189548301,256.40072467646,649.8774120293097,0,0
611,0.3998784946471958,142.16946923585,649.8774120293097,0,0
612,0.3988385839700498,107.868932421266,649.8774120293097,0,0
613,0.46631236727455816,155.620296819416,649.8774120293097,0,0
614,0.430769314972524,210.137061646222,649.8774120293097,0,0
615,-0.06314994417321373,149.304404566501,649.8774120293097,0,0
616,0.3944873787683071,166.092270751726,649.8774120293097,0,0
617,0.8520097642139369,212.473681664754,649.8774120293097,0,0
618,0.999978107143639,205.153960141013,649.8774120293097,0,0
619,0.999978107143639,337.430442420163,649.8774120293097,0,0
620,0.999978107143639,398.931356785879,649.8774120293097,0,0
621,0.999978107143639,447.91827712258,649.8774120293097,0,0
622,0.999978107143639,484.350956353295,649.8774120293097,0,0
623,0.999978107143639,522.701945273649,649.8774120293097,0,0
624,0.999978107143639,561.273437804611,650.1770077832765,0,0
625,0.999978107143639,595.84104420772,650.1770077832765,0,0
626,0.999978107143639,525.554216983404,650.1770077832765,0,0
627,0.999978107143639,482.97238043811,650.1770077832765,0,0
628,0.999978107143639,454.306563642923,650.1770077832765,0,0
629,0.999978107143639,380.140763226642,650.1770077832765,0,0
630,0.999978107143639,437.991081606104,650.1770077832765,0,0
631,0.999978107143639,446.304153898946,650.1770077832765,0,0
632,0.999978107143639,496.231959577191,650.1770077832765,0,0
633,0.999978107143639,513.687239797833,650.1770077832765,0,0
634,0.999978107143639,503.558117904633,650.1770077832765,0,0
635,0.999978107143639,400.021659898657,650.1770077832765,0,0
636,0.999978107143639,422.813656851823,650.1770077832765,0,0
637,0.999978107143639,319.604333183867,650.1770077832765,0,0
638,0.999978107143639,223.944206763703,650.1770077832765,0,0
639,0.999978107143639,146.242362129683,650.1770077832765,0,0
640,0.999978107143639,169.994902135043,650.1770077832765,0,0
641,0.999978107143639,164.860649692492,650.1770077832765,0,0
642,0.999978107143639,194.305022125618,650.1770077832765,0,0
643,0.9585677693368654,269.374959217653,650.1770077832765,0,0
644,0.5013628303084696,288.225622103368,650.1770077832765,0,0
645,0.04370361451058802,303.720903931339,650.1770077832765,0,0
646,0.24420386627843627,316.494623437054,650.1770077832765,0,0
647,0.9592081353854236,352.56786428028,650.1770077832765,0,0
648,1.0092935175252318,485.949183542164,650.1770077832765,0,0
649,0.8020557392122944,517.515819466912,650.1770077832765,0,0
650,0.7478818661470757,483.714227368744,650.1770077832765,0,0
651,0.8778269150776103,480.0671013013,650.1770077832765,0,0
652,0.9564441622698514,520.315369592519,650.1770077832765,0,0
653,0.9572760908115681,562.544730006051,650.1770077832765,0,0
654,0.9888510628981763,593.354974937548,650.1770077832765,0,0
655,0.9091610657442473,648.641480226608,650.1770077832765,0,0
656,1.1758926812181187,674.536592286767,650.1770077832765,1,0
657,0.7958491144339599,671.2259323649,650.1770077832765,1,0
658,0.3998784946471958,635.593389277083,650.1770077832765,0,0
659,0.4674945815180498,608.526124359684,650.1770077832765,0,0
660,-0.11982507607767445,479.584487424289,650.1770077832765,0,0
661,0.06560741729973452,392.650092069605,650.1770077832765,0,0
662,0.4017339142237877,285.450189073618,650.1770077832765,0,0
663,0.19107537710444777,223.054846428385,650.1770077832765,0,0
664,0.2128751888258884,159.953108834201,650.1770077832765,0,0
665,0.19107537710444777,111.280172836004,650.1770077832765,0,0
666,0.20065350176237096,177.208909125041,649.8774120293097,0,0
667,0.21397530485801974,222.755399204324,649.8774120293097,0,0
668,0.22438535805766802,185.287443629538,649.8774120293097,0,0
669,0.22372309915274613,88.157676914564,649.8774120293097,0,0
670,-0.2197221796527813,27.81224458879,649.8774120293097,0,0
671,0.20878122468638782,2.325120280671,649.8774120293097,0,0
672,0.6664513869124505,1.890306455303,649.8774120293097,0,0
673,1.00000547321409,59.675439133341,649.8774120293097,0,0
674,1.00000547321409,152.179713867858,649.8774120293097,0,0
675,1.00000547321409,214.878437581702,649.8774120293097,0,0
676,1.00000547321409,266.681032619403,649.8774120293097,0,0
677,1.00000547321409,367.758102195451,649.8774120293097,0,0
678,1.00000547321409,472.875604449418,650.1770077832765,0,0
679,1.00000547321409,535.877391550358,650.1770077832765,0,0
680,1.00000547321409,571.329107549133,650.1770077832765,0,0
681,1.00000547321409,603.238909852745,650.1770077832765,0,0
682,1.00000547321409,621.526821251491,650.1770077832765,0,0
683,1.00000547321409,644.285076254024,650.1770077832765,0,0
684,1.00000547321409,625.86657034695,650.1770077832765,0,0
685,1.00000547321409,613.965720123931,650.1770077832765,0,0
686,1.00000547321409,656.139927350275,650.1770077832765,1,0
687,1.00000547321409,691.783516561518,650.1770077832765,1,0
688,1.00000547321409,727.17232016452,650.1770077832765,1,0
689,1.00000547321409,716.485849278841,650.1770077832765,1,0
690,1.00000547321409,738.109933673934,650.1770077832765,1,0
691,1.00000547321409,677.253731439886,650.1770077832765,1,0
692,1.00000547321409,614.437180448706,650.1770077832765,0,0
693,1.00000547321409,543.958598281672,650.1770077832765,0,0
694,1.00000547321409,493.889909478896,650.1770077832765,0,0
695,1.00000547321409,451.319861428566,650.1770077832765,0,0
696,1.00000547321409,421.78979806825,650.1770077832765,0,0
697,1.00000547321409,440.771715276944,650.1770077832765,0,0
698,1.00000547321409,507.113320334163,650.1770077832765,0,0
699,1.00000547321409,592.407753072068,650.1770077832765,0,0
700,1.00000547321409,556.343144872759,650.1770077832765,0,0
701,1.00000547321409,545.851503014409,650.1770077832765,0,0
702,1.00000547321409,576.187966928576,650.1770077832765,0,0
703,1.00000547321409,532.950155482816,650.1770077832765,0,0
704,1.00000547321409,525.672272640149,650.1770077832765,0,0
705,1.00000547321409,524.477039419937,650.1770077832765,0,0
706,1.00000547321409,523.348755033602,650.1770077832765,0,0
707,1.00000547321409,536.325489531978,650.1770077832765,0,0
708,1.00000547321409,571.835715360165,650.1770077832765,0,0
709,1.00000547321409,659.621204655145,650.1770077832765,1,0
710,1.00000547321409,676.147783619788,650.1770077832765,1,0
711,1.00000547321409,713.159796649926,650.1770077832765,1,0
712,1.00000547321409,665.279191332719,650.1770077832765,1,0
713,1.00000547321409,658.417500271548,650.1770077832765,1,0
714,0.6680057797140792,603.643950081832,650.1770077832765,0,0
715,0.2104286621275473,465.254956808278,650.1770077832765,0,0
716,-0.21525603695513995,364.659150667537,650.1770077832765,0,0
717,0.3998784946471958,229.77086575706,650.1770077832765,0,0
718,0.39906298574775023,202.25893636729,650.1770077832765,0,0
719,0.463187162029029,84.826487531394,650.1770077832765,0,0
720,0.4666900190467841,25.412014578248,650.1770077832765,0,0
721,-0.08123891674147243,1.893020624533,650.1770077832765,0,0
722,0.3765242901241316,3.200787421542,650.1770077832765,0,0
723,0.8340466755697614,2.68508905703,650.1770077832765,0,0
724,0.999978107143639,27.788925612337,650.1770077832765,0,0
725,0.7091315103881596,59.544176543674,650.1770077832765,0,0
726,0.25165291065524964,14.394841526,650.1770077832765,0,0
727,-0.2059406265735484,2.596408661559,650.1770077832765,0,0
728,0.3998784946471958,2.571179814402,650.1770077832765,0,0
729,0.39926549466908867,3.21616243904,650.1770077832765,0,0
730,0.4108139763995001,96.374983885041,650.1770077832765,0,0
731,0.4668651618976726,180.662959275435,650.1770077832765,0,0
732,-0.16299231560742067,212.278257428857,650.1770077832765,0,0
733,0.2940265341419085,300.415098673589,650.1770077832765,0,0
734,0.7518663660047724,352.45526749969,650.1770077832765,0,0
735,1.00000547321409,400.229664872295,650.1770077832765,0,0
736,0.8228594259693058,454.350690692049,650.1770077832765,0,0
737,0.36525494231232325,474.823522919526,650.1770077832765,0,0
738,-0.0923331217023895,457.639826216101,650.1770077832765,0,0
739,0.399851128576745,448.345449119188,650.1770077832765,0,0
740,0.39984565536265493,439.954464867761,650.1770077832765,0,0
741,0.39930928038181057,439.982518349915,650.1770077832765,0,0
742,0.4669527333231164,446.043251173651,650.1770077832765,0,0
743,-0.2030452963198104,415.605028685945,650.1770077832765,0,0
744,0.19607242156884563,405.474089544642,650.1770077832765,0,0
745,0.653512708803117,448.485894490213,650.1770077832765,0,0
746,0.999978107143639,457.972035184216,650.1770077832765,0,0
747,0.958721019331392,464.570802457982,650.1770077832765,0,0
748,0.5021892856360963,489.385475581427,649.8774120293097,0,0
749,0.04459574840729741,458.669791393625,649.8774120293097,0,0
750,0.13272544168837785,423.760885039668,649.8774120293097,0,0
751,0.399851128576745,388.154136362657,649.8774120293097,0,0
752,0.39940779823543526,411.34862751729,649.8774120293097,0,0
753,0.4670457779626501,402.453103919657,649.8774120293097,0,0
754,0.20303982310571822,417.02716324227,649.8774120293097,0,0
755,0.029451365019592224,403.59339741981,649.8774120293097,0,0
756,0.48707226831884676,457.010456447257,650.1770077832765,0,0
757,0.9447205376885524,491.428418787248,650.1770077832765,0,0
758,0.999978107143639,532.267346166447,650.1770077832765,0,0
759,0.999978107143639,541.598223891825,650.1770077832765,0,0
760,0.999978107143639,565.697499296104,650.1770077832765,0,0
761,0.999978107143639,599.978689282798,650.1770077832765,0,0
762,0.999978107143639,673.358533884087,650.1770077832765,1,0
763,0.999978107143639,707.583433219574,650.1770077832765,1,0
764,0.999978107143639,690.057145708563,650.1770077832765,1,0
765,0.999978107143639,691.331811059536,650.1770077832765,1,0
766,0.999978107143639,707.187298370629,650.1770077832765,1,0
767,0.999978107143639,687.610515479697,650.1770077832765,1,0
768,0.999978107143639,693.19019893363,650.1770077832765,1,0
769,0.999978107143639,688.858410988544,650.1770077832765,1,0
770,0.999978107143639,692.099928787325,650.1770077832765,1,0
771,0.999978107143639,668.499941975276,650.1770077832765,1,0
772,0.999978107143639,638.180859904135,650.1770077832765,0,0
773,0.999978107143639,577.730971534174,650.1770077832765,0,0
774,0.999978107143639,560.670460307742,650.1770077832765,0,0
775,0.999978107143639,569.219984859249,650.1770077832765,0,0
776,0.999978107143639,514.282866347579,650.1770077832765,0,0
777,0.999978107143639,479.417442750761,650.1770077832765,0,0
778,0.999978107143639,391.595731857586,650.1770077832765,0,0
779,0.999978107143639,408.998247668078,649.8774120293097,0,0
780,0.999978107143639,443.023822997934,649.8774120293097,0,0
781,0.999978107143639,452.764303705246,649.8774120293097,0,0
782,0.999978107143639,465.485193690765,649.8774120293097,0,0
783,0.999978107143639,469.374668967623,649.8774120293097,0,0
784,0.999978107143639,470.446199759319,649.8774120293097,0,0
785,0.999978107143639,456.177798068733,649.8774120293097,0,0
786,0.999978107143639,481.813786027471,649.8774120293097,0,0
787,0.999978107143639,429.952669540632,650.1770077832765,0,0
788,0.999978107143639,430.161041651783,650.1770077832765,0,0
789,0.999978107143639,409.926943465023,650.1770077832765,0,0
790,0.999978107143639,449.229544278961,650.1770077832765,0,0
791,0.999978107143639,503.136810435759,650.1770077832765,0,0
792,0.8760426472841913,475.390150814036,650.1770077832765,0,0
793,0.41836153862994485,446.409144104487,650.1770077832765,0,0
794,-0.03911706110296698,429.273905434566,650.1770077832765,0,0
795,0.31350570308907977,347.721636105343,650.1770077832765,0,0
796,0.3998784946471958,291.293972061791,650.1770077832765,0,0
797,0.3991012982463811,255.440831659139,650.1770077832765,0,0
798,0.46665170654815313,186.631646249815,650.1770077832765,0,0
799,-0.16650611905335877,69.319352932668,650.1770077832765,0,0
800,0.18218687742189688,40.01116277937,650.1770077832765,0,0
801,0.6396654771548038,128.845102229816,650.1770077832765,0,0
802,0.999978107143639,269.96002301901,650.1770077832765,0,0
803,0.999978107143639,306.62350043932,650.1770077832765,0,0
804,0.999978107143639,351.513849847065,650.1770077832765,0,0
805,0.999978107143639,383.894390759993,650.1770077832765,0,0
806,0.999978107143639,389.126754465379,650.1770077832765,0,0
807,0.999978107143639,400.65326013278,650.1770077832765,0,0
808,0.999978107143639,455.83695533185,650.1770077832765,0,0
809,0.999978107143639,478.576866096795,650.1770077832765,0,0
810,0.999978107143639,450.256884970561,650.1770077832765,0,0
811,0.999978107143639,440.468991908229,650.1770077832765,0,0
812,0.999978107143639,416.621164059483,650.1770077832765,0,0
813,0.999978107143639,402.837960791066,650.1770077832765,0,0
814,0.999978107143639,397.864088888703,650.1770077832765,0,0
815,0.999978107143639,399.044417620455,650.1770077832765,0,0
816,0.999978107143639,463.436714187447,650.1770077832765,0,0
817,0.999978107143639,494.063444121864,650.1770077832765,0,0
818,0.999978107143639,594.419041345674,650.1770077832765,0,0
819,0.999978107143639,603.151668506904,650.1770077832765,0,0
820,0.999978107143639,620.655228877287,650.1770077832765,0,0
821,0.999978107143639,614.395690242625,650.1770077832765,0,0
822,0.999978107143639,562.856088956629,650.1770077832765,0,0
823,0.999978107143639,499.213676846394,650.1770077832765,0,0
824,0.999978107143639,468.021014986678,650.1770077832765,0,0
825,0.999978107143639,459.122811840895,650.1770077832765,0,0
826,0.7272916347395845,403.826134356449,650.1770077832765,0,0
827,0.26942991002036154,371.131712033094,650.1770077832765,0,0
828,-0.18832782363114586,314.300984890952,650.1770077832765,0,0
829,0.3998784946471958,257.709173577443,650.1770077832765,0,0
830,0.39970335179630834,194.550335232723,650.1770077832765,0,0
831,0.41739277973597166,205.841629405795,650.1770077832765,0,0
832,0.46752194758850163,220.989529954537,650.1770077832765,0,0
833,-0.14881669111369056,208.401443866992,650.1770077832765,0,0
834,0.3087877925432949,221.828715286901,650.1770077832765,0,0
835,0.766611204763885,360.724446182901,650.1770077832765,0,0
836,1.0,404.529574675532,650.1770077832765,0,0
837,1.0,432.244904790523,650.1770077832765,0,0
838,1.0,530.237704606661,650.1770077832765,0,0
839,1.0,614.973388509232,650.1770077832765,0,0
840,1.0,642.136167109714,650.1770077832765,0,0
841,1.0,692.898869390009,650.1770077832765,1,0
842,1.0,699.362459379427,650.1770077832765,1,0
843,1.0,684.33295743164,650.1770077832765,1,0
844,1.0,671.636398735606,650.1770077832765,1,0
845,1.0,679.326492183653,650.1770077832765,1,0
846,1.0,644.349600909411,650.1770077832765,0,0
847,1.0,621.648295533657,650.1770077832765,0,0
848,1.0,655.08743142904,650.1770077832765,1,0
849,1.0,641.49541162445,650.1770077832765,0,0
850,1.0,588.283963024136,650.1770077832765,0,0
851,1.0,533.560407978762,650.1770077832765,0,0
852,1.0,460.374525240167,650.1770077832765,0,0
853,1.0,411.070782541959,650.1770077832765,0,0
854,1.0,394.640866586674,650.1770077832765,0,0
855,1.0,358.429221328634,650.1770077832765,0,0
856,1.0,262.250129083918,650.1770077832765,0,0
857,1.0,211.916216463397,650.1770077832765,0,0
858,1.0,134.240792501271,650.1770077832765,0,0
859,1.0,143.078043125046,650.1770077832765,0,0
860,1.0,201.398437902139,650.1770077832765,0,0
861,1.0,261.786652760467,650.1770077832765,0,0
862,1.0,336.898325547848,650.1770077832765,0,0
863,1.0,423.692113280384,650.1770077832765,0,0
864,1.0,488.838444560202,650.1770077832765,0,0
865,1.0,539.726859068989,650.1770077832765,0,0
866,1.0,543.24789671003,650.1770077832765,0,0
867,1.0,519.644720346262,650.1770077832765,0,0
868,1.0,504.907711001599,650.1770077832765,0,0
869,1.0,471.410414892654,650.1770077832765,0,0
870,1.0,487.18481496481,650.1770077832765,0,0
871,1.0,508.502474610393,650.1770077832765,0,0
872,1.0,538.552368930272,650.1770077832765,0,0
873,1.0,566.734884960629,650.1770077832765,0,0
874,1.0,605.073766516219,650.1770077832765,0,0
875,1.0,623.92321427603,650.1770077832765,0,0
876,1.0,643.693600568446,650.1770077832765,0,0
877,1.0,632.601008435096,650.1770077832765,0,0
878,1.0,608.48763754656,650.1770077832765,0,0
879,1.0,549.73500111517,650.1770077832765,0,0
880,1.0,498.098733394082,650.1770077832765,0,0
881,1.0,463.2961169827,650.1770077832765,0,0
882,0.8388904700396258,469.68583733394,650.1770077832765,0,0
883,0.3814720756617107,503.636859697108,650.1770077832765,0,0
884,-0.07613788120935916,430.643336013782,650.1770077832765,0,0
885,-0.2197112332246034,175.579654613386,650.1770077832765,0,0
886,-0.21970576001050945,2.16936853637,650.1770077832765,0,0
887,-0.219727652866875,2.110702499029,650.1770077832765,0,0
888,-0.8786643168334152,1.55326265615,650.1770077832765,0,0
889,-1.124537513409376,1.587854656855,650.1770077832765,0,0
890,-1.1242091205639664,1.55926057284,650.1770077832765,0,0
891,-1.3257985419357685,1.642381440197,650.1770077832765,0,0
892,-0.9422794842043083,1.657257815419,650.1770077832765,0,0
893,-0.7156336887273655,1.606006124246,650.1770077832765,0,0
894,-0.2970860608183541,1.556459341683,650.1770077832765,0,0
895,-0.29505549839087575,1.60399913992,650.1770077832765,0,0
896,-0.12117148674387468,1.669847110398,650.1770077832765,0,0
897,-0.32350526523195766,1.683073806783,650.1770077832765,0,0
898,-0.3589935853930841,1.68363212284,650.1770077832765,0,0
899,-0.3589935853930841,2.566784233528,650.1770077832765,0,0
900,-0.3589935853930841,3.06892423742,650.1770077832765,0,0
901,-0.3589935853930841,3.672458891752,650.1770077832765,0,0
902,-0.3589935853930841,63.475286370578,650.1770077832765,0,0
903,-0.3589935853930841,143.369880760621,650.1770077832765,0,0
904,-0.3589935853930841,222.023370180084,650.1770077832765,0,0
905,-0.3589935853930841,212.698897155817,650.1770077832765,0,0
906,-0.3589935853930841,259.758320751482,650.1770077832765,0,0
907,-0.3589935853930841,238.179393070256,650.1770077832765,0,0
908,-0.3589935853930841,269.921041780962,650.1770077832765,0,0
909,-0.3589935853930841,288.273715924165,650.1770077832765,0,0
910,-0.3589935853930841,288.598951906524,650.1770077832765,0,0
911,-0.3589935853930841,274.5889517036,650.1770077832765,0,0
912,-0.3589935853930841,297.107030389204,650.1770077832765,0,0
913,-0.3589935853930841,329.973309158989,649.8774120293097,0,0
914,-0.3589935853930841,207.915139540953,649.8774120293097,0,0
915,-0.3589935853930841,2.046126615244,650.1770077832765,0,0
916,-0.3589935853930841,1.929971095997,650.1770077832765,0,0
917,-0.3589935853930841,2.014252133154,650.1770077832765,0,0
918,-0.3589935853930841,2.024472222454,650.1770077832765,0,0
919,-0.3589935853930841,2.400456134732,650.1770077832765,0,0
920,-0.3589935853930841,2.216523108084,650.1770077832765,0,0
921,-0.15024519999124086,2.804513388074,650.1770077832765,0,0
922,-0.2948092037568162,3.336581498096,650.1770077832765,0,0
923,-0.1209197188957214,4.306707079675,650.1770077832765,0,0
924,-0.1462442804912778,3.714581355367,650.1770077832765,0,0
925,-0.2197221796527813,3.214547984807,650.1770077832765,0,0
926,-0.21971670643868757,4.449961148786,650.1770077832765,0,0
927,-0.21971670643868757,42.711620348488,650.1770077832765,0,0
928,-0.19397618057227795,86.06083886528,650.1770077832765,0,0
929,0.2623256781312292,244.118442451548,650.1770077832765,0,0
930,0.7197769117936816,399.057518120115,650.1770077832765,0,0
931,0.9999945267859099,568.832986687188,650.1770077832765,0,0
932,0.9999945267859099,567.741112453973,650.1770077832765,0,0
933,0.9999945267859099,618.636221526807,650.1770077832765,0,0
934,0.9999945267859099,605.883860154623,650.1770077832765,0,0
935,0.9999945267859099,602.753609007476,650.1770077832765,0,0
936,0.9999945267859099,672.903961948684,650.1770077832765,1,0
937,0.9999945267859099,631.713260160692,650.1770077832765,0,0
938,0.9999945267859099,672.232913655272,650.1770077832765,1,0
939,0.9999945267859099,670.13566606372,650.1770077832765,1,0
940,0.9999945267859099,570.363693971599,650.1770077832765,0,0
941,0.9999945267859099,373.081711334646,650.1770077832765,0,0
942,0.9999945267859099,396.671864029433,650.1770077832765,0,0
943,0.9999945267859099,239.372235384776,650.1770077832765,0,0
944,0.9999945267859099,159.613719110254,650.1770077832765,0,0
945,0.9999945267859099,63.272162986112,650.1770077832765,0,0
946,0.9999945267859099,2.868715813879,650.1770077832765,0,0
947,0.9999945267859099,2.033583603731,650.1770077832765,0,0
948,0.9999945267859099,1.896130325302,650.1770077832765,0,0
949,0.9999945267859099,1.8158553746,650.1770077832765,0,0
950,0.9999945267859099,1.646334138105,650.1770077832765,0,0
951,0.9999945267859099,1.66246366634,650.1770077832765,0,0
952,0.9999945267859099,1.827031145083,650.1770077832765,0,0
953,0.9999945267859099,2.041817298442,650.1770077832765,0,0
954,0.9999945267859099,2.340193609612,650.1770077832765,0,0
955,0.9999945267859099,3.439594458553,650.1770077832765,0,0
956,0.9999945267859099,65.813620118771,650.1770077832765,0,0
957,0.9999945267859099,81.636295543013,650.1770077832765,0,0
958,0.9999945267859099,113.689328390192,650.1770077832765,0,0
959,0.9999945267859099,158.152266673059,650.1770077832765,0,0
960,0.9999945267859099,184.551134585628,650.1770077832765,0,0
961,0.9999945267859099,266.853110228743,650.1770077832765,0,0
962,0.9999945267859099,297.30382342973,649.8774120293097,0,0
963,0.9999945267859099,346.349448322513,650.1770077832765,0,0
964,0.9999945267859099,370.431783959864,650.1770077832765,0,0
965,0.9999945267859099,433.690955446231,650.1770077832765,0,0
966,0.9999945267859099,454.763961231795,650.1770077832765,0,0
967,0.9999945267859099,422.78578113533,650.1770077832765,0,0
968,0.9999945267859099,453.750282788289,650.1770077832765,0,0
969,0.9999945267859099,426.944117867524,650.1770077832765,0,0
970,0.9999945267859099,381.944421044266,650.1770077832765,0,0
971,0.9999945267859099,402.010148449814,650.1770077832765,0,0
972,0.9999945267859099,358.177700934763,650.1770077832765,0,0
973,0.9999945267859099,324.989538114838,650.1770077832765,0,0
974,0.9999945267859099,204.839881672842,650.1770077832765,0,0
975,0.9999945267859099,148.845620029461,650.1770077832765,0,0
976,0.8634268888061829,46.223533291507,650.1770077832765,0,0
977,0.40582787836328926,2.842628674971,650.1770077832765,0,0
978,-0.051820391006415445,1.689877266571,650.1770077832765,0,0
979,0.34151213958885096,1.691605332941,650.1770077832765,0,0
980,0.3998784946471958,1.68135312471,650.1770077832765,0,0
981,0.39945158394815705,1.629143524306,650.1770077832765,0,0
982,0.4671005101035529,1.53610571819,650.1770077832765,0,0
983,-0.047310462596052316,1.429227822847,650.1770077832765,0,0
984,0.13380913807824668,1.369769301192,650.1770077832765,0,0
985,0.5916489699411078,1.402790860963,650.1770077832765,0,0
986,1.0,1.390736277424,650.1770077832765,0,0
987,1.0,2.109260794251,650.1770077832765,0,0
988,1.0,2.187104872525,650.1770077832765,0,0
989,1.0,105.024947167971,650.1770077832765,0,0
990,1.0,260.706447388727,650.1770077832765,0,0
991,1.0,362.943642369636,650.1770077832765,0,0
992,1.0,512.651303373193,650.1770077832765,0,0
993,1.0,557.422869313975,650.1770077832765,0,0
994,1.0,551.699601682456,650.1770077832765,0,0
995,1.0,527.069183280735,650.1770077832765,0,0
996,1.0,492.59124786824,650.1770077832765,0,0
997,1.0,465.381155066244,650.1770077832765,0,0
998,1.0,493.555096996516,650.1770077832765,0,0
999,1.0,498.648793572604,650.1770077832765,0,0
1000,1.0,531.271859855135,650.1770077832765,0,0
1001,1.0,576.950077695313,650.1770077832765,0,0
1002,1.0,609.576396979445,650.1770077832765,0,0
1003,1.0,607.277672089656,650.1770077832765,0,0
1004,1.0,616.350372770082,650.1770077832765,0,0
1005,1.0,606.536338682182,650.1770077832765,0,0
1006,1.0,557.519691394829,650.1770077832765,0,0
1007,1.0,492.363653623458,650.1770077832765,0,0
1008,1.0,459.187990768724,650.1770077832765,0,0
1009,1.0,451.347475787851,650.1770077832765,0,0
1010,1.0,396.339708024233,650.1770077832765,0,0
1011,1.0,412.193227377783,650.1770077832765,0,0
1012,1.0,398.284403319754,650.1770077832765,0,0
1013,1.0,433.177158772431,650.1770077832765,0,0
1014,1.0,449.61834856031,650.1770077832765,0,0
1015,1.0,524.368691435387,650.1770077832765,0,0
1016,1.0,543.894547556498,650.1770077832765,0,0
1017,1.0,515.463758882052,650.1770077832765,0,0
1018,1.0,515.254389999929,650.1770077832765,0,0
1019,1.0,475.799053863472,650.1770077832765,0,0
1020,1.0,469.911500202798,650.1770077832765,0,0
1021,1.0,498.004676507632,650.1770077832765,0,0
1022,1.0,506.134031758806,650.1770077832765,0,0
1023,1.0,544.499242017585,650.1770077832765,0,0
1024,1.0,585.06483940098,650.1770077832765,0,0
1025,1.0,613.6148149081,650.1770077832765,0,0
1026,1.0,644.863668452347,650.1770077832765,0,0
1027,1.0,635.604445951144,650.1770077832765,0,0
1028,1.0,616.499631508842,650.1770077832765,0,0
1029,1.0,565.676834524821,650.1770077832765,0,0
1030,1.0,504.003455858421,650.1770077832765,0,0
1031,1.0,466.54051874517,650.1770077832765,0,0
1032,1.0,467.429004960218,650.1770077832765,0,0
1033,1.0,478.645090336954,650.1770077832765,0,0
1034,1.0,499.556447359342,650.1770077832765,0,0
1035,1.0,481.800828823503,650.1770077832765,0,0
1036,1.0,456.303211806164,650.1770077832765,0,0
1037,1.0,426.454328813398,650.1770077832765,0,0
1038,0.7092957068108672,400.795866242737,650.1770077832765,0,0
1039,0.2515817588720777,285.280376872066,650.1770077832765,0,0
1040,-0.2059023140749201,116.006333725873,650.1770077832765,0,0
1041,-0.21968386715415322,12.55071228824,650.1770077832765,0,0
1042,-0.0209459903233582,1.892173991493,650.1770077832765,0,0
1043,0.10458217483634913,1.648690862941,650.1770077832765,0,0
1044,0.24345403594807058,1.653055601584,650.1770077832765,0,0
1045,0.4198995117893025,2.674966690436,650.1770077832765,0,0
1046,0.521515204588742,2.643488766317,650.1770077832765,0,0
1047,-0.11095299603739517,213.695442132022,650.1770077832765,0,0
1048,-0.10577533550802554,287.74074848775,650.1770077832765,0,0
1049,-0.04312892703110793,314.185947900301,650.1770077832765,0,0
1050,-0.024087615211155544,291.431345939963,650.1770077832765,0,0
1051,-0.11749348687523642,219.09500510077,650.1770077832765,0,0
1052,-0.1174880136611427,241.166169625755,650.1770077832765,0,0
1053,-0.30968539965409647,248.567227724996,650.1770077832765,0,0
1054,-0.5104209996278259,222.716875197778,650.1770077832765,0,0
1055,-0.5104209996278259,213.956544543229,650.1770077832765,0,0
1056,-0.5104209996278259,142.85659596736,650.1770077832765,0,0
1057,-0.5104209996278259,155.525590428726,650.1770077832765,0,0
1058,-0.5104209996278259,150.775788684186,650.1770077832765,0,0
1059,-0.5104209996278259,26.511426210925,650.1770077832765,0,0
1060,-0.5104209996278259,98.336329813058,650.1770077832765,0,0
1061,-0.5104209996278259,147.922769199814,650.1770077832765,0,0
1062,-0.5104209996278259,179.434342140538,650.1770077832765,0,0
1063,-0.5104209996278259,293.194652288892,650.1770077832765,0,0
1064,-0.5104209996278259,263.987341614674,650.1770077832765,0,0
1065,-0.5104209996278259,250.87461793557,650.1770077832765,0,0
1066,-0.5104209996278259,209.138929565068,650.1770077832765,0,0
1067,-0.5104209996278259,222.068319816941,650.1770077832765,0,0
1068,-0.5104209996278259,190.256422046514,650.1770077832765,0,0
1069,-0.5104209996278259,101.728743349803,649.8774120293097,0,0
1070,-0.5104209996278259,29.152816710295,649.8774120293097,0,0
1071,-0.5104209996278259,29.506388316598,650.1770077832765,0,0
1072,-0.5104209996278259,15.164402314786,650.1770077832765,0,0
1073,-0.5104209996278259,15.12639048276,650.1770077832765,0,0
1074,-0.5104209996278259,15.273888475035,650.1770077832765,0,0
1075,-0.5104209996278259,15.086991631722,650.1770077832765,0,0
1076,-0.5104209996278259,3.610774155913,650.1770077832765,0,0
1077,-0.5104209996278259,45.774375575589,650.1770077832765,0,0
1078,-0.5104209996278259,92.756641395334,650.1770077832765,0,0
1079,-0.5104209996278259,107.767785829479,650.1770077832765,0,0
1080,-0.5104209996278259,152.793886913833,650.1770077832765,0,0
1081,-0.5104209996278259,120.801505965074,650.1770077832765,0,0
1082,-0.5104209996278259,106.256109948367,650.1770077832765,0,0
1083,-0.5104209996278259,60.797937182179,650.1770077832765,0,0
1084,-0.5104209996278259,140.741342037755,650.1770077832765,0,0
1085,-0.5104209996278259,79.607702785597,650.1770077832765,0,0
1086,-0.5104209996278259,127.413120181697,650.1770077832765,0,0
1087,-0.5104209996278259,172.385836650609,650.1770077832765,0,0
1088,-0.5104209996278259,124.465353980195,650.1770077832765,0,0
1089,-0.5104209996278259,92.411750270258,650.1770077832765,0,0
1090,-0.5104209996278259,76.820204537431,650.1770077832765,0,0
1091,-0.5104209996278259,76.737600837744,650.1770077832765,0,0
1092,-0.5104209996278259,77.158139055418,650.1770077832765,0,0
1093,-0.5104209996278259,77.841438718156,650.1770077832765,0,0
1094,-0.5104209996278259,111.516460168955,650.1770077832765,0,0
1095,-0.5104209996278259,80.170561544468,650.1770077832765,0,0
1096,-0.5104209996278259,64.088313500447,650.1770077832765,0,0
1097,0.03549379337522107,61.196998833955,650.1770077832765,0,0
1098,0.5215206778028321,144.524281029346,650.1770077832765,0,0
1099,-0.2969437572520104,128.287043079945,650.1770077832765,0,0
1100,-0.5048766337544097,108.72066178159,650.1770077832765,0,0
1101,0.48846793791185883,55.55200178513,650.1770077832765,0,0
1102,-0.07267880990433073,15.583215737547,650.1770077832765,0,0
1103,-0.6353361648094271,24.448878046713,650.1770077832765,0,0
1104,-1.0,1.939843260023,650.1770077832765,0,0
1105,-0.7110690281761118,1.581322439864,650.1770077832765,0,0
1106,0.16944523501981057,1.519155522448,650.1770077832765,0,0
1107,0.22298968846465206,12.890197524791,650.1770077832765,0,0
1108,-0.21968934036823762,15.374886210515,650.1770077832765,0,0
1109,-0.2199027957177626,14.755907222623,650.1770077832765,0,0
1110,-0.26790288328918765,24.221495316372,650.1770077832765,0,0
1111,-0.2944206055564038,1.967317730658,650.1770077832765,0,0
1112,-0.28853690040939983,1.532200470638,650.1770077832765,0,0
1113,0.037923900431290125,1.682116499447,650.1770077832765,0,0
1114,0.10458217483634913,11.601011199912,650.1770077832765,0,0
1115,-0.042833373470242186,12.430726629618,650.1770077832765,0,0
1116,-0.10575344265165998,1.795078849457,650.1770077832765,0,0
1117,-0.07410184556779642,1.811992833477,650.1770077832765,0,0
1118,0.018762177901350263,2.042562427999,650.1770077832765,0,0
1119,0.02206252599776315,2.176266890404,650.1770077832765,0,0
1120,0.02206252599776315,1.970019238843,650.1770077832765,0,0
1121,0.02206252599776315,1.924965514649,650.1770077832765,0,0
1122,0.02206252599776315,1.793988154822,650.1770077832765,0,0
1123,0.02206252599776315,1.785189575498,650.1770077832765,0,0
1124,0.02206252599776315,2.439736430636,650.1770077832765,0,0
1125,0.02206252599776315,26.890723616391,650.1770077832765,0,0
1126,0.02206252599776315,47.869187783106,650.1770077832765,0,0
1127,0.02206252599776315,2.794031574695,650.1770077832765,0,0
1128,0.02206252599776315,11.941855667207,650.1770077832765,0,0
1129,0.02206252599776315,2.468613102122,650.1770077832765,0,0
1130,0.02206252599776315,2.104387817125,650.1770077832765,0,0
1131,0.02206252599776315,12.244013984821,650.1770077832765,0,0
1132,0.02206252599776315,2.439805032448,650.1770077832765,0,0
1133,0.02206252599776315,2.38666205619,650.1770077832765,0,0
1134,0.02206252599776315,2.185380703948,650.1770077832765,0,0
1135,0.02206252599776315,2.631931893624,650.1770077832765,0,0
1136,0.02206252599776315,2.473283667306,650.1770077832765,0,0
1137,0.02206252599776315,1.825872294635,650.1770077832765,0,0
1138,0.02206252599776315,1.79200598123,650.1770077832765,0,0
1139,0.02206252599776315,1.768524375564,650.1770077832765,0,0
1140,0.02206252599776315,1.557717026152,650.1770077832765,0,0
1141,0.02206252599776315,1.784504248524,650.1770077832765,0,0
1142,0.02206252599776315,2.040323149097,650.1770077832765,0,0
1143,0.02206252599776315,1.853400854985,650.1770077832765,0,0
1144,0.02206252599776315,1.700835640025,650.1770077832765,0,0
1145,0.02206252599776315,1.812215054558,650.1770077832765,0,0
1146,0.02206252599776315,2.786900857475,650.1770077832765,0,0
1147,0.02206252599776315,1.693761041371,650.1770077832765,0,0
1148,0.02206252599776315,1.693398165551,650.1770077832765,0,0
1149,0.02206252599776315,1.470094388053,650.1770077832765,0,0
1150,0.02206252599776315,1.300331464216,650.1770077832765,0,0
1151,0.02206252599776315,1.302008901074,650.1770077832765,0,0
1152,0.02206252599776315,1.189692685347,650.1770077832765,0,0
1153,0.02206252599776315,1.215931375448,650.1770077832765,0,0
1154,0.02206252599776315,1.213154687479,650.1770077832765,0,0
1155,0.02206252599776315,1.231737942842,650.1770077832765,0,0
1156,0.02206252599776315,1.4220127733,650.1770077832765,0,0
1157,0.02206252599776315,1.541993098875,650.1770077832765,0,0
1158,0.02206252599776315,10.380582808532,650.1770077832765,0,0
1159,0.02206252599776315,2.282705901873,650.1770077832765,0,0
1160,0.02206252599776315,1.61407270381,650.1770077832765,0,0
1161,0.02206252599776315,1.328615570526,650.1770077832765,0,0
1162,0.02206252599776315,1.28211358169,650.1770077832765,0,0
1163,0.02206252599776315,1.62198648332,650.1770077832765,0,0
1164,0.02206252599776315,2.352678584511,650.1770077832765,0,0
1165,0.02206252599776315,1.204398452219,650.1770077832765,0,0
1166,0.02206252599776315,1.357597339235,650.1770077832765,0,0
1167,0.02206252599776315,2.001038293166,650.1770077832765,0,0
1168,0.02206252599776315,2.349626695784,650.1770077832765,0,0
1169,0.02206252599776315,9.636295341025,650.1770077832765,0,0
1170,0.02206252599776315,2.33030514077,650.1770077832765,0,0
1171,0.02206252599776315,1.943483723203,650.1770077832765,0,0
1172,0.02206252599776315,1.935925666171,650.1770077832765,0,0
1173,0.02206252599776315,1.931367079472,650.1770077832765,0,0
1174,0.02206252599776315,9.741618574603,650.1770077832765,0,0
1175,0.02206252599776315,9.735512301804,650.1770077832765,0,0
1176,0.02206252599776315,9.711681971681,650.1770077832765,0,0
1177,0.02206252599776315,9.714698006167,650.1770077832765,0,0
1178,0.02206252599776315,9.697560433307,650.1770077832765,0,0
1179,0.02206252599776315,19.314966741911,650.1770077832765,0,0
1180,0.02206252599776315,9.69940479947,650.1770077832765,0,0
1181,-0.0024410534842462805,9.692936543021,650.1770077832765,0,0
1182,-0.10575891586575392,2.309210837147,650.1770077832765,0,0
1183,-0.2198973225036689,1.833566039701,650.1770077832765,0,0
1184,-0.090105523567658,1.836035885628,650.1770077832765,0,0
1185,0.21563368872736688,2.31582092803,650.1770077832765,0,0
1186,0.5212962760251325,40.412258876274,650.1770077832765,0,0
1187,1.1676609672263947,32.235234544887,650.1770077832765,0,0
1188,0.8925717538367229,36.780988145229,650.1770077832765,0,0
1189,0.293457319876524,80.96870483883,650.1770077832765,0,0
1190,-0.04273485561661117,87.908647917531,650.1770077832765,0,0
1191,-0.04567944479716468,22.538683689218,650.1770077832765,0,0
1192,0.4121220745670684,22.03899548367,650.1770077832765,0,0
1193,0.8699728528581124,21.044868154328,650.1770077832765,0,0
1194,0.9999726339295489,75.964398858946,650.1770077832765,0,0
1195,0.9999726339295489,94.831540439641,650.1770077832765,0,0
1196,0.9999726339295489,126.090816331099,650.1770077832765,0,0
1197,0.9999726339295489,200.194059412242,650.1770077832765,0,0
1198,0.9999726339295489,268.326754527575,650.1770077832765,0,0
1199,0.9999726339295489,254.546155379255,650.1770077832765,0,0
1200,0.9999726339295489,324.545456172209,650.1770077832765,0,0
1201,0.9999726339295489,339.117963316522,650.1770077832765,0,0
1202,0.9999726339295489,335.423317372968,650.1770077832765,0,0
1203,0.9999726339295489,301.334609150409,650.1770077832765,0,0
1204,0.9999726339295489,295.63679240565,650.1770077832765,0,0
1205,0.9999726339295489,277.336517713818,650.1770077832765,0,0
1206,0.9999726339295489,323.866908685528,650.1770077832765,0,0
1207,0.9999726339295489,302.280597688488,650.1770077832765,0,0
1208,0.9999726339295489,279.899879267663,650.1770077832765,0,0
1209,0.9999726339295489,256.393859365144,650.1770077832765,0,0
1210,0.9999726339295489,230.894097748461,650.1770077832765,0,0
1211,0.9999726339295489,282.506231036229,650.1770077832765,0,0
1212,0.9999726339295489,294.402968761428,650.1770077832765,0,0
1213,0.9999726339295489,318.835472303152,650.1770077832765,0,0
1214,0.9999726339295489,304.907139336673,650.1770077832765,0,0
1215,0.9999726339295489,308.331679255594,650.1770077832765,0,0
1216,0.9999726339295489,257.406417703403,650.1770077832765,0,0
1217,0.9999726339295489,254.039283546342,650.1770077832765,0,0
1218,0.9999726339295489,288.501922086964,650.1770077832765,0,0
1219,0.9999726339295489,271.103937760343,650.1770077832765,0,0
1220,0.9999726339295489,287.096325963297,650.1770077832765,0,0
1221,0.9999726339295489,360.529884058446,650.1770077832765,0,0
1222,0.9999726339295489,377.701286244821,649.8774120293097,0,0
1223,0.9999726339295489,474.670273749305,649.8774120293097,0,0
1224,0.9999726339295489,434.890488294874,649.8774120293097,0,0
1225,0.9999726339295489,437.466871034453,649.8774120293097,0,0
1226,0.9999726339295489,400.438437613556,649.8774120293097,0,0
1227,0.9999726339295489,446.78110356233,649.8774120293097,0,0
1228,0.9999726339295489,407.893407196666,649.8774120293097,0,0
1229,0.9999726339295489,421.95011312514,649.8774120293097,0,0
1230,0.9999726339295489,458.460884668298,649.8774120293097,0,0
1231,0.9999726339295489,456.926448855865,649.8774120293097,0,0
1232,0.9999726339295489,430.372562438043,649.8774120293097,0,0
1233,0.9999726339295489,397.97256092888,649.8774120293097,0,0
1234,0.9999726339295489,396.066318882035,649.8774120293097,0,0
1235,0.9999726339295489,382.441249959446,649.8774120293097,0,0
1236,0.9999726339295489,370.660496236807,649.8774120293097,0,0
1237,0.9999726339295489,344.024051240712,649.8774120293097,0,0
1238,0.9999726339295489,276.884708331937,649.8774120293097,0,0
1239,0.9999726339295489,269.831572541459,649.8774120293097,0,0
1240,0.9999726339295489,230.606669127999,649.8774120293097,0,0
1241,0.9999726339295489,247.629896904,649.8774120293097,0,0
1242,0.9429253234669523,194.946824620538,649.8774120293097,0,0
1243,0.4855999737285719,188.102014044161,649.8774120293097,0,0
1244,0.028247257919735702,154.459987460129,649.8774120293097,0,0
1245,-0.2196783939400595,40.528726085573,649.8774120293097,0,0
1246,-0.21019331392166452,3.25827393884,649.8774120293097,0,0
1247,0.20571622479584684,12.540876848116,649.8774120293097,0,0
1248,0.17547671694726152,12.376248034339,649.8774120293097,0,0
1249,0.21917485824375493,1.928539811203,649.8774120293097,0,0
1250,0.14628259298990764,2.958066967684,649.8774120293097,0,1
1251,0.23560544694266627,1.901797291389,649.8774120293097,0,1
1252,0.17941195787814657,1.871044414229,649.8774120293097,0,1
1253,0.22410075092497106,43.260236948927,649.8774120293097,0,1
1254,0.20125008209821504,190.62316707501,649.8774120293097,0,1
1255,0.2683790529150364,311.125201878564,649.8774120293097,0,1
1256,0.10486678196904609,352.005068571671,649.8774120293097,0,1
1257,0.01678087440067788,338.284844436397,649.8774120293097,0,1
1258,0.009917463931520931,339.827588650926,649.8774120293097,0,1
1259,0.1856787880114692,360.383840613,649.8774120293097,0,1
1260,0.1891980646715008,400.272272221519,649.8774120293097,0,1
1261,0.18808152899708808,361.172452128332,649.8774120293097,0,1
1262,0.21269457276090709,390.059334998593,649.8774120293097,0,1
1263,0.2039100641460716,409.567201975456,649.8774120293097,0,1
1264,0.1734625741620457,425.407716108387,649.8774120293097,0,1
1265,0.17654399369485851,457.813851180112,649.8774120293097,0,1
1266,0.17349541344658936,468.474490705311,649.8774120293097,0,1
1267,0.20162773387043997,492.027104252591,649.8774120293097,0,1
1268,0.17336405630842378,498.573246350437,649.8774120293097,0,1
1269,0.18939510037874463,484.080777141849,649.8774120293097,0,1
1270,0.19180878779254185,501.510120163974,649.8774120293097,0,1
1271,0.1938010377213919,478.853863983298,649.8774120293097,0,1
1272,0.21777371543665458,460.639194467972,649.8774120293097,0,1
1273,0.18943888609146642,469.741861269908,649.8774120293097,0,1
1274,0.17915471681589934,422.224760009782,649.8774120293097,0,1
1275,0.18166144886923408,417.085970325913,650.1770077832765,0,1
1276,0.1936532609409547,350.955785866723,650.1770077832765,0,1
1277,0.20673971583072182,319.207031566367,650.1770077832765,0,1
1278,0.13398428092913428,275.0158235011,650.1770077832765,0,1
1279,0.2247903759003429,251.364103238341,650.1770077832765,0,1
1280,0.22627361691880266,278.349643802047,650.1770077832765,0,1
1281,0.24420386627843627,271.261383014224,650.1770077832765,0,1
1282,0.2514066160211903,330.590055754459,650.1770077832765,0,1
1283,0.1646342798344882,375.832843281091,650.1770077832765,0,1
1284,0.13941918252074115,423.202443675547,650.1770077832765,0,1
1285,0.17344068130568946,420.081153910301,650.1770077832765,0,1
1286,0.25089760711079956,424.692686788326,650.1770077832765,0,1
1287,0.25089760711079956,436.459843978541,650.1770077832765,0,1
1288,0.25089760711079956,454.353718340559,650.1770077832765,0,1
1289,0.25089760711079956,493.69612848003,650.1770077832765,0,1
1290,0.25089760711079956,506.66393012841,650.1770077832765,0,1
1291,0.25089760711079956,542.534030961029,650.1770077832765,0,1
1292,0.25089760711079956,519.36156084272,650.1770077832765,0,1
1293,0.25089760711079956,509.502871836864,650.1770077832765,0,1
1294,0.25089760711079956,506.699700598214,650.1770077832765,0,1
1295,0.25089760711079956,476.524439787367,650.1770077832765,0,1
1296,0.25089760711079956,479.925777247538,650.1770077832765,0,1
1297,0.25089760711079956,457.291462594456,650.1770077832765,0,1
1298,0.25089760711079956,419.226221530952,650.1770077832765,0,1
1299,0.25089760711079956,442.811260923879,650.1770077832765,0,1
1300,0.25089760711079956,364.752586694184,650.1770077832765,0,1
1301,0.25089760711079956,313.143253389511,650.1770077832765,0,1
1302,0.25089760711079956,246.424971518917,650.1770077832765,0,1
1303,0.25089760711079956,185.985945440759,650.1770077832765,0,1
1304,0.25089760711079956,115.987860490829,650.1770077832765,0,1
1305,0.25089760711079956,64.886051337692,650.1770077832765,0,1
1306,0.25089760711079956,28.206208742767,650.1770077832765,0,1
1307,0.25089760711079956,9.096891377575,650.1770077832765,0,1
1308,0.20915340324451903,9.408631607856,650.1770077832765,0,1
1309,0.16350132451781318,9.429686280858,650.1770077832765,0,1
1310,0.27894235610919704,18.589829883795,650.1770077832765,0,1
1311,0.374931584823871,27.787730906399,650.1770077832765,0,1
1312,0.37841802219935516,36.883034258016,650.1770077832765,0,1
1313,0.3815705935153354,54.945020132194,650.1770077832765,0,1
1314,0.38416489699411016,45.913331889811,650.1770077832765,0,1
1315,0.38612430763841654,36.841492907726,650.1770077832765,0,1
1316,0.3873612540228121,27.7358054306,650.1770077832765,0,1
1317,0.38735578080872113,27.712550766018,650.1770077832765,0,1
1318,0.38788668257547465,27.690208861313,650.1770077832765,0,1
1319,0.3877936379359409,27.577291163568,650.1770077832765,0,1
1320,0.38779911115003085,36.509588684286,650.1770077832765,0,1
1321,0.34355912165860214,36.594322585658,650.1770077832765,0,1
1322,0.261121571031373,27.504075091821,650.1770077832765,0,1
1323,0.2651060708890641,18.412791368511,650.1770077832765,0,1
1324,0.2651115441031576,27.455499232191,650.1770077832765,0,1
1325,0.2704424546270585,36.581916318964,650.1770077832765,0,1
1326,0.27714166867351564,36.817973748908,650.1770077832765,0,1
1327,0.2851544541016291,27.812373381033,650.1770077832765,0,1
1328,0.2944808109113992,36.938094122852,650.1770077832765,0,1
1329,0.30498938196465986,36.893939109955,650.1770077832765,0,1
1330,0.3166692208332428,36.81124061488,650.1770077832765,0,1
1331,0.3339755237865881,36.743154294667,650.1770077832765,0,1
1332,0.34707292510453736,36.684791788526,650.1770077832765,0,1
1333,0.36130328173916826,27.629233740944,650.1770077832765,0,1
1334,0.37653523655231247,27.595474421032,650.1770077832765,0,1
1335,0.3927523699017008,27.567887821467,650.1770077832765,0,1
1336,0.4099492085732417,18.40664730679,650.1770077832765,0,1
1337,0.4281148061387565,18.410818433881,650.1770077832765,0,1
1338,0.4472108500996119,27.4700844914,650.1770077832765,0,1
1339,0.4015259320883593,18.417056858922,650.1770077832765,0,1
1340,0.23550692908903526,27.581242332726,650.1770077832765,0,1
1341,0.28895833789434855,9.255788996043,650.1770077832765,0,1
1342,0.4587648050441133,18.283272989645,650.1770077832765,0,1
1343,0.46175317993738596,36.168993386412,650.1770077832765,0,1
1344,0.47820566149265464,64.835236695482,650.1770077832765,0,1
1345,0.4009567178229738,64.955909457531,650.1770077832765,0,1
1346,0.5049368391093986,73.692720288587,650.1770077832765,0,1
1347,0.6404755128401596,99.0841914973,650.1770077832765,0,1
1348,0.6429001466821368,123.345785564002,650.1770077832765,0,1
1349,0.6543501105589246,164.52283992778,650.1770077832765,0,1
1350,0.5803413096306667,171.801706826611,650.1770077832765,0,1
1351,0.5049806248221205,162.917625946948,650.1770077832765,0,1
1352,0.1725211813385299,97.065471713433,650.1770077832765,0,1
1353,-0.20449022483963253,63.397511319539,650.1770077832765,0,1
1354,-0.21968934036823762,9.106867471763,650.1770077832765,0,1
1355,-0.2197112332246034,1.576519840944,650.1770077832765,0,1
1356,-0.06188563171837291,1.369270751893,650.1770077832765,0,1
1357,-0.724631652691726,1.287348115344,650.1770077832765,0,1
1358,-0.9611565996015514,1.377047544239,650.1770077832765,0,1
1359,-1.0326477220482984,1.397911883448,650.1770077832765,0,1
1360,-1.031470981018892,1.393102234025,650.1770077832765,0,1
1361,-0.7246371259058202,1.372803701821,650.1770077832765,0,1
1362,-0.9600126978566887,1.361652305398,650.1770077832765,0,1
1363,-1.0801004882106953,1.371599037358,650.1770077832765,0,1
1364,-1.0801004882106953,1.372287064358,650.1770077832765,0,1
1365,-1.0801004882106953,1.376105238919,650.1770077832765,0,1
1366,-1.0801004882106953,1.405570500264,650.1770077832765,0,1
1367,-1.0801004882106953,1.418837635165,650.1770077832765,0,1
1368,-1.0801004882106953,1.454416974043,650.1770077832765,0,1
1369,-1.0801004882106953,1.490046295424,650.1770077832765,0,1
1370,-1.0801004882106953,1.522903910949,650.1770077832765,0,1
1371,-1.0801004882106953,1.573547499682,650.1770077832765,0,1
1372,-1.0801004882106953,1.607620858056,650.1770077832765,0,1
1373,-1.0801004882106953,1.628913687338,650.1770077832765,0,1
1374,-1.0801004882106953,1.615264214844,650.1770077832765,0,1
1375,-1.0801004882106953,1.609246279095,650.1770077832765,0,1
1376,-1.0801004882106953,1.618638560174,650.1770077832765,0,1
1377,-1.0801004882106953,1.622688692028,650.1770077832765,0,1
1378,-1.0801004882106953,1.617303885358,650.1770077832765,0,1
1379,-1.0801004882106953,1.659512617561,650.1770077832765,0,1
1380,-1.0801004882106953,1.691003705397,650.1770077832765,0,1
1381,-1.0801004882106953,1.71710433411,650.1770077832765,0,1
1382,-1.0801004882106953,1.768110424004,650.1770077832765,0,1
1383,-1.0801004882106953,1.774517635959,650.1770077832765,0,1
1384,-1.0801004882106953,1.787398062901,650.1770077832765,0,1
1385,-1.0801004882106953,1.761643783429,650.1770077832765,0,1
1386,-1.0801004882106953,1.735214817066,650.1770077832765,0,1
1387,-0.7893578825229381,1.703078237832,650.1770077832765,0,1
1388,-0.9728583313264902,1.671084553502,650.1770077832765,0,1
1389,-1.0302395078485946,1.679423404075,650.1770077832765,0,1
1390,-0.8493333625238115,1.72092692832,650.1770077832765,0,1
1391,-0.9083181907743536,1.908827463078,650.1770077832765,0,1
1392,-1.0125117674102988,1.98836188858,650.1770077832765,0,1
1393,-1.057868292576139,2.174474032337,650.1770077832765,0,1
1394,0.06467149769030311,1.953442634125,650.1770077832765,0,1
1395,0.5211156599601541,2.212301072772,650.1770077832765,0,1
1396,0.5180014011428069,2.356045612046,650.1770077832765,0,1
1397,-0.04572323050988647,2.700587325363,650.1770077832765,0,1
1398,0.3788832453970259,3.07864882233,650.1770077832765,0,1
1399,0.521121133174245,4.199907950159,650.1770077832765,0,1
1400,-0.5046467587626127,68.665226068725,650.1770077832765,0,1
1401,-0.9140541191409293,3.004955163284,650.1770077832765,0,1
1402,-0.9006447446198278,2.263343361609,650.1770077832765,0,1
1403,-0.8761685312082679,2.350580461415,650.1770077832765,0,1
1404,-0.8907053878319511,2.16846034561,650.1770077832765,0,1
1405,-0.8865840576220005,2.158573408004,650.1770077832765,0,1
1406,-0.8688125314709829,2.122009472696,650.1770077832765,0,1
1407,-0.8530934606038088,2.124542136139,650.1770077832765,0,1
1408,-0.8313429078091841,2.173308994215,650.1770077832765,0,1
1409,-0.8482387197057646,2.16333069865,650.1770077832765,0,1
1410,-0.829191934671718,2.154060188177,650.1770077832765,0,1
1411,-0.810960658537125,2.104252181191,650.1770077832765,0,1
1412,-0.7918974538608072,2.164963221643,650.1770077832765,0,1
1413,-0.8115353460165937,2.077528478837,650.1770077832765,0,1
1414,-0.9614576263765198,2.016593289831,650.1770077832765,0,1
1415,-0.9585677693368662,2.025736536162,650.1770077832765,0,1
1416,-0.9163309762024672,2.183415761119,650.1770077832765,0,1
1417,-0.9137366727236889,2.236647268103,650.1770077832765,0,1
1418,-0.8541443177091339,2.210025943555,650.1770077832765,0,1
1419,-0.8521301749239276,2.149425102026,650.1770077832765,0,1
1420,-0.8497274339383081,2.202690236476,650.1770077832765,0,1
1421,-0.8476530857981084,2.196444454082,650.1770077832765,0,1
1422,-0.7731790616721796,2.170525651707,650.1770077832765,0,1
1423,-0.7721884099218479,2.157631747334,650.1770077832765,0,1
1424,-0.9418197342207235,2.155971647407,650.1770077832765,0,1
1425,-0.9436477877268645,2.131144507062,650.1770077832765,0,1
1426,-0.9592136085995167,2.140311511022,650.1770077832765,0,1
1427,-0.9752993848107376,2.165653166876,650.1770077832765,0,1
1428,-0.9919707949296148,2.186548735732,650.1770077832765,0,1
1429,-1.0092716246688704,2.270996841817,650.1770077832765,0,1
1430,-1.0144383387700615,2.21370084609,650.1770077832765,0,1
1431,-0.9973126518816935,2.219926616845,650.1770077832765,0,1
1432,-0.9974604286621309,2.186328330344,650.1770077832765,0,1
1433,-0.9810790988900351,2.2422624567,650.1770077832765,0,1
1434,-0.9652724565974173,2.235462645493,650.1770077832765,0,1
1435,-0.9499638767870029,2.183038041259,650.1770077832765,0,1
1436,-0.9571611533156728,2.166828454097,650.1770077832765,0,1
1437,-0.9721413402806682,2.17544899076,650.1770077832765,0,1
1438,-0.9876031700856047,2.140339358975,650.1770077832765,0,1
1439,-1.0036615802263755,2.150400129423,650.1770077832765,0,1
1440,-1.020305624274803,2.1792694559,650.1770077832765,0,1
1441,-1.0270540972480662,2.290927722847,650.1770077832765,0,1
1442,-1.0107658121155074,2.167033093454,650.1770077832765,0,1
1443,-0.9950029555356119,2.124836238168,650.1770077832765,0,1
1444,-0.9797764739365569,2.098157617889,650.1770077832765,0,1
1445,-0.9651410994592515,2.04465093839,650.1770077832765,0,1
1446,-0.8500229874991834,2.054152765576,650.1770077832765,0,1
1447,-1.0354773737329488,2.076244796528,650.1770077832765,0,1
1448,-1.0738883902182725,2.0456027468,650.1770077832765,0,1
1449,-1.0738883902182725,2.070265696281,650.1770077832765,0,1
1450,-1.0738883902182725,2.151979960723,650.1770077832765,0,1
1451,-1.0738883902182725,2.192942769286,650.1770077832765,0,1
1452,-1.0738883902182725,2.221902438957,650.1770077832765,0,1
1453,-1.0738883902182725,2.179635252257,650.1770077832765,0,1
1454,-1.0738883902182725,2.097167289921,650.1770077832765,0,1
1455,-1.0738883902182725,1.853907359845,650.1770077832765,0,1
1456,-1.0738883902182725,1.793861895787,650.1770077832765,0,1
1457,-1.0738883902182725,1.912419719089,650.1770077832765,0,1
1458,-1.0738883902182725,2.026532326863,650.1770077832765,0,1
1459,-1.0738883902182725,1.966170458381,650.1770077832765,0,1
1460,-1.0738883902182725,1.856466464572,650.1770077832765,0,1
1461,-1.0738883902182725,1.760496755167,650.1770077832765,0,1
1462,-1.0738883902182725,1.624977823079,650.1770077832765,0,1
1463,-1.0738883902182725,1.589785023305,650.1770077832765,0,1
1464,-1.0738883902182725,1.603933362789,650.1770077832765,0,1
1465,-1.0738883902182725,1.595585748478,650.1770077832765,0,1
1466,-1.0738883902182725,1.599923605538,650.1770077832765,0,1
1467,-1.0738883902182725,1.598363866461,650.1770077832765,0,1
1468,-1.0738883902182725,1.597787465372,650.1770077832765,0,1
1469,-1.022593427764519,1.597069191658,650.1770077832765,0,1
1470,-0.6383847450576867,1.584387742736,650.1770077832765,0,1
1471,-0.21973859929505313,1.595629141198,650.1770077832765,0,1
1472,-0.2197221796527813,1.630470411144,650.1770077832765,0,1
1473,-0.21970028679641573,1.662821661532,650.1770077832765,0,1
1474,0.11397421021520637,1.696576899133,650.1770077832765,0,1
1475,0.5717538367230768,1.845504727226,650.1770077832765,0,1
1476,0.9999945267859099,1.953870407196,650.1770077832765,0,1
1477,0.9999945267859099,2.134788716142,650.1770077832765,0,1
1478,0.9999945267859099,2.228771554039,650.1770077832765,0,1
1479,0.9999945267859099,2.516504117736,650.1770077832765,0,1
1480,0.9999945267859099,2.537138922158,650.1770077832765,0,1
1481,0.9999945267859099,4.323301351772,650.1770077832765,0,1
1482,0.9999945267859099,4.246475730505,650.1770077832765,0,1
1483,0.9999945267859099,48.118562050155,650.1770077832765,0,1
1484,0.9999945267859099,47.30364222245,650.1770077832765,0,1
1485,0.9999945267859099,68.615160214234,650.1770077832765,0,1
1486,0.9999945267859099,46.890921307514,650.1770077832765,0,1
1487,0.9999945267859099,68.911318749017,650.1770077832765,0,1
1488,0.9999945267859099,24.273462680572,650.1770077832765,0,1
1489,0.9999945267859099,2.135899374928,650.1770077832765,0,1
1490,0.9999945267859099,2.110241622986,650.1770077832765,0,1
1491,0.9999945267859099,2.097771252711,650.1770077832765,0,1
1492,0.9999945267859099,2.067338914824,650.1770077832765,0,1
1493,0.9999945267859099,2.029268432494,650.1770077832765,0,1
1494,0.9999945267859099,1.97026894841,650.1770077832765,0,1
1495,0.9999945267859099,1.964422642999,650.1770077832765,0,1
1496,0.9999945267859099,1.989362580383,650.1770077832765,0,1
1497,0.9999945267859099,2.075360871337,650.1770077832765,0,1
1498,0.7374170808065321,2.181693861648,650.1770077832765,0,1
1499,0.279675766797291,2.434416296351,650.1770077832765,0,1
1500,-0.17800534185695072,2.413911323554,650.1770077832765,0,1
1501,0.3998730214331059,2.267382351927,650.1770077832765,0,0
1502,0.3991396107450129,2.106884544706,650.1770077832765,0,0
1503,0.3985758696937186,2.083283105064,650.1770077832765,0,0
1504,0.46688158153994264,1.917026224846,650.1770077832765,0,0
1505,0.15753004794535608,1.895252126027,650.1770077832765,0,0
1506,0.04639643584297892,1.881699165675,650.1770077832765,0,0
1507,0.5039626070013353,1.896724356567,650.1770077832765,0,0
1508,0.9614630995906033,1.955251887959,650.1770077832765,0,0
1509,0.9999945267859099,1.953462411938,650.1770077832765,0,0
1510,0.6370054951069464,1.98623543888,650.1770077832765,0,0
1511,0.17917660967226512,1.964815072175,650.1770077832765,0,0
1512,-0.20591873371719194,1.941188468357,650.1770077832765,0,0
1513,0.3998292357203841,1.915546118279,650.1770077832765,0,0
1514,0.39927644109726956,1.928374942368,650.1770077832765,0,0
1515,0.39927644109726956,1.940429819068,650.1770077832765,0,0
1516,0.4290507257481879,1.956429990631,650.1770077832765,0,0
1517,0.4670786172471919,1.893436478495,650.1770077832765,0,0
1518,-1.0946428177227574e-05,1.804490050612,650.1770077832765,0,0
1519,0.11480613875692236,1.83425650035,650.1770077832765,0,0
1520,0.5724872474111696,1.751220915933,650.1770077832765,0,0
1521,0.9999945267859099,1.777338307381,650.1770077832765,0,0
1522,0.5943034787748754,1.686808538329,650.1770077832765,0,0
1523,0.1367208879742563,1.713753715784,650.1770077832765,0,0
1524,-0.06878188147207376,1.720717123902,650.1770077832765,0,0
1525,0.39984565536265493,1.723825310502,650.1770077832765,0,0
1526,0.3993913785931642,1.752553031481,650.1770077832765,0,0
1527,0.46720450117126766,1.718505025694,650.1770077832765,0,0
1528,0.4672099743853576,1.684805544589,650.1770077832765,0,0
1529,-0.16138319066488926,1.725367009123,650.1770077832765,0,0
1530,0.1797458239376497,1.688353842533,650.1770077832765,0,0
1531,0.6373448343805413,1.682694024303,650.1770077832765,0,0
1532,0.9999945267859099,1.679367647737,649.8774120293097,0,0
1533,0.9780578847122186,2.368357174215,649.8774120293097,0,0
1534,0.522221249206383,3.197405626854,649.8774120293097,0,0
1535,0.06449088162532202,35.292475057828,649.8774120293097,0,0
1536,0.08954178251635958,178.732878779269,649.8774120293097,0,0
1537,0.3998730214331059,348.172551984854,649.8774120293097,0,0
1538,0.39948442323269806,382.316412114621,649.8774120293097,0,0
1539,0.46730301902489135,410.05048400837,649.8774120293097,0,0
1540,-0.20994701928760495,425.07578813507,650.1770077832765,0,0
1541,0.24432975020250813,448.184862965148,650.1770077832765,0,0
1542,0.7017207785099715,494.850829223748,650.1770077832765,0,0
1543,0.9999945267859099,508.518130746826,650.1770077832765,0,0
1544,0.9018379052915029,563.300373189739,650.1770077832765,0,0
1545,0.44439761805722766,586.625179874575,650.1770077832765,0,0
1546,-0.013354642380191573,623.394271330762,650.1770077832765,0,0
1547,0.2551557676730096,549.089109755151,650.1770077832765,0,0
1548,0.3998730214331059,494.014809642576,650.1770077832765,0,0
1549,0.39952820894542085,512.27229123153,650.1770077832765,0,0
1550,0.4673851172362451,507.170117864713,650.1770077832765,0,0
1551,-0.11182871029183272,474.04748136233,650.1770077832765,0,0
1552,0.34551853230290863,479.756750194479,650.1770077832765,0,0
1553,0.8030518641767186,535.658010517714,650.1770077832765,0,0
1554,1.0,608.934458687144,650.1770077832765,0,0
1555,1.0,560.748089236633,650.1770077832765,0,0
1556,1.0,601.433473144005,650.1770077832765,0,0
1557,1.0,599.897494486456,650.1770077832765,0,0
1558,1.0,560.576950740009,650.1770077832765,0,0
1559,1.0,549.862300285947,650.1770077832765,0,0
1560,1.0,531.169298876163,650.1770077832765,0,0
1561,1.0,502.140542589989,650.1770077832765,0,0
1562,1.0,518.71864821973,650.1770077832765,0,0
1563,1.0,497.776624146911,650.1770077832765,0,0
1564,1.0,523.125859480708,650.1770077832765,0,0
1565,1.0,493.743974561034,650.1770077832765,0,0
1566,1.0,486.526102457954,650.1770077832765,0,0
1567,1.0,495.899320535351,650.1770077832765,0,0
1568,1.0,528.000325714535,650.1770077832765,0,0
1569,1.0,554.029921906894,650.1770077832765,0,0
1570,1.0,538.825329802411,650.1770077832765,0,0
1571,1.0,515.456392374362,650.1770077832765,0,0
1572,1.0,512.613726273847,650.1770077832765,0,0
1573,1.0,453.840179337282,650.1770077832765,0,0
1574,1.0,379.530776352957,650.1770077832765,0,0
1575,1.0,392.244289707702,649.8774120293097,0,0
1576,1.0,385.777304753642,649.8774120293097,0,0
1577,0.9010716553188691,427.158456923913,649.8774120293097,0,0
1578,0.4435437966591492,383.898997285091,649.8774120293097,0,0
1579,-0.014235829848722847,260.919109580179,649.8774120293097,0,0
1580,0.26248440133984496,188.076442174525,649.8774120293097,0,0
1581,0.3998730214331059,141.97010455167,649.8774120293097,0,0
1582,0.3993475928804423,122.941143107897,649.8774120293097,0,0
1583,0.46699651903583816,53.704180261296,649.8774120293097,0,0
1584,-0.11673271011669262,3.202871777682,649.8774120293097,0,0
1585,0.34104691639118123,71.274251079234,649.8774120293097,0,0
1586,0.798640453619984,203.771658303876,649.8774120293097,0,0
1587,0.9999890535718199,224.009428696903,649.8774120293097,0,0
1588,0.9999890535718199,220.566447260601,649.8774120293097,0,0
1589,0.9999890535718199,362.543740243842,649.8774120293097,0,0
1590,0.9999890535718199,386.257870384189,649.8774120293097,0,0
1591,0.9999890535718199,407.624146358681,649.8774120293097,0,0
1592,0.9999890535718199,474.779067259047,649.8774120293097,0,0
1593,0.9999890535718199,609.972967973542,649.8774120293097,0,0
1594,0.9999890535718199,613.499223881418,650.1770077832765,0,0
1595,0.9999890535718199,602.877880495138,650.1770077832765,0,0
1596,0.9999890535718199,601.369693219553,650.1770077832765,0,0
1597,0.9999890535718199,497.911855445704,650.1770077832765,0,0
1598,0.9999890535718199,455.003681298669,650.1770077832765,0,0
1599,0.9999890535718199,457.822476924556,650.1770077832765,0,0
1600,0.9999890535718199,485.587126435196,650.1770077832765,0,0
1601,0.9999890535718199,470.717230546356,650.1770077832765,0,0
1602,0.9999890535718199,559.208517336652,650.1770077832765,0,0
1603,0.9999890535718199,576.299335478714,650.1770077832765,0,0
1604,0.9999890535718199,530.265853945424,650.1770077832765,0,0
1605,0.9999890535718199,423.909204904424,650.1770077832765,0,0
1606,0.9999890535718199,422.726663071776,650.1770077832765,0,0
1607,0.9999890535718199,363.469481403415,650.1770077832765,0,0
1608,0.9999890535718199,223.377532436679,650.1770077832765,0,0
1609,0.9999890535718199,103.707712535249,650.1770077832765,0,0
1610,0.5978391750771714,101.515249762578,650.1770077832765,0,0
1611,0.1403386824879007,3.49800207885,650.1770077832765,0,0
1612,-0.08116229174420675,2.921057047783,650.1770077832765,0,0
1613,0.3998730214331059,3.008964759582,650.1770077832765,0,0
1614,0.3995665214440518,3.868176440526,650.1770077832765,0,0
1615,0.4672537600980795,46.458926000048,650.1770077832765,0,0
1616,-0.1840149309280359,3.522796686697,650.1770077832765,0,0
1617,0.1819351095737436,92.646845606188,650.1770077832765,0,0
1618,0.6397804146506995,239.701269419545,650.1770077832765,0,0
1619,0.9999945267859099,320.487281623592,650.1770077832765,0,0
1620,0.9999945267859099,375.139123759861,650.1770077832765,0,0
1621,0.9999945267859099,431.666283423743,650.1770077832765,0,0
1622,0.9999945267859099,504.68316367054,650.1770077832765,0,0
1623,0.9999945267859099,551.945005186726,650.1770077832765,0,0
1624,0.9999945267859099,641.578271514361,650.1770077832765,0,0
1625,0.9999945267859099,645.327585012518,650.1770077832765,0,0
1626,0.9999945267859099,666.733378687574,650.1770077832765,1,0
1627,0.9999945267859099,674.472881054994,650.1770077832765,1,0
1628,0.9999945267859099,693.019739114027,650.1770077832765,1,0
1629,0.9999945267859099,675.298275451395,650.1770077832765,1,0
1630,0.9999945267859099,653.128809294057,650.1770077832765,1,0
1631,0.9999945267859099,665.041444196073,650.1770077832765,1,0
1632,0.9999945267859099,624.503484731714,650.1770077832765,0,0
1633,0.9999945267859099,608.757649322962,650.1770077832765,0,0
1634,0.9999945267859099,612.367828583463,650.1770077832765,0,0
1635,0.9999945267859099,563.988894972892,650.1770077832765,0,0
1636,0.9999945267859099,545.097627986442,650.1770077832765,0,0
1637,0.9999945267859099,447.01129477506,650.1770077832765,0,0
1638,0.9999945267859099,357.93622232284,650.1770077832765,0,0
1639,0.9999945267859099,385.633291755089,650.1770077832765,0,0
1640,0.9999945267859099,279.76520368854,650.1770077832765,0,0
1641,0.9999945267859099,169.058319419262,650.1770077832765,0,0
1642,0.9999945267859099,61.05981326429,650.1770077832765,0,0
1643,0.9999945267859099,103.991184199764,650.1770077832765,0,0
1644,0.9999945267859099,147.168630841058,650.1770077832765,0,0
1645,0.9999945267859099,242.613522374594,650.1770077832765,0,0
1646,0.9999945267859099,286.505021014677,650.1770077832765,0,0
1647,0.9999945267859099,378.184708357403,650.1770077832765,0,0
1648,0.9999945267859099,504.187353549967,650.1770077832765,0,0
1649,0.9999945267859099,536.316823642614,650.1770077832765,0,0
1650,0.9999945267859099,554.830488203671,650.1770077832765,0,0
1651,0.9999945267859099,548.14090248907,650.1770077832765,0,0
1652,0.9999945267859099,524.021837512993,650.1770077832765,0,0
1653,0.9999945267859099,503.392602909801,650.1770077832765,0,0
1654,0.9999945267859099,530.170618841406,650.1770077832765,0,0
1655,0.9999945267859099,532.778233571353,650.1770077832765,0,0
1656,0.9999945267859099,576.476790725308,650.1770077832765,0,0
1657,0.9999945267859099,614.992214959158,650.1770077832765,0,0
1658,0.9999945267859099,651.358669826718,650.1770077832765,1,0
1659,0.9999945267859099,666.874388326038,650.1770077832765,1,0
1660,0.9999945267859099,670.076601795418,650.1770077832765,1,0
1661,0.9999945267859099,647.757447966366,650.1770077832765,0,0
1662,0.9999945267859099,607.905967658354,650.1770077832765,0,0
1663,0.9969131072531037,541.32973192262,650.1770077832765,0,0
1664,0.5431125073888383,477.981509664099,650.1770077832765,0,0
1665,0.08537119337960264,463.237550559514,650.1770077832765,0,0
1666,-0.21969481358233134,343.437483697369,650.1770077832765,0,0
1667,0.35737898723646433,315.480153532714,650.1770077832765,0,0
1668,0.6220362545701335,227.731840395398,650.1770077832765,0,0
1669,0.6348654683976613,183.698861424739,650.1770077832765,0,0
1670,0.6586411104056745,202.570219344777,650.1770077832765,0,0
1671,0.8289730061081066,252.149980829439,650.1770077832765,0,0
1672,0.885801388007093,243.507088455326,650.1770077832765,0,0
1673,0.8991998161000063,113.256640055483,650.1770077832765,0,0
1674,0.9125544584801978,72.9100800891,650.1770077832765,0,0
1675,0.9258051097926745,211.467022497158,650.1770077832765,0,0
1676,0.9386124307638415,276.364303167155,650.1770077832765,0,0
1677,0.9508395910414431,377.075212359548,650.1770077832765,0,0
1678,0.9621363049237033,397.187961729042,650.1770077832765,0,0
1679,0.9723219563456447,424.016954431942,650.1770077832765,0,0
1680,0.901060708890689,494.655485599739,650.1770077832765,0,0
1681,0.399840182148564,466.946027419775,650.1770077832765,0,0
1682,0.399840182148564,461.222296344942,650.1770077832765,0,0
1683,0.3997416642949403,427.420848866473,650.1770077832765,0,0
1684,0.44122315388488664,425.895978286815,650.1770077832765,0,0
1685,0.46740153687851604,466.57006672455,650.1770077832765,0,0
1686,-0.11728003152571143,438.491083064943,650.1770077832765,0,0
1687,-0.2198206975064032,255.871102654073,650.1770077832765,0,0
1688,-0.2197331260809594,195.7424247063,650.1770077832765,0,0
1689,-0.21970576001050945,101.213136487784,650.1770077832765,0,0
1690,-0.5907130503316804,60.410363270102,650.1770077832765,0,0
1691,-0.37643671869869255,2.137716681334,650.1770077832765,0,0
1692,-0.4094456728769438,1.757131341794,650.1770077832765,0,0
1693,-0.5165181601243549,1.525136120473,650.1770077832765,0,0
1694,-0.608249228276817,1.476124254031,649.8774120293097,0,0
1695,-0.6082765943472672,1.437503709929,649.8774120293097,0,0
1696,-0.6082382818486389,1.409454584655,649.8774120293097,0,0
1697,-0.5918678985047212,1.628333547422,649.8774120293097,0,0
1698,-0.46842502791339236,1.677314684278,649.8774120293097,0,0
1699,-0.46842502791339236,1.93180199971,649.8774120293097,0,0
1700,-0.46842502791339236,1.919667700636,649.8774120293097,0,0
1701,-0.46842502791339236,2.42224027343,649.8774120293097,0,0
1702,-0.46842502791339236,3.978251036885,649.8774120293097,0,0
1703,-0.46842502791339236,17.702797277285,649.8774120293097,0,0
1704,-0.46842502791339236,155.775249545772,649.8774120293097,0,0
1705,-0.46842502791339236,182.980780530269,649.8774120293097,0,0
1706,-0.46842502791339236,295.57025804814,649.8774120293097,0,0
1707,-0.46842502791339236,288.359596988693,649.8774120293097,0,0
1708,-0.46842502791339236,328.961574915057,649.8774120293097,0,0
1709,-0.46842502791339236,351.846459017694,650.1770077832765,0,0
1710,-0.46842502791339236,338.118133302365,650.1770077832765,0,0
1711,-0.46842502791339236,294.781291614758,650.1770077832765,0,0
1712,-0.46842502791339236,296.035634222849,650.1770077832765,0,0
1713,-0.46842502791339236,310.039717530596,650.1770077832765,0,0
1714,-0.46842502791339236,265.300084065124,650.1770077832765,0,0
1715,-0.46842502791339236,170.374498769787,650.1770077832765,0,0
1716,-0.46842502791339236,80.036337417137,650.1770077832765,0,0
1717,-0.46842502791339236,59.449132291716,650.1770077832765,0,0
1718,-0.46842502791339236,28.288348123356,650.1770077832765,0,0
1719,-0.46842502791339236,2.296734095749,650.1770077832765,0,0
1720,-0.46842502791339236,2.499050006541,650.1770077832765,0,0
1721,-0.46842502791339236,2.206215421681,650.1770077832765,0,0
1722,-0.46842502791339236,1.97462139461,650.1770077832765,0,0
1723,-0.46842502791339236,2.147111469455,650.1770077832765,0,0
1724,-0.46842502791339236,2.020028815376,650.1770077832765,0,0
1725,-0.46842502791339236,1.990490172519,650.1770077832765,0,0
1726,-0.46842502791339236,1.789641676372,650.1770077832765,0,0
1727,-0.46842502791339236,2.051060034803,650.1770077832765,0,0
1728,-0.46842502791339236,2.05994378071,650.1770077832765,0,0
1729,-0.46842502791339236,2.242161932196,650.1770077832765,0,0
1730,-0.46842502791339236,2.956432564773,650.1770077832765,0,0
1731,-0.46842502791339236,44.897076439011,650.1770077832765,0,0
1732,-0.46842502791339236,64.238786497655,650.1770077832765,0,0
1733,-0.46842502791339236,158.02770176103,650.1770077832765,0,0
1734,-0.46842502791339236,238.412651143496,650.1770077832765,0,0
1735,-0.46842502791339236,301.720002869917,650.1770077832765,0,0
1736,-0.46842502791339236,334.136628651218,650.1770077832765,0,0
1737,-0.46842502791339236,236.540329240733,650.1770077832765,0,0
1738,-0.46842502791339236,190.893557417465,650.1770077832765,0,0
1739,-0.5079854193576632,191.170625667525,650.1770077832765,0,0
1740,-0.4682553582765987,125.757883972523,650.1770077832765,0,0
1741,-0.24458151805065964,90.591394700952,650.1770077832765,0,0
1742,-0.219727652866875,115.231249639124,650.1770077832765,0,0
1743,-0.21970028679641573,53.788747508781,650.1770077832765,0,0
1744,0.03657748976509012,51.675881113389,650.1770077832765,0,0
1745,0.4942257591347937,120.4358817188,650.1770077832765,0,0
1746,0.9517317249381526,124.694429965025,650.1770077832765,0,0
1747,0.9999890535718199,178.949372063327,650.1770077832765,0,0
1748,0.9999890535718199,99.583137429549,650.1770077832765,0,0
1749,0.9999890535718199,89.948636492304,650.1770077832765,0,0
1750,0.9999890535718199,75.394087386105,650.1770077832765,0,0
1751,0.9999890535718199,94.517540649525,650.1770077832765,0,0
1752,0.9999890535718199,111.902267284057,650.1770077832765,0,0
1753,0.9999890535718199,91.8488357597,650.1770077832765,0,0
1754,0.9999890535718199,106.048165088547,650.1770077832765,0,0
1755,0.9999890535718199,103.833976922423,650.1770077832765,0,0
1756,0.9999890535718199,136.092948814621,650.1770077832765,0,0
1757,0.9999890535718199,135.813431326487,650.1770077832765,0,0
1758,0.9999890535718199,136.88942097212,650.1770077832765,0,0
1759,0.9999890535718199,206.89953145737,650.1770077832765,0,0
1760,0.9999890535718199,212.85838240523,650.1770077832765,0,0
1761,0.9999890535718199,216.91628958201,650.1770077832765,0,0
1762,0.9999890535718199,180.959448455982,650.1770077832765,0,0
1763,0.9999890535718199,141.67811618156,650.1770077832765,0,0
1764,0.9999890535718199,83.527959525955,650.1770077832765,0,0
1765,0.9999890535718199,3.742827840111,650.1770077832765,0,0
1766,0.9999890535718199,2.963687760028,650.1770077832765,0,0
1767,0.9999890535718199,2.643045436502,650.1770077832765,0,0
1768,0.9999890535718199,2.467902247306,650.1770077832765,0,0
1769,0.9999890535718199,3.216502154868,650.1770077832765,0,0
1770,0.9999890535718199,4.176661030171,650.1770077832765,0,0
1771,0.9999890535718199,17.881312950822,650.1770077832765,0,0
1772,0.9999890535718199,36.040033227027,650.1770077832765,0,0
1773,0.9999890535718199,54.075062496981,650.1770077832765,0,0
1774,0.9999890535718199,53.08675666746,650.1770077832765,0,0
1775,0.9999890535718199,102.724658454706,650.1770077832765,0,0
1776,0.9999890535718199,202.318239920399,650.1770077832765,0,0
1777,0.9999890535718199,244.39712114631,649.8774120293097,0,0
1778,0.9999890535718199,249.295362886275,649.8774120293097,0,0
1779,0.9999890535718199,365.088855944459,650.1770077832765,0,0
1780,0.9999890535718199,474.779527122355,650.1770077832765,0,0
1781,0.9999890535718199,432.630058176259,650.1770077832765,0,0
1782,0.9999890535718199,390.267678282033,650.1770077832765,0,0
1783,0.9999890535718199,379.219706507708,650.1770077832765,0,0
1784,0.9999890535718199,386.672778049761,650.1770077832765,0,0
1785,0.9999890535718199,365.91565279661,650.1770077832765,0,0
1786,0.9999890535718199,342.281876516802,650.1770077832765,0,0
1787,0.9999890535718199,358.201622440665,650.1770077832765,0,0
1788,0.9999890535718199,310.866199222143,650.1770077832765,0,0
1789,0.9999890535718199,176.441025258244,650.1770077832765,0,0
1790,0.9999890535718199,97.017953511931,650.1770077832765,0,0
1791,0.9999890535718199,3.778006605348,650.1770077832765,0,0
1792,0.8755172187315279,2.072872860957,650.1770077832765,0,0
1793,0.41780874400683043,1.728700264139,650.1770077832765,0,0
1794,-0.039664382511985785,1.779761213402,650.1770077832765,0,0
1795,0.31739168509314897,1.686525407349,650.1770077832765,0,0
1796,0.3998730214331059,1.680740879571,650.1770077832765,0,0
1797,0.3991833964577348,1.57475316167,650.1770077832765,0,0
1798,0.46669549226087503,1.537568627365,650.1770077832765,0,0
1799,-0.09859995183572168,1.45580688426,650.1770077832765,0,0
1800,0.3591030496748905,1.437684481127,650.1770077832765,0,0
1801,0.8165925958359785,1.451767552944,650.1770077832765,0,0
1802,0.9999890535718199,1.484210087526,650.1770077832765,0,0
1803,0.9999890535718199,2.188519686596,650.1770077832765,0,0
1804,0.9999890535718199,3.044086983763,650.1770077832765,0,0
1805,0.9999890535718199,196.711228333763,650.1770077832765,0,0
1806,0.9999890535718199,318.280835278019,650.1770077832765,0,0
1807,0.9999890535718199,460.060462659273,650.1770077832765,0,0
1808,0.9999890535718199,541.879823483042,650.1770077832765,0,0
1809,0.9999890535718199,564.183016219066,650.1770077832765,0,0
1810,0.9999890535718199,545.67531525181,650.1770077832765,0,0
1811,0.9999890535718199,512.088662897605,650.1770077832765,0,0
1812,0.9999890535718199,475.732088502006,650.1770077832765,0,0
1813,0.9999890535718199,459.948655673715,650.1770077832765,0,0
1814,0.9999890535718199,483.73166485932,650.1770077832765,0,0
1815,0.9999890535718199,498.120326907258,650.1770077832765,0,0
1816,0.9999890535718199,541.104001375943,650.1770077832765,0,0
1817,0.9999890535718199,580.224436132801,650.1770077832765,0,0
1818,0.9999890535718199,603.088866945756,650.1770077832765,0,0
1819,0.9999890535718199,609.033213323832,650.1770077832765,0,0
1820,0.9999890535718199,616.410871890829,650.1770077832765,0,0
1821,0.9999890535718199,582.853728081228,650.1770077832765,0,0
1822,0.9999890535718199,537.170659653531,650.1770077832765,0,0
1823,0.9999890535718199,482.742098766713,650.1770077832765,0,0
1824,0.9999890535718199,453.900239543184,650.1770077832765,0,0
1825,0.9999890535718199,428.780737162058,650.1770077832765,0,0
1826,0.9999890535718199,411.51565458244,650.1770077832765,0,0
1827,0.9999890535718199,414.567577674283,650.1770077832765,0,0
1828,0.9999890535718199,424.034273121874,650.1770077832765,0,0
1829,0.9999890535718199,431.87868188329,650.1770077832765,0,0
1830,0.9999890535718199,480.954015518711,650.1770077832765,0,0
1831,0.9999890535718199,514.985859598571,650.1770077832765,0,0
1832,0.9999890535718199,525.041029137297,650.1770077832765,0,0
1833,0.9999890535718199,498.646877285488,650.1770077832765,0,0
1834,0.9999890535718199,500.076226783274,650.1770077832765,0,0
1835,0.9999890535718199,469.942036699601,650.1770077832765,0,0
1836,0.9999890535718199,478.284578465979,650.1770077832765,0,0
1837,0.9999890535718199,491.450403687081,650.1770077832765,0,0
1838,0.9999890535718199,518.662319490799,650.1770077832765,0,0
1839,0.9999890535718199,546.752430344882,650.1770077832765,0,0
1840,0.9999890535718199,585.633647962743,650.1770077832765,0,0
1841,0.9999890535718199,611.42209060374,650.1770077832765,0,0
1842,0.9999890535718199,632.309540175894,650.1770077832765,0,0
1843,0.9999890535718199,619.988957094425,650.1770077832765,0,0
1844,0.9999890535718199,590.641133028048,650.1770077832765,0,0
1845,0.9999890535718199,539.177451707341,650.1770077832765,0,0
1846,0.8883464325590558,486.543726562992,650.1770077832765,0,0
1847,0.4308240471134259,431.434333509289,650.1770077832765,0,0
1848,-0.026610766906762118,444.834073034569,650.1770077832765,0,0
1849,0.2777382490093502,337.680787481598,650.1770077832765,0,0
1850,0.3998730214331059,334.112465096674,650.1770077832765,0,0
1851,0.3994023250213452,225.703089009092,650.1770077832765,0,0
1852,0.46700746546401817,171.725622173418,650.1770077832765,0,0
1853,-0.10907021039035425,51.017051799512,650.1770077832765,0,0
1854,0.3487203625457007,1.789218910381,650.1770077832765,0,0
1855,0.8062099087067887,76.124273981556,650.1770077832765,0,0
1856,0.9999945267859099,28.529624139656,650.1770077832765,0,0
1857,0.9999945267859099,55.659072599908,650.1770077832765,0,0
1858,0.9999945267859099,85.618129693614,650.1770077832765,0,0
1859,0.9999945267859099,216.758153602069,650.1770077832765,0,0
1860,0.9999945267859099,309.348015948594,650.1770077832765,0,0
1861,0.9999945267859099,356.589290553995,650.1770077832765,0,0
1862,0.9999945267859099,480.620738921712,650.1770077832765,0,0
1863,0.9999945267859099,510.183250058275,650.1770077832765,0,0
1864,0.9999945267859099,546.49853447851,650.1770077832765,0,0
1865,0.9999945267859099,515.376514594124,650.1770077832765,0,0
1866,0.9999945267859099,480.384230952509,650.1770077832765,0,0
1867,0.9999945267859099,464.296721957728,650.1770077832765,0,0
1868,0.9999945267859099,487.17484460103,650.1770077832765,0,0
1869,0.9999945267859099,501.511075824012,650.1770077832765,0,0
1870,0.9999945267859099,544.163699538232,650.1770077832765,0,0
1871,0.9999945267859099,583.820604021918,650.1770077832765,0,0
1872,0.9999945267859099,606.509916595499,650.1770077832765,0,0
1873,0.9999945267859099,607.607005284797,650.1770077832765,0,0
1874,0.9999945267859099,612.079846676805,650.1770077832765,0,0
1875,0.9999945267859099,588.717959153182,650.1770077832765,0,0
1876,0.9999945267859099,542.459812716776,650.1770077832765,0,0
1877,0.9999945267859099,487.930333747508,650.1770077832765,0,0
1878,0.9999945267859099,457.508540469105,650.1770077832765,0,0
1879,0.9999945267859099,431.916972146889,650.1770077832765,0,0
1880,0.9999945267859099,403.458356024064,650.1770077832765,0,0
1881,0.9999945267859099,417.420723210164,650.1770077832765,0,0
1882,0.9999945267859099,426.823086515757,650.1770077832765,0,0
1883,0.9999945267859099,434.781165318386,650.1770077832765,0,0
1884,0.9999945267859099,470.876778687794,650.1770077832765,0,0
1885,0.9999945267859099,518.93350701522,650.1770077832765,0,0
1886,0.9999945267859099,529.060407739823,650.1770077832765,0,0
1887,0.9999945267859099,503.773290860147,650.1770077832765,0,0
1888,0.9999945267859099,505.08533397438,650.1770077832765,0,0
1889,0.9999945267859099,475.152075242741,650.1770077832765,0,0
1890,0.9999945267859099,482.372373626822,650.1770077832765,0,0
1891,0.9999945267859099,494.972327795036,650.1770077832765,0,0
1892,0.9999945267859099,521.831266602522,650.1770077832765,0,0
1893,0.9999945267859099,550.120817924594,650.1770077832765,0,0
1894,0.9999945267859099,589.012822359986,650.1770077832765,0,0
1895,0.9999945267859099,615.630258563193,650.1770077832765,0,0
1896,0.9999945267859099,636.5864384975,650.1770077832765,0,0
1897,0.9999945267859099,625.197102432652,650.1770077832765,0,0
1898,0.9999945267859099,595.984843736493,650.1770077832765,0,0
1899,0.9999945267859099,545.07890306373,650.1770077832765,0,0
1900,0.9999945267859099,493.447860129407,650.1770077832765,0,0
1901,0.9999945267859099,453.518362910494,650.1770077832765,0,0
1902,0.9999945267859099,465.973513318702,650.1770077832765,0,0
1903,0.9999945267859099,486.717146645909,650.1770077832765,0,0
1904,0.9999945267859099,512.248768853562,650.1770077832765,0,0
1905,0.9999945267859099,489.874584608593,650.1770077832765,0,0
1906,0.9999945267859099,468.285158036236,650.1770077832765,0,0
1907,0.9999945267859099,416.61580738971,650.1770077832765,0,0
1908,0.9999945267859099,381.154934495085,650.1770077832765,0,0
1909,0.9999945267859099,341.985335124228,650.1770077832765,0,0
1910,0.9999945267859099,322.691586573791,650.1770077832765,0,0
1911,0.9999945267859099,291.098065454253,650.1770077832765,0,0
1912,0.9999945267859099,290.237220840535,650.1770077832765,0,0
1913,0.9999945267859099,313.875794204236,650.1770077832765,0,0
1914,0.9999945267859099,317.756097031869,650.1770077832765,0,0
1915,0.9999945267859099,307.44995838541,650.1770077832765,0,0
1916,0.9999945267859099,264.690933605356,650.1770077832765,0,0
1917,0.9999945267859099,123.712830043686,650.1770077832765,0,0
1918,0.9999945267859099,30.675044166132,650.1770077832765,0,0
1919,0.9999945267859099,1.0,650.1770077832765,0,0
1920,0.9999945267859099,1.0,650.1770077832765,0,0
1921,0.9999945267859099,1.0,650.1770077832765,0,0
1922,0.9999945267859099,1.0,650.1770077832765,0,0
1923,0.9999945267859099,1.0,650.1770077832765,0,0
1924,0.9999945267859099,1.0,650.1770077832765,0,0
1925,0.9999945267859099,1.0,650.1770077832765,0,0
1926,0.9999945267859099,1.0,650.1770077832765,0,0
1927,0.9999945267859099,1.0,650.1770077832765,0,0
1928,0.9999945267859099,1.0,650.1770077832765,0,0
1929,0.9999945267859099,1.0,650.1770077832765,0,0
1930,0.9999945267859099,1.0,650.1770077832765,0,0
1931,0.9999945267859099,1.0,650.1770077832765,0,0
1932,0.9999945267859099,1.0,650.1770077832765,0,0
1933,0.9999945267859099,1.0,650.1770077832765,0,0
1934,0.9999945267859099,1.0,650.1770077832765,0,0
1935,0.9999945267859099,1.0,650.1770077832765,0,0
1936,0.9999945267859099,1.0,650.1770077832765,0,0
1937,0.9999945267859099,1.0,650.1770077832765,0,0
1938,0.9999945267859099,1.0,650.1770077832765,0,0
1939,0.9999945267859099,1.0,650.1770077832765,0,0
1940,0.9999945267859099,1.0,650.1770077832765,0,0
1941,0.9999945267859099,1.0,650.1770077832765,0,0
1942,0.9999945267859099,1.0,650.1770077832765,0,0
1943,0.9999945267859099,1.0,650.1770077832765,0,0
1944,0.9999945267859099,1.0,650.1770077832765,0,0
1945,0.9999945267859099,1.0,650.1770077832765,0,0
1946,0.9999945267859099,1.0,650.1770077832765,0,0
1947,0.9999945267859099,1.0,650.1770077832765,0,0
1948,0.9799297239310814,3.584931484948,650.1770077832765,0,0
1949,0.5241040348534267,83.83887502923,650.1770077832765,0,0
1950,0.06659259583598143,214.626513639218,650.1770077832765,0,0
1951,-0.21969481358233134,312.815645309394,650.1770077832765,0,0
1952,-0.21970576001050945,317.940223665184,650.1770077832765,0,0
1953,-0.2197112332246034,232.619243499941,650.1770077832765,0,0
1954,0.07555224730170451,213.021705723886,650.1770077832765,0,0
1955,0.3212284081704131,161.656752187627,650.1770077832765,0,0
1956,0.36256759419401385,304.240589429848,650.1770077832765,0,0
1957,0.5793944435930553,320.614219597392,650.1770077832765,0,0
1958,-0.14871817326006886,349.097725644357,650.1770077832765,0,0
1959,-0.21969481358233134,303.3811631381,650.1770077832765,0,0
1960,-0.21970028679641573,266.900914376812,650.1770077832765,0,0
1961,-0.2130886441754023,207.473815951753,650.1770077832765,0,0
1962,0.4000043785712716,222.694608040387,650.1770077832765,0,0
1963,0.46778466186483303,352.155266664685,650.1770077832765,0,0
1964,0.29824638220548094,349.632496788896,650.1770077832765,0,0
1965,0.34986973750465156,360.145096887727,650.1770077832765,0,0
1966,0.6597850121505353,391.75206518858,650.1770077832765,0,0
1967,0.811075596033014,393.464003501941,650.1770077832765,0,0
1968,0.689794645007334,477.204960124806,650.1770077832765,0,0
1969,0.45699695689296527,450.989605792785,650.1770077832765,0,0
1970,0.48893316110952956,462.215933080204,650.1770077832765,0,0
1971,0.7165422422663478,495.609207164606,650.1770077832765,0,0
1972,0.7165477154804387,551.040237955689,650.1770077832765,0,0
1973,0.7165477154804387,581.88600222878,650.1770077832765,0,0
1974,0.4889824200363414,585.320541155373,650.1770077832765,0,0
1975,0.45309455524662234,555.486166623661,650.1770077832765,0,0
1976,0.6594183068064883,568.736969581751,650.1770077832765,0,0
1977,0.7624844013398426,565.102973853645,650.1770077832765,0,0
1978,0.7624844013398426,601.566291143089,650.1770077832765,0,0
1979,0.7624844013398426,610.143781581436,649.8774120293097,0,0
1980,0.7624844013398426,614.831229911633,649.8774120293097,0,0
1981,0.7624844013398426,594.460144099565,649.8774120293097,0,0
1982,0.7624844013398426,577.013489461505,649.8774120293097,0,0
1983,0.7624844013398426,539.410542324969,649.8774120293097,0,0
1984,0.7624844013398426,481.243051629622,649.8774120293097,0,0
1985,0.7624844013398426,388.937611173522,649.8774120293097,0,0
1986,0.7624844013398426,355.753854759295,649.8774120293097,0,0
1987,0.7624844013398426,318.988608126034,649.8774120293097,0,0
1988,0.7624844013398426,364.552013927124,649.8774120293097,0,0
1989,0.7624844013398426,467.649599447694,649.8774120293097,0,0
1990,0.7624844013398426,475.638254918255,649.8774120293097,0,0
1991,0.7624844013398426,544.059357143682,649.8774120293097,0,0
1992,0.7624844013398426,548.47083307739,649.8774120293097,0,0
1993,0.7624844013398426,545.245212695639,649.8774120293097,0,0
1994,0.7624844013398426,559.826127935412,649.8774120293097,0,0
1995,0.7624844013398426,606.278707636295,649.8774120293097,0,0
1996,0.7624844013398426,627.201283313854,649.8774120293097,0,0
1997,0.7624844013398426,687.15496694103,649.8774120293097,1,0
1998,0.7624844013398426,685.587293622698,649.8774120293097,1,0
1999,0.7624844013398426,689.596103242974,649.8774120293097,1,0
2000,0.7624844013398426,685.162824023968,649.8774120293097,1,0
2001,0.7624844013398426,652.26444115568,649.8774120293097,1,0
2002,0.7624844013398426,678.324783139115,649.8774120293097,1,0
2003,0.7624844013398426,682.366352964544,649.8774120293097,1,0
2004,0.7624844013398426,642.243006977068,649.8774120293097,0,0
2005,0.655975655143726,604.325532097116,649.8774120293097,0,0
2006,0.13005998642642735,516.47824973492,649.8774120293097,0,0
2007,-0.08483481839876039,337.950283897409,649.8774120293097,0,0
2008,0.37268756704687234,152.657104428614,649.8774120293097,0,0
2009,0.8305219256956453,148.914309943486,649.8774120293097,0,0
2010,0.9999945267859099,245.353083770755,649.8774120293097,0,0
2011,0.9999945267859099,308.333697869075,649.8774120293097,0,0
2012,0.9999945267859099,222.98448176673,649.8774120293097,0,0
2013,0.9999945267859099,143.90353219332,649.8774120293097,0,0
2014,0.9999945267859099,193.988654804085,649.8774120293097,0,0
2015,0.9999945267859099,251.561820170467,649.8774120293097,0,0
2016,0.9999945267859099,190.39867382189,649.8774120293097,0,0
2017,0.9999945267859099,249.952131375128,649.8774120293097,0,0
2018,0.9999945267859099,306.056079977853,649.8774120293097,0,0
2019,0.9999945267859099,319.938075971557,649.8774120293097,0,0
2020,0.9999945267859099,266.653551419548,649.8774120293097,0,0
2021,0.9999945267859099,225.347649960655,649.8774120293097,0,0
2022,0.9999945267859099,257.375296856879,649.8774120293097,0,0
2023,0.9999945267859099,357.050691244005,649.8774120293097,0,0
2024,0.9999945267859099,345.855669986104,649.8774120293097,0,0
2025,0.9999945267859099,398.39721807487,649.8774120293097,0,0
2026,0.9999945267859099,411.069698806712,649.8774120293097,0,0
2027,0.9999945267859099,415.093734472989,649.8774120293097,0,0
2028,0.9999945267859099,452.421291976369,649.8774120293097,0,0
2029,0.9999945267859099,450.229088996139,649.8774120293097,0,0
2030,0.9999945267859099,438.640152925937,649.8774120293097,0,0
2031,0.9999945267859099,416.274403453614,649.8774120293097,0,0
2032,0.9999945267859099,413.377806856799,649.8774120293097,0,0
2033,0.9999945267859099,403.935893647312,649.8774120293097,0,0
2034,0.9999945267859099,368.505487559653,649.8774120293097,0,0
2035,0.9999945267859099,360.30716395252,649.8774120293097,0,0
2036,0.9999945267859099,350.245629730794,649.8774120293097,0,0
2037,0.9999945267859099,372.641333713937,649.8774120293097,0,0
