timestep,value,score,threshold,anomaly,evaluation_label
64,-0.050691642651298,0.96421265846,1.27383711867796,0,0
65,-0.050691642651298,0.961689697683,1.27383711867796,0,0
66,-0.050691642651298,0.96273390263,1.27383711867796,0,0
67,-0.05990814121037502,0.957982133369,1.27383711867796,0,0
68,-0.05990814121037502,0.961732501341,1.27383711867796,0,0
69,-0.06912463976945205,0.960321345221,1.27383711867796,0,0
70,-0.06912463976945205,0.959372057056,1.27383711867796,0,0
71,-0.07834113832853085,0.958331974218,1.27383711867796,0,0
72,-0.07834113832853085,0.962860205299,1.27383711867796,0,0
73,-0.07834113832853085,0.961872207265,1.27383711867796,0,0
74,-0.07834113832853085,0.960546349173,1.27383711867796,0,0
75,-0.07834113832853085,0.961823181277,1.27383711867796,0,0
76,-0.07834113832853085,0.959115666807,1.27383711867796,0,0
77,-0.08755763688760787,0.959976587417,1.27383711867796,0,0
78,-0.08755763688760787,0.961028343959,1.27383711867796,0,0
79,-0.0967741354466849,0.962903102836,1.27383711867796,0,0
80,-0.0967741354466849,0.962806686637,1.27383711867796,0,0
81,-0.0967741354466849,0.964547143501,1.27383711867796,0,0
82,-0.0967741354466849,0.960576401102,1.27383711867796,0,0
83,-0.0967741354466849,0.962727667506,1.27383711867796,0,0
84,-0.1059906340057637,0.95924712908,1.27383711867796,0,0
85,-0.0967741354466849,0.960223555497,1.27383711867796,0,0
86,-0.1059906340057637,0.957606303873,1.27383711867796,0,0
87,-0.0967741354466849,0.959835102534,1.27383711867796,0,0
88,-0.1059906340057637,0.959108373559,1.27383711867796,0,0
89,-0.1059906340057637,0.959905418941,1.27383711867796,0,0
90,-0.1059906340057637,0.95724444594,1.27383711867796,0,0
91,-0.11520803314120975,0.957417100016,1.27383711867796,0,0
92,-0.11520803314120975,0.958000250616,1.27383711867796,0,0
93,-0.11520803314120975,0.958328666701,1.27383711867796,0,0
94,-0.11520803314120975,0.956386792713,1.27383711867796,0,0
95,-0.11520803314120975,0.95514848111,1.27383711867796,0,0
96,-0.12442453170028678,0.958433563489,1.27383711867796,0,0
97,-0.11520803314120975,0.958608487223,1.27383711867796,0,0
98,-0.12442453170028678,0.960753927676,1.27383711867796,0,0
99,-0.11520803314120975,0.961470839192,1.27383711867796,0,0
100,-0.12442453170028678,0.958244399209,1.27383711867796,0,0
101,-0.12442453170028678,0.962341296134,1.27383711867796,0,0
102,-0.13364103025936558,0.964906129631,1.27383711867796,0,0
103,-0.12442453170028678,0.961795171622,1.27383711867796,0,0
104,-0.12442453170028678,0.96232607826,1.27383711867796,0,0
105,-0.12442453170028678,0.963494880764,1.27383711867796,0,0
106,-0.13364103025936558,0.964087662564,1.27383711867796,0,0
107,-0.13364103025936558,0.965395710062,1.27383711867796,0,0
108,-0.12442453170028678,0.963021171316,1.27383711867796,0,0
109,-0.13364103025936558,0.967978853735,1.27383711867796,0,0
110,-0.13364103025936558,0.966347080587,1.27383711867796,0,0
111,-0.13364103025936558,0.963163591494,1.27383711867796,0,0
112,-0.13364103025936558,0.964098288828,1.27383711867796,0,0
113,-0.1428575288184426,0.964066702048,1.27383711867796,0,0
114,-0.13364103025936558,0.963607674378,1.27383711867796,0,0
115,-0.13364103025936558,0.963788009109,1.27383711867796,0,0
116,-0.13364103025936558,0.96694825574,1.27383711867796,0,0
117,-0.1428575288184426,0.966011881167,1.27383711867796,0,0
118,-0.13364103025936558,0.967529837369,1.27383711867796,0,0
119,-0.1428575288184426,0.967969858909,1.27383711867796,0,0
120,-0.13364103025936558,0.967060937522,1.27383711867796,0,0
121,-0.13364103025936558,0.966803758337,1.27383711867796,0,0
122,-0.1428575288184426,0.96250378343,1.27383711867796,0,0
123,-0.1428575288184426,0.964271766906,1.27383711867796,0,0
124,-0.1428575288184426,0.963163963357,1.27383711867796,0,0
125,-0.1428575288184426,0.961797371279,1.27383711867796,0,0
126,-0.1520740273775214,0.960699599074,1.27383711867796,0,0
127,-0.1520740273775214,0.961525848764,1.27383711867796,0,0
128,-0.1428575288184426,0.961749962917,1.27383711867796,0,0
129,-0.1428575288184426,0.960042057291,1.27383711867796,0,0
130,-0.1428575288184426,0.962106469637,1.27383711867796,0,0
131,-0.1520740273775214,0.96056097809,1.27383711867796,0,0
132,-0.1520740273775214,0.960241631128,1.27383711867796,0,0
133,-0.1520740273775214,0.960265574073,1.27383711867796,0,0
134,-0.1520740273775214,0.960348553719,1.27383711867796,0,0
135,-0.1428575288184426,0.963188859106,1.27383711867796,0,0
136,-0.1428575288184426,0.959734693317,1.27383711867796,0,0
137,-0.1428575288184426,0.961199348312,1.27383711867796,0,0
138,-0.1520740273775214,0.958291889427,1.27383711867796,0,0
139,-0.1520740273775214,0.959664446432,1.27383711867796,0,0
140,-0.1428575288184426,0.96120806412,1.27383711867796,0,0
141,-0.1520740273775214,0.959264269854,1.27383711867796,0,0
142,-0.1520740273775214,0.961423428757,1.27383711867796,0,0
143,-0.1428575288184426,0.959673089061,1.27383711867796,0,0
144,-0.1520740273775214,0.963182790698,1.27383711867796,0,0
145,-0.1612905259366002,0.958754745463,1.27383711867796,0,0
146,-0.1520740273775214,0.958240808642,1.27383711867796,0,0
147,-0.1520740273775214,0.960078419194,1.27383711867796,0,0
148,-0.1428575288184426,0.957718396498,1.27383711867796,0,0
149,-0.1520740273775214,0.961207306551,1.27383711867796,0,0
150,-0.1520740273775214,0.957746589453,1.27383711867796,0,0
151,-0.1612905259366002,0.957907055558,1.27383711867796,0,0
152,-0.1520740273775214,0.957892346291,1.27383711867796,0,0
153,-0.1520740273775214,0.958805439205,1.27383711867796,0,0
154,-0.1612905259366002,0.957086854603,1.27383711867796,0,0
155,-0.1520740273775214,0.957887110642,1.27383711867796,0,0
156,-0.1612905259366002,0.956362469691,1.27383711867796,0,0
157,-0.1520740273775214,0.956319910546,1.27383711867796,0,0
158,-0.22580691642651196,0.953745126761,1.27383711867796,0,0
159,-0.1612905259366002,0.954748661126,1.27383711867796,0,0
160,-0.18894002161383305,0.955218342133,1.27383711867796,0,0
161,-0.1520740273775214,0.955942767939,1.27383711867796,0,0
162,-0.1612905259366002,0.954705618329,1.27383711867796,0,0
163,-0.1520740273775214,0.958849700196,1.27383711867796,0,0
164,-0.1520740273775214,0.959274433228,1.27383711867796,0,0
165,-0.1612905259366002,0.957622474487,1.27383711867796,0,0
166,-0.1612905259366002,0.960475184575,1.27383711867796,0,0
167,-0.1612905259366002,0.958696878126,1.27383711867796,0,0
168,-0.1612905259366002,0.959742659759,1.27383711867796,0,0
169,-0.1612905259366002,0.956895077801,1.27383711867796,0,0
170,-0.1612905259366002,0.95659896662,1.27383711867796,0,0
171,-0.1612905259366002,0.953257151301,1.27383711867796,0,0
172,-0.1612905259366002,0.957939975239,1.27383711867796,0,0
173,-0.17050702449567723,0.956952337691,1.27383711867796,0,0
174,-0.13364103025936558,0.959638578929,1.27383711867796,0,0
175,-0.1612905259366002,0.955623956622,1.27383711867796,0,0
176,-0.20737391930835614,0.959215856331,1.27383711867796,0,0
177,-0.1612905259366002,0.959619015192,1.27383711867796,0,0
178,-0.1520740273775214,0.958192402925,1.27383711867796,0,0
179,-0.1520740273775214,0.957332790638,1.27383711867796,0,0
180,-0.13364103025936558,0.956737542733,1.27383711867796,0,0
181,-0.13364103025936558,0.957946104764,1.27383711867796,0,0
182,-0.13364103025936558,0.956791862064,1.27383711867796,0,0
183,-0.1059906340057637,0.957960144042,1.27383711867796,0,0
184,-0.11520803314120975,0.954338428539,1.27383711867796,0,0
185,-0.04147514409221742,0.964990019771,1.27383711867796,0,0
186,-0.0967741354466849,0.960824887624,1.27383711867796,0,0
187,-0.08755763688760787,0.96567181096,1.27383711867796,0,0
188,-0.07834113832853085,0.96259653371,1.27383711867796,0,0
189,-0.07834113832853085,0.966599490467,1.27383711867796,0,0
190,-0.06912463976945205,0.960967444497,1.27383711867796,0,0
191,-0.06912463976945205,0.964721006169,1.27383711867796,0,0
192,-0.050691642651298,0.963156889326,1.27383711867796,0,0
193,-0.050691642651298,0.957273486647,1.27383711867796,0,0
194,-0.04147514409221742,0.966990935206,1.27383711867796,0,0
195,-0.04147514409221742,0.961414665096,1.27383711867796,0,0
196,-0.04147514409221742,0.963336691474,1.27383711867796,0,0
197,-0.04147514409221742,0.962292722175,1.27383711867796,0,0
198,-0.023042146974061595,0.965708310729,1.27383711867796,0,0
199,-0.023042146974061595,0.961510239524,1.27383711867796,0,0
200,-0.013824747838615536,0.969423840531,1.27383711867796,0,0
201,-0.023042146974061595,0.961411109435,1.27383711867796,0,0
202,-0.004608249279538512,0.965511919279,1.27383711867796,0,0
203,-0.004608249279538512,0.961367219348,1.27383711867796,0,0
204,-0.013824747838615536,0.964906957227,1.27383711867796,0,0
205,-0.013824747838615536,0.961335942366,1.27383711867796,0,0
206,-0.013824747838615536,0.962772817401,1.27383711867796,0,0
207,-0.013824747838615536,0.963323877761,1.27383711867796,0,0
208,-0.023042146974061595,0.963845432254,1.27383711867796,0,0
209,-0.032258645533140395,0.97052396823,1.27383711867796,0,0
210,-0.032258645533140395,0.96164120368,1.27383711867796,0,0
211,-0.04147514409221742,0.963787923835,1.27383711867796,0,0
212,-0.04147514409221742,0.956939409369,1.27383711867796,0,0
213,-0.050691642651298,0.964195264298,1.27383711867796,0,0
214,-0.04147514409221742,0.960177310256,1.27383711867796,0,0
215,-0.050691642651298,0.963348982378,1.27383711867796,0,0
216,-0.05990814121037502,0.960171448655,1.27383711867796,0,0
217,-0.06912463976945205,0.964281248802,1.27383711867796,0,0
218,-0.06912463976945205,0.961337326973,1.27383711867796,0,0
219,-0.06912463976945205,0.963159936666,1.27383711867796,0,0
220,-0.06912463976945205,0.961620462702,1.27383711867796,0,0
221,-0.07834113832853085,0.960546621046,1.27383711867796,0,0
222,-0.07834113832853085,0.959522861784,1.27383711867796,0,0
223,-0.07834113832853085,0.960967015076,1.27383711867796,0,0
224,-0.08755763688760787,0.960774197331,1.27383711867796,0,0
225,-0.07834113832853085,0.96059344345,1.27383711867796,0,0
226,-0.08755763688760787,0.962437958492,1.27383711867796,0,0
227,-0.08755763688760787,0.962307443365,1.27383711867796,0,0
228,-0.1612905259366002,0.96167845182,1.27383711867796,0,0
229,-0.08755763688760787,0.964759191154,1.27383711867796,0,0
230,-0.0967741354466849,0.961429189601,1.27383711867796,0,0
231,-0.0967741354466849,0.961706689813,1.27383711867796,0,0
232,-0.04147514409221742,0.962358909147,1.27383711867796,0,0
233,-0.1059906340057637,0.964722817011,1.27383711867796,0,0
234,-0.1059906340057637,0.964364111276,1.27383711867796,0,0
235,-0.1059906340057637,0.960813242812,1.27383711867796,0,0
236,-0.1059906340057637,0.959832994338,1.27383711867796,0,0
237,-0.1059906340057637,0.962637439283,1.27383711867796,0,0
238,-0.11520803314120975,0.962340526518,1.27383711867796,0,0
239,-0.11520803314120975,0.96007515987,1.27383711867796,0,0
240,-0.11520803314120975,0.958681263902,1.27383711867796,0,0
241,-0.11520803314120975,0.958787585264,1.27383711867796,0,0
242,-0.1059906340057637,0.959716490338,1.27383711867796,0,0
243,-0.11520803314120975,0.957775274075,1.27383711867796,0,0
244,-0.12442453170028678,0.961463230994,1.27383711867796,0,0
245,-0.07834113832853085,0.960005409613,1.27383711867796,0,0
246,-0.11520803314120975,0.963370337516,1.27383711867796,0,0
247,-0.12442453170028678,0.965852787539,1.27383711867796,0,0
248,-0.12442453170028678,0.963132768922,1.27383711867796,0,0
249,-0.11520803314120975,0.963959182807,1.27383711867796,0,0
250,-0.13364103025936558,0.95760356597,1.27383711867796,0,0
251,-0.12442453170028678,0.96211686965,1.27383711867796,0,0
252,-0.13364103025936558,0.964515559074,1.27383711867796,0,0
253,-0.13364103025936558,0.961877150626,1.27383711867796,0,0
254,-0.12442453170028678,0.961024364632,1.27383711867796,0,0
255,-0.13364103025936558,0.964358556219,1.27383711867796,0,0
256,-0.13364103025936558,0.96118385005,1.27383711867796,0,0
257,-0.12442453170028678,0.966649977328,1.27383711867796,0,0
258,-0.12442453170028678,0.966194930443,1.27383711867796,0,0
259,-0.1428575288184426,0.964529717346,1.27383711867796,0,0
260,-0.07834113832853085,0.969177330244,1.27383711867796,0,0
261,-0.13364103025936558,0.963374230807,1.27383711867796,0,0
262,-0.13364103025936558,0.968094817746,1.27383711867796,0,0
263,-0.1428575288184426,0.964411187933,1.27383711867796,0,0
264,-0.1428575288184426,0.969701427608,1.27383711867796,0,0
265,-0.12442453170028678,0.968910464131,1.27383711867796,0,0
266,-0.1428575288184426,0.970874116513,1.27383711867796,0,0
267,-0.1428575288184426,0.966918121465,1.27383711867796,0,0
268,-0.13364103025936558,0.968720333269,1.27383711867796,0,0
269,-0.13364103025936558,0.964255559053,1.27383711867796,0,0
270,-0.1428575288184426,0.963428220134,1.27383711867796,0,0
271,-0.1428575288184426,0.964069822679,1.27383711867796,0,0
272,-0.1520740273775214,0.963286365417,1.27383711867796,0,0
273,-0.1428575288184426,0.967516578222,1.27383711867796,0,0
274,-0.1428575288184426,0.960167786745,1.27383711867796,0,0
275,-0.13364103025936558,0.968244253267,1.27383711867796,0,0
276,-0.1428575288184426,0.959314916604,1.27383711867796,0,0
277,-0.1428575288184426,0.967793628542,1.27383711867796,0,0
278,-0.13364103025936558,0.963726301365,1.27383711867796,0,0
279,-0.1428575288184426,0.966250141221,1.27383711867796,0,0
280,-0.1428575288184426,0.961489870198,1.27383711867796,0,0
281,-0.1428575288184426,0.961815683739,1.27383711867796,0,0
282,-0.1428575288184426,0.964141014563,1.27383711867796,0,0
283,-0.13364103025936558,0.962143864994,1.27383711867796,0,0
284,-0.17972352305475425,0.964740333378,1.27383711867796,0,0
285,-0.1428575288184426,0.963982617251,1.27383711867796,0,0
286,-0.1520740273775214,0.964137573034,1.27383711867796,0,0
287,-0.1520740273775214,0.960115272973,1.27383711867796,0,0
288,-0.1520740273775214,0.960724303208,1.27383711867796,0,0
289,-0.1428575288184426,0.95905447661,1.27383711867796,0,0
290,-0.1428575288184426,0.967639737826,1.27383711867796,0,0
291,-0.1520740273775214,0.959625660529,1.27383711867796,0,0
292,-0.1520740273775214,0.96339267967,1.27383711867796,0,0
293,-0.1520740273775214,0.958710307002,1.27383711867796,0,0
294,-0.1612905259366002,0.961319419281,1.27383711867796,0,0
295,-0.1520740273775214,0.963573627644,1.27383711867796,0,0
296,-0.1520740273775214,0.959192504221,1.27383711867796,0,0
297,-0.1520740273775214,0.957680710894,1.27383711867796,0,0
298,-0.1520740273775214,0.95957300569,1.27383711867796,0,0
299,-0.1520740273775214,0.959902379314,1.27383711867796,0,0
300,-0.1520740273775214,0.956554965361,1.27383711867796,0,0
301,-0.1520740273775214,0.95858583953,1.27383711867796,0,0
302,-0.1520740273775214,0.958367783029,1.27383711867796,0,0
303,-0.1520740273775214,0.96146535037,1.27383711867796,0,0
304,-0.1612905259366002,0.962077250647,1.27383711867796,0,0
305,-0.1520740273775214,0.961288358441,1.27383711867796,0,0
306,-0.1520740273775214,0.961236572794,1.27383711867796,0,0
307,-0.1520740273775214,0.95768467379,1.27383711867796,0,0
308,-0.1520740273775214,0.958547875741,1.27383711867796,0,0
309,-0.1612905259366002,0.955640136003,1.27383711867796,0,0
310,-0.1520740273775214,0.956384498529,1.27383711867796,0,0
311,-0.1428575288184426,0.956317347921,1.27383711867796,0,0
312,-0.1612905259366002,0.95449340056,1.27383711867796,0,0
313,-0.1612905259366002,0.957288393937,1.27383711867796,0,0
314,-0.1520740273775214,0.95713244627,1.27383711867796,0,0
315,-0.1520740273775214,0.955338182327,1.27383711867796,0,0
316,-0.1612905259366002,0.958530326193,1.27383711867796,0,0
317,-0.1520740273775214,0.958950817609,1.27383711867796,0,0
318,-0.1520740273775214,0.961192179865,1.27383711867796,0,0
319,-0.1520740273775214,0.957697289971,1.27383711867796,0,0
320,-0.1520740273775214,0.956920641272,1.27383711867796,0,0
321,-0.1520740273775214,0.954522423642,1.27383711867796,0,0
322,-0.1520740273775214,0.960823543477,1.27383711867796,0,0
323,-0.1612905259366002,0.958142053593,1.27383711867796,0,0
324,-0.1520740273775214,0.956313593506,1.27383711867796,0,0
325,-0.1612905259366002,0.953424456662,1.27383711867796,0,0
326,-0.1612905259366002,0.956223488322,1.27383711867796,0,0
327,-0.1612905259366002,0.953401868576,1.27383711867796,0,0
328,-0.1520740273775214,0.95697653983,1.27383711867796,0,0
329,-0.1612905259366002,0.953016170316,1.27383711867796,0,0
330,-0.1520740273775214,0.956794286912,1.27383711867796,0,0
331,-0.17050702449567723,0.956708907283,1.27383711867796,0,0
332,-0.17050702449567723,0.953985142701,1.27383711867796,0,0
333,-0.1612905259366002,0.956569276031,1.27383711867796,0,0
334,-0.1612905259366002,0.954187091034,1.27383711867796,0,0
335,-0.1428575288184426,0.955815431316,1.27383711867796,0,0
336,-0.1520740273775214,0.956758167799,1.27383711867796,0,0
337,-0.06912463976945205,0.959096140369,1.27383711867796,0,0
338,-0.13364103025936558,0.958232943934,1.27383711867796,0,0
339,-0.11520803314120975,0.960697842536,1.27383711867796,0,0
340,-0.11520803314120975,0.961932234682,1.27383711867796,0,0
341,-0.1059906340057637,0.963601713542,1.27383711867796,0,0
342,-0.08755763688760787,0.959471713186,1.27383711867796,0,0
343,-0.0967741354466849,0.960810078602,1.27383711867796,0,0
344,-0.07834113832853085,0.96113842716,1.27383711867796,0,0
345,-0.08755763688760787,0.96256616972,1.27383711867796,0,0
346,-0.07834113832853085,0.962867587125,1.27383711867796,0,0
347,-0.05990814121037502,0.959010037816,1.27383711867796,0,0
348,-0.050691642651298,0.963079606791,1.27383711867796,0,0
349,-0.05990814121037502,0.961770412622,1.27383711867796,0,0
350,-0.050691642651298,0.963021785837,1.27383711867796,0,0
351,-0.04147514409221742,0.962164043312,1.27383711867796,0,0
352,-0.032258645533140395,0.960021447611,1.27383711867796,0,0
353,-0.023042146974061595,0.959276609943,1.27383711867796,0,0
354,0.004608249279538512,0.966625083446,1.27383711867796,0,0
355,-0.023042146974061595,0.957247760182,1.27383711867796,0,0
356,0.013824747838617313,0.968718845252,1.27383711867796,0,0
357,-0.013824747838615536,0.96203672451,1.27383711867796,0,0
358,-0.013824747838615536,0.96227405709,1.27383711867796,0,0
359,-0.013824747838615536,0.961985399434,1.27383711867796,0,0
360,-0.004608249279538512,0.962578071454,1.27383711867796,0,0
361,0.004608249279538512,0.961651255371,1.27383711867796,0,0
362,-0.013824747838615536,0.960123207877,1.27383711867796,0,0
363,-0.013824747838615536,0.965159999207,1.27383711867796,0,0
364,-0.023042146974061595,0.962256775745,1.27383711867796,0,0
365,-0.023042146974061595,0.966564206275,1.27383711867796,0,0
366,-0.032258645533140395,0.957388405147,1.27383711867796,0,0
367,-0.032258645533140395,0.960250294656,1.27383711867796,0,0
368,-0.04147514409221742,0.958653659045,1.27383711867796,0,0
369,-0.04147514409221742,0.963826441966,1.27383711867796,0,0
370,-0.050691642651298,0.95674396968,1.27383711867796,0,0
371,-0.05990814121037502,0.965016372671,1.27383711867796,0,0
372,-0.050691642651298,0.961995085477,1.27383711867796,0,0
373,-0.05990814121037502,0.961071145186,1.27383711867796,0,0
374,-0.004608249279538512,0.964446848335,1.27383711867796,0,0
375,-0.06912463976945205,0.961391156604,1.27383711867796,0,0
376,-0.06912463976945205,0.963247170073,1.27383711867796,0,0
377,-0.07834113832853085,0.96119524963,1.27383711867796,0,0
378,-0.07834113832853085,0.965473261633,1.27383711867796,0,0
379,-0.07834113832853085,0.959813307454,1.27383711867796,0,0
380,-0.08755763688760787,0.962534108119,1.27383711867796,0,0
381,-0.08755763688760787,0.962121230105,1.27383711867796,0,0
382,-0.08755763688760787,0.965698904635,1.27383711867796,0,0
383,-0.08755763688760787,0.962378839537,1.27383711867796,0,0
384,-0.08755763688760787,0.962520136613,1.27383711867796,0,0
385,-0.0967741354466849,0.962599891292,1.27383711867796,0,0
386,-0.0967741354466849,0.95845981756,1.27383711867796,0,0
387,-0.23502341498558899,0.960629552731,1.27383711867796,0,0
388,-0.0967741354466849,0.963362748144,1.27383711867796,0,0
389,-0.06912463976945205,0.957784492945,1.27383711867796,0,0
390,-0.0967741354466849,0.964488416434,1.27383711867796,0,0
391,-0.1059906340057637,0.958343453349,1.27383711867796,0,0
392,-0.1059906340057637,0.961236852504,1.27383711867796,0,0
393,-0.11520803314120975,0.961597141464,1.27383711867796,0,0
394,-0.11520803314120975,0.958316717521,1.27383711867796,0,0
395,-0.1059906340057637,0.959940258727,1.27383711867796,0,0
396,-0.11520803314120975,0.963731434537,1.27383711867796,0,0
397,-0.11520803314120975,0.959771985634,1.27383711867796,0,0
398,-0.11520803314120975,0.963874384902,1.27383711867796,0,0
399,-0.11520803314120975,0.961734322193,1.27383711867796,0,0
400,-0.12442453170028678,0.962560833228,1.27383711867796,0,0
401,-0.12442453170028678,0.962001722557,1.27383711867796,0,0
402,-0.12442453170028678,0.960989987588,1.27383711867796,0,0
403,-0.12442453170028678,0.960920405799,1.27383711867796,0,0
404,-0.12442453170028678,0.961783991102,1.27383711867796,0,0
405,-0.12442453170028678,0.963347624363,1.27383711867796,0,0
406,-0.11520803314120975,0.967146876598,1.27383711867796,0,0
407,-0.11520803314120975,0.96215511634,1.27383711867796,0,0
408,-0.11520803314120975,0.962378854854,1.27383711867796,0,0
409,-0.12442453170028678,0.963255211052,1.27383711867796,0,0
410,-0.12442453170028678,0.96789936712,1.27383711867796,0,0
411,-0.13364103025936558,0.96844167746,1.27383711867796,0,0
412,-0.18894002161383305,0.962456123396,1.27383711867796,0,0
413,-0.13364103025936558,0.959889668471,1.27383711867796,0,0
414,-0.1428575288184426,0.964692473349,1.27383711867796,0,0
415,-0.13364103025936558,0.962815978795,1.27383711867796,0,0
416,-0.13364103025936558,0.96637703944,1.27383711867796,0,0
417,-0.17972352305475425,0.965682202404,1.27383711867796,0,0
418,-0.13364103025936558,0.966037044169,1.27383711867796,0,0
419,-0.13364103025936558,0.967337351275,1.27383711867796,0,0
420,-0.13364103025936558,0.967963605795,1.27383711867796,0,0
421,-0.18894002161383305,0.965937582045,1.27383711867796,0,0
422,-0.1428575288184426,0.965106774553,1.27383711867796,0,0
423,-0.13364103025936558,0.963595505398,1.27383711867796,0,0
424,-0.1428575288184426,0.971304557067,1.27383711867796,0,0
425,-0.13364103025936558,0.967168476362,1.27383711867796,0,0
426,-0.1428575288184426,0.967823934394,1.27383711867796,0,0
427,-0.1428575288184426,0.966318444325,1.27383711867796,0,0
428,-0.13364103025936558,0.962257859227,1.27383711867796,0,0
429,-0.1428575288184426,0.965622780863,1.27383711867796,0,0
430,-0.1520740273775214,0.963041397548,1.27383711867796,0,0
431,-0.1428575288184426,0.965287183735,1.27383711867796,0,0
432,-0.1428575288184426,0.961647989934,1.27383711867796,0,0
433,-0.1428575288184426,0.966837647081,1.27383711867796,0,0
434,-0.13364103025936558,0.961037335194,1.27383711867796,0,0
435,-0.1428575288184426,0.9621831555,1.27383711867796,0,0
436,-0.1520740273775214,0.965891711666,1.27383711867796,0,0
437,-0.1428575288184426,0.959392699992,1.27383711867796,0,0
438,-0.1428575288184426,0.961481322188,1.27383711867796,0,0
439,-0.1428575288184426,0.960213712027,1.27383711867796,0,0
440,-0.1428575288184426,0.961146051626,1.27383711867796,0,0
441,-0.1428575288184426,0.960073221043,1.27383711867796,0,0
442,-0.1428575288184426,0.964756611275,1.27383711867796,0,0
443,-0.1520740273775214,0.962144849868,1.27383711867796,0,0
444,-0.1520740273775214,0.961504338656,1.27383711867796,0,0
445,-0.1520740273775214,0.961312289444,1.27383711867796,0,0
446,-0.1520740273775214,0.959414495666,1.27383711867796,0,0
447,-0.11520803314120975,0.959147309295,1.27383711867796,0,0
448,-0.1520740273775214,0.959193826983,1.27383711867796,0,0
449,-0.1520740273775214,0.957996833684,1.27383711867796,0,0
450,-0.1520740273775214,0.962586940621,1.27383711867796,0,0
451,-0.1520740273775214,0.961063063951,1.27383711867796,0,0
452,-0.1520740273775214,0.962573182161,1.27383711867796,0,0
453,-0.1428575288184426,0.961795457187,1.27383711867796,0,0
454,-0.1520740273775214,0.962675864742,1.27383711867796,0,0
455,-0.1520740273775214,0.961845814396,1.27383711867796,0,0
456,-0.1612905259366002,0.960490441117,1.27383711867796,0,0
457,-0.1520740273775214,0.959189038398,1.27383711867796,0,0
458,-0.1612905259366002,0.960256948486,1.27383711867796,0,0
459,-0.1520740273775214,0.959722404325,1.27383711867796,0,0
460,-0.1612905259366002,0.956904026806,1.27383711867796,0,0
461,-0.1520740273775214,0.954262237341,1.27383711867796,0,0
462,-0.1520740273775214,0.960066733264,1.27383711867796,0,0
463,-0.1520740273775214,0.960615418245,1.27383711867796,0,0
464,-0.1612905259366002,0.95923588791,1.27383711867796,0,0
465,-0.1612905259366002,0.955104327835,1.27383711867796,0,0
466,-0.22580691642651196,0.956053047436,1.27383711867796,0,0
467,-0.1612905259366002,0.957295786427,1.27383711867796,0,0
468,-0.1520740273775214,0.959256939421,1.27383711867796,0,0
469,-0.1612905259366002,0.956172999582,1.27383711867796,0,0
470,-0.1612905259366002,0.956262287472,1.27383711867796,0,0
471,-0.1612905259366002,0.957452136317,1.27383711867796,0,0
472,-0.1612905259366002,0.958795152038,1.27383711867796,0,0
473,-0.1612905259366002,0.958519264377,1.27383711867796,0,0
474,-0.1520740273775214,0.957902689864,1.27383711867796,0,0
475,-0.17050702449567723,0.955970960806,1.27383711867796,0,0
476,-0.1612905259366002,0.957177486815,1.27383711867796,0,0
477,-0.1520740273775214,0.958200292586,1.27383711867796,0,0
478,-0.1612905259366002,0.954324074473,1.27383711867796,0,0
479,-0.13364103025936558,0.953875299022,1.27383711867796,0,0
480,-0.1612905259366002,0.957207777001,1.27383711867796,0,0
481,-0.18894002161383305,0.958672192749,1.27383711867796,0,0
482,-0.1520740273775214,0.956680032522,1.27383711867796,0,0
483,-0.1612905259366002,0.95552296637,1.27383711867796,0,0
484,-0.1612905259366002,0.956688708274,1.27383711867796,0,0
485,-0.1520740273775214,0.95566316038,1.27383711867796,0,0
486,-0.1612905259366002,0.959302286505,1.27383711867796,0,0
487,-0.1612905259366002,0.954169726834,1.27383711867796,0,0
488,-0.1612905259366002,0.957317813393,1.27383711867796,0,0
489,-0.1612905259366002,0.954884098389,1.27383711867796,0,0
490,-0.21659041786743494,0.954277543708,1.27383711867796,0,0
491,-0.1612905259366002,0.955212931935,1.27383711867796,0,0
492,-0.1428575288184426,0.953196817044,1.27383711867796,0,0
493,-0.13364103025936558,0.953129182545,1.27383711867796,0,0
494,-0.13364103025936558,0.954323900834,1.27383711867796,0,0
495,-0.11520803314120975,0.960927944966,1.27383711867796,0,0
496,-0.06912463976945205,0.960365558261,1.27383711867796,0,0
497,-0.1059906340057637,0.960598619494,1.27383711867796,0,0
498,-0.1059906340057637,0.962125972774,1.27383711867796,0,0
499,-0.0967741354466849,0.964562855816,1.27383711867796,0,0
500,-0.08755763688760787,0.964052049727,1.27383711867796,0,0
501,-0.07834113832853085,0.962672050949,1.27383711867796,0,0
502,-0.07834113832853085,0.96293945055,1.27383711867796,0,0
503,-0.06912463976945205,0.962676682992,1.27383711867796,0,0
504,-0.05990814121037502,0.964803145566,1.27383711867796,0,0
505,-0.050691642651298,0.963925278616,1.27383711867796,0,0
506,-0.050691642651298,0.95990854672,1.27383711867796,0,0
507,-0.050691642651298,0.96057914054,1.27383711867796,0,0
508,-0.04147514409221742,0.968741219208,1.27383711867796,0,0
509,-0.032258645533140395,0.964185299243,1.27383711867796,0,0
510,-0.032258645533140395,0.961847398347,1.27383711867796,0,0
511,-0.023042146974061595,0.960814225266,1.27383711867796,0,0
512,-0.023042146974061595,0.963609070833,1.27383711867796,0,0
513,-0.032258645533140395,0.962723963939,1.27383711867796,0,0
514,-0.004608249279538512,0.961335841906,1.27383711867796,0,0
515,-0.004608249279538512,0.966431448409,1.27383711867796,0,0
516,-0.013824747838615536,0.962287649628,1.27383711867796,0,0
517,-0.013824747838615536,0.960823134642,1.27383711867796,0,0
518,-0.013824747838615536,0.960939287652,1.27383711867796,0,0
519,-0.023042146974061595,0.963005363833,1.27383711867796,0,0
520,-0.023042146974061595,0.958085797191,1.27383711867796,0,0
521,-0.023042146974061595,0.961040623205,1.27383711867796,0,0
522,-0.023042146974061595,0.963127136897,1.27383711867796,0,0
523,-0.032258645533140395,0.962876137467,1.27383711867796,0,0
524,-0.032258645533140395,0.961489155324,1.27383711867796,0,0
525,-0.04147514409221742,0.957460455625,1.27383711867796,0,0
526,-0.04147514409221742,0.959180119382,1.27383711867796,0,0
527,-0.050691642651298,0.958235971279,1.27383711867796,0,0
528,-0.05990814121037502,0.964532064866,1.27383711867796,0,0
529,-0.050691642651298,0.957761365925,1.27383711867796,0,0
530,-0.05990814121037502,0.958881000112,1.27383711867796,0,0
531,-0.06912463976945205,0.962026186651,1.27383711867796,0,0
532,-0.06912463976945205,0.962870224696,1.27383711867796,0,0
533,-0.06912463976945205,0.961469041713,1.27383711867796,0,0
534,-0.06912463976945205,0.960681196366,1.27383711867796,0,0
535,-0.07834113832853085,0.960816621343,1.27383711867796,0,0
536,-0.07834113832853085,0.960952498977,1.27383711867796,0,0
537,-0.08755763688760787,0.963256391793,1.27383711867796,0,0
538,-0.023042146974061595,0.962956652207,1.27383711867796,0,0
539,-0.08755763688760787,0.960568377957,1.27383711867796,0,0
540,-0.0967741354466849,0.965349147871,1.27383711867796,0,0
541,-0.1059906340057637,0.965270663079,1.27383711867796,0,0
542,-0.1428575288184426,0.961364651688,1.27383711867796,0,0
543,-0.08755763688760787,0.959247026538,1.27383711867796,0,0
544,-0.17972352305475425,0.958751560839,1.27383711867796,0,0
545,-0.1059906340057637,0.958638751341,1.27383711867796,0,0
546,-0.1059906340057637,0.958573734611,1.27383711867796,0,0
547,-0.1059906340057637,0.964061567605,1.27383711867796,0,0
548,-0.1059906340057637,0.955828279718,1.27383711867796,0,0
549,-0.11520803314120975,0.960250189639,1.27383711867796,0,0
550,-0.11520803314120975,0.961413811921,1.27383711867796,0,0
551,-0.12442453170028678,0.956418535676,1.27383711867796,0,0
552,-0.1059906340057637,0.955254320077,1.27383711867796,0,0
553,-0.11520803314120975,0.959267973265,1.27383711867796,0,0
554,-0.12442453170028678,0.962441089393,1.27383711867796,0,0
555,-0.1428575288184426,0.962084015458,1.27383711867796,0,0
556,-0.11520803314120975,0.961339185484,1.27383711867796,0,0
557,-0.12442453170028678,0.957402406555,1.27383711867796,0,0
558,-0.12442453170028678,0.962130198464,1.27383711867796,0,0
559,-0.13364103025936558,0.963105218962,1.27383711867796,0,0
560,-0.13364103025936558,0.965736821059,1.27383711867796,0,0
561,-0.12442453170028678,0.960921869596,1.27383711867796,0,0
562,-0.12442453170028678,0.964804214269,1.27383711867796,0,0
563,-0.13364103025936558,0.96092941984,1.27383711867796,0,0
564,-0.1428575288184426,0.965635544606,1.27383711867796,0,0
565,-0.13364103025936558,0.965771124365,1.27383711867796,0,0
566,-0.13364103025936558,0.962520077688,1.27383711867796,0,0
567,-0.1428575288184426,0.966101709629,1.27383711867796,0,0
568,-0.13364103025936558,0.963126255734,1.27383711867796,0,0
569,-0.1428575288184426,0.963543296594,1.27383711867796,0,0
570,-0.13364103025936558,0.963756071631,1.27383711867796,0,0
571,-0.1428575288184426,0.96524370276,1.27383711867796,0,0
572,-0.13364103025936558,0.967659609204,1.27383711867796,0,0
573,-0.13364103025936558,0.96803430468,1.27383711867796,0,0
574,-0.1428575288184426,0.968222565196,1.27383711867796,0,0
575,-0.1428575288184426,0.970418224137,1.27383711867796,0,0
576,-0.1428575288184426,0.963564955103,1.27383711867796,0,0
577,-0.1428575288184426,0.969377171013,1.27383711867796,0,0
578,-0.1428575288184426,0.965834610189,1.27383711867796,0,0
579,-0.1428575288184426,0.967792590293,1.27383711867796,0,0
580,-0.1428575288184426,0.964470260686,1.27383711867796,0,0
581,-0.1428575288184426,0.96621677861,1.27383711867796,0,0
582,-0.1428575288184426,0.968212440447,1.27383711867796,0,0
583,-0.13364103025936558,0.966133769568,1.27383711867796,0,0
584,-0.1428575288184426,0.96557570502,1.27383711867796,0,0
585,-0.1428575288184426,0.961775218067,1.27383711867796,0,0
586,-0.1428575288184426,0.968949604525,1.27383711867796,0,0
587,-0.1428575288184426,0.965633438915,1.27383711867796,0,0
588,-0.1428575288184426,0.970931640515,1.27383711867796,0,0
589,-0.1428575288184426,0.960935011261,1.27383711867796,0,0
590,-0.0967741354466849,0.959643722509,1.27383711867796,0,0
591,-0.1520740273775214,0.964782386923,1.27383711867796,0,0
592,-0.1428575288184426,0.964727189441,1.27383711867796,0,0
593,-0.1428575288184426,0.964620270729,1.27383711867796,0,0
594,-0.1428575288184426,0.960388212953,1.27383711867796,0,0
595,-0.1428575288184426,0.962293425758,1.27383711867796,0,0
596,-0.1428575288184426,0.960046762896,1.27383711867796,0,0
597,-0.1520740273775214,0.96228922786,1.27383711867796,0,0
598,-0.1520740273775214,0.95774276889,1.27383711867796,0,0
599,-0.1520740273775214,0.959308430734,1.27383711867796,0,0
600,-0.1520740273775214,0.958973620167,1.27383711867796,0,0
601,-0.1520740273775214,0.962153034961,1.27383711867796,0,0
602,-0.1520740273775214,0.96103523942,1.27383711867796,0,0
603,-0.1428575288184426,0.957847489794,1.27383711867796,0,0
604,-0.1428575288184426,0.956057510758,1.27383711867796,0,0
605,-0.1612905259366002,0.957597952466,1.27383711867796,0,0
606,-0.1520740273775214,0.959988812397,1.27383711867796,0,0
607,-0.1428575288184426,0.959324478322,1.27383711867796,0,0
608,-0.1520740273775214,0.956098710804,1.27383711867796,0,0
609,-0.1520740273775214,0.960168183177,1.27383711867796,0,0
610,-0.23502341498558899,0.958390426488,1.27383711867796,0,0
611,-0.1428575288184426,0.95977034129,1.27383711867796,0,0
612,-0.1428575288184426,0.959575872062,1.27383711867796,0,0
613,-0.1520740273775214,0.959218420558,1.27383711867796,0,0
614,-0.22580691642651196,0.95748391097,1.27383711867796,0,0
615,-0.1520740273775214,0.963814552029,1.27383711867796,0,0
616,-0.1612905259366002,0.960870906103,1.27383711867796,0,0
617,-0.1612905259366002,0.956131253236,1.27383711867796,0,0
618,-0.1612905259366002,0.958120954305,1.27383711867796,0,0
619,-0.1520740273775214,0.959050972125,1.27383711867796,0,0
620,-0.1520740273775214,0.958221572053,1.27383711867796,0,0
621,-0.1520740273775214,0.955403426499,1.27383711867796,0,0
622,-0.1520740273775214,0.956426040513,1.27383711867796,0,0
623,-0.1520740273775214,0.960004000996,1.27383711867796,0,0
624,-0.1520740273775214,0.964770744196,1.27383711867796,0,0
625,-0.1612905259366002,0.956978666553,1.27383711867796,0,0
626,-0.1612905259366002,0.956673783932,1.27383711867796,0,0
627,-0.1612905259366002,0.955883325578,1.27383711867796,0,0
628,-0.1612905259366002,0.960970043215,1.27383711867796,0,0
629,-0.1520740273775214,0.958535562131,1.27383711867796,0,0
630,-0.1520740273775214,0.955302478075,1.27383711867796,0,0
631,-0.1612905259366002,0.956584886137,1.27383711867796,0,0
632,-0.1612905259366002,0.961701474559,1.27383711867796,0,0
633,-0.1520740273775214,0.957719796309,1.27383711867796,0,0
634,-0.1520740273775214,0.956771160709,1.27383711867796,0,0
635,-0.1612905259366002,0.953995242939,1.27383711867796,0,0
636,-0.1612905259366002,0.955085639868,1.27383711867796,0,0
637,-0.1612905259366002,0.95451268582,1.27383711867796,0,0
638,-0.1612905259366002,0.955114930078,1.27383711867796,0,0
639,-0.1520740273775214,0.953449607105,1.27383711867796,0,0
640,-0.1612905259366002,0.950921927117,1.27383711867796,0,0
641,-0.1612905259366002,0.956883758252,1.27383711867796,0,0
642,-0.1612905259366002,0.955696056314,1.27383711867796,0,0
643,-0.1612905259366002,0.956844776118,1.27383711867796,0,0
644,-0.1612905259366002,0.957168375048,1.27383711867796,0,0
645,-0.1612905259366002,0.953808598026,1.27383711867796,0,0
646,-0.1612905259366002,0.958558628145,1.27383711867796,0,0
647,-0.17050702449567723,0.956348263208,1.27383711867796,0,0
648,-0.1612905259366002,0.963189840705,1.27383711867796,0,0
649,-0.17050702449567723,0.954699130557,1.27383711867796,0,0
650,-0.12442453170028678,0.962674446201,1.27383711867796,0,0
651,-0.1612905259366002,0.954428854263,1.27383711867796,0,0
652,-0.12442453170028678,0.963453372706,1.27383711867796,0,0
653,-0.17050702449567723,0.955775606578,1.27383711867796,0,0
654,-0.1612905259366002,0.96438042186,1.27383711867796,0,0
655,-0.1612905259366002,0.956617083551,1.27383711867796,0,0
656,-0.12442453170028678,0.964204693138,1.27383711867796,0,0
657,-0.1612905259366002,0.959753866963,1.27383711867796,0,0
658,-0.1612905259366002,0.962627179881,1.27383711867796,0,0
659,-0.1428575288184426,0.957971470622,1.27383711867796,0,0
660,-0.1520740273775214,0.961406646858,1.27383711867796,0,0
661,-0.13364103025936558,0.9616670206,1.27383711867796,0,0
662,-0.12442453170028678,0.956296990627,1.27383711867796,0,0
663,-0.11520803314120975,0.959981606419,1.27383711867796,0,0
664,-0.11520803314120975,0.955554253691,1.27383711867796,0,0
665,-0.1059906340057637,0.959331813808,1.27383711867796,0,0
666,-0.08755763688760787,0.958878117677,1.27383711867796,0,0
667,-0.08755763688760787,0.964136857838,1.27383711867796,0,0
668,-0.07834113832853085,0.958771268095,1.27383711867796,0,0
669,-0.06912463976945205,0.961527370826,1.27383711867796,0,0
670,-0.06912463976945205,0.959535257596,1.27383711867796,0,0
671,-0.05990814121037502,0.963298027483,1.27383711867796,0,0
672,-0.050691642651298,0.963011324844,1.27383711867796,0,0
673,-0.050691642651298,0.961296557957,1.27383711867796,0,0
674,-0.04147514409221742,0.961316961664,1.27383711867796,0,0
675,-0.050691642651298,0.961698913911,1.27383711867796,0,0
676,-0.032258645533140395,0.963507483839,1.27383711867796,0,0
677,-0.032258645533140395,0.960436876878,1.27383711867796,0,0
678,-0.023042146974061595,0.964882115826,1.27383711867796,0,0
679,-0.013824747838615536,0.959962801406,1.27383711867796,0,0
680,-0.013824747838615536,0.963603024119,1.27383711867796,0,0
681,-0.013824747838615536,0.957305673787,1.27383711867796,0,0
682,-0.013824747838615536,0.963273179078,1.27383711867796,0,0
683,-0.013824747838615536,0.957548452538,1.27383711867796,0,0
684,0.004608249279538512,0.963852909298,1.27383711867796,0,0
685,-0.013824747838615536,0.959039307551,1.27383711867796,0,0
686,-0.023042146974061595,0.962504816914,1.27383711867796,0,0
687,-0.013824747838615536,0.959202685086,1.27383711867796,0,0
688,-0.023042146974061595,0.958164644641,1.27383711867796,0,0
689,-0.032258645533140395,0.959216787319,1.27383711867796,0,0
690,-0.04147514409221742,0.960125531393,1.27383711867796,0,0
691,-0.04147514409221742,0.963211113725,1.27383711867796,0,0
692,-0.04147514409221742,0.958386759299,1.27383711867796,0,0
693,-0.023042146974061595,0.962458966233,1.27383711867796,0,0
694,-0.050691642651298,0.956381498053,1.27383711867796,0,0
695,-0.05990814121037502,0.965617014655,1.27383711867796,0,0
696,-0.05990814121037502,0.959789252493,1.27383711867796,0,0
697,-0.06912463976945205,0.962982568793,1.27383711867796,0,0
698,-0.06912463976945205,0.96228258956,1.27383711867796,0,0
699,-0.04147514409221742,0.96023488707,1.27383711867796,0,0
700,-0.07834113832853085,0.962208836541,1.27383711867796,0,0
701,-0.07834113832853085,0.960159854048,1.27383711867796,0,0
702,-0.08755763688760787,0.962168428103,1.27383711867796,0,0
703,-0.07834113832853085,0.959577880718,1.27383711867796,0,0
704,-0.07834113832853085,0.961546016614,1.27383711867796,0,0
705,-0.08755763688760787,0.960824061701,1.27383711867796,0,0
706,-0.0967741354466849,0.962860071613,1.27383711867796,0,0
707,-0.0967741354466849,0.960635264963,1.27383711867796,0,0
708,-0.0967741354466849,0.961341030431,1.27383711867796,0,0
709,-0.1059906340057637,0.96081547302,1.27383711867796,0,0
710,-0.0967741354466849,0.961793889571,1.27383711867796,0,0
711,-0.1059906340057637,0.960793264368,1.27383711867796,0,0
712,-0.1059906340057637,0.959042153656,1.27383711867796,0,0
713,-0.1059906340057637,0.959350177443,1.27383711867796,0,0
714,-0.11520803314120975,0.960089952977,1.27383711867796,0,0
715,-0.1059906340057637,0.960144464183,1.27383711867796,0,0
716,-0.1059906340057637,0.959534160004,1.27383711867796,0,0
717,-0.11520803314120975,0.955094582134,1.27383711867796,0,0
718,-0.1059906340057637,0.957184381087,1.27383711867796,0,0
719,-0.11520803314120975,0.961058202762,1.27383711867796,0,0
720,-0.11520803314120975,0.954946839453,1.27383711867796,0,0
721,-0.11520803314120975,0.955502507011,1.27383711867796,0,0
722,-0.11520803314120975,0.956193520944,1.27383711867796,0,0
723,-0.11520803314120975,0.957867923603,1.27383711867796,0,0
724,-0.12442453170028678,0.959138388414,1.27383711867796,0,0
725,-0.1612905259366002,0.958069481019,1.27383711867796,0,0
726,-0.12442453170028678,0.963826049872,1.27383711867796,0,0
727,-0.11520803314120975,0.959705406187,1.27383711867796,0,0
728,-0.11520803314120975,0.960001211442,1.27383711867796,0,0
729,-0.22580691642651196,0.960124469116,1.27383711867796,0,0
730,-0.12442453170028678,0.960424958282,1.27383711867796,0,0
731,-0.12442453170028678,0.960146336622,1.27383711867796,0,0
732,-0.13364103025936558,0.963958652899,1.27383711867796,0,0
733,-0.13364103025936558,0.959768799612,1.27383711867796,0,0
734,-0.13364103025936558,0.968532585488,1.27383711867796,0,0
735,-0.12442453170028678,0.96793627533,1.27383711867796,0,0
736,-0.13364103025936558,0.967085978156,1.27383711867796,0,0
737,-0.13364103025936558,0.965653889339,1.27383711867796,0,0
738,-0.13364103025936558,0.968918330314,1.27383711867796,0,0
739,-0.13364103025936558,0.965683606745,1.27383711867796,0,0
740,-0.11520803314120975,0.968460225241,1.27383711867796,0,0
741,-0.1428575288184426,0.963842259229,1.27383711867796,0,0
742,-0.1428575288184426,0.964198069447,1.27383711867796,0,0
743,-0.13364103025936558,0.967235138781,1.27383711867796,0,0
744,-0.1428575288184426,0.965440505175,1.27383711867796,0,0
745,-0.13364103025936558,0.968823907167,1.27383711867796,0,0
746,-0.13364103025936558,0.962632126585,1.27383711867796,0,0
747,-0.1428575288184426,0.96859606043,1.27383711867796,0,0
748,-0.1428575288184426,0.962001973741,1.27383711867796,0,0
749,-0.1428575288184426,0.966292934568,1.27383711867796,0,0
750,-0.1428575288184426,0.961438957865,1.27383711867796,0,0
751,-0.13364103025936558,0.963729530756,1.27383711867796,0,0
752,-0.1428575288184426,0.969087799631,1.27383711867796,0,0
753,-0.1520740273775214,0.966051132533,1.27383711867796,0,0
754,-0.1428575288184426,0.966102145619,1.27383711867796,0,0
755,-0.1428575288184426,0.962550583156,1.27383711867796,0,0
756,-0.1428575288184426,0.961994533332,1.27383711867796,0,0
757,-0.1428575288184426,0.964781530998,1.27383711867796,0,0
758,-0.1428575288184426,0.965374613179,1.27383711867796,0,0
759,-0.1520740273775214,0.960099160738,1.27383711867796,0,0
760,-0.1520740273775214,0.963384877035,1.27383711867796,0,0
761,-0.1520740273775214,0.962047523889,1.27383711867796,0,0
762,-0.1612905259366002,0.963980450487,1.27383711867796,0,0
763,-0.1520740273775214,0.963020036941,1.27383711867796,0,0
764,-0.1428575288184426,0.958722742521,1.27383711867796,0,0
765,-0.1612905259366002,0.964220734038,1.27383711867796,0,0
766,-0.1520740273775214,0.961444464022,1.27383711867796,0,0
767,-0.1520740273775214,0.962879694818,1.27383711867796,0,0
768,-0.1520740273775214,0.961263990279,1.27383711867796,0,0
769,-0.1428575288184426,0.961239647452,1.27383711867796,0,0
770,-0.1428575288184426,0.960825507129,1.27383711867796,0,0
771,-0.1428575288184426,0.961756001939,1.27383711867796,0,0
772,-0.1520740273775214,0.963392644179,1.27383711867796,0,0
773,-0.1520740273775214,0.961244615781,1.27383711867796,0,0
774,-0.1428575288184426,0.959973556293,1.27383711867796,0,0
775,-0.1520740273775214,0.966003331057,1.27383711867796,0,0
776,-0.1520740273775214,0.963243280929,1.27383711867796,0,0
777,-0.1981574207492791,0.9586657341,1.27383711867796,0,0
778,-0.1520740273775214,0.961768592567,1.27383711867796,0,0
779,-0.1520740273775214,0.95972572807,1.27383711867796,0,0
780,-0.1520740273775214,0.962586755415,1.27383711867796,0,0
781,-0.1612905259366002,0.960047885233,1.27383711867796,0,0
782,-0.1520740273775214,0.959524796956,1.27383711867796,0,0
783,-0.1520740273775214,0.956328628206,1.27383711867796,0,0
784,-0.1612905259366002,0.956984415066,1.27383711867796,0,0
785,-0.1612905259366002,0.961354739634,1.27383711867796,0,0
786,-0.1520740273775214,0.9585737643,1.27383711867796,0,0
787,-0.1520740273775214,0.958156519201,1.27383711867796,0,0
788,-0.1520740273775214,0.956082965321,1.27383711867796,0,0
789,-0.1520740273775214,0.957029891464,1.27383711867796,0,0
790,-0.1612905259366002,0.956736624028,1.27383711867796,0,0
791,-0.1612905259366002,0.957348767805,1.27383711867796,0,0
792,-0.1612905259366002,0.957490919471,1.27383711867796,0,0
793,-0.1520740273775214,0.957264691517,1.27383711867796,0,0
794,-0.1612905259366002,0.95582558917,1.27383711867796,0,0
795,-0.1520740273775214,0.959710026103,1.27383711867796,0,0
796,-0.1612905259366002,0.957569334267,1.27383711867796,0,0
797,-0.1612905259366002,0.957756686432,1.27383711867796,0,0
798,-0.1520740273775214,0.956234318098,1.27383711867796,0,0
799,-0.1520740273775214,0.956058320453,1.27383711867796,0,0
800,-0.1612905259366002,0.958369003463,1.27383711867796,0,0
801,-0.1612905259366002,0.955383342313,1.27383711867796,0,0
802,-0.1612905259366002,0.955110608234,1.27383711867796,0,0
803,-0.1612905259366002,0.953753444993,1.27383711867796,0,0
804,-0.1612905259366002,0.955529715764,1.27383711867796,0,0
805,-0.1520740273775214,0.955616538969,1.27383711867796,0,0
806,-0.1520740273775214,0.954746401887,1.27383711867796,0,0
807,-0.17972352305475425,0.954410039982,1.27383711867796,0,0
808,-0.1520740273775214,0.958609671541,1.27383711867796,0,0
809,-0.1612905259366002,0.95488874304,1.27383711867796,0,0
810,-0.22580691642651196,0.953884636684,1.27383711867796,0,0
811,-0.1612905259366002,0.954623997442,1.27383711867796,0,0
812,-0.11520803314120975,0.955370771378,1.27383711867796,0,0
813,-0.1612905259366002,0.953256779798,1.27383711867796,0,0
814,-0.1612905259366002,0.958147670653,1.27383711867796,0,0
815,-0.1612905259366002,0.958290491182,1.27383711867796,0,0
816,-0.17050702449567723,0.957580657533,1.27383711867796,0,0
817,-0.1612905259366002,0.957251190746,1.27383711867796,0,0
818,-0.1612905259366002,0.957700148921,1.27383711867796,0,0
819,-0.1612905259366002,0.958093232716,1.27383711867796,0,0
820,-0.1520740273775214,0.956279798187,1.27383711867796,0,0
821,-0.1612905259366002,0.950743936496,1.27383711867796,0,0
822,-0.1612905259366002,0.957964904056,1.27383711867796,0,0
823,-0.1520740273775214,0.955600930938,1.27383711867796,0,0
824,-0.1612905259366002,0.956551150465,1.27383711867796,0,0
825,-0.1612905259366002,0.955532444287,1.27383711867796,0,0
826,-0.1520740273775214,0.956907214942,1.27383711867796,0,0
827,-0.1612905259366002,0.956854100749,1.27383711867796,0,0
828,-0.1520740273775214,0.960619170384,1.27383711867796,0,0
829,-0.1520740273775214,0.957306574347,1.27383711867796,0,0
830,-0.13364103025936558,0.959745256441,1.27383711867796,0,0
831,-0.12442453170028678,0.955430030126,1.27383711867796,0,0
832,-0.12442453170028678,0.957052320978,1.27383711867796,0,0
833,-0.11520803314120975,0.95951622178,1.27383711867796,0,0
834,-0.0967741354466849,0.961188568547,1.27383711867796,0,0
835,-0.0967741354466849,0.957714041492,1.27383711867796,0,0
836,-0.08755763688760787,0.962390723645,1.27383711867796,0,0
837,-0.08755763688760787,0.960286414468,1.27383711867796,0,0
838,-0.0967741354466849,0.963616102139,1.27383711867796,0,0
839,-0.07834113832853085,0.962040209274,1.27383711867796,0,0
840,-0.05990814121037502,0.957956836661,1.27383711867796,0,0
841,-0.05990814121037502,0.963477698313,1.27383711867796,0,0
842,-0.050691642651298,0.962031962291,1.27383711867796,0,0
843,-0.050691642651298,0.962732471659,1.27383711867796,0,0
844,-0.04147514409221742,0.959700351197,1.27383711867796,0,0
845,0.023041246397694337,0.963942652006,1.27383711867796,0,0
846,-0.023042146974061595,0.962402162849,1.27383711867796,0,0
847,-0.013824747838615536,0.966629484591,1.27383711867796,0,0
848,-0.032258645533140395,0.965748972391,1.27383711867796,0,0
849,-0.013824747838615536,0.96389287402,1.27383711867796,0,0
850,-0.013824747838615536,0.960279914936,1.27383711867796,0,0
851,-0.013824747838615536,0.961105872819,1.27383711867796,0,0
852,-0.004608249279538512,0.963161460054,1.27383711867796,0,0
853,-0.004608249279538512,0.964389227389,1.27383711867796,0,0
854,-0.013824747838615536,0.958237988527,1.27383711867796,0,0
855,-0.004608249279538512,0.962527177337,1.27383711867796,0,0
856,-0.013824747838615536,0.962493560514,1.27383711867796,0,0
857,-0.023042146974061595,0.965405899214,1.27383711867796,0,0
858,-0.032258645533140395,0.961431195838,1.27383711867796,0,0
859,-0.032258645533140395,0.959822768951,1.27383711867796,0,0
860,-0.013824747838615536,0.960481799326,1.27383711867796,0,0
861,-0.04147514409221742,0.957310110964,1.27383711867796,0,0
862,-0.050691642651298,0.959981967032,1.27383711867796,0,0
863,-0.050691642651298,0.958583159241,1.27383711867796,0,0
864,-0.05990814121037502,0.955193518355,1.27383711867796,0,0
865,-0.05990814121037502,0.961719143258,1.27383711867796,0,0
866,-0.06912463976945205,0.959344214925,1.27383711867796,0,0
867,-0.05990814121037502,0.963503713112,1.27383711867796,0,0
868,-0.06912463976945205,0.958418800488,1.27383711867796,0,0
869,-0.06912463976945205,0.962471526857,1.27383711867796,0,0
870,-0.07834113832853085,0.959312018671,1.27383711867796,0,0
871,-0.08755763688760787,0.9606281967,1.27383711867796,0,0
872,-0.08755763688760787,0.959216330876,1.27383711867796,0,0
873,-0.1612905259366002,0.961921181174,1.27383711867796,0,0
874,-0.07834113832853085,0.961177166974,1.27383711867796,0,0
875,-0.08755763688760787,0.95984656157,1.27383711867796,0,0
876,-0.08755763688760787,0.961492723751,1.27383711867796,0,0
877,-0.0967741354466849,0.960691152613,1.27383711867796,0,0
878,-0.08755763688760787,0.961502421868,1.27383711867796,0,0
879,-0.1059906340057637,0.962237737273,1.27383711867796,0,0
880,-0.0967741354466849,0.964299372048,1.27383711867796,0,0
881,-0.0967741354466849,0.9619672087,1.27383711867796,0,0
882,-0.0967741354466849,0.961833375801,1.27383711867796,0,0
883,-0.1059906340057637,0.959960366982,1.27383711867796,0,0
884,-0.1059906340057637,0.962488287,1.27383711867796,0,0
885,-0.12442453170028678,0.957058675574,1.27383711867796,0,0
886,-0.11520803314120975,0.95552874942,1.27383711867796,0,0
887,-0.11520803314120975,0.957060417161,1.27383711867796,0,0
888,-0.12442453170028678,0.957752921489,1.27383711867796,0,0
889,-0.11520803314120975,0.958770590576,1.27383711867796,0,0
890,-0.11520803314120975,0.959705799802,1.27383711867796,0,0
891,-0.12442453170028678,0.95747902016,1.27383711867796,0,0
892,-0.12442453170028678,0.957695010447,1.27383711867796,0,0
893,-0.05990814121037502,0.960476044759,1.27383711867796,0,0
894,-0.12442453170028678,0.960153393594,1.27383711867796,0,0
895,-0.12442453170028678,0.963829601167,1.27383711867796,0,0
896,-0.12442453170028678,0.958795060396,1.27383711867796,0,0
897,-0.12442453170028678,0.962094886017,1.27383711867796,0,0
898,-0.12442453170028678,0.958223188562,1.27383711867796,0,0
899,-0.13364103025936558,0.95903858093,1.27383711867796,0,0
900,-0.11520803314120975,0.963159168917,1.27383711867796,0,0
901,-0.11520803314120975,0.964006156273,1.27383711867796,0,0
902,-0.13364103025936558,0.964375970264,1.27383711867796,0,0
903,-0.12442453170028678,0.964619223398,1.27383711867796,0,0
904,-0.12442453170028678,0.968242944609,1.27383711867796,0,0
905,-0.13364103025936558,0.967851973505,1.27383711867796,0,0
906,-0.13364103025936558,0.965358933858,1.27383711867796,0,0
907,-0.13364103025936558,0.962146660789,1.27383711867796,0,0
908,-0.1428575288184426,0.964947585832,1.27383711867796,0,0
909,-0.13364103025936558,0.961755981131,1.27383711867796,0,0
910,-0.13364103025936558,0.969021468209,1.27383711867796,0,0
911,-0.1428575288184426,0.962608138073,1.27383711867796,0,0
912,-0.13364103025936558,0.964203270133,1.27383711867796,0,0
913,-0.1428575288184426,0.963779229212,1.27383711867796,0,0
914,-0.1428575288184426,0.965889525568,1.27383711867796,0,0
915,-0.13364103025936558,0.968771731666,1.27383711867796,0,0
916,-0.1428575288184426,0.964654667878,1.27383711867796,0,0
917,-0.1428575288184426,0.967119671029,1.27383711867796,0,0
918,-0.13364103025936558,0.960730768503,1.27383711867796,0,0
919,-0.1428575288184426,0.969499317308,1.27383711867796,0,0
920,-0.1428575288184426,0.966753627429,1.27383711867796,0,0
921,-0.1428575288184426,0.964702193686,1.27383711867796,0,0
922,-0.1428575288184426,0.964434189826,1.27383711867796,0,0
923,-0.1428575288184426,0.961926638527,1.27383711867796,0,0
924,-0.1428575288184426,0.965002381094,1.27383711867796,0,0
925,-0.1520740273775214,0.963548364979,1.27383711867796,0,0
926,-0.1428575288184426,0.961163421071,1.27383711867796,0,0
927,-0.1428575288184426,0.966367549703,1.27383711867796,0,0
928,-0.1428575288184426,0.960737920274,1.27383711867796,0,0
929,-0.1428575288184426,0.963868122656,1.27383711867796,0,0
930,-0.1520740273775214,0.963052870718,1.27383711867796,0,0
931,-0.1428575288184426,0.961094882795,1.27383711867796,0,0
932,-0.1428575288184426,0.961293124545,1.27383711867796,0,0
933,-0.1520740273775214,0.96076938257,1.27383711867796,0,0
934,-0.1428575288184426,0.963629988827,1.27383711867796,0,0
935,-0.1520740273775214,0.956528481156,1.27383711867796,0,0
936,-0.1520740273775214,0.961600917443,1.27383711867796,0,0
937,-0.1428575288184426,0.959834566196,1.27383711867796,0,0
938,-0.1428575288184426,0.965071587928,1.27383711867796,0,0
939,-0.1428575288184426,0.960150530443,1.27383711867796,0,0
940,-0.1520740273775214,0.959536967762,1.27383711867796,0,0
941,-0.1428575288184426,0.959313177566,1.27383711867796,0,0
942,-0.1520740273775214,0.957277580431,1.27383711867796,0,0
943,-0.1520740273775214,0.9600819016,1.27383711867796,0,0
944,-0.1520740273775214,0.95706406718,1.27383711867796,0,0
945,-0.1520740273775214,0.959042463519,1.27383711867796,0,0
946,-0.1612905259366002,0.957523487276,1.27383711867796,0,0
947,-0.1520740273775214,0.95778132642,1.27383711867796,0,0
948,-0.1612905259366002,0.954956128434,1.27383711867796,0,0
949,-0.1612905259366002,0.957649033002,1.27383711867796,0,0
950,-0.1520740273775214,0.956434930231,1.27383711867796,0,0
951,-0.1612905259366002,0.95894341109,1.27383711867796,0,0
952,-0.1612905259366002,0.9596420143,1.27383711867796,0,0
953,-0.1520740273775214,0.956688734688,1.27383711867796,0,0
954,-0.1520740273775214,0.9603782928,1.27383711867796,0,0
955,-0.1612905259366002,0.958982314837,1.27383711867796,0,0
956,-0.1612905259366002,0.959162545396,1.27383711867796,0,0
957,-0.1520740273775214,0.957574745637,1.27383711867796,0,0
958,-0.1612905259366002,0.958352094969,1.27383711867796,0,0
959,-0.1612905259366002,0.956322197543,1.27383711867796,0,0
960,-0.1520740273775214,0.957671876482,1.27383711867796,0,0
961,-0.1612905259366002,0.955864706882,1.27383711867796,0,0
962,-0.1612905259366002,0.958367625909,1.27383711867796,0,0
963,-0.1428575288184426,0.959472337097,1.27383711867796,0,0
964,-0.1612905259366002,0.955970386873,1.27383711867796,0,0
965,-0.1612905259366002,0.956586470192,1.27383711867796,0,0
966,-0.1520740273775214,0.955986319507,1.27383711867796,0,0
967,-0.1612905259366002,0.9582946038,1.27383711867796,0,0
968,-0.1520740273775214,0.956220809387,1.27383711867796,0,0
969,-0.1612905259366002,0.955139866528,1.27383711867796,0,0
970,-0.1612905259366002,0.954165098438,1.27383711867796,0,0
971,-0.1612905259366002,0.955157243199,1.27383711867796,0,0
972,-0.1612905259366002,0.955458091536,1.27383711867796,0,0
973,-0.1612905259366002,0.953419645973,1.27383711867796,0,0
974,-0.1612905259366002,0.954795129242,1.27383711867796,0,0
975,-0.1612905259366002,0.954297264136,1.27383711867796,0,0
976,-0.1520740273775214,0.954651529093,1.27383711867796,0,0
977,-0.1520740273775214,0.954727200054,1.27383711867796,0,0
978,-0.1612905259366002,0.955332492539,1.27383711867796,0,0
979,-0.1612905259366002,0.954865932032,1.27383711867796,0,0
980,-0.1612905259366002,0.955678415799,1.27383711867796,0,0
981,-0.1520740273775214,0.954788329237,1.27383711867796,0,0
982,-0.1612905259366002,0.954321576458,1.27383711867796,0,0
983,-0.1612905259366002,0.955465773487,1.27383711867796,0,0
984,-0.1612905259366002,0.956197818103,1.27383711867796,0,0
985,-0.22580691642651196,0.954173632204,1.27383711867796,0,0
986,-0.1612905259366002,0.957495363062,1.27383711867796,0,0
987,-0.17050702449567723,0.95371636819,1.27383711867796,0,0
988,-0.1612905259366002,0.95419468752,1.27383711867796,0,0
989,-0.1612905259366002,0.954639063223,1.27383711867796,0,0
990,-0.1520740273775214,0.957838397742,1.27383711867796,0,0
991,-0.13364103025936558,0.955997354605,1.27383711867796,0,0
992,-0.1428575288184426,0.957665757809,1.27383711867796,0,0
993,-0.13364103025936558,0.958012479725,1.27383711867796,0,0
994,-0.13364103025936558,0.958166595768,1.27383711867796,0,0
995,-0.13364103025936558,0.958860659033,1.27383711867796,0,0
996,-0.1059906340057637,0.957883351273,1.27383711867796,0,0
997,-0.0967741354466849,0.957693588317,1.27383711867796,0,0
998,-0.08755763688760787,0.959975071055,1.27383711867796,0,0
999,-0.08755763688760787,0.96039361799,1.27383711867796,0,0
1000,-0.06912463976945205,0.962889865875,1.27383711867796,0,0
1001,-0.07834113832853085,0.960202110299,1.27383711867796,0,0
1002,-0.050691642651298,0.963135000824,1.27383711867796,0,0
1003,-0.05990814121037502,0.96612596607,1.27383711867796,0,0
1004,-0.06912463976945205,0.963197092806,1.27383711867796,0,0
1005,-0.04147514409221742,0.963655559487,1.27383711867796,0,0
1006,-0.050691642651298,0.959892941207,1.27383711867796,0,0
1007,-0.04147514409221742,0.960819183448,1.27383711867796,0,0
1008,-0.04147514409221742,0.961384027128,1.27383711867796,0,0
1009,-0.032258645533140395,0.958652441386,1.27383711867796,0,0
1010,-0.023042146974061595,0.956555011848,1.27383711867796,0,0
1011,-0.013824747838615536,0.958120652402,1.27383711867796,0,0
1012,-0.013824747838615536,0.960618088842,1.27383711867796,0,0
1013,-0.013824747838615536,0.961147850509,1.27383711867796,0,0
1014,-0.004608249279538512,0.960045151586,1.27383711867796,0,0
1015,-0.013824747838615536,0.964041671172,1.27383711867796,0,0
1016,0.004608249279538512,0.961107552816,1.27383711867796,0,0
1017,-0.013824747838615536,0.965205286496,1.27383711867796,0,0
1018,-0.013824747838615536,0.963724435701,1.27383711867796,0,0
1019,-0.013824747838615536,0.960447558003,1.27383711867796,0,0
1020,-0.023042146974061595,0.959003776928,1.27383711867796,0,0
1021,-0.023042146974061595,0.961930547296,1.27383711867796,0,0
1022,-0.032258645533140395,0.961223714623,1.27383711867796,0,0
1023,-0.032258645533140395,0.962088558546,1.27383711867796,0,0
1024,-0.032258645533140395,0.961482025048,1.27383711867796,0,0
1025,-0.04147514409221742,0.960477182393,1.27383711867796,0,0
1026,-0.04147514409221742,0.960795875375,1.27383711867796,0,0
1027,-0.05990814121037502,0.964171284004,1.27383711867796,0,0
1028,-0.023042146974061595,0.962785045678,1.27383711867796,0,0
1029,-0.05990814121037502,0.960915401823,1.27383711867796,0,0
1030,-0.06912463976945205,0.958726441633,1.27383711867796,0,0
1031,-0.07834113832853085,0.962916926359,1.27383711867796,0,0
1032,-0.07834113832853085,0.960417799975,1.27383711867796,0,0
1033,-0.06912463976945205,0.962017344273,1.27383711867796,0,0
1034,-0.08755763688760787,0.960552922813,1.27383711867796,0,0
1035,-0.08755763688760787,0.960793787412,1.27383711867796,0,0
1036,-0.08755763688760787,0.963007349352,1.27383711867796,0,0
1037,-0.0967741354466849,0.965131923414,1.27383711867796,0,0
1038,-0.0967741354466849,0.958138489904,1.27383711867796,0,0
1039,-0.0967741354466849,0.958133752711,1.27383711867796,0,0
1040,-0.0967741354466849,0.957785699243,1.27383711867796,0,0
1041,-0.0967741354466849,0.962446444822,1.27383711867796,0,0
1042,-0.0967741354466849,0.96172212957,1.27383711867796,0,0
1043,-0.1059906340057637,0.958446602063,1.27383711867796,0,0
1044,-0.1059906340057637,0.960487714969,1.27383711867796,0,0
1045,-0.1059906340057637,0.959252216243,1.27383711867796,0,0
1046,-0.1059906340057637,0.959972851166,1.27383711867796,0,0
1047,-0.1059906340057637,0.957144104431,1.27383711867796,0,0
1048,-0.11520803314120975,0.958964802098,1.27383711867796,0,0
1049,-0.11520803314120975,0.957350450723,1.27383711867796,0,0
1050,-0.1981574207492791,0.958569753853,1.27383711867796,0,0
1051,-0.11520803314120975,0.958542908662,1.27383711867796,0,0
1052,-0.1981574207492791,0.960085774064,1.27383711867796,0,0
1053,-0.11520803314120975,0.957075479255,1.27383711867796,0,0
1054,-0.11520803314120975,0.957493640146,1.27383711867796,0,0
1055,-0.12442453170028678,0.959267877059,1.27383711867796,0,0
1056,-0.11520803314120975,0.960137580894,1.27383711867796,0,0
1057,-0.12442453170028678,0.958423549345,1.27383711867796,0,0
1058,-0.12442453170028678,0.961281124974,1.27383711867796,0,0
1059,-0.12442453170028678,0.962837769187,1.27383711867796,0,0
1060,-0.13364103025936558,0.964304754916,1.27383711867796,0,0
1061,-0.12442453170028678,0.965736517478,1.27383711867796,0,0
1062,-0.13364103025936558,0.965466516882,1.27383711867796,0,0
1063,-0.12442453170028678,0.963727516377,1.27383711867796,0,0
1064,-0.13364103025936558,0.961620077653,1.27383711867796,0,0
1065,-0.13364103025936558,0.962312525121,1.27383711867796,0,0
1066,-0.13364103025936558,0.964716211772,1.27383711867796,0,0
1067,-0.13364103025936558,0.963681055706,1.27383711867796,0,0
1068,-0.13364103025936558,0.967810358072,1.27383711867796,0,0
1069,-0.13364103025936558,0.967207915246,1.27383711867796,0,0
1070,-0.05990814121037502,0.968947551754,1.27383711867796,0,0
1071,-0.13364103025936558,0.96525745369,1.27383711867796,0,0
1072,-0.13364103025936558,0.964163639004,1.27383711867796,0,0
1073,-0.13364103025936558,0.966329870116,1.27383711867796,0,0
1074,-0.13364103025936558,0.968587753041,1.27383711867796,0,0
1075,-0.1428575288184426,0.970261079692,1.27383711867796,0,0
1076,-0.1428575288184426,0.969005143885,1.27383711867796,0,0
1077,-0.1428575288184426,0.966688297817,1.27383711867796,0,0
1078,-0.1428575288184426,0.968480975959,1.27383711867796,0,0
1079,-0.1428575288184426,0.963439467079,1.27383711867796,0,0
1080,-0.1520740273775214,0.965151706229,1.27383711867796,0,0
1081,-0.1428575288184426,0.966695948014,1.27383711867796,0,0
1082,-0.1428575288184426,0.965239956858,1.27383711867796,0,0
1083,-0.1428575288184426,0.967119047181,1.27383711867796,0,0
1084,-0.1520740273775214,0.96439884142,1.27383711867796,0,0
1085,-0.1520740273775214,0.965751863641,1.27383711867796,0,0
1086,-0.1428575288184426,0.961265396281,1.27383711867796,0,0
1087,-0.1428575288184426,0.966762296532,1.27383711867796,0,0
1088,-0.1520740273775214,0.965082203144,1.27383711867796,0,0
1089,-0.1520740273775214,0.964447094222,1.27383711867796,0,0
1090,-0.23502341498558899,0.963692459756,1.27383711867796,0,0
1091,-0.1520740273775214,0.966551089101,1.27383711867796,0,0
1092,-0.1520740273775214,0.960431897269,1.27383711867796,0,0
1093,-0.1520740273775214,0.9588699361,1.27383711867796,0,0
1094,-0.1520740273775214,0.962911424157,1.27383711867796,0,0
1095,-0.1428575288184426,0.9633166407,1.27383711867796,0,0
1096,-0.23502341498558899,0.965671770756,1.27383711867796,0,0
1097,-0.1520740273775214,0.961699562476,1.27383711867796,0,0
1098,-0.1520740273775214,0.963885634242,1.27383711867796,0,0
1099,-0.1428575288184426,0.961555795573,1.27383711867796,0,0
1100,-0.1428575288184426,0.963351735666,1.27383711867796,0,0
1101,-0.1520740273775214,0.963548658433,1.27383711867796,0,0
1102,-0.1612905259366002,0.961696510753,1.27383711867796,0,0
1103,-0.1520740273775214,0.964417363302,1.27383711867796,0,0
1104,-0.1520740273775214,0.965452240524,1.27383711867796,0,0
1105,-0.20737391930835614,0.959208866514,1.27383711867796,0,0
1106,-0.1520740273775214,0.963638630826,1.27383711867796,0,0
1107,-0.1428575288184426,0.960324777925,1.27383711867796,0,0
1108,-0.1520740273775214,0.963365169701,1.27383711867796,0,0
1109,-0.1520740273775214,0.957332541633,1.27383711867796,0,0
1110,-0.1520740273775214,0.961322830995,1.27383711867796,0,0
1111,-0.1520740273775214,0.959829745881,1.27383711867796,0,0
1112,-0.1520740273775214,0.95671421323,1.27383711867796,0,0
1113,-0.1520740273775214,0.955456031156,1.27383711867796,0,0
1114,-0.1520740273775214,0.963594207727,1.27383711867796,0,0
1115,-0.1612905259366002,0.96038381873,1.27383711867796,0,0
1116,-0.18894002161383305,0.958053922503,1.27383711867796,0,0
1117,-0.1520740273775214,0.954712810815,1.27383711867796,0,0
1118,-0.22580691642651196,0.959424844165,1.27383711867796,0,0
1119,-0.1520740273775214,0.961251082652,1.27383711867796,0,0
1120,-0.1612905259366002,0.953941307962,1.27383711867796,0,0
1121,-0.1520740273775214,0.957249722288,1.27383711867796,0,0
1122,-0.1520740273775214,0.957769871593,1.27383711867796,0,0
1123,-0.1612905259366002,0.963184210508,1.27383711867796,0,0
1124,-0.1428575288184426,0.964954317282,1.27383711867796,0,0
1125,-0.13364103025936558,0.958447757273,1.27383711867796,0,0
1126,-0.13364103025936558,0.95997093856,1.27383711867796,0,0
1127,-0.12442453170028678,0.960242583574,1.27383711867796,0,0
1128,-0.11520803314120975,0.964814049897,1.27383711867796,0,0
1129,-0.1059906340057637,0.960898678574,1.27383711867796,0,0
1130,-0.0967741354466849,0.965246039726,1.27383711867796,0,0
1131,-0.0967741354466849,0.96336038584,1.27383711867796,0,0
1132,-0.08755763688760787,0.967393607045,1.27383711867796,0,0
1133,-0.07834113832853085,0.963335270685,1.27383711867796,0,0
1134,-0.07834113832853085,0.970084688294,1.27383711867796,0,0
1135,-0.05990814121037502,0.96432289348,1.27383711867796,0,0
1136,-0.050691642651298,0.975742746589,1.27383711867796,0,0
1137,-0.050691642651298,0.964269539883,1.27383711867796,0,0
1138,-0.050691642651298,0.964553547621,1.27383711867796,0,0
1139,-0.04147514409221742,0.964831030389,1.27383711867796,0,0
1140,-0.032258645533140395,0.961309915594,1.27383711867796,0,0
1141,-0.032258645533140395,0.965739363212,1.27383711867796,0,0
1142,-0.023042146974061595,0.965853581394,1.27383711867796,0,0
1143,-0.032258645533140395,0.962323773134,1.27383711867796,0,0
1144,-0.013824747838615536,0.963426504164,1.27383711867796,0,0
1145,-0.013824747838615536,0.963932221426,1.27383711867796,0,0
1146,-0.013824747838615536,0.962364225352,1.27383711867796,0,0
1147,-0.004608249279538512,0.967926983932,1.27383711867796,0,0
1148,-0.013824747838615536,0.961569109027,1.27383711867796,0,0
1149,-0.023042146974061595,0.965485871346,1.27383711867796,0,0
1150,-0.023042146974061595,0.96329418985,1.27383711867796,0,0
1151,-0.023042146974061595,0.959822497833,1.27383711867796,0,0
1152,-0.023042146974061595,0.964425955498,1.27383711867796,0,0
1153,-0.04147514409221742,0.957697972454,1.27383711867796,0,0
1154,-0.032258645533140395,0.962348085798,1.27383711867796,0,0
1155,-0.050691642651298,0.95808121055,1.27383711867796,0,0
1156,-0.050691642651298,0.965577474987,1.27383711867796,0,0
1157,-0.050691642651298,0.959590570193,1.27383711867796,0,0
1158,-0.050691642651298,0.965084939446,1.27383711867796,0,0
1159,-0.05990814121037502,0.959491536495,1.27383711867796,0,0
1160,-0.05990814121037502,0.962149154453,1.27383711867796,0,0
1161,-0.050691642651298,0.959715996771,1.27383711867796,0,0
1162,-0.06912463976945205,0.964460391974,1.27383711867796,0,0
1163,-0.06912463976945205,0.960979147836,1.27383711867796,0,0
1164,-0.05990814121037502,0.963027613415,1.27383711867796,0,0
1165,-0.07834113832853085,0.963060420456,1.27383711867796,0,0
1166,-0.07834113832853085,0.958459638889,1.27383711867796,0,0
1167,-0.07834113832853085,0.964836120622,1.27383711867796,0,0
1168,-0.08755763688760787,0.963929658403,1.27383711867796,0,0
1169,-0.08755763688760787,0.966493295694,1.27383711867796,0,0
1170,-0.08755763688760787,0.957995297874,1.27383711867796,0,0
1171,-0.1059906340057637,0.962952905037,1.27383711867796,0,0
1172,-0.04147514409221742,0.961252809212,1.27383711867796,0,0
1173,-0.0967741354466849,0.962081332753,1.27383711867796,0,0
1174,-0.0967741354466849,0.962769383855,1.27383711867796,0,0
1175,-0.0967741354466849,0.961893966849,1.27383711867796,0,0
1176,-0.1059906340057637,0.961240539746,1.27383711867796,0,0
1177,-0.0967741354466849,0.958451129751,1.27383711867796,0,0
1178,-0.1059906340057637,0.956526471516,1.27383711867796,0,0
1179,-0.1059906340057637,0.959444372622,1.27383711867796,0,0
1180,-0.06912463976945205,0.960561450309,1.27383711867796,0,0
1181,-0.1059906340057637,0.957766316939,1.27383711867796,0,0
1182,-0.11520803314120975,0.956916329957,1.27383711867796,0,0
1183,-0.11520803314120975,0.95579935901,1.27383711867796,0,0
1184,-0.11520803314120975,0.961330117886,1.27383711867796,0,0
1185,-0.11520803314120975,0.956593849598,1.27383711867796,0,0
1186,-0.11520803314120975,0.959756999758,1.27383711867796,0,0
1187,-0.11520803314120975,0.960358820569,1.27383711867796,0,0
1188,-0.12442453170028678,0.958220014508,1.27383711867796,0,0
1189,-0.12442453170028678,0.960146663767,1.27383711867796,0,0
1190,-0.12442453170028678,0.959010624729,1.27383711867796,0,0
1191,-0.12442453170028678,0.959980818137,1.27383711867796,0,0
1192,-0.12442453170028678,0.961210593132,1.27383711867796,0,0
1193,-0.13364103025936558,0.960137321192,1.27383711867796,0,0
1194,-0.13364103025936558,0.963250495974,1.27383711867796,0,0
1195,-0.12442453170028678,0.959878798954,1.27383711867796,0,0
1196,-0.12442453170028678,0.963702564142,1.27383711867796,0,0
1197,-0.12442453170028678,0.964648012321,1.27383711867796,0,0
1198,-0.12442453170028678,0.964701407009,1.27383711867796,0,0
1199,-0.13364103025936558,0.966344507854,1.27383711867796,0,0
1200,-0.13364103025936558,0.966206147878,1.27383711867796,0,0
1201,-0.13364103025936558,0.964072927897,1.27383711867796,0,0
1202,-0.0967741354466849,0.968889380869,1.27383711867796,0,0
1203,-0.13364103025936558,0.962619632867,1.27383711867796,0,0
1204,-0.18894002161383305,0.967749143937,1.27383711867796,0,0
1205,-0.1428575288184426,0.964306848444,1.27383711867796,0,0
1206,-0.13364103025936558,0.965077137978,1.27383711867796,0,0
1207,-0.1428575288184426,0.964135474162,1.27383711867796,0,0
1208,-0.13364103025936558,0.96359673189,1.27383711867796,0,0
1209,-0.13364103025936558,0.963343310456,1.27383711867796,0,0
1210,-0.1428575288184426,0.968271283904,1.27383711867796,0,0
1211,-0.1428575288184426,0.965657246205,1.27383711867796,0,0
1212,-0.13364103025936558,0.964946855067,1.27383711867796,0,0
1213,-0.1981574207492791,0.968945670161,1.27383711867796,0,0
1214,-0.13364103025936558,0.96503743581,1.27383711867796,0,0
1215,-0.13364103025936558,0.965278745051,1.27383711867796,0,0
1216,-0.13364103025936558,0.960711033847,1.27383711867796,0,0
1217,-0.28110590778097944,0.961944719992,1.27383711867796,0,0
1218,-0.13364103025936558,0.964312344376,1.27383711867796,0,0
1219,-0.1428575288184426,0.96159170055,1.27383711867796,0,0
1220,-0.13364103025936558,0.963192822956,1.27383711867796,0,0
1221,-0.1428575288184426,0.957922522631,1.27383711867796,0,0
1222,-0.1428575288184426,0.969392631656,1.27383711867796,0,0
1223,-0.1520740273775214,0.964779182711,1.27383711867796,0,0
1224,-0.1059906340057637,0.968974725841,1.27383711867796,0,0
1225,-0.1428575288184426,0.964495901094,1.27383711867796,0,0
1226,-0.13364103025936558,0.96182643702,1.27383711867796,0,0
1227,-0.1520740273775214,0.961869071851,1.27383711867796,0,0
1228,-0.1520740273775214,0.96643697572,1.27383711867796,0,0
1229,-0.1428575288184426,0.96179865207,1.27383711867796,0,0
1230,-0.1520740273775214,0.961711829649,1.27383711867796,0,0
1231,-0.1428575288184426,0.965527743531,1.27383711867796,0,0
1232,-0.1428575288184426,0.958987152429,1.27383711867796,0,0
1233,-0.1520740273775214,0.964982197805,1.27383711867796,0,0
1234,-0.1428575288184426,0.961156226298,1.27383711867796,0,0
1235,-0.1520740273775214,0.96861111523,1.27383711867796,0,0
1236,-0.1428575288184426,0.959976233362,1.27383711867796,0,0
1237,-0.1520740273775214,0.959243806938,1.27383711867796,0,0
1238,-0.1428575288184426,0.960428884094,1.27383711867796,0,0
1239,-0.1428575288184426,0.961532537703,1.27383711867796,0,0
1240,-0.1520740273775214,0.961331630429,1.27383711867796,0,0
1241,-0.1520740273775214,0.961785233335,1.27383711867796,0,0
1242,-0.1612905259366002,0.957412226348,1.27383711867796,0,0
1243,-0.1428575288184426,0.954996549702,1.27383711867796,0,0
1244,-0.1520740273775214,0.960935008928,1.27383711867796,0,0
1245,-0.1520740273775214,0.957346286917,1.27383711867796,0,0
1246,-0.1520740273775214,0.962575201372,1.27383711867796,0,0
1247,-0.1612905259366002,0.957676695049,1.27383711867796,0,0
1248,-0.1520740273775214,0.958697356097,1.27383711867796,0,0
1249,-0.1428575288184426,0.957856734868,1.27383711867796,0,0
1250,-0.1520740273775214,0.965374740752,1.27383711867796,0,0
1251,-0.1520740273775214,0.962303714522,1.27383711867796,0,0
1252,-0.1612905259366002,0.957678125019,1.27383711867796,0,0
1253,-0.1612905259366002,0.96161015858,1.27383711867796,0,0
1254,-0.1612905259366002,0.961791131002,1.27383711867796,0,0
1255,-0.1612905259366002,0.967488242552,1.27383711867796,0,0
1256,-0.17050702449567723,0.961641059181,1.27383711867796,0,0
1257,-0.1520740273775214,0.963441617199,1.27383711867796,0,0
1258,-0.1520740273775214,0.961321238193,1.27383711867796,0,0
1259,-0.1612905259366002,0.964703806461,1.27383711867796,0,0
1260,-0.1612905259366002,0.960398676474,1.27383711867796,0,0
1261,-0.1612905259366002,0.959951437828,1.27383711867796,0,0
1262,-0.1612905259366002,0.958882709268,1.27383711867796,0,0
1263,-0.1612905259366002,0.965394676587,1.27383711867796,0,0
1264,-0.17050702449567723,0.962359364945,1.27383711867796,0,0
1265,-0.1612905259366002,0.95821701881,1.27383711867796,0,0
1266,-0.1612905259366002,0.95874856689,1.27383711867796,0,0
1267,-0.1612905259366002,0.957958049261,1.27383711867796,0,0
1268,-0.1520740273775214,0.960444519498,1.27383711867796,0,0
1269,-0.17050702449567723,0.958691033615,1.27383711867796,0,0
1270,-0.17050702449567723,0.95946037797,1.27383711867796,0,0
1271,-0.1612905259366002,0.952853967067,1.27383711867796,0,0
1272,-0.1612905259366002,0.957095759205,1.27383711867796,0,0
1273,-0.1612905259366002,0.958939947699,1.27383711867796,0,0
1274,-0.1612905259366002,0.958684666535,1.27383711867796,0,0
1275,-0.1612905259366002,0.953372583367,1.27383711867796,0,0
1276,-0.17050702449567723,0.956637285962,1.27383711867796,0,0
1277,-0.1612905259366002,0.958614378509,1.27383711867796,0,0
1278,-0.1612905259366002,0.957881334068,1.27383711867796,0,0
1279,-0.1612905259366002,0.957293465001,1.27383711867796,0,0
1280,-0.1520740273775214,0.958955329864,1.27383711867796,0,0
1281,-0.1612905259366002,0.955847840138,1.27383711867796,0,0
1282,-0.1612905259366002,0.957394594376,1.27383711867796,0,0
1283,-0.1612905259366002,0.958363168682,1.27383711867796,0,0
1284,-0.1612905259366002,0.955846884025,1.27383711867796,0,0
1285,-0.17050702449567723,0.952011699819,1.27383711867796,0,0
1286,-0.1520740273775214,0.956451222714,1.27383711867796,0,0
1287,-0.1612905259366002,0.953933629817,1.27383711867796,0,0
1288,-0.17050702449567723,0.953390923115,1.27383711867796,0,0
1289,-0.20737391930835614,0.954151754823,1.27383711867796,0,0
1290,-0.17050702449567723,0.954185874871,1.27383711867796,0,0
1291,-0.1612905259366002,0.954467105825,1.27383711867796,0,0
1292,-0.1612905259366002,0.955150401019,1.27383711867796,0,0
1293,-0.1520740273775214,0.953642884136,1.27383711867796,0,0
1294,-0.1428575288184426,0.956307818808,1.27383711867796,0,0
1295,-0.13364103025936558,0.954991698003,1.27383711867796,0,0
1296,-0.13364103025936558,0.95696462552,1.27383711867796,0,0
1297,-0.11520803314120975,0.95707295894,1.27383711867796,0,0
1298,-0.11520803314120975,0.95732643669,1.27383711867796,0,0
1299,-0.1059906340057637,0.960786117109,1.27383711867796,0,0
1300,-0.0967741354466849,0.956679866987,1.27383711867796,0,0
1301,-0.08755763688760787,0.958601820403,1.27383711867796,0,0
1302,-0.08755763688760787,0.960080444661,1.27383711867796,0,0
1303,-0.07834113832853085,0.962760359347,1.27383711867796,0,0
1304,-0.06912463976945205,0.962525233018,1.27383711867796,0,0
1305,-0.06912463976945205,0.960478888714,1.27383711867796,0,0
1306,-0.05990814121037502,0.960939716275,1.27383711867796,0,0
1307,-0.050691642651298,0.963429738924,1.27383711867796,0,0
1308,-0.050691642651298,0.961205395989,1.27383711867796,0,0
1309,-0.04147514409221742,0.960406153825,1.27383711867796,0,0
1310,-0.04147514409221742,0.961381060904,1.27383711867796,0,0
1311,-0.032258645533140395,0.961862417161,1.27383711867796,0,0
1312,-0.023042146974061595,0.962132075288,1.27383711867796,0,0
1313,-0.023042146974061595,0.96300320745,1.27383711867796,0,0
1314,-0.023042146974061595,0.959423928816,1.27383711867796,0,0
1315,-0.013824747838615536,0.959090907748,1.27383711867796,0,0
1316,-0.004608249279538512,0.959455829865,1.27383711867796,0,0
1317,-0.013824747838615536,0.962145261887,1.27383711867796,0,0
1318,-0.004608249279538512,0.957951111803,1.27383711867796,0,0
1319,-0.004608249279538512,0.958797603988,1.27383711867796,0,0
1320,-0.013824747838615536,0.962300859494,1.27383711867796,0,0
1321,-0.023042146974061595,0.96194531513,1.27383711867796,0,0
1322,-0.013824747838615536,0.958208526195,1.27383711867796,0,0
1323,-0.023042146974061595,0.960873735201,1.27383711867796,0,0
1324,-0.032258645533140395,0.956789536086,1.27383711867796,0,0
1325,-0.004608249279538512,0.961584884817,1.27383711867796,0,0
1326,-0.032258645533140395,0.959169884463,1.27383711867796,0,0
1327,-0.050691642651298,0.965113446618,1.27383711867796,0,0
1328,-0.050691642651298,0.958553830237,1.27383711867796,0,0
1329,-0.050691642651298,0.962390554044,1.27383711867796,0,0
1330,-0.05990814121037502,0.956576371736,1.27383711867796,0,0
1331,-0.05990814121037502,0.96002757339,1.27383711867796,0,0
1332,-0.06912463976945205,0.959807590854,1.27383711867796,0,0
1333,-0.07834113832853085,0.95926093103,1.27383711867796,0,0
1334,-0.07834113832853085,0.958172573678,1.27383711867796,0,0
1335,-0.07834113832853085,0.960251256918,1.27383711867796,0,0
1336,-0.07834113832853085,0.958709758103,1.27383711867796,0,0
1337,-0.08755763688760787,0.958372797982,1.27383711867796,0,0
1338,-0.08755763688760787,0.961473330174,1.27383711867796,0,0
1339,-0.08755763688760787,0.959910250838,1.27383711867796,0,0
1340,-0.08755763688760787,0.961873387835,1.27383711867796,0,0
1341,-0.08755763688760787,0.961583923826,1.27383711867796,0,0
1342,-0.08755763688760787,0.961778590581,1.27383711867796,0,0
1343,-0.0967741354466849,0.958583020793,1.27383711867796,0,0
1344,-0.0967741354466849,0.960808496721,1.27383711867796,0,0
1345,-0.1059906340057637,0.958518778586,1.27383711867796,0,0
1346,-0.0967741354466849,0.962757980601,1.27383711867796,0,0
1347,-0.0967741354466849,0.958801084797,1.27383711867796,0,0
1348,-0.1059906340057637,0.958776917079,1.27383711867796,0,0
1349,-0.1059906340057637,0.959927753212,1.27383711867796,0,0
1350,-0.11520803314120975,0.95975774425,1.27383711867796,0,0
1351,-0.06912463976945205,0.959730792391,1.27383711867796,0,0
1352,-0.1059906340057637,0.959694199232,1.27383711867796,0,0
1353,-0.07834113832853085,0.958431574011,1.27383711867796,0,0
1354,-0.1059906340057637,0.958353399564,1.27383711867796,0,0
1355,-0.1612905259366002,0.959390625686,1.27383711867796,0,0
1356,-0.11520803314120975,0.955924468604,1.27383711867796,0,0
1357,-0.12442453170028678,0.956566266086,1.27383711867796,0,0
1358,-0.12442453170028678,0.957620565378,1.27383711867796,0,0
1359,-0.12442453170028678,0.957483757687,1.27383711867796,0,0
1360,-0.13364103025936558,0.959798186455,1.27383711867796,0,0
1361,-0.12442453170028678,0.959446576862,1.27383711867796,0,0
1362,-0.12442453170028678,0.958169376418,1.27383711867796,0,0
1363,-0.12442453170028678,0.960247765233,1.27383711867796,0,0
1364,-0.12442453170028678,0.958812416856,1.27383711867796,0,0
1365,-0.11520803314120975,0.960821215565,1.27383711867796,0,0
1366,-0.12442453170028678,0.964016708076,1.27383711867796,0,0
1367,-0.13364103025936558,0.959994240136,1.27383711867796,0,0
1368,-0.13364103025936558,0.966206418074,1.27383711867796,0,0
1369,-0.13364103025936558,0.961338345099,1.27383711867796,0,0
1370,-0.12442453170028678,0.96395619963,1.27383711867796,0,0
1371,-0.13364103025936558,0.965393296191,1.27383711867796,0,0
1372,-0.0967741354466849,0.966717540244,1.27383711867796,0,0
1373,-0.13364103025936558,0.968345342658,1.27383711867796,0,0
1374,-0.13364103025936558,0.965496615404,1.27383711867796,0,0
1375,-0.13364103025936558,0.967783268399,1.27383711867796,0,0
1376,-0.13364103025936558,0.964927725939,1.27383711867796,0,0
1377,-0.1428575288184426,0.967063800728,1.27383711867796,0,0
1378,-0.13364103025936558,0.964294581101,1.27383711867796,0,0
1379,-0.1428575288184426,0.966467384692,1.27383711867796,0,0
1380,-0.13364103025936558,0.963328718958,1.27383711867796,0,0
1381,-0.13364103025936558,0.965729643858,1.27383711867796,0,0
1382,-0.1428575288184426,0.962668463544,1.27383711867796,0,0
1383,-0.1428575288184426,0.968992041813,1.27383711867796,0,0
1384,-0.1428575288184426,0.96637264213,1.27383711867796,0,0
1385,-0.13364103025936558,0.969208251099,1.27383711867796,0,0
1386,-0.1520740273775214,0.970954238535,1.27383711867796,0,0
1387,-0.1428575288184426,0.967613417106,1.27383711867796,0,0
1388,-0.1428575288184426,0.963926343794,1.27383711867796,0,0
1389,-0.1428575288184426,0.963857785827,1.27383711867796,0,0
1390,-0.1428575288184426,0.962438372607,1.27383711867796,0,0
1391,-0.1520740273775214,0.961253464539,1.27383711867796,0,0
1392,-0.20737391930835614,0.960080807236,1.27383711867796,0,0
1393,-0.1428575288184426,0.964376935917,1.27383711867796,0,0
1394,-0.1428575288184426,0.961558875353,1.27383711867796,0,0
1395,-0.1520740273775214,0.960243504883,1.27383711867796,0,0
1396,-0.1520740273775214,0.962196489184,1.27383711867796,0,0
1397,-0.1520740273775214,0.962634795469,1.27383711867796,0,0
1398,-0.1520740273775214,0.964294412902,1.27383711867796,0,0
1399,-0.1428575288184426,0.961237383133,1.27383711867796,0,0
1400,-0.1520740273775214,0.961467051918,1.27383711867796,0,0
1401,-0.1520740273775214,0.963252699759,1.27383711867796,0,0
1402,-0.1520740273775214,0.959698555058,1.27383711867796,0,0
1403,-0.1428575288184426,0.95870566442,1.27383711867796,0,0
1404,-0.1520740273775214,0.960780436899,1.27383711867796,0,0
1405,-0.1612905259366002,0.958780896968,1.27383711867796,0,0
1406,-0.1428575288184426,0.965390430551,1.27383711867796,0,0
1407,-0.1520740273775214,0.960711065229,1.27383711867796,0,0
1408,-0.1428575288184426,0.960577528313,1.27383711867796,0,0
1409,-0.3087563040345813,0.964096475318,1.27383711867796,0,0
1410,-0.1612905259366002,0.964744811958,1.27383711867796,0,0
1411,-0.1520740273775214,0.961084073428,1.27383711867796,0,0
1412,-0.1520740273775214,0.958132795107,1.27383711867796,0,0
1413,-0.1612905259366002,0.957564320311,1.27383711867796,0,0
1414,-0.1520740273775214,0.961339947769,1.27383711867796,0,0
1415,-0.1612905259366002,0.959873474851,1.27383711867796,0,0
1416,-0.21659041786743494,0.955557246298,1.27383711867796,0,0
1417,-0.1520740273775214,0.96091172523,1.27383711867796,0,0
1418,-0.1520740273775214,0.955199930179,1.27383711867796,0,0
1419,-0.1520740273775214,0.958195881637,1.27383711867796,0,0
1420,-0.1520740273775214,0.961376962151,1.27383711867796,0,0
1421,-0.1520740273775214,0.959643308,1.27383711867796,0,0
1422,-0.1520740273775214,0.957525910615,1.27383711867796,0,0
1423,-0.1520740273775214,0.962971809425,1.27383711867796,0,0
1424,-0.1612905259366002,0.959682070269,1.27383711867796,0,0
1425,-0.1612905259366002,0.964387451351,1.27383711867796,0,0
1426,-0.1612905259366002,0.958980367586,1.27383711867796,0,0
1427,-0.1520740273775214,0.96385612968,1.27383711867796,0,0
1428,-0.1612905259366002,0.960713818734,1.27383711867796,0,0
1429,-0.1520740273775214,0.962812877887,1.27383711867796,0,0
1430,-0.17050702449567723,0.961002208072,1.27383711867796,0,0
1431,-0.1612905259366002,0.956540888332,1.27383711867796,0,0
1432,-0.1612905259366002,0.959631244741,1.27383711867796,0,0
1433,-0.1612905259366002,0.959047310098,1.27383711867796,0,0
1434,-0.1612905259366002,0.961723361402,1.27383711867796,0,0
1435,-0.1612905259366002,0.956010194426,1.27383711867796,0,0
1436,-0.17050702449567723,0.959979397411,1.27383711867796,0,0
1437,-0.17050702449567723,0.961554326049,1.27383711867796,0,0
1438,-0.1612905259366002,0.960852523029,1.27383711867796,0,0
1439,-0.1612905259366002,0.955425713679,1.27383711867796,0,0
1440,-0.1612905259366002,0.958920814902,1.27383711867796,0,0
1441,-0.1612905259366002,0.959424756938,1.27383711867796,0,0
1442,-0.17050702449567723,0.959850174255,1.27383711867796,0,0
1443,-0.1612905259366002,0.965427182933,1.27383711867796,0,0
1444,-0.1612905259366002,0.957199406017,1.27383711867796,0,0
1445,-0.1612905259366002,0.96130207266,1.27383711867796,0,0
1446,-0.1612905259366002,0.957564344867,1.27383711867796,0,0
1447,-0.1612905259366002,0.963587042198,1.27383711867796,0,0
1448,-0.1520740273775214,0.961999283455,1.27383711867796,0,0
1449,-0.1428575288184426,0.964832045445,1.27383711867796,0,0
1450,-0.13364103025936558,0.956572980021,1.27383711867796,0,0
1451,-0.12442453170028678,0.963616680389,1.27383711867796,0,0
1452,-0.12442453170028678,0.96254266357,1.27383711867796,0,0
1453,-0.11520803314120975,0.965204692023,1.27383711867796,0,0
1454,-0.1059906340057637,0.96232005315,1.27383711867796,0,0
1455,-0.0967741354466849,0.964018470382,1.27383711867796,0,0
1456,-0.08755763688760787,0.966259312325,1.27383711867796,0,0
1457,-0.07834113832853085,0.962736442798,1.27383711867796,0,0
1458,-0.08755763688760787,0.964517629884,1.27383711867796,0,0
1459,-0.050691642651298,0.962031703718,1.27383711867796,0,0
1460,-0.06912463976945205,0.967511143944,1.27383711867796,0,0
1461,-0.05990814121037502,0.962078571638,1.27383711867796,0,0
1462,-0.05990814121037502,0.962470915004,1.27383711867796,0,0
1463,-0.04147514409221742,0.963920365205,1.27383711867796,0,0
1464,-0.04147514409221742,0.964762185333,1.27383711867796,0,0
1465,-0.04147514409221742,0.960338960043,1.27383711867796,0,0
1466,-0.032258645533140395,0.963510265348,1.27383711867796,0,0
1467,-0.032258645533140395,0.964063185056,1.27383711867796,0,0
1468,-0.004608249279538512,0.96207132718,1.27383711867796,0,0
1469,-0.023042146974061595,0.960426798699,1.27383711867796,0,0
1470,-0.013824747838615536,0.960723200743,1.27383711867796,0,0
1471,-0.013824747838615536,0.961854762613,1.27383711867796,0,0
1472,-0.004608249279538512,0.958408316922,1.27383711867796,0,0
1473,-0.013824747838615536,0.957338336686,1.27383711867796,0,0
1474,-0.004608249279538512,0.959699830655,1.27383711867796,0,0
1475,-0.004608249279538512,0.958970534897,1.27383711867796,0,0
1476,0.050690742074927186,0.963722661552,1.27383711867796,0,0
1477,-0.013824747838615536,0.95867735799,1.27383711867796,0,0
1478,-0.023042146974061595,0.96247089118,1.27383711867796,0,0
1479,-0.023042146974061595,0.961028126047,1.27383711867796,0,0
1480,-0.032258645533140395,0.965047368643,1.27383711867796,0,0
1481,-0.032258645533140395,0.962279168855,1.27383711867796,0,0
1482,0.013824747838617313,0.961046849075,1.27383711867796,0,0
1483,-0.050691642651298,0.96168322312,1.27383711867796,0,0
1484,-0.050691642651298,0.961054734238,1.27383711867796,0,0
1485,-0.050691642651298,0.960917068872,1.27383711867796,0,0
1486,-0.050691642651298,0.959005004008,1.27383711867796,0,0
1487,-0.07834113832853085,0.960100927829,1.27383711867796,0,0
1488,-0.06912463976945205,0.958205323705,1.27383711867796,0,0
1489,-0.07834113832853085,0.963505509538,1.27383711867796,0,0
1490,-0.07834113832853085,0.957340708855,1.27383711867796,0,0
1491,-0.07834113832853085,0.958204284431,1.27383711867796,0,0
1492,-0.07834113832853085,0.958947046397,1.27383711867796,0,0
1493,-0.08755763688760787,0.959084068174,1.27383711867796,0,0
1494,-0.0967741354466849,0.961912025033,1.27383711867796,0,0
1495,-0.07834113832853085,0.95845935272,1.27383711867796,0,0
1496,-0.08755763688760787,0.958962572615,1.27383711867796,0,0
1497,-0.08755763688760787,0.95990245982,1.27383711867796,0,0
1498,-0.1059906340057637,0.961486677006,1.27383711867796,0,0
1499,-0.1059906340057637,0.962777882548,1.27383711867796,0,0
1500,-0.1059906340057637,0.962909579891,1.27383711867796,0,0
1501,-0.050691642651298,0.961005694119,1.27383711867796,0,0
1502,-0.1059906340057637,0.961533677769,1.27383711867796,0,0
1503,-0.0967741354466849,0.962044242536,1.27383711867796,0,0
1504,-0.1059906340057637,0.964787336208,1.27383711867796,0,0
1505,-0.1059906340057637,0.960624963155,1.27383711867796,0,0
1506,-0.1059906340057637,0.961447363981,1.27383711867796,0,0
1507,-0.11520803314120975,0.959995692273,1.27383711867796,0,0
1508,-0.11520803314120975,0.963520420759,1.27383711867796,0,0
1509,-0.11520803314120975,0.961629585923,1.27383711867796,0,0
1510,-0.12442453170028678,0.962271191402,1.27383711867796,0,0
1511,-0.11520803314120975,0.959584698001,1.27383711867796,0,0
1512,-0.11520803314120975,0.959623636976,1.27383711867796,0,0
1513,-0.12442453170028678,0.96084063619,1.27383711867796,0,0
1514,-0.07834113832853085,0.959970163958,1.27383711867796,0,0
1515,-0.11520803314120975,0.961776345249,1.27383711867796,0,0
1516,-0.17972352305475425,0.962319543655,1.27383711867796,0,0
1517,-0.12442453170028678,0.963375694098,1.27383711867796,0,0
1518,-0.18894002161383305,0.962109124622,1.27383711867796,0,0
1519,-0.12442453170028678,0.962280876103,1.27383711867796,0,0
1520,-0.13364103025936558,0.9611318894,1.27383711867796,0,0
1521,-0.13364103025936558,0.964732777629,1.27383711867796,0,0
1522,-0.12442453170028678,0.963086250853,1.27383711867796,0,0
1523,-0.13364103025936558,0.966257413402,1.27383711867796,0,0
1524,-0.13364103025936558,0.968706081539,1.27383711867796,0,0
1525,-0.12442453170028678,0.96685364426,1.27383711867796,0,0
1526,-0.13364103025936558,0.969702845666,1.27383711867796,0,0
1527,-0.1428575288184426,0.969043697716,1.27383711867796,0,0
1528,-0.13364103025936558,0.965948940135,1.27383711867796,0,0
1529,-0.13364103025936558,0.967354001863,1.27383711867796,0,0
1530,-0.1428575288184426,0.968777113965,1.27383711867796,0,0
1531,-0.1428575288184426,0.967671966301,1.27383711867796,0,0
1532,-0.1428575288184426,0.966245469678,1.27383711867796,0,0
1533,-0.13364103025936558,0.959512059291,1.27383711867796,0,0
1534,-0.13364103025936558,0.971877874155,1.27383711867796,0,0
1535,-0.1428575288184426,0.970352390974,1.27383711867796,0,0
1536,-0.1428575288184426,0.96739035812,1.27383711867796,0,0
1537,-0.13364103025936558,0.970253314538,1.27383711867796,0,0
1538,-0.1520740273775214,0.966437910078,1.27383711867796,0,0
1539,-0.13364103025936558,0.968170692059,1.27383711867796,0,0
1540,-0.1428575288184426,0.967086551006,1.27383711867796,0,0
1541,-0.1428575288184426,0.969527292473,1.27383711867796,0,0
1542,-0.1428575288184426,0.965906658636,1.27383711867796,0,0
1543,-0.1428575288184426,0.965575691152,1.27383711867796,0,0
1544,-0.1520740273775214,0.962842452712,1.27383711867796,0,0
1545,-0.1428575288184426,0.965233478677,1.27383711867796,0,0
1546,-0.1428575288184426,0.962649411926,1.27383711867796,0,0
1547,-0.1428575288184426,0.96374547762,1.27383711867796,0,0
1548,-0.1428575288184426,0.96260810609,1.27383711867796,0,0
1549,-0.1428575288184426,0.962784490566,1.27383711867796,0,0
1550,-0.12442453170028678,0.963892971734,1.27383711867796,0,0
1551,-0.1520740273775214,0.964173403966,1.27383711867796,0,0
1552,-0.1428575288184426,0.961062617797,1.27383711867796,0,0
1553,-0.1428575288184426,0.963474082553,1.27383711867796,0,0
1554,-0.1520740273775214,0.966509018158,1.27383711867796,0,0
1555,-0.1428575288184426,0.965564649255,1.27383711867796,0,0
1556,-0.1428575288184426,0.965046166862,1.27383711867796,0,0
1557,-0.1520740273775214,0.959529446758,1.27383711867796,0,0
1558,-0.1428575288184426,0.963535799155,1.27383711867796,0,0
1559,-0.1520740273775214,0.963174732579,1.27383711867796,0,0
1560,-0.1428575288184426,0.962911092822,1.27383711867796,0,0
1561,-0.1428575288184426,0.960353179026,1.27383711867796,0,0
1562,-0.1520740273775214,0.962810400822,1.27383711867796,0,0
1563,-0.1428575288184426,0.959315901444,1.27383711867796,0,0
1564,-0.1520740273775214,0.961871972323,1.27383711867796,0,0
1565,-0.1428575288184426,0.95889205579,1.27383711867796,0,0
1566,-0.1520740273775214,0.956212854054,1.27383711867796,0,0
1567,-0.1520740273775214,0.963799009113,1.27383711867796,0,0
1568,-0.1520740273775214,0.957935404668,1.27383711867796,0,0
1569,-0.1520740273775214,0.96487258989,1.27383711867796,0,0
1570,-0.1520740273775214,0.957763292573,1.27383711867796,0,0
1571,-0.1520740273775214,0.958728698618,1.27383711867796,0,0
1572,-0.1612905259366002,0.957697879517,1.27383711867796,0,0
1573,-0.1428575288184426,0.963654228882,1.27383711867796,0,0
1574,-0.1520740273775214,0.957078852006,1.27383711867796,0,0
1575,-0.1612905259366002,0.957702274449,1.27383711867796,0,0
1576,-0.1520740273775214,0.957393371205,1.27383711867796,0,0
1577,-0.1612905259366002,0.958388333143,1.27383711867796,0,0
1578,-0.1520740273775214,0.958145769731,1.27383711867796,0,0
1579,-0.1520740273775214,0.955806858993,1.27383711867796,0,0
1580,-0.1520740273775214,0.957086138823,1.27383711867796,0,0
1581,-0.1612905259366002,0.957751082242,1.27383711867796,0,0
1582,-0.1612905259366002,0.95984115703,1.27383711867796,0,0
1583,-0.1520740273775214,0.956452434327,1.27383711867796,0,0
1584,-0.1612905259366002,0.955049255209,1.27383711867796,0,0
1585,-0.1612905259366002,0.95707277418,1.27383711867796,0,0
1586,-0.1612905259366002,0.956768173855,1.27383711867796,0,0
1587,-0.1612905259366002,0.957729956276,1.27383711867796,0,0
1588,-0.1520740273775214,0.956626752962,1.27383711867796,0,0
1589,-0.1520740273775214,0.954881971578,1.27383711867796,0,0
1590,-0.1612905259366002,0.957282135819,1.27383711867796,0,0
1591,-0.1612905259366002,0.957978166207,1.27383711867796,0,0
1592,-0.1612905259366002,0.954432109797,1.27383711867796,0,0
1593,-0.1612905259366002,0.955190717703,1.27383711867796,0,0
1594,-0.1612905259366002,0.955576079714,1.27383711867796,0,0
1595,-0.11520803314120975,0.958553030246,1.27383711867796,0,0
1596,-0.1428575288184426,0.954996387287,1.27383711867796,0,0
1597,-0.13364103025936558,0.958883133165,1.27383711867796,0,0
1598,-0.12442453170028678,0.959893809347,1.27383711867796,0,0
1599,-0.11520803314120975,0.960376705126,1.27383711867796,0,0
1600,-0.11520803314120975,0.960511312447,1.27383711867796,0,0
1601,-0.0967741354466849,0.959375608658,1.27383711867796,0,0
1602,-0.0967741354466849,0.959309213677,1.27383711867796,0,0
1603,-0.08755763688760787,0.961082930635,1.27383711867796,0,0
1604,-0.08755763688760787,0.960048562458,1.27383711867796,0,0
1605,-0.07834113832853085,0.96245374676,1.27383711867796,0,0
1606,-0.06912463976945205,0.961742610196,1.27383711867796,0,0
1607,-0.06912463976945205,0.962915095984,1.27383711867796,0,0
1608,-0.050691642651298,0.965418440372,1.27383711867796,0,0
1609,-0.05990814121037502,0.962622399041,1.27383711867796,0,0
1610,-0.04147514409221742,0.966073406245,1.27383711867796,0,0
1611,-0.04147514409221742,0.95877803185,1.27383711867796,0,0
1612,-0.04147514409221742,0.963050008238,1.27383711867796,0,0
1613,-0.04147514409221742,0.958967682077,1.27383711867796,0,0
1614,-0.023042146974061595,0.961715350994,1.27383711867796,0,0
1615,-0.013824747838615536,0.962630755817,1.27383711867796,0,0
1616,-0.013824747838615536,0.960634052129,1.27383711867796,0,0
1617,0.050690742074927186,0.964894419569,1.27383711867796,0,0
1618,-0.004608249279538512,0.965459090933,1.27383711867796,0,0
1619,0.023041246397694337,0.965761696844,1.27383711867796,0,0
1620,-0.013824747838615536,0.963038794063,1.27383711867796,0,0
1621,-0.013824747838615536,0.963688556796,1.27383711867796,0,0
1622,-0.023042146974061595,0.961022853114,1.27383711867796,0,0
1623,-0.023042146974061595,0.96504693929,1.27383711867796,0,0
1624,-0.032258645533140395,0.959720180526,1.27383711867796,0,0
1625,-0.032258645533140395,0.962470476012,1.27383711867796,0,0
1626,-0.04147514409221742,0.958915239159,1.27383711867796,0,0
1627,-0.04147514409221742,0.959621847321,1.27383711867796,0,0
1628,-0.050691642651298,0.958201608133,1.27383711867796,0,0
1629,-0.050691642651298,0.9603397034,1.27383711867796,0,0
1630,-0.05990814121037502,0.958930590311,1.27383711867796,0,0
1631,-0.05990814121037502,0.959372578976,1.27383711867796,0,0
1632,-0.05990814121037502,0.959371712622,1.27383711867796,0,0
1633,-0.05990814121037502,0.958637227551,1.27383711867796,0,0
1634,-0.06912463976945205,0.960691358986,1.27383711867796,0,0
1635,-0.07834113832853085,0.9575694156,1.27383711867796,0,0
1636,-0.07834113832853085,0.961445976172,1.27383711867796,0,0
1637,-0.08755763688760787,0.96041819707,1.27383711867796,0,0
1638,-0.07834113832853085,0.957795802351,1.27383711867796,0,0
1639,-0.08755763688760787,0.960790547403,1.27383711867796,0,0
1640,-0.07834113832853085,0.962495255567,1.27383711867796,0,0
1641,-0.08755763688760787,0.961802000586,1.27383711867796,0,0
1642,-0.0967741354466849,0.966349432154,1.27383711867796,0,0
1643,-0.08755763688760787,0.965807629745,1.27383711867796,0,0
1644,-0.0967741354466849,0.962032785353,1.27383711867796,0,0
1645,-0.0967741354466849,0.96600193224,1.27383711867796,0,0
1646,-0.1059906340057637,0.959908306836,1.27383711867796,0,0
1647,-0.1059906340057637,0.963040535989,1.27383711867796,0,0
1648,-0.1059906340057637,0.958647712461,1.27383711867796,0,0
1649,-0.1059906340057637,0.963108054137,1.27383711867796,0,0
1650,-0.1059906340057637,0.962025294598,1.27383711867796,0,0
1651,-0.1059906340057637,0.965437664782,1.27383711867796,0,0
1652,-0.11520803314120975,0.960846919311,1.27383711867796,0,0
1653,-0.1059906340057637,0.963638216317,1.27383711867796,0,0
1654,-0.11520803314120975,0.957379649165,1.27383711867796,0,0
1655,-0.11520803314120975,0.958951321995,1.27383711867796,0,0
1656,-0.11520803314120975,0.959985539268,1.27383711867796,0,0
1657,-0.11520803314120975,0.958416518036,1.27383711867796,0,0
1658,-0.17972352305475425,0.958284696693,1.27383711867796,0,0
1659,-0.12442453170028678,0.957250436558,1.27383711867796,0,0
1660,-0.11520803314120975,0.959577545252,1.27383711867796,0,0
1661,-0.11520803314120975,0.959514815538,1.27383711867796,0,0
1662,-0.12442453170028678,0.96119870559,1.27383711867796,0,0
1663,-0.12442453170028678,0.959866042899,1.27383711867796,0,0
1664,-0.12442453170028678,0.962360932223,1.27383711867796,0,0
1665,-0.12442453170028678,0.962601910556,1.27383711867796,0,0
1666,-0.13364103025936558,0.95956533837,1.27383711867796,0,0
1667,-0.13364103025936558,0.9640511281,1.27383711867796,0,0
1668,-0.12442453170028678,0.963909759865,1.27383711867796,0,0
1669,-0.12442453170028678,0.963881317172,1.27383711867796,0,0
1670,-0.13364103025936558,0.968517124529,1.27383711867796,0,0
1671,-0.12442453170028678,0.967545496893,1.27383711867796,0,0
1672,-0.12442453170028678,0.967493977413,1.27383711867796,0,0
1673,-0.13364103025936558,0.963817090081,1.27383711867796,0,0
1674,-0.13364103025936558,0.965723189254,1.27383711867796,0,0
1675,-0.13364103025936558,0.965298694522,1.27383711867796,0,0
1676,-0.13364103025936558,0.964410086102,1.27383711867796,0,0
1677,-0.13364103025936558,0.965133847135,1.27383711867796,0,0
1678,-0.13364103025936558,0.96727442171,1.27383711867796,0,0
1679,-0.13364103025936558,0.966192372561,1.27383711867796,0,0
1680,-0.13364103025936558,0.972167146705,1.27383711867796,0,0
1681,-0.13364103025936558,0.969247509325,1.27383711867796,0,0
1682,-0.1520740273775214,0.967546669775,1.27383711867796,0,0
1683,-0.1428575288184426,0.966862007023,1.27383711867796,0,0
1684,-0.13364103025936558,0.966484563363,1.27383711867796,0,0
1685,-0.1428575288184426,0.9627670812,1.27383711867796,0,0
1686,-0.1520740273775214,0.965500015193,1.27383711867796,0,0
1687,-0.1428575288184426,0.964568213105,1.27383711867796,0,0
1688,-0.1428575288184426,0.961090219824,1.27383711867796,0,0
1689,-0.1428575288184426,0.958669557169,1.27383711867796,0,0
1690,-0.1428575288184426,0.960954234745,1.27383711867796,0,0
1691,-0.1428575288184426,0.962282630573,1.27383711867796,0,0
1692,-0.13364103025936558,0.964764098909,1.27383711867796,0,0
1693,-0.1428575288184426,0.961983174865,1.27383711867796,0,0
1694,-0.1981574207492791,0.960186528111,1.27383711867796,0,0
1695,-0.1428575288184426,0.963355107916,1.27383711867796,0,0
1696,-0.21659041786743494,0.964419948132,1.27383711867796,0,0
1697,-0.1520740273775214,0.959920540279,1.27383711867796,0,0
1698,-0.1520740273775214,0.960033561553,1.27383711867796,0,0
1699,-0.1520740273775214,0.961845846495,1.27383711867796,0,0
1700,-0.1520740273775214,0.959884547223,1.27383711867796,0,0
1701,-0.1520740273775214,0.962301931871,1.27383711867796,0,0
1702,-0.1520740273775214,0.959980902824,1.27383711867796,0,0
1703,-0.1520740273775214,0.959519072369,1.27383711867796,0,0
1704,-0.1520740273775214,0.962418691141,1.27383711867796,0,0
1705,-0.1520740273775214,0.966360677895,1.27383711867796,0,0
1706,-0.1428575288184426,0.959708155794,1.27383711867796,0,0
1707,-0.1520740273775214,0.960287211897,1.27383711867796,0,0
1708,-0.1520740273775214,0.958925473847,1.27383711867796,0,0
1709,-0.1612905259366002,0.959017018245,1.27383711867796,0,0
1710,-0.1520740273775214,0.95842142584,1.27383711867796,0,0
1711,-0.1520740273775214,0.957406219903,1.27383711867796,0,0
1712,-0.1520740273775214,0.960277840893,1.27383711867796,0,0
1713,-0.1520740273775214,0.958933278062,1.27383711867796,0,0
1714,-0.1520740273775214,0.963866615694,1.27383711867796,0,0
1715,-0.1612905259366002,0.959181771905,1.27383711867796,0,0
1716,-0.17050702449567723,0.960768974919,1.27383711867796,0,0
1717,-0.1428575288184426,0.959688007766,1.27383711867796,0,0
1718,-0.1612905259366002,0.955833716823,1.27383711867796,0,0
1719,-0.21659041786743494,0.959241404907,1.27383711867796,0,0
1720,-0.1612905259366002,0.953502874786,1.27383711867796,0,0
1721,-0.1520740273775214,0.95572975873,1.27383711867796,0,0
1722,-0.1612905259366002,0.955381757231,1.27383711867796,0,0
1723,-0.1520740273775214,0.957417383659,1.27383711867796,0,0
1724,-0.1520740273775214,0.955535839431,1.27383711867796,0,0
1725,-0.1612905259366002,0.958241920428,1.27383711867796,0,0
1726,-0.1520740273775214,0.955403777716,1.27383711867796,0,0
1727,-0.1612905259366002,0.95848686635,1.27383711867796,0,0
1728,-0.1612905259366002,0.959232787853,1.27383711867796,0,0
1729,-0.17050702449567723,0.959250679037,1.27383711867796,0,0
1730,-0.1612905259366002,0.958929591323,1.27383711867796,0,0
1731,-0.1612905259366002,0.95634165202,1.27383711867796,0,0
1732,-0.1520740273775214,0.959655413199,1.27383711867796,0,0
1733,-0.1612905259366002,0.958240132821,1.27383711867796,0,0
1734,-0.1612905259366002,0.962548587043,1.27383711867796,0,0
1735,-0.1612905259366002,0.958795680864,1.27383711867796,0,0
1736,-0.1612905259366002,0.959833195595,1.27383711867796,0,0
1737,-0.1612905259366002,0.960015108545,1.27383711867796,0,0
1738,-0.1612905259366002,0.961393908966,1.27383711867796,0,0
1739,-0.1612905259366002,0.956725781663,1.27383711867796,0,0
1740,-0.1612905259366002,0.959581074703,1.27383711867796,0,0
1741,-0.1612905259366002,0.959410270113,1.27383711867796,0,0
1742,-0.1520740273775214,0.960713429326,1.27383711867796,0,0
1743,-0.1612905259366002,0.958773941288,1.27383711867796,0,0
1744,-0.1520740273775214,0.954801549991,1.27383711867796,0,0
1745,-0.2718894092219024,0.958766017595,1.27383711867796,0,0
1746,-0.1612905259366002,0.957769517643,1.27383711867796,0,0
1747,-0.28110590778097944,0.958555946149,1.27383711867796,0,0
1748,-0.1520740273775214,0.955883224248,1.27383711867796,0,0
1749,-0.1612905259366002,0.957827713787,1.27383711867796,0,0
1750,-0.1612905259366002,0.958227949139,1.27383711867796,0,0
1751,-0.1520740273775214,0.961019249743,1.27383711867796,0,0
1752,-0.1520740273775214,0.958647124934,1.27383711867796,0,0
1753,-0.13364103025936558,0.966226399135,1.27383711867796,0,0
1754,-0.13364103025936558,0.95855988053,1.27383711867796,0,0
1755,-0.12442453170028678,0.964761752935,1.27383711867796,0,0
1756,-0.11520803314120975,0.965269744716,1.27383711867796,0,0
1757,-0.1059906340057637,0.964382352739,1.27383711867796,0,0
1758,-0.0967741354466849,0.96063129071,1.27383711867796,0,0
1759,-0.0967741354466849,0.965913787054,1.27383711867796,0,0
1760,-0.08755763688760787,0.961687135422,1.27383711867796,0,0
1761,-0.08755763688760787,0.968935910977,1.27383711867796,0,0
1762,-0.032258645533140395,0.967207441917,1.27383711867796,0,0
1763,-0.06912463976945205,0.967069128343,1.27383711867796,0,0
1764,-0.05990814121037502,0.964822883887,1.27383711867796,0,0
1765,-0.05990814121037502,0.971976047371,1.27383711867796,0,0
1766,-0.050691642651298,0.967583876135,1.27383711867796,0,0
1767,-0.04147514409221742,0.963284018923,1.27383711867796,0,0
1768,-0.04147514409221742,0.965274044158,1.27383711867796,0,0
1769,-0.032258645533140395,0.965199613508,1.27383711867796,0,0
1770,-0.04147514409221742,0.966179688725,1.27383711867796,0,0
1771,0.013824747838617313,0.963375609875,1.27383711867796,0,0
1772,-0.023042146974061595,0.963185822321,1.27383711867796,0,0
1773,-0.013824747838615536,0.96366989999,1.27383711867796,0,0
1774,-0.013824747838615536,0.967544082724,1.27383711867796,0,0
1775,-0.013824747838615536,0.969528300133,1.27383711867796,0,0
1776,-0.004608249279538512,0.969465111496,1.27383711867796,0,0
1777,0.013824747838617313,0.963295833865,1.27383711867796,0,0
1778,-0.004608249279538512,0.971169841063,1.27383711867796,0,0
1779,-0.013824747838615536,0.967246604358,1.27383711867796,0,0
1780,-0.004608249279538512,0.964932776884,1.27383711867796,0,0
1781,-0.013824747838615536,0.96631086944,1.27383711867796,0,0
1782,-0.032258645533140395,0.957241771134,1.27383711867796,0,0
1783,-0.032258645533140395,0.965651894454,1.27383711867796,0,0
1784,-0.032258645533140395,0.965054815384,1.27383711867796,0,0
1785,-0.04147514409221742,0.971125081804,1.27383711867796,0,0
1786,-0.050691642651298,0.960523392973,1.27383711867796,0,0
1787,-0.04147514409221742,0.971238283468,1.27383711867796,0,0
1788,-0.050691642651298,0.962998320657,1.27383711867796,0,0
1789,-0.050691642651298,0.967579806645,1.27383711867796,0,0
1790,-0.050691642651298,0.963240668754,1.27383711867796,0,0
1791,-0.06912463976945205,0.966030625561,1.27383711867796,0,0
1792,-0.06912463976945205,0.963642548692,1.27383711867796,0,0
1793,-0.06912463976945205,0.966541964602,1.27383711867796,0,0
1794,-0.06912463976945205,0.962334610567,1.27383711867796,0,0
1795,-0.06912463976945205,0.96731105116,1.27383711867796,0,0
1796,-0.07834113832853085,0.965044473437,1.27383711867796,0,0
1797,-0.07834113832853085,0.965476778254,1.27383711867796,0,0
1798,-0.07834113832853085,0.969050798013,1.27383711867796,0,0
1799,-0.08755763688760787,0.964764909648,1.27383711867796,0,0
1800,-0.0967741354466849,0.964527196269,1.27383711867796,0,0
1801,-0.0967741354466849,0.964656076037,1.27383711867796,0,0
1802,-0.0967741354466849,0.967442856831,1.27383711867796,0,0
1803,-0.0967741354466849,0.962893904161,1.27383711867796,0,0
1804,-0.1059906340057637,0.961698192081,1.27383711867796,0,0
1805,-0.0967741354466849,0.962336545799,1.27383711867796,0,0
1806,-0.0967741354466849,0.965518307458,1.27383711867796,0,0
1807,-0.1059906340057637,0.96078740564,1.27383711867796,0,0
1808,-0.1059906340057637,0.963697103553,1.27383711867796,0,0
1809,-0.11520803314120975,0.957402882883,1.27383711867796,0,0
1810,-0.1059906340057637,0.958897186999,1.27383711867796,0,0
1811,-0.11520803314120975,0.959348328227,1.27383711867796,0,0
1812,-0.11520803314120975,0.957832566565,1.27383711867796,0,0
1813,-0.11520803314120975,0.957407142859,1.27383711867796,0,0
1814,-0.11520803314120975,0.957694777295,1.27383711867796,0,0
1815,-0.11520803314120975,0.957950274481,1.27383711867796,0,0
1816,-0.11520803314120975,0.961159724109,1.27383711867796,0,0
1817,-0.11520803314120975,0.959065135082,1.27383711867796,0,0
1818,-0.12442453170028678,0.958693274586,1.27383711867796,0,0
1819,-0.11520803314120975,0.96083314936,1.27383711867796,0,0
1820,-0.12442453170028678,0.960201581146,1.27383711867796,0,0
1821,-0.12442453170028678,0.96157114798,1.27383711867796,0,0
1822,-0.12442453170028678,0.961885023814,1.27383711867796,0,0
1823,-0.13364103025936558,0.964378576673,1.27383711867796,0,0
1824,-0.13364103025936558,0.963224186375,1.27383711867796,0,0
1825,-0.13364103025936558,0.962580601407,1.27383711867796,0,0
1826,-0.13364103025936558,0.961053512543,1.27383711867796,0,0
1827,-0.13364103025936558,0.960594292042,1.27383711867796,0,0
1828,-0.13364103025936558,0.961375812227,1.27383711867796,0,0
1829,-0.13364103025936558,0.963163659006,1.27383711867796,0,0
1830,-0.13364103025936558,0.965125417411,1.27383711867796,0,0
1831,-0.12442453170028678,0.967873106835,1.27383711867796,0,0
1832,-0.1428575288184426,0.960740596058,1.27383711867796,0,0
1833,-0.1428575288184426,0.962754132511,1.27383711867796,0,0
1834,-0.13364103025936558,0.967128889018,1.27383711867796,0,0
1835,-0.1428575288184426,0.96600864725,1.27383711867796,0,0
1836,-0.13364103025936558,0.96592111356,1.27383711867796,0,0
1837,-0.13364103025936558,0.965999189365,1.27383711867796,0,0
1838,-0.1428575288184426,0.96728946362,1.27383711867796,0,0
1839,-0.1428575288184426,0.968947686423,1.27383711867796,0,0
1840,-0.1428575288184426,0.96934005759,1.27383711867796,0,0
1841,-0.1428575288184426,0.964990489139,1.27383711867796,0,0
1842,-0.13364103025936558,0.966262249614,1.27383711867796,0,0
1843,-0.1428575288184426,0.964739953595,1.27383711867796,0,0
1844,-0.1428575288184426,0.963198935376,1.27383711867796,0,0
1845,-0.1428575288184426,0.9612028713,1.27383711867796,0,0
1846,-0.1428575288184426,0.963620788999,1.27383711867796,0,0
1847,-0.1428575288184426,0.961476010916,1.27383711867796,0,0
1848,-0.1428575288184426,0.964387059299,1.27383711867796,0,0
1849,-0.1520740273775214,0.961396265152,1.27383711867796,0,0
1850,-0.1520740273775214,0.962464831392,1.27383711867796,0,0
1851,-0.1520740273775214,0.962030424833,1.27383711867796,0,0
1852,-0.1428575288184426,0.962411142859,1.27383711867796,0,0
1853,-0.13364103025936558,0.962250743479,1.27383711867796,0,0
1854,-0.1428575288184426,0.959213150906,1.27383711867796,0,0
1855,-0.1520740273775214,0.96110389773,1.27383711867796,0,0
1856,-0.1428575288184426,0.962604641473,1.27383711867796,0,0
1857,-0.1520740273775214,0.961681790722,1.27383711867796,0,0
1858,-0.1520740273775214,0.959885795686,1.27383711867796,0,0
1859,-0.1520740273775214,0.959745283436,1.27383711867796,0,0
1860,-0.1520740273775214,0.961738002016,1.27383711867796,0,0
1861,-0.1520740273775214,0.959973544224,1.27383711867796,0,0
1862,-0.1428575288184426,0.959202728999,1.27383711867796,0,0
1863,-0.1520740273775214,0.958747160817,1.27383711867796,0,0
1864,-0.1428575288184426,0.961051326932,1.27383711867796,0,0
1865,-0.1520740273775214,0.960751747662,1.27383711867796,0,0
1866,-0.1428575288184426,0.959695909888,1.27383711867796,0,0
1867,-0.1520740273775214,0.959302908082,1.27383711867796,0,0
1868,-0.1520740273775214,0.958161066718,1.27383711867796,0,0
1869,-0.22580691642651196,0.955853501394,1.27383711867796,0,0
1870,-0.1428575288184426,0.960247254633,1.27383711867796,0,0
1871,-0.1612905259366002,0.955963161994,1.27383711867796,0,0
1872,-0.1520740273775214,0.95695519684,1.27383711867796,0,0
1873,-0.1612905259366002,0.956849114629,1.27383711867796,0,0
1874,-0.1428575288184426,0.959429954506,1.27383711867796,0,0
1875,-0.1520740273775214,0.960728229254,1.27383711867796,0,0
1876,-0.17050702449567723,0.957640688462,1.27383711867796,0,0
1877,-0.1520740273775214,0.96075294199,1.27383711867796,0,0
1878,-0.1520740273775214,0.959187081533,1.27383711867796,0,0
1879,-0.1612905259366002,0.960787255213,1.27383711867796,0,0
1880,-0.1520740273775214,0.956363811402,1.27383711867796,0,0
1881,-0.1520740273775214,0.957520298648,1.27383711867796,0,0
1882,-0.1612905259366002,0.956618194339,1.27383711867796,0,0
1883,-0.1612905259366002,0.957442693697,1.27383711867796,0,0
1884,-0.1520740273775214,0.956430866224,1.27383711867796,0,0
1885,-0.23502341498558899,0.957277039961,1.27383711867796,0,0
1886,-0.1520740273775214,0.958503725162,1.27383711867796,0,0
1887,-0.1520740273775214,0.956497604124,1.27383711867796,0,0
1888,-0.1612905259366002,0.956738120655,1.27383711867796,0,0
1889,-0.1612905259366002,0.957363146111,1.27383711867796,0,0
1890,-0.1612905259366002,0.956806209603,1.27383711867796,0,0
1891,-0.1520740273775214,0.956687794378,1.27383711867796,0,0
1892,-0.1520740273775214,0.955683978529,1.27383711867796,0,0
1893,-0.1520740273775214,0.955035701606,1.27383711867796,0,0
1894,-0.1612905259366002,0.955883353249,1.27383711867796,0,0
1895,-0.1520740273775214,0.953031071345,1.27383711867796,0,0
1896,-0.1612905259366002,0.95546161215,1.27383711867796,0,0
1897,-0.1612905259366002,0.953117322502,1.27383711867796,0,0
1898,-0.1520740273775214,0.956685051335,1.27383711867796,0,0
1899,-0.1520740273775214,0.956440753214,1.27383711867796,0,0
1900,-0.1612905259366002,0.954797780237,1.27383711867796,0,0
1901,-0.1520740273775214,0.957520955321,1.27383711867796,0,0
1902,-0.1520740273775214,0.95748816856,1.27383711867796,0,0
1903,-0.1520740273775214,0.960833764017,1.27383711867796,0,0
1904,-0.1428575288184426,0.954166116046,1.27383711867796,0,0
1905,-0.13364103025936558,0.959935921605,1.27383711867796,0,0
1906,-0.12442453170028678,0.954307219748,1.27383711867796,0,0
1907,-0.1059906340057637,0.958527277357,1.27383711867796,0,0
1908,-0.1059906340057637,0.958800578634,1.27383711867796,0,0
1909,-0.0967741354466849,0.962840202995,1.27383711867796,0,0
1910,-0.0967741354466849,0.959586744883,1.27383711867796,0,0
1911,-0.08755763688760787,0.959694326116,1.27383711867796,0,0
1912,-0.07834113832853085,0.960372050631,1.27383711867796,0,0
1913,-0.06912463976945205,0.960969644664,1.27383711867796,0,0
1914,-0.05990814121037502,0.960553349885,1.27383711867796,0,0
1915,-0.004608249279538512,0.965198563725,1.27383711867796,0,0
1916,-0.050691642651298,0.963440108854,1.27383711867796,0,0
1917,-0.05990814121037502,0.964104231654,1.27383711867796,0,0
1918,-0.032258645533140395,0.965749550991,1.27383711867796,0,0
1919,-0.04147514409221742,0.96405065849,1.27383711867796,0,0
1920,-0.032258645533140395,0.966343726435,1.27383711867796,0,0
1921,-0.032258645533140395,0.961926154826,1.27383711867796,0,0
1922,0.03225774495677136,0.96576819807,1.27383711867796,0,0
1923,-0.023042146974061595,0.960750962783,1.27383711867796,0,0
1924,-0.023042146974061595,0.959460559472,1.27383711867796,0,0
1925,-0.013824747838615536,0.959669961596,1.27383711867796,0,0
1926,-0.013824747838615536,0.960165043208,1.27383711867796,0,0
1927,-0.013824747838615536,0.958643089493,1.27383711867796,0,0
1928,-0.004608249279538512,0.961430059223,1.27383711867796,0,0
1929,-0.013824747838615536,0.959683410302,1.27383711867796,0,0
1930,-0.023042146974061595,0.959000298443,1.27383711867796,0,0
1931,-0.023042146974061595,0.957446812466,1.27383711867796,0,0
1932,-0.023042146974061595,0.960609004863,1.27383711867796,0,0
1933,-0.032258645533140395,0.95797384363,1.27383711867796,0,0
1934,-0.032258645533140395,0.961573117488,1.27383711867796,0,0
1935,-0.04147514409221742,0.959330422489,1.27383711867796,0,0
1936,-0.04147514409221742,0.961897418264,1.27383711867796,0,0
1937,-0.050691642651298,0.960980868688,1.27383711867796,0,0
1938,-0.050691642651298,0.962409712512,1.27383711867796,0,0
1939,-0.032258645533140395,0.960945350626,1.27383711867796,0,0
1940,-0.05990814121037502,0.962612281864,1.27383711867796,0,0
1941,-0.05990814121037502,0.96401230558,1.27383711867796,0,0
1942,-0.17050702449567723,0.959054399466,1.27383711867796,0,0
1943,-0.06912463976945205,0.962135195608,1.27383711867796,0,0
1944,-0.06912463976945205,0.957221575029,1.27383711867796,0,0
1945,-0.07834113832853085,0.958226876687,1.27383711867796,0,0
1946,-0.07834113832853085,0.961155980054,1.27383711867796,0,0
1947,-0.07834113832853085,0.963645991717,1.27383711867796,0,0
1948,-0.05990814121037502,0.967374418524,1.27383711867796,0,0
1949,-0.08755763688760787,0.963855120922,1.27383711867796,0,0
1950,-0.04147514409221742,0.966492412334,1.27383711867796,0,0
1951,-0.0967741354466849,0.966225436413,1.27383711867796,0,0
1952,-0.0967741354466849,0.966352726408,1.27383711867796,0,0
1953,-0.1059906340057637,0.962965205938,1.27383711867796,0,0
1954,-0.1059906340057637,0.963444399468,1.27383711867796,0,0
1955,-0.0967741354466849,0.958709359206,1.27383711867796,0,0
1956,-0.1059906340057637,0.960727151401,1.27383711867796,0,0
1957,-0.08755763688760787,0.959998568545,1.27383711867796,0,0
1958,-0.1059906340057637,0.960684453986,1.27383711867796,0,0
1959,-0.1059906340057637,0.963000267919,1.27383711867796,0,0
1960,-0.1059906340057637,0.961920407072,1.27383711867796,0,0
1961,-0.17972352305475425,0.961406263342,1.27383711867796,0,0
1962,-0.11520803314120975,0.957886600706,1.27383711867796,0,0
1963,-0.1059906340057637,0.956835161509,1.27383711867796,0,0
1964,-0.11520803314120975,0.958284431836,1.27383711867796,0,0
1965,-0.0967741354466849,0.957432582207,1.27383711867796,0,0
1966,-0.11520803314120975,0.956302996424,1.27383711867796,0,0
1967,-0.12442453170028678,0.959913949265,1.27383711867796,0,0
1968,-0.12442453170028678,0.96245528484,1.27383711867796,0,0
1969,-0.11520803314120975,0.959893262736,1.27383711867796,0,0
1970,-0.20737391930835614,0.962845594436,1.27383711867796,0,0
1971,-0.12442453170028678,0.964045055418,1.27383711867796,0,0
1972,-0.07834113832853085,0.963332365432,1.27383711867796,0,0
1973,-0.12442453170028678,0.962461696003,1.27383711867796,0,0
1974,-0.12442453170028678,0.966707813094,1.27383711867796,0,0
1975,-0.12442453170028678,0.965351293,1.27383711867796,0,0
1976,-0.13364103025936558,0.96776470754,1.27383711867796,0,0
1977,-0.13364103025936558,0.966585900903,1.27383711867796,0,0
1978,-0.12442453170028678,0.966814115348,1.27383711867796,0,0
1979,-0.13364103025936558,0.967143333543,1.27383711867796,0,0
1980,-0.12442453170028678,0.972684693264,1.27383711867796,0,0
1981,-0.13364103025936558,0.968760125956,1.27383711867796,0,0
1982,-0.0967741354466849,0.971322588147,1.27383711867796,0,0
1983,-0.13364103025936558,0.961947275408,1.27383711867796,0,0
1984,-0.13364103025936558,0.97196097431,1.27383711867796,0,0
1985,-0.13364103025936558,0.968420752749,1.27383711867796,0,0
1986,-0.13364103025936558,0.971113636069,1.27383711867796,0,0
1987,-0.13364103025936558,0.966148796544,1.27383711867796,0,0
1988,-0.1428575288184426,0.964433871239,1.27383711867796,0,0
1989,-0.13364103025936558,0.963842982146,1.27383711867796,0,0
1990,-0.1428575288184426,0.965967839222,1.27383711867796,0,0
1991,-0.07834113832853085,0.970609968311,1.27383711867796,0,0
1992,-0.1428575288184426,0.96502823913,1.27383711867796,0,0
1993,-0.13364103025936558,0.970710349864,1.27383711867796,0,0
1994,-0.1428575288184426,0.967960445226,1.27383711867796,0,0
1995,-0.1428575288184426,0.966665078856,1.27383711867796,0,0
1996,-0.1428575288184426,0.958029214519,1.27383711867796,0,0
1997,-0.1428575288184426,0.970111310074,1.27383711867796,0,0
1998,-0.1520740273775214,0.965778879915,1.27383711867796,0,0
1999,-0.13364103025936558,0.968291023196,1.27383711867796,0,0
2000,-0.1428575288184426,0.963465875149,1.27383711867796,0,0
2001,-0.1428575288184426,0.966929293388,1.27383711867796,0,0
2002,-0.1428575288184426,0.966839071752,1.27383711867796,0,0
2003,-0.1428575288184426,0.965186397701,1.27383711867796,0,0
2004,-0.1428575288184426,0.968135548393,1.27383711867796,0,0
2005,-0.1428575288184426,0.95939400373,1.27383711867796,0,0
2006,-0.1428575288184426,0.965432538083,1.27383711867796,0,0
2007,-0.1520740273775214,0.964864524418,1.27383711867796,0,0
2008,-0.1428575288184426,0.970224265825,1.27383711867796,0,0
2009,-0.1520740273775214,0.960817129969,1.27383711867796,0,0
2010,-0.1428575288184426,0.967952771444,1.27383711867796,0,0
2011,-0.1520740273775214,0.960108734138,1.27383711867796,0,0
2012,-0.1520740273775214,0.964508805984,1.27383711867796,0,0
2013,-0.1520740273775214,0.965651283775,1.27383711867796,0,0
2014,-0.1520740273775214,0.963430283417,1.27383711867796,0,0
2015,-0.12442453170028678,0.962202993834,1.27383711867796,0,0
2016,-0.1520740273775214,0.965211928492,1.27383711867796,0,0
2017,-0.1520740273775214,0.966274608471,1.27383711867796,0,0
2018,-0.1520740273775214,0.962669051265,1.27383711867796,0,0
2019,-0.1520740273775214,0.960053578196,1.27383711867796,0,0
2020,-0.1428575288184426,0.958670585894,1.27383711867796,0,0
2021,-0.1520740273775214,0.964995706043,1.27383711867796,0,0
2022,-0.1428575288184426,0.962927696462,1.27383711867796,0,0
2023,-0.1612905259366002,0.963229466329,1.27383711867796,0,0
2024,-0.17050702449567723,0.958609365016,1.27383711867796,0,0
2025,-0.1612905259366002,0.964215322267,1.27383711867796,0,0
2026,-0.1612905259366002,0.95969385373,1.27383711867796,0,0
2027,-0.1612905259366002,0.959640368076,1.27383711867796,0,0
2028,-0.1428575288184426,0.959067145489,1.27383711867796,0,0
2029,-0.1612905259366002,0.960539057915,1.27383711867796,0,0
2030,-0.1520740273775214,0.961809338598,1.27383711867796,0,0
2031,-0.1520740273775214,0.958791379511,1.27383711867796,0,0
2032,-0.1520740273775214,0.962132443324,1.27383711867796,0,0
2033,-0.1612905259366002,0.957087848709,1.27383711867796,0,0
2034,-0.17050702449567723,0.958760935381,1.27383711867796,0,0
2035,-0.1612905259366002,0.960796255768,1.27383711867796,0,0
2036,-0.1612905259366002,0.95913939435,1.27383711867796,0,0
2037,-0.1520740273775214,0.956529685627,1.27383711867796,0,0
2038,-0.1612905259366002,0.955798285417,1.27383711867796,0,0
2039,-0.1520740273775214,0.95908430624,1.27383711867796,0,0
2040,-0.1428575288184426,0.956271756473,1.27383711867796,0,0
2041,-0.12442453170028678,0.9603384663,1.27383711867796,0,0
2042,-0.12442453170028678,0.957263687816,1.27383711867796,0,0
2043,-0.1981574207492791,0.959958702221,1.27383711867796,0,0
2044,-0.1059906340057637,0.96076321776,1.27383711867796,0,0
2045,-0.08755763688760787,0.963585750256,1.27383711867796,0,0
2046,-0.08755763688760787,0.960971627057,1.27383711867796,0,0
2047,-0.08755763688760787,0.960903890713,1.27383711867796,0,0
2048,-0.08755763688760787,0.964911946546,1.27383711867796,0,0
2049,-0.06912463976945205,0.965709215401,1.27383711867796,0,0
2050,-0.05990814121037502,0.96903399054,1.27383711867796,0,0
2051,-0.05990814121037502,0.963760713556,1.27383711867796,0,0
2052,-0.05990814121037502,0.964515735834,1.27383711867796,0,0
2053,-0.04147514409221742,0.963757317378,1.27383711867796,0,0
2054,-0.04147514409221742,0.965849555426,1.27383711867796,0,0
2055,-0.04147514409221742,0.959761608931,1.27383711867796,0,0
2056,-0.023042146974061595,0.962605202047,1.27383711867796,0,0
2057,-0.023042146974061595,0.964114519738,1.27383711867796,0,0
2058,-0.023042146974061595,0.9624548334,1.27383711867796,0,0
2059,-0.023042146974061595,0.963712400763,1.27383711867796,0,0
2060,-0.023042146974061595,0.961334755034,1.27383711867796,0,0
2061,-0.013824747838615536,0.961156641424,1.27383711867796,0,0
2062,-0.013824747838615536,0.962237543516,1.27383711867796,0,0
2063,-0.013824747838615536,0.96066013116,1.27383711867796,0,0
2064,-0.004608249279538512,0.958050357023,1.27383711867796,0,0
2065,-0.013824747838615536,0.961848537619,1.27383711867796,0,0
2066,-0.023042146974061595,0.960932271318,1.27383711867796,0,0
2067,-0.023042146974061595,0.960372491314,1.27383711867796,0,0
2068,-0.032258645533140395,0.960805501877,1.27383711867796,0,0
2069,-0.032258645533140395,0.957682547585,1.27383711867796,0,0
2070,-0.032258645533140395,0.958076232877,1.27383711867796,0,0
2071,-0.04147514409221742,0.959928572407,1.27383711867796,0,0
2072,-0.04147514409221742,0.962361634633,1.27383711867796,0,0
2073,-0.050691642651298,0.960238497695,1.27383711867796,0,0
2074,-0.050691642651298,0.965574568356,1.27383711867796,0,0
2075,-0.023042146974061595,0.963691980884,1.27383711867796,0,0
2076,-0.050691642651298,0.963457682048,1.27383711867796,0,0
2077,-0.05990814121037502,0.960613083694,1.27383711867796,0,0
2078,-0.06912463976945205,0.962501797651,1.27383711867796,0,0
2079,-0.07834113832853085,0.960425808868,1.27383711867796,0,0
2080,-0.07834113832853085,0.964418398232,1.27383711867796,0,0
2081,-0.07834113832853085,0.962196126134,1.27383711867796,0,0
2082,-0.08755763688760787,0.960418913229,1.27383711867796,0,0
2083,-0.08755763688760787,0.962034685531,1.27383711867796,0,0
2084,-0.08755763688760787,0.962379986125,1.27383711867796,0,0
2085,-0.08755763688760787,0.963225776026,1.27383711867796,0,0
2086,-0.0967741354466849,0.962886369445,1.27383711867796,0,0
2087,-0.0967741354466849,0.960654720565,1.27383711867796,0,0
2088,-0.0967741354466849,0.960374164275,1.27383711867796,0,0
2089,-0.0967741354466849,0.96550742217,1.27383711867796,0,0
2090,-0.0967741354466849,0.961058292225,1.27383711867796,0,0
2091,-0.0967741354466849,0.960463894395,1.27383711867796,0,0
2092,-0.0967741354466849,0.960707144138,1.27383711867796,0,0
2093,-0.1059906340057637,0.955647603946,1.27383711867796,0,0
2094,-0.1059906340057637,0.960082836176,1.27383711867796,0,0
2095,-0.12442453170028678,0.958693634303,1.27383711867796,0,0
2096,-0.11520803314120975,0.957155414647,1.27383711867796,0,0
2097,-0.11520803314120975,0.95737306971,1.27383711867796,0,0
2098,-0.08755763688760787,0.95890292581,1.27383711867796,0,0
2099,-0.11520803314120975,0.958469109676,1.27383711867796,0,0
2100,-0.12442453170028678,0.958637673019,1.27383711867796,0,0
2101,-0.11520803314120975,0.955241717544,1.27383711867796,0,0
2102,-0.11520803314120975,0.959239418136,1.27383711867796,0,0
2103,-0.11520803314120975,0.95981487895,1.27383711867796,0,0
2104,-0.11520803314120975,0.958780290072,1.27383711867796,0,0
2105,-0.12442453170028678,0.958876895047,1.27383711867796,0,0
2106,-0.12442453170028678,0.959669185169,1.27383711867796,0,0
2107,-0.12442453170028678,0.958230176907,1.27383711867796,0,0
2108,-0.12442453170028678,0.957032282478,1.27383711867796,0,0
2109,-0.12442453170028678,0.961652703364,1.27383711867796,0,0
2110,-0.13364103025936558,0.961743605588,1.27383711867796,0,0
2111,-0.12442453170028678,0.963425840573,1.27383711867796,0,0
2112,-0.12442453170028678,0.960941465758,1.27383711867796,0,0
2113,-0.13364103025936558,0.961982693136,1.27383711867796,0,0
2114,-0.13364103025936558,0.962618654641,1.27383711867796,0,0
2115,-0.13364103025936558,0.965921587588,1.27383711867796,0,0
2116,-0.13364103025936558,0.96301570313,1.27383711867796,0,0
2117,-0.13364103025936558,0.965800383091,1.27383711867796,0,0
2118,-0.13364103025936558,0.96318869707,1.27383711867796,0,0
2119,-0.13364103025936558,0.966739723951,1.27383711867796,0,0
2120,-0.1428575288184426,0.966692038117,1.27383711867796,0,0
2121,-0.1981574207492791,0.959833953538,1.27383711867796,0,0
2122,-0.1428575288184426,0.966619556468,1.27383711867796,0,0
2123,-0.13364103025936558,0.962918594029,1.27383711867796,0,0
2124,-0.1428575288184426,0.964567880128,1.27383711867796,0,0
2125,-0.1428575288184426,0.965427962479,1.27383711867796,0,0
2126,-0.13364103025936558,0.967475369787,1.27383711867796,0,0
2127,-0.1428575288184426,0.966719428193,1.27383711867796,0,0
2128,-0.1428575288184426,0.966159935539,1.27383711867796,0,0
2129,-0.1428575288184426,0.965564032397,1.27383711867796,0,0
2130,-0.1428575288184426,0.967572865545,1.27383711867796,0,0
2131,-0.1428575288184426,0.965404673641,1.27383711867796,0,0
2132,-0.13364103025936558,0.961585441795,1.27383711867796,0,0
2133,-0.1428575288184426,0.966528639244,1.27383711867796,0,0
2134,-0.1428575288184426,0.965064056584,1.27383711867796,0,0
2135,-0.1428575288184426,0.96054964377,1.27383711867796,0,0
2136,-0.1428575288184426,0.961368504638,1.27383711867796,0,0
2137,-0.1428575288184426,0.962515231653,1.27383711867796,0,0
2138,-0.1428575288184426,0.960688467496,1.27383711867796,0,0
2139,-0.1520740273775214,0.964889419919,1.27383711867796,0,0
2140,-0.1428575288184426,0.959817682393,1.27383711867796,0,0
2141,-0.1428575288184426,0.960416363836,1.27383711867796,0,0
2142,-0.1520740273775214,0.958690734261,1.27383711867796,0,0
2143,-0.1520740273775214,0.961964950976,1.27383711867796,0,0
2144,-0.1520740273775214,0.962919322558,1.27383711867796,0,0
2145,-0.1520740273775214,0.958108793408,1.27383711867796,0,0
2146,-0.1520740273775214,0.95953787917,1.27383711867796,0,0
2147,-0.1520740273775214,0.957687281015,1.27383711867796,0,0
2148,-0.1520740273775214,0.95893665328,1.27383711867796,0,0
2149,-0.1520740273775214,0.956541691479,1.27383711867796,0,0
2150,-0.1428575288184426,0.959914608928,1.27383711867796,0,0
2151,-0.1428575288184426,0.958924136746,1.27383711867796,0,0
2152,-0.1520740273775214,0.961028730946,1.27383711867796,0,0
2153,-0.1428575288184426,0.960170057875,1.27383711867796,0,0
2154,-0.12442453170028678,0.960050951697,1.27383711867796,0,0
2155,-0.1520740273775214,0.961854456571,1.27383711867796,0,0
2156,-0.1520740273775214,0.960842666646,1.27383711867796,0,0
2157,-0.1612905259366002,0.959202433369,1.27383711867796,0,0
2158,-0.1520740273775214,0.958627520022,1.27383711867796,0,0
2159,-0.1520740273775214,0.963767883902,1.27383711867796,0,0
2160,-0.1612905259366002,0.958462358557,1.27383711867796,0,0
2161,-0.1520740273775214,0.95642657068,1.27383711867796,0,0
2162,-0.1520740273775214,0.957942493059,1.27383711867796,0,0
2163,-0.1612905259366002,0.959811276126,1.27383711867796,0,0
2164,-0.1520740273775214,0.958468777756,1.27383711867796,0,0
2165,-0.1612905259366002,0.956841693007,1.27383711867796,0,0
2166,-0.1520740273775214,0.957225746362,1.27383711867796,0,0
2167,-0.1520740273775214,0.958858316322,1.27383711867796,0,0
2168,-0.1612905259366002,0.955563544484,1.27383711867796,0,0
2169,-0.1520740273775214,0.954326800148,1.27383711867796,0,0
2170,-0.1520740273775214,0.95726638169,1.27383711867796,0,0
2171,-0.1612905259366002,0.956867942823,1.27383711867796,0,0
2172,-0.1520740273775214,0.957678068664,1.27383711867796,0,0
2173,-0.1612905259366002,0.956601744843,1.27383711867796,0,0
2174,-0.1612905259366002,0.95551244242,1.27383711867796,0,0
2175,-0.17050702449567723,0.957090603814,1.27383711867796,0,0
2176,-0.1612905259366002,0.959249628895,1.27383711867796,0,0
2177,-0.1520740273775214,0.95753418786,1.27383711867796,0,0
2178,-0.1612905259366002,0.953398364208,1.27383711867796,0,0
2179,-0.1520740273775214,0.952907589673,1.27383711867796,0,0
2180,-0.1612905259366002,0.955773566763,1.27383711867796,0,0
2181,-0.1520740273775214,0.958490789462,1.27383711867796,0,0
2182,-0.1520740273775214,0.956524934652,1.27383711867796,0,0
2183,-0.1612905259366002,0.954384654943,1.27383711867796,0,0
2184,-0.1981574207492791,0.956279598682,1.27383711867796,0,0
2185,-0.17050702449567723,0.95524115232,1.27383711867796,0,0
2186,-0.1612905259366002,0.95627555564,1.27383711867796,0,0
2187,-0.1612905259366002,0.954694309655,1.27383711867796,0,0
2188,-0.1520740273775214,0.956864614062,1.27383711867796,0,0
2189,-0.17050702449567723,0.956318576111,1.27383711867796,0,0
2190,-0.1612905259366002,0.954691174317,1.27383711867796,0,0
2191,-0.1520740273775214,0.95330779385,1.27383711867796,0,0
2192,-0.1612905259366002,0.954692343585,1.27383711867796,0,0
2193,-0.1612905259366002,0.958895224166,1.27383711867796,0,0
2194,-0.1612905259366002,0.95725243765,1.27383711867796,0,0
2195,-0.1520740273775214,0.958608980562,1.27383711867796,0,0
2196,-0.1612905259366002,0.952393335636,1.27383711867796,0,0
2197,-0.1612905259366002,0.955132220604,1.27383711867796,0,0
2198,-0.1612905259366002,0.958741345361,1.27383711867796,0,0
2199,-0.17050702449567723,0.957397644359,1.27383711867796,0,0
2200,-0.1612905259366002,0.955411169985,1.27383711867796,0,0
2201,-0.1612905259366002,0.951727402266,1.27383711867796,0,0
2202,-0.17050702449567723,0.956992528355,1.27383711867796,0,0
2203,-0.1612905259366002,0.957620533268,1.27383711867796,0,0
2204,-0.1612905259366002,0.955862212478,1.27383711867796,0,0
2205,-0.1612905259366002,0.954004371802,1.27383711867796,0,0
2206,-0.1612905259366002,0.953181518053,1.27383711867796,0,0
2207,-0.1612905259366002,0.956373991458,1.27383711867796,0,0
2208,-0.17050702449567723,0.954028059627,1.27383711867796,0,0
2209,-0.1612905259366002,0.952232687063,1.27383711867796,0,0
2210,-0.17050702449567723,0.952786893966,1.27383711867796,0,0
2211,-0.1612905259366002,0.956368824702,1.27383711867796,0,0
2212,-0.24423991354466779,0.95495524645,1.27383711867796,0,0
2213,-0.1612905259366002,0.955883368646,1.27383711867796,0,0
2214,-0.1428575288184426,0.951518925741,1.27383711867796,0,0
2215,-0.13364103025936558,0.955355086874,1.27383711867796,0,0
2216,-0.12442453170028678,0.956823329576,1.27383711867796,0,0
2217,-0.11520803314120975,0.957534731029,1.27383711867796,0,0
2218,-0.12442453170028678,0.960778164877,1.27383711867796,0,0
2219,-0.1059906340057637,0.960037227568,1.27383711867796,0,0
2220,-0.08755763688760787,0.960999255598,1.27383711867796,0,0
2221,-0.07834113832853085,0.961626147659,1.27383711867796,0,0
2222,-0.06912463976945205,0.960661707315,1.27383711867796,0,0
2223,-0.05990814121037502,0.963834942195,1.27383711867796,0,0
2224,-0.06912463976945205,0.963548500597,1.27383711867796,0,0
2225,-0.05990814121037502,0.960870982779,1.27383711867796,0,0
2226,-0.04147514409221742,0.965157073749,1.27383711867796,0,0
2227,-0.050691642651298,0.963281968345,1.27383711867796,0,0
2228,-0.050691642651298,0.96247212021,1.27383711867796,0,0
2229,-0.04147514409221742,0.961227868568,1.27383711867796,0,0
2230,-0.032258645533140395,0.965515827704,1.27383711867796,0,0
2231,-0.032258645533140395,0.959176616405,1.27383711867796,0,0
2232,-0.032258645533140395,0.96187849049,1.27383711867796,0,0
2233,-0.013824747838615536,0.960349446057,1.27383711867796,0,0
2234,-0.023042146974061595,0.96122224034,1.27383711867796,0,0
2235,-0.013824747838615536,0.961268890594,1.27383711867796,0,0
2236,-0.013824747838615536,0.959946503287,1.27383711867796,0,0
2237,-0.004608249279538512,0.957707342826,1.27383711867796,0,0
2238,-0.004608249279538512,0.962281247961,1.27383711867796,0,0
2239,-0.004608249279538512,0.961266891465,1.27383711867796,0,0
2240,-0.013824747838615536,0.966355090782,1.27383711867796,0,0
2241,-0.013824747838615536,0.965121732319,1.27383711867796,0,0
2242,-0.023042146974061595,0.962925974797,1.27383711867796,0,0
2243,-0.032258645533140395,0.960693223206,1.27383711867796,0,0
2244,-0.04147514409221742,0.962718112651,1.27383711867796,0,0
2245,-0.004608249279538512,0.964483793181,1.27383711867796,0,0
2246,-0.04147514409221742,0.963324794969,1.27383711867796,0,0
2247,-0.04147514409221742,0.957785155983,1.27383711867796,0,0
2248,-0.050691642651298,0.962346805148,1.27383711867796,0,0
2249,-0.05990814121037502,0.961137869686,1.27383711867796,0,0
2250,-0.050691642651298,0.966874029892,1.27383711867796,0,0
2251,-0.05990814121037502,0.965452245856,1.27383711867796,0,0
2252,0.004608249279538512,0.968125927565,1.27383711867796,0,0
2253,-0.06912463976945205,0.960529096557,1.27383711867796,0,0
2254,-0.07834113832853085,0.97109842509,1.27383711867796,0,0
2255,-0.07834113832853085,0.96622635287,1.27383711867796,0,0
2256,-0.07834113832853085,0.965962355489,1.27383711867796,0,0
2257,-0.07834113832853085,0.959754252907,1.27383711867796,0,0
2258,-0.1520740273775214,0.967009558488,1.27383711867796,0,0
2259,-0.07834113832853085,0.96354126434,1.27383711867796,0,0
2260,-0.08755763688760787,0.958517474237,1.27383711867796,0,0
2261,-0.0967741354466849,0.96280103389,1.27383711867796,0,0
2262,-0.0967741354466849,0.959622858316,1.27383711867796,0,0
2263,-0.0967741354466849,0.963724847173,1.27383711867796,0,0
2264,-0.0967741354466849,0.960310855363,1.27383711867796,0,0
2265,-0.0967741354466849,0.961208478926,1.27383711867796,0,0
2266,-0.1059906340057637,0.961569618728,1.27383711867796,0,0
2267,-0.1059906340057637,0.963817944795,1.27383711867796,0,0
2268,-0.0967741354466849,0.95938418121,1.27383711867796,0,0
2269,-0.11520803314120975,0.95997884577,1.27383711867796,0,0
2270,-0.1059906340057637,0.959853690725,1.27383711867796,0,0
2271,-0.11520803314120975,0.95955708257,1.27383711867796,0,0
2272,-0.11520803314120975,0.963642165599,1.27383711867796,0,0
2273,-0.0967741354466849,0.957218051605,1.27383711867796,0,0
2274,-0.1059906340057637,0.965217842602,1.27383711867796,0,0
2275,-0.11520803314120975,0.958746553153,1.27383711867796,0,0
2276,-0.1059906340057637,0.963248441579,1.27383711867796,0,0
2277,-0.11520803314120975,0.959341735175,1.27383711867796,0,0
2278,-0.11520803314120975,0.96295558796,1.27383711867796,0,0
2279,-0.12442453170028678,0.959775016043,1.27383711867796,0,0
2280,-0.12442453170028678,0.961157731106,1.27383711867796,0,0
2281,-0.12442453170028678,0.959672297165,1.27383711867796,0,0
2282,-0.12442453170028678,0.959792420765,1.27383711867796,0,0
2283,-0.13364103025936558,0.95932033037,1.27383711867796,0,0
2284,-0.12442453170028678,0.958574947574,1.27383711867796,0,0
2285,-0.12442453170028678,0.961886591191,1.27383711867796,0,0
2286,-0.12442453170028678,0.965500920341,1.27383711867796,0,0
2287,-0.18894002161383305,0.963489338995,1.27383711867796,0,0
2288,-0.12442453170028678,0.961841765209,1.27383711867796,0,0
2289,-0.13364103025936558,0.964571842878,1.27383711867796,0,0
2290,-0.13364103025936558,0.964111378678,1.27383711867796,0,0
2291,-0.13364103025936558,0.964392771884,1.27383711867796,0,0
2292,-0.13364103025936558,0.965794978106,1.27383711867796,0,0
2293,-0.18894002161383305,0.965929833508,1.27383711867796,0,0
2294,-0.13364103025936558,0.96372491615,1.27383711867796,0,0
2295,-0.13364103025936558,0.965530116733,1.27383711867796,0,0
2296,-0.13364103025936558,0.965315916328,1.27383711867796,0,0
2297,-0.13364103025936558,0.963989146945,1.27383711867796,0,0
2298,-0.13364103025936558,0.968329278959,1.27383711867796,0,0
2299,-0.1428575288184426,0.968016604609,1.27383711867796,0,0
2300,-0.13364103025936558,0.968862531222,1.27383711867796,0,0
2301,-0.1428575288184426,0.965957640008,1.27383711867796,0,0
2302,-0.1428575288184426,0.970264589414,1.27383711867796,0,0
2303,-0.1428575288184426,0.963433401318,1.27383711867796,0,0
2304,-0.1428575288184426,0.966590026488,1.27383711867796,0,0
2305,-0.1428575288184426,0.966463956703,1.27383711867796,0,0
2306,-0.1428575288184426,0.963632603747,1.27383711867796,0,0
2307,-0.1520740273775214,0.96438282429,1.27383711867796,0,0
2308,-0.13364103025936558,0.957461700709,1.27383711867796,0,0
2309,-0.1520740273775214,0.962250821957,1.27383711867796,0,0
2310,-0.1428575288184426,0.962432012141,1.27383711867796,0,0
2311,-0.1428575288184426,0.965416544078,1.27383711867796,0,0
2312,-0.1428575288184426,0.960580134872,1.27383711867796,0,0
2313,-0.1428575288184426,0.966731284246,1.27383711867796,0,0
2314,-0.1520740273775214,0.964403209114,1.27383711867796,0,0
2315,-0.1520740273775214,0.966309349253,1.27383711867796,0,0
2316,-0.1520740273775214,0.964241318156,1.27383711867796,0,0
2317,-0.1520740273775214,0.960885100366,1.27383711867796,0,0
2318,-0.1520740273775214,0.96001420361,1.27383711867796,0,0
2319,-0.1520740273775214,0.957994009208,1.27383711867796,0,0
2320,-0.1520740273775214,0.960767899278,1.27383711867796,0,0
2321,-0.1520740273775214,0.961178858161,1.27383711867796,0,0
2322,-0.1428575288184426,0.961963328735,1.27383711867796,0,0
2323,-0.1428575288184426,0.959581334174,1.27383711867796,0,0
2324,-0.1428575288184426,0.96203572714,1.27383711867796,0,0
2325,-0.1520740273775214,0.962870503664,1.27383711867796,0,0
2326,-0.1520740273775214,0.960146878873,1.27383711867796,0,0
2327,-0.1520740273775214,0.96198005416,1.27383711867796,0,0
2328,-0.1520740273775214,0.959851610356,1.27383711867796,0,0
2329,-0.1520740273775214,0.959721229586,1.27383711867796,0,0
2330,-0.1520740273775214,0.962208874291,1.27383711867796,0,0
2331,-0.1520740273775214,0.957849726045,1.27383711867796,0,0
2332,-0.1520740273775214,0.958477684669,1.27383711867796,0,0
2333,-0.1520740273775214,0.956326574306,1.27383711867796,0,0
2334,-0.1520740273775214,0.957512823557,1.27383711867796,0,0
2335,-0.1520740273775214,0.960055966267,1.27383711867796,0,0
2336,-0.1520740273775214,0.960122005725,1.27383711867796,0,0
2337,-0.1520740273775214,0.957369592088,1.27383711867796,0,0
2338,-0.1520740273775214,0.959421987852,1.27383711867796,0,0
2339,-0.1520740273775214,0.958104164589,1.27383711867796,0,0
2340,-0.1612905259366002,0.959899406232,1.27383711867796,0,0
2341,-0.1612905259366002,0.954432627368,1.27383711867796,0,0
2342,-0.1520740273775214,0.959547773226,1.27383711867796,0,0
2343,-0.1520740273775214,0.956504173128,1.27383711867796,0,0
2344,-0.1520740273775214,0.960184470308,1.27383711867796,0,0
2345,-0.1612905259366002,0.95457299989,1.27383711867796,0,0
2346,-0.1612905259366002,0.956111407292,1.27383711867796,0,0
2347,-0.1612905259366002,0.956657386874,1.27383711867796,0,0
2348,-0.1612905259366002,0.954444287765,1.27383711867796,0,0
2349,-0.1520740273775214,0.958210764117,1.27383711867796,0,0
2350,-0.1520740273775214,0.954141179394,1.27383711867796,0,0
2351,-0.1612905259366002,0.953482652613,1.27383711867796,0,0
2352,-0.17050702449567723,0.954800454907,1.27383711867796,0,0
2353,-0.1612905259366002,0.956528325511,1.27383711867796,0,0
2354,-0.1612905259366002,0.956599008727,1.27383711867796,0,0
2355,-0.1612905259366002,0.955440244033,1.27383711867796,0,0
2356,-0.1612905259366002,0.954433086257,1.27383711867796,0,0
2357,-0.1612905259366002,0.95543982414,1.27383711867796,0,0
2358,-0.1612905259366002,0.955627148184,1.27383711867796,0,0
2359,-0.1612905259366002,0.95414285723,1.27383711867796,0,0
2360,-0.1612905259366002,0.95551937488,1.27383711867796,0,0
2361,-0.1612905259366002,0.956025183799,1.27383711867796,0,0
2362,-0.1612905259366002,0.955353057108,1.27383711867796,0,0
2363,-0.1520740273775214,0.954173656301,1.27383711867796,0,0
2364,-0.1428575288184426,0.95367234645,1.27383711867796,0,0
2365,-0.13364103025936558,0.95713427983,1.27383711867796,0,0
2366,-0.12442453170028678,0.958406379848,1.27383711867796,0,0
2367,-0.13364103025936558,0.95802083653,1.27383711867796,0,0
2368,-0.11520803314120975,0.959295316776,1.27383711867796,0,0
2369,-0.1059906340057637,0.960102829185,1.27383711867796,0,0
2370,-0.0967741354466849,0.960435996286,1.27383711867796,0,0
2371,-0.1059906340057637,0.95959892343,1.27383711867796,0,0
2372,-0.07834113832853085,0.964066317138,1.27383711867796,0,0
2373,-0.07834113832853085,0.960730349565,1.27383711867796,0,0
2374,-0.05990814121037502,0.960748745918,1.27383711867796,0,0
2375,-0.05990814121037502,0.959547184857,1.27383711867796,0,0
2376,-0.05990814121037502,0.964885129307,1.27383711867796,0,0
2377,-0.05990814121037502,0.963429738924,1.27383711867796,0,0
2378,-0.050691642651298,0.960940249021,1.27383711867796,0,0
2379,-0.050691642651298,0.963035184376,1.27383711867796,0,0
2380,-0.04147514409221742,0.962725818754,1.27383711867796,0,0
2381,-0.032258645533140395,0.963369362558,1.27383711867796,0,0
2382,-0.023042146974061595,0.960210527573,1.27383711867796,0,0
2383,-0.013824747838615536,0.962270487105,1.27383711867796,0,0
2384,-0.013824747838615536,0.961444730636,1.27383711867796,0,0
2385,-0.013824747838615536,0.961491317828,1.27383711867796,0,0
2386,-0.004608249279538512,0.960779506157,1.27383711867796,0,0
2387,-0.004608249279538512,0.963060143015,1.27383711867796,0,0
2388,-0.004608249279538512,0.960407940638,1.27383711867796,0,0
2389,-0.013824747838615536,0.964528007546,1.27383711867796,0,0
2390,-0.023042146974061595,0.960903567802,1.27383711867796,0,0
2391,-0.013824747838615536,0.960039179619,1.27383711867796,0,0
2392,-0.032258645533140395,0.957092646317,1.27383711867796,0,0
2393,-0.04147514409221742,0.956983378641,1.27383711867796,0,0
2394,-0.032258645533140395,0.960740559188,1.27383711867796,0,0
2395,-0.04147514409221742,0.960231979455,1.27383711867796,0,0
2396,-0.04147514409221742,0.961141944897,1.27383711867796,0,0
2397,-0.050691642651298,0.958355839514,1.27383711867796,0,0
2398,-0.05990814121037502,0.95943225374,1.27383711867796,0,0
2399,-0.05990814121037502,0.959214585869,1.27383711867796,0,0
2400,-0.06912463976945205,0.96047613899,1.27383711867796,0,0
2401,-0.07834113832853085,0.954939418037,1.27383711867796,0,0
2402,-0.06912463976945205,0.958485021157,1.27383711867796,0,0
2403,-0.06912463976945205,0.957784084114,1.27383711867796,0,0
2404,-0.07834113832853085,0.958642283711,1.27383711867796,0,0
2405,-0.07834113832853085,0.958353171257,1.27383711867796,0,0
2406,-0.07834113832853085,0.958642505752,1.27383711867796,0,0
2407,-0.08755763688760787,0.956424344144,1.27383711867796,0,0
2408,-0.06912463976945205,0.959527263294,1.27383711867796,0,0
2409,-0.0967741354466849,0.964076986808,1.27383711867796,0,0
2410,-0.0967741354466849,0.960712536385,1.27383711867796,0,0
2411,-0.08755763688760787,0.963744512779,1.27383711867796,0,0
2412,-0.0967741354466849,0.962379416743,1.27383711867796,0,0
2413,-0.1059906340057637,0.962928048389,1.27383711867796,0,0
2414,-0.1059906340057637,0.960357747709,1.27383711867796,0,0
2415,-0.0967741354466849,0.961508795164,1.27383711867796,0,0
2416,-0.1059906340057637,0.959897971699,1.27383711867796,0,0
2417,-0.1059906340057637,0.961354600889,1.27383711867796,0,0
2418,-0.1059906340057637,0.959754839117,1.27383711867796,0,0
2419,-0.12442453170028678,0.963874369873,1.27383711867796,0,0
2420,-0.1059906340057637,0.960418731605,1.27383711867796,0,0
2421,-0.17972352305475425,0.958872340086,1.27383711867796,0,0
2422,-0.11520803314120975,0.957372441951,1.27383711867796,0,0
2423,-0.11520803314120975,0.958165353222,1.27383711867796,0,0
2424,-0.11520803314120975,0.954546398511,1.27383711867796,0,0
2425,-0.11520803314120975,0.957700712233,1.27383711867796,0,0
2426,-0.12442453170028678,0.956677600436,1.27383711867796,0,0
2427,-0.11520803314120975,0.959348106385,1.27383711867796,0,0
2428,-0.12442453170028678,0.957125518412,1.27383711867796,0,0
2429,-0.11520803314120975,0.96082626683,1.27383711867796,0,0
2430,-0.12442453170028678,0.961184713389,1.27383711867796,0,0
2431,-0.12442453170028678,0.960991353225,1.27383711867796,0,0
2432,-0.12442453170028678,0.964606874115,1.27383711867796,0,0
2433,-0.17050702449567723,0.95945401282,1.27383711867796,0,0
2434,-0.12442453170028678,0.958791363595,1.27383711867796,0,0
2435,-0.12442453170028678,0.959832501584,1.27383711867796,0,0
2436,-0.12442453170028678,0.962324950813,1.27383711867796,0,0
2437,-0.13364103025936558,0.961318001293,1.27383711867796,0,0
2438,-0.12442453170028678,0.964861022976,1.27383711867796,0,0
2439,-0.13364103025936558,0.965122416064,1.27383711867796,0,0
2440,-0.13364103025936558,0.96350174534,1.27383711867796,0,0
2441,-0.13364103025936558,0.966643553516,1.27383711867796,0,0
2442,-0.13364103025936558,0.966825812148,1.27383711867796,0,0
2443,-0.13364103025936558,0.961284631968,1.27383711867796,0,0
2444,-0.13364103025936558,0.968691400924,1.27383711867796,0,0
2445,-0.1428575288184426,0.964893130575,1.27383711867796,0,0
2446,-0.1428575288184426,0.961939728425,1.27383711867796,0,0
2447,-0.13364103025936558,0.965262507134,1.27383711867796,0,0
2448,-0.1428575288184426,0.965525749217,1.27383711867796,0,0
2449,-0.13364103025936558,0.967268030464,1.27383711867796,0,0
2450,-0.13364103025936558,0.968425225605,1.27383711867796,0,0
2451,-0.1428575288184426,0.964008443725,1.27383711867796,0,0
2452,-0.1428575288184426,0.966551059091,1.27383711867796,0,0
2453,-0.1428575288184426,0.966416548578,1.27383711867796,0,0
2454,-0.1428575288184426,0.961488572004,1.27383711867796,0,0
2455,-0.1428575288184426,0.962909150649,1.27383711867796,0,0
2456,-0.13364103025936558,0.961620102736,1.27383711867796,0,0
2457,-0.1428575288184426,0.960771168042,1.27383711867796,0,0
2458,-0.1428575288184426,0.962371131034,1.27383711867796,0,0
2459,-0.1612905259366002,0.961954419172,1.27383711867796,0,0
2460,-0.1428575288184426,0.96391456602,1.27383711867796,0,0
2461,-0.1428575288184426,0.961678790034,1.27383711867796,0,0
2462,-0.1428575288184426,0.964156821908,1.27383711867796,0,0
2463,-0.1428575288184426,0.962581518678,1.27383711867796,0,0
2464,-0.1428575288184426,0.963708295016,1.27383711867796,0,0
2465,-0.1428575288184426,0.960758174079,1.27383711867796,0,0
2466,-0.1428575288184426,0.959542552772,1.27383711867796,0,0
2467,-0.1520740273775214,0.958377356513,1.27383711867796,0,0
2468,-0.1520740273775214,0.959009052933,1.27383711867796,0,0
2469,-0.1520740273775214,0.962185105783,1.27383711867796,0,0
2470,-0.20737391930835614,0.96393677189,1.27383711867796,0,0
2471,-0.1520740273775214,0.960028693619,1.27383711867796,0,0
2472,-0.1520740273775214,0.960193187619,1.27383711867796,0,0
2473,-0.1520740273775214,0.960717961197,1.27383711867796,0,0
2474,-0.1428575288184426,0.960391797827,1.27383711867796,0,0
2475,-0.1428575288184426,0.958202918039,1.27383711867796,0,0
2476,-0.1428575288184426,0.961113574494,1.27383711867796,0,0
2477,-0.1520740273775214,0.959231611714,1.27383711867796,0,0
2478,-0.1520740273775214,0.958121209549,1.27383711867796,0,0
2479,-0.1520740273775214,0.959278089189,1.27383711867796,0,0
2480,-0.1428575288184426,0.964779890451,1.27383711867796,0,0
2481,-0.1520740273775214,0.955114417865,1.27383711867796,0,0
2482,-0.1520740273775214,0.959904176041,1.27383711867796,0,0
2483,-0.1520740273775214,0.955588643793,1.27383711867796,0,0
2484,-0.1520740273775214,0.962922408029,1.27383711867796,0,0
2485,-0.1520740273775214,0.957353523048,1.27383711867796,0,0
2486,-0.1520740273775214,0.960360513192,1.27383711867796,0,0
2487,-0.1520740273775214,0.957000580088,1.27383711867796,0,0
2488,-0.1612905259366002,0.964347236265,1.27383711867796,0,0
2489,-0.1612905259366002,0.956946738725,1.27383711867796,0,0
2490,-0.1520740273775214,0.959059298354,1.27383711867796,0,0
2491,-0.1612905259366002,0.955982150775,1.27383711867796,0,0
2492,-0.1520740273775214,0.958107527237,1.27383711867796,0,0
2493,-0.1520740273775214,0.958153045297,1.27383711867796,0,0
2494,-0.1520740273775214,0.955202447031,1.27383711867796,0,0
2495,-0.1612905259366002,0.956101719513,1.27383711867796,0,0
2496,-0.1612905259366002,0.958136948827,1.27383711867796,0,0
2497,-0.1612905259366002,0.955447675885,1.27383711867796,0,0
2498,-0.1520740273775214,0.95628836057,1.27383711867796,0,0
2499,-0.1520740273775214,0.955702674582,1.27383711867796,0,0
2500,-0.17050702449567723,0.955801726035,1.27383711867796,0,0
2501,-0.1520740273775214,0.959456073201,1.27383711867796,0,0
2502,-0.1612905259366002,0.956420847617,1.27383711867796,0,0
2503,-0.1612905259366002,0.95625093149,1.27383711867796,0,0
2504,-0.1520740273775214,0.957431465195,1.27383711867796,0,0
2505,-0.1612905259366002,0.954331871921,1.27383711867796,0,0
2506,-0.1520740273775214,0.959178892062,1.27383711867796,0,0
2507,-0.1612905259366002,0.9573811002,1.27383711867796,0,0
2508,-0.1612905259366002,0.960390348632,1.27383711867796,0,0
2509,-0.1612905259366002,0.957473448579,1.27383711867796,0,0
2510,-0.1612905259366002,0.960140373024,1.27383711867796,0,0
2511,-0.1520740273775214,0.956357448464,1.27383711867796,0,0
2512,-0.1428575288184426,0.957758359533,1.27383711867796,0,0
2513,-0.1428575288184426,0.956329988141,1.27383711867796,0,0
2514,-0.12442453170028678,0.95984450788,1.27383711867796,0,0
2515,-0.12442453170028678,0.956514280104,1.27383711867796,0,0
2516,-0.05990814121037502,0.961417986147,1.27383711867796,0,0
2517,-0.1059906340057637,0.96120720724,1.27383711867796,0,0
2518,-0.0967741354466849,0.959515577052,1.27383711867796,0,0
2519,-0.0967741354466849,0.960724699281,1.27383711867796,0,0
2520,-0.032258645533140395,0.963960356365,1.27383711867796,0,0
2521,-0.07834113832853085,0.961521310506,1.27383711867796,0,0
2522,-0.06912463976945205,0.962277513437,1.27383711867796,0,0
2523,-0.06912463976945205,0.960141267279,1.27383711867796,0,0
2524,-0.06912463976945205,0.960295903788,1.27383711867796,0,0
2525,-0.05990814121037502,0.959243904701,1.27383711867796,0,0
2526,-0.050691642651298,0.961120651579,1.27383711867796,0,0
2527,-0.04147514409221742,0.96190574813,1.27383711867796,0,0
2528,-0.023042146974061595,0.96306131903,1.27383711867796,0,0
2529,-0.032258645533140395,0.964162479094,1.27383711867796,0,0
2530,-0.023042146974061595,0.958680361938,1.27383711867796,0,0
2531,-0.023042146974061595,0.959588383681,1.27383711867796,0,0
2532,-0.023042146974061595,0.960409145846,1.27383711867796,0,0
2533,-0.023042146974061595,0.958572377158,1.27383711867796,0,0
2534,-0.013824747838615536,0.958609336447,1.27383711867796,0,0
2535,-0.004608249279538512,0.962878017605,1.27383711867796,0,0
2536,0.004608249279538512,0.963066368735,1.27383711867796,0,0
2537,0.004608249279538512,0.966177345293,1.27383711867796,0,0
2538,-0.004608249279538512,0.962315296516,1.27383711867796,0,0
2539,-0.004608249279538512,0.960674866398,1.27383711867796,0,0
2540,-0.013824747838615536,0.962847336111,1.27383711867796,0,0
2541,-0.023042146974061595,0.962845140691,1.27383711867796,0,0
2542,-0.032258645533140395,0.965426679566,1.27383711867796,0,0
2543,-0.032258645533140395,0.964370864612,1.27383711867796,0,0
2544,0.023041246397694337,0.966295074064,1.27383711867796,0,0
2545,-0.04147514409221742,0.959743883211,1.27383711867796,0,0
2546,-0.04147514409221742,0.966385058842,1.27383711867796,0,0
2547,-0.050691642651298,0.959549712129,1.27383711867796,0,0
2548,-0.05990814121037502,0.966151152197,1.27383711867796,0,0
2549,-0.05990814121037502,0.955301515852,1.27383711867796,0,0
2550,-0.05990814121037502,0.961598411929,1.27383711867796,0,0
2551,-0.05990814121037502,0.963992751254,1.27383711867796,0,0
2552,-0.05990814121037502,0.961485076164,1.27383711867796,0,0
2553,-0.06912463976945205,0.958442393755,1.27383711867796,0,0
2554,-0.07834113832853085,0.963088439922,1.27383711867796,0,0
2555,-0.07834113832853085,0.960522124957,1.27383711867796,0,0
2556,-0.07834113832853085,0.964973272163,1.27383711867796,0,0
2557,-0.07834113832853085,0.960553258967,1.27383711867796,0,0
2558,-0.08755763688760787,0.958411180493,1.27383711867796,0,0
2559,-0.08755763688760787,0.961869419646,1.27383711867796,0,0
2560,-0.08755763688760787,0.960693299254,1.27383711867796,0,0
2561,-0.08755763688760787,0.966283590085,1.27383711867796,0,0
2562,-0.0967741354466849,0.960692747006,1.27383711867796,0,0
2563,-0.0967741354466849,0.962366453229,1.27383711867796,0,0
2564,-0.08755763688760787,0.962505546487,1.27383711867796,0,0
2565,-0.1059906340057637,0.962494153518,1.27383711867796,0,0
2566,-0.0967741354466849,0.96663919466,1.27383711867796,0,0
2567,-0.11520803314120975,0.958451211681,1.27383711867796,0,0
2568,-0.1059906340057637,0.961744054508,1.27383711867796,0,0
2569,-0.1059906340057637,0.958217502191,1.27383711867796,0,0
2570,-0.050691642651298,0.96663436066,1.27383711867796,0,0
2571,-0.1059906340057637,0.959159064877,1.27383711867796,0,0
2572,-0.11520803314120975,0.966150124033,1.27383711867796,0,0
2573,-0.11520803314120975,0.958399926843,1.27383711867796,0,0
2574,-0.11520803314120975,0.964465972664,1.27383711867796,0,0
2575,-0.11520803314120975,0.958953773232,1.27383711867796,0,0
2576,-0.11520803314120975,0.959780954821,1.27383711867796,0,0
2577,-0.11520803314120975,0.962666049627,1.27383711867796,0,0
2578,-0.11520803314120975,0.964876952708,1.27383711867796,0,0
2579,-0.11520803314120975,0.963723399948,1.27383711867796,0,0
2580,-0.11520803314120975,0.962932659037,1.27383711867796,0,0
2581,-0.18894002161383305,0.963350384954,1.27383711867796,0,0
2582,-0.12442453170028678,0.962922425008,1.27383711867796,0,0
2583,-0.12442453170028678,0.960293325446,1.27383711867796,0,0
2584,-0.11520803314120975,0.960932839154,1.27383711867796,0,0
2585,-0.12442453170028678,0.963079276684,1.27383711867796,0,0
2586,-0.12442453170028678,0.96306627928,1.27383711867796,0,0
2587,-0.12442453170028678,0.965715862358,1.27383711867796,0,0
2588,-0.1428575288184426,0.963137267194,1.27383711867796,0,0
2589,-0.12442453170028678,0.966573889245,1.27383711867796,0,0
2590,-0.13364103025936558,0.968157407704,1.27383711867796,0,0
2591,-0.13364103025936558,0.965933644635,1.27383711867796,0,0
2592,-0.12442453170028678,0.967927209108,1.27383711867796,0,0
2593,-0.13364103025936558,0.963869474033,1.27383711867796,0,0
2594,-0.13364103025936558,0.96754992888,1.27383711867796,0,0
2595,-0.13364103025936558,0.962983492793,1.27383711867796,0,0
2596,-0.13364103025936558,0.964311722112,1.27383711867796,0,0
2597,-0.13364103025936558,0.968566672413,1.27383711867796,0,0
2598,-0.13364103025936558,0.970999792331,1.27383711867796,0,0
2599,-0.13364103025936558,0.96919072978,1.27383711867796,0,0
2600,-0.1428575288184426,0.969116917409,1.27383711867796,0,0
2601,-0.1428575288184426,0.964647798933,1.27383711867796,0,0
2602,-0.1428575288184426,0.966273331357,1.27383711867796,0,0
2603,-0.1428575288184426,0.967104532965,1.27383711867796,0,0
2604,-0.1428575288184426,0.964844185653,1.27383711867796,0,0
2605,-0.1428575288184426,0.973255611312,1.27383711867796,0,0
2606,-0.1428575288184426,0.963858170923,1.27383711867796,0,0
2607,-0.1428575288184426,0.966464925755,1.27383711867796,0,0
2608,-0.1428575288184426,0.962168428303,1.27383711867796,0,0
2609,-0.1520740273775214,0.963408840751,1.27383711867796,0,0
2610,-0.1428575288184426,0.965998987987,1.27383711867796,0,0
2611,-0.1428575288184426,0.963260888967,1.27383711867796,0,0
2612,-0.1428575288184426,0.962304985533,1.27383711867796,0,0
2613,-0.1520740273775214,0.960522180441,1.27383711867796,0,0
2614,-0.1428575288184426,0.962729179898,1.27383711867796,0,0
2615,-0.1520740273775214,0.962320018341,1.27383711867796,0,0
2616,-0.1428575288184426,0.960959736564,1.27383711867796,0,0
2617,-0.1520740273775214,0.960287216856,1.27383711867796,0,0
2618,-0.1520740273775214,0.962498299039,1.27383711867796,0,0
2619,-0.1428575288184426,0.959913737128,1.27383711867796,0,0
2620,-0.1428575288184426,0.962254701729,1.27383711867796,0,0
2621,-0.1520740273775214,0.963044093285,1.27383711867796,0,0
2622,-0.1612905259366002,0.960221659717,1.27383711867796,0,0
2623,-0.1520740273775214,0.962855825502,1.27383711867796,0,0
2624,-0.1520740273775214,0.963938748266,1.27383711867796,0,0
2625,-0.1520740273775214,0.960306229209,1.27383711867796,0,0
2626,-0.1520740273775214,0.961945356494,1.27383711867796,0,0
2627,-0.1520740273775214,0.960149493553,1.27383711867796,0,0
2628,-0.1520740273775214,0.961673900092,1.27383711867796,0,0
2629,-0.1520740273775214,0.961262027733,1.27383711867796,0,0
2630,-0.1520740273775214,0.957472296797,1.27383711867796,0,0
2631,-0.1612905259366002,0.960559400183,1.27383711867796,0,0
2632,-0.1520740273775214,0.95980727036,1.27383711867796,0,0
2633,-0.1520740273775214,0.959736466676,1.27383711867796,0,0
2634,-0.1520740273775214,0.958144036114,1.27383711867796,0,0
2635,-0.1520740273775214,0.957771125466,1.27383711867796,0,0
2636,-0.1520740273775214,0.957364714338,1.27383711867796,0,0
2637,-0.1612905259366002,0.961141837449,1.27383711867796,0,0
2638,-0.1520740273775214,0.957226977276,1.27383711867796,0,0
2639,-0.1520740273775214,0.953052666194,1.27383711867796,0,0
2640,-0.1520740273775214,0.958024323681,1.27383711867796,0,0
2641,-0.1612905259366002,0.957614632214,1.27383711867796,0,0
2642,-0.1612905259366002,0.958513504314,1.27383711867796,0,0
2643,-0.1612905259366002,0.956818229645,1.27383711867796,0,0
2644,-0.1520740273775214,0.955546480434,1.27383711867796,0,0
2645,-0.1520740273775214,0.956289134765,1.27383711867796,0,0
2646,-0.1520740273775214,0.955409016359,1.27383711867796,0,0
2647,-0.1520740273775214,0.959181079791,1.27383711867796,0,0
2648,-0.1520740273775214,0.954233462364,1.27383711867796,0,0
2649,-0.1612905259366002,0.955189166888,1.27383711867796,0,0
2650,-0.1612905259366002,0.956025183799,1.27383711867796,0,0
2651,-0.1520740273775214,0.957643190564,1.27383711867796,0,0
2652,-0.1612905259366002,0.956494455949,1.27383711867796,0,0
2653,-0.1520740273775214,0.955009214713,1.27383711867796,0,0
2654,-0.1612905259366002,0.955014598721,1.27383711867796,0,0
2655,-0.1520740273775214,0.956867721768,1.27383711867796,0,0
2656,-0.1520740273775214,0.955656768547,1.27383711867796,0,0
2657,-0.1612905259366002,0.956052495493,1.27383711867796,0,0
2658,-0.1520740273775214,0.955962045866,1.27383711867796,0,0
2659,-0.1612905259366002,0.957094279906,1.27383711867796,0,0
2660,-0.1612905259366002,0.95987620642,1.27383711867796,0,0
2661,-0.1428575288184426,0.955695268333,1.27383711867796,0,0
2662,-0.1612905259366002,0.954446354658,1.27383711867796,0,0
2663,-0.12442453170028678,0.955263382998,1.27383711867796,0,0
2664,-0.1520740273775214,0.956219009471,1.27383711867796,0,0
2665,-0.1428575288184426,0.958230270272,1.27383711867796,0,0
2666,-0.1428575288184426,0.956316430055,1.27383711867796,0,0
2667,-0.12442453170028678,0.956485242721,1.27383711867796,0,0
2668,-0.12442453170028678,0.958543630379,1.27383711867796,0,0
2669,-0.1059906340057637,0.959104618322,1.27383711867796,0,0
2670,-0.0967741354466849,0.960303372671,1.27383711867796,0,0
2671,-0.0967741354466849,0.959460827712,1.27383711867796,0,0
2672,-0.08755763688760787,0.95985591746,1.27383711867796,0,0
2673,-0.07834113832853085,0.962337699256,1.27383711867796,0,0
2674,-0.04147514409221742,0.965056964971,1.27383711867796,0,0
2675,-0.06912463976945205,0.961041256806,1.27383711867796,0,0
2676,-0.05990814121037502,0.961613375223,1.27383711867796,0,0
2677,-0.050691642651298,0.961891384417,1.27383711867796,0,0
2678,-0.050691642651298,0.966087009094,1.27383711867796,0,0
2679,-0.04147514409221742,0.960917171255,1.27383711867796,0,0
2680,-0.04147514409221742,0.963500406008,1.27383711867796,0,0
2681,-0.032258645533140395,0.962341711242,1.27383711867796,0,0
2682,-0.04147514409221742,0.960830211605,1.27383711867796,0,0
2683,-0.032258645533140395,0.961676752308,1.27383711867796,0,0
2684,-0.023042146974061595,0.960883079373,1.27383711867796,0,0
2685,-0.023042146974061595,0.960955298676,1.27383711867796,0,0
2686,-0.013824747838615536,0.961838316461,1.27383711867796,0,0
2687,-0.013824747838615536,0.962331448441,1.27383711867796,0,0
2688,-0.004608249279538512,0.959414883213,1.27383711867796,0,0
2689,-0.013824747838615536,0.961540186597,1.27383711867796,0,0
2690,-0.004608249279538512,0.960388429598,1.27383711867796,0,0
2691,-0.013824747838615536,0.962030680177,1.27383711867796,0,0
2692,-0.013824747838615536,0.961012034543,1.27383711867796,0,0
2693,-0.023042146974061595,0.962055439371,1.27383711867796,0,0
2694,-0.023042146974061595,0.957234613716,1.27383711867796,0,0
2695,-0.023042146974061595,0.959906553696,1.27383711867796,0,0
2696,0.023041246397694337,0.960391380374,1.27383711867796,0,0
2697,-0.050691642651298,0.956562263154,1.27383711867796,0,0
2698,-0.023042146974061595,0.965808538855,1.27383711867796,0,0
2699,-0.050691642651298,0.958843714743,1.27383711867796,0,0
2700,-0.05990814121037502,0.967603970168,1.27383711867796,0,0
2701,-0.05990814121037502,0.957722812627,1.27383711867796,0,0
2702,-0.06912463976945205,0.962751595351,1.27383711867796,0,0
2703,-0.06912463976945205,0.95919465703,1.27383711867796,0,0
2704,-0.06912463976945205,0.960483089667,1.27383711867796,0,0
2705,-0.06912463976945205,0.956997488739,1.27383711867796,0,0
2706,-0.07834113832853085,0.963658863544,1.27383711867796,0,0
2707,-0.07834113832853085,0.960973878973,1.27383711867796,0,0
2708,-0.07834113832853085,0.959453638446,1.27383711867796,0,0
2709,-0.08755763688760787,0.959617836093,1.27383711867796,0,0
2710,-0.07834113832853085,0.95859201253,1.27383711867796,0,0
2711,-0.08755763688760787,0.959476522323,1.27383711867796,0,0
2712,-0.08755763688760787,0.959582129844,1.27383711867796,0,0
2713,-0.08755763688760787,0.961833094649,1.27383711867796,0,0
2714,-0.0967741354466849,0.960369846379,1.27383711867796,0,0
2715,-0.08755763688760787,0.961519580431,1.27383711867796,0,0
2716,-0.08755763688760787,0.961658966622,1.27383711867796,0,0
2717,-0.0967741354466849,0.963579585987,1.27383711867796,0,0
2718,-0.1059906340057637,0.96327040924,1.27383711867796,0,0
2719,-0.1059906340057637,0.957931472487,1.27383711867796,0,0
2720,-0.1059906340057637,0.964959283778,1.27383711867796,0,0
2721,-0.1059906340057637,0.961709190145,1.27383711867796,0,0
2722,-0.0967741354466849,0.961262869445,1.27383711867796,0,0
2723,-0.11520803314120975,0.964070865647,1.27383711867796,0,0
2724,-0.11520803314120975,0.965020888492,1.27383711867796,0,0
2725,-0.11520803314120975,0.958948107586,1.27383711867796,0,0
2726,-0.11520803314120975,0.957422864649,1.27383711867796,0,0
2727,-0.11520803314120975,0.956280675882,1.27383711867796,0,0
2728,-0.12442453170028678,0.958308888771,1.27383711867796,0,0
2729,-0.12442453170028678,0.956472875813,1.27383711867796,0,0
2730,-0.12442453170028678,0.959890283227,1.27383711867796,0,0
2731,-0.12442453170028678,0.959310032184,1.27383711867796,0,0
2732,-0.08755763688760787,0.960632808898,1.27383711867796,0,0
2733,-0.12442453170028678,0.961248688794,1.27383711867796,0,0
2734,-0.12442453170028678,0.961491693555,1.27383711867796,0,0
2735,-0.1981574207492791,0.96028017165,1.27383711867796,0,0
2736,-0.13364103025936558,0.964178213959,1.27383711867796,0,0
2737,-0.13364103025936558,0.966103815348,1.27383711867796,0,0
2738,-0.13364103025936558,0.96271098589,1.27383711867796,0,0
2739,-0.13364103025936558,0.960286393413,1.27383711867796,0,0
2740,-0.13364103025936558,0.966521178985,1.27383711867796,0,0
2741,-0.13364103025936558,0.969795403961,1.27383711867796,0,0
2742,-0.13364103025936558,0.964798590493,1.27383711867796,0,0
2743,-0.13364103025936558,0.964804836281,1.27383711867796,0,0
2744,-0.13364103025936558,0.964649491673,1.27383711867796,0,0
2745,-0.13364103025936558,0.965409631213,1.27383711867796,0,0
2746,-0.13364103025936558,0.969946978082,1.27383711867796,0,0
2747,-0.13364103025936558,0.963550455417,1.27383711867796,0,0
2748,-0.13364103025936558,0.96769326819,1.27383711867796,0,0
2749,-0.13364103025936558,0.96699050082,1.27383711867796,0,0
2750,-0.13364103025936558,0.965798396665,1.27383711867796,0,0
2751,-0.13364103025936558,0.964841869003,1.27383711867796,0,0
2752,-0.1428575288184426,0.963509721984,1.27383711867796,0,0
2753,-0.13364103025936558,0.968240915175,1.27383711867796,0,0
2754,-0.13364103025936558,0.968221900614,1.27383711867796,0,0
2755,-0.1428575288184426,0.965904174142,1.27383711867796,0,0
2756,-0.1428575288184426,0.964929675393,1.27383711867796,0,0
2757,-0.1428575288184426,0.965743087384,1.27383711867796,0,0
2758,-0.11520803314120975,0.965095374298,1.27383711867796,0,0
2759,-0.1428575288184426,0.971903874219,1.27383711867796,0,0
2760,-0.1428575288184426,0.966913011374,1.27383711867796,0,0
2761,-0.1428575288184426,0.963343390205,1.27383711867796,0,0
2762,-0.1428575288184426,0.963396906882,1.27383711867796,0,0
2763,-0.1428575288184426,0.958802017823,1.27383711867796,0,0
2764,-0.1428575288184426,0.965401582214,1.27383711867796,0,0
2765,-0.1428575288184426,0.961870949041,1.27383711867796,0,0
2766,-0.1428575288184426,0.96593214046,1.27383711867796,0,0
2767,-0.1520740273775214,0.959738834549,1.27383711867796,0,0
2768,-0.1520740273775214,0.962022826294,1.27383711867796,0,0
2769,-0.1520740273775214,0.960114200757,1.27383711867796,0,0
2770,-0.1520740273775214,0.9602490382,1.27383711867796,0,0
2771,-0.1520740273775214,0.963180081876,1.27383711867796,0,0
2772,-0.1428575288184426,0.962448934491,1.27383711867796,0,0
2773,-0.1428575288184426,0.964207628923,1.27383711867796,0,0
2774,-0.1428575288184426,0.960728022962,1.27383711867796,0,0
2775,-0.1428575288184426,0.965023503252,1.27383711867796,0,0
2776,-0.1428575288184426,0.960524510858,1.27383711867796,0,0
2777,-0.1428575288184426,0.965948632405,1.27383711867796,0,0
2778,-0.1428575288184426,0.959680531112,1.27383711867796,0,0
2779,-0.1428575288184426,0.961239559884,1.27383711867796,0,0
2780,-0.1520740273775214,0.963153763741,1.27383711867796,0,0
2781,-0.1428575288184426,0.957829019334,1.27383711867796,0,0
2782,-0.1520740273775214,0.961185280475,1.27383711867796,0,0
2783,-0.1520740273775214,0.959057292001,1.27383711867796,0,0
2784,-0.17972352305475425,0.9620721383,1.27383711867796,0,0
2785,-0.1520740273775214,0.957907398025,1.27383711867796,0,0
2786,-0.1520740273775214,0.962573617111,1.27383711867796,0,0
2787,-0.1520740273775214,0.956948005778,1.27383711867796,0,0
2788,-0.1520740273775214,0.960595864267,1.27383711867796,0,0
2789,-0.1520740273775214,0.957390653111,1.27383711867796,0,0
2790,-0.1520740273775214,0.957837355182,1.27383711867796,0,0
2791,-0.1520740273775214,0.957692370723,1.27383711867796,0,0
2792,-0.1520740273775214,0.956578905762,1.27383711867796,0,0
2793,-0.1612905259366002,0.95538975551,1.27383711867796,0,0
2794,-0.1612905259366002,0.958943575779,1.27383711867796,0,0
2795,-0.1520740273775214,0.959216478722,1.27383711867796,0,0
2796,-0.1612905259366002,0.955043492011,1.27383711867796,0,0
2797,-0.1612905259366002,0.955156707671,1.27383711867796,0,0
2798,-0.1612905259366002,0.957556821903,1.27383711867796,0,0
2799,-0.1612905259366002,0.95808126449,1.27383711867796,0,0
2800,-0.1612905259366002,0.954713807431,1.27383711867796,0,0
2801,-0.1520740273775214,0.957890779654,1.27383711867796,0,0
2802,-0.1520740273775214,0.959729405356,1.27383711867796,0,0
2803,-0.1612905259366002,0.960109395258,1.27383711867796,0,0
2804,-0.1612905259366002,0.958386755851,1.27383711867796,0,0
2805,-0.1520740273775214,0.953587793366,1.27383711867796,0,0
2806,-0.1520740273775214,0.954853349881,1.27383711867796,0,0
2807,-0.1520740273775214,0.956226034664,1.27383711867796,0,0
2808,-0.1612905259366002,0.957499259525,1.27383711867796,0,0
2809,-0.1520740273775214,0.954852851065,1.27383711867796,0,0
2810,-0.1612905259366002,0.954233672772,1.27383711867796,0,0
2811,-0.1612905259366002,0.956916080948,1.27383711867796,0,0
2812,-0.1520740273775214,0.954647175599,1.27383711867796,0,0
2813,-0.1520740273775214,0.955910681029,1.27383711867796,0,0
2814,-0.1612905259366002,0.954509518494,1.27383711867796,0,0
2815,-0.1428575288184426,0.956915407505,1.27383711867796,0,0
2816,-0.1428575288184426,0.957678405398,1.27383711867796,0,0
2817,-0.12442453170028678,0.958286986931,1.27383711867796,0,0
2818,-0.11520803314120975,0.958697089298,1.27383711867796,0,0
2819,-0.11520803314120975,0.958824418615,1.27383711867796,0,0
2820,-0.0967741354466849,0.96041207669,1.27383711867796,0,0
2821,-0.1059906340057637,0.95895061695,1.27383711867796,0,0
2822,-0.032258645533140395,0.962822426722,1.27383711867796,0,0
2823,-0.08755763688760787,0.959136098244,1.27383711867796,0,0
2824,-0.06912463976945205,0.966005563326,1.27383711867796,0,0
2825,-0.06912463976945205,0.959778435232,1.27383711867796,0,0
2826,-0.05990814121037502,0.966123167629,1.27383711867796,0,0
2827,-0.050691642651298,0.963102347068,1.27383711867796,0,0
2828,-0.050691642651298,0.962499163316,1.27383711867796,0,0
2829,-0.050691642651298,0.963856410676,1.27383711867796,0,0
2830,-0.032258645533140395,0.961087674963,1.27383711867796,0,0
2831,-0.032258645533140395,0.962942039385,1.27383711867796,0,0
2832,-0.032258645533140395,0.9607990109,1.27383711867796,0,0
2833,-0.023042146974061595,0.96344391009,1.27383711867796,0,0
2834,-0.023042146974061595,0.961476612055,1.27383711867796,0,0
2835,-0.013824747838615536,0.96188781987,1.27383711867796,0,0
2836,-0.023042146974061595,0.960061884741,1.27383711867796,0,0
2837,-0.013824747838615536,0.962778870109,1.27383711867796,0,0
2838,-0.004608249279538512,0.957919958631,1.27383711867796,0,0
2839,-0.004608249279538512,0.964010763148,1.27383711867796,0,0
2840,-0.004608249279538512,0.960416361689,1.27383711867796,0,0
2841,-0.013824747838615536,0.964296855975,1.27383711867796,0,0
2842,-0.023042146974061595,0.960073128338,1.27383711867796,0,0
2843,-0.032258645533140395,0.959286001976,1.27383711867796,0,0
2844,-0.032258645533140395,0.962729510508,1.27383711867796,0,0
2845,-0.032258645533140395,0.958655558645,1.27383711867796,0,0
2846,-0.04147514409221742,0.96044753129,1.27383711867796,0,0
2847,-0.050691642651298,0.96041919943,1.27383711867796,0,0
2848,-0.050691642651298,0.963069842712,1.27383711867796,0,0
2849,-0.05990814121037502,0.957753564758,1.27383711867796,0,0
2850,-0.05990814121037502,0.965048246642,1.27383711867796,0,0
2851,-0.05990814121037502,0.956503795891,1.27383711867796,0,0
2852,-0.050691642651298,0.962382543473,1.27383711867796,0,0
2853,-0.06912463976945205,0.95677188082,1.27383711867796,0,0
2854,-0.05990814121037502,0.964976625572,1.27383711867796,0,0
2855,-0.07834113832853085,0.958867177742,1.27383711867796,0,0
2856,-0.07834113832853085,0.964569788638,1.27383711867796,0,0
2857,-0.07834113832853085,0.958828974083,1.27383711867796,0,0
2858,-0.07834113832853085,0.960151118892,1.27383711867796,0,0
2859,-0.08755763688760787,0.958563674881,1.27383711867796,0,0
2860,-0.050691642651298,0.962119352124,1.27383711867796,0,0
2861,-0.08755763688760787,0.962478739044,1.27383711867796,0,0
2862,-0.08755763688760787,0.958523879795,1.27383711867796,0,0
2863,-0.0967741354466849,0.961233351511,1.27383711867796,0,0
2864,-0.08755763688760787,0.961858110727,1.27383711867796,0,0
2865,-0.07834113832853085,0.963636919147,1.27383711867796,0,0
2866,-0.0967741354466849,0.962185108638,1.27383711867796,0,0
2867,-0.050691642651298,0.966045752133,1.27383711867796,0,0
2868,-0.1059906340057637,0.959377842878,1.27383711867796,0,0
2869,-0.1059906340057637,0.966848868443,1.27383711867796,0,0
2870,-0.11520803314120975,0.957484925455,1.27383711867796,0,0
2871,-0.1059906340057637,0.961134496081,1.27383711867796,0,0
2872,-0.1059906340057637,0.959892445801,1.27383711867796,0,0
2873,-0.1059906340057637,0.95929234437,1.27383711867796,0,0
2874,-0.11520803314120975,0.958025228212,1.27383711867796,0,0
2875,-0.1059906340057637,0.956238389335,1.27383711867796,0,0
2876,-0.11520803314120975,0.957387471846,1.27383711867796,0,0
2877,-0.11520803314120975,0.956112882371,1.27383711867796,0,0
2878,-0.11520803314120975,0.958154335606,1.27383711867796,0,0
2879,-0.12442453170028678,0.956435726289,1.27383711867796,0,0
2880,-0.11520803314120975,0.965766878553,1.27383711867796,0,0
2881,-0.12442453170028678,0.960577426318,1.27383711867796,0,0
2882,-0.12442453170028678,0.964188123133,1.27383711867796,0,0
2883,-0.12442453170028678,0.958863870875,1.27383711867796,0,0
2884,-0.12442453170028678,0.963955562907,1.27383711867796,0,0
2885,-0.12442453170028678,0.964249132079,1.27383711867796,0,0
2886,-0.13364103025936558,0.965866216509,1.27383711867796,0,0
2887,-0.13364103025936558,0.962532016857,1.27383711867796,0,0
2888,-0.13364103025936558,0.964990724531,1.27383711867796,0,0
2889,-0.13364103025936558,0.963834467748,1.27383711867796,0,0
2890,-0.12442453170028678,0.965299051875,1.27383711867796,0,0
2891,-0.13364103025936558,0.965198454259,1.27383711867796,0,0
2892,-0.12442453170028678,0.965562050283,1.27383711867796,0,0
2893,-0.13364103025936558,0.969936387118,1.27383711867796,0,0
2894,-0.13364103025936558,0.963649188348,1.27383711867796,0,0
2895,-0.1428575288184426,0.967623372205,1.27383711867796,0,0
2896,-0.1428575288184426,0.962881272275,1.27383711867796,0,0
2897,-0.1428575288184426,0.967168060649,1.27383711867796,0,0
2898,-0.1428575288184426,0.964943103956,1.27383711867796,0,0
2899,-0.1428575288184426,0.967435136496,1.27383711867796,0,0
2900,-0.13364103025936558,0.969657382671,1.27383711867796,0,0
2901,-0.1520740273775214,0.96872792736,1.27383711867796,0,0
2902,-0.13364103025936558,0.967128647321,1.27383711867796,0,0
2903,-0.1428575288184426,0.969381550297,1.27383711867796,0,0
2904,-0.1428575288184426,0.966870062899,1.27383711867796,0,0
2905,-0.1520740273775214,0.964297306355,1.27383711867796,0,0
2906,-0.13364103025936558,0.965910002173,1.27383711867796,0,0
2907,-0.1428575288184426,0.966307658698,1.27383711867796,0,0
2908,-0.1428575288184426,0.965187838284,1.27383711867796,0,0
2909,-0.1428575288184426,0.957260030392,1.27383711867796,0,0
2910,-0.13364103025936558,0.966262035975,1.27383711867796,0,0
2911,-0.1428575288184426,0.960002667448,1.27383711867796,0,0
2912,-0.1428575288184426,0.964196599032,1.27383711867796,0,0
2913,-0.1428575288184426,0.962667887239,1.27383711867796,0,0
2914,-0.18894002161383305,0.960640994282,1.27383711867796,0,0
2915,-0.1428575288184426,0.962167122256,1.27383711867796,0,0
2916,-0.1428575288184426,0.9584278361,1.27383711867796,0,0
2917,-0.1428575288184426,0.96543857422,1.27383711867796,0,0
2918,-0.1612905259366002,0.961243684175,1.27383711867796,0,0
2919,-0.1428575288184426,0.963369782619,1.27383711867796,0,0
2920,-0.1520740273775214,0.959230573995,1.27383711867796,0,0
2921,-0.1520740273775214,0.962056421643,1.27383711867796,0,0
2922,-0.1520740273775214,0.959816801623,1.27383711867796,0,0
2923,-0.1612905259366002,0.960562038974,1.27383711867796,0,0
2924,-0.13364103025936558,0.96286649792,1.27383711867796,0,0
2925,-0.1520740273775214,0.962476341665,1.27383711867796,0,0
2926,-0.1520740273775214,0.965096815556,1.27383711867796,0,0
2927,-0.1520740273775214,0.964612661478,1.27383711867796,0,0
2928,-0.1520740273775214,0.961781585306,1.27383711867796,0,0
2929,-0.1428575288184426,0.962269129698,1.27383711867796,0,0
2930,-0.1612905259366002,0.962205440669,1.27383711867796,0,0
2931,-0.1428575288184426,0.957882034023,1.27383711867796,0,0
2932,-0.1520740273775214,0.960366122801,1.27383711867796,0,0
2933,-0.1520740273775214,0.961420109926,1.27383711867796,0,0
2934,-0.1520740273775214,0.958985098513,1.27383711867796,0,0
2935,-0.1520740273775214,0.958945875581,1.27383711867796,0,0
2936,-0.1428575288184426,0.957341268156,1.27383711867796,0,0
2937,-0.1520740273775214,0.959782728895,1.27383711867796,0,0
2938,-0.1520740273775214,0.960916116513,1.27383711867796,0,0
2939,-0.1612905259366002,0.953072256006,1.27383711867796,0,0
2940,-0.1520740273775214,0.957016044474,1.27383711867796,0,0
2941,-0.1520740273775214,0.955523819884,1.27383711867796,0,0
2942,-0.1520740273775214,0.956148477795,1.27383711867796,0,0
2943,-0.1612905259366002,0.959839171678,1.27383711867796,0,0
2944,-0.1612905259366002,0.9550991045,1.27383711867796,0,0
2945,-0.1612905259366002,0.955773873645,1.27383711867796,0,0
2946,-0.1520740273775214,0.952125711548,1.27383711867796,0,0
2947,-0.1520740273775214,0.956006960635,1.27383711867796,0,0
2948,-0.1612905259366002,0.954753446972,1.27383711867796,0,0
2949,-0.1520740273775214,0.955567854371,1.27383711867796,0,0
2950,-0.1520740273775214,0.957804289583,1.27383711867796,0,0
2951,-0.1428575288184426,0.956767920587,1.27383711867796,0,0
2952,-0.13364103025936558,0.960288925956,1.27383711867796,0,0
2953,-0.12442453170028678,0.955961166619,1.27383711867796,0,0
2954,-0.11520803314120975,0.96111686311,1.27383711867796,0,0
2955,-0.11520803314120975,0.957707248905,1.27383711867796,0,0
2956,-0.1059906340057637,0.960496708873,1.27383711867796,0,0
2957,-0.08755763688760787,0.962476195142,1.27383711867796,0,0
2958,-0.08755763688760787,0.959893963513,1.27383711867796,0,0
2959,-0.07834113832853085,0.960295857563,1.27383711867796,0,0
2960,-0.06912463976945205,0.965056998555,1.27383711867796,0,0
2961,-0.06912463976945205,0.96363476832,1.27383711867796,0,0
2962,-0.05990814121037502,0.963064256906,1.27383711867796,0,0
2963,-0.050691642651298,0.962500151381,1.27383711867796,0,0
2964,-0.04147514409221742,0.963316690492,1.27383711867796,0,0
2965,-0.032258645533140395,0.965275527677,1.27383711867796,0,0
2966,-0.032258645533140395,0.96234080751,1.27383711867796,0,0
2967,-0.032258645533140395,0.962565071926,1.27383711867796,0,0
2968,-0.023042146974061595,0.961869027393,1.27383711867796,0,0
2969,-0.023042146974061595,0.963452387121,1.27383711867796,0,0
2970,-0.023042146974061595,0.960629252117,1.27383711867796,0,0
2971,-0.013824747838615536,0.95986417658,1.27383711867796,0,0
2972,-0.013824747838615536,0.960248986934,1.27383711867796,0,0
2973,-0.013824747838615536,0.960992565949,1.27383711867796,0,0
2974,-0.013824747838615536,0.964147983758,1.27383711867796,0,0
2975,-0.004608249279538512,0.961308395274,1.27383711867796,0,0
2976,-0.004608249279538512,0.959808776781,1.27383711867796,0,0
2977,-0.013824747838615536,0.958537155127,1.27383711867796,0,0
2978,-0.013824747838615536,0.960402906383,1.27383711867796,0,0
2979,-0.023042146974061595,0.962070672625,1.27383711867796,0,0
2980,-0.013824747838615536,0.958152296867,1.27383711867796,0,0
2981,-0.04147514409221742,0.962756722718,1.27383711867796,0,0
2982,-0.04147514409221742,0.961371278814,1.27383711867796,0,0
2983,-0.04147514409221742,0.957841155429,1.27383711867796,0,0
2984,-0.050691642651298,0.9574198587,1.27383711867796,0,0
2985,-0.04147514409221742,0.958989217941,1.27383711867796,0,0
2986,-0.050691642651298,0.960654633524,1.27383711867796,0,0
2987,-0.032258645533140395,0.962745167333,1.27383711867796,0,0
2988,-0.05990814121037502,0.961234835382,1.27383711867796,0,0
2989,-0.06912463976945205,0.964381208246,1.27383711867796,0,0
2990,-0.06912463976945205,0.960812518933,1.27383711867796,0,0
2991,-0.06912463976945205,0.962744940553,1.27383711867796,0,0
2992,-0.08755763688760787,0.959495518601,1.27383711867796,0,0
2993,-0.08755763688760787,0.960950684564,1.27383711867796,0,0
2994,-0.08755763688760787,0.962180029967,1.27383711867796,0,0
2995,-0.08755763688760787,0.959481962841,1.27383711867796,0,0
2996,-0.08755763688760787,0.956686793756,1.27383711867796,0,0
2997,-0.0967741354466849,0.957945076791,1.27383711867796,0,0
2998,-0.0967741354466849,0.959236996931,1.27383711867796,0,0
2999,-0.0967741354466849,0.961511104909,1.27383711867796,0,0
3000,-0.0967741354466849,0.962271947324,1.27383711867796,0,0
3001,-0.050691642651298,0.965658786614,1.27383711867796,0,0
3002,-0.1059906340057637,0.962657287185,1.27383711867796,0,0
3003,-0.1059906340057637,0.960208185221,1.27383711867796,0,0
3004,-0.1059906340057637,0.959498715143,1.27383711867796,0,0
3005,-0.1059906340057637,0.957949980643,1.27383711867796,0,0
3006,-0.11520803314120975,0.957826643892,1.27383711867796,0,0
3007,-0.11520803314120975,0.955943396577,1.27383711867796,0,0
3008,-0.1059906340057637,0.956598325999,1.27383711867796,0,0
3009,-0.11520803314120975,0.956374854886,1.27383711867796,0,0
3010,-0.11520803314120975,0.956021017285,1.27383711867796,0,0
3011,-0.032258645533140395,0.960526929854,1.27383711867796,0,0
3012,-0.11520803314120975,0.960547430884,1.27383711867796,0,0
3013,-0.12442453170028678,0.961062488312,1.27383711867796,0,0
3014,-0.11520803314120975,0.958816556187,1.27383711867796,0,0
3015,-0.12442453170028678,0.960647773202,1.27383711867796,0,0
3016,-0.12442453170028678,0.957983128157,1.27383711867796,0,0
3017,-0.13364103025936558,0.959680937866,1.27383711867796,0,0
3018,-0.12442453170028678,0.961263106588,1.27383711867796,0,0
3019,-0.12442453170028678,0.960449651872,1.27383711867796,0,0
3020,-0.12442453170028678,0.958100650328,1.27383711867796,0,0
3021,-0.12442453170028678,0.963573951776,1.27383711867796,0,0
3022,-0.13364103025936558,0.959792963996,1.27383711867796,0,0
3023,-0.12442453170028678,0.965379796052,1.27383711867796,0,0
3024,-0.12442453170028678,0.96279390497,1.27383711867796,0,0
3025,-0.12442453170028678,0.963121855487,1.27383711867796,0,0
3026,-0.12442453170028678,0.965228756637,1.27383711867796,0,0
3027,-0.13364103025936558,0.964803970816,1.27383711867796,0,0
3028,-0.13364103025936558,0.968213402066,1.27383711867796,0,0
3029,-0.13364103025936558,0.963683543337,1.27383711867796,0,0
3030,-0.13364103025936558,0.96604972786,1.27383711867796,0,0
3031,-0.12442453170028678,0.963609341318,1.27383711867796,0,0
3032,-0.13364103025936558,0.966264736482,1.27383711867796,0,0
3033,-0.07834113832853085,0.968812039008,1.27383711867796,0,0
3034,-0.13364103025936558,0.965324198986,1.27383711867796,0,0
3035,-0.13364103025936558,0.969707225338,1.27383711867796,0,0
3036,-0.1428575288184426,0.966807737963,1.27383711867796,0,0
3037,-0.13364103025936558,0.970100198465,1.27383711867796,0,0
3038,-0.13364103025936558,0.966046293137,1.27383711867796,0,0
3039,-0.1428575288184426,0.968806575824,1.27383711867796,0,0
3040,-0.13364103025936558,0.965322082608,1.27383711867796,0,0
3041,-0.1428575288184426,0.968219916627,1.27383711867796,0,0
3042,-0.1428575288184426,0.966534543005,1.27383711867796,0,0
3043,-0.1428575288184426,0.962193055619,1.27383711867796,0,0
3044,-0.1428575288184426,0.962542864751,1.27383711867796,0,0
3045,-0.13364103025936558,0.962777885457,1.27383711867796,0,0
3046,-0.1428575288184426,0.967063741528,1.27383711867796,0,0
3047,-0.1428575288184426,0.961517257437,1.27383711867796,0,0
3048,-0.1428575288184426,0.96790657488,1.27383711867796,0,0
3049,-0.1428575288184426,0.959640057402,1.27383711867796,0,0
3050,-0.1428575288184426,0.965242153905,1.27383711867796,0,0
3051,-0.1428575288184426,0.963023392375,1.27383711867796,0,0
3052,-0.1428575288184426,0.960120010577,1.27383711867796,0,0
3053,-0.1520740273775214,0.962032368118,1.27383711867796,0,0
3054,-0.1428575288184426,0.963708826401,1.27383711867796,0,0
3055,-0.1428575288184426,0.962689198145,1.27383711867796,0,0
3056,-0.1428575288184426,0.966148996462,1.27383711867796,0,0
3057,-0.1428575288184426,0.965066141884,1.27383711867796,0,0
3058,-0.1428575288184426,0.960312112088,1.27383711867796,0,0
3059,-0.1428575288184426,0.963142166555,1.27383711867796,0,0
3060,-0.1428575288184426,0.959447444326,1.27383711867796,0,0
3061,-0.1520740273775214,0.962784841843,1.27383711867796,0,0
3062,-0.1428575288184426,0.957774939624,1.27383711867796,0,0
3063,-0.1428575288184426,0.959987078997,1.27383711867796,0,0
3064,-0.1428575288184426,0.965794435283,1.27383711867796,0,0
3065,-0.1428575288184426,0.958194961803,1.27383711867796,0,0
3066,-0.1520740273775214,0.955711994987,1.27383711867796,0,0
3067,-0.1520740273775214,0.961253897992,1.27383711867796,0,0
3068,-0.1520740273775214,0.95923475657,1.27383711867796,0,0
3069,-0.1428575288184426,0.95911133219,1.27383711867796,0,0
3070,-0.1520740273775214,0.959945777704,1.27383711867796,0,0
3071,-0.1428575288184426,0.956790669395,1.27383711867796,0,0
3072,-0.1520740273775214,0.957487004169,1.27383711867796,0,0
3073,-0.1520740273775214,0.960608147351,1.27383711867796,0,0
3074,-0.1428575288184426,0.962355704572,1.27383711867796,0,0
3075,-0.1520740273775214,0.955200632783,1.27383711867796,0,0
3076,-0.11520803314120975,0.957831033916,1.27383711867796,0,0
3077,-0.1520740273775214,0.958749646178,1.27383711867796,0,0
3078,-0.1612905259366002,0.962526486375,1.27383711867796,0,0
3079,-0.1612905259366002,0.956945258202,1.27383711867796,0,0
3080,-0.1612905259366002,0.957064916024,1.27383711867796,0,0
3081,-0.1612905259366002,0.957752277978,1.27383711867796,0,0
3082,-0.1612905259366002,0.954606779114,1.27383711867796,0,0
3083,-0.1520740273775214,0.957409191997,1.27383711867796,0,0
3084,-0.1520740273775214,0.955912856071,1.27383711867796,0,0
3085,-0.1520740273775214,0.955554419853,1.27383711867796,0,0
3086,-0.1612905259366002,0.955736653075,1.27383711867796,0,0
3087,-0.1612905259366002,0.956511345931,1.27383711867796,0,0
3088,-0.1520740273775214,0.958464538194,1.27383711867796,0,0
3089,-0.1612905259366002,0.955646869439,1.27383711867796,0,0
3090,-0.1612905259366002,0.958606808645,1.27383711867796,0,0
3091,-0.1612905259366002,0.95973887032,1.27383711867796,0,0
3092,-0.1612905259366002,0.956061958072,1.27383711867796,0,0
3093,-0.1612905259366002,0.953818401316,1.27383711867796,0,0
3094,-0.1520740273775214,0.955972925886,1.27383711867796,0,0
3095,-0.1520740273775214,0.959679649951,1.27383711867796,0,0
3096,-0.1612905259366002,0.959937496412,1.27383711867796,0,0
3097,-0.1428575288184426,0.958650013472,1.27383711867796,0,0
3098,-0.1520740273775214,0.957286133387,1.27383711867796,0,0
3099,-0.1612905259366002,0.958381874803,1.27383711867796,0,0
3100,-0.1520740273775214,0.959660802777,1.27383711867796,0,0
3101,-0.1520740273775214,0.954425562207,1.27383711867796,0,0
3102,-0.1612905259366002,0.958057279296,1.27383711867796,0,0
3103,-0.1520740273775214,0.956208692775,1.27383711867796,0,0
3104,-0.1428575288184426,0.957646600134,1.27383711867796,0,0
3105,-0.1428575288184426,0.955902843164,1.27383711867796,0,0
3106,-0.13364103025936558,0.957901818275,1.27383711867796,0,0
3107,-0.12442453170028678,0.954941699018,1.27383711867796,0,0
3108,-0.12442453170028678,0.958192701997,1.27383711867796,0,0
3109,-0.11520803314120975,0.958563777331,1.27383711867796,0,0
3110,-0.1059906340057637,0.958303033884,1.27383711867796,0,0
3111,-0.1059906340057637,0.959199207442,1.27383711867796,0,0
3112,-0.08755763688760787,0.960530015437,1.27383711867796,0,0
3113,-0.04147514409221742,0.961567668206,1.27383711867796,0,0
3114,-0.06912463976945205,0.961911972819,1.27383711867796,0,0
3115,-0.06912463976945205,0.961016084276,1.27383711867796,0,0
3116,-0.05990814121037502,0.963708659924,1.27383711867796,0,0
3117,-0.05990814121037502,0.964405736509,1.27383711867796,0,0
3118,-0.050691642651298,0.962071211682,1.27383711867796,0,0
3119,-0.050691642651298,0.966231784474,1.27383711867796,0,0
3120,-0.04147514409221742,0.964104711772,1.27383711867796,0,0
3121,-0.032258645533140395,0.963546783119,1.27383711867796,0,0
3122,-0.032258645533140395,0.963749502991,1.27383711867796,0,0
3123,-0.032258645533140395,0.959255254673,1.27383711867796,0,0
3124,-0.013824747838615536,0.961136841003,1.27383711867796,0,0
3125,-0.023042146974061595,0.958723217631,1.27383711867796,0,0
3126,-0.013824747838615536,0.962902574526,1.27383711867796,0,0
3127,-0.004608249279538512,0.961375730424,1.27383711867796,0,0
3128,-0.013824747838615536,0.964497461258,1.27383711867796,0,0
3129,-0.013824747838615536,0.963790524591,1.27383711867796,0,0
3130,-0.004608249279538512,0.962713252702,1.27383711867796,0,0
3131,-0.004608249279538512,0.962877537095,1.27383711867796,0,0
3132,-0.023042146974061595,0.958420371503,1.27383711867796,0,0
3133,-0.023042146974061595,0.963990603816,1.27383711867796,0,0
3134,-0.032258645533140395,0.962405340894,1.27383711867796,0,0
3135,-0.032258645533140395,0.961712490561,1.27383711867796,0,0
3136,-0.04147514409221742,0.95958868673,1.27383711867796,0,0
3137,-0.04147514409221742,0.961052773179,1.27383711867796,0,0
3138,-0.032258645533140395,0.961072751314,1.27383711867796,0,0
3139,-0.050691642651298,0.962707560056,1.27383711867796,0,0
3140,-0.04147514409221742,0.962404837731,1.27383711867796,0,0
3141,-0.05990814121037502,0.95983449273,1.27383711867796,0,0
3142,-0.06912463976945205,0.962147438198,1.27383711867796,0,0
3143,-0.07834113832853085,0.960109840458,1.27383711867796,0,0
3144,-0.05990814121037502,0.959931102077,1.27383711867796,0,0
3145,-0.06912463976945205,0.957533842799,1.27383711867796,0,0
3146,-0.06912463976945205,0.962399529001,1.27383711867796,0,0
3147,-0.07834113832853085,0.961207272496,1.27383711867796,0,0
3148,-0.07834113832853085,0.96135878254,1.27383711867796,0,0
3149,-0.07834113832853085,0.960452282858,1.27383711867796,0,0
3150,-0.07834113832853085,0.961221909749,1.27383711867796,0,0
3151,-0.08755763688760787,0.960423472456,1.27383711867796,0,0
3152,-0.08755763688760787,0.963528267247,1.27383711867796,0,0
3153,-0.08755763688760787,0.962646970089,1.27383711867796,0,0
3154,-0.08755763688760787,0.964119296013,1.27383711867796,0,0
3155,-0.0967741354466849,0.961954997017,1.27383711867796,0,0
3156,-0.0967741354466849,0.958647646942,1.27383711867796,0,0
3157,-0.0967741354466849,0.961761699221,1.27383711867796,0,0
3158,-0.0967741354466849,0.95983895691,1.27383711867796,0,0
3159,-0.1059906340057637,0.960698486776,1.27383711867796,0,0
3160,-0.1059906340057637,0.961257415505,1.27383711867796,0,0
3161,-0.1059906340057637,0.959501026635,1.27383711867796,0,0
3162,-0.1059906340057637,0.956400543496,1.27383711867796,0,0
3163,-0.11520803314120975,0.958329443883,1.27383711867796,0,0
3164,-0.11520803314120975,0.956408822068,1.27383711867796,0,0
3165,-0.11520803314120975,0.959869170368,1.27383711867796,0,0
3166,-0.1059906340057637,0.958776091519,1.27383711867796,0,0
3167,-0.11520803314120975,0.956132042114,1.27383711867796,0,0
3168,-0.11520803314120975,0.955957458074,1.27383711867796,0,0
3169,-0.11520803314120975,0.958391032301,1.27383711867796,0,0
3170,-0.11520803314120975,0.961291180417,1.27383711867796,0,0
3171,-0.11520803314120975,0.960008505001,1.27383711867796,0,0
3172,-0.12442453170028678,0.960739960009,1.27383711867796,0,0
3173,-0.11520803314120975,0.959961311829,1.27383711867796,0,0
3174,-0.11520803314120975,0.964084845546,1.27383711867796,0,0
3175,-0.13364103025936558,0.963867445182,1.27383711867796,0,0
3176,-0.13364103025936558,0.964275754674,1.27383711867796,0,0
3177,-0.12442453170028678,0.963357574258,1.27383711867796,0,0
3178,-0.13364103025936558,0.962701364022,1.27383711867796,0,0
3179,-0.12442453170028678,0.962510173021,1.27383711867796,0,0
3180,-0.13364103025936558,0.964318187159,1.27383711867796,0,0
3181,-0.13364103025936558,0.963394694437,1.27383711867796,0,0
3182,-0.13364103025936558,0.962958986951,1.27383711867796,0,0
3183,-0.13364103025936558,0.967179345612,1.27383711867796,0,0
3184,-0.13364103025936558,0.962304668657,1.27383711867796,0,0
3185,-0.13364103025936558,0.964040005876,1.27383711867796,0,0
3186,-0.13364103025936558,0.962276641677,1.27383711867796,0,0
3187,-0.12442453170028678,0.963721324029,1.27383711867796,0,0
3188,-0.1428575288184426,0.962789406458,1.27383711867796,0,0
3189,-0.13364103025936558,0.966846500631,1.27383711867796,0,0
3190,-0.1428575288184426,0.968945139531,1.27383711867796,0,0
3191,-0.1428575288184426,0.965735580724,1.27383711867796,0,0
3192,-0.1428575288184426,0.970514661149,1.27383711867796,0,0
3193,-0.1428575288184426,0.965411958618,1.27383711867796,0,0
3194,-0.13364103025936558,0.968302999372,1.27383711867796,0,0
3195,-0.1428575288184426,0.963535041103,1.27383711867796,0,0
3196,-0.1520740273775214,0.963749990184,1.27383711867796,0,0
3197,-0.1428575288184426,0.962035215262,1.27383711867796,0,0
3198,-0.1428575288184426,0.963499905758,1.27383711867796,0,0
3199,-0.1428575288184426,0.961657174972,1.27383711867796,0,0
3200,-0.1428575288184426,0.962918429645,1.27383711867796,0,0
3201,-0.1428575288184426,0.961206628116,1.27383711867796,0,0
3202,-0.1428575288184426,0.964338430889,1.27383711867796,0,0
3203,-0.1428575288184426,0.964100742248,1.27383711867796,0,0
3204,-0.1520740273775214,0.961252386972,1.27383711867796,0,0
3205,-0.1428575288184426,0.958654604726,1.27383711867796,0,0
3206,-0.1520740273775214,0.961662377047,1.27383711867796,0,0
3207,-0.1428575288184426,0.963224840784,1.27383711867796,0,0
3208,-0.1520740273775214,0.95875596644,1.27383711867796,0,0
3209,-0.18894002161383305,0.958996859551,1.27383711867796,0,0
3210,-0.1520740273775214,0.959393178672,1.27383711867796,0,0
3211,-0.1428575288184426,0.960633343571,1.27383711867796,0,0
3212,-0.1520740273775214,0.960298475642,1.27383711867796,0,0
3213,-0.1428575288184426,0.961300491254,1.27383711867796,0,0
3214,-0.1520740273775214,0.962740445416,1.27383711867796,0,0
3215,-0.1520740273775214,0.961419306327,1.27383711867796,0,0
3216,-0.1428575288184426,0.961027247871,1.27383711867796,0,0
3217,-0.1520740273775214,0.958626707383,1.27383711867796,0,0
3218,-0.1520740273775214,0.959817239976,1.27383711867796,0,0
3219,-0.1520740273775214,0.96284820661,1.27383711867796,0,0
3220,-0.1520740273775214,0.960602522424,1.27383711867796,0,0
3221,-0.1612905259366002,0.956390197269,1.27383711867796,0,0
3222,-0.1520740273775214,0.955875884568,1.27383711867796,0,0
3223,-0.1520740273775214,0.958426670141,1.27383711867796,0,0
3224,-0.1428575288184426,0.960504808063,1.27383711867796,0,0
3225,-0.1612905259366002,0.957536645124,1.27383711867796,0,0
3226,-0.1612905259366002,0.957948895711,1.27383711867796,0,0
3227,-0.1520740273775214,0.961681210271,1.27383711867796,0,0
3228,-0.1520740273775214,0.960085845243,1.27383711867796,0,0
3229,-0.21659041786743494,0.954978093924,1.27383711867796,0,0
3230,-0.1520740273775214,0.957532797894,1.27383711867796,0,0
3231,-0.1520740273775214,0.956533755867,1.27383711867796,0,0
3232,-0.1520740273775214,0.956057059034,1.27383711867796,0,0
3233,-0.1520740273775214,0.957097673077,1.27383711867796,0,0
3234,-0.1612905259366002,0.955331165051,1.27383711867796,0,0
3235,-0.1612905259366002,0.956277300793,1.27383711867796,0,0
3236,-0.1520740273775214,0.957697268757,1.27383711867796,0,0
3237,-0.1520740273775214,0.958404356641,1.27383711867796,0,0
3238,-0.1520740273775214,0.95858116562,1.27383711867796,0,0
3239,-0.1612905259366002,0.959321338038,1.27383711867796,0,0
3240,-0.1520740273775214,0.954379746268,1.27383711867796,0,0
3241,-0.1612905259366002,0.95397885036,1.27383711867796,0,0
3242,-0.1612905259366002,0.955437348143,1.27383711867796,0,0
3243,-0.1428575288184426,0.95944128637,1.27383711867796,0,0
3244,-0.1612905259366002,0.957346804685,1.27383711867796,0,0
3245,-0.1428575288184426,0.955653627389,1.27383711867796,0,0
3246,-0.1520740273775214,0.956944290976,1.27383711867796,0,0
3247,-0.1520740273775214,0.961480213277,1.27383711867796,0,0
3248,-0.17050702449567723,0.958125870084,1.27383711867796,0,0
3249,-0.1612905259366002,0.957415075269,1.27383711867796,0,0
3250,-0.1612905259366002,0.95526821958,1.27383711867796,0,0
3251,-0.11520803314120975,0.957270188083,1.27383711867796,0,0
3252,-0.1612905259366002,0.954213056925,1.27383711867796,0,0
3253,-0.1520740273775214,0.956377780969,1.27383711867796,0,0
3254,-0.1428575288184426,0.954992867846,1.27383711867796,0,0
3255,-0.1981574207492791,0.95484100028,1.27383711867796,0,0
3256,-0.13364103025936558,0.955789724014,1.27383711867796,0,0
3257,-0.12442453170028678,0.954384557463,1.27383711867796,0,0
3258,-0.11520803314120975,0.961288494775,1.27383711867796,0,0
3259,-0.0967741354466849,0.957238766851,1.27383711867796,0,0
3260,-0.0967741354466849,0.959176616933,1.27383711867796,0,0
3261,-0.0967741354466849,0.961190245582,1.27383711867796,0,0
3262,-0.06912463976945205,0.96249063455,1.27383711867796,0,0
3263,-0.06912463976945205,0.962737339533,1.27383711867796,0,0
3264,-0.06912463976945205,0.964287317387,1.27383711867796,0,0
3265,-0.05990814121037502,0.961393271104,1.27383711867796,0,0
3266,-0.050691642651298,0.963231249428,1.27383711867796,0,0
3267,-0.050691642651298,0.963864502676,1.27383711867796,0,0
3268,-0.050691642651298,0.963360564528,1.27383711867796,0,0
3269,-0.04147514409221742,0.963633363922,1.27383711867796,0,0
3270,-0.050691642651298,0.961858601596,1.27383711867796,0,0
3271,-0.032258645533140395,0.966164008279,1.27383711867796,0,0
3272,-0.032258645533140395,0.963119373936,1.27383711867796,0,0
3273,-0.023042146974061595,0.964311949584,1.27383711867796,0,0
3274,-0.023042146974061595,0.958668380436,1.27383711867796,0,0
3275,-0.013824747838615536,0.96289154176,1.27383711867796,0,0
3276,-0.013824747838615536,0.959229867058,1.27383711867796,0,0
3277,-0.004608249279538512,0.961618374924,1.27383711867796,0,0
3278,-0.004608249279538512,0.968090497805,1.27383711867796,0,0
3279,-0.004608249279538512,0.963538734574,1.27383711867796,0,0
3280,-0.004608249279538512,0.963171195018,1.27383711867796,0,0
3281,-0.013824747838615536,0.961120567692,1.27383711867796,0,0
3282,-0.023042146974061595,0.957513089231,1.27383711867796,0,0
3283,-0.023042146974061595,0.961115458235,1.27383711867796,0,0
3284,-0.023042146974061595,0.963255091151,1.27383711867796,0,0
3285,-0.032258645533140395,0.962618911798,1.27383711867796,0,0
3286,-0.032258645533140395,0.963525741242,1.27383711867796,0,0
3287,-0.050691642651298,0.955968206179,1.27383711867796,0,0
3288,-0.050691642651298,0.969997142365,1.27383711867796,0,0
3289,-0.050691642651298,0.958783910988,1.27383711867796,0,0
3290,-0.05990814121037502,0.961553902125,1.27383711867796,0,0
3291,-0.050691642651298,0.960843218574,1.27383711867796,0,0
3292,-0.05990814121037502,0.962644621963,1.27383711867796,0,0
3293,-0.05990814121037502,0.962254798935,1.27383711867796,0,0
3294,-0.06912463976945205,0.963679034567,1.27383711867796,0,0
3295,-0.07834113832853085,0.963775148464,1.27383711867796,0,0
3296,-0.07834113832853085,0.961145317594,1.27383711867796,0,0
3297,-0.08755763688760787,0.962725060761,1.27383711867796,0,0
3298,-0.08755763688760787,0.961949650731,1.27383711867796,0,0
3299,-0.08755763688760787,0.960432710631,1.27383711867796,0,0
3300,-0.08755763688760787,0.958809362775,1.27383711867796,0,0
3301,-0.08755763688760787,0.964844263113,1.27383711867796,0,0
3302,-0.08755763688760787,0.9594431953,1.27383711867796,0,0
3303,-0.08755763688760787,0.964838916973,1.27383711867796,0,0
3304,-0.0967741354466849,0.962780178045,1.27383711867796,0,0
3305,-0.0967741354466849,0.964520907715,1.27383711867796,0,0
3306,-0.1059906340057637,0.962498403268,1.27383711867796,0,0
3307,-0.08755763688760787,0.960919213575,1.27383711867796,0,0
3308,-0.1059906340057637,0.963096072014,1.27383711867796,0,0
3309,-0.1059906340057637,0.959859314994,1.27383711867796,0,0
3310,-0.1059906340057637,0.959353771834,1.27383711867796,0,0
3311,-0.1059906340057637,0.961439090284,1.27383711867796,0,0
3312,-0.1059906340057637,0.961631956327,1.27383711867796,0,0
3313,-0.1059906340057637,0.958805908043,1.27383711867796,0,0
3314,-0.11520803314120975,0.959631907271,1.27383711867796,0,0
3315,-0.1059906340057637,0.95704115141,1.27383711867796,0,0
3316,-0.17050702449567723,0.958198113754,1.27383711867796,0,0
3317,-0.11520803314120975,0.955596175406,1.27383711867796,0,0
3318,-0.11520803314120975,0.958880806637,1.27383711867796,0,0
3319,-0.12442453170028678,0.957715546954,1.27383711867796,0,0
3320,-0.12442453170028678,0.959686086985,1.27383711867796,0,0
3321,-0.12442453170028678,0.961741277492,1.27383711867796,0,0
3322,-0.11520803314120975,0.960834292298,1.27383711867796,0,0
3323,-0.12442453170028678,0.960766952684,1.27383711867796,0,0
3324,-0.11520803314120975,0.961542649733,1.27383711867796,0,0
3325,-0.21659041786743494,0.961136555181,1.27383711867796,0,0
3326,-0.13364103025936558,0.966153723622,1.27383711867796,0,0
3327,-0.13364103025936558,0.963273620569,1.27383711867796,0,0
3328,-0.12442453170028678,0.96594637764,1.27383711867796,0,0
3329,-0.1059906340057637,0.961750185157,1.27383711867796,0,0
3330,-0.13364103025936558,0.965839592064,1.27383711867796,0,0
3331,-0.13364103025936558,0.966814736697,1.27383711867796,0,0
3332,-0.13364103025936558,0.967983646584,1.27383711867796,0,0
3333,-0.13364103025936558,0.967339854285,1.27383711867796,0,0
3334,-0.12442453170028678,0.966903038846,1.27383711867796,0,0
3335,-0.13364103025936558,0.967117367443,1.27383711867796,0,0
3336,-0.1428575288184426,0.966611221971,1.27383711867796,0,0
3337,-0.13364103025936558,0.965434689555,1.27383711867796,0,0
3338,-0.13364103025936558,0.96341676596,1.27383711867796,0,0
3339,-0.1428575288184426,0.966402379845,1.27383711867796,0,0
3340,-0.13364103025936558,0.962917960882,1.27383711867796,0,0
3341,-0.1428575288184426,0.968215735073,1.27383711867796,0,0
3342,-0.1428575288184426,0.965414851592,1.27383711867796,0,0
3343,-0.11520803314120975,0.966016399387,1.27383711867796,0,0
3344,-0.1428575288184426,0.965018093171,1.27383711867796,0,0
3345,-0.1520740273775214,0.967208054768,1.27383711867796,0,0
3346,-0.13364103025936558,0.965423183815,1.27383711867796,0,0
3347,-0.13364103025936558,0.963673550665,1.27383711867796,0,0
3348,-0.1428575288184426,0.963644162688,1.27383711867796,0,0
3349,-0.1428575288184426,0.961556141671,1.27383711867796,0,0
3350,-0.1520740273775214,0.962701995262,1.27383711867796,0,0
3351,-0.1428575288184426,0.9595639731,1.27383711867796,0,0
3352,-0.1428575288184426,0.961898928436,1.27383711867796,0,0
3353,-0.1428575288184426,0.959635604591,1.27383711867796,0,0
3354,-0.1428575288184426,0.964908876009,1.27383711867796,0,0
3355,-0.1520740273775214,0.962048122263,1.27383711867796,0,0
3356,-0.1428575288184426,0.967515281505,1.27383711867796,0,0
3357,-0.1428575288184426,0.961806230949,1.27383711867796,0,0
3358,-0.1428575288184426,0.961704354045,1.27383711867796,0,0
3359,-0.1520740273775214,0.962551106674,1.27383711867796,0,0
3360,-0.1428575288184426,0.958990484276,1.27383711867796,0,0
3361,-0.13364103025936558,0.962403245799,1.27383711867796,0,0
3362,-0.1520740273775214,0.962759518498,1.27383711867796,0,0
3363,-0.1428575288184426,0.96348287788,1.27383711867796,0,0
3364,-0.1428575288184426,0.959671214851,1.27383711867796,0,0
3365,-0.1520740273775214,0.967869271524,1.27383711867796,0,0
3366,-0.1520740273775214,0.958213073353,1.27383711867796,0,0
3367,-0.1428575288184426,0.963662395854,1.27383711867796,0,0
3368,-0.1520740273775214,0.963626817502,1.27383711867796,0,0
3369,-0.1520740273775214,0.958688732383,1.27383711867796,0,0
3370,-0.1428575288184426,0.961028605839,1.27383711867796,0,0
3371,-0.1520740273775214,0.96049011221,1.27383711867796,0,0
3372,-0.1520740273775214,0.959092164356,1.27383711867796,0,0
3373,-0.1612905259366002,0.961536697396,1.27383711867796,0,0
3374,-0.1612905259366002,0.961383175147,1.27383711867796,0,0
3375,-0.1612905259366002,0.957712340533,1.27383711867796,0,0
3376,-0.21659041786743494,0.96208927554,1.27383711867796,0,0
3377,-0.1428575288184426,0.959284678887,1.27383711867796,0,0
3378,-0.1520740273775214,0.963490518495,1.27383711867796,0,0
3379,-0.1520740273775214,0.954639117604,1.27383711867796,0,0
3380,-0.1612905259366002,0.957963818301,1.27383711867796,0,0
3381,-0.1520740273775214,0.958716505224,1.27383711867796,0,0
3382,-0.1520740273775214,0.961614040159,1.27383711867796,0,0
3383,-0.1612905259366002,0.955991065124,1.27383711867796,0,0
3384,-0.1612905259366002,0.958030391508,1.27383711867796,0,0
3385,-0.1520740273775214,0.95598881823,1.27383711867796,0,0
3386,-0.1612905259366002,0.958848042356,1.27383711867796,0,0
3387,-0.1520740273775214,0.957210222803,1.27383711867796,0,0
3388,-0.1612905259366002,0.959214089546,1.27383711867796,0,0
3389,-0.1520740273775214,0.956525673765,1.27383711867796,0,0
3390,-0.1612905259366002,0.957265002023,1.27383711867796,0,0
3391,-0.1520740273775214,0.959240672562,1.27383711867796,0,0
3392,-0.1520740273775214,0.959117781899,1.27383711867796,0,0
3393,-0.1520740273775214,0.958181876326,1.27383711867796,0,0
3394,-0.1612905259366002,0.956455293434,1.27383711867796,0,0
3395,-0.1612905259366002,0.958376113394,1.27383711867796,0,0
3396,-0.17050702449567723,0.956506365209,1.27383711867796,0,0
3397,-0.1520740273775214,0.955496406965,1.27383711867796,0,0
3398,-0.1612905259366002,0.954814131071,1.27383711867796,0,0
3399,-0.1520740273775214,0.956575602454,1.27383711867796,0,0
3400,-0.1612905259366002,0.95610706017,1.27383711867796,0,0
3401,-0.1612905259366002,0.954547700577,1.27383711867796,0,0
3402,-0.1612905259366002,0.954923270756,1.27383711867796,0,0
3403,-0.1612905259366002,0.956146686114,1.27383711867796,0,0
3404,-0.1520740273775214,0.956604125578,1.27383711867796,0,0
3405,-0.1612905259366002,0.958774829335,1.27383711867796,0,0
3406,-0.1612905259366002,0.955750961335,1.27383711867796,0,0
3407,-0.1612905259366002,0.953032396613,1.27383711867796,0,0
3408,-0.1612905259366002,0.955558028804,1.27383711867796,0,0
3409,-0.1612905259366002,0.955623300898,1.27383711867796,0,0
3410,-0.1612905259366002,0.956759134873,1.27383711867796,0,0
3411,-0.1612905259366002,0.954243880166,1.27383711867796,0,0
3412,-0.1612905259366002,0.956010431017,1.27383711867796,0,0
3413,-0.1612905259366002,0.955821829263,1.27383711867796,0,0
3414,-0.1612905259366002,0.959128051414,1.27383711867796,0,0
3415,-0.1612905259366002,0.956757301406,1.27383711867796,0,0
3416,-0.1612905259366002,0.957152786944,1.27383711867796,0,0
3417,-0.1612905259366002,0.954032997401,1.27383711867796,0,0
3418,-0.1612905259366002,0.956731163824,1.27383711867796,0,0
3419,-0.1612905259366002,0.956093117831,1.27383711867796,0,0
3420,-0.1612905259366002,0.954935341289,1.27383711867796,0,0
3421,-0.1612905259366002,0.955191291259,1.27383711867796,0,0
3422,-0.1612905259366002,0.958629186065,1.27383711867796,0,0
3423,-0.17050702449567723,0.955203847924,1.27383711867796,0,0
3424,-0.17050702449567723,0.956533842657,1.27383711867796,0,0
3425,-0.1520740273775214,0.957672256029,1.27383711867796,0,0
3426,-0.1520740273775214,0.956528965646,1.27383711867796,0,0
3427,-0.18894002161383305,0.953561854524,1.27383711867796,0,0
3428,-0.12442453170028678,0.955111437493,1.27383711867796,0,0
3429,-0.11520803314120975,0.95607676397,1.27383711867796,0,0
3430,-0.11520803314120975,0.958741602033,1.27383711867796,0,0
3431,-0.0967741354466849,0.957028232377,1.27383711867796,0,0
3432,-0.08755763688760787,0.960458467417,1.27383711867796,0,0
3433,-0.08755763688760787,0.962213182663,1.27383711867796,0,0
3434,-0.07834113832853085,0.958647447483,1.27383711867796,0,0
3435,-0.07834113832853085,0.96344470146,1.27383711867796,0,0
3436,-0.06912463976945205,0.959367150532,1.27383711867796,0,0
3437,-0.05990814121037502,0.96182687155,1.27383711867796,0,0
3438,-0.05990814121037502,0.960470201719,1.27383711867796,0,0
3439,-0.05990814121037502,0.960617748171,1.27383711867796,0,0
3440,-0.050691642651298,0.9601606221,1.27383711867796,0,0
3441,-0.04147514409221742,0.96265557178,1.27383711867796,0,0
3442,-0.032258645533140395,0.958665498241,1.27383711867796,0,0
3443,-0.032258645533140395,0.961082229698,1.27383711867796,0,0
3444,-0.023042146974061595,0.961017701233,1.27383711867796,0,0
3445,-0.023042146974061595,0.961694688706,1.27383711867796,0,0
3446,0.004608249279538512,0.960186928014,1.27383711867796,0,0
3447,-0.013824747838615536,0.960589249363,1.27383711867796,0,0
3448,-0.013824747838615536,0.960941517119,1.27383711867796,0,0
3449,-0.004608249279538512,0.963501917908,1.27383711867796,0,0
3450,0.004608249279538512,0.967421909678,1.27383711867796,0,0
3451,-0.004608249279538512,0.963240459998,1.27383711867796,0,0
3452,-0.004608249279538512,0.962143542879,1.27383711867796,0,0
3453,-0.004608249279538512,0.959414174922,1.27383711867796,0,0
3454,-0.013824747838615536,0.960504369914,1.27383711867796,0,0
3455,-0.023042146974061595,0.95978465474,1.27383711867796,0,0
3456,-0.023042146974061595,0.961564526616,1.27383711867796,0,0
3457,-0.032258645533140395,0.962070615986,1.27383711867796,0,0
3458,-0.032258645533140395,0.962828737503,1.27383711867796,0,0
3459,-0.04147514409221742,0.962072001004,1.27383711867796,0,0
3460,-0.050691642651298,0.959881858687,1.27383711867796,0,0
3461,-0.050691642651298,0.960873774561,1.27383711867796,0,0
3462,-0.05990814121037502,0.959138778616,1.27383711867796,0,0
3463,-0.06912463976945205,0.961577436999,1.27383711867796,0,0
3464,-0.05990814121037502,0.958465851128,1.27383711867796,0,0
3465,-0.05990814121037502,0.961557098601,1.27383711867796,0,0
3466,-0.07834113832853085,0.960001160789,1.27383711867796,0,0
3467,-0.06912463976945205,0.960335171652,1.27383711867796,0,0
3468,-0.07834113832853085,0.961118768463,1.27383711867796,0,0
3469,-0.08755763688760787,0.960272017439,1.27383711867796,0,0
3470,-0.08755763688760787,0.96016061146,1.27383711867796,0,0
3471,-0.07834113832853085,0.958257207627,1.27383711867796,0,0
3472,-0.08755763688760787,0.958397935171,1.27383711867796,0,0
3473,-0.08755763688760787,0.961417975476,1.27383711867796,0,0
3474,-0.08755763688760787,0.959157340583,1.27383711867796,0,0
3475,-0.08755763688760787,0.962823244565,1.27383711867796,0,0
3476,-0.08755763688760787,0.963771002554,1.27383711867796,0,0
3477,-0.1059906340057637,0.96111693111,1.27383711867796,0,0
3478,-0.1059906340057637,0.961372274895,1.27383711867796,0,0
3479,-0.0967741354466849,0.960665127217,1.27383711867796,0,0
3480,-0.1059906340057637,0.961410211639,1.27383711867796,0,0
3481,-0.0967741354466849,0.961398242855,1.27383711867796,0,0
3482,-0.1059906340057637,0.958385687207,1.27383711867796,0,0
3483,-0.1059906340057637,0.963591737982,1.27383711867796,0,0
3484,-0.11520803314120975,0.958403577777,1.27383711867796,0,0
3485,-0.11520803314120975,0.957720569511,1.27383711867796,0,0
3486,-0.11520803314120975,0.957826373705,1.27383711867796,0,0
3487,-0.11520803314120975,0.953773906752,1.27383711867796,0,0
3488,-0.11520803314120975,0.958616144424,1.27383711867796,0,0
3489,-0.11520803314120975,0.954988180518,1.27383711867796,0,0
3490,-0.11520803314120975,0.958129935345,1.27383711867796,0,0
3491,-0.12442453170028678,0.9603557035,1.27383711867796,0,0
3492,-0.12442453170028678,0.95919486047,1.27383711867796,0,0
3493,-0.12442453170028678,0.958412321976,1.27383711867796,0,0
3494,-0.1981574207492791,0.959130027783,1.27383711867796,0,0
3495,-0.12442453170028678,0.96223965413,1.27383711867796,0,0
3496,-0.12442453170028678,0.960451677991,1.27383711867796,0,0
3497,-0.12442453170028678,0.960795332807,1.27383711867796,0,0
3498,-0.12442453170028678,0.960360085832,1.27383711867796,0,0
3499,-0.13364103025936558,0.962748501196,1.27383711867796,0,0
3500,-0.13364103025936558,0.965503570045,1.27383711867796,0,0
3501,-0.13364103025936558,0.964141854589,1.27383711867796,0,0
3502,-0.13364103025936558,0.964458349302,1.27383711867796,0,0
3503,-0.13364103025936558,0.966062019864,1.27383711867796,0,0
3504,-0.13364103025936558,0.967381084689,1.27383711867796,0,0
3505,-0.1428575288184426,0.966745951648,1.27383711867796,0,0
3506,-0.13364103025936558,0.964550723892,1.27383711867796,0,0
3507,-0.1428575288184426,0.962462905219,1.27383711867796,0,0
3508,-0.13364103025936558,0.964444045427,1.27383711867796,0,0
3509,-0.1428575288184426,0.964430785459,1.27383711867796,0,0
3510,-0.1428575288184426,0.967802141213,1.27383711867796,0,0
3511,-0.1428575288184426,0.965321222884,1.27383711867796,0,0
3512,-0.1428575288184426,0.965910827203,1.27383711867796,0,0
3513,-0.13364103025936558,0.963809122126,1.27383711867796,0,0
3514,-0.13364103025936558,0.965749879552,1.27383711867796,0,0
3515,-0.1428575288184426,0.967721518121,1.27383711867796,0,0
3516,-0.1428575288184426,0.965730436648,1.27383711867796,0,0
3517,-0.1428575288184426,0.968327303543,1.27383711867796,0,0
3518,-0.1428575288184426,0.96426495567,1.27383711867796,0,0
3519,-0.1428575288184426,0.967995388495,1.27383711867796,0,0
3520,-0.1428575288184426,0.961844327232,1.27383711867796,0,0
3521,-0.1428575288184426,0.961858509009,1.27383711867796,0,0
3522,-0.1428575288184426,0.962930595852,1.27383711867796,0,0
3523,-0.1520740273775214,0.967259777082,1.27383711867796,0,0
3524,-0.1520740273775214,0.957859336808,1.27383711867796,0,0
3525,-0.1428575288184426,0.964311671628,1.27383711867796,0,0
3526,-0.1428575288184426,0.960693381373,1.27383711867796,0,0
3527,-0.1520740273775214,0.960919588038,1.27383711867796,0,0
3528,-0.1428575288184426,0.962670556109,1.27383711867796,0,0
3529,-0.1520740273775214,0.960928670685,1.27383711867796,0,0
3530,-0.1428575288184426,0.959941695293,1.27383711867796,0,0
3531,-0.1428575288184426,0.95982050213,1.27383711867796,0,0
3532,-0.1428575288184426,0.965807343324,1.27383711867796,0,0
3533,-0.1428575288184426,0.960244031435,1.27383711867796,0,0
3534,-0.1428575288184426,0.966468313398,1.27383711867796,0,0
3535,-0.1520740273775214,0.96040303991,1.27383711867796,0,0
3536,-0.1428575288184426,0.963155617107,1.27383711867796,0,0
3537,-0.1520740273775214,0.961394492072,1.27383711867796,0,0
3538,-0.1520740273775214,0.95953359556,1.27383711867796,0,0
3539,-0.1612905259366002,0.956688421331,1.27383711867796,0,0
3540,-0.1612905259366002,0.962503932729,1.27383711867796,0,0
3541,-0.1612905259366002,0.960327132935,1.27383711867796,0,0
3542,-0.1520740273775214,0.959855342927,1.27383711867796,0,0
3543,-0.1612905259366002,0.963293055769,1.27383711867796,0,0
3544,-0.1520740273775214,0.959659005841,1.27383711867796,0,0
3545,-0.1612905259366002,0.960817794595,1.27383711867796,0,0
3546,-0.1520740273775214,0.95757871879,1.27383711867796,0,0
3547,-0.1612905259366002,0.956733273558,1.27383711867796,0,0
3548,-0.1520740273775214,0.957492174439,1.27383711867796,0,0
3549,-0.1612905259366002,0.956273312727,1.27383711867796,0,0
3550,-0.20737391930835614,0.959496394973,1.27383711867796,0,0
3551,-0.1520740273775214,0.958783651987,1.27383711867796,0,0
3552,-0.1520740273775214,0.955128096248,1.27383711867796,0,0
3553,-0.1428575288184426,0.956774739591,1.27383711867796,0,0
3554,-0.1520740273775214,0.95815707011,1.27383711867796,0,0
3555,-0.1520740273775214,0.958766224748,1.27383711867796,0,0
3556,-0.1520740273775214,0.957340011749,1.27383711867796,0,0
3557,-0.1520740273775214,0.957251480533,1.27383711867796,0,0
3558,-0.1520740273775214,0.960688195199,1.27383711867796,0,0
3559,-0.1520740273775214,0.958352094969,1.27383711867796,0,0
3560,-0.1520740273775214,0.958023910537,1.27383711867796,0,0
3561,-0.1520740273775214,0.957854413642,1.27383711867796,0,0
3562,-0.1612905259366002,0.955235450372,1.27383711867796,0,0
3563,-0.1520740273775214,0.956890912693,1.27383711867796,0,0
3564,-0.1612905259366002,0.955393283575,1.27383711867796,0,0
3565,-0.1612905259366002,0.953699823485,1.27383711867796,0,0
3566,-0.1520740273775214,0.956259064502,1.27383711867796,0,0
3567,-0.1612905259366002,0.95436318036,1.27383711867796,0,0
3568,-0.1520740273775214,0.956236558807,1.27383711867796,0,0
3569,-0.1520740273775214,0.955831793952,1.27383711867796,0,0
3570,-0.1612905259366002,0.95488303277,1.27383711867796,0,0
3571,-0.1520740273775214,0.953291713573,1.27383711867796,0,0
3572,-0.1428575288184426,0.955039794716,1.27383711867796,0,0
3573,-0.12442453170028678,0.955996894869,1.27383711867796,0,0
3574,-0.06912463976945205,0.959801065536,1.27383711867796,0,0
3575,-0.11520803314120975,0.958847611598,1.27383711867796,0,0
3576,-0.11520803314120975,0.958668183463,1.27383711867796,0,0
3577,-0.0967741354466849,0.962035262494,1.27383711867796,0,0
3578,-0.0967741354466849,0.965116157305,1.27383711867796,0,0
3579,-0.07834113832853085,0.961352195585,1.27383711867796,0,0
3580,-0.0967741354466849,0.958669651588,1.27383711867796,0,0
3581,-0.06912463976945205,0.963769429395,1.27383711867796,0,0
3582,-0.06912463976945205,0.961427808753,1.27383711867796,0,0
3583,-0.06912463976945205,0.963640560413,1.27383711867796,0,0
3584,-0.05990814121037502,0.960918343812,1.27383711867796,0,0
3585,-0.050691642651298,0.962112974879,1.27383711867796,0,0
3586,-0.050691642651298,0.964180451974,1.27383711867796,0,0
3587,-0.050691642651298,0.962560742658,1.27383711867796,0,0
3588,-0.032258645533140395,0.964111798976,1.27383711867796,0,0
3589,-0.032258645533140395,0.963517318471,1.27383711867796,0,0
3590,-0.023042146974061595,0.965096576628,1.27383711867796,0,0
3591,-0.023042146974061595,0.963238521668,1.27383711867796,0,0
3592,-0.023042146974061595,0.962871163543,1.27383711867796,0,0
3593,-0.004608249279538512,0.963517514047,1.27383711867796,0,0
3594,-0.004608249279538512,0.964087029705,1.27383711867796,0,0
3595,-0.004608249279538512,0.960951515553,1.27383711867796,0,0
3596,-0.004608249279538512,0.966350974632,1.27383711867796,0,0
3597,-0.013824747838615536,0.962563714023,1.27383711867796,0,0
3598,-0.013824747838615536,0.964540917144,1.27383711867796,0,0
3599,-0.013824747838615536,0.962607375935,1.27383711867796,0,0
3600,-0.023042146974061595,0.963661855924,1.27383711867796,0,0
3601,-0.023042146974061595,0.962811274378,1.27383711867796,0,0
3602,-0.032258645533140395,0.960549257033,1.27383711867796,0,0
3603,-0.032258645533140395,0.960954203105,1.27383711867796,0,0
3604,-0.04147514409221742,0.958655383441,1.27383711867796,0,0
3605,-0.04147514409221742,0.960929650408,1.27383711867796,0,0
3606,-0.050691642651298,0.959073534018,1.27383711867796,0,0
3607,-0.050691642651298,0.96180912097,1.27383711867796,0,0
3608,-0.05990814121037502,0.958869177861,1.27383711867796,0,0
3609,-0.05990814121037502,0.960764306559,1.27383711867796,0,0
3610,-0.06912463976945205,0.958206900438,1.27383711867796,0,0
3611,-0.06912463976945205,0.958261528276,1.27383711867796,0,0
3612,-0.06912463976945205,0.957338819913,1.27383711867796,0,0
3613,-0.07834113832853085,0.961474469946,1.27383711867796,0,0
3614,-0.08755763688760787,0.9609220561,1.27383711867796,0,0
3615,-0.08755763688760787,0.960997330396,1.27383711867796,0,0
3616,-0.08755763688760787,0.960597887568,1.27383711867796,0,0
3617,-0.08755763688760787,0.957827917253,1.27383711867796,0,0
3618,-0.0967741354466849,0.96408936352,1.27383711867796,0,0
3619,-0.050691642651298,0.964476132587,1.27383711867796,0,0
3620,-0.08755763688760787,0.966604736552,1.27383711867796,0,0
3621,-0.0967741354466849,0.962587365946,1.27383711867796,0,0
3622,-0.0967741354466849,0.961361202655,1.27383711867796,0,0
3623,-0.0967741354466849,0.962490357647,1.27383711867796,0,0
3624,-0.1059906340057637,0.962699106072,1.27383711867796,0,0
3625,-0.1059906340057637,0.956040912632,1.27383711867796,0,0
3626,-0.1059906340057637,0.962003502981,1.27383711867796,0,0
3627,-0.1059906340057637,0.963063712183,1.27383711867796,0,0
3628,-0.1059906340057637,0.960456285635,1.27383711867796,0,0
3629,-0.1059906340057637,0.958062434561,1.27383711867796,0,0
3630,-0.11520803314120975,0.959260350079,1.27383711867796,0,0
3631,-0.1059906340057637,0.961028371654,1.27383711867796,0,0
3632,-0.11520803314120975,0.956696284917,1.27383711867796,0,0
3633,-0.11520803314120975,0.958255702165,1.27383711867796,0,0
3634,-0.11520803314120975,0.960904613537,1.27383711867796,0,0
3635,-0.11520803314120975,0.960752868452,1.27383711867796,0,0
3636,-0.11520803314120975,0.963538446463,1.27383711867796,0,0
3637,-0.12442453170028678,0.959416888835,1.27383711867796,0,0
3638,-0.12442453170028678,0.960126103622,1.27383711867796,0,0
3639,-0.13364103025936558,0.957534442687,1.27383711867796,0,0
3640,-0.11520803314120975,0.958985094406,1.27383711867796,0,0
3641,-0.12442453170028678,0.960850730919,1.27383711867796,0,0
3642,-0.12442453170028678,0.960045214864,1.27383711867796,0,0
3643,-0.12442453170028678,0.959907874068,1.27383711867796,0,0
3644,-0.1981574207492791,0.960818783594,1.27383711867796,0,0
3645,-0.12442453170028678,0.964060756447,1.27383711867796,0,0
3646,-0.12442453170028678,0.961473739579,1.27383711867796,0,0
3647,-0.13364103025936558,0.963666162453,1.27383711867796,0,0
3648,-0.11520803314120975,0.962347498342,1.27383711867796,0,0
3649,-0.12442453170028678,0.96711683375,1.27383711867796,0,0
3650,-0.0967741354466849,0.96636635136,1.27383711867796,0,0
3651,-0.13364103025936558,0.968555986747,1.27383711867796,0,0
3652,-0.13364103025936558,0.964655842915,1.27383711867796,0,0
3653,-0.13364103025936558,0.969515352409,1.27383711867796,0,0
3654,-0.13364103025936558,0.966509409388,1.27383711867796,0,0
3655,-0.13364103025936558,0.966127221314,1.27383711867796,0,0
3656,-0.13364103025936558,0.964451482127,1.27383711867796,0,0
3657,-0.13364103025936558,0.967021683013,1.27383711867796,0,0
3658,-0.13364103025936558,0.964170082217,1.27383711867796,0,0
3659,-0.13364103025936558,0.963253432126,1.27383711867796,0,0
3660,-0.13364103025936558,0.96702009256,1.27383711867796,0,0
3661,-0.13364103025936558,0.961776015699,1.27383711867796,0,0
3662,-0.1428575288184426,0.965906187234,1.27383711867796,0,0
3663,-0.1520740273775214,0.964208242842,1.27383711867796,0,0
3664,-0.1428575288184426,0.961049021854,1.27383711867796,0,0
3665,-0.1428575288184426,0.961798446699,1.27383711867796,0,0
3666,-0.1428575288184426,0.961249909189,1.27383711867796,0,0
3667,-0.1428575288184426,0.964444769398,1.27383711867796,0,0
3668,-0.1428575288184426,0.966339020663,1.27383711867796,0,0
3669,-0.1428575288184426,0.965140666143,1.27383711867796,0,0
3670,-0.1520740273775214,0.961695312142,1.27383711867796,0,0
3671,-0.1428575288184426,0.962466946017,1.27383711867796,0,0
3672,-0.1428575288184426,0.963449453512,1.27383711867796,0,0
3673,-0.1520740273775214,0.963768700582,1.27383711867796,0,0
3674,-0.1520740273775214,0.959134736523,1.27383711867796,0,0
3675,-0.1520740273775214,0.963305773959,1.27383711867796,0,0
3676,-0.1520740273775214,0.963521578302,1.27383711867796,0,0
3677,-0.1520740273775214,0.963181542798,1.27383711867796,0,0
3678,-0.21659041786743494,0.960013960545,1.27383711867796,0,0
3679,-0.12442453170028678,0.960501519482,1.27383711867796,0,0
3680,-0.1520740273775214,0.957844494843,1.27383711867796,0,0
3681,-0.1612905259366002,0.965310476647,1.27383711867796,0,0
3682,-0.1520740273775214,0.961092365162,1.27383711867796,0,0
3683,-0.1520740273775214,0.961024033839,1.27383711867796,0,0
3684,-0.1520740273775214,0.959622723075,1.27383711867796,0,0
3685,-0.1520740273775214,0.960548647439,1.27383711867796,0,0
3686,-0.1428575288184426,0.963223176153,1.27383711867796,0,0
3687,-0.1428575288184426,0.961460582154,1.27383711867796,0,0
3688,-0.1612905259366002,0.961209428654,1.27383711867796,0,0
3689,-0.1520740273775214,0.959260918351,1.27383711867796,0,0
3690,-0.1612905259366002,0.958328360717,1.27383711867796,0,0
3691,-0.1520740273775214,0.959595793223,1.27383711867796,0,0
3692,-0.1520740273775214,0.958130953629,1.27383711867796,0,0
3693,-0.1612905259366002,0.961012759629,1.27383711867796,0,0
3694,-0.1520740273775214,0.959745917373,1.27383711867796,0,0
3695,-0.1520740273775214,0.962726631405,1.27383711867796,0,0
3696,-0.1520740273775214,0.957990663182,1.27383711867796,0,0
3697,-0.1520740273775214,0.956268925246,1.27383711867796,0,0
3698,-0.1520740273775214,0.956375027415,1.27383711867796,0,0
3699,-0.1520740273775214,0.959049939137,1.27383711867796,0,0
3700,-0.1612905259366002,0.957064834547,1.27383711867796,0,0
3701,-0.1612905259366002,0.957514168621,1.27383711867796,0,0
3702,-0.20737391930835614,0.954026294817,1.27383711867796,0,0
3703,-0.1612905259366002,0.956070728559,1.27383711867796,0,0
3704,-0.1520740273775214,0.952768066895,1.27383711867796,0,0
3705,-0.1612905259366002,0.95444576019,1.27383711867796,0,0
3706,-0.1428575288184426,0.956666800215,1.27383711867796,0,0
3707,-0.1612905259366002,0.957979462861,1.27383711867796,0,0
3708,-0.1612905259366002,0.957657647819,1.27383711867796,0,0
3709,-0.1520740273775214,0.958630862198,1.27383711867796,0,0
3710,-0.1612905259366002,0.95848849642,1.27383711867796,0,0
3711,-0.1520740273775214,0.958768629203,1.27383711867796,0,0
3712,-0.1612905259366002,0.957391611404,1.27383711867796,0,0
3713,-0.1520740273775214,0.958634933279,1.27383711867796,0,0
3714,-0.1612905259366002,0.958706992235,1.27383711867796,0,0
3715,-0.1612905259366002,0.957323665787,1.27383711867796,0,0
3716,-0.1520740273775214,0.960243264151,1.27383711867796,0,0
3717,-0.1612905259366002,0.956748668151,1.27383711867796,0,0
3718,-0.1612905259366002,0.959427917715,1.27383711867796,0,0
3719,-0.1612905259366002,0.955938365812,1.27383711867796,0,0
3720,-0.1612905259366002,0.96125338443,1.27383711867796,0,0
3721,-0.1520740273775214,0.953609774116,1.27383711867796,0,0
3722,-0.1612905259366002,0.957615749101,1.27383711867796,0,0
3723,-0.1612905259366002,0.954477342638,1.27383711867796,0,0
3724,-0.17050702449567723,0.956978772426,1.27383711867796,0,0
3725,-0.17050702449567723,0.957122433707,1.27383711867796,0,0
3726,-0.1612905259366002,0.956630995857,1.27383711867796,0,0
3727,-0.1612905259366002,0.955294466063,1.27383711867796,0,0
3728,-0.1520740273775214,0.95714491158,1.27383711867796,0,0
3729,-0.1520740273775214,0.958669382537,1.27383711867796,0,0
3730,-0.1428575288184426,0.954437118487,1.27383711867796,0,0
3731,-0.1428575288184426,0.956169121072,1.27383711867796,0,0
3732,-0.13364103025936558,0.955526163593,1.27383711867796,0,0
3733,-0.11520803314120975,0.958421700618,1.27383711867796,0,0
3734,-0.11520803314120975,0.960866937266,1.27383711867796,0,0
3735,-0.1059906340057637,0.958339248161,1.27383711867796,0,0
3736,-0.0967741354466849,0.963834232212,1.27383711867796,0,0
3737,-0.08755763688760787,0.957841820496,1.27383711867796,0,0
3738,-0.0967741354466849,0.960094354993,1.27383711867796,0,0
3739,-0.07834113832853085,0.962941507317,1.27383711867796,0,0
3740,-0.07834113832853085,0.962475708427,1.27383711867796,0,0
3741,-0.06912463976945205,0.960766815868,1.27383711867796,0,0
3742,-0.05990814121037502,0.963413932249,1.27383711867796,0,0
3743,-0.050691642651298,0.963031745406,1.27383711867796,0,0
3744,-0.04147514409221742,0.963624395731,1.27383711867796,0,0
3745,-0.04147514409221742,0.962236263143,1.27383711867796,0,0
3746,-0.04147514409221742,0.959932772458,1.27383711867796,0,0
3747,-0.032258645533140395,0.961149104098,1.27383711867796,0,0
3748,-0.032258645533140395,0.962327185394,1.27383711867796,0,0
3749,-0.032258645533140395,0.962264643584,1.27383711867796,0,0
3750,-0.023042146974061595,0.961809865825,1.27383711867796,0,0
3751,-0.004608249279538512,0.962326124418,1.27383711867796,0,0
3752,-0.004608249279538512,0.961595113338,1.27383711867796,0,0
3753,-0.004608249279538512,0.964209916226,1.27383711867796,0,0
3754,-0.004608249279538512,0.964481637151,1.27383711867796,0,0
3755,-0.004608249279538512,0.960261515326,1.27383711867796,0,0
3756,-0.013824747838615536,0.958198255708,1.27383711867796,0,0
3757,-0.013824747838615536,0.959044936897,1.27383711867796,0,0
3758,-0.023042146974061595,0.96279813367,1.27383711867796,0,0
3759,-0.032258645533140395,0.961245850647,1.27383711867796,0,0
3760,-0.032258645533140395,0.958212984818,1.27383711867796,0,0
3761,-0.032258645533140395,0.959428442211,1.27383711867796,0,0
3762,-0.04147514409221742,0.958416360372,1.27383711867796,0,0
3763,-0.04147514409221742,0.959649906869,1.27383711867796,0,0
3764,-0.050691642651298,0.958122445823,1.27383711867796,0,0
3765,-0.05990814121037502,0.959901689055,1.27383711867796,0,0
3766,-0.05990814121037502,0.95802018807,1.27383711867796,0,0
3767,-0.06912463976945205,0.957642985016,1.27383711867796,0,0
3768,-0.06912463976945205,0.957852891545,1.27383711867796,0,0
3769,-0.06912463976945205,0.957147622061,1.27383711867796,0,0
3770,-0.07834113832853085,0.958797253589,1.27383711867796,0,0
3771,-0.07834113832853085,0.959192667788,1.27383711867796,0,0
3772,-0.06912463976945205,0.95582392957,1.27383711867796,0,0
3773,-0.06912463976945205,0.96025080884,1.27383711867796,0,0
3774,-0.07834113832853085,0.958769548595,1.27383711867796,0,0
3775,-0.08755763688760787,0.960222555792,1.27383711867796,0,0
3776,-0.08755763688760787,0.963724654478,1.27383711867796,0,0
3777,-0.08755763688760787,0.962913951331,1.27383711867796,0,0
3778,-0.08755763688760787,0.963111311284,1.27383711867796,0,0
3779,-0.0967741354466849,0.962294195596,1.27383711867796,0,0
3780,-0.0967741354466849,0.962916080982,1.27383711867796,0,0
3781,-0.1059906340057637,0.961247130559,1.27383711867796,0,0
3782,-0.1059906340057637,0.961092980937,1.27383711867796,0,0
3783,-0.0967741354466849,0.959371155667,1.27383711867796,0,0
3784,-0.1059906340057637,0.955070602918,1.27383711867796,0,0
3785,-0.11520803314120975,0.95804175775,1.27383711867796,0,0
3786,-0.11520803314120975,0.958772595404,1.27383711867796,0,0
3787,-0.11520803314120975,0.957312975081,1.27383711867796,0,0
3788,-0.11520803314120975,0.958263416636,1.27383711867796,0,0
3789,-0.11520803314120975,0.959335034389,1.27383711867796,0,0
3790,-0.11520803314120975,0.958336407914,1.27383711867796,0,0
3791,-0.11520803314120975,0.956632927163,1.27383711867796,0,0
3792,-0.1612905259366002,0.956653121997,1.27383711867796,0,0
3793,-0.12442453170028678,0.95561806846,1.27383711867796,0,0
3794,-0.050691642651298,0.961905752284,1.27383711867796,0,0
3795,-0.12442453170028678,0.957915780079,1.27383711867796,0,0
3796,-0.11520803314120975,0.963076675296,1.27383711867796,0,0
3797,-0.12442453170028678,0.963123941058,1.27383711867796,0,0
3798,-0.12442453170028678,0.96722118907,1.27383711867796,0,0
3799,-0.12442453170028678,0.960635859835,1.27383711867796,0,0
3800,-0.12442453170028678,0.964570590253,1.27383711867796,0,0
3801,-0.12442453170028678,0.964329628118,1.27383711867796,0,0
3802,-0.13364103025936558,0.964334099421,1.27383711867796,0,0
3803,-0.18894002161383305,0.963463826301,1.27383711867796,0,0
3804,-0.13364103025936558,0.963613156236,1.27383711867796,0,0
3805,-0.13364103025936558,0.962711133903,1.27383711867796,0,0
3806,-0.12442453170028678,0.964909020185,1.27383711867796,0,0
3807,-0.13364103025936558,0.964904359581,1.27383711867796,0,0
3808,-0.13364103025936558,0.966580231183,1.27383711867796,0,0
3809,-0.13364103025936558,0.962199079992,1.27383711867796,0,0
3810,-0.13364103025936558,0.964434468051,1.27383711867796,0,0
3811,-0.12442453170028678,0.96566958797,1.27383711867796,0,0
3812,-0.13364103025936558,0.963196097051,1.27383711867796,0,0
3813,-0.13364103025936558,0.968468201869,1.27383711867796,0,0
3814,-0.1428575288184426,0.970717201818,1.27383711867796,0,0
3815,-0.1428575288184426,0.971784798748,1.27383711867796,0,0
3816,-0.1428575288184426,0.971435565157,1.27383711867796,0,0
3817,-0.13364103025936558,0.963226733851,1.27383711867796,0,0
3818,-0.13364103025936558,0.967790955915,1.27383711867796,0,0
3819,-0.1428575288184426,0.966408060793,1.27383711867796,0,0
3820,-0.1428575288184426,0.963763858863,1.27383711867796,0,0
3821,-0.13364103025936558,0.967932639522,1.27383711867796,0,0
3822,-0.1428575288184426,0.964207646143,1.27383711867796,0,0
3823,-0.1428575288184426,0.962799588761,1.27383711867796,0,0
3824,-0.1520740273775214,0.964322911917,1.27383711867796,0,0
3825,-0.1428575288184426,0.963369012378,1.27383711867796,0,0
3826,-0.1520740273775214,0.960691050854,1.27383711867796,0,0
3827,-0.1520740273775214,0.960675470474,1.27383711867796,0,0
3828,-0.1428575288184426,0.961419566253,1.27383711867796,0,0
3829,-0.1428575288184426,0.956766016335,1.27383711867796,0,0
3830,-0.1520740273775214,0.960446896076,1.27383711867796,0,0
3831,-0.1520740273775214,0.961298431819,1.27383711867796,0,0
3832,-0.13364103025936558,0.962671180383,1.27383711867796,0,0
3833,-0.1428575288184426,0.961939300965,1.27383711867796,0,0
3834,-0.1520740273775214,0.960658475035,1.27383711867796,0,0
3835,-0.1428575288184426,0.963268745294,1.27383711867796,0,0
3836,-0.1520740273775214,0.961418884305,1.27383711867796,0,0
3837,-0.1520740273775214,0.962681586763,1.27383711867796,0,0
3838,-0.1520740273775214,0.960620588464,1.27383711867796,0,0
3839,-0.1520740273775214,0.962307818256,1.27383711867796,0,0
3840,-0.1520740273775214,0.958213507629,1.27383711867796,0,0
3841,-0.1428575288184426,0.962352503247,1.27383711867796,0,0
3842,-0.1428575288184426,0.960126369046,1.27383711867796,0,0
3843,-0.1520740273775214,0.960249038978,1.27383711867796,0,0
3844,-0.1428575288184426,0.959346457601,1.27383711867796,0,0
3845,-0.1520740273775214,0.95923944106,1.27383711867796,0,0
3846,-0.1520740273775214,0.958553230824,1.27383711867796,0,0
3847,-0.1520740273775214,0.958035345154,1.27383711867796,0,0
3848,-0.1520740273775214,0.960659202959,1.27383711867796,0,0
3849,-0.1520740273775214,0.957914459077,1.27383711867796,0,0
3850,-0.1520740273775214,0.959859621022,1.27383711867796,0,0
3851,-0.1612905259366002,0.958454146409,1.27383711867796,0,0
3852,-0.1520740273775214,0.961165365297,1.27383711867796,0,0
3853,-0.1520740273775214,0.960589177972,1.27383711867796,0,0
3854,-0.1520740273775214,0.959935117213,1.27383711867796,0,0
3855,-0.1520740273775214,0.960832686787,1.27383711867796,0,0
3856,-0.1520740273775214,0.957536209342,1.27383711867796,0,0
3857,-0.11520803314120975,0.956912114328,1.27383711867796,0,0
3858,-0.1520740273775214,0.958924144337,1.27383711867796,0,0
3859,-0.1520740273775214,0.958492665249,1.27383711867796,0,0
3860,-0.1612905259366002,0.957853821069,1.27383711867796,0,0
3861,-0.1612905259366002,0.954546449509,1.27383711867796,0,0
3862,-0.1612905259366002,0.954970918337,1.27383711867796,0,0
3863,-0.1520740273775214,0.95549119048,1.27383711867796,0,0
3864,-0.1520740273775214,0.956425318184,1.27383711867796,0,0
3865,-0.1612905259366002,0.956285317088,1.27383711867796,0,0
3866,-0.17050702449567723,0.956074999717,1.27383711867796,0,0
3867,-0.1520740273775214,0.955329109888,1.27383711867796,0,0
3868,-0.1612905259366002,0.955925001832,1.27383711867796,0,0
3869,-0.1612905259366002,0.957311715233,1.27383711867796,0,0
3870,-0.1520740273775214,0.956418824343,1.27383711867796,0,0
3871,-0.1520740273775214,0.955157330659,1.27383711867796,0,0
3872,-0.1612905259366002,0.953452264402,1.27383711867796,0,0
3873,-0.1520740273775214,0.95553070058,1.27383711867796,0,0
3874,-0.1612905259366002,0.956456920279,1.27383711867796,0,0
3875,-0.1612905259366002,0.956145655058,1.27383711867796,0,0
3876,-0.23502341498558899,0.955968720646,1.27383711867796,0,0
3877,-0.1520740273775214,0.955632446028,1.27383711867796,0,0
3878,-0.1428575288184426,0.954736457795,1.27383711867796,0,0
3879,-0.12442453170028678,0.956865917775,1.27383711867796,0,0
3880,-0.12442453170028678,0.958422505559,1.27383711867796,0,0
3881,-0.12442453170028678,0.962303713243,1.27383711867796,0,0
3882,-0.1059906340057637,0.963163924155,1.27383711867796,0,0
3883,-0.1059906340057637,0.960069325206,1.27383711867796,0,0
3884,-0.0967741354466849,0.96277670274,1.27383711867796,0,0
3885,-0.08755763688760787,0.963911577281,1.27383711867796,0,0
3886,-0.08755763688760787,0.958811231902,1.27383711867796,0,0
3887,-0.06912463976945205,0.964021885015,1.27383711867796,0,0
3888,-0.06912463976945205,0.961370507928,1.27383711867796,0,0
3889,-0.06912463976945205,0.962202853838,1.27383711867796,0,0
3890,-0.05990814121037502,0.957781895614,1.27383711867796,0,0
3891,-0.050691642651298,0.962250755873,1.27383711867796,0,0
3892,-0.050691642651298,0.964587757887,1.27383711867796,0,0
3893,-0.04147514409221742,0.960712982877,1.27383711867796,0,0
3894,-0.032258645533140395,0.963730469283,1.27383711867796,0,0
3895,-0.032258645533140395,0.958853079811,1.27383711867796,0,0
3896,-0.023042146974061595,0.962182634984,1.27383711867796,0,0
3897,-0.013824747838615536,0.960022599678,1.27383711867796,0,0
3898,-0.023042146974061595,0.961873501669,1.27383711867796,0,0
3899,-0.013824747838615536,0.960738787267,1.27383711867796,0,0
3900,-0.013824747838615536,0.96024968876,1.27383711867796,0,0
3901,-0.004608249279538512,0.96322037254,1.27383711867796,0,0
3902,-0.004608249279538512,0.959486702742,1.27383711867796,0,0
3903,-0.004608249279538512,0.961494986195,1.27383711867796,0,0
3904,-0.013824747838615536,0.959630461342,1.27383711867796,0,0
3905,-0.013824747838615536,0.962798530319,1.27383711867796,0,0
3906,-0.023042146974061595,0.956394959359,1.27383711867796,0,0
3907,-0.032258645533140395,0.962910121631,1.27383711867796,0,0
3908,-0.032258645533140395,0.960144527737,1.27383711867796,0,0
3909,-0.04147514409221742,0.962250771712,1.27383711867796,0,0
3910,-0.04147514409221742,0.961811115484,1.27383711867796,0,0
3911,-0.050691642651298,0.95725581191,1.27383711867796,0,0
3912,-0.04147514409221742,0.964552830183,1.27383711867796,0,0
3913,-0.05990814121037502,0.961744647838,1.27383711867796,0,0
3914,-0.05990814121037502,0.965191339108,1.27383711867796,0,0
3915,-0.05990814121037502,0.962138776634,1.27383711867796,0,0
3916,-0.07834113832853085,0.964054301658,1.27383711867796,0,0
3917,-0.06912463976945205,0.959231292668,1.27383711867796,0,0
3918,-0.07834113832853085,0.96212587915,1.27383711867796,0,0
3919,-0.032258645533140395,0.963030794877,1.27383711867796,0,0
3920,-0.07834113832853085,0.965061694923,1.27383711867796,0,0
3921,-0.07834113832853085,0.961179455037,1.27383711867796,0,0
3922,-0.07834113832853085,0.963253706152,1.27383711867796,0,0
3923,-0.07834113832853085,0.964128264591,1.27383711867796,0,0
3924,-0.07834113832853085,0.966913663031,1.27383711867796,0,0
3925,-0.08755763688760787,0.963524358672,1.27383711867796,0,0
3926,-0.08755763688760787,0.96677621537,1.27383711867796,0,0
3927,-0.08755763688760787,0.96519616758,1.27383711867796,0,0
3928,-0.0967741354466849,0.964034820204,1.27383711867796,0,0
3929,-0.1059906340057637,0.960510549237,1.27383711867796,0,0
3930,-0.0967741354466849,0.959816742661,1.27383711867796,0,0
3931,-0.1059906340057637,0.960618659038,1.27383711867796,0,0
3932,-0.11520803314120975,0.965000816369,1.27383711867796,0,0
3933,-0.11520803314120975,0.964832191528,1.27383711867796,0,0
3934,-0.1059906340057637,0.96001011055,1.27383711867796,0,0
3935,-0.1059906340057637,0.960178188999,1.27383711867796,0,0
3936,-0.0967741354466849,0.957987005102,1.27383711867796,0,0
3937,-0.11520803314120975,0.956398013048,1.27383711867796,0,0
3938,-0.11520803314120975,0.956382043101,1.27383711867796,0,0
3939,-0.11520803314120975,0.957509120817,1.27383711867796,0,0
3940,-0.11520803314120975,0.958178170748,1.27383711867796,0,0
3941,-0.12442453170028678,0.960640217285,1.27383711867796,0,0
3942,-0.12442453170028678,0.95827870965,1.27383711867796,0,0
3943,-0.12442453170028678,0.960802325813,1.27383711867796,0,0
3944,-0.11520803314120975,0.957543312684,1.27383711867796,0,0
3945,-0.11520803314120975,0.962564351678,1.27383711867796,0,0
3946,-0.12442453170028678,0.960772040428,1.27383711867796,0,0
3947,-0.13364103025936558,0.96447506635,1.27383711867796,0,0
3948,-0.12442453170028678,0.962245489104,1.27383711867796,0,0
3949,-0.12442453170028678,0.96752647727,1.27383711867796,0,0
3950,-0.12442453170028678,0.961540874223,1.27383711867796,0,0
3951,-0.12442453170028678,0.965487603318,1.27383711867796,0,0
3952,-0.12442453170028678,0.962907845644,1.27383711867796,0,0
3953,-0.12442453170028678,0.969895560997,1.27383711867796,0,0
3954,-0.13364103025936558,0.964867710584,1.27383711867796,0,0
3955,-0.13364103025936558,0.965231877384,1.27383711867796,0,0
3956,-0.13364103025936558,0.964818924944,1.27383711867796,0,0
3957,-0.13364103025936558,0.966068771248,1.27383711867796,0,0
3958,-0.13364103025936558,0.962520280674,1.27383711867796,0,0
3959,-0.12442453170028678,0.963827804203,1.27383711867796,0,0
3960,-0.1428575288184426,0.962969378923,1.27383711867796,0,0
3961,-0.13364103025936558,0.963006725453,1.27383711867796,0,0
3962,-0.13364103025936558,0.966641678307,1.27383711867796,0,0
3963,-0.1428575288184426,0.96536688877,1.27383711867796,0,0
3964,-0.13364103025936558,0.968694678183,1.27383711867796,0,0
3965,-0.12442453170028678,0.96657452875,1.27383711867796,0,0
3966,-0.1428575288184426,0.968262465231,1.27383711867796,0,0
3967,-0.1428575288184426,0.965872097303,1.27383711867796,0,0
3968,-0.1428575288184426,0.963267838493,1.27383711867796,0,0
3969,-0.12442453170028678,0.962471540428,1.27383711867796,0,0
3970,-0.1428575288184426,0.96194804497,1.27383711867796,0,0
3971,-0.1520740273775214,0.965384557478,1.27383711867796,0,0
3972,-0.1428575288184426,0.962672219983,1.27383711867796,0,0
3973,-0.1428575288184426,0.962871423771,1.27383711867796,0,0
3974,-0.1428575288184426,0.960150036913,1.27383711867796,0,0
3975,-0.1520740273775214,0.956600447287,1.27383711867796,0,0
3976,-0.1428575288184426,0.962570307233,1.27383711867796,0,0
3977,-0.1428575288184426,0.961271315584,1.27383711867796,0,0
3978,-0.1428575288184426,0.962759107269,1.27383711867796,0,0
3979,-0.1520740273775214,0.961055427173,1.27383711867796,0,0
3980,-0.1520740273775214,0.962383703073,1.27383711867796,0,0
3981,-0.1612905259366002,0.964006940391,1.27383711867796,0,0
3982,-0.1520740273775214,0.961081217883,1.27383711867796,0,0
3983,-0.1428575288184426,0.960192228803,1.27383711867796,0,0
3984,-0.1428575288184426,0.963099236708,1.27383711867796,0,0
3985,-0.1520740273775214,0.961502825745,1.27383711867796,0,0
3986,-0.1520740273775214,0.959062971602,1.27383711867796,0,0
3987,-0.1428575288184426,0.957024704566,1.27383711867796,0,0
3988,-0.1520740273775214,0.960991636503,1.27383711867796,0,0
3989,-0.1520740273775214,0.963086491007,1.27383711867796,0,0
3990,-0.21659041786743494,0.960960082634,1.27383711867796,0,0
3991,-0.13364103025936558,0.962192502922,1.27383711867796,0,0
3992,-0.1428575288184426,0.956887511181,1.27383711867796,0,0
3993,-0.1520740273775214,0.959985133145,1.27383711867796,0,0
3994,-0.1428575288184426,0.958730491513,1.27383711867796,0,0
3995,-0.1520740273775214,0.96202077543,1.27383711867796,0,0
3996,-0.1520740273775214,0.961027210628,1.27383711867796,0,0
3997,-0.1520740273775214,0.95814068047,1.27383711867796,0,0
3998,-0.1520740273775214,0.961665101485,1.27383711867796,0,0
3999,-0.1612905259366002,0.95844309884,1.27383711867796,0,0
4000,-0.1428575288184426,0.961022056285,1.27383711867796,0,0
4001,-0.1520740273775214,0.956040221026,1.27383711867796,0,0
4002,-0.1520740273775214,0.958127602899,1.27383711867796,0,0
4003,-0.1520740273775214,0.957170302292,1.27383711867796,0,0
4004,-0.1612905259366002,0.959144705875,1.27383711867796,0,0
4005,-0.1520740273775214,0.956692052936,1.27383711867796,0,0
4006,-0.1520740273775214,0.957206042154,1.27383711867796,0,0
4007,-0.1520740273775214,0.957513270147,1.27383711867796,0,0
4008,-0.1520740273775214,0.959698123189,1.27383711867796,0,0
4009,-0.12442453170028678,0.959452190346,1.27383711867796,0,0
4010,-0.1520740273775214,0.957071554545,1.27383711867796,0,0
4011,-0.1520740273775214,0.954260367521,1.27383711867796,0,0
4012,-0.1612905259366002,0.957355035731,1.27383711867796,0,0
4013,-0.1612905259366002,0.95942866508,1.27383711867796,0,0
4014,-0.1612905259366002,0.958472019002,1.27383711867796,0,0
4015,-0.1612905259366002,0.953491125557,1.27383711867796,0,0
4016,-0.1520740273775214,0.955044918745,1.27383711867796,0,0
4017,-0.17050702449567723,0.958039985831,1.27383711867796,0,0
4018,-0.1612905259366002,0.955818224878,1.27383711867796,0,0
4019,-0.1612905259366002,0.95561467547,1.27383711867796,0,0
4020,-0.1428575288184426,0.955101857944,1.27383711867796,0,0
4021,-0.1520740273775214,0.957251319658,1.27383711867796,0,0
4022,-0.1612905259366002,0.96120766574,1.27383711867796,0,0
4023,-0.1612905259366002,0.958187116911,1.27383711867796,0,0
4024,-0.1612905259366002,0.959788141505,1.27383711867796,0,0
4025,-0.1612905259366002,0.954958764054,1.27383711867796,0,0
4026,-0.1612905259366002,0.957996193975,1.27383711867796,0,0
4027,-0.1612905259366002,0.956166554409,1.27383711867796,0,0
4028,-0.1428575288184426,0.961722872615,1.27383711867796,0,0
4029,-0.1428575288184426,0.953508304376,1.27383711867796,0,0
4030,-0.1428575288184426,0.956533186309,1.27383711867796,0,0
4031,-0.13364103025936558,0.958785104757,1.27383711867796,0,0
4032,-0.1981574207492791,0.959786379153,1.27383711867796,0,0
4033,-0.12442453170028678,0.959421982299,1.27383711867796,0,0
4034,-0.05990814121037502,0.958705569437,1.27383711867796,0,0
4035,-0.1059906340057637,0.962503486858,1.27383711867796,0,0
4036,-0.07834113832853085,0.963631557818,1.27383711867796,0,0
4037,-0.08755763688760787,0.965547146591,1.27383711867796,0,0
4038,-0.07834113832853085,0.967782186783,1.27383711867796,0,0
4039,-0.06912463976945205,0.96070894423,1.27383711867796,0,0
4040,-0.06912463976945205,0.963644048793,1.27383711867796,0,0
4041,-0.05990814121037502,0.964853336631,1.27383711867796,0,0
4042,-0.05990814121037502,0.963878756829,1.27383711867796,0,0
4043,-0.050691642651298,0.961046207158,1.27383711867796,0,0
4044,-0.04147514409221742,0.963701503279,1.27383711867796,0,0
4045,-0.04147514409221742,0.960478203573,1.27383711867796,0,0
4046,-0.032258645533140395,0.965838720205,1.27383711867796,0,0
4047,-0.032258645533140395,0.962723425294,1.27383711867796,0,0
4048,-0.032258645533140395,0.961925978743,1.27383711867796,0,0
4049,-0.023042146974061595,0.960838555991,1.27383711867796,0,0
4050,-0.013824747838615536,0.963142705353,1.27383711867796,0,0
4051,-0.023042146974061595,0.960523238589,1.27383711867796,0,0
4052,-0.013824747838615536,0.964094233832,1.27383711867796,0,0
4053,-0.004608249279538512,0.960273191944,1.27383711867796,0,0
4054,0.004608249279538512,0.962675457731,1.27383711867796,0,0
4055,-0.004608249279538512,0.964733335283,1.27383711867796,0,0
4056,-0.013824747838615536,0.964337992381,1.27383711867796,0,0
4057,-0.013824747838615536,0.962258306264,1.27383711867796,0,0
4058,-0.013824747838615536,0.960465252396,1.27383711867796,0,0
4059,-0.032258645533140395,0.961439298328,1.27383711867796,0,0
4060,-0.032258645533140395,0.96199307336,1.27383711867796,0,0
4061,-0.04147514409221742,0.961894538831,1.27383711867796,0,0
4062,-0.04147514409221742,0.958296849126,1.27383711867796,0,0
4063,-0.04147514409221742,0.962706779154,1.27383711867796,0,0
4064,-0.05990814121037502,0.96326695222,1.27383711867796,0,0
4065,-0.05990814121037502,0.959443222,1.27383711867796,0,0
4066,-0.06912463976945205,0.963416364476,1.27383711867796,0,0
4067,-0.06912463976945205,0.958213402071,1.27383711867796,0,0
4068,-0.06912463976945205,0.961734206669,1.27383711867796,0,0
4069,-0.06912463976945205,0.960579478859,1.27383711867796,0,0
4070,-0.06912463976945205,0.964228645634,1.27383711867796,0,0
4071,-0.06912463976945205,0.961567185041,1.27383711867796,0,0
4072,-0.06912463976945205,0.961931594524,1.27383711867796,0,0
4073,-0.07834113832853085,0.962705813122,1.27383711867796,0,0
4074,-0.08755763688760787,0.965689556271,1.27383711867796,0,0
4075,-0.07834113832853085,0.965406683874,1.27383711867796,0,0
4076,-0.08755763688760787,0.960936237676,1.27383711867796,0,0
4077,-0.0967741354466849,0.960723660692,1.27383711867796,0,0
4078,-0.08755763688760787,0.965279225907,1.27383711867796,0,0
4079,-0.1059906340057637,0.960648685241,1.27383711867796,0,0
4080,-0.0967741354466849,0.965015679644,1.27383711867796,0,0
4081,-0.0967741354466849,0.96353812643,1.27383711867796,0,0
4082,-0.1059906340057637,0.964414818091,1.27383711867796,0,0
4083,-0.1059906340057637,0.961860289894,1.27383711867796,0,0
4084,-0.11520803314120975,0.961878519777,1.27383711867796,0,0
4085,-0.11520803314120975,0.960019079678,1.27383711867796,0,0
4086,-0.11520803314120975,0.959952789019,1.27383711867796,0,0
4087,-0.11520803314120975,0.957536146482,1.27383711867796,0,0
4088,-0.1059906340057637,0.960931070701,1.27383711867796,0,0
4089,-0.1059906340057637,0.960896362138,1.27383711867796,0,0
4090,-0.1059906340057637,0.95855011069,1.27383711867796,0,0
4091,-0.11520803314120975,0.958219044464,1.27383711867796,0,0
4092,-0.05990814121037502,0.961233349062,1.27383711867796,0,0
4093,-0.11520803314120975,0.960925682762,1.27383711867796,0,0
4094,-0.12442453170028678,0.960435052464,1.27383711867796,0,0
4095,-0.11520803314120975,0.960634264594,1.27383711867796,0,0
4096,-0.12442453170028678,0.964932027853,1.27383711867796,0,0
4097,-0.12442453170028678,0.963400200987,1.27383711867796,0,0
4098,-0.13364103025936558,0.963640510128,1.27383711867796,0,0
4099,-0.12442453170028678,0.964225473025,1.27383711867796,0,0
4100,-0.11520803314120975,0.961107109811,1.27383711867796,0,0
4101,-0.13364103025936558,0.961201359772,1.27383711867796,0,0
4102,-0.11520803314120975,0.962269646558,1.27383711867796,0,0
4103,-0.13364103025936558,0.964437789995,1.27383711867796,0,0
4104,-0.12442453170028678,0.968829705464,1.27383711867796,0,0
4105,-0.12442453170028678,0.96618022489,1.27383711867796,0,0
4106,-0.13364103025936558,0.965332398545,1.27383711867796,0,0
4107,-0.20737391930835614,0.964539035136,1.27383711867796,0,0
4108,-0.13364103025936558,0.962004617971,1.27383711867796,0,0
4109,-0.13364103025936558,0.963047222196,1.27383711867796,0,0
4110,-0.13364103025936558,0.962117574086,1.27383711867796,0,0
4111,-0.13364103025936558,0.960626118155,1.27383711867796,0,0
4112,-0.13364103025936558,0.966692838785,1.27383711867796,0,0
4113,-0.1428575288184426,0.968353363368,1.27383711867796,0,0
4114,-0.13364103025936558,0.968257691174,1.27383711867796,0,0
4115,-0.1428575288184426,0.967616268203,1.27383711867796,0,0
4116,-0.13364103025936558,0.968032660902,1.27383711867796,0,0
4117,-0.1428575288184426,0.965673995068,1.27383711867796,0,0
4118,-0.1428575288184426,0.969277395757,1.27383711867796,0,0
4119,-0.1428575288184426,0.965879801955,1.27383711867796,0,0
4120,-0.0967741354466849,0.96593491946,1.27383711867796,0,0
4121,-0.13364103025936558,0.964550861416,1.27383711867796,0,0
4122,-0.1428575288184426,0.964447067446,1.27383711867796,0,0
4123,-0.1428575288184426,0.965887174966,1.27383711867796,0,0
4124,-0.1428575288184426,0.962035832399,1.27383711867796,0,0
4125,-0.1428575288184426,0.964014245773,1.27383711867796,0,0
4126,-0.1428575288184426,0.96334602472,1.27383711867796,0,0
4127,-0.1520740273775214,0.960863821149,1.27383711867796,0,0
4128,-0.1428575288184426,0.96428794795,1.27383711867796,0,0
4129,-0.1428575288184426,0.959587239795,1.27383711867796,0,0
4130,-0.1428575288184426,0.957368179107,1.27383711867796,0,0
4131,-0.1428575288184426,0.958034750851,1.27383711867796,0,0
4132,-0.1520740273775214,0.960938207998,1.27383711867796,0,0
4133,-0.1428575288184426,0.959572570602,1.27383711867796,0,0
4134,-0.1520740273775214,0.956082725618,1.27383711867796,0,0
4135,-0.1428575288184426,0.96175040879,1.27383711867796,0,0
4136,-0.1520740273775214,0.962283659555,1.27383711867796,0,0
4137,-0.1520740273775214,0.962637531865,1.27383711867796,0,0
4138,-0.1428575288184426,0.964127028717,1.27383711867796,0,0
4139,-0.1428575288184426,0.955833768825,1.27383711867796,0,0
4140,-0.1428575288184426,0.957726595153,1.27383711867796,0,0
4141,-0.1520740273775214,0.960487882943,1.27383711867796,0,0
4142,-0.1981574207492791,0.957927735368,1.27383711867796,0,0
4143,-0.1520740273775214,0.957057647563,1.27383711867796,0,0
4144,-0.2626729106628254,0.956846152033,1.27383711867796,0,0
4145,-0.1428575288184426,0.967404170795,1.27383711867796,0,0
4146,-0.1520740273775214,0.959774035748,1.27383711867796,0,0
4147,-0.13364103025936558,0.964388462363,1.27383711867796,0,0
4148,-0.1520740273775214,0.961547613781,1.27383711867796,0,0
4149,-0.1428575288184426,0.96281166054,1.27383711867796,0,0
4150,-0.1612905259366002,0.962846737841,1.27383711867796,0,0
4151,-0.1520740273775214,0.966258225469,1.27383711867796,0,0
4152,-0.1612905259366002,0.959911123523,1.27383711867796,0,0
4153,-0.1612905259366002,0.960171010764,1.27383711867796,0,0
4154,-0.1520740273775214,0.959204233944,1.27383711867796,0,0
4155,-0.1612905259366002,0.96218346527,1.27383711867796,0,0
4156,-0.1520740273775214,0.961440859447,1.27383711867796,0,0
4157,-0.1520740273775214,0.957464515452,1.27383711867796,0,0
4158,-0.1520740273775214,0.961317027452,1.27383711867796,0,0
4159,-0.1612905259366002,0.957106226031,1.27383711867796,0,0
4160,-0.1612905259366002,0.96068018861,1.27383711867796,0,0
4161,-0.1520740273775214,0.957873518885,1.27383711867796,0,0
4162,-0.1428575288184426,0.96084501957,1.27383711867796,0,0
4163,-0.1612905259366002,0.95679756377,1.27383711867796,0,0
4164,-0.1612905259366002,0.960063430343,1.27383711867796,0,0
4165,-0.1612905259366002,0.956315179044,1.27383711867796,0,0
4166,-0.1520740273775214,0.956528146843,1.27383711867796,0,0
4167,-0.1520740273775214,0.955283586126,1.27383711867796,0,0
4168,-0.1612905259366002,0.956163523545,1.27383711867796,0,0
4169,-0.1520740273775214,0.95761566535,1.27383711867796,0,0
4170,-0.1981574207492791,0.95528796746,1.27383711867796,0,0
4171,-0.1612905259366002,0.956591563487,1.27383711867796,0,0
4172,-0.1612905259366002,0.956913531262,1.27383711867796,0,0
4173,-0.1520740273775214,0.963932324502,1.27383711867796,0,0
4174,-0.1428575288184426,0.954053109712,1.27383711867796,0,0
4175,-0.1428575288184426,0.956555140698,1.27383711867796,0,0
4176,-0.12442453170028678,0.95709427931,1.27383711867796,0,0
4177,-0.050691642651298,0.962171024911,1.27383711867796,0,0
4178,-0.11520803314120975,0.962267627639,1.27383711867796,0,0
4179,-0.1059906340057637,0.961251520023,1.27383711867796,0,0
4180,-0.0967741354466849,0.962530521025,1.27383711867796,0,0
4181,-0.08755763688760787,0.966666332485,1.27383711867796,0,0
4182,-0.07834113832853085,0.967846522369,1.27383711867796,0,0
4183,-0.07834113832853085,0.963516961396,1.27383711867796,0,0
4184,-0.06912463976945205,0.967918067722,1.27383711867796,0,0
4185,-0.07834113832853085,0.960285733396,1.27383711867796,0,0
4186,-0.05990814121037502,0.966263543252,1.27383711867796,0,0
4187,-0.06912463976945205,0.960792624697,1.27383711867796,0,0
4188,-0.04147514409221742,0.96976443792,1.27383711867796,0,0
4189,-0.050691642651298,0.960938509213,1.27383711867796,0,0
4190,0.013824747838617313,0.972059830354,1.27383711867796,0,0
4191,-0.04147514409221742,0.961815434717,1.27383711867796,0,0
4192,-0.023042146974061595,0.96580459555,1.27383711867796,0,0
4193,-0.023042146974061595,0.966043057784,1.27383711867796,0,0
4194,-0.023042146974061595,0.962192302549,1.27383711867796,0,0
4195,-0.023042146974061595,0.964323389437,1.27383711867796,0,0
4196,-0.013824747838615536,0.957845880529,1.27383711867796,0,0
4197,-0.013824747838615536,0.962962433174,1.27383711867796,0,0
4198,-0.004608249279538512,0.961238149734,1.27383711867796,0,0
4199,-0.004608249279538512,0.963056087781,1.27383711867796,0,0
4200,-0.013824747838615536,0.961443755889,1.27383711867796,0,0
4201,-0.013824747838615536,0.965293051514,1.27383711867796,0,0
4202,-0.023042146974061595,0.9615824379,1.27383711867796,0,0
4203,-0.023042146974061595,0.970324965278,1.27383711867796,0,0
4204,-0.032258645533140395,0.961575342803,1.27383711867796,0,0
4205,-0.032258645533140395,0.961129428229,1.27383711867796,0,0
4206,-0.050691642651298,0.961578259441,1.27383711867796,0,0
4207,-0.04147514409221742,0.963814468654,1.27383711867796,0,0
4208,-0.050691642651298,0.959800138349,1.27383711867796,0,0
4209,-0.050691642651298,0.965201337852,1.27383711867796,0,0
4210,-0.05990814121037502,0.962455767638,1.27383711867796,0,0
4211,-0.05990814121037502,0.963978470334,1.27383711867796,0,0
4212,-0.05990814121037502,0.963661006864,1.27383711867796,0,0
4213,-0.07834113832853085,0.95957605196,1.27383711867796,0,0
4214,-0.07834113832853085,0.962070082032,1.27383711867796,0,0
4215,-0.08755763688760787,0.960627509965,1.27383711867796,0,0
4216,-0.07834113832853085,0.963575962722,1.27383711867796,0,0
4217,-0.06912463976945205,0.961709008054,1.27383711867796,0,0
4218,-0.07834113832853085,0.963811110149,1.27383711867796,0,0
4219,-0.07834113832853085,0.959934041219,1.27383711867796,0,0
4220,-0.08755763688760787,0.960153208705,1.27383711867796,0,0
4221,-0.08755763688760787,0.961328214723,1.27383711867796,0,0
4222,-0.08755763688760787,0.963359461247,1.27383711867796,0,0
4223,-0.0967741354466849,0.962546973709,1.27383711867796,0,0
4224,-0.0967741354466849,0.960847773204,1.27383711867796,0,0
4225,-0.0967741354466849,0.962064032489,1.27383711867796,0,0
4226,-0.11520803314120975,0.962016780487,1.27383711867796,0,0
4227,-0.05990814121037502,0.964092428821,1.27383711867796,0,0
4228,-0.0967741354466849,0.959583166613,1.27383711867796,0,0
4229,-0.1059906340057637,0.964951148607,1.27383711867796,0,0
4230,-0.1059906340057637,0.960248564548,1.27383711867796,0,0
4231,-0.1059906340057637,0.96255930834,1.27383711867796,0,0
4232,-0.1059906340057637,0.958932219812,1.27383711867796,0,0
4233,-0.1059906340057637,0.966464605363,1.27383711867796,0,0
4234,-0.11520803314120975,0.961218078141,1.27383711867796,0,0
4235,-0.11520803314120975,0.959888851429,1.27383711867796,0,0
4236,-0.12442453170028678,0.960547880699,1.27383711867796,0,0
4237,-0.12442453170028678,0.959495624796,1.27383711867796,0,0
4238,-0.11520803314120975,0.963515085673,1.27383711867796,0,0
4239,-0.11520803314120975,0.959658565319,1.27383711867796,0,0
4240,-0.11520803314120975,0.961552049217,1.27383711867796,0,0
4241,-0.12442453170028678,0.95743471376,1.27383711867796,0,0
4242,-0.11520803314120975,0.963856389124,1.27383711867796,0,0
4243,-0.12442453170028678,0.958864281747,1.27383711867796,0,0
4244,-0.12442453170028678,0.96484849839,1.27383711867796,0,0
4245,-0.12442453170028678,0.962666751843,1.27383711867796,0,0
4246,-0.1981574207492791,0.962860994427,1.27383711867796,0,0
4247,-0.12442453170028678,0.961318801167,1.27383711867796,0,0
4248,-0.12442453170028678,0.961574649763,1.27383711867796,0,0
4249,-0.13364103025936558,0.965089215809,1.27383711867796,0,0
4250,-0.13364103025936558,0.96067541629,1.27383711867796,0,0
4251,-0.12442453170028678,0.964981382781,1.27383711867796,0,0
4252,-0.1428575288184426,0.966617369925,1.27383711867796,0,0
4253,-0.13364103025936558,0.969849508662,1.27383711867796,0,0
4254,-0.1428575288184426,0.964935625834,1.27383711867796,0,0
4255,-0.13364103025936558,0.968594020186,1.27383711867796,0,0
4256,-0.13364103025936558,0.964182776698,1.27383711867796,0,0
4257,-0.1428575288184426,0.968839946164,1.27383711867796,0,0
4258,-0.1428575288184426,0.966203795774,1.27383711867796,0,0
4259,-0.13364103025936558,0.964287311805,1.27383711867796,0,0
4260,-0.1428575288184426,0.964713084812,1.27383711867796,0,0
4261,-0.1428575288184426,0.966454980305,1.27383711867796,0,0
4262,-0.1428575288184426,0.966210605589,1.27383711867796,0,0
4263,-0.1428575288184426,0.96453863305,1.27383711867796,0,0
4264,-0.1981574207492791,0.96491239391,1.27383711867796,0,0
4265,-0.13364103025936558,0.96050014458,1.27383711867796,0,0
4266,-0.13364103025936558,0.964672209649,1.27383711867796,0,0
4267,-0.13364103025936558,0.962176274248,1.27383711867796,0,0
4268,-0.1520740273775214,0.96013749129,1.27383711867796,0,0
4269,-0.1428575288184426,0.964300831307,1.27383711867796,0,0
4270,-0.1428575288184426,0.963978156184,1.27383711867796,0,0
4271,-0.1428575288184426,0.964030035327,1.27383711867796,0,0
4272,-0.1428575288184426,0.96192920183,1.27383711867796,0,0
4273,-0.1520740273775214,0.960734908579,1.27383711867796,0,0
4274,-0.1428575288184426,0.961757580174,1.27383711867796,0,0
4275,-0.1520740273775214,0.964865109831,1.27383711867796,0,0
4276,-0.1428575288184426,0.959819036633,1.27383711867796,0,0
4277,-0.1428575288184426,0.964538380555,1.27383711867796,0,0
4278,-0.1520740273775214,0.959756222084,1.27383711867796,0,0
4279,-0.1428575288184426,0.96059374402,1.27383711867796,0,0
4280,-0.1428575288184426,0.961314958339,1.27383711867796,0,0
4281,-0.17050702449567723,0.960933421394,1.27383711867796,0,0
4282,-0.1428575288184426,0.964860114876,1.27383711867796,0,0
4283,-0.1520740273775214,0.957937869003,1.27383711867796,0,0
4284,-0.1428575288184426,0.964549944367,1.27383711867796,0,0
4285,-0.1428575288184426,0.959623706241,1.27383711867796,0,0
4286,-0.1520740273775214,0.963021946447,1.27383711867796,0,0
4287,-0.1520740273775214,0.959159544835,1.27383711867796,0,0
4288,-0.1520740273775214,0.958716015001,1.27383711867796,0,0
4289,-0.1520740273775214,0.959521221271,1.27383711867796,0,0
4290,-0.1520740273775214,0.960873771148,1.27383711867796,0,0
4291,-0.1520740273775214,0.957316589319,1.27383711867796,0,0
4292,-0.1520740273775214,0.964047331077,1.27383711867796,0,0
4293,-0.1520740273775214,0.959325576333,1.27383711867796,0,0
4294,-0.1612905259366002,0.956617637756,1.27383711867796,0,0
4295,-0.1520740273775214,0.960878071855,1.27383711867796,0,0
4296,-0.1520740273775214,0.957577115952,1.27383711867796,0,0
4297,-0.1612905259366002,0.960518491371,1.27383711867796,0,0
4298,-0.1520740273775214,0.959074691514,1.27383711867796,0,0
4299,-0.1520740273775214,0.958082646966,1.27383711867796,0,0
4300,-0.1612905259366002,0.957900813084,1.27383711867796,0,0
4301,-0.1520740273775214,0.957929798644,1.27383711867796,0,0
4302,-0.1520740273775214,0.961344463166,1.27383711867796,0,0
4303,-0.21659041786743494,0.955412733183,1.27383711867796,0,0
4304,-0.1612905259366002,0.956064683238,1.27383711867796,0,0
4305,-0.1612905259366002,0.957384413573,1.27383711867796,0,0
4306,-0.1612905259366002,0.958118341029,1.27383711867796,0,0
4307,-0.20737391930835614,0.955396925644,1.27383711867796,0,0
4308,-0.1612905259366002,0.956357151742,1.27383711867796,0,0
4309,-0.1520740273775214,0.95754528387,1.27383711867796,0,0
4310,-0.1520740273775214,0.957950030451,1.27383711867796,0,0
4311,-0.1612905259366002,0.958153345148,1.27383711867796,0,0
4312,-0.1520740273775214,0.958603036322,1.27383711867796,0,0
4313,-0.1612905259366002,0.959809524378,1.27383711867796,0,0
4314,-0.1520740273775214,0.954084930977,1.27383711867796,0,0
4315,-0.1612905259366002,0.959896199095,1.27383711867796,0,0
4316,-0.1520740273775214,0.956102353815,1.27383711867796,0,0
4317,-0.1520740273775214,0.957486731495,1.27383711867796,0,0
4318,-0.1520740273775214,0.955602581712,1.27383711867796,0,0
4319,-0.1520740273775214,0.958141424127,1.27383711867796,0,0
4320,-0.1520740273775214,0.957024251538,1.27383711867796,0,0
4321,-0.1612905259366002,0.959111858358,1.27383711867796,0,0
4322,-0.1612905259366002,0.954786143328,1.27383711867796,0,0
4323,-0.1520740273775214,0.961776823546,1.27383711867796,0,0
4324,-0.1612905259366002,0.956514425249,1.27383711867796,0,0
4325,-0.1612905259366002,0.961407349396,1.27383711867796,0,0
4326,-0.1612905259366002,0.953044947589,1.27383711867796,0,0
4327,-0.1612905259366002,0.956573779564,1.27383711867796,0,0
4328,-0.1612905259366002,0.952803030485,1.27383711867796,0,0
4329,-0.1428575288184426,0.954486578726,1.27383711867796,0,0
4330,-0.13364103025936558,0.956662321039,1.27383711867796,0,0
4331,-0.12442453170028678,0.955667136627,1.27383711867796,0,0
4332,-0.07834113832853085,0.95800005619,1.27383711867796,0,0
4333,-0.1059906340057637,0.95522461752,1.27383711867796,0,0
4334,-0.04147514409221742,0.965055785492,1.27383711867796,0,0
4335,-0.0967741354466849,0.960329766991,1.27383711867796,0,0
4336,-0.08755763688760787,0.966933745524,1.27383711867796,0,0
4337,-0.0967741354466849,0.961281336717,1.27383711867796,0,0
4338,-0.07834113832853085,0.965182279542,1.27383711867796,0,0
4339,-0.05990814121037502,0.961737124215,1.27383711867796,0,0
4340,-0.06912463976945205,0.963253896513,1.27383711867796,0,0
4341,-0.050691642651298,0.964403419558,1.27383711867796,0,0
4342,-0.04147514409221742,0.962747798983,1.27383711867796,0,0
4343,-0.050691642651298,0.96493932204,1.27383711867796,0,0
4344,-0.04147514409221742,0.963377765604,1.27383711867796,0,0
4345,-0.032258645533140395,0.968830136293,1.27383711867796,0,0
4346,-0.032258645533140395,0.962510938187,1.27383711867796,0,0
4347,-0.023042146974061595,0.969122197515,1.27383711867796,0,0
4348,-0.013824747838615536,0.961047093345,1.27383711867796,0,0
4349,-0.013824747838615536,0.964386491193,1.27383711867796,0,0
4350,-0.004608249279538512,0.962473660874,1.27383711867796,0,0
4351,-0.004608249279538512,0.968572534713,1.27383711867796,0,0
4352,-0.013824747838615536,0.966596255771,1.27383711867796,0,0
4353,-0.004608249279538512,0.964853723596,1.27383711867796,0,0
4354,-0.004608249279538512,0.965291388859,1.27383711867796,0,0
4355,-0.004608249279538512,0.960502052652,1.27383711867796,0,0
4356,-0.023042146974061595,0.96393992282,1.27383711867796,0,0
4357,-0.013824747838615536,0.960260828053,1.27383711867796,0,0
4358,-0.023042146974061595,0.965374560194,1.27383711867796,0,0
4359,-0.032258645533140395,0.960147475567,1.27383711867796,0,0
4360,-0.032258645533140395,0.963759354026,1.27383711867796,0,0
4361,-0.04147514409221742,0.956994675827,1.27383711867796,0,0
4362,-0.04147514409221742,0.967066630266,1.27383711867796,0,0
4363,-0.05990814121037502,0.956801159388,1.27383711867796,0,0
4364,-0.05990814121037502,0.961179243288,1.27383711867796,0,0
4365,-0.05990814121037502,0.957789949357,1.27383711867796,0,0
4366,-0.050691642651298,0.965969980685,1.27383711867796,0,0
4367,-0.05990814121037502,0.959312490708,1.27383711867796,0,0
4368,-0.06912463976945205,0.962517715653,1.27383711867796,0,0
4369,-0.07834113832853085,0.958121111019,1.27383711867796,0,0
4370,-0.06912463976945205,0.960521842197,1.27383711867796,0,0
4371,-0.06912463976945205,0.961944249741,1.27383711867796,0,0
4372,-0.07834113832853085,0.96225844847,1.27383711867796,0,0
4373,-0.06912463976945205,0.961713920121,1.27383711867796,0,0
4374,-0.07834113832853085,0.960647499416,1.27383711867796,0,0
4375,-0.08755763688760787,0.962481171484,1.27383711867796,0,0
4376,-0.08755763688760787,0.962173520528,1.27383711867796,0,0
4377,-0.07834113832853085,0.965545690812,1.27383711867796,0,0
4378,-0.08755763688760787,0.965878705565,1.27383711867796,0,0
4379,-0.0967741354466849,0.963231750129,1.27383711867796,0,0
4380,-0.0967741354466849,0.960812261427,1.27383711867796,0,0
4381,-0.0967741354466849,0.966019166696,1.27383711867796,0,0
4382,-0.0967741354466849,0.962958167192,1.27383711867796,0,0
4383,-0.050691642651298,0.962809487194,1.27383711867796,0,0
4384,-0.1059906340057637,0.965046570604,1.27383711867796,0,0
4385,-0.0967741354466849,0.96071160677,1.27383711867796,0,0
4386,-0.11520803314120975,0.960045420598,1.27383711867796,0,0
4387,-0.11520803314120975,0.960065758208,1.27383711867796,0,0
4388,-0.1059906340057637,0.957278232453,1.27383711867796,0,0
4389,-0.11520803314120975,0.959878452295,1.27383711867796,0,0
4390,-0.11520803314120975,0.95946003219,1.27383711867796,0,0
4391,-0.11520803314120975,0.958008167448,1.27383711867796,0,0
4392,-0.1059906340057637,0.958885999138,1.27383711867796,0,0
4393,-0.11520803314120975,0.959017814942,1.27383711867796,0,0
4394,-0.12442453170028678,0.956996205775,1.27383711867796,0,0
4395,-0.11520803314120975,0.962198120085,1.27383711867796,0,0
4396,-0.07834113832853085,0.964942482205,1.27383711867796,0,0
4397,-0.12442453170028678,0.963519434507,1.27383711867796,0,0
4398,-0.12442453170028678,0.961852203669,1.27383711867796,0,0
4399,-0.12442453170028678,0.96285467812,1.27383711867796,0,0
4400,-0.12442453170028678,0.966839509112,1.27383711867796,0,0
4401,-0.12442453170028678,0.962086059896,1.27383711867796,0,0
4402,-0.11520803314120975,0.960969709487,1.27383711867796,0,0
4403,-0.12442453170028678,0.965091342587,1.27383711867796,0,0
4404,-0.12442453170028678,0.966063067048,1.27383711867796,0,0
4405,-0.13364103025936558,0.969657466619,1.27383711867796,0,0
4406,-0.13364103025936558,0.963877917487,1.27383711867796,0,0
4407,-0.13364103025936558,0.967444864789,1.27383711867796,0,0
4408,-0.13364103025936558,0.962921245203,1.27383711867796,0,0
4409,-0.13364103025936558,0.965804572195,1.27383711867796,0,0
4410,-0.13364103025936558,0.9638116608,1.27383711867796,0,0
4411,-0.12442453170028678,0.965687909637,1.27383711867796,0,0
4412,-0.13364103025936558,0.966653945104,1.27383711867796,0,0
4413,-0.1428575288184426,0.968734998613,1.27383711867796,0,0
4414,-0.13364103025936558,0.96555176847,1.27383711867796,0,0
4415,-0.13364103025936558,0.967294374236,1.27383711867796,0,0
4416,-0.13364103025936558,0.969926614214,1.27383711867796,0,0
4417,-0.13364103025936558,0.967510575508,1.27383711867796,0,0
4418,-0.1428575288184426,0.970553127046,1.27383711867796,0,0
4419,-0.1428575288184426,0.96825718286,1.27383711867796,0,0
4420,-0.13364103025936558,0.963895301623,1.27383711867796,0,0
4421,-0.1428575288184426,0.964330669947,1.27383711867796,0,0
4422,-0.1428575288184426,0.963594666184,1.27383711867796,0,0
4423,-0.13364103025936558,0.962454375613,1.27383711867796,0,0
4424,-0.1428575288184426,0.965172717534,1.27383711867796,0,0
4425,-0.1428575288184426,0.960739237549,1.27383711867796,0,0
4426,-0.1428575288184426,0.962025436362,1.27383711867796,0,0
4427,-0.13364103025936558,0.961801789119,1.27383711867796,0,0
4428,-0.1520740273775214,0.96512324279,1.27383711867796,0,0
4429,-0.1520740273775214,0.961213754428,1.27383711867796,0,0
4430,-0.1428575288184426,0.960706304014,1.27383711867796,0,0
4431,-0.1428575288184426,0.963553621664,1.27383711867796,0,0
4432,-0.13364103025936558,0.959497438613,1.27383711867796,0,0
4433,-0.1428575288184426,0.962851413656,1.27383711867796,0,0
4434,-0.1520740273775214,0.959161795682,1.27383711867796,0,0
4435,-0.1520740273775214,0.964066062241,1.27383711867796,0,0
4436,-0.21659041786743494,0.961765984614,1.27383711867796,0,0
4437,-0.1428575288184426,0.960897599767,1.27383711867796,0,0
4438,-0.20737391930835614,0.955666238928,1.27383711867796,0,0
4439,-0.1520740273775214,0.958746790372,1.27383711867796,0,0
4440,-0.1428575288184426,0.957652847982,1.27383711867796,0,0
4441,-0.1520740273775214,0.964070634681,1.27383711867796,0,0
4442,-0.1520740273775214,0.962254175824,1.27383711867796,0,0
4443,-0.1520740273775214,0.961957700349,1.27383711867796,0,0
4444,-0.1520740273775214,0.960563763103,1.27383711867796,0,0
4445,-0.1520740273775214,0.959992219566,1.27383711867796,0,0
4446,-0.1428575288184426,0.962368559201,1.27383711867796,0,0
4447,-0.1428575288184426,0.960591696082,1.27383711867796,0,0
4448,-0.1612905259366002,0.958827723246,1.27383711867796,0,0
4449,-0.1428575288184426,0.959054138738,1.27383711867796,0,0
4450,-0.1520740273775214,0.958124441317,1.27383711867796,0,0
4451,-0.1612905259366002,0.956806082886,1.27383711867796,0,0
4452,-0.1612905259366002,0.958668130046,1.27383711867796,0,0
4453,-0.1520740273775214,0.95777451488,1.27383711867796,0,0
4454,-0.1520740273775214,0.965984474509,1.27383711867796,0,0
4455,-0.1612905259366002,0.956906984873,1.27383711867796,0,0
4456,-0.1520740273775214,0.959796229904,1.27383711867796,0,0
4457,-0.1520740273775214,0.958352494015,1.27383711867796,0,0
4458,-0.1520740273775214,0.960044076079,1.27383711867796,0,0
4459,-0.1520740273775214,0.956159811013,1.27383711867796,0,0
4460,-0.1612905259366002,0.953978898403,1.27383711867796,0,0
4461,-0.1520740273775214,0.958415424741,1.27383711867796,0,0
4462,-0.1520740273775214,0.954500881966,1.27383711867796,0,0
4463,-0.1612905259366002,0.955192919131,1.27383711867796,0,0
4464,-0.22580691642651196,0.954684953428,1.27383711867796,0,0
4465,-0.1612905259366002,0.959366863148,1.27383711867796,0,0
4466,-0.1612905259366002,0.955278443662,1.27383711867796,0,0
4467,-0.1612905259366002,0.952885350084,1.27383711867796,0,0
4468,-0.1520740273775214,0.952057989557,1.27383711867796,0,0
4469,-0.1612905259366002,0.957787037945,1.27383711867796,0,0
4470,-0.1612905259366002,0.958821858436,1.27383711867796,0,0
4471,-0.1612905259366002,0.95808037784,1.27383711867796,0,0
4472,-0.13364103025936558,0.961310098935,1.27383711867796,0,0
4473,-0.1612905259366002,0.954877020879,1.27383711867796,0,0
4474,-0.1612905259366002,0.960966606408,1.27383711867796,0,0
4475,-0.1612905259366002,0.957667479899,1.27383711867796,0,0
4476,-0.1612905259366002,0.961435198156,1.27383711867796,0,0
4477,-0.1520740273775214,0.956998582483,1.27383711867796,0,0
4478,-0.1520740273775214,0.960998348824,1.27383711867796,0,0
4479,-0.1612905259366002,0.958133282224,1.27383711867796,0,0
4480,-0.1612905259366002,0.960996276896,1.27383711867796,0,0
4481,-0.13364103025936558,0.960357336921,1.27383711867796,0,0
4482,-0.13364103025936558,0.959320048522,1.27383711867796,0,0
4483,-0.12442453170028678,0.956499851815,1.27383711867796,0,0
4484,-0.11520803314120975,0.959975927165,1.27383711867796,0,0
4485,-0.11520803314120975,0.959743032941,1.27383711867796,0,0
4486,-0.1059906340057637,0.95905853778,1.27383711867796,0,0
4487,-0.1520740273775214,0.960119850218,1.27383711867796,0,0
4488,-0.08755763688760787,0.958834907587,1.27383711867796,0,0
4489,-0.07834113832853085,0.963210123782,1.27383711867796,0,0
4490,-0.07834113832853085,0.961662085545,1.27383711867796,0,0
4491,-0.06912463976945205,0.959838996598,1.27383711867796,0,0
4492,-0.05990814121037502,0.96040592202,1.27383711867796,0,0
4493,0.004608249279538512,0.965838518584,1.27383711867796,0,0
4494,-0.050691642651298,0.965337916856,1.27383711867796,0,0
4495,-0.050691642651298,0.967797570707,1.27383711867796,0,0
4496,-0.04147514409221742,0.961748930663,1.27383711867796,0,0
4497,-0.004608249279538512,0.967231081418,1.27383711867796,0,0
4498,-0.032258645533140395,0.961778062997,1.27383711867796,0,0
4499,-0.023042146974061595,0.959255354808,1.27383711867796,0,0
4500,-0.023042146974061595,0.963527866687,1.27383711867796,0,0
4501,-0.013824747838615536,0.96111932669,1.27383711867796,0,0
4502,-0.013824747838615536,0.959826444519,1.27383711867796,0,0
4503,-0.004608249279538512,0.963455806373,1.27383711867796,0,0
4504,-0.004608249279538512,0.962309067346,1.27383711867796,0,0
4505,-0.004608249279538512,0.962532210442,1.27383711867796,0,0
4506,0.004608249279538512,0.962557385684,1.27383711867796,0,0
4507,-0.013824747838615536,0.958284210104,1.27383711867796,0,0
4508,-0.013824747838615536,0.963063931913,1.27383711867796,0,0
4509,-0.023042146974061595,0.962150582567,1.27383711867796,0,0
4510,-0.032258645533140395,0.96357392067,1.27383711867796,0,0
4511,-0.032258645533140395,0.958154868528,1.27383711867796,0,0
4512,-0.050691642651298,0.958209764214,1.27383711867796,0,0
4513,-0.04147514409221742,0.958513258895,1.27383711867796,0,0
4514,-0.05990814121037502,0.957383696316,1.27383711867796,0,0
4515,-0.050691642651298,0.963028668902,1.27383711867796,0,0
4516,-0.05990814121037502,0.959183748081,1.27383711867796,0,0
4517,-0.06912463976945205,0.961730048918,1.27383711867796,0,0
4518,-0.06912463976945205,0.957127286385,1.27383711867796,0,0
4519,-0.032258645533140395,0.959332891633,1.27383711867796,0,0
4520,-0.07834113832853085,0.959892299374,1.27383711867796,0,0
4521,-0.07834113832853085,0.962404278955,1.27383711867796,0,0
4522,-0.07834113832853085,0.959797782374,1.27383711867796,0,0
4523,-0.07834113832853085,0.963005457722,1.27383711867796,0,0
4524,-0.07834113832853085,0.958886905885,1.27383711867796,0,0
4525,-0.08755763688760787,0.962772652706,1.27383711867796,0,0
4526,-0.08755763688760787,0.962642061365,1.27383711867796,0,0
4527,-0.08755763688760787,0.960686114997,1.27383711867796,0,0
4528,-0.08755763688760787,0.963351438099,1.27383711867796,0,0
4529,-0.08755763688760787,0.960575530234,1.27383711867796,0,0
4530,-0.08755763688760787,0.964828702121,1.27383711867796,0,0
4531,-0.1059906340057637,0.960578103613,1.27383711867796,0,0
4532,-0.0967741354466849,0.964629349482,1.27383711867796,0,0
4533,-0.1059906340057637,0.961554674922,1.27383711867796,0,0
4534,-0.1059906340057637,0.962451683859,1.27383711867796,0,0
4535,-0.1059906340057637,0.958671372986,1.27383711867796,0,0
4536,-0.1059906340057637,0.962309038846,1.27383711867796,0,0
4537,-0.1059906340057637,0.958788729385,1.27383711867796,0,0
4538,-0.11520803314120975,0.960266216492,1.27383711867796,0,0
4539,-0.1059906340057637,0.958985211226,1.27383711867796,0,0
4540,-0.1059906340057637,0.957050481125,1.27383711867796,0,0
4541,-0.11520803314120975,0.960067109248,1.27383711867796,0,0
4542,-0.11520803314120975,0.955749988311,1.27383711867796,0,0
4543,-0.11520803314120975,0.961710039463,1.27383711867796,0,0
4544,-0.11520803314120975,0.956735775994,1.27383711867796,0,0
4545,-0.12442453170028678,0.957993104723,1.27383711867796,0,0
4546,-0.13364103025936558,0.960454416099,1.27383711867796,0,0
4547,-0.12442453170028678,0.965020315855,1.27383711867796,0,0
4548,-0.12442453170028678,0.96139448834,1.27383711867796,0,0
4549,-0.12442453170028678,0.961140335901,1.27383711867796,0,0
4550,-0.12442453170028678,0.962031586613,1.27383711867796,0,0
4551,-0.12442453170028678,0.967851940997,1.27383711867796,0,0
4552,-0.12442453170028678,0.962110095085,1.27383711867796,0,0
4553,-0.13364103025936558,0.967654101998,1.27383711867796,0,0
4554,-0.06912463976945205,0.965567025872,1.27383711867796,0,0
4555,-0.13364103025936558,0.963725813025,1.27383711867796,0,0
4556,-0.12442453170028678,0.969498407518,1.27383711867796,0,0
4557,-0.13364103025936558,0.962953739416,1.27383711867796,0,0
4558,-0.06912463976945205,0.971537219628,1.27383711867796,0,0
4559,-0.13364103025936558,0.962913360034,1.27383711867796,0,0
4560,-0.13364103025936558,0.969222329598,1.27383711867796,0,0
4561,-0.12442453170028678,0.966884844806,1.27383711867796,0,0
4562,-0.1428575288184426,0.963770483107,1.27383711867796,0,0
4563,-0.13364103025936558,0.966711280634,1.27383711867796,0,0
4564,-0.13364103025936558,0.95942368632,1.27383711867796,0,0
4565,-0.1428575288184426,0.965264113235,1.27383711867796,0,0
4566,-0.1428575288184426,0.963166075898,1.27383711867796,0,0
4567,-0.13364103025936558,0.965505636966,1.27383711867796,0,0
4568,-0.1428575288184426,0.962847785547,1.27383711867796,0,0
4569,-0.1428575288184426,0.9709297679,1.27383711867796,0,0
4570,-0.1428575288184426,0.962964754362,1.27383711867796,0,0
4571,-0.13364103025936558,0.970062315583,1.27383711867796,0,0
4572,-0.13364103025936558,0.964930707737,1.27383711867796,0,0
4573,-0.1428575288184426,0.967087039601,1.27383711867796,0,0
4574,-0.1428575288184426,0.96190755861,1.27383711867796,0,0
4575,-0.1428575288184426,0.964623128224,1.27383711867796,0,0
4576,-0.1428575288184426,0.963264865229,1.27383711867796,0,0
4577,-0.1612905259366002,0.963596439428,1.27383711867796,0,0
4578,-0.1520740273775214,0.962488451434,1.27383711867796,0,0
4579,-0.1428575288184426,0.966066044172,1.27383711867796,0,0
4580,-0.1520740273775214,0.964038514031,1.27383711867796,0,0
4581,-0.1428575288184426,0.961981721617,1.27383711867796,0,0
4582,-0.1428575288184426,0.966155798827,1.27383711867796,0,0
4583,-0.1520740273775214,0.960566920364,1.27383711867796,0,0
4584,-0.1428575288184426,0.964097199194,1.27383711867796,0,0
4585,-0.1520740273775214,0.963121848374,1.27383711867796,0,0
4586,-0.1520740273775214,0.965411617874,1.27383711867796,0,0
4587,-0.1520740273775214,0.957405719971,1.27383711867796,0,0
4588,-0.1428575288184426,0.963832922101,1.27383711867796,0,0
4589,-0.1612905259366002,0.958356592822,1.27383711867796,0,0
4590,-0.1428575288184426,0.964162814742,1.27383711867796,0,0
4591,-0.1520740273775214,0.959466190063,1.27383711867796,0,0
4592,-0.1428575288184426,0.961851325448,1.27383711867796,0,0
4593,-0.1520740273775214,0.961263568795,1.27383711867796,0,0
4594,-0.1520740273775214,0.958735950308,1.27383711867796,0,0
4595,-0.1428575288184426,0.959492778351,1.27383711867796,0,0
4596,-0.1520740273775214,0.958794265777,1.27383711867796,0,0
4597,-0.1520740273775214,0.961079667564,1.27383711867796,0,0
4598,-0.1520740273775214,0.958628680345,1.27383711867796,0,0
4599,-0.1520740273775214,0.962855904795,1.27383711867796,0,0
4600,-0.1520740273775214,0.958546757651,1.27383711867796,0,0
4601,-0.1428575288184426,0.957398826639,1.27383711867796,0,0
4602,-0.1520740273775214,0.96029399127,1.27383711867796,0,0
4603,-0.1520740273775214,0.958828143741,1.27383711867796,0,0
4604,-0.1428575288184426,0.958109709803,1.27383711867796,0,0
4605,-0.1520740273775214,0.954220725389,1.27383711867796,0,0
4606,-0.1520740273775214,0.960877920469,1.27383711867796,0,0
4607,-0.1520740273775214,0.956933237604,1.27383711867796,0,0
4608,-0.1520740273775214,0.959641668912,1.27383711867796,0,0
4609,-0.1520740273775214,0.955814154808,1.27383711867796,0,0
4610,-0.1520740273775214,0.958263980172,1.27383711867796,0,0
4611,-0.1520740273775214,0.95980251825,1.27383711867796,0,0
4612,-0.1520740273775214,0.960791777151,1.27383711867796,0,0
4613,-0.1520740273775214,0.957505292124,1.27383711867796,0,0
4614,-0.1520740273775214,0.959051335991,1.27383711867796,0,0
4615,-0.1520740273775214,0.958221521742,1.27383711867796,0,0
4616,-0.1520740273775214,0.962920784692,1.27383711867796,0,0
4617,-0.1520740273775214,0.959423737132,1.27383711867796,0,0
4618,-0.1612905259366002,0.95724541128,1.27383711867796,0,0
4619,-0.1520740273775214,0.957519242282,1.27383711867796,0,0
4620,-0.1428575288184426,0.958185017792,1.27383711867796,0,0
4621,-0.1520740273775214,0.960867505768,1.27383711867796,0,0
4622,-0.23502341498558899,0.956862499378,1.27383711867796,0,0
4623,-0.1612905259366002,0.957164283283,1.27383711867796,0,0
4624,-0.1612905259366002,0.955129585758,1.27383711867796,0,0
4625,-0.1520740273775214,0.954915285704,1.27383711867796,0,0
4626,-0.1520740273775214,0.952684136117,1.27383711867796,0,0
4627,-0.1520740273775214,0.959010968575,1.27383711867796,0,0
4628,-0.1612905259366002,0.956761455629,1.27383711867796,0,0
4629,-0.1612905259366002,0.956224946068,1.27383711867796,0,0
4630,-0.1520740273775214,0.956966065813,1.27383711867796,0,0
4631,-0.1428575288184426,0.957855589041,1.27383711867796,0,0
4632,-0.1428575288184426,0.959158492256,1.27383711867796,0,0
4633,-0.12442453170028678,0.956418631925,1.27383711867796,0,0
4634,-0.12442453170028678,0.95737896772,1.27383711867796,0,0
4635,-0.1059906340057637,0.956474259399,1.27383711867796,0,0
4636,-0.1059906340057637,0.959761936896,1.27383711867796,0,0
4637,-0.08755763688760787,0.960889843038,1.27383711867796,0,0
4638,-0.08755763688760787,0.962639965691,1.27383711867796,0,0
4639,-0.032258645533140395,0.963745030638,1.27383711867796,0,0
4640,-0.07834113832853085,0.962892624006,1.27383711867796,0,0
4641,-0.06912463976945205,0.963316718927,1.27383711867796,0,0
4642,-0.05990814121037502,0.963062406628,1.27383711867796,0,0
4643,-0.05990814121037502,0.965521580161,1.27383711867796,0,0
4644,-0.050691642651298,0.960506659345,1.27383711867796,0,0
4645,-0.04147514409221742,0.963839570655,1.27383711867796,0,0
4646,-0.032258645533140395,0.965508497231,1.27383711867796,0,0
4647,-0.04147514409221742,0.962266495909,1.27383711867796,0,0
4648,-0.032258645533140395,0.96020659596,1.27383711867796,0,0
4649,-0.023042146974061595,0.958162236326,1.27383711867796,0,0
4650,-0.013824747838615536,0.961134229192,1.27383711867796,0,0
4651,-0.023042146974061595,0.962496280867,1.27383711867796,0,0
4652,-0.004608249279538512,0.960706555012,1.27383711867796,0,0
4653,-0.013824747838615536,0.96301442042,1.27383711867796,0,0
4654,-0.013824747838615536,0.9633343562,1.27383711867796,0,0
4655,-0.013824747838615536,0.958070670674,1.27383711867796,0,0
4656,-0.004608249279538512,0.962353188996,1.27383711867796,0,0
4657,-0.013824747838615536,0.960510251975,1.27383711867796,0,0
4658,-0.013824747838615536,0.956691991576,1.27383711867796,0,0
4659,-0.032258645533140395,0.961839321593,1.27383711867796,0,0
4660,-0.023042146974061595,0.963247310612,1.27383711867796,0,0
4661,-0.032258645533140395,0.962319212857,1.27383711867796,0,0
4662,-0.04147514409221742,0.962593023709,1.27383711867796,0,0
4663,-0.04147514409221742,0.960283822282,1.27383711867796,0,0
4664,-0.04147514409221742,0.961815180041,1.27383711867796,0,0
4665,-0.050691642651298,0.963316194569,1.27383711867796,0,0
4666,-0.050691642651298,0.962168269994,1.27383711867796,0,0
4667,-0.05990814121037502,0.963532465768,1.27383711867796,0,0
4668,-0.05990814121037502,0.960251778515,1.27383711867796,0,0
4669,-0.04147514409221742,0.961784121042,1.27383711867796,0,0
4670,-0.06912463976945205,0.959918096599,1.27383711867796,0,0
4671,-0.06912463976945205,0.965268776567,1.27383711867796,0,0
4672,-0.06912463976945205,0.962683166125,1.27383711867796,0,0
4673,-0.07834113832853085,0.963080593001,1.27383711867796,0,0
4674,-0.07834113832853085,0.960332586797,1.27383711867796,0,0
4675,-0.08755763688760787,0.959406048979,1.27383711867796,0,0
4676,-0.07834113832853085,0.95773927495,1.27383711867796,0,0
4677,-0.08755763688760787,0.96122084221,1.27383711867796,0,0
4678,-0.08755763688760787,0.965558987102,1.27383711867796,0,0
4679,-0.06912463976945205,0.96444361458,1.27383711867796,0,0
4680,-0.0967741354466849,0.960971443612,1.27383711867796,0,0
4681,-0.08755763688760787,0.962282825968,1.27383711867796,0,0
4682,-0.0967741354466849,0.957984081052,1.27383711867796,0,0
4683,-0.0967741354466849,0.961680671588,1.27383711867796,0,0
4684,-0.0967741354466849,0.959704125751,1.27383711867796,0,0
4685,-0.1059906340057637,0.959699017359,1.27383711867796,0,0
4686,-0.0967741354466849,0.962032746197,1.27383711867796,0,0
4687,-0.1059906340057637,0.953636565581,1.27383711867796,0,0
4688,-0.1059906340057637,0.956377435259,1.27383711867796,0,0
4689,-0.11520803314120975,0.956165378281,1.27383711867796,0,0
4690,-0.1059906340057637,0.955459982822,1.27383711867796,0,0
4691,-0.11520803314120975,0.959657659849,1.27383711867796,0,0
4692,-0.11520803314120975,0.956521822428,1.27383711867796,0,0
4693,-0.11520803314120975,0.958236525424,1.27383711867796,0,0
4694,-0.12442453170028678,0.957574017289,1.27383711867796,0,0
4695,-0.1059906340057637,0.957886077295,1.27383711867796,0,0
4696,-0.11520803314120975,0.96136606868,1.27383711867796,0,0
4697,-0.12442453170028678,0.962286778788,1.27383711867796,0,0
4698,-0.11520803314120975,0.962341831507,1.27383711867796,0,0
4699,-0.12442453170028678,0.961996461038,1.27383711867796,0,0
4700,-0.11520803314120975,0.959841567011,1.27383711867796,0,0
4701,-0.12442453170028678,0.964873465244,1.27383711867796,0,0
4702,-0.12442453170028678,0.964588702397,1.27383711867796,0,0
4703,-0.12442453170028678,0.964332372817,1.27383711867796,0,0
4704,-0.12442453170028678,0.962920089503,1.27383711867796,0,0
4705,-0.12442453170028678,0.963677046294,1.27383711867796,0,0
4706,-0.12442453170028678,0.96403943728,1.27383711867796,0,0
4707,-0.11520803314120975,0.964813461737,1.27383711867796,0,0
4708,-0.13364103025936558,0.964788462232,1.27383711867796,0,0
4709,-0.13364103025936558,0.964301062205,1.27383711867796,0,0
4710,-0.12442453170028678,0.964278128647,1.27383711867796,0,0
4711,-0.13364103025936558,0.961350711899,1.27383711867796,0,0
4712,-0.13364103025936558,0.964374291567,1.27383711867796,0,0
4713,-0.13364103025936558,0.964374291567,1.27383711867796,0,0
4714,-0.11520803314120975,0.965961966394,1.27383711867796,0,0
4715,-0.1428575288184426,0.967053487639,1.27383711867796,0,0
4716,-0.0967741354466849,0.96732817697,1.27383711867796,0,0
4717,-0.13364103025936558,0.966948824956,1.27383711867796,0,0
4718,-0.1428575288184426,0.966426924316,1.27383711867796,0,0
4719,-0.1428575288184426,0.968386011081,1.27383711867796,0,0
4720,-0.13364103025936558,0.967219398673,1.27383711867796,0,0
4721,-0.1428575288184426,0.965433181746,1.27383711867796,0,0
4722,-0.1428575288184426,0.966168232503,1.27383711867796,0,0
4723,-0.1428575288184426,0.963535144128,1.27383711867796,0,0
4724,-0.1520740273775214,0.963103866018,1.27383711867796,0,0
4725,-0.1428575288184426,0.959411228804,1.27383711867796,0,0
4726,-0.1428575288184426,0.962862687973,1.27383711867796,0,0
4727,-0.1428575288184426,0.962120288374,1.27383711867796,0,0
4728,-0.13364103025936558,0.962913590896,1.27383711867796,0,0
4729,-0.12442453170028678,0.967870178806,1.27383711867796,0,0
4730,-0.1428575288184426,0.959909377583,1.27383711867796,0,0
4731,-0.1520740273775214,0.965497729566,1.27383711867796,0,0
4732,-0.1428575288184426,0.961896379968,1.27383711867796,0,0
4733,-0.1428575288184426,0.962031574701,1.27383711867796,0,0
4734,-0.1428575288184426,0.957695108672,1.27383711867796,0,0
4735,-0.1520740273775214,0.960573622508,1.27383711867796,0,0
4736,-0.22580691642651196,0.9573437965,1.27383711867796,0,0
4737,-0.1428575288184426,0.958307703004,1.27383711867796,0,0
4738,-0.1520740273775214,0.961504350034,1.27383711867796,0,0
4739,-0.1520740273775214,0.96309512034,1.27383711867796,0,0
4740,-0.1520740273775214,0.961901866011,1.27383711867796,0,0
4741,-0.1520740273775214,0.964145268916,1.27383711867796,0,0
4742,-0.1520740273775214,0.961894722054,1.27383711867796,0,0
4743,-0.1428575288184426,0.959592013421,1.27383711867796,0,0
4744,-0.1428575288184426,0.963401777886,1.27383711867796,0,0
4745,-0.1520740273775214,0.95906031352,1.27383711867796,0,0
4746,-0.1520740273775214,0.961327857002,1.27383711867796,0,0
4747,-0.1520740273775214,0.960362205683,1.27383711867796,0,0
4748,-0.1612905259366002,0.960675178247,1.27383711867796,0,0
4749,-0.1520740273775214,0.956782270538,1.27383711867796,0,0
4750,-0.1612905259366002,0.960055621676,1.27383711867796,0,0
4751,-0.1520740273775214,0.959753171315,1.27383711867796,0,0
4752,-0.1520740273775214,0.959134244699,1.27383711867796,0,0
4753,-0.1520740273775214,0.960419669267,1.27383711867796,0,0
4754,-0.1612905259366002,0.960733765683,1.27383711867796,0,0
4755,-0.1520740273775214,0.961241822801,1.27383711867796,0,0
4756,-0.1520740273775214,0.959067909983,1.27383711867796,0,0
4757,-0.1520740273775214,0.960808947956,1.27383711867796,0,0
4758,-0.1612905259366002,0.957071202109,1.27383711867796,0,0
4759,-0.1428575288184426,0.959965675902,1.27383711867796,0,0
4760,-0.1520740273775214,0.95569825827,1.27383711867796,0,0
4761,-0.1612905259366002,0.955102365732,1.27383711867796,0,0
4762,-0.1612905259366002,0.954826750699,1.27383711867796,0,0
4763,-0.1612905259366002,0.958880274343,1.27383711867796,0,0
4764,-0.1612905259366002,0.957685778661,1.27383711867796,0,0
4765,-0.1520740273775214,0.954482722127,1.27383711867796,0,0
4766,-0.1612905259366002,0.953448499923,1.27383711867796,0,0
4767,-0.1612905259366002,0.958535426398,1.27383711867796,0,0
4768,-0.1612905259366002,0.957979646248,1.27383711867796,0,0
4769,-0.1520740273775214,0.959610276568,1.27383711867796,0,0
4770,-0.17050702449567723,0.958933746348,1.27383711867796,0,0
4771,-0.1612905259366002,0.955846295099,1.27383711867796,0,0
4772,-0.1612905259366002,0.955890291265,1.27383711867796,0,0
4773,-0.1612905259366002,0.956653217864,1.27383711867796,0,0
4774,-0.1520740273775214,0.961463798142,1.27383711867796,0,0
4775,-0.1428575288184426,0.957224405812,1.27383711867796,0,0
4776,-0.1520740273775214,0.957607177671,1.27383711867796,0,0
4777,-0.05990814121037502,0.959927386463,1.27383711867796,0,0
4778,-0.11520803314120975,0.961461795864,1.27383711867796,0,0
4779,-0.11520803314120975,0.962271949527,1.27383711867796,0,0
4780,-0.1059906340057637,0.95957574629,1.27383711867796,0,0
4781,-0.0967741354466849,0.962935768895,1.27383711867796,0,0
4782,-0.0967741354466849,0.96106295249,1.27383711867796,0,0
4783,-0.08755763688760787,0.961318227927,1.27383711867796,0,0
4784,-0.07834113832853085,0.961881029532,1.27383711867796,0,0
4785,-0.06912463976945205,0.964842580472,1.27383711867796,0,0
4786,-0.06912463976945205,0.96142350917,1.27383711867796,0,0
4787,-0.05990814121037502,0.963912148844,1.27383711867796,0,0
4788,-0.05990814121037502,0.963827760178,1.27383711867796,0,0
4789,-0.050691642651298,0.962346458873,1.27383711867796,0,0
4790,-0.04147514409221742,0.961232437525,1.27383711867796,0,0
4791,-0.032258645533140395,0.960266234124,1.27383711867796,0,0
4792,-0.032258645533140395,0.964352647814,1.27383711867796,0,0
4793,-0.032258645533140395,0.958800614425,1.27383711867796,0,0
4794,-0.023042146974061595,0.961202105439,1.27383711867796,0,0
4795,-0.013824747838615536,0.955802813111,1.27383711867796,0,0
4796,-0.004608249279538512,0.963330094139,1.27383711867796,0,0
4797,-0.004608249279538512,0.961997857923,1.27383711867796,0,0
4798,-0.004608249279538512,0.960251096536,1.27383711867796,0,0
4799,-0.004608249279538512,0.95842990131,1.27383711867796,0,0
4800,-0.013824747838615536,0.960534297388,1.27383711867796,0,0
4801,-0.013824747838615536,0.963835864215,1.27383711867796,0,0
4802,-0.023042146974061595,0.958654221587,1.27383711867796,0,0
4803,-0.023042146974061595,0.964327335956,1.27383711867796,0,0
4804,-0.023042146974061595,0.962510630382,1.27383711867796,0,0
4805,-0.032258645533140395,0.964802816255,1.27383711867796,0,0
4806,-0.032258645533140395,0.957658035657,1.27383711867796,0,0
4807,-0.04147514409221742,0.960409206309,1.27383711867796,0,0
4808,-0.04147514409221742,0.956797162275,1.27383711867796,0,0
4809,-0.050691642651298,0.958242804796,1.27383711867796,0,0
4810,-0.06912463976945205,0.958665510305,1.27383711867796,0,0
4811,-0.05990814121037502,0.960854538808,1.27383711867796,0,0
4812,-0.06912463976945205,0.9607276886,1.27383711867796,0,0
4813,-0.06912463976945205,0.95845674713,1.27383711867796,0,0
4814,-0.07834113832853085,0.956947717414,1.27383711867796,0,0
4815,-0.07834113832853085,0.959960449791,1.27383711867796,0,0
4816,-0.07834113832853085,0.959554939544,1.27383711867796,0,0
4817,-0.07834113832853085,0.960747066889,1.27383711867796,0,0
4818,-0.07834113832853085,0.961823379474,1.27383711867796,0,0
4819,-0.08755763688760787,0.958265963466,1.27383711867796,0,0
4820,-0.08755763688760787,0.959608654922,1.27383711867796,0,0
4821,-0.08755763688760787,0.963501832278,1.27383711867796,0,0
4822,-0.04147514409221742,0.966333175814,1.27383711867796,0,0
4823,-0.0967741354466849,0.964947792507,1.27383711867796,0,0
4824,-0.08755763688760787,0.964612820224,1.27383711867796,0,0
4825,-0.0967741354466849,0.961724651187,1.27383711867796,0,0
4826,-0.1059906340057637,0.960640085588,1.27383711867796,0,0
4827,-0.0967741354466849,0.961518944655,1.27383711867796,0,0
4828,-0.1059906340057637,0.956857450848,1.27383711867796,0,0
4829,-0.1059906340057637,0.96180081793,1.27383711867796,0,0
4830,-0.1059906340057637,0.961745825659,1.27383711867796,0,0
4831,-0.11520803314120975,0.960610907143,1.27383711867796,0,0
4832,-0.11520803314120975,0.957567841112,1.27383711867796,0,0
4833,-0.1059906340057637,0.959519236559,1.27383711867796,0,0
4834,-0.11520803314120975,0.959081641828,1.27383711867796,0,0
4835,-0.1059906340057637,0.956214347366,1.27383711867796,0,0
4836,-0.1059906340057637,0.955528755706,1.27383711867796,0,0
4837,-0.1059906340057637,0.958683235529,1.27383711867796,0,0
4838,-0.12442453170028678,0.961347518933,1.27383711867796,0,0
4839,-0.11520803314120975,0.965292124213,1.27383711867796,0,0
4840,-0.12442453170028678,0.963296684551,1.27383711867796,0,0
4841,-0.11520803314120975,0.960069618494,1.27383711867796,0,0
4842,-0.12442453170028678,0.960856073974,1.27383711867796,0,0
4843,-0.12442453170028678,0.963527575262,1.27383711867796,0,0
4844,-0.12442453170028678,0.962671050074,1.27383711867796,0,0
4845,-0.12442453170028678,0.95944721631,1.27383711867796,0,0
4846,-0.13364103025936558,0.962611387876,1.27383711867796,0,0
4847,-0.13364103025936558,0.961928134527,1.27383711867796,0,0
4848,-0.12442453170028678,0.964820782397,1.27383711867796,0,0
4849,-0.13364103025936558,0.964662220777,1.27383711867796,0,0
4850,-0.13364103025936558,0.969236760388,1.27383711867796,0,0
4851,-0.12442453170028678,0.964569340268,1.27383711867796,0,0
4852,-0.13364103025936558,0.968157814606,1.27383711867796,0,0
4853,-0.13364103025936558,0.963650318008,1.27383711867796,0,0
4854,-0.13364103025936558,0.96553387736,1.27383711867796,0,0
4855,-0.1428575288184426,0.962887319164,1.27383711867796,0,0
4856,-0.12442453170028678,0.965717604496,1.27383711867796,0,0
4857,-0.1428575288184426,0.967812957916,1.27383711867796,0,0
4858,-0.13364103025936558,0.967493328102,1.27383711867796,0,0
4859,-0.1428575288184426,0.965344015253,1.27383711867796,0,0
4860,-0.1428575288184426,0.964570724666,1.27383711867796,0,0
4861,-0.1428575288184426,0.967791965662,1.27383711867796,0,0
4862,-0.1428575288184426,0.965712745685,1.27383711867796,0,0
4863,-0.1428575288184426,0.967977706297,1.27383711867796,0,0
4864,-0.1428575288184426,0.965715393336,1.27383711867796,0,0
4865,-0.1428575288184426,0.966544154645,1.27383711867796,0,0
4866,-0.1428575288184426,0.962125007826,1.27383711867796,0,0
4867,-0.1428575288184426,0.963547678949,1.27383711867796,0,0
4868,-0.13364103025936558,0.966361889149,1.27383711867796,0,0
4869,-0.1428575288184426,0.964455146839,1.27383711867796,0,0
4870,-0.1428575288184426,0.962400118344,1.27383711867796,0,0
4871,-0.1428575288184426,0.963269394204,1.27383711867796,0,0
4872,-0.1428575288184426,0.965848559961,1.27383711867796,0,0
4873,-0.1428575288184426,0.959641943737,1.27383711867796,0,0
4874,-0.1428575288184426,0.960746804453,1.27383711867796,0,0
4875,-0.1520740273775214,0.965650912598,1.27383711867796,0,0
4876,-0.1428575288184426,0.960582348347,1.27383711867796,0,0
4877,-0.1520740273775214,0.959107632697,1.27383711867796,0,0
4878,-0.1981574207492791,0.960326231924,1.27383711867796,0,0
4879,-0.1428575288184426,0.960042294088,1.27383711867796,0,0
4880,-0.1428575288184426,0.960313193821,1.27383711867796,0,0
4881,-0.1520740273775214,0.963078180606,1.27383711867796,0,0
4882,-0.1612905259366002,0.960091799137,1.27383711867796,0,0
4883,-0.1520740273775214,0.960773532019,1.27383711867796,0,0
4884,-0.1520740273775214,0.961607563994,1.27383711867796,0,0
4885,-0.1520740273775214,0.958900834352,1.27383711867796,0,0
4886,-0.1520740273775214,0.958104834818,1.27383711867796,0,0
4887,-0.1520740273775214,0.961245233738,1.27383711867796,0,0
4888,-0.1612905259366002,0.960393215696,1.27383711867796,0,0
4889,-0.1520740273775214,0.959094057709,1.27383711867796,0,0
4890,-0.1520740273775214,0.956632056855,1.27383711867796,0,0
4891,-0.1520740273775214,0.956727597955,1.27383711867796,0,0
4892,-0.1428575288184426,0.957600160955,1.27383711867796,0,0
4893,-0.1520740273775214,0.960419871809,1.27383711867796,0,0
4894,-0.1520740273775214,0.960042125241,1.27383711867796,0,0
4895,-0.1428575288184426,0.962279522767,1.27383711867796,0,0
4896,-0.1520740273775214,0.961669875255,1.27383711867796,0,0
4897,-0.1520740273775214,0.958446394293,1.27383711867796,0,0
4898,-0.1520740273775214,0.962073697311,1.27383711867796,0,0
4899,-0.1520740273775214,0.956546884384,1.27383711867796,0,0
4900,-0.1520740273775214,0.955694757315,1.27383711867796,0,0
4901,-0.1520740273775214,0.958956632659,1.27383711867796,0,0
4902,-0.1520740273775214,0.95620626861,1.27383711867796,0,0
4903,-0.1612905259366002,0.955698400941,1.27383711867796,0,0
4904,-0.1520740273775214,0.954615911961,1.27383711867796,0,0
4905,-0.1520740273775214,0.954528851143,1.27383711867796,0,0
4906,-0.11520803314120975,0.956858464267,1.27383711867796,0,0
4907,-0.1520740273775214,0.956997831153,1.27383711867796,0,0
4908,-0.21659041786743494,0.956660803908,1.27383711867796,0,0
4909,-0.1612905259366002,0.958429337028,1.27383711867796,0,0
4910,-0.1612905259366002,0.957783466181,1.27383711867796,0,0
4911,-0.1612905259366002,0.955347166591,1.27383711867796,0,0
4912,-0.1612905259366002,0.955765559265,1.27383711867796,0,0
4913,-0.1428575288184426,0.95811998478,1.27383711867796,0,0
4914,-0.1612905259366002,0.958904076864,1.27383711867796,0,0
4915,-0.1520740273775214,0.957352449161,1.27383711867796,0,0
4916,-0.1612905259366002,0.958636527639,1.27383711867796,0,0
4917,-0.1612905259366002,0.958996597748,1.27383711867796,0,0
4918,-0.1520740273775214,0.959290394216,1.27383711867796,0,0
4919,-0.1612905259366002,0.956546907521,1.27383711867796,0,0
4920,-0.1612905259366002,0.95444986238,1.27383711867796,0,0
4921,-0.1612905259366002,0.954745451418,1.27383711867796,0,0
4922,-0.1520740273775214,0.958230951646,1.27383711867796,0,0
4923,-0.1612905259366002,0.956352341047,1.27383711867796,0,0
4924,-0.1612905259366002,0.958123524255,1.27383711867796,0,0
4925,-0.17050702449567723,0.955395495954,1.27383711867796,0,0
4926,-0.1520740273775214,0.960834742479,1.27383711867796,0,0
4927,-0.17050702449567723,0.953447026657,1.27383711867796,0,0
4928,-0.17050702449567723,0.956452697329,1.27383711867796,0,0
4929,-0.1428575288184426,0.959250695073,1.27383711867796,0,0
4930,-0.18894002161383305,0.957336837315,1.27383711867796,0,0
4931,-0.13364103025936558,0.956230049411,1.27383711867796,0,0
4932,-0.13364103025936558,0.955750290303,1.27383711867796,0,0
4933,-0.11520803314120975,0.95914332112,1.27383711867796,0,0
4934,-0.11520803314120975,0.955066552487,1.27383711867796,0,0
4935,-0.0967741354466849,0.961117089217,1.27383711867796,0,0
4936,-0.0967741354466849,0.959794946626,1.27383711867796,0,0
4937,-0.0967741354466849,0.962629464995,1.27383711867796,0,0
4938,-0.05990814121037502,0.9618396767,1.27383711867796,0,0
4939,-0.07834113832853085,0.961845732857,1.27383711867796,0,0
4940,-0.07834113832853085,0.961509283751,1.27383711867796,0,0
4941,-0.06912463976945205,0.963570239624,1.27383711867796,0,0
4942,-0.050691642651298,0.961627675182,1.27383711867796,0,0
4943,-0.04147514409221742,0.960185240648,1.27383711867796,0,0
4944,-0.050691642651298,0.960334371436,1.27383711867796,0,0
4945,-0.04147514409221742,0.963981397248,1.27383711867796,0,0
4946,-0.023042146974061595,0.964611337271,1.27383711867796,0,0
4947,-0.023042146974061595,0.961663712427,1.27383711867796,0,0
4948,-0.023042146974061595,0.963646903377,1.27383711867796,0,0
4949,-0.023042146974061595,0.959932174104,1.27383711867796,0,0
4950,-0.013824747838615536,0.964292528836,1.27383711867796,0,0
4951,-0.013824747838615536,0.96346972411,1.27383711867796,0,0
4952,-0.013824747838615536,0.960491852042,1.27383711867796,0,0
4953,-0.004608249279538512,0.959618137228,1.27383711867796,0,0
4954,-0.004608249279538512,0.961620142637,1.27383711867796,0,0
4955,-0.013824747838615536,0.960392055363,1.27383711867796,0,0
4956,-0.004608249279538512,0.964434733414,1.27383711867796,0,0
4957,-0.013824747838615536,0.961633631241,1.27383711867796,0,0
4958,-0.023042146974061595,0.963248718247,1.27383711867796,0,0
4959,-0.032258645533140395,0.963302654389,1.27383711867796,0,0
4960,-0.023042146974061595,0.961664841573,1.27383711867796,0,0
4961,-0.032258645533140395,0.963813920757,1.27383711867796,0,0
4962,-0.04147514409221742,0.959433092742,1.27383711867796,0,0
4963,-0.032258645533140395,0.962789762934,1.27383711867796,0,0
4964,-0.050691642651298,0.961834858147,1.27383711867796,0,0
4965,-0.050691642651298,0.963469326366,1.27383711867796,0,0
4966,-0.050691642651298,0.958996319517,1.27383711867796,0,0
4967,0.004608249279538512,0.965068272943,1.27383711867796,0,0
4968,-0.06912463976945205,0.960610733727,1.27383711867796,0,0
4969,-0.032258645533140395,0.96816268937,1.27383711867796,0,0
4970,-0.06912463976945205,0.959386088843,1.27383711867796,0,0
4971,-0.023042146974061595,0.965800172747,1.27383711867796,0,0
4972,-0.07834113832853085,0.961442829714,1.27383711867796,0,0
4973,-0.07834113832853085,0.963921636182,1.27383711867796,0,0
4974,-0.07834113832853085,0.960266880755,1.27383711867796,0,0
4975,-0.08755763688760787,0.962511844452,1.27383711867796,0,0
4976,-0.07834113832853085,0.959959789975,1.27383711867796,0,0
4977,-0.08755763688760787,0.958712844957,1.27383711867796,0,0
4978,-0.08755763688760787,0.960733348769,1.27383711867796,0,0
4979,-0.0967741354466849,0.95980977957,1.27383711867796,0,0
4980,-0.08755763688760787,0.960393040563,1.27383711867796,0,0
4981,-0.1059906340057637,0.958406135606,1.27383711867796,0,0
4982,-0.0967741354466849,0.963378567711,1.27383711867796,0,0
4983,-0.1059906340057637,0.956551054079,1.27383711867796,0,0
4984,-0.0967741354466849,0.960527218437,1.27383711867796,0,0
4985,-0.1059906340057637,0.957703570851,1.27383711867796,0,0
4986,-0.0967741354466849,0.959999427418,1.27383711867796,0,0
4987,-0.1059906340057637,0.956410098914,1.27383711867796,0,0
4988,-0.11520803314120975,0.957850019929,1.27383711867796,0,0
4989,-0.1059906340057637,0.959114943843,1.27383711867796,0,0
4990,-0.11520803314120975,0.956216516799,1.27383711867796,0,0
4991,-0.11520803314120975,0.958133147738,1.27383711867796,0,0
4992,-0.11520803314120975,0.959040059157,1.27383711867796,0,0
4993,-0.11520803314120975,0.964926586044,1.27383711867796,0,0
4994,-0.12442453170028678,0.958615250196,1.27383711867796,0,0
4995,-0.11520803314120975,0.965552495344,1.27383711867796,0,0
4996,-0.11520803314120975,0.95991496788,1.27383711867796,0,0
4997,-0.12442453170028678,0.966324667795,1.27383711867796,0,0
4998,-0.12442453170028678,0.95795846687,1.27383711867796,0,0
4999,-0.11520803314120975,0.96582761807,1.27383711867796,0,0
5000,-0.12442453170028678,0.96194154147,1.27383711867796,0,0
5001,-0.12442453170028678,0.967368821166,1.27383711867796,0,0
5002,-0.13364103025936558,0.962948205049,1.27383711867796,0,0
5003,-0.12442453170028678,0.96635484574,1.27383711867796,0,0
5004,-0.12442453170028678,0.963240383416,1.27383711867796,0,0
5005,-0.13364103025936558,0.966306891448,1.27383711867796,0,0
5006,-0.12442453170028678,0.964932031066,1.27383711867796,0,0
5007,-0.13364103025936558,0.964661933511,1.27383711867796,0,0
5008,-0.13364103025936558,0.967300078563,1.27383711867796,0,0
5009,-0.12442453170028678,0.960108279937,1.27383711867796,0,0
5010,-0.13364103025936558,0.96788236039,1.27383711867796,0,0
5011,-0.13364103025936558,0.966481657336,1.27383711867796,0,0
5012,-0.13364103025936558,0.970774654993,1.27383711867796,0,0
5013,-0.13364103025936558,0.96756202231,1.27383711867796,0,0
5014,-0.1428575288184426,0.968798033464,1.27383711867796,0,0
5015,-0.13364103025936558,0.964824710411,1.27383711867796,0,0
5016,-0.13364103025936558,0.966538190864,1.27383711867796,0,0
5017,-0.1428575288184426,0.968273659439,1.27383711867796,0,0
5018,-0.12442453170028678,0.963371812005,1.27383711867796,0,0
5019,-0.13364103025936558,0.971621142375,1.27383711867796,0,0
5020,-0.13364103025936558,0.963694977487,1.27383711867796,0,0
5021,-0.1520740273775214,0.96895821789,1.27383711867796,0,0
5022,-0.1428575288184426,0.959306540227,1.27383711867796,0,0
5023,-0.1428575288184426,0.96245678847,1.27383711867796,0,0
5024,-0.1428575288184426,0.964205764479,1.27383711867796,0,0
5025,-0.1428575288184426,0.968188894158,1.27383711867796,0,0
5026,-0.1520740273775214,0.966025970286,1.27383711867796,0,0
5027,-0.1428575288184426,0.961133091726,1.27383711867796,0,0
5028,-0.1428575288184426,0.962306413092,1.27383711867796,0,0
5029,-0.1428575288184426,0.964678116756,1.27383711867796,0,0
5030,-0.1428575288184426,0.966824818701,1.27383711867796,0,0
5031,-0.1520740273775214,0.961581385427,1.27383711867796,0,0
5032,-0.1520740273775214,0.963120506686,1.27383711867796,0,0
5033,-0.1981574207492791,0.957361258347,1.27383711867796,0,0
5034,-0.1520740273775214,0.963712088706,1.27383711867796,0,0
5035,-0.1520740273775214,0.95810494847,1.27383711867796,0,0
5036,-0.1428575288184426,0.960635962812,1.27383711867796,0,0
5037,-0.1520740273775214,0.959842542714,1.27383711867796,0,0
5038,-0.1520740273775214,0.961788351223,1.27383711867796,0,0
5039,-0.1520740273775214,0.960643295031,1.27383711867796,0,0
5040,-0.1520740273775214,0.960524014682,1.27383711867796,0,0
5041,-0.1520740273775214,0.961440570394,1.27383711867796,0,0
5042,-0.1520740273775214,0.961811005048,1.27383711867796,0,0
5043,-0.1428575288184426,0.960765319372,1.27383711867796,0,0
5044,-0.1428575288184426,0.960922921622,1.27383711867796,0,0
5045,-0.1612905259366002,0.958759416454,1.27383711867796,0,0
5046,-0.1612905259366002,0.958008869477,1.27383711867796,0,0
5047,-0.1520740273775214,0.958828879382,1.27383711867796,0,0
5048,-0.1520740273775214,0.957711986825,1.27383711867796,0,0
5049,-0.1612905259366002,0.957977688254,1.27383711867796,0,0
5050,-0.1612905259366002,0.956552445748,1.27383711867796,0,0
5051,-0.1520740273775214,0.95937952075,1.27383711867796,0,0
5052,-0.1520740273775214,0.958352403197,1.27383711867796,0,0
5053,-0.1612905259366002,0.957452661174,1.27383711867796,0,0
5054,-0.1520740273775214,0.958069957846,1.27383711867796,0,0
5055,-0.1612905259366002,0.957822992457,1.27383711867796,0,0
5056,-0.1612905259366002,0.958107183927,1.27383711867796,0,0
5057,-0.1520740273775214,0.95562128737,1.27383711867796,0,0
5058,-0.1520740273775214,0.954691361159,1.27383711867796,0,0
5059,-0.1612905259366002,0.954233462364,1.27383711867796,0,0
5060,-0.1612905259366002,0.955149065331,1.27383711867796,0,0
5061,-0.1520740273775214,0.95652641645,1.27383711867796,0,0
5062,-0.1520740273775214,0.955285579978,1.27383711867796,0,0
5063,-0.1612905259366002,0.957241753385,1.27383711867796,0,0
5064,-0.1520740273775214,0.958042671464,1.27383711867796,0,0
5065,-0.1520740273775214,0.956558084185,1.27383711867796,0,0
5066,-0.1612905259366002,0.956938769132,1.27383711867796,0,0
5067,-0.1520740273775214,0.956870227837,1.27383711867796,0,0
5068,-0.1612905259366002,0.956658536337,1.27383711867796,0,0
5069,-0.11520803314120975,0.960005338717,1.27383711867796,0,0
5070,-0.1612905259366002,0.95485569907,1.27383711867796,0,0
5071,-0.1520740273775214,0.958599626258,1.27383711867796,0,0
5072,-0.1520740273775214,0.955343286728,1.27383711867796,0,0
5073,-0.13364103025936558,0.961815635883,1.27383711867796,0,0
5074,-0.1612905259366002,0.95417784082,1.27383711867796,0,0
5075,-0.1520740273775214,0.958921083296,1.27383711867796,0,0
5076,-0.1612905259366002,0.957967369578,1.27383711867796,0,0
5077,-0.1612905259366002,0.957522903932,1.27383711867796,0,0
5078,-0.1612905259366002,0.955205926044,1.27383711867796,0,0
5079,-0.17050702449567723,0.957575721943,1.27383711867796,0,0
5080,-0.1520740273775214,0.956895638355,1.27383711867796,0,0
5081,-0.1612905259366002,0.956297325825,1.27383711867796,0,0
5082,-0.1612905259366002,0.957889297363,1.27383711867796,0,0
5083,-0.1612905259366002,0.954545318237,1.27383711867796,0,0
5084,-0.1612905259366002,0.958162111225,1.27383711867796,0,0
5085,-0.1612905259366002,0.953866817031,1.27383711867796,0,0
5086,-0.1520740273775214,0.957923378272,1.27383711867796,0,0
5087,-0.1428575288184426,0.955685711156,1.27383711867796,0,0
5088,-0.13364103025936558,0.956772426095,1.27383711867796,0,0
5089,-0.13364103025936558,0.956756477211,1.27383711867796,0,0
5090,-0.11520803314120975,0.957477603574,1.27383711867796,0,0
5091,-0.11520803314120975,0.956627370621,1.27383711867796,0,0
5092,-0.1520740273775214,0.958561610212,1.27383711867796,0,0
5093,-0.0967741354466849,0.961381099159,1.27383711867796,0,0
5094,-0.08755763688760787,0.959810820608,1.27383711867796,0,0
5095,-0.07834113832853085,0.961912486195,1.27383711867796,0,0
5096,-0.06912463976945205,0.962158066122,1.27383711867796,0,0
5097,-0.050691642651298,0.963888470414,1.27383711867796,0,0
5098,-0.05990814121037502,0.961153353743,1.27383711867796,0,0
5099,-0.050691642651298,0.965270811207,1.27383711867796,0,0
5100,-0.04147514409221742,0.962432816485,1.27383711867796,0,0
5101,-0.04147514409221742,0.967694905694,1.27383711867796,0,0
5102,-0.032258645533140395,0.963992422903,1.27383711867796,0,0
5103,-0.032258645533140395,0.962928722135,1.27383711867796,0,0
5104,-0.023042146974061595,0.961646688471,1.27383711867796,0,0
5105,-0.023042146974061595,0.959449176323,1.27383711867796,0,0
5106,-0.013824747838615536,0.960648476032,1.27383711867796,0,0
5107,-0.004608249279538512,0.963659734685,1.27383711867796,0,0
5108,-0.013824747838615536,0.962081011981,1.27383711867796,0,0
5109,0.04147424351585016,0.961041577385,1.27383711867796,0,0
5110,-0.004608249279538512,0.965553940224,1.27383711867796,0,0
5111,-0.013824747838615536,0.959172697938,1.27383711867796,0,0
5112,-0.013824747838615536,0.964287783728,1.27383711867796,0,0
5113,0.013824747838617313,0.960929349392,1.27383711867796,0,0
5114,-0.023042146974061595,0.961000788313,1.27383711867796,0,0
5115,-0.023042146974061595,0.959112903135,1.27383711867796,0,0
5116,-0.023042146974061595,0.961760241306,1.27383711867796,0,0
5117,-0.04147514409221742,0.960377079242,1.27383711867796,0,0
5118,-0.032258645533140395,0.957305216342,1.27383711867796,0,0
5119,-0.04147514409221742,0.959986210152,1.27383711867796,0,0
5120,-0.050691642651298,0.956773901147,1.27383711867796,0,0
5121,-0.050691642651298,0.960554176312,1.27383711867796,0,0
5122,-0.05990814121037502,0.956146283042,1.27383711867796,0,0
5123,-0.05990814121037502,0.963240274041,1.27383711867796,0,0
5124,-0.06912463976945205,0.957117041572,1.27383711867796,0,0
5125,-0.06912463976945205,0.959557753993,1.27383711867796,0,0
5126,-0.06912463976945205,0.963230855661,1.27383711867796,0,0
5127,-0.06912463976945205,0.958398797918,1.27383711867796,0,0
5128,-0.06912463976945205,0.962950509019,1.27383711867796,0,0
5129,-0.07834113832853085,0.961330947964,1.27383711867796,0,0
5130,-0.07834113832853085,0.963068299092,1.27383711867796,0,0
5131,-0.08755763688760787,0.96153883228,1.27383711867796,0,0
5132,-0.08755763688760787,0.966138913101,1.27383711867796,0,0
5133,-0.0967741354466849,0.96150564759,1.27383711867796,0,0
5134,-0.0967741354466849,0.963705137773,1.27383711867796,0,0
5135,-0.0967741354466849,0.965939570374,1.27383711867796,0,0
5136,-0.0967741354466849,0.960342017675,1.27383711867796,0,0
5137,-0.0967741354466849,0.959228735047,1.27383711867796,0,0
5138,-0.0967741354466849,0.95836719366,1.27383711867796,0,0
5139,-0.11520803314120975,0.959398081398,1.27383711867796,0,0
5140,-0.1059906340057637,0.962986208525,1.27383711867796,0,0
5141,-0.1059906340057637,0.962853495764,1.27383711867796,0,0
5142,-0.1059906340057637,0.963427168732,1.27383711867796,0,0
5143,-0.11520803314120975,0.962843104816,1.27383711867796,0,0
5144,-0.11520803314120975,0.957250397085,1.27383711867796,0,0
5145,-0.1059906340057637,0.957300079905,1.27383711867796,0,0
5146,-0.11520803314120975,0.955162232437,1.27383711867796,0,0
5147,-0.11520803314120975,0.958911919986,1.27383711867796,0,0
5148,-0.050691642651298,0.959519120341,1.27383711867796,0,0
5149,-0.12442453170028678,0.960847733122,1.27383711867796,0,0
5150,-0.11520803314120975,0.959405936321,1.27383711867796,0,0
5151,-0.12442453170028678,0.956425000164,1.27383711867796,0,0
5152,-0.11520803314120975,0.966335395693,1.27383711867796,0,0
5153,-0.11520803314120975,0.95929158821,1.27383711867796,0,0
5154,-0.11520803314120975,0.961748840364,1.27383711867796,0,0
5155,-0.11520803314120975,0.963263377285,1.27383711867796,0,0
5156,-0.12442453170028678,0.963177367174,1.27383711867796,0,0
5157,-0.12442453170028678,0.96643529163,1.27383711867796,0,0
5158,-0.11520803314120975,0.961265772218,1.27383711867796,0,0
5159,-0.13364103025936558,0.964076292453,1.27383711867796,0,0
5160,-0.12442453170028678,0.962780359146,1.27383711867796,0,0
5161,-0.12442453170028678,0.964689418161,1.27383711867796,0,0
5162,-0.13364103025936558,0.963494523815,1.27383711867796,0,0
5163,-0.12442453170028678,0.968231021,1.27383711867796,0,0
5164,-0.13364103025936558,0.96242133832,1.27383711867796,0,0
5165,-0.12442453170028678,0.962748713766,1.27383711867796,0,0
5166,-0.12442453170028678,0.962900550627,1.27383711867796,0,0
5167,-0.13364103025936558,0.968093327885,1.27383711867796,0,0
5168,-0.13364103025936558,0.969007103488,1.27383711867796,0,0
5169,-0.13364103025936558,0.964965620952,1.27383711867796,0,0
5170,-0.13364103025936558,0.971402225183,1.27383711867796,0,0
5171,-0.13364103025936558,0.966235754048,1.27383711867796,0,0
5172,-0.13364103025936558,0.971399475858,1.27383711867796,0,0
5173,-0.1059906340057637,0.968098006018,1.27383711867796,0,0
5174,-0.13364103025936558,0.967092242849,1.27383711867796,0,0
5175,-0.1428575288184426,0.966654968167,1.27383711867796,0,0
5176,-0.13364103025936558,0.97082010136,1.27383711867796,0,0
5177,-0.1428575288184426,0.966647779333,1.27383711867796,0,0
5178,-0.1520740273775214,0.963878806121,1.27383711867796,0,0
5179,-0.13364103025936558,0.96429186017,1.27383711867796,0,0
5180,-0.1428575288184426,0.962556566537,1.27383711867796,0,0
5181,-0.13364103025936558,0.965303886049,1.27383711867796,0,0
5182,-0.13364103025936558,0.96453314045,1.27383711867796,0,0
5183,-0.1428575288184426,0.960274040905,1.27383711867796,0,0
5184,-0.1428575288184426,0.961973744071,1.27383711867796,0,0
5185,-0.1428575288184426,0.961967739957,1.27383711867796,0,0
5186,-0.1059906340057637,0.962579974601,1.27383711867796,0,0
5187,-0.1520740273775214,0.963406655314,1.27383711867796,0,0
5188,-0.1520740273775214,0.965304160568,1.27383711867796,0,0
5189,-0.1428575288184426,0.96334925058,1.27383711867796,0,0
5190,-0.13364103025936558,0.963985456666,1.27383711867796,0,0
5191,-0.1428575288184426,0.955344996595,1.27383711867796,0,0
5192,-0.1520740273775214,0.95995681182,1.27383711867796,0,0
5193,-0.1428575288184426,0.967052331322,1.27383711867796,0,0
5194,-0.1520740273775214,0.959741116339,1.27383711867796,0,0
5195,-0.1520740273775214,0.95982434432,1.27383711867796,0,0
5196,-0.1520740273775214,0.961320710933,1.27383711867796,0,0
5197,-0.1520740273775214,0.95612365359,1.27383711867796,0,0
5198,-0.1520740273775214,0.962261262171,1.27383711867796,0,0
5199,-0.1520740273775214,0.956784983474,1.27383711867796,0,0
5200,-0.1520740273775214,0.959523514472,1.27383711867796,0,0
5201,-0.1428575288184426,0.95898726168,1.27383711867796,0,0
5202,-0.1520740273775214,0.960230337115,1.27383711867796,0,0
5203,-0.1520740273775214,0.95919690025,1.27383711867796,0,0
5204,-0.1520740273775214,0.958149968226,1.27383711867796,0,0
5205,-0.1520740273775214,0.959784830049,1.27383711867796,0,0
5206,-0.1520740273775214,0.960722655144,1.27383711867796,0,0
5207,-0.1612905259366002,0.962583329162,1.27383711867796,0,0
5208,-0.1520740273775214,0.960453813603,1.27383711867796,0,0
5209,-0.1520740273775214,0.957181945426,1.27383711867796,0,0
5210,-0.1520740273775214,0.961567913708,1.27383711867796,0,0
5211,-0.1520740273775214,0.958044315824,1.27383711867796,0,0
5212,-0.1520740273775214,0.958469221823,1.27383711867796,0,0
5213,-0.1612905259366002,0.95789103706,1.27383711867796,0,0
5214,-0.1520740273775214,0.95882255718,1.27383711867796,0,0
5215,-0.1520740273775214,0.956460318909,1.27383711867796,0,0
5216,-0.1520740273775214,0.961348329037,1.27383711867796,0,0
5217,-0.1520740273775214,0.957544329203,1.27383711867796,0,0
5218,-0.1612905259366002,0.960185396861,1.27383711867796,0,0
5219,-0.1612905259366002,0.95438908885,1.27383711867796,0,0
5220,-0.1520740273775214,0.958261112609,1.27383711867796,0,0
5221,-0.1520740273775214,0.956192981257,1.27383711867796,0,0
5222,-0.1520740273775214,0.95769548577,1.27383711867796,0,0
5223,-0.1612905259366002,0.957591485924,1.27383711867796,0,0
5224,-0.1612905259366002,0.956874980594,1.27383711867796,0,0
5225,-0.17050702449567723,0.958417186448,1.27383711867796,0,0
5226,-0.1612905259366002,0.953836528023,1.27383711867796,0,0
5227,-0.1428575288184426,0.958252589765,1.27383711867796,0,0
5228,-0.17050702449567723,0.953976944424,1.27383711867796,0,0
5229,-0.1520740273775214,0.956795138605,1.27383711867796,0,0
5230,-0.1612905259366002,0.953719327876,1.27383711867796,0,0
5231,-0.1612905259366002,0.960874175831,1.27383711867796,0,0
5232,-0.1612905259366002,0.95595372113,1.27383711867796,0,0
5233,-0.1520740273775214,0.954569986809,1.27383711867796,0,0
5234,-0.1612905259366002,0.958884886726,1.27383711867796,0,0
5235,-0.17050702449567723,0.95592177174,1.27383711867796,0,0
5236,-0.1520740273775214,0.956554990435,1.27383711867796,0,0
5237,-0.1612905259366002,0.95483355993,1.27383711867796,0,0
5238,-0.1520740273775214,0.955350926288,1.27383711867796,0,0
5239,-0.1612905259366002,0.95541815983,1.27383711867796,0,0
5240,-0.1520740273775214,0.956559529985,1.27383711867796,0,0
5241,-0.1428575288184426,0.95588702388,1.27383711867796,0,0
5242,-0.1428575288184426,0.956905154821,1.27383711867796,0,0
5243,-0.13364103025936558,0.959358602372,1.27383711867796,0,0
5244,-0.11520803314120975,0.960085520245,1.27383711867796,0,0
5245,-0.11520803314120975,0.961280388173,1.27383711867796,0,0
5246,-0.1059906340057637,0.960538476586,1.27383711867796,0,0
5247,-0.0967741354466849,0.960793886302,1.27383711867796,0,0
5248,-0.0967741354466849,0.962564764177,1.27383711867796,0,0
5249,-0.17050702449567723,0.959735816338,1.27383711867796,0,0
5250,-0.07834113832853085,0.96118664499,1.27383711867796,0,0
5251,-0.07834113832853085,0.960099916025,1.27383711867796,0,0
5252,-0.05990814121037502,0.960783242251,1.27383711867796,0,0
5253,-0.06912463976945205,0.959772901123,1.27383711867796,0,0
5254,-0.050691642651298,0.963232614468,1.27383711867796,0,0
5255,-0.050691642651298,0.962605942855,1.27383711867796,0,0
5256,-0.050691642651298,0.961687935686,1.27383711867796,0,0
5257,-0.050691642651298,0.964688153584,1.27383711867796,0,0
5258,-0.04147514409221742,0.965690386706,1.27383711867796,0,0
5259,-0.023042146974061595,0.964244516748,1.27383711867796,0,0
5260,-0.023042146974061595,0.963358214211,1.27383711867796,0,0
5261,-0.013824747838615536,0.962461091429,1.27383711867796,0,0
5262,-0.013824747838615536,0.958807758966,1.27383711867796,0,0
5263,-0.004608249279538512,0.961971666653,1.27383711867796,0,0
5264,-0.004608249279538512,0.959584362894,1.27383711867796,0,0
5265,0.004608249279538512,0.964191011112,1.27383711867796,0,0
5266,-0.004608249279538512,0.960972689977,1.27383711867796,0,0
5267,-0.013824747838615536,0.966716602689,1.27383711867796,0,0
5268,-0.023042146974061595,0.962602246197,1.27383711867796,0,0
5269,0.013824747838617313,0.961701765421,1.27383711867796,0,0
5270,-0.023042146974061595,0.958725066334,1.27383711867796,0,0
5271,-0.032258645533140395,0.959505772566,1.27383711867796,0,0
5272,-0.04147514409221742,0.960135293471,1.27383711867796,0,0
5273,-0.04147514409221742,0.958352279455,1.27383711867796,0,0
5274,-0.050691642651298,0.957726707944,1.27383711867796,0,0
5275,-0.04147514409221742,0.959314591369,1.27383711867796,0,0
5276,-0.050691642651298,0.957837264692,1.27383711867796,0,0
5277,-0.05990814121037502,0.956645934095,1.27383711867796,0,0
5278,-0.05990814121037502,0.960828826127,1.27383711867796,0,0
5279,-0.05990814121037502,0.956807205265,1.27383711867796,0,0
5280,-0.06912463976945205,0.95851926514,1.27383711867796,0,0
5281,-0.05990814121037502,0.961177058313,1.27383711867796,0,0
5282,-0.07834113832853085,0.961649037748,1.27383711867796,0,0
5283,-0.032258645533140395,0.965045063601,1.27383711867796,0,0
5284,-0.08755763688760787,0.95958023213,1.27383711867796,0,0
5285,-0.07834113832853085,0.965859862574,1.27383711867796,0,0
5286,-0.08755763688760787,0.964090609121,1.27383711867796,0,0
5287,-0.08755763688760787,0.96539656308,1.27383711867796,0,0
5288,-0.08755763688760787,0.961097525072,1.27383711867796,0,0
5289,-0.0967741354466849,0.964713542049,1.27383711867796,0,0
5290,-0.08755763688760787,0.961601628531,1.27383711867796,0,0
5291,-0.0967741354466849,0.96527887769,1.27383711867796,0,0
5292,-0.0967741354466849,0.962709335181,1.27383711867796,0,0
5293,-0.0967741354466849,0.96190230007,1.27383711867796,0,0
5294,-0.11520803314120975,0.960111733961,1.27383711867796,0,0
5295,-0.1059906340057637,0.965598950758,1.27383711867796,0,0
5296,-0.1059906340057637,0.958353021221,1.27383711867796,0,0
5297,-0.1059906340057637,0.959777318522,1.27383711867796,0,0
5298,-0.0967741354466849,0.959126319177,1.27383711867796,0,0
5299,-0.1059906340057637,0.961275142309,1.27383711867796,0,0
5300,-0.07834113832853085,0.96296332833,1.27383711867796,0,0
5301,-0.12442453170028678,0.957985788314,1.27383711867796,0,0
5302,-0.17972352305475425,0.959035807935,1.27383711867796,0,0
5303,-0.12442453170028678,0.959478790895,1.27383711867796,0,0
5304,-0.11520803314120975,0.959623666481,1.27383711867796,0,0
5305,-0.12442453170028678,0.960210781335,1.27383711867796,0,0
5306,-0.12442453170028678,0.957500168987,1.27383711867796,0,0
5307,-0.11520803314120975,0.960214474632,1.27383711867796,0,0
5308,-0.12442453170028678,0.958588883859,1.27383711867796,0,0
5309,-0.12442453170028678,0.962546971062,1.27383711867796,0,0
5310,-0.13364103025936558,0.960804096156,1.27383711867796,0,0
5311,-0.12442453170028678,0.963664898008,1.27383711867796,0,0
5312,-0.12442453170028678,0.960875157403,1.27383711867796,0,0
5313,-0.12442453170028678,0.962287505553,1.27383711867796,0,0
5314,-0.12442453170028678,0.960268599352,1.27383711867796,0,0
5315,-0.12442453170028678,0.963514878187,1.27383711867796,0,0
5316,-0.13364103025936558,0.963522220894,1.27383711867796,0,0
5317,-0.13364103025936558,0.963745436743,1.27383711867796,0,0
5318,-0.13364103025936558,0.966923998306,1.27383711867796,0,0
5319,-0.13364103025936558,0.967191185826,1.27383711867796,0,0
5320,-0.18894002161383305,0.967255779111,1.27383711867796,0,0
5321,-0.12442453170028678,0.961586055823,1.27383711867796,0,0
5322,-0.13364103025936558,0.963476087084,1.27383711867796,0,0
5323,-0.1428575288184426,0.961627114968,1.27383711867796,0,0
5324,-0.1520740273775214,0.960788428191,1.27383711867796,0,0
5325,-0.1428575288184426,0.967589475359,1.27383711867796,0,0
5326,-0.13364103025936558,0.969202361017,1.27383711867796,0,0
5327,-0.13364103025936558,0.96734372898,1.27383711867796,0,0
5328,-0.1520740273775214,0.96853140922,1.27383711867796,0,0
5329,-0.1428575288184426,0.965921702931,1.27383711867796,0,0
5330,-0.1428575288184426,0.968458862541,1.27383711867796,0,0
5331,-0.1520740273775214,0.971168988639,1.27383711867796,0,0
5332,-0.13364103025936558,0.965814185618,1.27383711867796,0,0
5333,-0.1520740273775214,0.966569848792,1.27383711867796,0,0
5334,-0.1520740273775214,0.966341797536,1.27383711867796,0,0
5335,-0.1428575288184426,0.965202044859,1.27383711867796,0,0
5336,-0.1520740273775214,0.963494963129,1.27383711867796,0,0
5337,-0.1428575288184426,0.960842287014,1.27383711867796,0,0
5338,-0.1520740273775214,0.961467558739,1.27383711867796,0,0
5339,-0.1612905259366002,0.96261102047,1.27383711867796,0,0
5340,-0.1612905259366002,0.965434322975,1.27383711867796,0,0
5341,-0.1520740273775214,0.962942913937,1.27383711867796,0,0
5342,-0.1520740273775214,0.958432503041,1.27383711867796,0,0
5343,-0.1428575288184426,0.963101764662,1.27383711867796,0,0
5344,-0.1612905259366002,0.961166589647,1.27383711867796,0,0
5345,-0.20737391930835614,0.963286729077,1.27383711867796,0,0
5346,-0.1612905259366002,0.955901978663,1.27383711867796,0,0
5347,-0.1520740273775214,0.957926557017,1.27383711867796,0,0
5348,-0.1520740273775214,0.9617513293,1.27383711867796,0,0
5349,-0.18894002161383305,0.95860097265,1.27383711867796,0,0
5350,-0.1612905259366002,0.959100030772,1.27383711867796,0,0
5351,-0.1520740273775214,0.959745289909,1.27383711867796,0,0
5352,-0.1612905259366002,0.958362630206,1.27383711867796,0,0
5353,-0.1520740273775214,0.961958976864,1.27383711867796,0,0
5354,-0.1520740273775214,0.96292808833,1.27383711867796,0,0
5355,-0.23502341498558899,0.958699890791,1.27383711867796,0,0
5356,-0.1520740273775214,0.957603023167,1.27383711867796,0,0
5357,-0.1520740273775214,0.958588699557,1.27383711867796,0,0
5358,-0.1520740273775214,0.965862368793,1.27383711867796,0,0
5359,-0.1520740273775214,0.959238481163,1.27383711867796,0,0
5360,-0.1520740273775214,0.960069766212,1.27383711867796,0,0
5361,-0.1520740273775214,0.960466722791,1.27383711867796,0,0
5362,-0.1520740273775214,0.959881721263,1.27383711867796,0,0
5363,-0.1520740273775214,0.962456397008,1.27383711867796,0,0
5364,-0.1520740273775214,0.957705596647,1.27383711867796,0,0
5365,-0.1520740273775214,0.958836402435,1.27383711867796,0,0
5366,-0.1520740273775214,0.960144149836,1.27383711867796,0,0
5367,-0.1612905259366002,0.958552983187,1.27383711867796,0,0
5368,-0.1612905259366002,0.957869306771,1.27383711867796,0,0
5369,-0.1520740273775214,0.961183583864,1.27383711867796,0,0
5370,-0.1612905259366002,0.955121793994,1.27383711867796,0,0
5371,-0.1520740273775214,0.956294608311,1.27383711867796,0,0
5372,-0.1520740273775214,0.957857665986,1.27383711867796,0,0
5373,-0.1520740273775214,0.958487452806,1.27383711867796,0,0
5374,-0.1520740273775214,0.95708026747,1.27383711867796,0,0
5375,-0.1612905259366002,0.955744974639,1.27383711867796,0,0
5376,-0.1520740273775214,0.957813296442,1.27383711867796,0,0
5377,-0.1612905259366002,0.957099012312,1.27383711867796,0,0
5378,-0.1520740273775214,0.955583544256,1.27383711867796,0,0
5379,-0.1520740273775214,0.953927302237,1.27383711867796,0,0
5380,-0.1612905259366002,0.958261836163,1.27383711867796,0,0
5381,-0.1612905259366002,0.954214915033,1.27383711867796,0,0
5382,-0.1612905259366002,0.956663127317,1.27383711867796,0,0
5383,-0.1612905259366002,0.954714408345,1.27383711867796,0,0
5384,-0.1520740273775214,0.95900854278,1.27383711867796,0,0
5385,-0.1612905259366002,0.953658410048,1.27383711867796,0,0
5386,-0.1520740273775214,0.954622714705,1.27383711867796,0,0
5387,-0.1520740273775214,0.959410178234,1.27383711867796,0,0
5388,-0.1520740273775214,0.958492480728,1.27383711867796,0,0
5389,-0.1520740273775214,0.958204857724,1.27383711867796,0,0
5390,-0.1520740273775214,0.954950712931,1.27383711867796,0,0
5391,-0.1612905259366002,0.959519005355,1.27383711867796,0,0
5392,-0.1520740273775214,0.95666426223,1.27383711867796,0,0
5393,-0.1612905259366002,0.959981364535,1.27383711867796,0,0
5394,-0.1612905259366002,0.955109011833,1.27383711867796,0,0
5395,-0.1520740273775214,0.955310480748,1.27383711867796,0,0
5396,-0.1612905259366002,0.956011444875,1.27383711867796,0,0
5397,-0.1612905259366002,0.957051242847,1.27383711867796,0,0
5398,-0.1520740273775214,0.954550477777,1.27383711867796,0,0
5399,-0.1520740273775214,0.956120435892,1.27383711867796,0,0
5400,-0.1428575288184426,0.956199859109,1.27383711867796,0,0
5401,-0.13364103025936558,0.956704650852,1.27383711867796,0,1
5402,-0.12442453170028678,0.958225583239,1.27383711867796,0,1
5403,-0.1059906340057637,0.954990014055,1.27383711867796,0,1
5404,-0.1059906340057637,0.959884064811,1.27383711867796,0,1
5405,-0.0967741354466849,0.956109800245,1.27383711867796,0,1
5406,-0.0967741354466849,0.959819509344,1.27383711867796,0,1
5407,-0.08755763688760787,0.960399530642,1.27383711867796,0,1
5408,-0.07834113832853085,0.960787977403,1.27383711867796,0,1
5409,-0.07834113832853085,0.960522916617,1.27383711867796,0,1
5410,-0.06912463976945205,0.960782464071,1.27383711867796,0,1
5411,-0.05990814121037502,0.963704674582,1.27383711867796,0,1
5412,-0.050691642651298,0.95903094685,1.27383711867796,0,1
5413,-0.050691642651298,0.95994746962,1.27383711867796,0,1
5414,-0.050691642651298,0.960874548896,1.27383711867796,0,1
5415,0.7880178314121054,1.249979015481,1.27383711867796,0,1
5416,-0.6497694524495667,1.25189732231,1.27383711867796,0,1
5417,0.9723496037463981,1.596291050965,1.27383711867796,1,1
5418,-0.023042146974061595,1.445582662496,1.27383711867796,1,1
5419,-0.023042146974061595,1.538047288284,1.27383711867796,1,1
5420,-0.013824747838615536,1.405999614278,1.27383711867796,1,1
5421,-0.013824747838615536,1.609171905924,1.27383711867796,1,1
5422,0.9447001080691635,1.517775016413,1.27383711867796,1,1
5423,0.4746541786743528,1.96572993376,1.27383711867796,1,1
5424,-0.6866363472622474,2.007461644824,1.27383711867796,1,1
5425,0.6589859510086473,1.975438279278,1.27383711867796,1,1
5426,0.6682024495677243,1.814169207934,1.27383711867796,1,1
5427,-0.013824747838615536,2.064118667001,1.27383711867796,1,1
5428,0.19815652017291185,1.709972122383,1.27383711867796,1,1
5429,-0.004608249279538512,2.024351290078,1.27383711867796,1,1
5430,-0.04147514409221742,1.919928529068,1.27383711867796,1,1
5431,-0.050691642651298,2.109512204866,1.27383711867796,1,1
5432,-0.04147514409221742,2.051213362942,1.27383711867796,1,1
5433,-0.2626729106628254,2.175283870673,1.27383711867796,1,1
5434,-0.032258645533140395,2.096033847247,1.27383711867796,1,1
5435,-0.05990814121037502,2.114195663268,1.27383711867796,1,1
5436,-0.06912463976945205,2.113239618705,1.27383711867796,1,1
5437,-0.06912463976945205,1.662126172234,1.27383711867796,1,1
5438,-0.07834113832853085,2.03622647069,1.27383711867796,1,1
5439,-0.06912463976945205,1.749428761577,1.27383711867796,1,1
5440,-0.07834113832853085,2.106372677967,1.27383711867796,1,1
5441,-0.08755763688760787,1.859471762099,1.27383711867796,1,1
5442,-0.7235023414985573,2.311382405856,1.27383711867796,1,1
5443,-0.7511527377521627,2.077011715232,1.27383711867796,1,1
5444,0.5023036743515856,2.393915873038,1.27383711867796,1,1
5445,-0.49308807636887586,2.066917512451,1.27383711867796,1,1
5446,-0.08755763688760787,2.275003837321,1.27383711867796,1,1
5447,-0.20737391930835614,1.826443572943,1.27383711867796,1,1
5448,-0.0967741354466849,2.304334966956,1.27383711867796,1,1
5449,-0.0967741354466849,2.060394672904,1.27383711867796,1,1
5450,-0.0967741354466849,2.101438611647,1.27383711867796,1,1
5451,-0.0967741354466849,2.001302601718,1.27383711867796,1,1
5452,-0.0967741354466849,2.122479643608,1.27383711867796,1,1
5453,-0.0967741354466849,2.185201294806,1.27383711867796,1,1
5454,-0.1059906340057637,1.872649585779,1.27383711867796,1,1
5455,-0.1059906340057637,1.995888795143,1.27383711867796,1,1
5456,-0.1059906340057637,1.712133360494,1.27383711867796,1,1
5457,-0.11520803314120975,2.093993929547,1.27383711867796,1,1
5458,-0.1059906340057637,2.116824108413,1.27383711867796,1,1
5459,-0.11520803314120975,2.190487750931,1.27383711867796,1,1
5460,0.15207312680115237,2.136391359483,1.27383711867796,1,1
5461,-0.11520803314120975,1.932530855371,1.27383711867796,1,1
5462,-0.11520803314120975,2.130039958368,1.27383711867796,1,1
5463,-0.11520803314120975,2.81704233464,1.27383711867796,1,1
5464,-0.6774198487031704,2.753641823336,1.27383711867796,1,1
5465,-0.1981574207492791,2.412728381385,1.27383711867796,1,1
5466,0.004608249279538512,2.44307699228,1.27383711867796,1,1
5467,-0.6036869596541781,2.59529126448,1.27383711867796,1,1
5468,-0.594470461095101,2.556287811874,1.27383711867796,1,1
5469,0.13364012968299654,2.628638139132,1.27383711867796,1,1
5470,0.19815652017291185,2.657424132512,1.27383711867796,1,1
5471,-0.5023045749279529,2.323735470724,1.27383711867796,1,1
5472,0.4285707853025933,2.83013351337,1.27383711867796,1,1
5473,-0.12442453170028678,2.392673540515,1.27383711867796,1,1
5474,-0.13364103025936558,2.567680800649,1.27383711867796,1,1
5475,-0.13364103025936558,2.517411055866,1.27383711867796,1,1
5476,-0.13364103025936558,2.376399175306,1.27383711867796,1,1
5477,-0.1428575288184426,2.532759437366,1.27383711867796,1,1
5478,-0.13364103025936558,2.717041059802,1.27383711867796,1,1
5479,0.6313364553314127,2.744305151884,1.27383711867796,1,1
5480,-0.6958528458213245,1.788831334316,1.27383711867796,1,1
5481,-0.8617516210374649,3.194659574387,1.27383711867796,1,1
5482,0.43778818443803935,1.999017578312,1.27383711867796,1,1
5483,-0.8156682276657055,2.953373959194,1.27383711867796,1,1
5484,0.585253061959655,2.178183490831,1.27383711867796,1,1
5485,-0.6036869596541781,2.906045696654,1.27383711867796,1,1
5486,0.6682024495677243,2.147201814315,1.27383711867796,1,1
5487,0.6589859510086473,3.374329478546,1.27383711867796,1,1
5488,0.6774189481268014,2.29407286451,1.27383711867796,1,1
5489,-0.5852539625360222,3.348328479642,1.27383711867796,1,1
5490,-0.1428575288184426,2.017938681751,1.27383711867796,1,1
5491,-0.1428575288184426,3.465664110335,1.27383711867796,1,1
5492,-0.1428575288184426,2.017259542481,1.27383711867796,1,1
5493,-0.1428575288184426,3.025228394048,1.27383711867796,1,1
5494,-0.1520740273775214,2.10442738366,1.27383711867796,1,1
5495,-0.1428575288184426,3.015921941508,1.27383711867796,1,1
5496,-0.1428575288184426,2.166896732867,1.27383711867796,1,1
5497,-0.1520740273775214,2.86907127338,1.27383711867796,1,1
5498,-0.1428575288184426,2.152000330478,1.27383711867796,1,1
5499,-0.1428575288184426,2.893852457406,1.27383711867796,1,1
5500,-0.1520740273775214,2.12144241811,1.27383711867796,1,1
5501,-0.1520740273775214,2.975425218523,1.27383711867796,1,1
5502,-0.1428575288184426,2.208443465624,1.27383711867796,1,1
5503,-0.1428575288184426,2.690383111045,1.27383711867796,1,1
5504,-0.1428575288184426,2.076882806319,1.27383711867796,1,1
5505,-0.1520740273775214,2.112367248007,1.27383711867796,1,1
5506,-0.1428575288184426,1.984470414088,1.27383711867796,1,1
5507,-0.1520740273775214,2.354270342091,1.27383711867796,1,1
5508,-0.1520740273775214,2.014021767216,1.27383711867796,1,1
5509,-0.1520740273775214,1.954861478839,1.27383711867796,1,1
5510,-0.7419353386167131,2.07164884157,1.27383711867796,1,1
5511,-0.9170506123919306,2.048732194612,1.27383711867796,1,1
5512,-0.8064517291066284,2.625772615492,1.27383711867796,1,1
5513,0.6405529538904897,2.12190080099,1.27383711867796,1,1
5514,-0.7419353386167131,2.458930546043,1.27383711867796,1,1
5515,0.4930871757925086,2.382987541417,1.27383711867796,1,1
5516,-0.7695857348703168,2.208124985315,1.27383711867796,1,1
5517,-0.8064517291066284,2.130409647259,1.27383711867796,1,1
5518,-0.7972352305475496,2.349521468042,1.27383711867796,1,1
5519,-0.7972352305475496,2.171716585869,1.27383711867796,1,1
5520,-0.6958528458213245,2.718200380572,1.27383711867796,1,1
5521,-0.7788022334293956,3.137291240416,1.27383711867796,1,1
5522,-0.1612905259366002,2.582999104554,1.27383711867796,1,1
5523,-0.1612905259366002,2.461400991575,1.27383711867796,1,1
5524,-0.1520740273775214,2.43325549153,1.27383711867796,1,1
5525,-0.1612905259366002,3.294892348674,1.27383711867796,1,1
5526,-0.1612905259366002,2.47229444258,1.27383711867796,1,1
5527,-0.1520740273775214,3.598791593704,1.27383711867796,1,1
5528,-0.1428575288184426,2.505682428241,1.27383711867796,1,1
5529,-0.1612905259366002,3.275938911402,1.27383711867796,1,1
5530,-0.7603692363112398,3.161911268586,1.27383711867796,1,1
5531,0.09677413544668667,3.504121686709,1.27383711867796,1,1
5532,-0.1520740273775214,3.049227281527,1.27383711867796,1,1
5533,-0.1428575288184426,3.869576814876,1.27383711867796,1,1
5534,-0.17050702449567723,2.864635416191,1.27383711867796,1,1
5535,-0.1612905259366002,3.336859893534,1.27383711867796,1,1
5536,-0.1612905259366002,2.650111542876,1.27383711867796,1,1
5537,-0.1520740273775214,3.679860577241,1.27383711867796,1,1
5538,-0.1428575288184426,2.684329734822,1.27383711867796,1,1
5539,-0.1520740273775214,3.865408770408,1.27383711867796,1,1
5540,-0.12442453170028678,3.112310481944,1.27383711867796,1,1
5541,-0.11520803314120975,3.522104660251,1.27383711867796,1,1
5542,-0.11520803314120975,2.697693859146,1.27383711867796,1,1
5543,-0.7419353386167131,3.4259975833,1.27383711867796,1,1
5544,0.6958519452449572,3.041324156859,1.27383711867796,1,1
5545,-0.5391705691642645,3.174845762167,1.27383711867796,1,1
5546,0.6405529538904897,3.327437813846,1.27383711867796,1,1
5547,-0.5576035662824221,3.763735365226,1.27383711867796,1,1
5548,-0.1059906340057637,3.65674160559,1.27383711867796,1,1
5549,-0.1059906340057637,3.704483536784,1.27383711867796,1,1
5550,-0.1059906340057637,3.429943904835,1.27383711867796,1,1
5551,-0.11520803314120975,2.913702677618,1.27383711867796,1,1
5552,-0.11520803314120975,3.49552234606,1.27383711867796,1,1
5553,-0.1059906340057637,2.67400588735,1.27383711867796,1,1
5554,-0.11520803314120975,3.106339183213,1.27383711867796,1,1
5555,-0.11520803314120975,2.550239395613,1.27383711867796,1,1
5556,-0.11520803314120975,3.078956938528,1.27383711867796,1,1
5557,-0.12442453170028678,2.921990475198,1.27383711867796,1,1
5558,-0.11520803314120975,3.046291812083,1.27383711867796,1,1
5559,-0.12442453170028678,2.593418009171,1.27383711867796,1,1
5560,-0.12442453170028678,3.278476675416,1.27383711867796,1,1
5561,-0.13364103025936558,2.852496031152,1.27383711867796,1,1
5562,-0.12442453170028678,3.379723219996,1.27383711867796,1,1
5563,-0.13364103025936558,2.917199725296,1.27383711867796,1,1
5564,-0.13364103025936558,3.61870249096,1.27383711867796,1,1
5565,-0.13364103025936558,2.628478008784,1.27383711867796,1,1
5566,-0.13364103025936558,3.545897274302,1.27383711867796,1,1
5567,-0.1520740273775214,2.9058820819,1.27383711867796,1,1
5568,-0.12442453170028678,3.422248363474,1.27383711867796,1,1
5569,-0.1428575288184426,2.787098721168,1.27383711867796,1,1
5570,-0.13364103025936558,3.805094628331,1.27383711867796,1,1
5571,-0.13364103025936558,2.627292420573,1.27383711867796,1,1
5572,-0.13364103025936558,3.209602407455,1.27383711867796,1,1
5573,-0.1428575288184426,2.680873269562,1.27383711867796,1,1
5574,-0.13364103025936558,2.887328693898,1.27383711867796,1,1
5575,-0.13364103025936558,2.597361461323,1.27383711867796,1,1
5576,-0.1428575288184426,3.364457416852,1.27383711867796,1,1
5577,-0.1428575288184426,2.249243168668,1.27383711867796,1,1
5578,-0.1428575288184426,2.684596342369,1.27383711867796,1,1
5579,-0.1520740273775214,2.287789028865,1.27383711867796,1,1
5580,-0.1520740273775214,2.432889631056,1.27383711867796,1,1
5581,-0.1428575288184426,2.41030225345,1.27383711867796,1,1
5582,-0.1520740273775214,2.696723518335,1.27383711867796,1,1
5583,-0.1428575288184426,2.378671119735,1.27383711867796,1,1
5584,-0.1428575288184426,2.464847582752,1.27383711867796,1,1
5585,-0.1520740273775214,2.067519452471,1.27383711867796,1,1
5586,-0.1520740273775214,2.184763029561,1.27383711867796,1,1
5587,-0.1428575288184426,2.183040439604,1.27383711867796,1,1
5588,-0.1428575288184426,2.194254614708,1.27383711867796,1,1
5589,-0.1428575288184426,2.25052147627,1.27383711867796,1,1
5590,-0.1612905259366002,2.056700997659,1.27383711867796,1,1
5591,-0.1612905259366002,2.262612792295,1.27383711867796,1,1
5592,-0.1520740273775214,2.233078768645,1.27383711867796,1,1
5593,-0.1612905259366002,2.330251659795,1.27383711867796,1,1
5594,-0.1520740273775214,1.910621987416,1.27383711867796,1,1
5595,-0.1520740273775214,1.993045987156,1.27383711867796,1,1
5596,-0.1520740273775214,1.841228476574,1.27383711867796,1,1
5597,-0.1612905259366002,2.089140859866,1.27383711867796,1,1
5598,-0.17050702449567723,2.078105095879,1.27383711867796,1,1
5599,-0.1520740273775214,2.161099777287,1.27383711867796,1,1
5600,-0.1612905259366002,2.0476942687,1.27383711867796,1,1
5601,-0.1612905259366002,2.230167156764,1.27383711867796,1,1
5602,-0.1612905259366002,2.005671630436,1.27383711867796,1,1
5603,-0.1612905259366002,1.967531360312,1.27383711867796,1,1
5604,-0.1612905259366002,1.838071380798,1.27383711867796,1,1
5605,-0.1612905259366002,1.835614801428,1.27383711867796,1,1
5606,-0.1612905259366002,1.847315362593,1.27383711867796,1,1
5607,-0.1612905259366002,1.945830644497,1.27383711867796,1,1
5608,-0.1612905259366002,1.439990549143,1.27383711867796,1,1
5609,-0.1520740273775214,1.360043463247,1.27383711867796,1,1
5610,-0.1520740273775214,1.045549457588,1.27383711867796,0,1
5611,-0.1612905259366002,0.960097508239,1.27383711867796,0,1
5612,-0.1612905259366002,0.958068426926,1.27383711867796,0,1
5613,-0.1612905259366002,0.961111700743,1.27383711867796,0,1
5614,-0.17050702449567723,0.959583946467,1.27383711867796,0,1
5615,-0.1612905259366002,0.957882176157,1.27383711867796,0,1
5616,-0.1612905259366002,0.958772388328,1.27383711867796,0,1
5617,-0.1428575288184426,0.956523259954,1.27383711867796,0,1
5618,-0.1520740273775214,0.957806696187,1.27383711867796,0,1
5619,-0.1428575288184426,0.957100881555,1.27383711867796,0,1
5620,-0.13364103025936558,0.958662834101,1.27383711867796,0,1
5621,-0.12442453170028678,0.957274601991,1.27383711867796,0,1
5622,-0.1059906340057637,0.960449221508,1.27383711867796,0,1
5623,-0.1059906340057637,0.959053559131,1.27383711867796,0,1
5624,-0.0967741354466849,0.959968419083,1.27383711867796,0,1
5625,-0.0967741354466849,0.962995121311,1.27383711867796,0,1
5626,-0.08755763688760787,0.961248166815,1.27383711867796,0,1
5627,-0.07834113832853085,0.960310918509,1.27383711867796,0,1
5628,-0.06912463976945205,0.963764894818,1.27383711867796,0,1
5629,-0.05990814121037502,0.962726811565,1.27383711867796,0,1
5630,-0.05990814121037502,0.963515143968,1.27383711867796,0,1
5631,-0.050691642651298,0.963812091015,1.27383711867796,0,1
5632,-0.050691642651298,0.962210792399,1.27383711867796,0,1
5633,-0.050691642651298,0.961036503912,1.27383711867796,0,1
5634,-0.050691642651298,0.963150514326,1.27383711867796,0,1
5635,-0.032258645533140395,0.961837954233,1.27383711867796,0,1
5636,-0.032258645533140395,0.962913352582,1.27383711867796,0,1
5637,-0.032258645533140395,0.961605031974,1.27383711867796,0,1
5638,-0.023042146974061595,0.959299519825,1.27383711867796,0,1
5639,-0.023042146974061595,0.959216626689,1.27383711867796,0,1
5640,-0.013824747838615536,0.960918107538,1.27383711867796,0,1
5641,-0.013824747838615536,0.962881950498,1.27383711867796,0,1
5642,0.004608249279538512,0.96249845738,1.27383711867796,0,1
5643,-0.004608249279538512,0.965871471619,1.27383711867796,0,1
5644,-0.004608249279538512,0.964033263893,1.27383711867796,0,1
5645,-0.013824747838615536,0.961185348979,1.27383711867796,0,1
5646,-0.013824747838615536,0.962210674475,1.27383711867796,0,1
5647,-0.023042146974061595,0.960444488045,1.27383711867796,0,1
5648,-0.032258645533140395,0.961442518411,1.27383711867796,0,1
5649,-0.032258645533140395,0.962536075717,1.27383711867796,0,1
5650,-0.032258645533140395,0.961833846762,1.27383711867796,0,1
5651,-0.04147514409221742,0.961731869002,1.27383711867796,0,1
5652,-0.050691642651298,0.961346650415,1.27383711867796,0,1
5653,-0.050691642651298,0.960540002721,1.27383711867796,0,1
5654,-0.05990814121037502,0.960966120097,1.27383711867796,0,1
5655,-0.05990814121037502,0.957642985016,1.27383711867796,0,1
5656,-0.06912463976945205,0.956244928299,1.27383711867796,0,1
5657,-0.06912463976945205,0.960324158778,1.27383711867796,0,1
5658,-0.06912463976945205,0.960767403507,1.27383711867796,0,1
5659,-0.07834113832853085,0.958491170906,1.27383711867796,0,1
5660,-0.08755763688760787,0.957349197812,1.27383711867796,0,1
5661,-0.07834113832853085,0.95918274201,1.27383711867796,0,1
5662,-0.08755763688760787,0.960582563665,1.27383711867796,0,1
5663,-0.0967741354466849,0.958016834305,1.27383711867796,0,1
5664,-0.0967741354466849,0.956384968879,1.27383711867796,0,1
5665,-0.08755763688760787,0.958400423768,1.27383711867796,0,1
5666,-0.0967741354466849,0.958678349165,1.27383711867796,0,1
5667,-0.0967741354466849,0.962137498783,1.27383711867796,0,1
5668,-0.0967741354466849,0.962108665081,1.27383711867796,0,1
5669,-0.1059906340057637,0.961751693947,1.27383711867796,0,1
5670,-0.1059906340057637,0.962407070582,1.27383711867796,0,1
5671,-0.11520803314120975,0.959781825625,1.27383711867796,0,1
5672,-0.11520803314120975,0.962400904976,1.27383711867796,0,1
5673,-0.1059906340057637,0.956589153244,1.27383711867796,0,1
5674,-0.11520803314120975,0.960330169254,1.27383711867796,0,1
5675,-0.11520803314120975,0.955759519014,1.27383711867796,0,1
5676,-0.11520803314120975,0.956561975148,1.27383711867796,0,1
5677,-0.12442453170028678,0.955404469258,1.27383711867796,0,1
5678,-0.12442453170028678,0.958864304367,1.27383711867796,0,1
5679,-0.12442453170028678,0.955294416703,1.27383711867796,0,1
5680,-0.12442453170028678,0.956580708925,1.27383711867796,0,1
5681,-0.12442453170028678,0.957252757805,1.27383711867796,0,1
5682,-0.12442453170028678,0.958058982658,1.27383711867796,0,1
5683,-0.12442453170028678,0.959102394804,1.27383711867796,0,1
5684,-0.12442453170028678,0.957922836379,1.27383711867796,0,1
5685,-0.1428575288184426,0.959118808625,1.27383711867796,0,1
5686,-0.13364103025936558,0.961429695068,1.27383711867796,0,1
5687,-0.13364103025936558,0.962629961737,1.27383711867796,0,1
5688,-0.1428575288184426,0.960559199968,1.27383711867796,0,1
5689,-0.13364103025936558,0.962173577684,1.27383711867796,0,1
5690,-0.1428575288184426,0.962607260186,1.27383711867796,0,1
5691,-0.1428575288184426,0.960853199701,1.27383711867796,0,1
5692,-0.13364103025936558,0.960105999719,1.27383711867796,0,1
5693,-0.1428575288184426,0.962329215584,1.27383711867796,0,1
5694,-0.13364103025936558,0.964063613549,1.27383711867796,0,1
5695,-0.12442453170028678,0.96463770761,1.27383711867796,0,1
5696,-0.1428575288184426,0.96627271552,1.27383711867796,0,1
5697,-0.1428575288184426,0.964964459008,1.27383711867796,0,1
5698,-0.1520740273775214,0.963375739183,1.27383711867796,0,1
5699,-0.1428575288184426,0.964098400051,1.27383711867796,0,1
5700,-0.1520740273775214,0.959993405322,1.27383711867796,0,1
5701,-0.1428575288184426,0.964304509661,1.27383711867796,0,1
5702,-0.1428575288184426,0.963375910305,1.27383711867796,0,1
5703,-0.1428575288184426,0.963585848366,1.27383711867796,0,1
5704,-0.1520740273775214,0.962920797593,1.27383711867796,0,1
5705,-0.1520740273775214,0.966141930544,1.27383711867796,0,1
5706,-0.1520740273775214,0.963698152158,1.27383711867796,0,1
5707,-0.1520740273775214,0.966846707258,1.27383711867796,0,1
5708,-0.1612905259366002,0.964082719759,1.27383711867796,0,1
5709,-0.1520740273775214,0.965008421732,1.27383711867796,0,1
5710,-0.1520740273775214,0.962413557341,1.27383711867796,0,1
5711,-0.1520740273775214,0.963013766011,1.27383711867796,0,1
5712,-0.1520740273775214,0.959828012049,1.27383711867796,0,1
5713,-0.1520740273775214,0.963069360373,1.27383711867796,0,1
5714,-0.1612905259366002,0.960226380392,1.27383711867796,0,1
5715,-0.1612905259366002,0.961259573129,1.27383711867796,0,1
5716,-0.1612905259366002,0.961739991864,1.27383711867796,0,1
5717,-0.17050702449567723,0.959895706643,1.27383711867796,0,1
5718,-0.1520740273775214,0.96030844775,1.27383711867796,0,1
5719,-0.1520740273775214,0.960672794295,1.27383711867796,0,1
5720,-0.1428575288184426,0.962015758339,1.27383711867796,0,1
5721,-0.13364103025936558,0.960509483677,1.27383711867796,0,1
5722,-0.11520803314120975,0.963944662149,1.27383711867796,0,1
5723,-0.12442453170028678,0.962055116245,1.27383711867796,0,1
5724,-0.11520803314120975,0.961720108833,1.27383711867796,0,1
5725,-0.1059906340057637,0.964551083206,1.27383711867796,0,1
5726,-0.0967741354466849,0.963958481231,1.27383711867796,0,1
5727,-0.0967741354466849,0.962775023196,1.27383711867796,0,1
5728,-0.08755763688760787,0.965488561061,1.27383711867796,0,1
5729,-0.06912463976945205,0.964104236341,1.27383711867796,0,1
5730,-0.07834113832853085,0.963228118436,1.27383711867796,0,1
5731,-0.07834113832853085,0.9634581387,1.27383711867796,0,1
5732,-0.06912463976945205,0.960896561098,1.27383711867796,0,1
5733,-0.05990814121037502,0.962762718234,1.27383711867796,0,1
5734,-0.050691642651298,0.963528249807,1.27383711867796,0,1
5735,-0.04147514409221742,0.962116701824,1.27383711867796,0,1
5736,-0.04147514409221742,0.963219750236,1.27383711867796,0,1
5737,-0.032258645533140395,0.9642117909,1.27383711867796,0,1
5738,-0.032258645533140395,0.961371841622,1.27383711867796,0,1
5739,-0.023042146974061595,0.963164544727,1.27383711867796,0,1
5740,-0.023042146974061595,0.96309942878,1.27383711867796,0,1
5741,-0.023042146974061595,0.964912979031,1.27383711867796,0,1
5742,-0.013824747838615536,0.965335383772,1.27383711867796,0,1
5743,-0.004608249279538512,0.964294243308,1.27383711867796,0,1
5744,-0.004608249279538512,0.962204517106,1.27383711867796,0,1
5745,-0.013824747838615536,0.960934621613,1.27383711867796,0,1
5746,-0.004608249279538512,0.964680198786,1.27383711867796,0,1
5747,-0.004608249279538512,0.967011805268,1.27383711867796,0,1
5748,-0.013824747838615536,0.963461742997,1.27383711867796,0,1
5749,-0.013824747838615536,0.96367503419,1.27383711867796,0,1
5750,-0.013824747838615536,0.963236942619,1.27383711867796,0,1
5751,-0.023042146974061595,0.962366481764,1.27383711867796,0,1
5752,-0.032258645533140395,0.962257624552,1.27383711867796,0,1
5753,-0.04147514409221742,0.962908039466,1.27383711867796,0,1
5754,-0.032258645533140395,0.961855136419,1.27383711867796,0,1
5755,-0.04147514409221742,0.961628191637,1.27383711867796,0,1
5756,-0.050691642651298,0.961903330128,1.27383711867796,0,1
5757,-0.05990814121037502,0.962146386695,1.27383711867796,0,1
5758,-0.050691642651298,0.958244785564,1.27383711867796,0,1
5759,-0.05990814121037502,0.95951692571,1.27383711867796,0,1
5760,-0.06912463976945205,0.961674797501,1.27383711867796,0,1
5761,-0.06912463976945205,0.959855835345,1.27383711867796,0,1
5762,-0.07834113832853085,0.958965469297,1.27383711867796,0,1
5763,-0.06912463976945205,0.959929095167,1.27383711867796,0,1
5764,-0.07834113832853085,0.958094741927,1.27383711867796,0,1
5765,-0.07834113832853085,0.962002079592,1.27383711867796,0,1
5766,-0.08755763688760787,0.959249158971,1.27383711867796,0,1
5767,-0.08755763688760787,0.960894906676,1.27383711867796,0,1
5768,-0.08755763688760787,0.961570998676,1.27383711867796,0,1
5769,-0.0967741354466849,0.960772799556,1.27383711867796,0,1
5770,-0.0967741354466849,0.960574166725,1.27383711867796,0,1
5771,-0.0967741354466849,0.962500534637,1.27383711867796,0,1
5772,-0.1059906340057637,0.959484644838,1.27383711867796,0,1
5773,-0.1612905259366002,0.958601988867,1.27383711867796,0,1
5774,0.08755763688760965,0.971135164833,1.27383711867796,0,1
5775,0.6589859510086473,1.206960313117,1.27383711867796,0,1
5776,-0.7880187319884726,1.337327332277,1.27383711867796,1,1
5777,0.5207366714697415,1.34270785234,1.27383711867796,1,1
5778,0.29953890489913526,1.387027778915,1.27383711867796,1,1
5779,-0.7142858429394803,1.563667595251,1.27383711867796,1,1
5780,-0.5115210734870317,1.369756847713,1.27383711867796,1,1
5781,-0.13364103025936558,1.764290902009,1.27383711867796,1,1
5782,-0.12442453170028678,1.366411110606,1.27383711867796,1,1
5783,-0.12442453170028678,1.750240199005,1.27383711867796,1,1
5784,-0.11520803314120975,1.273904796984,1.27383711867796,1,1
5785,-0.12442453170028678,1.646549245681,1.27383711867796,1,1
5786,-0.13364103025936558,1.280408496514,1.27383711867796,1,1
5787,-0.13364103025936558,1.656747736257,1.27383711867796,1,1
5788,-0.12442453170028678,1.341334782561,1.27383711867796,1,1
5789,-0.13364103025936558,1.58357279713,1.27383711867796,1,1
5790,-0.12442453170028678,1.379084305367,1.27383711867796,1,1
5791,-0.20737391930835614,1.521532111541,1.27383711867796,1,1
5792,-0.13364103025936558,1.304067204011,1.27383711867796,1,1
5793,-0.12442453170028678,1.567365592229,1.27383711867796,1,1
5794,-0.1428575288184426,1.356083876834,1.27383711867796,1,1
5795,-0.9078341138328518,1.697510065833,1.27383711867796,1,1
5796,0.5023036743515856,1.670139512633,1.27383711867796,1,1
5797,-0.8064517291066284,1.465675323758,1.27383711867796,1,1
5798,0.44700468299711815,1.755232040241,1.27383711867796,1,1
5799,-0.8248847262247825,1.608827072582,1.27383711867796,1,1
5800,-0.5852539625360222,2.035936859593,1.27383711867796,1,1
5801,0.4746541786743528,1.85785980675,1.27383711867796,1,1
5802,-0.3917056916426507,2.268794309173,1.27383711867796,1,1
5803,-0.1520740273775214,2.096535619744,1.27383711867796,1,1
5804,-0.13364103025936558,2.28030597051,1.27383711867796,1,1
5805,-0.1428575288184426,2.083056240848,1.27383711867796,1,1
5806,0.6682024495677243,2.424552271805,1.27383711867796,1,1
5807,0.6129025576368878,2.280679155507,1.27383711867796,1,1
5808,0.6036860590778108,2.558251591221,1.27383711867796,1,1
5809,-0.8433186239193091,2.036952157005,1.27383711867796,1,1
5810,0.170507024495679,2.415201630585,1.27383711867796,1,1
5811,-0.6589868515850146,2.181595165884,1.27383711867796,1,1
5812,-0.004608249279538512,2.913731756735,1.27383711867796,1,1
5813,-0.1428575288184426,2.118179630172,1.27383711867796,1,1
5814,-0.1428575288184426,2.58150370648,1.27383711867796,1,1
5815,-0.18894002161383305,2.206070845068,1.27383711867796,1,1
5816,-0.7050693443804033,2.773038913315,1.27383711867796,1,1
5817,-0.4470046829971164,2.672055614521,1.27383711867796,1,1
5818,-0.5668209654178682,2.848759207447,1.27383711867796,1,1
5819,-0.1612905259366002,2.573671577617,1.27383711867796,1,1
5820,-0.1428575288184426,2.813871571262,1.27383711867796,1,1
5821,-0.1520740273775214,2.776039014905,1.27383711867796,1,1
5822,-0.1428575288184426,2.775527973216,1.27383711867796,1,1
5823,-0.13364103025936558,3.196300381434,1.27383711867796,1,1
5824,-0.12442453170028678,2.660180238086,1.27383711867796,1,1
5825,-0.6405529538904879,3.118235967866,1.27383711867796,1,1
5826,0.594469560518732,2.949287238866,1.27383711867796,1,1
5827,-0.8064517291066284,3.523301803907,1.27383711867796,1,1
5828,-0.8341021253602285,2.882790803204,1.27383711867796,1,1
5829,0.6221199567723339,3.331400099395,1.27383711867796,1,1
5830,0.7880178314121054,3.138554785245,1.27383711867796,1,1
5831,0.34562139769452394,3.686825161942,1.27383711867796,1,1
5832,0.09677413544668667,3.496773743693,1.27383711867796,1,1
5833,-0.6774198487031704,3.8907052828,1.27383711867796,1,1
5834,0.8801837175792517,2.880816051738,1.27383711867796,1,1
5835,-0.7327188400576361,4.141220718918,1.27383711867796,1,1
5836,0.8525342219020171,2.807942394034,1.27383711867796,1,1
5837,-0.7050693443804033,4.237762386749,1.27383711867796,1,1
5838,-0.032258645533140395,3.701769548745,1.27383711867796,1,1
5839,-0.023042146974061595,3.472716739275,1.27383711867796,1,1
5840,-0.032258645533140395,3.789108072775,1.27383711867796,1,1
5841,-0.013824747838615536,3.644189754541,1.27383711867796,1,1
5842,-0.013824747838615536,3.523974595639,1.27383711867796,1,1
5843,-0.013824747838615536,3.747537448468,1.27383711867796,1,1
5844,0.6036860590778108,4.802664653853,1.27383711867796,1,1
5845,-0.7972352305475496,4.139393487125,1.27383711867796,1,1
5846,0.9078341138328536,4.67276760834,1.27383711867796,1,1
5847,0.7235023414985591,4.136251123417,1.27383711867796,1,1
5848,-0.8525351224783861,4.642681509347,1.27383711867796,1,1
5849,0.6958519452449572,4.096641001843,1.27383711867796,1,1
5850,0.5299540706051875,4.971637541506,1.27383711867796,1,1
5851,0.6589859510086473,4.506852001462,1.27383711867796,1,1
5852,-0.5299540706051857,4.890089123995,1.27383711867796,1,1
5853,-0.023042146974061595,4.244278963233,1.27383711867796,1,1
5854,-0.04147514409221742,4.286769332229,1.27383711867796,1,1
5855,-0.032258645533140395,3.552567993413,1.27383711867796,1,1
5856,-0.04147514409221742,4.012325505704,1.27383711867796,1,1
5857,-0.04147514409221742,3.16563195305,1.27383711867796,1,1
5858,-0.6129034582132551,4.249852378663,1.27383711867796,1,1
5859,0.04147424351585016,3.735671964169,1.27383711867796,1,1
5860,-0.6866363472622474,3.713892599105,1.27383711867796,1,1
5861,0.44700468299711815,3.721456043197,1.27383711867796,1,1
5862,-0.7142858429394803,3.095676787987,1.27383711867796,1,1
5863,-0.07834113832853085,3.753075994796,1.27383711867796,1,1
5864,-0.06912463976945205,3.415099938389,1.27383711867796,1,1
5865,0.29953890489913526,3.463937387735,1.27383711867796,1,1
5866,0.6405529538904897,2.671599633262,1.27383711867796,1,1
5867,0.46543768011527575,4.509241379581,1.27383711867796,1,1
5868,0.6589859510086473,2.586384596703,1.27383711867796,1,1
5869,-0.5299540706051857,4.503387317751,1.27383711867796,1,1
5870,0.5668200648414992,2.663246649584,1.27383711867796,1,1
5871,-0.1059906340057637,4.360546911353,1.27383711867796,1,1
5872,-0.1059906340057637,2.142016832192,1.27383711867796,1,1
5873,-0.0967741354466849,4.038551036996,1.27383711867796,1,1
5874,-0.6221199567723339,2.355101399267,1.27383711867796,1,1
5875,0.170507024495679,3.716839633854,1.27383711867796,1,1
5876,-0.6221199567723339,2.56167007133,1.27383711867796,1,1
5877,0.6589859510086473,4.1493512605,1.27383711867796,1,1
5878,-0.17050702449567723,2.576043953378,1.27383711867796,1,1
5879,0.576036563400578,4.673495981253,1.27383711867796,1,1
5880,-0.7050693443804033,3.225492709534,1.27383711867796,1,1
5881,-0.0967741354466849,4.650648255477,1.27383711867796,1,1
5882,-0.7142858429394803,3.485158868704,1.27383711867796,1,1
5883,0.18894002161383305,4.970664738203,1.27383711867796,1,1
5884,-0.12442453170028678,3.401887841044,1.27383711867796,1,1
5885,-0.11520803314120975,4.912974686983,1.27383711867796,1,1
5886,-0.13364103025936558,3.722114444669,1.27383711867796,1,1
5887,-0.13364103025936558,5.363931044735,1.27383711867796,1,1
5888,-0.12442453170028678,3.30638734949,1.27383711867796,1,1
5889,-0.12442453170028678,5.480144467423,1.27383711867796,1,1
5890,-0.13364103025936558,3.256644450321,1.27383711867796,1,1
5891,-0.1428575288184426,5.029770122513,1.27383711867796,1,1
5892,-0.8064517291066284,3.12842274941,1.27383711867796,1,1
5893,-0.594470461095101,4.391886307133,1.27383711867796,1,1
5894,0.576036563400578,3.979839158124,1.27383711867796,1,1
5895,0.5391705691642645,4.58285747822,1.27383711867796,1,1
5896,-0.7788022334293956,3.875675071348,1.27383711867796,1,1
5897,-0.7695857348703168,4.690134223373,1.27383711867796,1,1
5898,-0.6497694524495667,4.470449371515,1.27383711867796,1,1
5899,-0.8156682276657055,4.653521388284,1.27383711867796,1,1
5900,0.19815652017291185,4.426320659645,1.27383711867796,1,1
5901,0.5576035662824221,4.345472274087,1.27383711867796,1,1
5902,-0.594470461095101,4.235684994307,1.27383711867796,1,1
5903,0.29032240634005824,4.232905523832,1.27383711867796,1,1
5904,0.43778818443803935,4.441043869652,1.27383711867796,1,1
5905,-0.5760374639769452,4.266334423033,1.27383711867796,1,1
5906,-0.7972352305475496,4.147899571494,1.27383711867796,1,1
5907,-0.1520740273775214,4.277889170571,1.27383711867796,1,1
5908,-0.1520740273775214,3.697669497302,1.27383711867796,1,1
5909,-0.1520740273775214,3.958331866279,1.27383711867796,1,1
5910,-0.1428575288184426,3.43867072092,1.27383711867796,1,1
5911,-0.1520740273775214,3.984655891016,1.27383711867796,1,1
5912,-0.1428575288184426,3.242214273862,1.27383711867796,1,1
5913,-0.13364103025936558,3.953808456302,1.27383711867796,1,1
5914,-0.12442453170028678,3.14714012418,1.27383711867796,1,1
5915,0.714285842939482,3.529295339486,1.27383711867796,1,1
5916,0.6129025576368878,3.749393977676,1.27383711867796,1,1
5917,0.705068443804036,3.513381203377,1.27383711867796,1,1
5918,0.4746541786743528,3.681228321887,1.27383711867796,1,1
5919,0.6958519452449572,3.265624588123,1.27383711867796,1,1
5920,0.7419353386167149,3.467063610038,1.27383711867796,1,1
5921,-0.7603692363112398,3.594183078296,1.27383711867796,1,1
5922,0.4285707853025933,4.104341909349,1.27383711867796,1,1
5923,-0.05990814121037502,3.617135229854,1.27383711867796,1,1
5924,-0.06912463976945205,4.097458338897,1.27383711867796,1,1
5925,-0.05990814121037502,3.72935713162,1.27383711867796,1,1
5926,-0.05990814121037502,4.38744236958,1.27383711867796,1,1
5927,-0.050691642651298,3.623435279561,1.27383711867796,1,1
5928,-0.7880187319884726,4.680991952355,1.27383711867796,1,1
5929,0.705068443804036,3.789220561991,1.27383711867796,1,1
5930,-0.6589868515850146,3.960341743184,1.27383711867796,1,1
5931,-0.49308807636887586,4.042585201062,1.27383711867796,1,1
5932,0.5576035662824221,3.84150272557,1.27383711867796,1,1
5933,-0.023042146974061595,3.808793099023,1.27383711867796,1,1
5934,-0.013824747838615536,3.663478946034,1.27383711867796,1,1
5935,-0.013824747838615536,3.470518247108,1.27383711867796,1,1
5936,-0.013824747838615536,3.514192191441,1.27383711867796,1,1
5937,-0.004608249279538512,3.642859085269,1.27383711867796,1,1
5938,-0.004608249279538512,3.561930941329,1.27383711867796,1,1
5939,-0.004608249279538512,3.304051093889,1.27383711867796,1,1
5940,0.004608249279538512,3.550810559394,1.27383711867796,1,1
5941,0.004608249279538512,3.595479503905,1.27383711867796,1,1
5942,-0.004608249279538512,2.758322522178,1.27383711867796,1,1
5943,-0.013824747838615536,3.609953681853,1.27383711867796,1,1
5944,-0.023042146974061595,3.41370816304,1.27383711867796,1,1
5945,-0.032258645533140395,2.820122572155,1.27383711867796,1,1
5946,-0.023042146974061595,3.337538730981,1.27383711867796,1,1
5947,-0.023042146974061595,3.065342656334,1.27383711867796,1,1
5948,-0.8617516210374649,3.599220904942,1.27383711867796,1,1
5949,0.7788013328530266,3.885843064723,1.27383711867796,1,1
5950,0.8156682276657055,4.014912061009,1.27383711867796,1,1
5951,0.7788013328530266,4.081007532105,1.27383711867796,1,1
5952,0.41013778818443924,3.931141854381,1.27383711867796,1,1
5953,-0.05990814121037502,4.054855626175,1.27383711867796,1,1
5954,-0.06912463976945205,3.991738552324,1.27383711867796,1,1
5955,-0.06912463976945205,3.925874004972,1.27383711867796,1,1
5956,-0.07834113832853085,3.299355163931,1.27383711867796,1,1
5957,-0.08755763688760787,4.396093866071,1.27383711867796,1,1
5958,-0.07834113832853085,3.246687925447,1.27383711867796,1,1
5959,-0.08755763688760787,4.368147175002,1.27383711867796,1,1
5960,-0.08755763688760787,3.197732200585,1.27383711867796,1,1
5961,-0.08755763688760787,3.98868679665,1.27383711867796,1,1
5962,0.1059906340057637,2.786835354134,1.27383711867796,1,1
5963,-0.08755763688760787,4.323210308731,1.27383711867796,1,1
5964,0.29032240634005824,3.090698721917,1.27383711867796,1,1
5965,-0.6866363472622474,3.985538990067,1.27383711867796,1,1
5966,0.18894002161383305,2.742997384236,1.27383711867796,1,1
5967,-0.06912463976945205,3.696717482666,1.27383711867796,1,1
5968,0.14285662824207535,2.7284263338,1.27383711867796,1,1
5969,-0.5299540706051857,3.92237962916,1.27383711867796,1,1
5970,0.3824882925072046,2.560015666107,1.27383711867796,1,1
5971,-0.6313364553314109,4.216192884633,1.27383711867796,1,1
5972,-0.11520803314120975,2.736917002152,1.27383711867796,1,1
5973,-0.11520803314120975,3.919487327731,1.27383711867796,1,1
5974,-0.12442453170028678,2.672589424683,1.27383711867796,1,1
5975,-0.12442453170028678,4.439227480746,1.27383711867796,1,1
5976,-0.11520803314120975,2.510612482481,1.27383711867796,1,1
5977,-0.12442453170028678,4.106650125327,1.27383711867796,1,1
5978,-0.12442453170028678,2.589817789174,1.27383711867796,1,1
5979,-0.11520803314120975,3.766344798987,1.27383711867796,1,1
5980,-0.12442453170028678,2.495935219086,1.27383711867796,1,1
5981,-0.12442453170028678,3.903450413529,1.27383711867796,1,1
5982,-0.8525351224783861,2.456759986926,1.27383711867796,1,1
5983,-0.7142858429394803,3.767917434507,1.27383711867796,1,1
5984,0.6221199567723339,2.034692894664,1.27383711867796,1,1
5985,-0.8525351224783861,3.078925870202,1.27383711867796,1,1
5986,-0.7880187319884726,2.26798856541,1.27383711867796,1,1
5987,-0.1059906340057637,3.259439856639,1.27383711867796,1,1
5988,-0.7788022334293956,2.344052190915,1.27383711867796,1,1
5989,-0.870968119596542,3.144564060004,1.27383711867796,1,1
5990,-0.6682033501440916,2.482656744649,1.27383711867796,1,1
5991,-0.13364103025936558,3.034179513703,1.27383711867796,1,1
5992,-0.1428575288184426,2.672048921788,1.27383711867796,1,1
5993,-0.13364103025936558,2.59544568928,1.27383711867796,1,1
5994,-0.9078341138328518,2.904292558155,1.27383711867796,1,1
5995,0.45622118155619695,3.036037383381,1.27383711867796,1,1
5996,-0.7511527377521627,2.716785723541,1.27383711867796,1,1
5997,-0.2718894092219024,2.464617458141,1.27383711867796,1,1
5998,-0.1520740273775214,2.695542098884,1.27383711867796,1,1
5999,-0.7327188400576361,2.544431596781,1.27383711867796,1,1
6000,-0.6589868515850146,2.634860095762,1.27383711867796,1,1
6001,-0.12442453170028678,2.471760149747,1.27383711867796,1,1
6002,-0.6774198487031704,2.817669369221,1.27383711867796,1,1
6003,0.41935428674351627,2.877416128813,1.27383711867796,1,1
6004,-0.1520740273775214,2.640617321273,1.27383711867796,1,1
6005,-0.1059906340057637,2.995686268294,1.27383711867796,1,1
6006,-0.1520740273775214,2.496651261189,1.27383711867796,1,1
6007,0.004608249279538512,3.361820636808,1.27383711867796,1,1
6008,-0.1520740273775214,2.562815414651,1.27383711867796,1,1
6009,-0.1520740273775214,2.956943509827,1.27383711867796,1,1
6010,-0.1612905259366002,2.401578633157,1.27383711867796,1,1
6011,-0.1520740273775214,3.263141773968,1.27383711867796,1,1
6012,-0.1520740273775214,2.648020943148,1.27383711867796,1,1
6013,0.6589859510086473,3.101397512163,1.27383711867796,1,1
6014,-0.8064517291066284,2.417329449043,1.27383711867796,1,1
6015,0.6866354466858802,2.458793782698,1.27383711867796,1,1
6016,-0.2718894092219024,2.426715706102,1.27383711867796,1,1
6017,0.7419353386167149,2.390481551543,1.27383711867796,1,1
6018,0.5668200648414992,2.629468509895,1.27383711867796,1,1
6019,-0.1059906340057637,2.931249043555,1.27383711867796,1,1
6020,-0.0967741354466849,2.627058794317,1.27383711867796,1,1
6021,-0.08755763688760787,2.410052263545,1.27383711867796,1,1
6022,-0.07834113832853085,2.67028863106,1.27383711867796,1,1
6023,-0.07834113832853085,2.562348141368,1.27383711867796,1,1
6024,-0.05990814121037502,2.696550441859,1.27383711867796,1,1
6025,-0.06912463976945205,2.336923904967,1.27383711867796,1,1
6026,-0.05990814121037502,2.844536875004,1.27383711867796,1,1
6027,-0.050691642651298,2.735819139103,1.27383711867796,1,1
6028,-0.04147514409221742,2.51995084588,1.27383711867796,1,1
6029,-0.04147514409221742,2.603652057186,1.27383711867796,1,1
6030,-0.032258645533140395,2.770382706658,1.27383711867796,1,1
6031,-0.032258645533140395,2.934232304913,1.27383711867796,1,1
6032,-0.023042146974061595,2.984382141699,1.27383711867796,1,1
6033,-0.013824747838615536,3.152598027345,1.27383711867796,1,1
6034,-0.023042146974061595,2.279803260908,1.27383711867796,1,1
6035,-0.023042146974061595,3.086777079447,1.27383711867796,1,1
6036,-0.013824747838615536,2.203376461948,1.27383711867796,1,1
6037,-0.004608249279538512,3.107842090323,1.27383711867796,1,1
6038,0.004608249279538512,2.270502126514,1.27383711867796,1,1
6039,-0.004608249279538512,2.968062872792,1.27383711867796,1,1
6040,-0.004608249279538512,2.216760309237,1.27383711867796,1,1
6041,0.013824747838617313,3.599689159935,1.27383711867796,1,1
6042,-0.004608249279538512,2.121485936264,1.27383711867796,1,1
6043,0.004608249279538512,2.577866515268,1.27383711867796,1,1
6044,-0.004608249279538512,2.127297159677,1.27383711867796,1,1
6045,-0.013824747838615536,2.941980600063,1.27383711867796,1,1
6046,-0.013824747838615536,2.192645179337,1.27383711867796,1,1
6047,-0.013824747838615536,3.041122802,1.27383711867796,1,1
6048,-0.023042146974061595,2.123511600183,1.27383711867796,1,1
6049,-0.04147514409221742,2.482236976309,1.27383711867796,1,1
6050,0.15207312680115237,2.041045641772,1.27383711867796,1,1
6051,0.5299540706051875,2.781253259759,1.27383711867796,1,1
6052,0.576036563400578,2.118878831418,1.27383711867796,1,1
6053,-0.6958528458213245,3.240399600341,1.27383711867796,1,1
6054,0.46543768011527575,2.192541440119,1.27383711867796,1,1
6055,0.576036563400578,3.178715706123,1.27383711867796,1,1
6056,-0.7327188400576361,2.400860031417,1.27383711867796,1,1
6057,0.6774189481268014,2.854568336381,1.27383711867796,1,1
6058,0.6405529538904897,2.609905860129,1.27383711867796,1,1
6059,0.4838706772334298,2.610153317758,1.27383711867796,1,1
6060,0.576036563400578,1.890607793429,1.27383711867796,1,1
6061,-0.08755763688760787,2.703461988604,1.27383711867796,1,1
6062,-0.07834113832853085,2.242540179249,1.27383711867796,1,1
6063,-0.08755763688760787,2.541544183366,1.27383711867796,1,1
6064,-0.08755763688760787,2.674099880481,1.27383711867796,1,1
6065,-0.08755763688760787,2.63064525827,1.27383711867796,1,1
6066,-0.1520740273775214,2.533568034732,1.27383711867796,1,1
6067,-0.7142858429394803,2.707166102252,1.27383711867796,1,1
6068,-0.6866363472622474,2.984868408849,1.27383711867796,1,1
6069,0.6129025576368878,2.915512578273,1.27383711867796,1,1
6070,-0.1059906340057637,2.596934096759,1.27383711867796,1,1
6071,-0.0967741354466849,3.047906843318,1.27383711867796,1,1
6072,-0.1059906340057637,2.893767504975,1.27383711867796,1,1
6073,-0.1059906340057637,2.917545248711,1.27383711867796,1,1
6074,0.714285842939482,2.71594706534,1.27383711867796,1,1
6075,0.4746541786743528,3.237562763098,1.27383711867796,1,1
6076,-0.1059906340057637,2.77493498715,1.27383711867796,1,1
6077,-0.12442453170028678,2.649463990265,1.27383711867796,1,1
6078,-0.12442453170028678,2.742170345758,1.27383711867796,1,1
6079,-0.11520803314120975,2.532293542338,1.27383711867796,1,1
6080,-0.11520803314120975,2.673671473917,1.27383711867796,1,1
6081,-0.12442453170028678,2.486068878946,1.27383711867796,1,1
6082,-0.11520803314120975,1.986525866094,1.27383711867796,1,1
6083,-0.11520803314120975,2.202145389493,1.27383711867796,1,1
6084,-0.12442453170028678,2.102768954605,1.27383711867796,1,1
6085,-0.12442453170028678,2.367695786247,1.27383711867796,1,1
6086,-0.13364103025936558,2.559000017473,1.27383711867796,1,1
6087,-0.12442453170028678,2.545503473513,1.27383711867796,1,1
6088,-0.13364103025936558,2.471872822991,1.27383711867796,1,1
6089,-0.1428575288184426,2.583241141194,1.27383711867796,1,1
6090,0.6682024495677243,2.631806402304,1.27383711867796,1,1
6091,0.4746541786743528,2.761143329714,1.27383711867796,1,1
6092,-0.12442453170028678,2.760841571094,1.27383711867796,1,1
6093,0.04147424351585016,2.622121124233,1.27383711867796,1,1
6094,-0.13364103025936558,2.906852838761,1.27383711867796,1,1
6095,-0.1428575288184426,2.751776290734,1.27383711867796,1,1
6096,-0.1428575288184426,2.639336709447,1.27383711867796,1,1
6097,-0.1612905259366002,2.656725788125,1.27383711867796,1,1
6098,-0.1428575288184426,2.74576204259,1.27383711867796,1,1
6099,-0.13364103025936558,2.903011628398,1.27383711867796,1,1
6100,-0.13364103025936558,2.737808936978,1.27383711867796,1,1
6101,-0.1428575288184426,2.814549602577,1.27383711867796,1,1
6102,0.4285707853025933,2.9350677846,1.27383711867796,1,1
6103,0.714285842939482,3.254721023009,1.27383711867796,1,1
6104,-0.6774198487031704,3.192280970091,1.27383711867796,1,1
6105,0.6774189481268014,3.825627799377,1.27383711867796,1,1
6106,-0.9078341138328518,3.297943574499,1.27383711867796,1,1
6107,-0.6129034582132551,3.395964887663,1.27383711867796,1,1
6108,-0.870968119596542,3.387253972138,1.27383711867796,1,1
6109,0.4930871757925086,3.555564179536,1.27383711867796,1,1
6110,-0.8525351224783861,3.191212464245,1.27383711867796,1,1
6111,-0.465437680115274,3.795834132093,1.27383711867796,1,1
6112,0.5391705691642645,2.270537854266,1.27383711867796,1,1
6113,-0.7695857348703168,3.561507986164,1.27383711867796,1,1
6114,0.15207312680115237,2.85283677149,1.27383711867796,1,1
6115,-0.7511527377521627,3.745227773977,1.27383711867796,1,1
6116,0.5483870677233416,2.97578915902,1.27383711867796,1,1
6117,-0.7972352305475496,4.020419745694,1.27383711867796,1,1
6118,-0.13364103025936558,3.074579037321,1.27383711867796,1,1
6119,-0.1428575288184426,3.499341992644,1.27383711867796,1,1
6120,-0.13364103025936558,3.624944841053,1.27383711867796,1,1
6121,-0.11520803314120975,4.380003117112,1.27383711867796,1,1
6122,-0.1059906340057637,3.473082686283,1.27383711867796,1,1
6123,0.7880178314121054,4.141853314262,1.27383711867796,1,1
6124,0.6036860590778108,3.561412809671,1.27383711867796,1,1
6125,0.7327188400576361,3.485970706928,1.27383711867796,1,1
6126,-0.08755763688760787,3.801997719728,1.27383711867796,1,1
6127,-0.06912463976945205,3.682574970643,1.27383711867796,1,1
6128,-0.06912463976945205,3.564365522336,1.27383711867796,1,1
6129,-0.06912463976945205,3.755396001502,1.27383711867796,1,1
6130,-0.05990814121037502,3.947961833543,1.27383711867796,1,1
6131,-0.04147514409221742,3.824179955542,1.27383711867796,1,1
6132,-0.05990814121037502,3.996005948578,1.27383711867796,1,1
6133,-0.04147514409221742,3.4628950548,1.27383711867796,1,1
6134,-0.032258645533140395,3.884645801486,1.27383711867796,1,1
6135,-0.023042146974061595,3.356756307807,1.27383711867796,1,1
6136,-0.032258645533140395,4.009065095021,1.27383711867796,1,1
6137,-0.023042146974061595,3.594950601659,1.27383711867796,1,1
6138,-0.023042146974061595,3.796166308842,1.27383711867796,1,1
6139,-0.023042146974061595,3.40862838305,1.27383711867796,1,1
6140,0.05990724063400776,3.672085225022,1.27383711867796,1,1
6141,-0.004608249279538512,3.843095750188,1.27383711867796,1,1
6142,-0.004608249279538512,3.864456200008,1.27383711867796,1,1
6143,-0.004608249279538512,3.879849661167,1.27383711867796,1,1
6144,0.004608249279538512,4.190967926471,1.27383711867796,1,1
6145,0.8341012247838613,3.756980782362,1.27383711867796,1,1
6146,0.6682024495677243,3.904445182167,1.27383711867796,1,1
6147,0.8801837175792517,3.757531497152,1.27383711867796,1,1
6148,0.6774189481268014,4.477575645988,1.27383711867796,1,1
6149,-0.7050693443804033,3.62147857841,1.27383711867796,1,1
6150,0.5023036743515856,3.766030010532,1.27383711867796,1,1
6151,0.6497694524495667,3.556654148992,1.27383711867796,1,1
6152,-0.032258645533140395,3.903942367544,1.27383711867796,1,1
6153,-0.032258645533140395,3.489050320865,1.27383711867796,1,1
6154,-0.032258645533140395,4.575499005038,1.27383711867796,1,1
6155,-0.04147514409221742,3.153256036721,1.27383711867796,1,1
6156,-0.050691642651298,4.752499022336,1.27383711867796,1,1
6157,-0.05990814121037502,3.156724980851,1.27383711867796,1,1
6158,-0.050691642651298,4.303583574706,1.27383711867796,1,1
6159,-0.05990814121037502,3.271983524753,1.27383711867796,1,1
6160,0.6866354466858802,4.644184704629,1.27383711867796,1,1
6161,-0.6036869596541781,4.050471493486,1.27383711867796,1,1
6162,-0.07834113832853085,5.038775087055,1.27383711867796,1,1
6163,-0.07834113832853085,4.250940604254,1.27383711867796,1,1
6164,-0.05990814121037502,4.403241152254,1.27383711867796,1,1
6165,-0.06912463976945205,4.0403177211,1.27383711867796,1,1
6166,-0.06912463976945205,4.624862621479,1.27383711867796,1,1
6167,-0.06912463976945205,3.697770190337,1.27383711867796,1,1
6168,-0.0967741354466849,4.243285110932,1.27383711867796,1,1
6169,-0.07834113832853085,4.624360584178,1.27383711867796,1,1
6170,-0.0967741354466849,3.144218423324,1.27383711867796,1,1
6171,-0.0967741354466849,4.57912327426,1.27383711867796,1,1
6172,-0.0967741354466849,2.742113627052,1.27383711867796,1,1
6173,-0.0967741354466849,2.908679883148,1.27383711867796,1,1
6174,-0.0967741354466849,2.954552585508,1.27383711867796,1,1
6175,-0.1059906340057637,3.053058320224,1.27383711867796,1,1
6176,0.6866354466858802,3.046906170267,1.27383711867796,1,1
6177,-0.8341021253602285,2.568146411905,1.27383711867796,1,1
6178,-0.11520803314120975,3.058252590305,1.27383711867796,1,1
6179,-0.1059906340057637,2.506386664377,1.27383711867796,1,1
6180,-0.1059906340057637,3.13271621761,1.27383711867796,1,1
6181,0.705068443804036,2.055061940071,1.27383711867796,1,1
6182,0.40092128962536044,2.672754206591,1.27383711867796,1,1
6183,0.6313364553314127,2.479973508267,1.27383711867796,1,1
6184,0.18894002161383305,3.284988585942,1.27383711867796,1,1
6185,0.6405529538904897,2.326256876135,1.27383711867796,1,1
6186,-0.6958528458213245,3.830306313553,1.27383711867796,1,1
6187,0.5576035662824221,2.555952715689,1.27383711867796,1,1
6188,-0.7880187319884726,3.734723162961,1.27383711867796,1,1
6189,0.5483870677233416,2.084704448171,1.27383711867796,1,1
6190,-0.11520803314120975,3.477032923571,1.27383711867796,1,1
6191,-0.12442453170028678,2.345089609658,1.27383711867796,1,1
6192,-0.13364103025936558,3.374607251814,1.27383711867796,1,1
6193,-0.12442453170028678,2.448712605329,1.27383711867796,1,1
6194,-0.12442453170028678,3.169241199188,1.27383711867796,1,1
6195,-0.13364103025936558,2.385653032919,1.27383711867796,1,1
6196,-0.8064517291066284,3.117728591704,1.27383711867796,1,1
6197,0.23502251440922173,2.287600835385,1.27383711867796,1,1
6198,-0.1981574207492791,3.010218685991,1.27383711867796,1,1
6199,-0.6405529538904879,2.487737404428,1.27383711867796,1,1
6200,-0.11520803314120975,2.951254594466,1.27383711867796,1,1
6201,-0.5668209654178682,2.545970655347,1.27383711867796,1,1
6202,-0.5299540706051857,3.025177750657,1.27383711867796,1,1
6203,-0.1428575288184426,2.432403645724,1.27383711867796,1,1
6204,-0.1428575288184426,2.942392828568,1.27383711867796,1,1
6205,-0.1428575288184426,2.827093182133,1.27383711867796,1,1
6206,-0.1428575288184426,3.199577258572,1.27383711867796,1,1
6207,-0.13364103025936558,2.608678677091,1.27383711867796,1,1
6208,-0.1428575288184426,3.035215370484,1.27383711867796,1,1
6209,-0.1520740273775214,3.032744333882,1.27383711867796,1,1
6210,-0.1428575288184426,2.643961116396,1.27383711867796,1,1
6211,-0.1428575288184426,2.75225129721,1.27383711867796,1,1
6212,0.6682024495677243,2.482758623555,1.27383711867796,1,1
6213,0.6036860590778108,2.568968229207,1.27383711867796,1,1
6214,-0.8986176152737748,2.874190256758,1.27383711867796,1,1
6215,-0.47465507925072004,3.091165934049,1.27383711867796,1,1
6216,0.714285842939482,2.918884169015,1.27383711867796,1,1
6217,0.714285842939482,2.907697635924,1.27383711867796,1,1
6218,-0.08755763688760787,3.345498750005,1.27383711867796,1,1
6219,-0.8064517291066284,3.34008690616,1.27383711867796,1,1
6220,-0.1428575288184426,3.596951708267,1.27383711867796,1,1
6221,-0.13364103025936558,3.384489496741,1.27383711867796,1,1
6222,-0.13364103025936558,3.634267295179,1.27383711867796,1,1
6223,-0.12442453170028678,3.709045448881,1.27383711867796,1,1
6224,-0.1059906340057637,3.964485151186,1.27383711867796,1,1
6225,-0.1059906340057637,3.818504298969,1.27383711867796,1,1
6226,-0.0967741354466849,3.719353436013,1.27383711867796,1,1
6227,-0.06912463976945205,3.249504363015,1.27383711867796,1,1
6228,-0.07834113832853085,3.727244662287,1.27383711867796,1,1
6229,-0.08755763688760787,3.299755752705,1.27383711867796,1,1
6230,-0.06912463976945205,3.870078572369,1.27383711867796,1,1
6231,-0.05990814121037502,3.521304996028,1.27383711867796,1,1
6232,-0.05990814121037502,3.655246530969,1.27383711867796,1,1
6233,-0.050691642651298,3.53329323424,1.27383711867796,1,1
6234,-0.05990814121037502,3.890198250214,1.27383711867796,1,1
6235,-0.5760374639769452,3.146137589549,1.27383711867796,1,1
6236,1.0,3.244120823087,1.27383711867796,1,1
6237,-0.050691642651298,3.834917012382,1.27383711867796,1,1
6238,-0.8064517291066284,3.870359338343,1.27383711867796,1,1
6239,0.8525342219020171,4.13028780759,1.27383711867796,1,1
6240,0.004608249279538512,4.231876251318,1.27383711867796,1,1
6241,-0.013824747838615536,3.516844414203,1.27383711867796,1,1
6242,-0.004608249279538512,3.021992655492,1.27383711867796,1,1
6243,-0.013824747838615536,3.556258699934,1.27383711867796,1,1
6244,-0.004608249279538512,3.36897758549,1.27383711867796,1,1
6245,-0.004608249279538512,3.497496234995,1.27383711867796,1,1
6246,0.004608249279538512,3.295506875901,1.27383711867796,1,1
6247,0.4930871757925086,3.11784839994,1.27383711867796,1,1
6248,-0.6774198487031704,3.118637038693,1.27383711867796,1,1
6249,0.013824747838617313,2.984957243086,1.27383711867796,1,1
6250,0.5023036743515856,2.866542168313,1.27383711867796,1,1
6251,-0.6866363472622474,3.445556639161,1.27383711867796,1,1
6252,0.576036563400578,2.671754898436,1.27383711867796,1,1
6253,0.585253061959655,3.176307199723,1.27383711867796,1,1
6254,0.6866354466858802,3.128063420888,1.27383711867796,1,1
6255,-0.47465507925072004,3.527483779997,1.27383711867796,1,1
6256,-0.032258645533140395,3.35493164119,1.27383711867796,1,1
6257,0.714285842939482,3.628315564612,1.27383711867796,1,1
6258,-0.6589868515850146,3.007319824327,1.27383711867796,1,1
6259,-0.05990814121037502,3.017367534334,1.27383711867796,1,1
6260,-0.050691642651298,2.867162244246,1.27383711867796,1,1
6261,-0.050691642651298,3.032962662992,1.27383711867796,1,1
6262,-0.05990814121037502,2.932168753847,1.27383711867796,1,1
6263,-0.050691642651298,2.961208777841,1.27383711867796,1,1
6264,-0.06912463976945205,2.969488467601,1.27383711867796,1,1
6265,-0.06912463976945205,3.181263578051,1.27383711867796,1,1
6266,0.6589859510086473,3.102212033884,1.27383711867796,1,1
6267,0.6866354466858802,2.982522595182,1.27383711867796,1,1
6268,-0.6958528458213245,3.417020273304,1.27383711867796,1,1
6269,-0.4470046829971164,3.130421138895,1.27383711867796,1,1
6270,0.4930871757925086,3.177580419457,1.27383711867796,1,1
6271,-0.08755763688760787,2.773069388537,1.27383711867796,1,1
6272,-0.08755763688760787,3.382827516686,1.27383711867796,1,1
6273,-0.0967741354466849,3.020240903585,1.27383711867796,1,1
6274,-0.08755763688760787,3.421612142153,1.27383711867796,1,1
6275,-0.1059906340057637,2.810326324259,1.27383711867796,1,1
6276,-0.1059906340057637,3.120870379019,1.27383711867796,1,1
6277,-0.0967741354466849,2.807243265764,1.27383711867796,1,1
6278,-0.1059906340057637,2.472905753986,1.27383711867796,1,1
6279,-0.1059906340057637,2.995408460104,1.27383711867796,1,1
6280,-0.1059906340057637,2.081606934795,1.27383711867796,1,1
6281,-0.11520803314120975,2.260136834684,1.27383711867796,1,1
6282,-0.1059906340057637,2.421092845441,1.27383711867796,1,1
6283,-0.11520803314120975,2.241288367093,1.27383711867796,1,1
6284,-0.12442453170028678,2.171999915742,1.27383711867796,1,1
6285,-0.11520803314120975,2.639144036559,1.27383711867796,1,1
6286,-0.11520803314120975,2.406189220548,1.27383711867796,1,1
6287,-0.12442453170028678,2.549787489674,1.27383711867796,1,1
6288,-0.11520803314120975,2.198398812571,1.27383711867796,1,1
6289,-0.12442453170028678,2.609626155381,1.27383711867796,1,1
6290,-0.12442453170028678,2.641347102346,1.27383711867796,1,1
6291,-0.12442453170028678,2.869193555606,1.27383711867796,1,1
6292,-0.11520803314120975,2.570802976718,1.27383711867796,1,1
6293,-0.12442453170028678,3.0653470939,1.27383711867796,1,1
6294,0.7235023414985591,2.33289395646,1.27383711867796,1,1
6295,-0.13364103025936558,3.109538660399,1.27383711867796,1,1
6296,-0.1428575288184426,2.311010431876,1.27383711867796,1,1
6297,-0.12442453170028678,3.293161970157,1.27383711867796,1,1
6298,-0.13364103025936558,2.352490407935,1.27383711867796,1,1
6299,-0.12442453170028678,3.718447270904,1.27383711867796,1,1
6300,-0.8894011167146978,2.250701970704,1.27383711867796,1,1
6301,0.705068443804036,3.252920294651,1.27383711867796,1,1
6302,0.6958519452449572,2.781309162801,1.27383711867796,1,1
6303,0.6589859510086473,3.268335093873,1.27383711867796,1,1
6304,-0.880184618155619,2.815753374903,1.27383711867796,1,1
6305,-0.8248847262247825,3.711857280536,1.27383711867796,1,1
6306,-0.12442453170028678,3.432165212823,1.27383711867796,1,1
6307,-0.13364103025936558,3.721069089196,1.27383711867796,1,1
6308,-0.13364103025936558,3.180552974951,1.27383711867796,1,1
6309,0.4746541786743528,3.529083623278,1.27383711867796,1,1
6310,-0.870968119596542,2.730724555999,1.27383711867796,1,1
6311,-0.7695857348703168,3.459418010434,1.27383711867796,1,1
6312,0.6589859510086473,3.622636177501,1.27383711867796,1,1
6313,0.594469560518732,4.204261925416,1.27383711867796,1,1
6314,-0.8156682276657055,4.133461678234,1.27383711867796,1,1
6315,-0.1428575288184426,3.879950531992,1.27383711867796,1,1
6316,-0.1428575288184426,4.017970531983,1.27383711867796,1,1
6317,-0.1520740273775214,3.644728541245,1.27383711867796,1,1
6318,-0.1428575288184426,3.749323577596,1.27383711867796,1,1
6319,-0.1428575288184426,3.38522841522,1.27383711867796,1,1
6320,-0.1520740273775214,3.596177241552,1.27383711867796,1,1
6321,-0.1428575288184426,2.837039948943,1.27383711867796,1,1
6322,-0.1428575288184426,3.560669809964,1.27383711867796,1,1
6323,-0.1428575288184426,2.609085831349,1.27383711867796,1,1
6324,-0.1428575288184426,3.421553543121,1.27383711867796,1,1
6325,-0.1520740273775214,2.834351239831,1.27383711867796,1,1
6326,-0.1428575288184426,3.433221609497,1.27383711867796,1,1
6327,-0.1520740273775214,2.509297483218,1.27383711867796,1,1
6328,-0.1520740273775214,3.583850967258,1.27383711867796,1,1
6329,-0.1520740273775214,2.686213916406,1.27383711867796,1,1
6330,-0.1612905259366002,3.655391036038,1.27383711867796,1,1
6331,-0.1520740273775214,2.557209949417,1.27383711867796,1,1
6332,-0.1428575288184426,3.070868919655,1.27383711867796,1,1
6333,-0.1428575288184426,2.388864803261,1.27383711867796,1,1
6334,-0.12442453170028678,2.799505675591,1.27383711867796,1,1
6335,-0.13364103025936558,2.27792906544,1.27383711867796,1,1
6336,-0.11520803314120975,2.635822533539,1.27383711867796,1,1
6337,-0.8525351224783861,2.915401417284,1.27383711867796,1,1
6338,-0.5299540706051857,3.066673557875,1.27383711867796,1,1
6339,-0.880184618155619,3.274995561947,1.27383711867796,1,1
6340,-0.7511527377521627,3.293009340887,1.27383711867796,1,1
6341,0.8341012247838613,2.733856719941,1.27383711867796,1,1
6342,0.8341012247838613,3.801206124533,1.27383711867796,1,1
6343,0.8709672190201747,2.967519230724,1.27383711867796,1,1
6344,-0.7603692363112398,3.841063593886,1.27383711867796,1,1
6345,-0.05990814121037502,2.710954625339,1.27383711867796,1,1
6346,-0.050691642651298,4.146362582695,1.27383711867796,1,1
6347,-0.04147514409221742,2.700206288404,1.27383711867796,1,1
6348,0.705068443804036,4.165637531858,1.27383711867796,1,1
6349,-0.04147514409221742,2.84970454269,1.27383711867796,1,1
6350,-0.032258645533140395,4.063813146091,1.27383711867796,1,1
6351,-0.04147514409221742,2.772758959871,1.27383711867796,1,1
6352,-0.004608249279538512,3.990616680719,1.27383711867796,1,1
6353,-0.023042146974061595,2.598156743081,1.27383711867796,1,1
6354,0.8617507204610959,4.098747671628,1.27383711867796,1,1
6355,0.8801837175792517,2.609871037478,1.27383711867796,1,1
6356,0.8617507204610959,4.225978400887,1.27383711867796,1,1
6357,0.023041246397694337,2.770295040688,1.27383711867796,1,1
6358,0.7695848342939495,4.093127919529,1.27383711867796,1,1
6359,-0.6313364553314109,2.962743876697,1.27383711867796,1,1
6360,0.5668200648414992,3.365367081893,1.27383711867796,1,1
6361,0.5576035662824221,3.651148907426,1.27383711867796,1,1
6362,-0.013824747838615536,3.966180412806,1.27383711867796,1,1
6363,-0.032258645533140395,3.557969471435,1.27383711867796,1,1
6364,-0.023042146974061595,4.023028819101,1.27383711867796,1,1
6365,-0.023042146974061595,3.093830906426,1.27383711867796,1,1
6366,-0.032258645533140395,3.990483909243,1.27383711867796,1,1
6367,-0.04147514409221742,3.365128639072,1.27383711867796,1,1
6368,-0.050691642651298,3.731458022288,1.27383711867796,1,1
6369,-0.06912463976945205,3.153576278099,1.27383711867796,1,1
6370,-0.050691642651298,3.412106318824,1.27383711867796,1,1
6371,-0.05990814121037502,2.885286585514,1.27383711867796,1,1
6372,0.7880178314121054,4.15544146384,1.27383711867796,1,1
6373,0.7235023414985591,3.197961466708,1.27383711867796,1,1
6374,0.4746541786743528,3.912704790804,1.27383711867796,1,1
6375,-0.5760374639769452,3.363672742929,1.27383711867796,1,1
6376,-0.06912463976945205,4.10300825113,1.27383711867796,1,1
6377,-0.06912463976945205,3.350127789994,1.27383711867796,1,1
6378,-0.07834113832853085,3.783132268523,1.27383711867796,1,1
6379,-0.08755763688760787,3.416271533972,1.27383711867796,1,1
6380,-0.07834113832853085,3.732385143283,1.27383711867796,1,1
6381,-0.08755763688760787,3.225026209696,1.27383711867796,1,1
6382,-0.0967741354466849,3.572633669253,1.27383711867796,1,1
6383,-0.08755763688760787,3.274156118853,1.27383711867796,1,1
6384,-0.08755763688760787,3.418331534034,1.27383711867796,1,1
6385,-0.0967741354466849,3.11643569222,1.27383711867796,1,1
6386,-0.0967741354466849,3.170535537015,1.27383711867796,1,1
6387,-0.0967741354466849,3.204915371167,1.27383711867796,1,1
6388,0.6774189481268014,3.344885008144,1.27383711867796,1,1
6389,-0.8156682276657055,3.47850948748,1.27383711867796,1,1
6390,-0.1059906340057637,3.286628030799,1.27383711867796,1,1
6391,-0.1059906340057637,3.581933186673,1.27383711867796,1,1
6392,-0.1059906340057637,3.443861801463,1.27383711867796,1,1
6393,-0.1059906340057637,3.514696303063,1.27383711867796,1,1
6394,-0.12442453170028678,3.598458649198,1.27383711867796,1,1
6395,0.5023036743515856,3.602806975894,1.27383711867796,1,1
6396,0.34562139769452394,3.951297033938,1.27383711867796,1,1
6397,-0.11520803314120975,3.253670543549,1.27383711867796,1,1
6398,-0.11520803314120975,4.246293766709,1.27383711867796,1,1
6399,-0.12442453170028678,3.557167256341,1.27383711867796,1,1
6400,-0.11520803314120975,4.166483355899,1.27383711867796,1,1
6401,-0.12442453170028678,3.461758235645,1.27383711867796,1,1
6402,-0.47465507925072004,4.175341279128,1.27383711867796,1,1
6403,-0.24423991354466779,3.34936923006,1.27383711867796,1,1
6404,-0.3732717939481276,4.386782195687,1.27383711867796,1,1
6405,-0.12442453170028678,3.083063078904,1.27383711867796,1,1
6406,-0.12442453170028678,3.839023388382,1.27383711867796,1,1
6407,-0.13364103025936558,3.035540959862,1.27383711867796,1,1
6408,-0.13364103025936558,3.196936499501,1.27383711867796,1,1
6409,-0.12442453170028678,2.845041336734,1.27383711867796,1,1
6410,-0.1428575288184426,3.076279627371,1.27383711867796,1,1
6411,-0.13364103025936558,2.891824037929,1.27383711867796,1,1
6412,-0.13364103025936558,3.196321269182,1.27383711867796,1,1
6413,-0.13364103025936558,2.587654516723,1.27383711867796,1,1
6414,-0.13364103025936558,3.131028254745,1.27383711867796,1,1
6415,-0.1428575288184426,2.647675839063,1.27383711867796,1,1
6416,-0.13364103025936558,3.054852453185,1.27383711867796,1,1
6417,-0.1428575288184426,2.881095142713,1.27383711867796,1,1
6418,-0.17972352305475425,2.817956257412,1.27383711867796,1,1
6419,-0.1428575288184426,2.073681164554,1.27383711867796,1,1
6420,-0.1428575288184426,2.54827932377,1.27383711867796,1,1
6421,-0.13364103025936558,1.682052472159,1.27383711867796,1,1
6422,-0.1428575288184426,2.457575798172,1.27383711867796,1,1
6423,-0.1428575288184426,1.951243443737,1.27383711867796,1,1
6424,-0.1428575288184426,2.151536696526,1.27383711867796,1,1
6425,-0.1428575288184426,2.266566178306,1.27383711867796,1,1
6426,-0.1520740273775214,2.047801806633,1.27383711867796,1,1
6427,-0.23502341498558899,2.075889033746,1.27383711867796,1,1
6428,-0.8617516210374649,2.30112716466,1.27383711867796,1,1
6429,0.585253061959655,2.204926373109,1.27383711867796,1,1
6430,-0.880184618155619,2.618795536177,1.27383711867796,1,1
6431,0.6405529538904897,2.781768731067,1.27383711867796,1,1
6432,0.6129025576368878,2.773155596498,1.27383711867796,1,1
6433,-0.9631340057636884,2.853972440891,1.27383711867796,1,1
6434,0.7511518371757919,2.283839983631,1.27383711867796,1,1
6435,0.6313364553314127,3.143434569189,1.27383711867796,1,1
6436,0.7511518371757919,2.920111476678,1.27383711867796,1,1
6437,-0.4101386887608065,2.695071138313,1.27383711867796,1,1
6438,-0.6221199567723339,2.879814815961,1.27383711867796,1,1
6439,0.7788013328530266,2.492471754635,1.27383711867796,1,1
6440,-0.08755763688760787,3.171295280535,1.27383711867796,1,1
6441,-0.07834113832853085,2.470998138234,1.27383711867796,1,1
6442,-0.06912463976945205,3.092335714954,1.27383711867796,1,1
6443,-0.05990814121037502,2.619452089986,1.27383711867796,1,1
6444,-0.05990814121037502,3.050847022539,1.27383711867796,1,1
6445,-0.050691642651298,2.618924512907,1.27383711867796,1,1
6446,-0.050691642651298,3.000353557292,1.27383711867796,1,1
6447,0.8709672190201747,2.988690578805,1.27383711867796,1,1
6448,-0.7880187319884726,3.268061836481,1.27383711867796,1,1
6449,0.8801837175792517,3.060442225387,1.27383711867796,1,1
6450,-0.5391705691642645,3.466056893151,1.27383711867796,1,1
6451,0.8156682276657055,3.099458737418,1.27383711867796,1,1
6452,0.8156682276657055,3.396841200553,1.27383711867796,1,1
6453,-0.7327188400576361,3.105777110717,1.27383711867796,1,1
6454,0.8341012247838613,3.517275817403,1.27383711867796,1,1
6455,-0.004608249279538512,3.459038169202,1.27383711867796,1,1
6456,-0.004608249279538512,3.13720953656,1.27383711867796,1,1
6457,0.004608249279538512,3.075365223595,1.27383711867796,1,1
6458,0.004608249279538512,3.124988261403,1.27383711867796,1,1
6459,0.004608249279538512,3.049827124101,1.27383711867796,1,1
6460,0.013824747838617313,2.751960236535,1.27383711867796,1,1
6461,0.004608249279538512,2.919052150753,1.27383711867796,1,1
6462,0.004608249279538512,2.447528785255,1.27383711867796,1,1
6463,-0.013824747838615536,2.990042476112,1.27383711867796,1,1
6464,-0.013824747838615536,2.614529619739,1.27383711867796,1,1
6465,-0.013824747838615536,2.91708616483,1.27383711867796,1,1
6466,-0.013824747838615536,2.460620802159,1.27383711867796,1,1
6467,-0.023042146974061595,3.035435735104,1.27383711867796,1,1
6468,-0.032258645533140395,2.614039474426,1.27383711867796,1,1
6469,-0.032258645533140395,3.034013696835,1.27383711867796,1,1
6470,-0.04147514409221742,3.003028427377,1.27383711867796,1,1
6471,-0.050691642651298,2.957413503444,1.27383711867796,1,1
6472,-0.05990814121037502,3.302520395635,1.27383711867796,1,1
6473,0.594469560518732,3.074195604671,1.27383711867796,1,1
6474,-0.6036869596541781,3.664383044394,1.27383711867796,1,1
6475,0.585253061959655,3.882199638829,1.27383711867796,1,1
6476,-0.5760374639769452,3.668115826652,1.27383711867796,1,1
6477,-0.6958528458213245,3.458973781837,1.27383711867796,1,1
6478,-0.07834113832853085,3.421852561339,1.27383711867796,1,1
6479,-0.06912463976945205,3.584710983603,1.27383711867796,1,1
6480,-0.07834113832853085,3.500444530665,1.27383711867796,1,1
6481,-0.07834113832853085,3.683459000846,1.27383711867796,1,1
6482,-0.08755763688760787,3.412622391644,1.27383711867796,1,1
6483,-0.7880187319884726,4.013224033369,1.27383711867796,1,1
6484,-0.7511527377521627,3.856180251159,1.27383711867796,1,1
6485,0.3917047910662834,4.665513841842,1.27383711867796,1,1
6486,0.6405529538904897,3.929458953137,1.27383711867796,1,1
6487,-0.0967741354466849,4.318424147996,1.27383711867796,1,1
6488,-0.1059906340057637,4.051582544832,1.27383711867796,1,1
6489,-0.0967741354466849,4.600817079932,1.27383711867796,1,1
6490,0.35483879682997177,4.434720490565,1.27383711867796,1,1
6491,-0.1059906340057637,4.716284936417,1.27383711867796,1,1
6492,-0.0967741354466849,3.943895740139,1.27383711867796,1,1
6493,-0.0967741354466849,4.446945277757,1.27383711867796,1,1
6494,-0.1059906340057637,4.08561341829,1.27383711867796,1,1
6495,-0.1059906340057637,4.370713613035,1.27383711867796,1,1
6496,-0.12442453170028678,3.899540788957,1.27383711867796,1,1
6497,-0.11520803314120975,4.110945295735,1.27383711867796,1,1
6498,-0.1059906340057637,3.582112671062,1.27383711867796,1,1
6499,0.6036860590778108,3.885662441945,1.27383711867796,1,1
6500,-0.8156682276657055,3.442080417965,1.27383711867796,1,1
6501,0.6774189481268014,3.8601927132,1.27383711867796,1,1
6502,0.6682024495677243,3.893095293221,1.27383711867796,1,1
6503,0.44700468299711815,3.853583049286,1.27383711867796,1,1
6504,-0.7880187319884726,3.818476924211,1.27383711867796,1,1
6505,0.29032240634005824,4.183638879534,1.27383711867796,1,1
6506,0.46543768011527575,4.085370903262,1.27383711867796,1,1
6507,0.6313364553314127,4.137378784429,1.27383711867796,1,1
6508,-0.032258645533140395,4.198708792705,1.27383711867796,1,1
6509,-0.12442453170028678,4.206177815109,1.27383711867796,1,1
6510,-0.12442453170028678,4.304654950665,1.27383711867796,1,1
6511,-0.12442453170028678,4.000819263251,1.27383711867796,1,1
6512,-0.12442453170028678,3.774865561623,1.27383711867796,1,1
6513,-0.12442453170028678,3.135167770691,1.27383711867796,1,1
6514,-0.12442453170028678,3.062601591809,1.27383711867796,1,1
6515,-0.11520803314120975,2.954152219702,1.27383711867796,1,1
6516,-0.13364103025936558,3.155673853568,1.27383711867796,1,1
6517,-0.13364103025936558,2.79288745826,1.27383711867796,1,1
6518,-0.13364103025936558,2.894831879703,1.27383711867796,1,1
6519,-0.12442453170028678,2.51477973451,1.27383711867796,1,1
6520,-0.13364103025936558,2.815748528794,1.27383711867796,1,1
6521,-0.13364103025936558,2.626022554415,1.27383711867796,1,1
6522,-1.0,3.378293463751,1.27383711867796,1,1
6523,0.6958519452449572,2.800017466958,1.27383711867796,1,1
6524,-0.9354845100864537,3.534544291592,1.27383711867796,1,1
6525,0.6866354466858802,2.886798167454,1.27383711867796,1,1
6526,-0.8156682276657055,3.89192486339,1.27383711867796,1,1
6527,-0.13364103025936558,3.454225326969,1.27383711867796,1,1
6528,-0.1520740273775214,3.811557288281,1.27383711867796,1,1
6529,-0.8433186239193091,3.525664505114,1.27383711867796,1,1
6530,0.6221199567723339,3.886872445018,1.27383711867796,1,1
6531,-0.1428575288184426,3.253969554862,1.27383711867796,1,1
6532,-0.1520740273775214,3.924667395162,1.27383711867796,1,1
6533,-0.1428575288184426,3.245857730999,1.27383711867796,1,1
6534,0.7511518371757919,4.06128006364,1.27383711867796,1,1
6535,-0.1428575288184426,3.60768326015,1.27383711867796,1,1
6536,-0.1428575288184426,3.890845908182,1.27383711867796,1,1
6537,-0.12442453170028678,3.429049225924,1.27383711867796,1,1
6538,0.7603683357348725,3.780765488097,1.27383711867796,1,1
6539,-0.9262680115273767,3.417369318243,1.27383711867796,1,1
6540,0.7419353386167149,3.593287894587,1.27383711867796,1,1
6541,0.7327188400576361,3.841450969891,1.27383711867796,1,1
6542,0.7327188400576361,3.783929722186,1.27383711867796,1,1
6543,0.7695848342939495,3.645362003352,1.27383711867796,1,1
6544,0.6774189481268014,3.589365385952,1.27383711867796,1,1
6545,-0.7603692363112398,3.697348977231,1.27383711867796,1,1
6546,-0.05990814121037502,3.543601811673,1.27383711867796,1,1
6547,-0.050691642651298,3.838425055078,1.27383711867796,1,1
6548,-0.04147514409221742,4.387718721457,1.27383711867796,1,1
6549,-0.04147514409221742,3.913775354506,1.27383711867796,1,1
6550,-0.032258645533140395,3.933548588623,1.27383711867796,1,1
6551,-0.032258645533140395,3.76872133939,1.27383711867796,1,1
6552,-0.032258645533140395,4.230087894254,1.27383711867796,1,1
6553,0.4746541786743528,3.869973937713,1.27383711867796,1,1
6554,0.594469560518732,4.3984678348,1.27383711867796,1,1
6555,0.8894002161383288,3.770957539683,1.27383711867796,1,1
6556,0.8617507204610959,5.0903681329,1.27383711867796,1,1
6557,0.7603683357348725,3.848595816936,1.27383711867796,1,1
6558,0.004608249279538512,4.674802400786,1.27383711867796,1,1
6559,0.004608249279538512,3.858390775237,1.27383711867796,1,1
6560,0.004608249279538512,5.066781920269,1.27383711867796,1,1
6561,0.023041246397694337,3.936362631105,1.27383711867796,1,1
6562,0.013824747838617313,5.347466625541,1.27383711867796,1,1
6563,-0.004608249279538512,3.919421687689,1.27383711867796,1,1
6564,-0.004608249279538512,4.398364375555,1.27383711867796,1,1
6565,-0.004608249279538512,3.464746981208,1.27383711867796,1,1
6566,-0.013824747838615536,4.606619418055,1.27383711867796,1,1
6567,-0.023042146974061595,3.612581720758,1.27383711867796,1,1
6568,-0.023042146974061595,4.506222550978,1.27383711867796,1,1
6569,-0.023042146974061595,3.31012728494,1.27383711867796,1,1
6570,-0.032258645533140395,4.31903510053,1.27383711867796,1,1
6571,-0.04147514409221742,3.454552168652,1.27383711867796,1,1
6572,-0.050691642651298,4.311405047131,1.27383711867796,1,1
6573,-0.04147514409221742,3.47084067871,1.27383711867796,1,1
6574,-0.050691642651298,4.596407357732,1.27383711867796,1,1
6575,-0.050691642651298,3.759276659978,1.27383711867796,1,1
6576,-0.050691642651298,4.387504260155,1.27383711867796,1,1
6577,-0.05990814121037502,3.895950602164,1.27383711867796,1,1
6578,-0.07834113832853085,5.064452275763,1.27383711867796,1,1
6579,-0.06912463976945205,3.398292526158,1.27383711867796,1,1
6580,0.44700468299711815,5.286175425186,1.27383711867796,1,1
6581,-0.6036869596541781,3.465425445465,1.27383711867796,1,1
6582,-0.06912463976945205,4.272439716806,1.27383711867796,1,1
6583,-0.07834113832853085,3.756491392328,1.27383711867796,1,1
6584,-0.07834113832853085,4.137037071788,1.27383711867796,1,1
6585,-0.08755763688760787,3.656534996491,1.27383711867796,1,1
6586,-0.0967741354466849,4.109143841642,1.27383711867796,1,1
6587,-0.08755763688760787,3.467216847947,1.27383711867796,1,1
6588,-0.7788022334293956,2.999692426138,1.27383711867796,1,1
6589,0.7235023414985591,3.160441362931,1.27383711867796,1,1
6590,0.7327188400576361,2.802315598608,1.27383711867796,1,1
6591,-0.6866363472622474,3.287164144269,1.27383711867796,1,1
6592,0.705068443804036,3.077634589367,1.27383711867796,1,1
6593,0.6405529538904897,3.706829100151,1.27383711867796,1,1
6594,0.3917047910662834,3.053536877348,1.27383711867796,1,1
6595,-0.1059906340057637,3.523562100391,1.27383711867796,1,1
6596,-0.1059906340057637,3.566484527226,1.27383711867796,1,1
6597,-0.6866363472622474,3.682730207353,1.27383711867796,1,1
6598,-0.8064517291066284,4.071777953115,1.27383711867796,1,1
6599,-0.12442453170028678,3.863000686098,1.27383711867796,1,1
6600,-0.1059906340057637,3.903714779339,1.27383711867796,1,1
6601,-0.12442453170028678,3.449472686826,1.27383711867796,1,1
6602,-0.11520803314120975,3.763307798368,1.27383711867796,1,1
6603,-0.11520803314120975,4.522276010407,1.27383711867796,1,1
6604,-0.11520803314120975,3.589521784245,1.27383711867796,1,1
6605,-0.12442453170028678,4.051141964886,1.27383711867796,1,1
6606,-0.12442453170028678,3.415433142075,1.27383711867796,1,1
6607,-0.13364103025936558,3.622845284233,1.27383711867796,1,1
6608,-0.12442453170028678,2.80580364064,1.27383711867796,1,1
6609,-0.13364103025936558,3.02638719212,1.27383711867796,1,1
6610,-0.12442453170028678,2.615851001415,1.27383711867796,1,1
6611,-0.12442453170028678,3.001540147304,1.27383711867796,1,1
6612,-0.12442453170028678,2.560432322152,1.27383711867796,1,1
6613,-0.13364103025936558,2.926807874436,1.27383711867796,1,1
6614,-0.1428575288184426,2.30956950917,1.27383711867796,1,1
6615,-0.12442453170028678,2.651361442417,1.27383711867796,1,1
6616,-0.12442453170028678,2.65052377864,1.27383711867796,1,1
6617,-0.1428575288184426,2.680326119697,1.27383711867796,1,1
6618,-0.13364103025936558,2.329715161503,1.27383711867796,1,1
6619,-0.13364103025936558,2.755429598595,1.27383711867796,1,1
6620,-0.9723505043227672,2.040610524185,1.27383711867796,1,1
6621,0.7603683357348725,2.439099720024,1.27383711867796,1,1
6622,0.7972343299711824,2.532832397405,1.27383711867796,1,1
6623,0.7327188400576361,2.973181778365,1.27383711867796,1,1
6624,-0.6129034582132551,2.625550620136,1.27383711867796,1,1
6625,0.6589859510086473,3.28354473431,1.27383711867796,1,1
6626,0.5207366714697415,2.861017625475,1.27383711867796,1,1
6627,-0.6589868515850146,3.631185999267,1.27383711867796,1,1
6628,0.576036563400578,2.174593112849,1.27383711867796,1,1
6629,0.5483870677233416,3.363794215444,1.27383711867796,1,1
6630,0.15207312680115237,2.342675773908,1.27383711867796,1,1
6631,-0.1428575288184426,3.484953225515,1.27383711867796,1,1
6632,-0.1520740273775214,2.401112706184,1.27383711867796,1,1
6633,-0.1428575288184426,3.760823015745,1.27383711867796,1,1
6634,-0.1520740273775214,2.78600290848,1.27383711867796,1,1
6635,-0.1428575288184426,3.794678559828,1.27383711867796,1,1
6636,-0.1520740273775214,2.81942274501,1.27383711867796,1,1
6637,-0.8156682276657055,4.002590250447,1.27383711867796,1,1
6638,-0.8986176152737748,3.39475759858,1.27383711867796,1,1
6639,0.3824882925072046,4.187407755429,1.27383711867796,1,1
6640,-0.6589868515850146,3.593196775763,1.27383711867796,1,1
6641,-0.1428575288184426,4.317700937026,1.27383711867796,1,1
6642,-0.12442453170028678,3.471769197252,1.27383711867796,1,1
6643,-0.11520803314120975,4.355259568025,1.27383711867796,1,1
6644,-0.1059906340057637,3.246095784602,1.27383711867796,1,1
6645,-0.1059906340057637,3.657432522227,1.27383711867796,1,1
6646,-0.08755763688760787,3.113057544157,1.27383711867796,1,1
6647,-0.08755763688760787,4.197357485641,1.27383711867796,1,1
6648,-0.07834113832853085,3.001974961807,1.27383711867796,1,1
6649,-0.07834113832853085,4.088942248517,1.27383711867796,1,1
6650,-0.06912463976945205,2.938906211888,1.27383711867796,1,1
6651,-0.050691642651298,3.531992191257,1.27383711867796,1,1
6652,-0.050691642651298,2.634576288666,1.27383711867796,1,1
6653,-0.05990814121037502,3.364095942851,1.27383711867796,1,1
6654,-0.04147514409221742,2.144700051812,1.27383711867796,1,1
6655,-0.050691642651298,3.367540769064,1.27383711867796,1,1
6656,-0.032258645533140395,2.792298355563,1.27383711867796,1,1
6657,-0.032258645533140395,2.953610931941,1.27383711867796,1,1
6658,-0.032258645533140395,2.670791303273,1.27383711867796,1,1
6659,-0.013824747838615536,3.078895505128,1.27383711867796,1,1
6660,-0.013824747838615536,2.833144295961,1.27383711867796,1,1
6661,-0.004608249279538512,3.153458374204,1.27383711867796,1,1
6662,0.004608249279538512,2.858263974062,1.27383711867796,1,1
6663,-0.004608249279538512,3.033149394474,1.27383711867796,1,1
6664,-0.013824747838615536,2.780589278097,1.27383711867796,1,1
6665,0.004608249279538512,2.963885447442,1.27383711867796,1,1
6666,0.004608249279538512,2.798829133921,1.27383711867796,1,1
6667,0.013824747838617313,3.042424524644,1.27383711867796,1,1
6668,0.013824747838617313,2.411453861707,1.27383711867796,1,1
6669,0.004608249279538512,3.160883222268,1.27383711867796,1,1
6670,0.004608249279538512,2.271377321298,1.27383711867796,1,1
6671,-0.004608249279538512,3.336777429169,1.27383711867796,1,1
6672,-0.004608249279538512,2.492905520203,1.27383711867796,1,1
6673,-0.004608249279538512,3.27685601833,1.27383711867796,1,1
6674,-0.013824747838615536,2.592886512096,1.27383711867796,1,1
6675,-0.023042146974061595,3.336372747929,1.27383711867796,1,1
6676,-0.032258645533140395,2.678843976168,1.27383711867796,1,1
6677,-0.032258645533140395,3.128423242882,1.27383711867796,1,1
6678,-0.032258645533140395,2.813510305655,1.27383711867796,1,1
6679,-0.050691642651298,3.222739111105,1.27383711867796,1,1
6680,-0.050691642651298,2.60907851648,1.27383711867796,1,1
6681,-0.050691642651298,3.312173768127,1.27383711867796,1,1
6682,-0.050691642651298,2.540409891234,1.27383711867796,1,1
6683,-0.050691642651298,3.005697519983,1.27383711867796,1,1
6684,-0.06912463976945205,2.485573558454,1.27383711867796,1,1
6685,-0.06912463976945205,2.683883616247,1.27383711867796,1,1
6686,-0.06912463976945205,2.449109454966,1.27383711867796,1,1
6687,-0.07834113832853085,2.749048911896,1.27383711867796,1,1
6688,-0.013824747838615536,2.153770768524,1.27383711867796,1,1
6689,-0.07834113832853085,2.484564638607,1.27383711867796,1,1
6690,-0.07834113832853085,1.961530518084,1.27383711867796,1,1
6691,-0.07834113832853085,2.542969690167,1.27383711867796,1,1
6692,-0.07834113832853085,1.822934285527,1.27383711867796,1,1
6693,-0.07834113832853085,1.966227962486,1.27383711867796,1,1
6694,-0.08755763688760787,1.566194302869,1.27383711867796,1,1
6695,-0.08755763688760787,1.659432276072,1.27383711867796,1,1
6696,-0.08755763688760787,1.581003289359,1.27383711867796,1,1
6697,-0.0967741354466849,1.685952489468,1.27383711867796,1,1
6698,-0.0967741354466849,1.412229360193,1.27383711867796,1,1
6699,-0.0967741354466849,1.608119320816,1.27383711867796,1,1
6700,-0.1059906340057637,1.465741686475,1.27383711867796,1,1
6701,-0.1059906340057637,1.529015757967,1.27383711867796,1,1
6702,-0.1059906340057637,1.243065424837,1.27383711867796,0,1
6703,-0.1059906340057637,1.114828200399,1.27383711867796,0,1
6704,-0.1059906340057637,0.959349710578,1.27383711867796,0,1
6705,-0.1059906340057637,0.960463760628,1.27383711867796,0,1
6706,-0.1059906340057637,0.960774076843,1.27383711867796,0,1
6707,-0.1059906340057637,0.964294435627,1.27383711867796,0,1
6708,-0.11520803314120975,0.962656819849,1.27383711867796,0,1
6709,-0.11520803314120975,0.964139369813,1.27383711867796,0,1
6710,-0.11520803314120975,0.963867006038,1.27383711867796,0,1
6711,-0.11520803314120975,0.962327457666,1.27383711867796,0,1
6712,-0.11520803314120975,0.963640221594,1.27383711867796,0,1
6713,-0.12442453170028678,0.963780574784,1.27383711867796,0,1
6714,-0.08755763688760787,0.965590291652,1.27383711867796,0,1
6715,-0.12442453170028678,0.967377571865,1.27383711867796,0,1
6716,-0.12442453170028678,0.967581898195,1.27383711867796,0,1
6717,-0.12442453170028678,0.963004901618,1.27383711867796,0,1
6718,-0.12442453170028678,0.966460070222,1.27383711867796,0,1
6719,-0.12442453170028678,0.963921344347,1.27383711867796,0,1
6720,-0.13364103025936558,0.967362198509,1.27383711867796,0,1
6721,-0.12442453170028678,0.965189423903,1.27383711867796,0,1
6722,-0.13364103025936558,0.965131754722,1.27383711867796,0,1
6723,-0.12442453170028678,0.966023641049,1.27383711867796,0,1
6724,-0.12442453170028678,0.966786149196,1.27383711867796,0,1
6725,-0.13364103025936558,0.966981560984,1.27383711867796,0,1
6726,-0.13364103025936558,0.965908789991,1.27383711867796,0,1
6727,-0.13364103025936558,0.969715918137,1.27383711867796,0,1
6728,-0.13364103025936558,0.969119404584,1.27383711867796,0,1
6729,-0.1428575288184426,0.967541165804,1.27383711867796,0,1
6730,-0.1428575288184426,0.973046749522,1.27383711867796,0,1
6731,-0.1428575288184426,0.969851653066,1.27383711867796,0,1
6732,-0.13364103025936558,0.9680586359,1.27383711867796,0,1
6733,-0.13364103025936558,0.969995848895,1.27383711867796,0,1
6734,-0.1428575288184426,0.968480160497,1.27383711867796,0,1
6735,-0.1428575288184426,0.968359504463,1.27383711867796,0,1
6736,-0.1428575288184426,0.96553644342,1.27383711867796,0,1
6737,-0.13364103025936558,0.96491545332,1.27383711867796,0,0
6738,-0.1428575288184426,0.966775099655,1.27383711867796,0,0
6739,-0.1428575288184426,0.961140546462,1.27383711867796,0,0
6740,-0.13364103025936558,0.964425138391,1.27383711867796,0,0
6741,-0.1428575288184426,0.965110171606,1.27383711867796,0,0
6742,-0.1428575288184426,0.962447977787,1.27383711867796,0,0
6743,-0.13364103025936558,0.960935479544,1.27383711867796,0,0
6744,-0.1428575288184426,0.957850006525,1.27383711867796,0,0
6745,-0.1428575288184426,0.964300703822,1.27383711867796,0,0
6746,-0.1428575288184426,0.963530545613,1.27383711867796,0,0
6747,-0.1520740273775214,0.963365809479,1.27383711867796,0,0
6748,-0.13364103025936558,0.964765461496,1.27383711867796,0,0
6749,-0.12442453170028678,0.960592408112,1.27383711867796,0,0
6750,-0.12442453170028678,0.962821439511,1.27383711867796,0,0
6751,-0.1059906340057637,0.963076817788,1.27383711867796,0,0
6752,-0.11520803314120975,0.961949642344,1.27383711867796,0,0
6753,-0.0967741354466849,0.964489990368,1.27383711867796,0,0
6754,-0.08755763688760787,0.965849525959,1.27383711867796,0,0
6755,-0.08755763688760787,0.968630619024,1.27383711867796,0,0
6756,-0.06912463976945205,0.964938008817,1.27383711867796,0,0
6757,-0.06912463976945205,0.967589968693,1.27383711867796,0,0
6758,-0.05990814121037502,0.966549320111,1.27383711867796,0,0
6759,-0.05990814121037502,0.968627085311,1.27383711867796,0,0
6760,-0.050691642651298,0.966879671265,1.27383711867796,0,0
6761,-0.050691642651298,0.964526974933,1.27383711867796,0,0
6762,-0.050691642651298,0.963364401611,1.27383711867796,0,0
6763,0.013824747838617313,0.965270926973,1.27383711867796,0,0
6764,-0.04147514409221742,0.963908672559,1.27383711867796,0,0
6765,-0.023042146974061595,0.96514610112,1.27383711867796,0,0
6766,-0.023042146974061595,0.964580829583,1.27383711867796,0,0
6767,-0.004608249279538512,0.967085086142,1.27383711867796,0,0
6768,0.004608249279538512,0.965224817731,1.27383711867796,0,0
6769,-0.004608249279538512,0.967322899852,1.27383711867796,0,0
6770,-0.004608249279538512,0.965543521578,1.27383711867796,0,0
6771,0.004608249279538512,0.967815323253,1.27383711867796,0,0
6772,0.004608249279538512,0.962381627809,1.27383711867796,0,0
6773,0.013824747838617313,0.967458256142,1.27383711867796,0,0
6774,0.004608249279538512,0.961746923759,1.27383711867796,0,0
6775,-0.004608249279538512,0.968740341404,1.27383711867796,0,0
6776,0.004608249279538512,0.967696490801,1.27383711867796,0,0
6777,0.004608249279538512,0.966467678195,1.27383711867796,0,0
6778,-0.004608249279538512,0.963711326484,1.27383711867796,0,0
6779,-0.013824747838615536,0.963529280002,1.27383711867796,0,0
6780,-0.023042146974061595,0.964261770327,1.27383711867796,0,0
6781,-0.032258645533140395,0.958769491947,1.27383711867796,0,0
6782,-0.023042146974061595,0.96389512683,1.27383711867796,0,0
6783,-0.032258645533140395,0.957923921307,1.27383711867796,0,0
6784,-0.04147514409221742,0.967030561147,1.27383711867796,0,0
6785,-0.04147514409221742,0.963539677532,1.27383711867796,0,0
6786,-0.04147514409221742,0.962139680856,1.27383711867796,0,0
6787,-0.050691642651298,0.963519915939,1.27383711867796,0,0
6788,-0.050691642651298,0.959134708913,1.27383711867796,0,0
6789,-0.05990814121037502,0.961614133414,1.27383711867796,0,0
6790,-0.06912463976945205,0.961819777283,1.27383711867796,0,0
6791,-0.05990814121037502,0.964235460386,1.27383711867796,0,0
6792,-0.06912463976945205,0.960750952721,1.27383711867796,0,0
6793,-0.06912463976945205,0.963448514399,1.27383711867796,0,0
6794,-0.07834113832853085,0.960541769899,1.27383711867796,0,0
6795,-0.07834113832853085,0.962578843826,1.27383711867796,0,0
6796,-0.07834113832853085,0.961042496541,1.27383711867796,0,0
6797,-0.08755763688760787,0.962916943052,1.27383711867796,0,0
6798,-0.07834113832853085,0.965019387182,1.27383711867796,0,0
6799,-0.07834113832853085,0.964315937552,1.27383711867796,0,0
6800,-0.004608249279538512,0.965681878241,1.27383711867796,0,0
6801,-0.1428575288184426,0.960427700235,1.27383711867796,0,0
6802,-0.07834113832853085,0.969401676221,1.27383711867796,0,0
6803,-0.08755763688760787,0.963307721219,1.27383711867796,0,0
6804,-0.08755763688760787,0.969070931277,1.27383711867796,0,0
6805,-0.0967741354466849,0.960156146832,1.27383711867796,0,0
6806,-0.0967741354466849,0.962248080713,1.27383711867796,0,0
6807,-0.0967741354466849,0.960424531037,1.27383711867796,0,0
6808,-0.0967741354466849,0.963874613661,1.27383711867796,0,0
6809,-0.0967741354466849,0.960969288172,1.27383711867796,0,0
6810,-0.1059906340057637,0.962507390572,1.27383711867796,0,0
6811,-0.1059906340057637,0.962292796828,1.27383711867796,0,0
6812,-0.11520803314120975,0.965547701709,1.27383711867796,0,0
6813,-0.06912463976945205,0.964929386158,1.27383711867796,0,0
6814,-0.11520803314120975,0.962829180536,1.27383711867796,0,0
6815,-0.1059906340057637,0.970461234813,1.27383711867796,0,0
6816,-0.12442453170028678,0.960812002412,1.27383711867796,0,0
6817,-0.11520803314120975,0.966429579877,1.27383711867796,0,0
6818,-0.11520803314120975,0.961438560337,1.27383711867796,0,0
6819,-0.06912463976945205,0.967007144171,1.27383711867796,0,0
6820,-0.11520803314120975,0.968184054013,1.27383711867796,0,0
6821,-0.11520803314120975,0.970504015652,1.27383711867796,0,0
6822,-0.11520803314120975,0.965536233797,1.27383711867796,0,0
6823,-0.12442453170028678,0.971073404156,1.27383711867796,0,0
6824,-0.12442453170028678,0.966920525105,1.27383711867796,0,0
6825,-0.12442453170028678,0.966568354128,1.27383711867796,0,0
6826,-0.12442453170028678,0.971355538742,1.27383711867796,0,0
6827,-0.13364103025936558,0.961770254206,1.27383711867796,0,0
6828,-0.13364103025936558,0.967173740549,1.27383711867796,0,0
6829,-0.13364103025936558,0.959756097173,1.27383711867796,0,0
6830,-0.12442453170028678,0.972560087308,1.27383711867796,0,0
6831,-0.12442453170028678,0.970151614383,1.27383711867796,0,0
6832,-0.13364103025936558,0.966959419605,1.27383711867796,0,0
6833,-0.13364103025936558,0.968996720032,1.27383711867796,0,0
6834,-0.1428575288184426,0.970202117761,1.27383711867796,0,0
6835,-0.13364103025936558,0.970595029959,1.27383711867796,0,0
6836,-0.13364103025936558,0.971315253397,1.27383711867796,0,0
6837,-0.1428575288184426,0.968174906936,1.27383711867796,0,0
6838,-0.13364103025936558,0.967649297197,1.27383711867796,0,0
6839,-0.13364103025936558,0.974238008555,1.27383711867796,0,0
6840,-0.13364103025936558,0.972267513405,1.27383711867796,0,0
6841,-0.1428575288184426,0.971660647856,1.27383711867796,0,0
6842,-0.1428575288184426,0.960928785225,1.27383711867796,0,0
6843,-0.1428575288184426,0.972564887864,1.27383711867796,0,0
6844,-0.1428575288184426,0.963610331331,1.27383711867796,0,0
6845,-0.1428575288184426,0.967508377701,1.27383711867796,0,0
6846,-0.1520740273775214,0.962776757885,1.27383711867796,0,0
6847,-0.13364103025936558,0.963795057462,1.27383711867796,0,0
6848,-0.1428575288184426,0.965635612415,1.27383711867796,0,0
6849,-0.13364103025936558,0.963165541047,1.27383711867796,0,0
6850,-0.1428575288184426,0.96441139675,1.27383711867796,0,0
6851,-0.1428575288184426,0.964277528325,1.27383711867796,0,0
6852,-0.1428575288184426,0.964522359576,1.27383711867796,0,0
6853,-0.1428575288184426,0.962220266519,1.27383711867796,0,0
6854,-0.1520740273775214,0.966427052002,1.27383711867796,0,0
6855,-0.13364103025936558,0.960323862816,1.27383711867796,0,0
6856,-0.1428575288184426,0.960386418383,1.27383711867796,0,0
6857,-0.1428575288184426,0.964123539564,1.27383711867796,0,0
6858,-0.1428575288184426,0.969147127072,1.27383711867796,0,0
6859,-0.13364103025936558,0.961044294906,1.27383711867796,0,0
6860,-0.13364103025936558,0.966064822913,1.27383711867796,0,0
6861,-0.12442453170028678,0.963081185808,1.27383711867796,0,0
6862,-0.1059906340057637,0.9608356518,1.27383711867796,0,0
6863,-0.1059906340057637,0.967112187976,1.27383711867796,0,0
6864,-0.0967741354466849,0.963146573254,1.27383711867796,0,0
6865,-0.0967741354466849,0.962012695245,1.27383711867796,0,0
6866,-0.07834113832853085,0.966734306559,1.27383711867796,0,0
6867,-0.07834113832853085,0.963608644967,1.27383711867796,0,0
6868,-0.06912463976945205,0.966156386298,1.27383711867796,0,0
6869,-0.06912463976945205,0.962837863257,1.27383711867796,0,0
6870,-0.050691642651298,0.963507761604,1.27383711867796,0,0
6871,-0.05990814121037502,0.9650940158,1.27383711867796,0,0
6872,-0.050691642651298,0.966711958066,1.27383711867796,0,0
6873,-0.050691642651298,0.966233454102,1.27383711867796,0,0
6874,-0.032258645533140395,0.9641784336,1.27383711867796,0,0
6875,-0.023042146974061595,0.962804255866,1.27383711867796,0,0
6876,-0.023042146974061595,0.96416140462,1.27383711867796,0,0
6877,-0.023042146974061595,0.964744699674,1.27383711867796,0,0
6878,-0.013824747838615536,0.963265618489,1.27383711867796,0,0
6879,-0.013824747838615536,0.963361489459,1.27383711867796,0,0
6880,0.004608249279538512,0.966828064498,1.27383711867796,0,0
6881,-0.013824747838615536,0.966362868514,1.27383711867796,0,0
6882,0.004608249279538512,0.967206410362,1.27383711867796,0,0
6883,0.004608249279538512,0.96907642601,1.27383711867796,0,0
6884,0.004608249279538512,0.966704790642,1.27383711867796,0,0
6885,0.013824747838617313,0.966315698716,1.27383711867796,0,0
6886,0.004608249279538512,0.96329171219,1.27383711867796,0,0
6887,0.004608249279538512,0.962111933105,1.27383711867796,0,0
6888,-0.013824747838615536,0.964687158973,1.27383711867796,0,0
6889,-0.004608249279538512,0.964672130254,1.27383711867796,0,0
6890,0.013824747838617313,0.962132240465,1.27383711867796,0,0
6891,-0.013824747838615536,0.962638272377,1.27383711867796,0,0
6892,-0.023042146974061595,0.965374436731,1.27383711867796,0,0
6893,-0.023042146974061595,0.962934237664,1.27383711867796,0,0
6894,-0.032258645533140395,0.963899097894,1.27383711867796,0,0
6895,-0.04147514409221742,0.957959007793,1.27383711867796,0,0
6896,-0.050691642651298,0.961053890524,1.27383711867796,0,0
6897,0.06912373919308479,0.967458774317,1.27383711867796,0,0
6898,-0.050691642651298,0.962691623327,1.27383711867796,0,0
6899,-0.04147514409221742,0.967832667482,1.27383711867796,0,0
6900,-0.04147514409221742,0.962244084781,1.27383711867796,0,0
6901,-0.05990814121037502,0.966499010018,1.27383711867796,0,0
6902,-0.06912463976945205,0.962827285266,1.27383711867796,0,0
6903,-0.06912463976945205,0.962362942757,1.27383711867796,0,0
6904,-0.06912463976945205,0.962314759608,1.27383711867796,0,0
6905,-0.07834113832853085,0.960501945854,1.27383711867796,0,0
6906,-0.06912463976945205,0.962324494702,1.27383711867796,0,0
6907,-0.07834113832853085,0.957664654095,1.27383711867796,0,0
6908,-0.06912463976945205,0.960620452077,1.27383711867796,0,0
6909,-0.07834113832853085,0.96187680334,1.27383711867796,0,0
6910,-0.08755763688760787,0.962719919368,1.27383711867796,0,0
6911,-0.08755763688760787,0.96163121614,1.27383711867796,0,0
6912,-0.07834113832853085,0.963234228734,1.27383711867796,0,0
6913,-0.08755763688760787,0.958413304663,1.27383711867796,0,0
6914,-0.0967741354466849,0.964999265373,1.27383711867796,0,0
6915,-0.1059906340057637,0.95851761475,1.27383711867796,0,0
6916,-0.0967741354466849,0.960733224279,1.27383711867796,0,0
6917,-0.1059906340057637,0.958770141999,1.27383711867796,0,0
6918,-0.1059906340057637,0.96110928844,1.27383711867796,0,0
6919,-0.1059906340057637,0.960579836949,1.27383711867796,0,0
6920,-0.0967741354466849,0.961271817111,1.27383711867796,0,0
6921,-0.11520803314120975,0.962440665565,1.27383711867796,0,0
6922,-0.1059906340057637,0.961400679654,1.27383711867796,0,0
6923,-0.1059906340057637,0.962945451808,1.27383711867796,0,0
6924,-0.11520803314120975,0.96209724769,1.27383711867796,0,0
6925,-0.1059906340057637,0.966541194708,1.27383711867796,0,0
6926,-0.17050702449567723,0.958218845694,1.27383711867796,0,0
6927,-0.11520803314120975,0.965638548489,1.27383711867796,0,0
6928,-0.11520803314120975,0.959799568491,1.27383711867796,0,0
6929,-0.11520803314120975,0.964325638115,1.27383711867796,0,0
6930,-0.11520803314120975,0.963044685011,1.27383711867796,0,0
6931,-0.11520803314120975,0.967792749072,1.27383711867796,0,0
6932,-0.11520803314120975,0.968593664071,1.27383711867796,0,0
6933,-0.12442453170028678,0.967902629786,1.27383711867796,0,0
6934,-0.11520803314120975,0.969275079573,1.27383711867796,0,0
6935,-0.11520803314120975,0.969022125008,1.27383711867796,0,0
6936,-0.13364103025936558,0.967563377151,1.27383711867796,0,0
6937,-0.12442453170028678,0.968114186539,1.27383711867796,0,0
6938,-0.06912463976945205,0.971191993999,1.27383711867796,0,0
6939,-0.13364103025936558,0.965281240456,1.27383711867796,0,0
6940,-0.12442453170028678,0.967996083027,1.27383711867796,0,0
6941,-0.13364103025936558,0.96650322239,1.27383711867796,0,0
6942,-0.12442453170028678,0.971961870285,1.27383711867796,0,0
6943,-0.13364103025936558,0.963363481891,1.27383711867796,0,0
6944,-0.13364103025936558,0.967737014696,1.27383711867796,0,0
6945,-0.12442453170028678,0.962439882028,1.27383711867796,0,0
6946,-0.13364103025936558,0.965021739838,1.27383711867796,0,0
6947,-0.13364103025936558,0.972357477109,1.27383711867796,0,0
6948,-0.1428575288184426,0.96272992494,1.27383711867796,0,0
6949,-0.13364103025936558,0.966043762871,1.27383711867796,0,0
6950,-0.13364103025936558,0.97039874133,1.27383711867796,0,0
6951,-0.13364103025936558,0.968326398619,1.27383711867796,0,0
6952,-0.12442453170028678,0.962969598098,1.27383711867796,0,0
6953,-0.1428575288184426,0.96820423781,1.27383711867796,0,0
6954,-0.1428575288184426,0.963215486448,1.27383711867796,0,0
6955,-0.13364103025936558,0.966699784795,1.27383711867796,0,0
6956,-0.1428575288184426,0.968805330842,1.27383711867796,0,0
6957,-0.13364103025936558,0.968772139169,1.27383711867796,0,0
6958,-0.13364103025936558,0.966421279686,1.27383711867796,0,0
6959,-0.13364103025936558,0.964190683963,1.27383711867796,0,0
6960,-0.1428575288184426,0.970947643358,1.27383711867796,0,0
6961,-0.13364103025936558,0.96215846447,1.27383711867796,0,0
6962,-0.1428575288184426,0.960694646409,1.27383711867796,0,0
6963,-0.1428575288184426,0.963257343276,1.27383711867796,0,0
6964,-0.1428575288184426,0.966120306537,1.27383711867796,0,0
6965,-0.1428575288184426,0.959944411708,1.27383711867796,0,0
6966,-0.1428575288184426,0.967255456742,1.27383711867796,0,0
6967,-0.1428575288184426,0.962104656533,1.27383711867796,0,0
6968,-0.1428575288184426,0.964081206777,1.27383711867796,0,0
6969,-0.1428575288184426,0.960602645076,1.27383711867796,0,0
6970,-0.1428575288184426,0.962593900201,1.27383711867796,0,0
6971,-0.1520740273775214,0.957362527311,1.27383711867796,0,0
6972,-0.11520803314120975,0.964907215428,1.27383711867796,0,0
6973,-0.1428575288184426,0.961528014101,1.27383711867796,0,0
6974,-0.1520740273775214,0.962100350834,1.27383711867796,0,0
6975,-0.1520740273775214,0.960106722058,1.27383711867796,0,0
6976,-0.1428575288184426,0.960649211742,1.27383711867796,0,0
6977,-0.1428575288184426,0.960162605692,1.27383711867796,0,0
6978,-0.1520740273775214,0.96076432854,1.27383711867796,0,0
6979,-0.13364103025936558,0.96003548947,1.27383711867796,0,0
6980,-0.12442453170028678,0.957169983841,1.27383711867796,0,0
6981,-0.12442453170028678,0.958405253192,1.27383711867796,0,0
6982,-0.11520803314120975,0.960223095224,1.27383711867796,0,0
6983,-0.1059906340057637,0.966076380903,1.27383711867796,0,0
6984,-0.0967741354466849,0.962041088832,1.27383711867796,0,0
6985,-0.08755763688760787,0.962842522163,1.27383711867796,0,0
6986,-0.08755763688760787,0.962210165661,1.27383711867796,0,0
6987,-0.07834113832853085,0.963207471952,1.27383711867796,0,0
6988,-0.06912463976945205,0.968704591869,1.27383711867796,0,0
6989,-0.06912463976945205,0.963024204244,1.27383711867796,0,0
6990,-0.05990814121037502,0.962035183856,1.27383711867796,0,0
6991,-0.050691642651298,0.966930711793,1.27383711867796,0,0
6992,-0.04147514409221742,0.965596624786,1.27383711867796,0,0
6993,-0.04147514409221742,0.961793776879,1.27383711867796,0,0
6994,-0.032258645533140395,0.965708922522,1.27383711867796,0,0
6995,-0.004608249279538512,0.963799413524,1.27383711867796,0,0
6996,-0.032258645533140395,0.966589427231,1.27383711867796,0,0
6997,-0.013824747838615536,0.965625224938,1.27383711867796,0,0
6998,0.03225774495677136,0.968434980663,1.27383711867796,0,0
6999,-0.023042146974061595,0.96449771171,1.27383711867796,0,0
7000,-0.004608249279538512,0.966900540163,1.27383711867796,0,0
7001,0.004608249279538512,0.967980642095,1.27383711867796,0,0
7002,-0.004608249279538512,0.965015450209,1.27383711867796,0,0
7003,-0.013824747838615536,0.961031184926,1.27383711867796,0,0
7004,0.03225774495677136,0.964334827332,1.27383711867796,0,0
7005,0.004608249279538512,0.963930848669,1.27383711867796,0,0
7006,-0.004608249279538512,0.96295212165,1.27383711867796,0,0
7007,-0.004608249279538512,0.963942794787,1.27383711867796,0,0
7008,0.004608249279538512,0.963530095715,1.27383711867796,0,0
7009,-0.013824747838615536,0.964186347749,1.27383711867796,0,0
7010,-0.023042146974061595,0.960783924725,1.27383711867796,0,0
7011,-0.013824747838615536,0.962800210208,1.27383711867796,0,0
7012,-0.032258645533140395,0.96395781209,1.27383711867796,0,0
7013,-0.04147514409221742,0.962110883749,1.27383711867796,0,0
7014,-0.032258645533140395,0.958663482927,1.27383711867796,0,0
7015,-0.04147514409221742,0.96251569191,1.27383711867796,0,0
7016,-0.04147514409221742,0.961543869543,1.27383711867796,0,0
7017,-0.050691642651298,0.966792731734,1.27383711867796,0,0
7018,-0.050691642651298,0.960108198126,1.27383711867796,0,0
7019,-0.05990814121037502,0.966055284575,1.27383711867796,0,0
7020,-0.050691642651298,0.962592005975,1.27383711867796,0,0
7021,-0.05990814121037502,0.961216306488,1.27383711867796,0,0
7022,-0.05990814121037502,0.964141330687,1.27383711867796,0,0
7023,-0.06912463976945205,0.961424850421,1.27383711867796,0,0
7024,-0.06912463976945205,0.96129713939,1.27383711867796,0,0
7025,-0.06912463976945205,0.963890405704,1.27383711867796,0,0
7026,-0.07834113832853085,0.962788160901,1.27383711867796,0,0
7027,-0.07834113832853085,0.962312885594,1.27383711867796,0,0
7028,-0.08755763688760787,0.963148473806,1.27383711867796,0,0
7029,-0.08755763688760787,0.962219636737,1.27383711867796,0,0
7030,-0.08755763688760787,0.960849485673,1.27383711867796,0,0
7031,-0.08755763688760787,0.962542326398,1.27383711867796,0,0
7032,-0.0967741354466849,0.962989055438,1.27383711867796,0,0
7033,-0.0967741354466849,0.960145897273,1.27383711867796,0,0
7034,-0.0967741354466849,0.963818069439,1.27383711867796,0,0
7035,-0.0967741354466849,0.959578428968,1.27383711867796,0,0
7036,-0.0967741354466849,0.960425533148,1.27383711867796,0,0
7037,-0.0967741354466849,0.960573027538,1.27383711867796,0,0
7038,-0.1059906340057637,0.957896118722,1.27383711867796,0,0
7039,-0.1059906340057637,0.959294488356,1.27383711867796,0,0
7040,-0.1059906340057637,0.959272833071,1.27383711867796,0,0
7041,-0.1059906340057637,0.959448269182,1.27383711867796,0,0
7042,-0.11520803314120975,0.960437273887,1.27383711867796,0,0
7043,-0.1059906340057637,0.962647488529,1.27383711867796,0,0
7044,-0.1059906340057637,0.963015597127,1.27383711867796,0,0
7045,-0.11520803314120975,0.960195695021,1.27383711867796,0,0
7046,-0.11520803314120975,0.959436228982,1.27383711867796,0,0
7047,-0.11520803314120975,0.96015610708,1.27383711867796,0,0
7048,-0.11520803314120975,0.964950107523,1.27383711867796,0,0
7049,-0.11520803314120975,0.961525410613,1.27383711867796,0,0
7050,-0.11520803314120975,0.966759976554,1.27383711867796,0,0
7051,-0.12442453170028678,0.967783970698,1.27383711867796,0,0
7052,-0.12442453170028678,0.966352273444,1.27383711867796,0,0
7053,-0.11520803314120975,0.964908943929,1.27383711867796,0,0
7054,-0.12442453170028678,0.960530419328,1.27383711867796,0,0
7055,-0.12442453170028678,0.964179663132,1.27383711867796,0,0
7056,-0.11520803314120975,0.968268837785,1.27383711867796,0,0
7057,-0.12442453170028678,0.962720507224,1.27383711867796,0,0
7058,-0.05990814121037502,0.971150248658,1.27383711867796,0,0
7059,-0.12442453170028678,0.966892626869,1.27383711867796,0,0
7060,-0.12442453170028678,0.966954769841,1.27383711867796,0,0
7061,-0.13364103025936558,0.970535859213,1.27383711867796,0,0
7062,-0.13364103025936558,0.969589038298,1.27383711867796,0,0
7063,-0.11520803314120975,0.967279196592,1.27383711867796,0,0
7064,-0.13364103025936558,0.967630774101,1.27383711867796,0,0
7065,-0.12442453170028678,0.969416453833,1.27383711867796,0,0
7066,-0.1428575288184426,0.967858746706,1.27383711867796,0,0
7067,-0.13364103025936558,0.970432410036,1.27383711867796,0,0
7068,-0.12442453170028678,0.969944743009,1.27383711867796,0,0
7069,-0.13364103025936558,0.967804868652,1.27383711867796,0,0
7070,-0.13364103025936558,0.966993414693,1.27383711867796,0,0
7071,-0.12442453170028678,0.968894463936,1.27383711867796,0,0
7072,-0.1520740273775214,0.967801679707,1.27383711867796,0,0
7073,-0.13364103025936558,0.967832416986,1.27383711867796,0,0
7074,-0.1428575288184426,0.962883299221,1.27383711867796,0,0
7075,-0.13364103025936558,0.966403373834,1.27383711867796,0,0
7076,-0.1428575288184426,0.964931111585,1.27383711867796,0,0
7077,-0.1428575288184426,0.964599477063,1.27383711867796,0,0
7078,-0.1428575288184426,0.963107425103,1.27383711867796,0,0
7079,-0.13364103025936558,0.965495169224,1.27383711867796,0,0
7080,-0.1428575288184426,0.96732136531,1.27383711867796,0,0
7081,-0.1428575288184426,0.961550563406,1.27383711867796,0,0
7082,-0.1428575288184426,0.962468937716,1.27383711867796,0,0
7083,-0.13364103025936558,0.963914147922,1.27383711867796,0,0
7084,-0.13364103025936558,0.964860947982,1.27383711867796,0,0
7085,-0.1428575288184426,0.960869825083,1.27383711867796,0,0
7086,-0.13364103025936558,0.963765596849,1.27383711867796,0,0
7087,-0.1428575288184426,0.959210158086,1.27383711867796,0,0
7088,-0.13364103025936558,0.962393297302,1.27383711867796,0,0
7089,-0.1520740273775214,0.961082948269,1.27383711867796,0,0
7090,-0.12442453170028678,0.963441157908,1.27383711867796,0,0
7091,-0.1428575288184426,0.959804035694,1.27383711867796,0,0
7092,-0.13364103025936558,0.963017824411,1.27383711867796,0,0
7093,-0.1428575288184426,0.95889767471,1.27383711867796,0,0
7094,-0.1520740273775214,0.960969309675,1.27383711867796,0,0
7095,-0.1520740273775214,0.959946373752,1.27383711867796,0,0
7096,-0.1520740273775214,0.962312952455,1.27383711867796,0,0
7097,-0.1520740273775214,0.959466935669,1.27383711867796,0,0
7098,-0.1520740273775214,0.959188751265,1.27383711867796,0,0
7099,-0.1520740273775214,0.961151501208,1.27383711867796,0,0
7100,-0.1520740273775214,0.955343716005,1.27383711867796,0,0
7101,-0.1428575288184426,0.958647205781,1.27383711867796,0,0
7102,-0.20737391930835614,0.956635663499,1.27383711867796,0,0
7103,-0.13364103025936558,0.964519816042,1.27383711867796,0,0
7104,-0.12442453170028678,0.959407270566,1.27383711867796,0,0
7105,-0.12442453170028678,0.958990811151,1.27383711867796,0,0
7106,-0.12442453170028678,0.961401874958,1.27383711867796,0,0
7107,-0.0967741354466849,0.961150794667,1.27383711867796,0,0
7108,-0.0967741354466849,0.966188664797,1.27383711867796,0,0
7109,-0.08755763688760787,0.966812099161,1.27383711867796,0,0
7110,-0.08755763688760787,0.965309995317,1.27383711867796,0,0
7111,-0.07834113832853085,0.965616426306,1.27383711867796,0,0
7112,-0.06912463976945205,0.965052073195,1.27383711867796,0,0
7113,-0.06912463976945205,0.966264945251,1.27383711867796,0,0
7114,-0.05990814121037502,0.966231045601,1.27383711867796,0,0
7115,-0.050691642651298,0.966884763221,1.27383711867796,0,0
7116,-0.050691642651298,0.969528490079,1.27383711867796,0,0
7117,-0.032258645533140395,0.963509325281,1.27383711867796,0,0
7118,-0.032258645533140395,0.974981010082,1.27383711867796,0,0
7119,-0.032258645533140395,0.965235425989,1.27383711867796,0,0
7120,-0.013824747838615536,0.967617719607,1.27383711867796,0,0
7121,-0.023042146974061595,0.966793668729,1.27383711867796,0,0
7122,-0.013824747838615536,0.962386791665,1.27383711867796,0,0
7123,-0.013824747838615536,0.965985902121,1.27383711867796,0,0
7124,-0.004608249279538512,0.962667454345,1.27383711867796,0,0
7125,-0.004608249279538512,0.964555064781,1.27383711867796,0,0
7126,-0.004608249279538512,0.968161704114,1.27383711867796,0,0
7127,0.05990724063400776,0.968125662672,1.27383711867796,0,0
7128,0.004608249279538512,0.965983910972,1.27383711867796,0,0
7129,0.004608249279538512,0.966736208509,1.27383711867796,0,0
7130,0.004608249279538512,0.964710123977,1.27383711867796,0,0
7131,-0.004608249279538512,0.968883074522,1.27383711867796,0,0
7132,-0.004608249279538512,0.965069117613,1.27383711867796,0,0
7133,-0.013824747838615536,0.968238385221,1.27383711867796,0,0
7134,0.004608249279538512,0.961891530397,1.27383711867796,0,0
7135,-0.023042146974061595,0.9651061415,1.27383711867796,0,0
7136,-0.032258645533140395,0.962843487783,1.27383711867796,0,0
7137,-0.023042146974061595,0.960632099363,1.27383711867796,0,0
7138,-0.004608249279538512,0.963745880996,1.27383711867796,0,0
7139,-0.050691642651298,0.962775633477,1.27383711867796,0,0
7140,-0.050691642651298,0.971064309253,1.27383711867796,0,0
7141,-0.050691642651298,0.962003154234,1.27383711867796,0,0
7142,-0.05990814121037502,0.968694376086,1.27383711867796,0,0
7143,-0.050691642651298,0.961337296562,1.27383711867796,0,0
7144,-0.05990814121037502,0.962225067534,1.27383711867796,0,0
7145,-0.05990814121037502,0.966398249724,1.27383711867796,0,0
7146,-0.06912463976945205,0.962323467927,1.27383711867796,0,0
7147,-0.06912463976945205,0.960659838141,1.27383711867796,0,0
7148,-0.06912463976945205,0.963051274061,1.27383711867796,0,0
7149,-0.08755763688760787,0.96163041088,1.27383711867796,0,0
7150,-0.07834113832853085,0.965692001344,1.27383711867796,0,0
7151,-0.08755763688760787,0.964923218243,1.27383711867796,0,0
7152,-0.08755763688760787,0.965617103476,1.27383711867796,0,0
7153,-0.07834113832853085,0.965213509663,1.27383711867796,0,0
7154,-0.08755763688760787,0.963417328674,1.27383711867796,0,0
7155,-0.08755763688760787,0.964229322109,1.27383711867796,0,0
7156,-0.08755763688760787,0.958856670688,1.27383711867796,0,0
7157,-0.08755763688760787,0.965027217691,1.27383711867796,0,0
7158,-0.0967741354466849,0.959907432628,1.27383711867796,0,0
7159,-0.08755763688760787,0.968090358831,1.27383711867796,0,0
7160,-0.0967741354466849,0.961220639169,1.27383711867796,0,0
7161,-0.0967741354466849,0.962727481789,1.27383711867796,0,0
7162,-0.1059906340057637,0.964440410772,1.27383711867796,0,0
7163,-0.1059906340057637,0.961751856512,1.27383711867796,0,0
7164,-0.1059906340057637,0.959847675006,1.27383711867796,0,0
7165,-0.0967741354466849,0.961212095153,1.27383711867796,0,0
7166,-0.0967741354466849,0.959886427265,1.27383711867796,0,0
7167,-0.1059906340057637,0.960428389065,1.27383711867796,0,0
7168,-0.11520803314120975,0.961983313459,1.27383711867796,0,0
7169,-0.1059906340057637,0.959045378646,1.27383711867796,0,0
7170,-0.11520803314120975,0.961269389125,1.27383711867796,0,0
7171,-0.11520803314120975,0.96202548959,1.27383711867796,0,0
7172,-0.1059906340057637,0.965021195815,1.27383711867796,0,0
7173,-0.11520803314120975,0.962413776451,1.27383711867796,0,0
7174,-0.1059906340057637,0.963234841998,1.27383711867796,0,0
7175,-0.11520803314120975,0.963842247766,1.27383711867796,0,0
7176,-0.11520803314120975,0.961551026403,1.27383711867796,0,0
7177,-0.12442453170028678,0.962304753495,1.27383711867796,0,0
7178,-0.12442453170028678,0.963175158529,1.27383711867796,0,0
7179,-0.11520803314120975,0.966577934095,1.27383711867796,0,0
7180,-0.12442453170028678,0.966260333478,1.27383711867796,0,0
7181,-0.12442453170028678,0.96871130555,1.27383711867796,0,0
7182,-0.13364103025936558,0.968513672599,1.27383711867796,0,0
7183,-0.12442453170028678,0.965626500859,1.27383711867796,0,0
7184,-0.11520803314120975,0.964004217022,1.27383711867796,0,0
7185,-0.12442453170028678,0.962364884731,1.27383711867796,0,0
7186,-0.12442453170028678,0.964498529191,1.27383711867796,0,0
7187,-0.12442453170028678,0.968163202166,1.27383711867796,0,0
7188,-0.12442453170028678,0.975259954992,1.27383711867796,0,0
7189,-0.11520803314120975,0.968584085696,1.27383711867796,0,0
7190,-0.13364103025936558,0.970961144001,1.27383711867796,0,0
7191,-0.13364103025936558,0.96817172149,1.27383711867796,0,0
7192,-0.13364103025936558,0.968898472714,1.27383711867796,0,0
7193,-0.12442453170028678,0.968019313467,1.27383711867796,0,0
7194,-0.12442453170028678,0.962521596115,1.27383711867796,0,0
7195,-0.13364103025936558,0.96877363852,1.27383711867796,0,0
7196,-0.13364103025936558,0.96628576441,1.27383711867796,0,0
7197,-0.12442453170028678,0.968373156745,1.27383711867796,0,0
7198,-0.1428575288184426,0.967122526984,1.27383711867796,0,0
7199,-0.13364103025936558,0.964532500295,1.27383711867796,0,0
7200,-0.13364103025936558,0.966262249614,1.27383711867796,0,0
7201,-0.1428575288184426,0.963268757175,1.27383711867796,0,0
7202,-0.13364103025936558,0.963183526002,1.27383711867796,0,0
7203,-0.1428575288184426,0.961328398452,1.27383711867796,0,0
7204,-0.1428575288184426,0.958685557221,1.27383711867796,0,0
7205,-0.13364103025936558,0.964630013249,1.27383711867796,0,0
7206,-0.1428575288184426,0.964702180468,1.27383711867796,0,0
7207,-0.1428575288184426,0.95992102547,1.27383711867796,0,0
7208,-0.22580691642651196,0.959914702014,1.27383711867796,0,0
7209,-0.1428575288184426,0.963578631937,1.27383711867796,0,0
7210,-0.1428575288184426,0.961147214492,1.27383711867796,0,0
7211,-0.13364103025936558,0.963834008678,1.27383711867796,0,0
7212,-0.12442453170028678,0.960160229704,1.27383711867796,0,0
7213,-0.1428575288184426,0.96579884769,1.27383711867796,0,0
7214,-0.1520740273775214,0.962679664717,1.27383711867796,0,0
7215,-0.1520740273775214,0.9644981806,1.27383711867796,0,0
7216,-0.1520740273775214,0.965016396217,1.27383711867796,0,0
7217,-0.1428575288184426,0.95799151716,1.27383711867796,0,0
7218,-0.1428575288184426,0.962641193741,1.27383711867796,0,0
7219,-0.1428575288184426,0.964579428492,1.27383711867796,0,0
7220,-0.1428575288184426,0.961600691361,1.27383711867796,0,0
7221,-0.1520740273775214,0.961198369852,1.27383711867796,0,0
7222,-0.1520740273775214,0.957689327616,1.27383711867796,0,0
7223,-0.1520740273775214,0.960266591309,1.27383711867796,0,0
7224,-0.1428575288184426,0.963650468339,1.27383711867796,0,0
7225,-0.1520740273775214,0.959588471294,1.27383711867796,0,0
7226,-0.11520803314120975,0.960372285409,1.27383711867796,0,0
7227,-0.1428575288184426,0.959042922899,1.27383711867796,0,0
7228,-0.1520740273775214,0.961299190426,1.27383711867796,0,0
7229,-0.1520740273775214,0.959639975948,1.27383711867796,0,0
7230,-0.11520803314120975,0.959196869358,1.27383711867796,0,0
7231,-0.1520740273775214,0.959356572051,1.27383711867796,0,0
7232,-0.1428575288184426,0.961003848888,1.27383711867796,0,0
7233,-0.1428575288184426,0.960331546533,1.27383711867796,0,0
7234,-0.1520740273775214,0.958778951006,1.27383711867796,0,0
7235,-0.1428575288184426,0.956754232365,1.27383711867796,0,0
7236,-0.13364103025936558,0.958223546169,1.27383711867796,0,0
7237,-0.11520803314120975,0.960633670366,1.27383711867796,0,0
7238,-0.1059906340057637,0.95958355918,1.27383711867796,0,0
7239,-0.1059906340057637,0.964471269531,1.27383711867796,0,0
7240,-0.0967741354466849,0.96112675222,1.27383711867796,0,0
7241,-0.0967741354466849,0.962675900053,1.27383711867796,0,0
7242,-0.08755763688760787,0.962308474024,1.27383711867796,0,0
7243,-0.050691642651298,0.965721838242,1.27383711867796,0,0
7244,-0.06912463976945205,0.961747434732,1.27383711867796,0,0
7245,-0.05990814121037502,0.968493802968,1.27383711867796,0,0
7246,-0.05990814121037502,0.967113020345,1.27383711867796,0,0
7247,-0.050691642651298,0.968346285749,1.27383711867796,0,0
7248,-0.050691642651298,0.965014769895,1.27383711867796,0,0
7249,-0.04147514409221742,0.964220085839,1.27383711867796,0,0
7250,-0.04147514409221742,0.962821164662,1.27383711867796,0,0
7251,-0.032258645533140395,0.966960625836,1.27383711867796,0,0
7252,-0.023042146974061595,0.967531743104,1.27383711867796,0,0
7253,-0.023042146974061595,0.96146325411,1.27383711867796,0,0
7254,-0.023042146974061595,0.964453322807,1.27383711867796,0,0
7255,-0.013824747838615536,0.962563110964,1.27383711867796,0,0
7256,-0.004608249279538512,0.96309275809,1.27383711867796,0,0
7257,-0.013824747838615536,0.964056647261,1.27383711867796,0,0
7258,-0.004608249279538512,0.961260395593,1.27383711867796,0,0
7259,-0.07834113832853085,0.965302989728,1.27383711867796,0,0
7260,0.023041246397694337,0.967104002326,1.27383711867796,0,0
7261,0.05990724063400776,0.967801268614,1.27383711867796,0,0
7262,-0.004608249279538512,0.967674668804,1.27383711867796,0,0
7263,-0.013824747838615536,0.967061157046,1.27383711867796,0,0
7264,-0.013824747838615536,0.968213229166,1.27383711867796,0,0
7265,-0.013824747838615536,0.968298007,1.27383711867796,0,0
7266,-0.013824747838615536,0.961650292143,1.27383711867796,0,0
7267,-0.023042146974061595,0.96877950223,1.27383711867796,0,0
7268,-0.023042146974061595,0.962345424591,1.27383711867796,0,0
7269,-0.023042146974061595,0.964134656652,1.27383711867796,0,0
7270,-0.04147514409221742,0.963518689196,1.27383711867796,0,0
7271,-0.04147514409221742,0.963576845285,1.27383711867796,0,0
7272,-0.050691642651298,0.958963243525,1.27383711867796,0,0
7273,-0.05990814121037502,0.965927257542,1.27383711867796,0,0
7274,-0.05990814121037502,0.960688962357,1.27383711867796,0,0
7275,-0.05990814121037502,0.963635479866,1.27383711867796,0,0
7276,-0.032258645533140395,0.959036173489,1.27383711867796,0,0
7277,-0.06912463976945205,0.963201880695,1.27383711867796,0,0
7278,-0.07834113832853085,0.962289855455,1.27383711867796,0,0
7279,-0.06912463976945205,0.959747190678,1.27383711867796,0,0
7280,-0.04147514409221742,0.964933342148,1.27383711867796,0,0
7281,-0.08755763688760787,0.962270209027,1.27383711867796,0,0
7282,-0.08755763688760787,0.965732356895,1.27383711867796,0,0
7283,-0.07834113832853085,0.964126312547,1.27383711867796,0,0
7284,-0.07834113832853085,0.965141840004,1.27383711867796,0,0
7285,-0.0967741354466849,0.961729271012,1.27383711867796,0,0
7286,-0.08755763688760787,0.963935672074,1.27383711867796,0,0
7287,-0.0967741354466849,0.96014634152,1.27383711867796,0,0
7288,-0.1612905259366002,0.964922603203,1.27383711867796,0,0
7289,-0.0967741354466849,0.961577911717,1.27383711867796,0,0
7290,-0.0967741354466849,0.961215836764,1.27383711867796,0,0
7291,-0.1059906340057637,0.96486126319,1.27383711867796,0,0
7292,-0.0967741354466849,0.958132033389,1.27383711867796,0,0
7293,-0.1059906340057637,0.963373332779,1.27383711867796,0,0
7294,-0.1059906340057637,0.957980081137,1.27383711867796,0,0
7295,-0.1059906340057637,0.962396256207,1.27383711867796,0,0
7296,-0.11520803314120975,0.961665880103,1.27383711867796,0,0
7297,-0.11520803314120975,0.965508993905,1.27383711867796,0,0
7298,-0.11520803314120975,0.960591768805,1.27383711867796,0,0
7299,-0.050691642651298,0.961429027129,1.27383711867796,0,0
7300,-0.11520803314120975,0.964926906957,1.27383711867796,0,0
7301,-0.11520803314120975,0.966726995796,1.27383711867796,0,0
7302,-0.11520803314120975,0.968353401595,1.27383711867796,0,0
7303,-0.11520803314120975,0.963673443204,1.27383711867796,0,0
7304,-0.11520803314120975,0.968022165363,1.27383711867796,0,0
7305,-0.12442453170028678,0.968284178817,1.27383711867796,0,0
7306,-0.11520803314120975,0.966864348667,1.27383711867796,0,0
7307,-0.12442453170028678,0.96498530181,1.27383711867796,0,0
7308,-0.12442453170028678,0.965731620933,1.27383711867796,0,0
7309,-0.12442453170028678,0.960385279405,1.27383711867796,0,0
7310,-0.12442453170028678,0.966231956579,1.27383711867796,0,0
7311,-0.12442453170028678,0.96678862075,1.27383711867796,0,0
7312,-0.12442453170028678,0.968499616084,1.27383711867796,0,0
7313,-0.13364103025936558,0.963170956718,1.27383711867796,0,0
7314,-0.12442453170028678,0.969883899431,1.27383711867796,0,0
7315,-0.12442453170028678,0.967784096768,1.27383711867796,0,0
7316,-0.12442453170028678,0.968057002549,1.27383711867796,0,0
7317,-0.1059906340057637,0.967188098061,1.27383711867796,0,0
7318,-0.13364103025936558,0.964361867356,1.27383711867796,0,0
7319,-0.12442453170028678,0.970633233379,1.27383711867796,0,0
7320,-0.08755763688760787,0.966518441641,1.27383711867796,0,0
7321,-0.12442453170028678,0.972616474099,1.27383711867796,0,0
7322,-0.13364103025936558,0.967170311454,1.27383711867796,0,0
7323,-0.13364103025936558,0.968831273701,1.27383711867796,0,0
7324,-0.13364103025936558,0.969419548753,1.27383711867796,0,0
7325,-0.1428575288184426,0.964475831686,1.27383711867796,0,0
7326,-0.13364103025936558,0.965747683452,1.27383711867796,0,0
7327,-0.13364103025936558,0.963229793754,1.27383711867796,0,0
7328,-0.1428575288184426,0.966942600575,1.27383711867796,0,0
7329,-0.13364103025936558,0.965199529729,1.27383711867796,0,0
7330,-0.1428575288184426,0.968326723975,1.27383711867796,0,0
7331,-0.13364103025936558,0.964210236842,1.27383711867796,0,0
7332,-0.13364103025936558,0.968187927419,1.27383711867796,0,0
7333,-0.1428575288184426,0.960819103156,1.27383711867796,0,0
7334,-0.13364103025936558,0.96786070547,1.27383711867796,0,0
7335,-0.1428575288184426,0.964333974274,1.27383711867796,0,0
7336,-0.13364103025936558,0.962645710001,1.27383711867796,0,0
7337,-0.1520740273775214,0.967216749665,1.27383711867796,0,0
7338,-0.1428575288184426,0.962401672745,1.27383711867796,0,0
7339,-0.1428575288184426,0.965021982137,1.27383711867796,0,0
7340,-0.1428575288184426,0.960880528889,1.27383711867796,0,0
7341,-0.1428575288184426,0.96118054626,1.27383711867796,0,0
7342,-0.1428575288184426,0.961744166104,1.27383711867796,0,0
7343,-0.1428575288184426,0.962604099779,1.27383711867796,0,0
7344,-0.1428575288184426,0.965627888619,1.27383711867796,0,0
7345,-0.1520740273775214,0.965556246122,1.27383711867796,0,0
7346,-0.1520740273775214,0.959237009926,1.27383711867796,0,0
7347,-0.1520740273775214,0.961396682804,1.27383711867796,0,0
7348,-0.1428575288184426,0.958385394475,1.27383711867796,0,0
7349,-0.1520740273775214,0.960785479943,1.27383711867796,0,0
7350,-0.1520740273775214,0.958886937724,1.27383711867796,0,0
7351,-0.1520740273775214,0.961740015918,1.27383711867796,0,0
7352,-0.1428575288184426,0.958188713558,1.27383711867796,0,0
7353,-0.1520740273775214,0.959979304472,1.27383711867796,0,0
7354,-0.1428575288184426,0.960155977163,1.27383711867796,0,0
7355,-0.1428575288184426,0.958959545249,1.27383711867796,0,0
7356,-0.13364103025936558,0.963420318282,1.27383711867796,0,0
7357,-0.1428575288184426,0.95946218815,1.27383711867796,0,0
7358,-0.1428575288184426,0.960620508897,1.27383711867796,0,0
7359,-0.1520740273775214,0.957446864581,1.27383711867796,0,0
7360,-0.1428575288184426,0.958489230682,1.27383711867796,0,0
7361,-0.1428575288184426,0.961586314628,1.27383711867796,0,0
7362,-0.1520740273775214,0.961181051841,1.27383711867796,0,0
7363,-0.1520740273775214,0.95732760272,1.27383711867796,0,0
7364,-0.1520740273775214,0.960199562619,1.27383711867796,0,0
7365,-0.1520740273775214,0.957576607433,1.27383711867796,0,0
7366,-0.1520740273775214,0.956790948379,1.27383711867796,0,0
7367,-0.1520740273775214,0.955855686576,1.27383711867796,0,0
7368,-0.1428575288184426,0.956677931468,1.27383711867796,0,0
7369,-0.21659041786743494,0.956628499427,1.27383711867796,0,0
7370,-0.1520740273775214,0.96013084047,1.27383711867796,0,0
7371,-0.1520740273775214,0.953878126282,1.27383711867796,0,0
7372,-0.1520740273775214,0.956870026753,1.27383711867796,0,0
7373,-0.1520740273775214,0.959095829637,1.27383711867796,0,0
7374,-0.1612905259366002,0.958816851914,1.27383711867796,0,0
7375,-0.1428575288184426,0.95811004059,1.27383711867796,0,0
7376,-0.1520740273775214,0.956242121155,1.27383711867796,0,0
7377,-0.1520740273775214,0.960792039966,1.27383711867796,0,0
7378,-0.1612905259366002,0.958392515776,1.27383711867796,0,0
7379,-0.1520740273775214,0.960295093683,1.27383711867796,0,0
7380,-0.1520740273775214,0.962023813112,1.27383711867796,0,0
7381,-0.1428575288184426,0.958128989341,1.27383711867796,0,0
7382,-0.13364103025936558,0.959161044437,1.27383711867796,0,0
7383,-0.13364103025936558,0.959083113618,1.27383711867796,0,0
7384,-0.11520803314120975,0.961793646019,1.27383711867796,0,0
7385,-0.11520803314120975,0.959708190976,1.27383711867796,0,0
7386,-0.013824747838615536,0.964992388366,1.27383711867796,0,0
7387,-0.0967741354466849,0.963013157421,1.27383711867796,0,0
7388,-0.0967741354466849,0.963712372605,1.27383711867796,0,0
7389,-0.08755763688760787,0.966387652353,1.27383711867796,0,0
7390,-0.06912463976945205,0.965953867542,1.27383711867796,0,0
7391,-0.06912463976945205,0.960720799534,1.27383711867796,0,0
7392,-0.05990814121037502,0.962969752146,1.27383711867796,0,0
7393,-0.05990814121037502,0.96149657946,1.27383711867796,0,0
7394,-0.050691642651298,0.96257281172,1.27383711867796,0,0
7395,-0.050691642651298,0.956023955301,1.27383711867796,0,0
7396,-0.032258645533140395,0.964710871355,1.27383711867796,0,0
7397,-0.032258645533140395,0.960547094824,1.27383711867796,0,0
7398,-0.032258645533140395,0.965697000838,1.27383711867796,0,0
7399,-0.023042146974061595,0.961532526194,1.27383711867796,0,0
7400,0.03225774495677136,0.961968667895,1.27383711867796,0,0
7401,-0.023042146974061595,0.964885790106,1.27383711867796,0,0
7402,-0.013824747838615536,0.959256379566,1.27383711867796,0,0
7403,-0.013824747838615536,0.96085554296,1.27383711867796,0,0
7404,0.004608249279538512,0.963107731428,1.27383711867796,0,0
7405,0.004608249279538512,0.960511017326,1.27383711867796,0,0
7406,-0.004608249279538512,0.964788150206,1.27383711867796,0,0
7407,0.050690742074927186,0.966843339319,1.27383711867796,0,0
7408,0.004608249279538512,0.967268987954,1.27383711867796,0,0
7409,-0.004608249279538512,0.965100723949,1.27383711867796,0,0
7410,0.004608249279538512,0.962251933504,1.27383711867796,0,0
7411,-0.013824747838615536,0.964362733604,1.27383711867796,0,0
7412,-0.013824747838615536,0.966137722537,1.27383711867796,0,0
7413,-0.023042146974061595,0.959862625944,1.27383711867796,0,0
7414,-0.023042146974061595,0.964644481352,1.27383711867796,0,0
7415,-0.032258645533140395,0.960137419965,1.27383711867796,0,0
7416,-0.04147514409221742,0.964506614318,1.27383711867796,0,0
7417,-0.04147514409221742,0.958508267871,1.27383711867796,0,0
7418,-0.050691642651298,0.962481689909,1.27383711867796,0,0
7419,-0.050691642651298,0.961022292057,1.27383711867796,0,0
7420,-0.05990814121037502,0.963924530975,1.27383711867796,0,0
7421,-0.05990814121037502,0.962292074432,1.27383711867796,0,0
7422,-0.05990814121037502,0.96325995505,1.27383711867796,0,0
7423,-0.06912463976945205,0.959502213778,1.27383711867796,0,0
7424,-0.05990814121037502,0.964179051697,1.27383711867796,0,0
7425,-0.06912463976945205,0.965978025086,1.27383711867796,0,0
7426,-0.06912463976945205,0.965454438995,1.27383711867796,0,0
7427,-0.07834113832853085,0.968353058343,1.27383711867796,0,0
7428,-0.07834113832853085,0.963640891799,1.27383711867796,0,0
7429,-0.07834113832853085,0.965022374234,1.27383711867796,0,0
7430,-0.0967741354466849,0.966698910925,1.27383711867796,0,0
7431,-0.08755763688760787,0.966814586121,1.27383711867796,0,0
7432,-0.08755763688760787,0.96568937598,1.27383711867796,0,0
7433,-0.08755763688760787,0.962799041055,1.27383711867796,0,0
7434,-0.08755763688760787,0.96711214921,1.27383711867796,0,0
7435,-0.0967741354466849,0.964541336549,1.27383711867796,0,0
7436,-0.06912463976945205,0.968008382023,1.27383711867796,0,0
7437,-0.0967741354466849,0.962713363099,1.27383711867796,0,0
7438,-0.1059906340057637,0.962502908666,1.27383711867796,0,0
7439,-0.0967741354466849,0.964527021672,1.27383711867796,0,0
7440,-0.0967741354466849,0.967061753233,1.27383711867796,0,0
7441,-0.0967741354466849,0.958663653203,1.27383711867796,0,0
7442,-0.0967741354466849,0.966321765201,1.27383711867796,0,0
7443,-0.1059906340057637,0.963297529492,1.27383711867796,0,0
7444,-0.1059906340057637,0.965259903264,1.27383711867796,0,0
7445,-0.11520803314120975,0.965221977354,1.27383711867796,0,0
7446,-0.08755763688760787,0.96110200509,1.27383711867796,0,0
7447,-0.11520803314120975,0.959828751351,1.27383711867796,0,0
7448,-0.11520803314120975,0.962865636094,1.27383711867796,0,0
7449,-0.1059906340057637,0.965704198288,1.27383711867796,0,0
7450,-0.12442453170028678,0.964017297914,1.27383711867796,0,0
7451,-0.11520803314120975,0.958561781672,1.27383711867796,0,0
7452,-0.11520803314120975,0.963390811028,1.27383711867796,0,0
7453,-0.1059906340057637,0.962100708387,1.27383711867796,0,0
7454,-0.11520803314120975,0.961946291103,1.27383711867796,0,0
7455,-0.12442453170028678,0.964887962187,1.27383711867796,0,0
7456,-0.12442453170028678,0.964953444846,1.27383711867796,0,0
7457,-0.18894002161383305,0.965857481571,1.27383711867796,0,0
7458,-0.12442453170028678,0.96863573577,1.27383711867796,0,0
7459,-0.13364103025936558,0.961533189296,1.27383711867796,0,0
7460,-0.11520803314120975,0.966848173273,1.27383711867796,0,0
7461,-0.12442453170028678,0.962042185084,1.27383711867796,0,0
7462,-0.12442453170028678,0.96905834978,1.27383711867796,0,0
7463,-0.12442453170028678,0.967600084232,1.27383711867796,0,0
7464,-0.12442453170028678,0.964586885565,1.27383711867796,0,0
7465,-0.13364103025936558,0.966081942414,1.27383711867796,0,0
7466,-0.1428575288184426,0.969039712717,1.27383711867796,0,0
7467,-0.13364103025936558,0.967591086929,1.27383711867796,0,0
7468,-0.13364103025936558,0.973116698377,1.27383711867796,0,0
7469,-0.13364103025936558,0.967891723646,1.27383711867796,0,0
7470,-0.12442453170028678,0.970938766986,1.27383711867796,0,0
7471,-0.13364103025936558,0.969450774462,1.27383711867796,0,0
7472,-0.13364103025936558,0.966636576261,1.27383711867796,0,0
7473,-0.21659041786743494,0.965394095187,1.27383711867796,0,0
7474,-0.1428575288184426,0.964072626647,1.27383711867796,0,0
7475,-0.13364103025936558,0.962584110239,1.27383711867796,0,0
7476,-0.13364103025936558,0.963155494448,1.27383711867796,0,0
7477,-0.13364103025936558,0.963910178488,1.27383711867796,0,0
7478,-0.1520740273775214,0.962688905863,1.27383711867796,0,0
7479,-0.1428575288184426,0.960913359425,1.27383711867796,0,0
7480,-0.1428575288184426,0.963439492526,1.27383711867796,0,0
7481,-0.1428575288184426,0.960764018404,1.27383711867796,0,0
7482,-0.1428575288184426,0.964257775013,1.27383711867796,0,0
7483,-0.13364103025936558,0.958881561768,1.27383711867796,0,0
7484,-0.13364103025936558,0.963177124342,1.27383711867796,0,0
7485,-0.1428575288184426,0.959885611216,1.27383711867796,0,0
7486,-0.13364103025936558,0.966018626109,1.27383711867796,0,0
7487,-0.1428575288184426,0.960154374081,1.27383711867796,0,0
7488,-0.1428575288184426,0.961479067701,1.27383711867796,0,0
7489,-0.1428575288184426,0.96578005789,1.27383711867796,0,0
7490,-0.1428575288184426,0.961901035375,1.27383711867796,0,0
7491,-0.1428575288184426,0.965012233561,1.27383711867796,0,0
7492,-0.13364103025936558,0.95886765322,1.27383711867796,0,0
7493,-0.13364103025936558,0.962909450935,1.27383711867796,0,0
7494,-0.1428575288184426,0.960688761614,1.27383711867796,0,0
7495,-0.1428575288184426,0.959909314875,1.27383711867796,0,0
7496,-0.1428575288184426,0.959702451951,1.27383711867796,0,0
7497,-0.1428575288184426,0.960917341896,1.27383711867796,0,0
7498,-0.1520740273775214,0.960474161404,1.27383711867796,0,0
7499,-0.1428575288184426,0.959331507978,1.27383711867796,0,0
7500,-0.1520740273775214,0.958735122625,1.27383711867796,0,0
7501,-0.1520740273775214,0.959350760352,1.27383711867796,0,0
7502,-0.1520740273775214,0.959356475866,1.27383711867796,0,0
7503,-0.1428575288184426,0.959450168106,1.27383711867796,0,0
7504,-0.1428575288184426,0.958535696698,1.27383711867796,0,0
7505,-0.1428575288184426,0.95958988056,1.27383711867796,0,0
7506,-0.07834113832853085,0.962392521737,1.27383711867796,0,0
7507,-0.12442453170028678,0.960730954407,1.27383711867796,0,0
7508,-0.17050702449567723,0.961816278477,1.27383711867796,0,0
7509,-0.0967741354466849,0.96009107978,1.27383711867796,0,0
7510,-0.0967741354466849,0.964428599167,1.27383711867796,0,0
7511,-0.0967741354466849,0.964829710057,1.27383711867796,0,0
7512,-0.08755763688760787,0.959553589729,1.27383711867796,0,0
7513,-0.0967741354466849,0.963394539759,1.27383711867796,0,0
7514,-0.05990814121037502,0.965415209091,1.27383711867796,0,0
7515,-0.06912463976945205,0.964900170292,1.27383711867796,0,0
7516,-0.05990814121037502,0.96445049775,1.27383711867796,0,0
7517,-0.1059906340057637,0.961050143292,1.27383711867796,0,0
7518,-0.050691642651298,0.966100036154,1.27383711867796,0,0
7519,-0.004608249279538512,0.967403405646,1.27383711867796,0,0
7520,-0.04147514409221742,0.963598359221,1.27383711867796,0,0
7521,-0.032258645533140395,0.961564293753,1.27383711867796,0,0
7522,-0.013824747838615536,0.966055800655,1.27383711867796,0,0
7523,-0.023042146974061595,0.964313522837,1.27383711867796,0,0
7524,-0.032258645533140395,0.966177212894,1.27383711867796,0,0
7525,-0.013824747838615536,0.961580644997,1.27383711867796,0,0
7526,-0.013824747838615536,0.964191618927,1.27383711867796,0,0
7527,-0.013824747838615536,0.963558318696,1.27383711867796,0,0
7528,-0.004608249279538512,0.962367064949,1.27383711867796,0,0
7529,0.004608249279538512,0.96350210841,1.27383711867796,0,0
7530,0.004608249279538512,0.958261667304,1.27383711867796,0,0
7531,-0.013824747838615536,0.966315848322,1.27383711867796,0,0
7532,-0.004608249279538512,0.962752093575,1.27383711867796,0,0
7533,-0.013824747838615536,0.961357708712,1.27383711867796,0,0
7534,-0.013824747838615536,0.961148657138,1.27383711867796,0,0
7535,-0.023042146974061595,0.958457560168,1.27383711867796,0,0
7536,-0.023042146974061595,0.962677344061,1.27383711867796,0,0
7537,-0.023042146974061595,0.961663244129,1.27383711867796,0,0
7538,-0.032258645533140395,0.960296464058,1.27383711867796,0,0
7539,-0.032258645533140395,0.957721184602,1.27383711867796,0,0
7540,-0.050691642651298,0.963371702082,1.27383711867796,0,0
7541,-0.050691642651298,0.963707028741,1.27383711867796,0,0
7542,-0.050691642651298,0.961565473912,1.27383711867796,0,0
7543,-0.050691642651298,0.962120592976,1.27383711867796,0,0
7544,-0.05990814121037502,0.961155377376,1.27383711867796,0,0
7545,-0.013824747838615536,0.963900306807,1.27383711867796,0,0
7546,-0.05990814121037502,0.965217500725,1.27383711867796,0,0
7547,-0.05990814121037502,0.963507680027,1.27383711867796,0,0
7548,-0.05990814121037502,0.962743331487,1.27383711867796,0,0
7549,-0.06912463976945205,0.96574183172,1.27383711867796,0,0
7550,-0.07834113832853085,0.962295332328,1.27383711867796,0,0
7551,-0.07834113832853085,0.96406869631,1.27383711867796,0,0
7552,-0.08755763688760787,0.96044134587,1.27383711867796,0,0
7553,-0.07834113832853085,0.964487917032,1.27383711867796,0,0
7554,-0.07834113832853085,0.96546380349,1.27383711867796,0,0
7555,-0.07834113832853085,0.963617089265,1.27383711867796,0,0
7556,-0.08755763688760787,0.963326321965,1.27383711867796,0,0
7557,-0.08755763688760787,0.965609020091,1.27383711867796,0,0
7558,-0.0967741354466849,0.962251213638,1.27383711867796,0,0
7559,-0.0967741354466849,0.966126411867,1.27383711867796,0,0
7560,-0.0967741354466849,0.95994864924,1.27383711867796,0,0
7561,-0.0967741354466849,0.962762002951,1.27383711867796,0,0
7562,-0.0967741354466849,0.963017815497,1.27383711867796,0,0
7563,-0.1059906340057637,0.959958823076,1.27383711867796,0,0
7564,-0.0967741354466849,0.96431382091,1.27383711867796,0,0
7565,-0.0967741354466849,0.959812864898,1.27383711867796,0,0
7566,-0.1059906340057637,0.962179670059,1.27383711867796,0,0
7567,-0.11520803314120975,0.960378876485,1.27383711867796,0,0
7568,-0.1059906340057637,0.959965860555,1.27383711867796,0,0
7569,-0.1059906340057637,0.964203310115,1.27383711867796,0,0
7570,-0.1059906340057637,0.957172865647,1.27383711867796,0,0
7571,-0.11520803314120975,0.960867777735,1.27383711867796,0,0
7572,-0.1059906340057637,0.964188547369,1.27383711867796,0,0
7573,-0.1059906340057637,0.964536393745,1.27383711867796,0,0
7574,-0.0967741354466849,0.963441598573,1.27383711867796,0,0
7575,-0.11520803314120975,0.962113863421,1.27383711867796,0,0
7576,-0.11520803314120975,0.963565472581,1.27383711867796,0,0
7577,-0.12442453170028678,0.964493670748,1.27383711867796,0,0
7578,-0.11520803314120975,0.963854237886,1.27383711867796,0,0
7579,-0.12442453170028678,0.963685808793,1.27383711867796,0,0
7580,-0.12442453170028678,0.96534317687,1.27383711867796,0,0
7581,-0.11520803314120975,0.965466726179,1.27383711867796,0,0
7582,-0.11520803314120975,0.96674054672,1.27383711867796,0,0
7583,-0.12442453170028678,0.959958176472,1.27383711867796,0,0
7584,-0.12442453170028678,0.964516210681,1.27383711867796,0,0
7585,-0.12442453170028678,0.963386302665,1.27383711867796,0,0
7586,-0.12442453170028678,0.96311011389,1.27383711867796,0,0
7587,-0.12442453170028678,0.965171503525,1.27383711867796,0,0
7588,-0.12442453170028678,0.966688072668,1.27383711867796,0,0
7589,-0.12442453170028678,0.967056146641,1.27383711867796,0,0
7590,-0.12442453170028678,0.966321540559,1.27383711867796,0,0
7591,-0.12442453170028678,0.96753951974,1.27383711867796,0,0
7592,-0.12442453170028678,0.967914941903,1.27383711867796,0,0
7593,-0.13364103025936558,0.967720045615,1.27383711867796,0,0
7594,-0.13364103025936558,0.965093777745,1.27383711867796,0,0
7595,-0.12442453170028678,0.969298098268,1.27383711867796,0,0
7596,-0.13364103025936558,0.966665914874,1.27383711867796,0,0
7597,-0.12442453170028678,0.965687829267,1.27383711867796,0,0
7598,-0.13364103025936558,0.965328494782,1.27383711867796,0,0
7599,-0.13364103025936558,0.965506967534,1.27383711867796,0,0
7600,-0.13364103025936558,0.966747226949,1.27383711867796,0,0
7601,-0.13364103025936558,0.961369553023,1.27383711867796,0,0
7602,-0.1428575288184426,0.96146555995,1.27383711867796,0,0
7603,-0.1428575288184426,0.962229472601,1.27383711867796,0,0
7604,-0.1428575288184426,0.96141471588,1.27383711867796,0,0
7605,-0.13364103025936558,0.96038212458,1.27383711867796,0,0
7606,-0.13364103025936558,0.959434389351,1.27383711867796,0,0
7607,-0.13364103025936558,0.966075162517,1.27383711867796,0,0
7608,-0.1428575288184426,0.963205083569,1.27383711867796,0,0
7609,-0.1428575288184426,0.962650924168,1.27383711867796,0,0
7610,-0.1428575288184426,0.963977788391,1.27383711867796,0,0
7611,-0.1520740273775214,0.960991138729,1.27383711867796,0,0
7612,-0.1520740273775214,0.958797104994,1.27383711867796,0,0
7613,-0.13364103025936558,0.960028354584,1.27383711867796,0,0
7614,-0.1520740273775214,0.960937009858,1.27383711867796,0,0
7615,-0.1520740273775214,0.959286046514,1.27383711867796,0,0
7616,-0.1520740273775214,0.958348401649,1.27383711867796,0,0
7617,-0.1520740273775214,0.963091486625,1.27383711867796,0,0
7618,-0.1520740273775214,0.960446730935,1.27383711867796,0,0
7619,-0.1520740273775214,0.961883473432,1.27383711867796,0,0
7620,-0.1428575288184426,0.960179665515,1.27383711867796,0,0
7621,-0.1428575288184426,0.960556349981,1.27383711867796,0,0
7622,-0.1520740273775214,0.961744579562,1.27383711867796,0,0
7623,-0.1428575288184426,0.960857375586,1.27383711867796,0,0
7624,-0.1520740273775214,0.958008484221,1.27383711867796,0,0
7625,-0.1428575288184426,0.960005045034,1.27383711867796,0,0
7626,-0.1428575288184426,0.961958008786,1.27383711867796,0,0
7627,-0.1520740273775214,0.962244251866,1.27383711867796,0,0
7628,-0.1612905259366002,0.958558352209,1.27383711867796,0,0
7629,-0.1428575288184426,0.959185872178,1.27383711867796,0,0
7630,-0.1520740273775214,0.956000686058,1.27383711867796,0,0
7631,-0.1428575288184426,0.95975064925,1.27383711867796,0,0
7632,-0.1428575288184426,0.96157216976,1.27383711867796,0,0
7633,-0.1428575288184426,0.959504051186,1.27383711867796,0,0
7634,-0.12442453170028678,0.960486097819,1.27383711867796,0,0
7635,-0.12442453170028678,0.960109433504,1.27383711867796,0,0
7636,-0.11520803314120975,0.962383079164,1.27383711867796,0,0
7637,-0.11520803314120975,0.959996558626,1.27383711867796,0,0
7638,-0.1059906340057637,0.95977013072,1.27383711867796,0,0
7639,-0.08755763688760787,0.959767106474,1.27383711867796,0,0
7640,-0.08755763688760787,0.963230670244,1.27383711867796,0,0
7641,-0.05990814121037502,0.962355964104,1.27383711867796,0,0
7642,-0.06912463976945205,0.961676100049,1.27383711867796,0,0
7643,-0.06912463976945205,0.962600815133,1.27383711867796,0,0
7644,-0.05990814121037502,0.964544693585,1.27383711867796,0,0
7645,-0.04147514409221742,0.964559477464,1.27383711867796,0,0
7646,-0.04147514409221742,0.963949647581,1.27383711867796,0,0
7647,-0.04147514409221742,0.963281157783,1.27383711867796,0,0
7648,-0.023042146974061595,0.963008858436,1.27383711867796,0,0
7649,-0.032258645533140395,0.962854079151,1.27383711867796,0,0
7650,0.03225774495677136,0.964153646411,1.27383711867796,0,0
7651,-0.023042146974061595,0.961651719664,1.27383711867796,0,0
7652,-0.013824747838615536,0.96715941416,1.27383711867796,0,0
7653,-0.004608249279538512,0.965360433777,1.27383711867796,0,0
7654,-0.004608249279538512,0.963705886687,1.27383711867796,0,0
7655,-0.004608249279538512,0.959750129322,1.27383711867796,0,0
7656,-0.004608249279538512,0.962911785557,1.27383711867796,0,0
7657,0.004608249279538512,0.964162498065,1.27383711867796,0,0
7658,-0.004608249279538512,0.962639639541,1.27383711867796,0,0
7659,-0.004608249279538512,0.959946747745,1.27383711867796,0,0
7660,-0.013824747838615536,0.959707520945,1.27383711867796,0,0
7661,-0.013824747838615536,0.962109162635,1.27383711867796,0,0
7662,-0.023042146974061595,0.963174696036,1.27383711867796,0,0
7663,-0.023042146974061595,0.959703675997,1.27383711867796,0,0
7664,-0.032258645533140395,0.959127840408,1.27383711867796,0,0
7665,-0.032258645533140395,0.962841044241,1.27383711867796,0,0
7666,-0.04147514409221742,0.961654960381,1.27383711867796,0,0
7667,-0.013824747838615536,0.961206235786,1.27383711867796,0,0
7668,-0.04147514409221742,0.957073677107,1.27383711867796,0,0
7669,-0.050691642651298,0.96191661309,1.27383711867796,0,0
7670,-0.050691642651298,0.960297422937,1.27383711867796,0,0
7671,-0.05990814121037502,0.962445084162,1.27383711867796,0,0
7672,-0.05990814121037502,0.962481328355,1.27383711867796,0,0
7673,-0.06912463976945205,0.961014276209,1.27383711867796,0,0
7674,-0.06912463976945205,0.963518587891,1.27383711867796,0,0
7675,-0.05990814121037502,0.962942085036,1.27383711867796,0,0
7676,-0.06912463976945205,0.965306143399,1.27383711867796,0,0
7677,-0.2534564121037466,0.963578353991,1.27383711867796,0,0
7678,-0.06912463976945205,0.96734614854,1.27383711867796,0,0
7679,-0.07834113832853085,0.960260700698,1.27383711867796,0,0
7680,-0.07834113832853085,0.965924083866,1.27383711867796,0,0
7681,-0.08755763688760787,0.961115244973,1.27383711867796,0,0
7682,-0.08755763688760787,0.967693683376,1.27383711867796,0,0
7683,-0.08755763688760787,0.966279271259,1.27383711867796,0,0
7684,-0.08755763688760787,0.969221292921,1.27383711867796,0,0
7685,-0.08755763688760787,0.965783310209,1.27383711867796,0,0
7686,-0.0967741354466849,0.966851090105,1.27383711867796,0,0
7687,-0.0967741354466849,0.959900224513,1.27383711867796,0,0
7688,-0.1059906340057637,0.96453673671,1.27383711867796,0,0
7689,-0.1059906340057637,0.962739836227,1.27383711867796,0,0
7690,-0.1059906340057637,0.962812863283,1.27383711867796,0,0
7691,-0.1059906340057637,0.965367130816,1.27383711867796,0,0
7692,-0.0967741354466849,0.962500661267,1.27383711867796,0,0
7693,-0.1059906340057637,0.96990913553,1.27383711867796,0,0
7694,-0.1059906340057637,0.95786084217,1.27383711867796,0,0
7695,-0.1059906340057637,0.970424088885,1.27383711867796,0,0
7696,-0.11520803314120975,0.96173742676,1.27383711867796,0,0
7697,-0.11520803314120975,0.966240750229,1.27383711867796,0,0
7698,-0.11520803314120975,0.960347871768,1.27383711867796,0,0
7699,-0.1059906340057637,0.962354400812,1.27383711867796,0,0
7700,-0.11520803314120975,0.963768881785,1.27383711867796,0,0
7701,-0.11520803314120975,0.966892582837,1.27383711867796,0,0
7702,-0.11520803314120975,0.967815359597,1.27383711867796,0,0
7703,-0.12442453170028678,0.964552311275,1.27383711867796,0,0
7704,-0.12442453170028678,0.965166782877,1.27383711867796,0,0
7705,-0.12442453170028678,0.965607968164,1.27383711867796,0,0
7706,-0.11520803314120975,0.968386182609,1.27383711867796,0,0
7707,-0.12442453170028678,0.96410417814,1.27383711867796,0,0
7708,-0.12442453170028678,0.972175529353,1.27383711867796,0,0
7709,-0.12442453170028678,0.968550814486,1.27383711867796,0,0
7710,-0.12442453170028678,0.97242976703,1.27383711867796,0,0
7711,-0.12442453170028678,0.965330062395,1.27383711867796,0,0
7712,-0.13364103025936558,0.968526127262,1.27383711867796,0,0
7713,-0.13364103025936558,0.965776503643,1.27383711867796,0,0
7714,-0.13364103025936558,0.965941224462,1.27383711867796,0,0
7715,-0.13364103025936558,0.970718770432,1.27383711867796,0,0
7716,-0.12442453170028678,0.972730855597,1.27383711867796,0,0
7717,-0.13364103025936558,0.970620302653,1.27383711867796,0,0
7718,-0.13364103025936558,0.966353104299,1.27383711867796,0,0
7719,-0.13364103025936558,0.973430291069,1.27383711867796,0,0
7720,-0.13364103025936558,0.968210562533,1.27383711867796,0,0
7721,-0.13364103025936558,0.968436210816,1.27383711867796,0,0
7722,-0.13364103025936558,0.967070948171,1.27383711867796,0,0
7723,-0.13364103025936558,0.96978308959,1.27383711867796,0,0
7724,-0.13364103025936558,0.965474422491,1.27383711867796,0,0
7725,-0.13364103025936558,0.965662881667,1.27383711867796,0,0
7726,-0.13364103025936558,0.970273452962,1.27383711867796,0,0
7727,-0.13364103025936558,0.966055937253,1.27383711867796,0,0
7728,-0.1428575288184426,0.973583938003,1.27383711867796,0,0
7729,-0.1428575288184426,0.963165659016,1.27383711867796,0,0
7730,-0.1520740273775214,0.969940405396,1.27383711867796,0,0
7731,-0.13364103025936558,0.962884651452,1.27383711867796,0,0
7732,-0.13364103025936558,0.968121367978,1.27383711867796,0,0
7733,-0.13364103025936558,0.963215815744,1.27383711867796,0,0
7734,-0.13364103025936558,0.963703539044,1.27383711867796,0,0
7735,-0.13364103025936558,0.962261773721,1.27383711867796,0,0
7736,-0.1428575288184426,0.960221407139,1.27383711867796,0,0
7737,-0.1428575288184426,0.961657232221,1.27383711867796,0,0
7738,-0.1428575288184426,0.962539668724,1.27383711867796,0,0
7739,-0.13364103025936558,0.961858094917,1.27383711867796,0,0
7740,-0.1428575288184426,0.960284256092,1.27383711867796,0,0
7741,-0.1428575288184426,0.958788186897,1.27383711867796,0,0
7742,-0.13364103025936558,0.959046845843,1.27383711867796,0,0
7743,-0.1428575288184426,0.957453991453,1.27383711867796,0,0
7744,-0.1428575288184426,0.961650889605,1.27383711867796,0,0
7745,-0.1428575288184426,0.960915316746,1.27383711867796,0,0
7746,-0.1520740273775214,0.962873290803,1.27383711867796,0,0
7747,-0.1428575288184426,0.961223900301,1.27383711867796,0,0
7748,-0.12442453170028678,0.960338317389,1.27383711867796,0,0
7749,-0.1428575288184426,0.959376587106,1.27383711867796,0,0
7750,-0.1428575288184426,0.959082323798,1.27383711867796,0,0
7751,-0.1428575288184426,0.959493971499,1.27383711867796,0,0
7752,-0.1520740273775214,0.959690299178,1.27383711867796,0,0
7753,-0.1520740273775214,0.957696772572,1.27383711867796,0,0
7754,-0.1428575288184426,0.959629052287,1.27383711867796,0,0
7755,-0.1428575288184426,0.959496450393,1.27383711867796,0,0
7756,-0.1428575288184426,0.955949585889,1.27383711867796,0,0
7757,-0.1428575288184426,0.957901374,1.27383711867796,0,0
7758,-0.1520740273775214,0.957671577861,1.27383711867796,0,0
7759,-0.1428575288184426,0.959972153814,1.27383711867796,0,0
7760,-0.1520740273775214,0.958074908673,1.27383711867796,0,0
7761,-0.1428575288184426,0.962818042176,1.27383711867796,0,0
7762,-0.1428575288184426,0.958225676535,1.27383711867796,0,0
7763,-0.1612905259366002,0.957334021443,1.27383711867796,0,0
7764,-0.20737391930835614,0.955215298664,1.27383711867796,0,0
7765,-0.1520740273775214,0.957066545576,1.27383711867796,0,0
7766,-0.1428575288184426,0.957506442375,1.27383711867796,0,0
7767,-0.1428575288184426,0.95810147321,1.27383711867796,0,0
7768,-0.1428575288184426,0.958412507261,1.27383711867796,0,0
7769,-0.1520740273775214,0.958148579835,1.27383711867796,0,0
7770,-0.1520740273775214,0.958277687375,1.27383711867796,0,0
7771,-0.1520740273775214,0.956160705764,1.27383711867796,0,0
7772,-0.1428575288184426,0.959747231789,1.27383711867796,0,0
7773,-0.1520740273775214,0.9588889841,1.27383711867796,0,0
7774,-0.1428575288184426,0.961331915492,1.27383711867796,0,0
7775,-0.1520740273775214,0.954230852641,1.27383711867796,0,0
7776,-0.1428575288184426,0.957508222426,1.27383711867796,0,0
7777,-0.1612905259366002,0.955947108323,1.27383711867796,0,0
7778,-0.1520740273775214,0.956804087564,1.27383711867796,0,0
7779,-0.1520740273775214,0.956852276477,1.27383711867796,0,0
7780,-0.1428575288184426,0.957239357002,1.27383711867796,0,0
7781,-0.1428575288184426,0.956640221239,1.27383711867796,0,0
7782,-0.1428575288184426,0.958613571835,1.27383711867796,0,0
7783,-0.13364103025936558,0.961930187337,1.27383711867796,0,0
7784,-0.13364103025936558,0.9588583238,1.27383711867796,0,0
7785,-0.12442453170028678,0.960004340715,1.27383711867796,0,0
7786,-0.1059906340057637,0.956866283134,1.27383711867796,0,0
7787,-0.12442453170028678,0.959982259117,1.27383711867796,0,0
7788,-0.0967741354466849,0.961527619015,1.27383711867796,0,0
7789,-0.08755763688760787,0.96119173937,1.27383711867796,0,0
7790,-0.07834113832853085,0.959365442867,1.27383711867796,0,0
7791,-0.07834113832853085,0.959150085874,1.27383711867796,0,0
7792,-0.07834113832853085,0.960907678517,1.27383711867796,0,0
7793,-0.06912463976945205,0.96678897979,1.27383711867796,0,0
7794,-0.06912463976945205,0.963418574085,1.27383711867796,0,0
7795,-0.050691642651298,0.963820902663,1.27383711867796,0,0
7796,-0.032258645533140395,0.963567541367,1.27383711867796,0,0
7797,-0.04147514409221742,0.962685541095,1.27383711867796,0,0
7798,-0.04147514409221742,0.96246042357,1.27383711867796,0,0
7799,-0.032258645533140395,0.960589134993,1.27383711867796,0,0
7800,-0.032258645533140395,0.965413599443,1.27383711867796,0,0
7801,-0.032258645533140395,0.965112853426,1.27383711867796,0,0
7802,-0.013824747838615536,0.964598914191,1.27383711867796,0,0
7803,-0.023042146974061595,0.961628332056,1.27383711867796,0,0
7804,-0.004608249279538512,0.962835622686,1.27383711867796,0,0
7805,-0.013824747838615536,0.963703339437,1.27383711867796,0,0
7806,-0.004608249279538512,0.963465873456,1.27383711867796,0,0
7807,-0.004608249279538512,0.967844238514,1.27383711867796,0,0
7808,0.004608249279538512,0.965886224235,1.27383711867796,0,0
7809,-0.004608249279538512,0.959941867449,1.27383711867796,0,0
7810,-0.013824747838615536,0.964046547532,1.27383711867796,0,0
7811,-0.013824747838615536,0.964756277181,1.27383711867796,0,0
7812,-0.023042146974061595,0.963146463534,1.27383711867796,0,0
7813,-0.023042146974061595,0.962822587883,1.27383711867796,0,0
7814,-0.023042146974061595,0.959392255785,1.27383711867796,0,0
7815,-0.04147514409221742,0.964510193676,1.27383711867796,0,0
7816,-0.032258645533140395,0.962790206006,1.27383711867796,0,0
7817,-0.04147514409221742,0.961620552236,1.27383711867796,0,0
7818,-0.04147514409221742,0.95978158057,1.27383711867796,0,0
7819,-0.050691642651298,0.960205019287,1.27383711867796,0,0
7820,-0.05990814121037502,0.961874302151,1.27383711867796,0,0
7821,-0.05990814121037502,0.963174707951,1.27383711867796,0,0
7822,-0.05990814121037502,0.954779925195,1.27383711867796,0,0
7823,-0.05990814121037502,0.959952825974,1.27383711867796,0,0
7824,-0.05990814121037502,0.961654380899,1.27383711867796,0,0
7825,-0.07834113832853085,0.958394208674,1.27383711867796,0,0
7826,-0.06912463976945205,0.961855058416,1.27383711867796,0,0
7827,-0.07834113832853085,0.960717961556,1.27383711867796,0,0
7828,-0.07834113832853085,0.957704859209,1.27383711867796,0,0
7829,-0.07834113832853085,0.958601452596,1.27383711867796,0,0
7830,-0.07834113832853085,0.965369119312,1.27383711867796,0,0
7831,-0.08755763688760787,0.961021614478,1.27383711867796,0,0
7832,-0.08755763688760787,0.962463362044,1.27383711867796,0,0
7833,-0.08755763688760787,0.96257137553,1.27383711867796,0,0
7834,-0.08755763688760787,0.961122011026,1.27383711867796,0,0
7835,-0.0967741354466849,0.961065199917,1.27383711867796,0,0
7836,-0.04147514409221742,0.964711580999,1.27383711867796,0,0
7837,-0.0967741354466849,0.957096422627,1.27383711867796,0,0
7838,-0.1059906340057637,0.964844306162,1.27383711867796,0,0
7839,-0.1059906340057637,0.960293978901,1.27383711867796,0,0
7840,-0.1059906340057637,0.965041315622,1.27383711867796,0,0
7841,-0.1059906340057637,0.958178526505,1.27383711867796,0,0
7842,-0.1059906340057637,0.960138501309,1.27383711867796,0,0
7843,-0.1059906340057637,0.962406106901,1.27383711867796,0,0
7844,-0.1059906340057637,0.959730826789,1.27383711867796,0,0
7845,-0.1059906340057637,0.957812345573,1.27383711867796,0,0
7846,-0.11520803314120975,0.957869562473,1.27383711867796,0,0
7847,-0.1059906340057637,0.958968171899,1.27383711867796,0,0
7848,-0.11520803314120975,0.961308309025,1.27383711867796,0,0
7849,-0.11520803314120975,0.961578011929,1.27383711867796,0,0
7850,-0.11520803314120975,0.959408410773,1.27383711867796,0,0
7851,-0.11520803314120975,0.962129943563,1.27383711867796,0,0
7852,-0.11520803314120975,0.962090595767,1.27383711867796,0,0
7853,-0.11520803314120975,0.962993003472,1.27383711867796,0,0
7854,-0.1059906340057637,0.96056124704,1.27383711867796,0,0
7855,-0.11520803314120975,0.963427799011,1.27383711867796,0,0
7856,-0.11520803314120975,0.964480837202,1.27383711867796,0,0
7857,-0.12442453170028678,0.967602870943,1.27383711867796,0,0
7858,-0.12442453170028678,0.967685221394,1.27383711867796,0,0
7859,-0.11520803314120975,0.966454232159,1.27383711867796,0,0
7860,-0.12442453170028678,0.967394705255,1.27383711867796,0,0
7861,-0.12442453170028678,0.968760793319,1.27383711867796,0,0
7862,-0.17972352305475425,0.967683018735,1.27383711867796,0,0
7863,-0.12442453170028678,0.965461564829,1.27383711867796,0,0
7864,-0.11520803314120975,0.963120370814,1.27383711867796,0,0
7865,-0.12442453170028678,0.962102321649,1.27383711867796,0,0
7866,-0.13364103025936558,0.965403203664,1.27383711867796,0,0
7867,-0.12442453170028678,0.96750281797,1.27383711867796,0,0
7868,-0.13364103025936558,0.968457448188,1.27383711867796,0,0
7869,-0.13364103025936558,0.97158281072,1.27383711867796,0,0
7870,-0.12442453170028678,0.968937278572,1.27383711867796,0,0
7871,-0.13364103025936558,0.969226788418,1.27383711867796,0,0
7872,-0.13364103025936558,0.968382025003,1.27383711867796,0,0
7873,-0.13364103025936558,0.966670219817,1.27383711867796,0,0
7874,-0.12442453170028678,0.966064531576,1.27383711867796,0,0
7875,-0.13364103025936558,0.965054764459,1.27383711867796,0,0
7876,-0.13364103025936558,0.966803132938,1.27383711867796,0,0
7877,-0.13364103025936558,0.968059670494,1.27383711867796,0,0
7878,-0.18894002161383305,0.962887896994,1.27383711867796,0,0
7879,-0.12442453170028678,0.96395426325,1.27383711867796,0,0
7880,-0.13364103025936558,0.964541722268,1.27383711867796,0,0
7881,-0.1428575288184426,0.964557859204,1.27383711867796,0,0
7882,-0.1428575288184426,0.962624846084,1.27383711867796,0,0
7883,-0.13364103025936558,0.961034793132,1.27383711867796,0,0
7884,-0.11520803314120975,0.961951066715,1.27383711867796,0,0
7885,-0.1428575288184426,0.960874009021,1.27383711867796,0,0
7886,-0.13364103025936558,0.966852791709,1.27383711867796,0,0
7887,-0.1520740273775214,0.962533429055,1.27383711867796,0,0
7888,-0.1428575288184426,0.960390414646,1.27383711867796,0,0
7889,-0.1428575288184426,0.96247477698,1.27383711867796,0,0
7890,-0.1428575288184426,0.960331412195,1.27383711867796,0,0
7891,-0.1428575288184426,0.964084771068,1.27383711867796,0,0
7892,-0.1428575288184426,0.9574090447,1.27383711867796,0,0
7893,-0.1428575288184426,0.960196284568,1.27383711867796,0,0
7894,-0.1428575288184426,0.959454376456,1.27383711867796,0,0
7895,-0.1428575288184426,0.960431545186,1.27383711867796,0,0
7896,-0.1428575288184426,0.965285262702,1.27383711867796,0,0
7897,-0.1520740273775214,0.958767566268,1.27383711867796,0,0
7898,-0.1428575288184426,0.962526350122,1.27383711867796,0,0
7899,-0.1520740273775214,0.960729660034,1.27383711867796,0,0
7900,-0.1428575288184426,0.961909591757,1.27383711867796,0,0
7901,-0.1428575288184426,0.958926422657,1.27383711867796,0,0
7902,-0.1428575288184426,0.9575208073,1.27383711867796,0,0
7903,-0.1520740273775214,0.956466365441,1.27383711867796,0,0
7904,-0.1520740273775214,0.955651127696,1.27383711867796,0,0
7905,-0.1520740273775214,0.956813461311,1.27383711867796,0,0
7906,-0.1520740273775214,0.956233102608,1.27383711867796,0,0
7907,-0.1428575288184426,0.955681204116,1.27383711867796,0,0
7908,-0.1428575288184426,0.961340503188,1.27383711867796,0,0
7909,-0.1520740273775214,0.961171517126,1.27383711867796,0,0
7910,-0.1520740273775214,0.961042905932,1.27383711867796,0,0
7911,-0.1520740273775214,0.960000860239,1.27383711867796,0,0
7912,-0.1520740273775214,0.956610265323,1.27383711867796,0,0
7913,-0.1520740273775214,0.959607809072,1.27383711867796,0,0
7914,-0.1612905259366002,0.960244686421,1.27383711867796,0,0
7915,-0.1428575288184426,0.955717820731,1.27383711867796,0,0
7916,-0.1520740273775214,0.960347930735,1.27383711867796,0,0
7917,-0.1520740273775214,0.956216867646,1.27383711867796,0,0
7918,-0.1520740273775214,0.961199767733,1.27383711867796,0,0
7919,-0.1520740273775214,0.957868200946,1.27383711867796,0,0
7920,-0.1520740273775214,0.957491992516,1.27383711867796,0,0
7921,-0.1520740273775214,0.955950003859,1.27383711867796,0,0
7922,-0.1520740273775214,0.956928539982,1.27383711867796,0,0
7923,-0.13364103025936558,0.956462378477,1.27383711867796,0,0
7924,-0.13364103025936558,0.955828016751,1.27383711867796,0,0
7925,-0.11520803314120975,0.961529567324,1.27383711867796,0,0
7926,-0.11520803314120975,0.959556508612,1.27383711867796,0,0
7927,-0.11520803314120975,0.960677504363,1.27383711867796,0,0
7928,-0.0967741354466849,0.961743992038,1.27383711867796,0,0
7929,-0.0967741354466849,0.962516404732,1.27383711867796,0,0
7930,-0.08755763688760787,0.962733197755,1.27383711867796,0,0
7931,-0.08755763688760787,0.961784760216,1.27383711867796,0,0
7932,-0.07834113832853085,0.960470264944,1.27383711867796,0,0
7933,-0.06912463976945205,0.960719440618,1.27383711867796,0,0
7934,-0.050691642651298,0.96668950373,1.27383711867796,0,0
7935,-0.050691642651298,0.962509174749,1.27383711867796,0,0
7936,0.004608249279538512,0.967823556681,1.27383711867796,0,0
7937,-0.050691642651298,0.963659440241,1.27383711867796,0,0
7938,-0.032258645533140395,0.96389890155,1.27383711867796,0,0
7939,-0.032258645533140395,0.962894707742,1.27383711867796,0,0
7940,-0.023042146974061595,0.965566831356,1.27383711867796,0,0
7941,-0.023042146974061595,0.961833450494,1.27383711867796,0,0
7942,-0.023042146974061595,0.965021595561,1.27383711867796,0,0
7943,-0.013824747838615536,0.963641826822,1.27383711867796,0,0
7944,-0.013824747838615536,0.960089501909,1.27383711867796,0,0
7945,-0.004608249279538512,0.959780294783,1.27383711867796,0,0
7946,-0.004608249279538512,0.964644815976,1.27383711867796,0,0
7947,-0.004608249279538512,0.96082449089,1.27383711867796,0,0
7948,0.004608249279538512,0.960473159581,1.27383711867796,0,0
7949,-0.004608249279538512,0.961975662394,1.27383711867796,0,0
7950,-0.004608249279538512,0.957732811648,1.27383711867796,0,0
7951,-0.013824747838615536,0.962806143231,1.27383711867796,0,0
7952,-0.023042146974061595,0.960998083867,1.27383711867796,0,0
7953,-0.032258645533140395,0.961068525089,1.27383711867796,0,0
7954,-0.032258645533140395,0.957381509911,1.27383711867796,0,0
7955,-0.032258645533140395,0.961361705595,1.27383711867796,0,0
7956,-0.032258645533140395,0.960170914363,1.27383711867796,0,0
7957,-0.04147514409221742,0.958102902987,1.27383711867796,0,0
7958,-0.050691642651298,0.962482924386,1.27383711867796,0,0
7959,-0.04147514409221742,0.958652915725,1.27383711867796,0,0
7960,-0.050691642651298,0.965824214127,1.27383711867796,0,0
7961,-0.050691642651298,0.963928978532,1.27383711867796,0,0
7962,-0.050691642651298,0.964233871554,1.27383711867796,0,0
7963,-0.06912463976945205,0.958864486848,1.27383711867796,0,0
7964,-0.05990814121037502,0.962128279643,1.27383711867796,0,0
7965,-0.06912463976945205,0.958587416259,1.27383711867796,0,0
7966,-0.06912463976945205,0.960579975964,1.27383711867796,0,0
7967,-0.06912463976945205,0.961351630496,1.27383711867796,0,0
7968,-0.06912463976945205,0.959447455675,1.27383711867796,0,0
7969,-0.07834113832853085,0.962311271943,1.27383711867796,0,0
7970,-0.08755763688760787,0.963809620566,1.27383711867796,0,0
7971,-0.1520740273775214,0.96437373645,1.27383711867796,0,0
7972,-0.08755763688760787,0.958960319385,1.27383711867796,0,0
7973,-0.08755763688760787,0.961605889697,1.27383711867796,0,0
7974,-0.0967741354466849,0.96139947894,1.27383711867796,0,0
7975,-0.0967741354466849,0.964336522126,1.27383711867796,0,0
7976,-0.1059906340057637,0.960625926411,1.27383711867796,0,0
7977,-0.0967741354466849,0.963334689672,1.27383711867796,0,0
7978,-0.1059906340057637,0.955790068786,1.27383711867796,0,0
7979,-0.1059906340057637,0.960640855524,1.27383711867796,0,0
7980,-0.1059906340057637,0.960989088334,1.27383711867796,0,0
7981,-0.0967741354466849,0.96304586227,1.27383711867796,0,0
7982,-0.1059906340057637,0.958044525808,1.27383711867796,0,0
7983,-0.11520803314120975,0.959841616123,1.27383711867796,0,0
7984,-0.1059906340057637,0.959483003616,1.27383711867796,0,0
7985,-0.1059906340057637,0.960542871615,1.27383711867796,0,0
7986,-0.1059906340057637,0.960292852328,1.27383711867796,0,0
7987,-0.1059906340057637,0.957901773475,1.27383711867796,0,0
7988,-0.1059906340057637,0.959947266887,1.27383711867796,0,0
7989,-0.1059906340057637,0.967449560783,1.27383711867796,0,0
7990,-0.11520803314120975,0.962909406995,1.27383711867796,0,0
7991,-0.11520803314120975,0.963090576885,1.27383711867796,0,0
7992,-0.11520803314120975,0.96137617426,1.27383711867796,0,0
7993,-0.12442453170028678,0.965437313123,1.27383711867796,0,0
7994,-0.11520803314120975,0.967304726478,1.27383711867796,0,0
7995,-0.12442453170028678,0.965160945686,1.27383711867796,0,0
7996,-0.12442453170028678,0.964977199061,1.27383711867796,0,0
7997,-0.11520803314120975,0.962867941292,1.27383711867796,0,0
7998,-0.12442453170028678,0.9647784135,1.27383711867796,0,0
7999,-0.1059906340057637,0.967631605626,1.27383711867796,0,0
8000,-0.12442453170028678,0.967564532632,1.27383711867796,0,0
8001,-0.13364103025936558,0.9680122198,1.27383711867796,0,0
8002,-0.12442453170028678,0.966320790261,1.27383711867796,0,0
8003,-0.13364103025936558,0.96742125766,1.27383711867796,0,0
8004,-0.12442453170028678,0.965464770113,1.27383711867796,0,0
8005,-0.13364103025936558,0.962644182543,1.27383711867796,0,0
8006,-0.13364103025936558,0.964450061366,1.27383711867796,0,0
8007,-0.12442453170028678,0.963563182179,1.27383711867796,0,0
8008,-0.13364103025936558,0.964301844899,1.27383711867796,0,0
8009,-0.13364103025936558,0.969927313972,1.27383711867796,0,0
8010,-0.13364103025936558,0.968138877445,1.27383711867796,0,0
8011,-0.13364103025936558,0.96681280603,1.27383711867796,0,0
8012,-0.1428575288184426,0.965038577027,1.27383711867796,0,0
8013,-0.12442453170028678,0.965513404502,1.27383711867796,0,0
8014,-0.13364103025936558,0.964591753857,1.27383711867796,0,0
8015,-0.13364103025936558,0.964673547088,1.27383711867796,0,0
8016,-0.13364103025936558,0.963819782043,1.27383711867796,0,0
8017,-0.13364103025936558,0.965479857657,1.27383711867796,0,0
8018,-0.13364103025936558,0.962329378759,1.27383711867796,0,0
8019,-0.1428575288184426,0.964062501351,1.27383711867796,0,0
8020,-0.12442453170028678,0.967609865335,1.27383711867796,0,0
8021,-0.13364103025936558,0.963070578893,1.27383711867796,0,0
8022,-0.1428575288184426,0.966892984149,1.27383711867796,0,0
8023,-0.1428575288184426,0.962171825076,1.27383711867796,0,0
8024,-0.13364103025936558,0.963080044864,1.27383711867796,0,0
8025,-0.1428575288184426,0.96071189779,1.27383711867796,0,0
8026,-0.13364103025936558,0.964472391979,1.27383711867796,0,0
8027,-0.13364103025936558,0.961900830514,1.27383711867796,0,0
8028,-0.1428575288184426,0.96185237911,1.27383711867796,0,0
8029,-0.1428575288184426,0.959825707895,1.27383711867796,0,0
8030,-0.1428575288184426,0.961410106018,1.27383711867796,0,0
8031,-0.1428575288184426,0.958963889362,1.27383711867796,0,0
8032,-0.1428575288184426,0.96075953819,1.27383711867796,0,0
8033,-0.1428575288184426,0.959702885315,1.27383711867796,0,0
8034,-0.1428575288184426,0.958726438793,1.27383711867796,0,0
8035,-0.1428575288184426,0.961082110686,1.27383711867796,0,0
8036,-0.1428575288184426,0.95766203266,1.27383711867796,0,0
8037,-0.13364103025936558,0.959121733778,1.27383711867796,0,0
8038,-0.1428575288184426,0.958409890753,1.27383711867796,0,0
8039,-0.1520740273775214,0.960551849215,1.27383711867796,0,0
8040,-0.1428575288184426,0.958569871418,1.27383711867796,0,0
8041,-0.1428575288184426,0.958216174267,1.27383711867796,0,0
8042,-0.1520740273775214,0.959378052133,1.27383711867796,0,0
8043,-0.13364103025936558,0.961855142937,1.27383711867796,0,0
8044,-0.1520740273775214,0.960606358146,1.27383711867796,0,0
8045,-0.1520740273775214,0.958339262827,1.27383711867796,0,0
8046,-0.1520740273775214,0.957683894089,1.27383711867796,0,0
8047,-0.1520740273775214,0.95983711541,1.27383711867796,0,0
8048,-0.1612905259366002,0.957570705112,1.27383711867796,0,0
8049,-0.1520740273775214,0.958435428937,1.27383711867796,0,0
8050,-0.1428575288184426,0.957911416053,1.27383711867796,0,0
8051,-0.1520740273775214,0.956910464102,1.27383711867796,0,0
8052,-0.1520740273775214,0.960061843937,1.27383711867796,0,0
8053,-0.1520740273775214,0.954839942551,1.27383711867796,0,0
8054,-0.1520740273775214,0.95851884754,1.27383711867796,0,0
8055,-0.1520740273775214,0.955431349787,1.27383711867796,0,0
8056,-0.1520740273775214,0.956530659266,1.27383711867796,0,0
8057,-0.1520740273775214,0.960547735272,1.27383711867796,0,0
8058,-0.1612905259366002,0.958212402313,1.27383711867796,0,0
8059,-0.1520740273775214,0.958156846481,1.27383711867796,0,0
8060,-0.1520740273775214,0.955953403992,1.27383711867796,0,0
8061,-0.1520740273775214,0.959155778297,1.27383711867796,0,0
8062,-0.21659041786743494,0.956041629068,1.27383711867796,0,0
8063,-0.1612905259366002,0.958026224557,1.27383711867796,0,0
8064,-0.1520740273775214,0.957093078579,1.27383711867796,0,0
8065,-0.1520740273775214,0.95378558423,1.27383711867796,0,0
8066,-0.1520740273775214,0.958614155445,1.27383711867796,0,0
8067,-0.1520740273775214,0.958890837986,1.27383711867796,0,0
8068,-0.1520740273775214,0.96005851179,1.27383711867796,0,0
8069,-0.1520740273775214,0.955003934211,1.27383711867796,0,0
8070,-0.13364103025936558,0.958422124449,1.27383711867796,0,0
8071,-0.13364103025936558,0.960107355639,1.27383711867796,0,0
8072,-0.13364103025936558,0.959189803806,1.27383711867796,0,0
8073,-0.12442453170028678,0.956897469466,1.27383711867796,0,0
8074,-0.11520803314120975,0.958322736037,1.27383711867796,0,0
8075,-0.1059906340057637,0.959667330956,1.27383711867796,0,0
8076,-0.0967741354466849,0.960304612709,1.27383711867796,0,0
8077,-0.08755763688760787,0.961352635029,1.27383711867796,0,0
8078,-0.07834113832853085,0.963345946322,1.27383711867796,0,0
8079,-0.07834113832853085,0.961701550678,1.27383711867796,0,0
8080,-0.06912463976945205,0.966156808324,1.27383711867796,0,0
8081,-0.05990814121037502,0.96340187763,1.27383711867796,0,0
8082,-0.05990814121037502,0.964312204714,1.27383711867796,0,0
8083,-0.04147514409221742,0.963295132992,1.27383711867796,0,0
8084,-0.04147514409221742,0.961280132933,1.27383711867796,0,0
8085,-0.04147514409221742,0.965146135546,1.27383711867796,0,0
8086,-0.032258645533140395,0.964002285107,1.27383711867796,0,0
8087,0.023041246397694337,0.966575432237,1.27383711867796,0,0
8088,-0.023042146974061595,0.963717899176,1.27383711867796,0,0
8089,-0.013824747838615536,0.96255139656,1.27383711867796,0,0
8090,-0.023042146974061595,0.964899615914,1.27383711867796,0,0
8091,-0.013824747838615536,0.966632748309,1.27383711867796,0,0
8092,-0.013824747838615536,0.959434513103,1.27383711867796,0,0
8093,-0.004608249279538512,0.963405743232,1.27383711867796,0,0
8094,-0.004608249279538512,0.961861712523,1.27383711867796,0,0
8095,0.004608249279538512,0.964474284631,1.27383711867796,0,0
8096,0.004608249279538512,0.962627085814,1.27383711867796,0,0
8097,0.004608249279538512,0.960243194973,1.27383711867796,0,0
8098,-0.004608249279538512,0.961512807735,1.27383711867796,0,0
8099,-0.013824747838615536,0.960732500146,1.27383711867796,0,0
8100,-0.013824747838615536,0.964712743988,1.27383711867796,0,0
8101,-0.023042146974061595,0.962504014199,1.27383711867796,0,0
8102,-0.032258645533140395,0.964199743638,1.27383711867796,0,0
8103,-0.032258645533140395,0.958481995179,1.27383711867796,0,0
8104,-0.04147514409221742,0.961648079858,1.27383711867796,0,0
8105,-0.04147514409221742,0.960809238381,1.27383711867796,0,0
8106,-0.050691642651298,0.960244824727,1.27383711867796,0,0
8107,-0.04147514409221742,0.958276183647,1.27383711867796,0,0
8108,-0.050691642651298,0.964584841451,1.27383711867796,0,0
8109,-0.050691642651298,0.961464746881,1.27383711867796,0,0
8110,-0.06912463976945205,0.960394686878,1.27383711867796,0,0
8111,-0.05990814121037502,0.961350116107,1.27383711867796,0,0
8112,-0.06912463976945205,0.961966987116,1.27383711867796,0,0
8113,-0.06912463976945205,0.964362899818,1.27383711867796,0,0
8114,-0.050691642651298,0.960960992864,1.27383711867796,0,0
8115,-0.07834113832853085,0.963344642811,1.27383711867796,0,0
8116,-0.07834113832853085,0.95979412956,1.27383711867796,0,0
8117,-0.07834113832853085,0.961955804626,1.27383711867796,0,0
8118,-0.07834113832853085,0.963051731299,1.27383711867796,0,0
8119,-0.07834113832853085,0.964106801516,1.27383711867796,0,0
8120,-0.08755763688760787,0.963252891507,1.27383711867796,0,0
8121,-0.07834113832853085,0.964491821175,1.27383711867796,0,0
8122,-0.08755763688760787,0.962557326814,1.27383711867796,0,0
8123,-0.08755763688760787,0.961892023429,1.27383711867796,0,0
8124,-0.1428575288184426,0.960792228807,1.27383711867796,0,0
8125,-0.0967741354466849,0.959488564938,1.27383711867796,0,0
8126,-0.0967741354466849,0.956791005613,1.27383711867796,0,0
8127,-0.1059906340057637,0.958080846463,1.27383711867796,0,0
8128,-0.1059906340057637,0.958619328293,1.27383711867796,0,0
8129,-0.0967741354466849,0.956195622616,1.27383711867796,0,0
8130,-0.0967741354466849,0.958295430531,1.27383711867796,0,0
8131,-0.1059906340057637,0.957561148539,1.27383711867796,0,0
8132,-0.1059906340057637,0.960881655399,1.27383711867796,0,0
8133,-0.11520803314120975,0.963448836594,1.27383711867796,0,0
8134,-0.11520803314120975,0.958630940365,1.27383711867796,0,0
8135,-0.11520803314120975,0.959816126057,1.27383711867796,0,0
8136,-0.11520803314120975,0.958154285418,1.27383711867796,0,0
8137,-0.11520803314120975,0.961412676866,1.27383711867796,0,0
8138,-0.11520803314120975,0.958691323773,1.27383711867796,0,0
8139,-0.1059906340057637,0.962287847689,1.27383711867796,0,0
8140,-0.11520803314120975,0.96448814565,1.27383711867796,0,0
8141,-0.12442453170028678,0.965735151987,1.27383711867796,0,0
8142,-0.12442453170028678,0.967099722238,1.27383711867796,0,0
8143,-0.12442453170028678,0.962695390339,1.27383711867796,0,0
8144,-0.12442453170028678,0.966638563195,1.27383711867796,0,0
8145,-0.12442453170028678,0.965148167912,1.27383711867796,0,0
8146,-0.13364103025936558,0.961814270304,1.27383711867796,0,0
8147,-0.12442453170028678,0.967604691249,1.27383711867796,0,0
8148,-0.13364103025936558,0.96631881834,1.27383711867796,0,0
8149,-0.13364103025936558,0.963756138597,1.27383711867796,0,0
8150,-0.11520803314120975,0.968798936991,1.27383711867796,0,0
8151,-0.12442453170028678,0.967207946559,1.27383711867796,0,0
8152,-0.12442453170028678,0.966704854819,1.27383711867796,0,0
8153,-0.13364103025936558,0.96622212041,1.27383711867796,0,0
8154,-0.13364103025936558,0.966699578537,1.27383711867796,0,0
8155,-0.13364103025936558,0.968943484586,1.27383711867796,0,0
8156,-0.13364103025936558,0.971202822101,1.27383711867796,0,0
8157,-0.12442453170028678,0.970117300073,1.27383711867796,0,0
8158,-0.13364103025936558,0.967727538041,1.27383711867796,0,0
8159,-0.13364103025936558,0.969084903842,1.27383711867796,0,0
8160,-0.13364103025936558,0.967520402665,1.27383711867796,0,0
8161,-0.1428575288184426,0.968087077012,1.27383711867796,0,0
8162,-0.13364103025936558,0.964163067908,1.27383711867796,0,0
8163,-0.13364103025936558,0.965431962722,1.27383711867796,0,0
8164,-0.12442453170028678,0.965977913672,1.27383711867796,0,0
8165,-0.1428575288184426,0.964180514509,1.27383711867796,0,0
8166,-0.1428575288184426,0.966030664191,1.27383711867796,0,0
8167,-0.1428575288184426,0.96368225376,1.27383711867796,0,0
8168,-0.1428575288184426,0.962699007941,1.27383711867796,0,0
8169,-0.13364103025936558,0.95877967327,1.27383711867796,0,0
8170,-0.13364103025936558,0.962508567957,1.27383711867796,0,0
8171,-0.1428575288184426,0.963090481631,1.27383711867796,0,0
8172,-0.1428575288184426,0.964119575541,1.27383711867796,0,0
8173,-0.1428575288184426,0.960357149368,1.27383711867796,0,0
8174,-0.1520740273775214,0.960562642447,1.27383711867796,0,0
8175,-0.1428575288184426,0.962339518544,1.27383711867796,0,0
8176,-0.1520740273775214,0.961037207787,1.27383711867796,0,0
8177,-0.23502341498558899,0.954930519277,1.27383711867796,0,0
8178,-0.1612905259366002,0.961125860306,1.27383711867796,0,0
8179,-0.1428575288184426,0.959598075851,1.27383711867796,0,0
8180,-0.1428575288184426,0.961227834911,1.27383711867796,0,0
8181,-0.1520740273775214,0.959258502456,1.27383711867796,0,0
8182,-0.1428575288184426,0.961762137362,1.27383711867796,0,0
8183,-0.1428575288184426,0.962703221383,1.27383711867796,0,0
8184,-0.1520740273775214,0.9612330856,1.27383711867796,0,0
8185,-0.13364103025936558,0.964822203049,1.27383711867796,0,0
8186,-0.1520740273775214,0.959333643394,1.27383711867796,0,0
8187,-0.1428575288184426,0.961802610307,1.27383711867796,0,0
8188,-0.1520740273775214,0.960354648166,1.27383711867796,0,0
8189,-0.1520740273775214,0.95775419416,1.27383711867796,0,0
8190,-0.1520740273775214,0.957586167684,1.27383711867796,0,0
8191,-0.1428575288184426,0.958476294957,1.27383711867796,0,0
8192,-0.1520740273775214,0.960892688547,1.27383711867796,0,0
8193,-0.1520740273775214,0.959337192727,1.27383711867796,0,0
8194,-0.1520740273775214,0.957169895084,1.27383711867796,0,0
8195,-0.1520740273775214,0.962513850465,1.27383711867796,0,0
8196,-0.1520740273775214,0.960433573547,1.27383711867796,0,0
8197,-0.1520740273775214,0.958961659551,1.27383711867796,0,0
8198,-0.1520740273775214,0.958455592668,1.27383711867796,0,0
8199,-0.1520740273775214,0.958424546831,1.27383711867796,0,0
8200,-0.1612905259366002,0.956721710903,1.27383711867796,0,0
8201,-0.20737391930835614,0.956845181187,1.27383711867796,0,0
8202,-0.1520740273775214,0.955635568912,1.27383711867796,0,0
8203,-0.17050702449567723,0.954435018082,1.27383711867796,0,0
8204,-0.1520740273775214,0.956678772587,1.27383711867796,0,0
8205,-0.1612905259366002,0.956185971572,1.27383711867796,0,0
8206,-0.1520740273775214,0.959332509133,1.27383711867796,0,0
8207,-0.1612905259366002,0.957654625178,1.27383711867796,0,0
8208,-0.1520740273775214,0.956806556347,1.27383711867796,0,0
8209,-0.1520740273775214,0.958201633024,1.27383711867796,0,0
8210,-0.1428575288184426,0.95818503724,1.27383711867796,0,0
8211,-0.1428575288184426,0.959267422098,1.27383711867796,0,0
8212,-0.13364103025936558,0.95808877464,1.27383711867796,0,0
8213,-0.12442453170028678,0.962837963797,1.27383711867796,0,0
8214,-0.17972352305475425,0.958462684695,1.27383711867796,0,0
8215,-0.1059906340057637,0.965711776311,1.27383711867796,0,0
8216,-0.0967741354466849,0.958595178331,1.27383711867796,0,0
8217,-0.0967741354466849,0.968851708203,1.27383711867796,0,0
8218,-0.08755763688760787,0.960243691167,1.27383711867796,0,0
8219,-0.07834113832853085,0.968928837511,1.27383711867796,0,0
8220,-0.06912463976945205,0.968345973151,1.27383711867796,0,0
8221,-0.050691642651298,0.966131638873,1.27383711867796,0,0
8222,-0.05990814121037502,0.963195412048,1.27383711867796,0,0
8223,-0.050691642651298,0.969053232257,1.27383711867796,0,0
8224,-0.04147514409221742,0.962418783127,1.27383711867796,0,0
8225,-0.04147514409221742,0.963865915844,1.27383711867796,0,0
8226,-0.032258645533140395,0.967193196117,1.27383711867796,0,0
8227,-0.032258645533140395,0.964261922124,1.27383711867796,0,0
8228,-0.032258645533140395,0.963637311139,1.27383711867796,0,0
8229,-0.013824747838615536,0.961347847331,1.27383711867796,0,0
8230,-0.023042146974061595,0.96389678989,1.27383711867796,0,0
8231,-0.013824747838615536,0.959870353435,1.27383711867796,0,0
8232,-0.004608249279538512,0.966607346072,1.27383711867796,0,0
8233,-0.013824747838615536,0.961220361126,1.27383711867796,0,0
8234,-0.004608249279538512,0.965243906723,1.27383711867796,0,0
8235,0.004608249279538512,0.96305764493,1.27383711867796,0,0
8236,0.004608249279538512,0.961679622699,1.27383711867796,0,0
8237,-0.004608249279538512,0.965200216345,1.27383711867796,0,0
8238,-0.013824747838615536,0.95925677642,1.27383711867796,0,0
8239,0.04147424351585016,0.966859585975,1.27383711867796,0,0
8240,-0.013824747838615536,0.959232551313,1.27383711867796,0,0
8241,-0.023042146974061595,0.965644179289,1.27383711867796,0,0
8242,-0.032258645533140395,0.96199678648,1.27383711867796,0,0
8243,-0.050691642651298,0.966738277109,1.27383711867796,0,0
8244,0.013824747838617313,0.960697660263,1.27383711867796,0,0
8245,-0.04147514409221742,0.96236161097,1.27383711867796,0,0
8246,-0.04147514409221742,0.966843194052,1.27383711867796,0,0
8247,-0.05990814121037502,0.96388890574,1.27383711867796,0,0
8248,-0.05990814121037502,0.961514083747,1.27383711867796,0,0
8249,-0.05990814121037502,0.960633198753,1.27383711867796,0,0
8250,-0.05990814121037502,0.961703567898,1.27383711867796,0,0
8251,-0.06912463976945205,0.964474725107,1.27383711867796,0,0
8252,-0.06912463976945205,0.965336826981,1.27383711867796,0,0
8253,-0.06912463976945205,0.96170565282,1.27383711867796,0,0
8254,-0.07834113832853085,0.962047706084,1.27383711867796,0,0
8255,-0.07834113832853085,0.963491521018,1.27383711867796,0,0
8256,-0.07834113832853085,0.964710486265,1.27383711867796,0,0
8257,-0.08755763688760787,0.96035706948,1.27383711867796,0,0
8258,-0.05990814121037502,0.964844233925,1.27383711867796,0,0
8259,-0.08755763688760787,0.963866848148,1.27383711867796,0,0
8260,-0.08755763688760787,0.966476917261,1.27383711867796,0,0
8261,-0.0967741354466849,0.963123128189,1.27383711867796,0,0
8262,-0.08755763688760787,0.961909484222,1.27383711867796,0,0
8263,-0.0967741354466849,0.963455352844,1.27383711867796,0,0
8264,-0.0967741354466849,0.961971333599,1.27383711867796,0,0
8265,-0.0967741354466849,0.962360094926,1.27383711867796,0,0
8266,-0.0967741354466849,0.965913067632,1.27383711867796,0,0
8267,-0.1059906340057637,0.959431604034,1.27383711867796,0,0
8268,-0.1059906340057637,0.963867653584,1.27383711867796,0,0
8269,-0.1059906340057637,0.95672918819,1.27383711867796,0,0
8270,-0.1059906340057637,0.96296304394,1.27383711867796,0,0
8271,-0.11520803314120975,0.963971718769,1.27383711867796,0,0
8272,-0.11520803314120975,0.957151464251,1.27383711867796,0,0
8273,-0.1059906340057637,0.959959550384,1.27383711867796,0,0
8274,-0.11520803314120975,0.961627591369,1.27383711867796,0,0
8275,-0.11520803314120975,0.957764566496,1.27383711867796,0,0
8276,-0.12442453170028678,0.95690075793,1.27383711867796,0,0
8277,-0.11520803314120975,0.956808606404,1.27383711867796,0,0
8278,-0.11520803314120975,0.961249093441,1.27383711867796,0,0
8279,-0.11520803314120975,0.965749021379,1.27383711867796,0,0
8280,-0.12442453170028678,0.965227150379,1.27383711867796,0,0
8281,-0.11520803314120975,0.963978282387,1.27383711867796,0,0
8282,-0.12442453170028678,0.963144393186,1.27383711867796,0,0
8283,-0.11520803314120975,0.965190181288,1.27383711867796,0,0
8284,-0.12442453170028678,0.965735992973,1.27383711867796,0,0
8285,-0.11520803314120975,0.970206673393,1.27383711867796,0,0
8286,-0.12442453170028678,0.96502572096,1.27383711867796,0,0
8287,-0.12442453170028678,0.967962129457,1.27383711867796,0,0
8288,-0.12442453170028678,0.961262013155,1.27383711867796,0,0
8289,-0.12442453170028678,0.969605101233,1.27383711867796,0,0
8290,-0.13364103025936558,0.963562715002,1.27383711867796,0,0
8291,-0.13364103025936558,0.965192666008,1.27383711867796,0,0
8292,-0.13364103025936558,0.967279581973,1.27383711867796,0,0
8293,-0.13364103025936558,0.965063984155,1.27383711867796,0,0
8294,-0.12442453170028678,0.968022322102,1.27383711867796,0,0
8295,-0.13364103025936558,0.959125560675,1.27383711867796,0,0
8296,-0.22580691642651196,0.965836330251,1.27383711867796,0,0
8297,-0.12442453170028678,0.969726349331,1.27383711867796,0,0
8298,-0.13364103025936558,0.9664365331,1.27383711867796,0,0
8299,-0.13364103025936558,0.967083075475,1.27383711867796,0,0
8300,-0.12442453170028678,0.969663097969,1.27383711867796,0,0
8301,-0.1428575288184426,0.968457483668,1.27383711867796,0,0
8302,-0.13364103025936558,0.9707253513,1.27383711867796,0,0
8303,-0.1428575288184426,0.966713781395,1.27383711867796,0,0
8304,-0.1428575288184426,0.964351924825,1.27383711867796,0,0
8305,-0.12442453170028678,0.969180956751,1.27383711867796,0,0
8306,-0.13364103025936558,0.961397184077,1.27383711867796,0,0
8307,-0.13364103025936558,0.969274525236,1.27383711867796,0,0
8308,-0.1428575288184426,0.96543684658,1.27383711867796,0,0
8309,-0.1428575288184426,0.961949098808,1.27383711867796,0,0
8310,-0.1520740273775214,0.960829710095,1.27383711867796,0,0
8311,-0.1428575288184426,0.960894828025,1.27383711867796,0,0
8312,-0.1520740273775214,0.966893725453,1.27383711867796,0,0
8313,-0.1428575288184426,0.957854625705,1.27383711867796,0,0
8314,-0.1428575288184426,0.968953751445,1.27383711867796,0,0
8315,-0.1428575288184426,0.958730264439,1.27383711867796,0,0
8316,-0.1428575288184426,0.960424487008,1.27383711867796,0,0
8317,-0.13364103025936558,0.958892573614,1.27383711867796,0,0
8318,-0.1428575288184426,0.962063646398,1.27383711867796,0,0
8319,-0.1520740273775214,0.964996105905,1.27383711867796,0,0
8320,-0.1520740273775214,0.962844697108,1.27383711867796,0,0
8321,-0.1428575288184426,0.962980943707,1.27383711867796,0,0
8322,-0.1428575288184426,0.959039175143,1.27383711867796,0,0
8323,-0.1520740273775214,0.958361130692,1.27383711867796,0,0
8324,-0.1428575288184426,0.962247362355,1.27383711867796,0,0
8325,-0.1428575288184426,0.964492353141,1.27383711867796,0,0
8326,-0.1428575288184426,0.956658154765,1.27383711867796,0,0
8327,-0.1428575288184426,0.962871838756,1.27383711867796,0,0
8328,-0.1612905259366002,0.962381776318,1.27383711867796,0,0
8329,-0.1428575288184426,0.96267779652,1.27383711867796,0,0
8330,-0.1520740273775214,0.960509340539,1.27383711867796,0,0
8331,-0.23502341498558899,0.956423042704,1.27383711867796,0,0
8332,-0.1428575288184426,0.960657858462,1.27383711867796,0,0
8333,-0.1520740273775214,0.956479951784,1.27383711867796,0,0
8334,-0.1428575288184426,0.960966986381,1.27383711867796,0,0
8335,-0.1428575288184426,0.958704223778,1.27383711867796,0,0
8336,-0.1428575288184426,0.962674574,1.27383711867796,0,0
8337,-0.1520740273775214,0.958796437892,1.27383711867796,0,0
8338,-0.1428575288184426,0.961318635302,1.27383711867796,0,0
8339,-0.1612905259366002,0.957452880751,1.27383711867796,0,0
8340,-0.1520740273775214,0.95903807014,1.27383711867796,0,0
8341,-0.1520740273775214,0.958602899923,1.27383711867796,0,0
8342,-0.1520740273775214,0.95978205532,1.27383711867796,0,0
8343,-0.1428575288184426,0.959169021629,1.27383711867796,0,0
8344,-0.1520740273775214,0.956658854318,1.27383711867796,0,0
8345,-0.1520740273775214,0.959890523259,1.27383711867796,0,0
8346,-0.1520740273775214,0.958799412249,1.27383711867796,0,0
8347,-0.23502341498558899,0.960180235466,1.27383711867796,0,0
8348,-0.1520740273775214,0.958642914692,1.27383711867796,0,0
8349,-0.1520740273775214,0.95785826115,1.27383711867796,0,0
8350,-0.1520740273775214,0.959645096862,1.27383711867796,0,0
8351,-0.1428575288184426,0.955467053765,1.27383711867796,0,0
8352,-0.1520740273775214,0.95975313415,1.27383711867796,0,0
8353,-0.1520740273775214,0.959487357319,1.27383711867796,0,0
8354,-0.1428575288184426,0.95847655103,1.27383711867796,0,0
8355,-0.1520740273775214,0.955862364465,1.27383711867796,0,0
8356,-0.1612905259366002,0.961344524425,1.27383711867796,0,0
8357,-0.1520740273775214,0.956978843635,1.27383711867796,0,0
8358,-0.1520740273775214,0.957573895451,1.27383711867796,0,0
8359,-0.1428575288184426,0.956409148791,1.27383711867796,0,0
8360,-0.13364103025936558,0.957165688282,1.27383711867796,0,0
8361,-0.12442453170028678,0.956951821975,1.27383711867796,0,0
8362,-0.11520803314120975,0.961018318863,1.27383711867796,0,0
8363,-0.1059906340057637,0.96245598173,1.27383711867796,0,0
8364,-0.1059906340057637,0.961215273572,1.27383711867796,0,0
8365,-0.08755763688760787,0.963742292897,1.27383711867796,0,0
8366,-0.07834113832853085,0.96235947081,1.27383711867796,0,0
8367,-0.06912463976945205,0.964178560317,1.27383711867796,0,0
8368,-0.06912463976945205,0.961776929278,1.27383711867796,0,0
8369,-0.05990814121037502,0.964567587333,1.27383711867796,0,0
8370,-0.05990814121037502,0.961446632835,1.27383711867796,0,0
8371,-0.050691642651298,0.963009469871,1.27383711867796,0,0
8372,-0.050691642651298,0.961621227682,1.27383711867796,0,0
8373,-0.04147514409221742,0.961486592586,1.27383711867796,0,0
8374,-0.032258645533140395,0.965338567648,1.27383711867796,0,0
8375,-0.032258645533140395,0.962325015193,1.27383711867796,0,0
8376,-0.023042146974061595,0.961969132528,1.27383711867796,0,0
8377,-0.023042146974061595,0.962934888146,1.27383711867796,0,0
8378,-0.023042146974061595,0.962187413241,1.27383711867796,0,0
8379,-0.013824747838615536,0.963763260346,1.27383711867796,0,0
8380,-0.004608249279538512,0.964141826353,1.27383711867796,0,0
8381,-0.004608249279538512,0.961499916233,1.27383711867796,0,0
8382,-0.004608249279538512,0.963915259243,1.27383711867796,0,0
8383,0.004608249279538512,0.962229455976,1.27383711867796,0,0
8384,-0.004608249279538512,0.960781178601,1.27383711867796,0,0
8385,-0.013824747838615536,0.96333130319,1.27383711867796,0,0
8386,-0.004608249279538512,0.962590809118,1.27383711867796,0,0
8387,-0.023042146974061595,0.964292082696,1.27383711867796,0,0
8388,-0.023042146974061595,0.962356645352,1.27383711867796,0,0
8389,-0.023042146974061595,0.961385349531,1.27383711867796,0,0
8390,-0.023042146974061595,0.960090995029,1.27383711867796,0,0
8391,-0.004608249279538512,0.961592220136,1.27383711867796,0,0
8392,-0.04147514409221742,0.958919560173,1.27383711867796,0,0
8393,-0.04147514409221742,0.963292303745,1.27383711867796,0,0
8394,-0.05990814121037502,0.962515486267,1.27383711867796,0,0
8395,-0.050691642651298,0.966810574603,1.27383711867796,0,0
8396,-0.05990814121037502,0.962902030546,1.27383711867796,0,0
8397,-0.05990814121037502,0.959135439307,1.27383711867796,0,0
8398,-0.05990814121037502,0.96087483558,1.27383711867796,0,0
8399,-0.06912463976945205,0.961529310628,1.27383711867796,0,0
8400,-0.06912463976945205,0.959186825546,1.27383711867796,0,0
8401,-0.06912463976945205,0.963046660796,1.27383711867796,0,0
8402,-0.06912463976945205,0.96154605842,1.27383711867796,0,0
8403,-0.08755763688760787,0.964866507354,1.27383711867796,0,0
8404,-0.06912463976945205,0.96616564618,1.27383711867796,0,0
8405,-0.08755763688760787,0.959995756799,1.27383711867796,0,0
8406,-0.08755763688760787,0.962535830487,1.27383711867796,0,0
8407,-0.08755763688760787,0.961895567398,1.27383711867796,0,0
8408,-0.08755763688760787,0.963566825937,1.27383711867796,0,0
8409,-0.05990814121037502,0.962613207757,1.27383711867796,0,0
8410,-0.0967741354466849,0.960901723895,1.27383711867796,0,0
8411,-0.08755763688760787,0.960818261812,1.27383711867796,0,0
8412,-0.0967741354466849,0.960303808273,1.27383711867796,0,0
8413,-0.0967741354466849,0.960952749813,1.27383711867796,0,0
8414,-0.0967741354466849,0.957972240145,1.27383711867796,0,0
8415,-0.1059906340057637,0.961645755672,1.27383711867796,0,0
8416,-0.0967741354466849,0.962989308102,1.27383711867796,0,0
8417,-0.1059906340057637,0.958707041016,1.27383711867796,0,0
8418,-0.11520803314120975,0.957963561595,1.27383711867796,0,0
8419,-0.1059906340057637,0.956244348079,1.27383711867796,0,0
8420,-0.11520803314120975,0.957134697696,1.27383711867796,0,0
8421,-0.11520803314120975,0.95841822087,1.27383711867796,0,0
8422,-0.1059906340057637,0.958776336963,1.27383711867796,0,0
8423,-0.11520803314120975,0.960291047268,1.27383711867796,0,0
8424,-0.1059906340057637,0.959819972375,1.27383711867796,0,0
8425,-0.17050702449567723,0.961915166856,1.27383711867796,0,0
8426,-0.12442453170028678,0.964245182469,1.27383711867796,0,0
8427,-0.12442453170028678,0.96101044522,1.27383711867796,0,0
8428,-0.12442453170028678,0.962308036664,1.27383711867796,0,0
8429,-0.12442453170028678,0.959607581592,1.27383711867796,0,0
8430,-0.12442453170028678,0.965048070762,1.27383711867796,0,0
8431,-0.12442453170028678,0.968410391118,1.27383711867796,0,0
8432,-0.12442453170028678,0.965716036484,1.27383711867796,0,0
8433,-0.12442453170028678,0.964015359961,1.27383711867796,0,0
8434,-0.12442453170028678,0.965527537203,1.27383711867796,0,0
8435,-0.13364103025936558,0.96695760779,1.27383711867796,0,0
8436,-0.12442453170028678,0.967809955954,1.27383711867796,0,0
8437,-0.12442453170028678,0.967487441288,1.27383711867796,0,0
8438,-0.12442453170028678,0.963437791896,1.27383711867796,0,0
8439,-0.1981574207492791,0.96279645182,1.27383711867796,0,0
8440,-0.13364103025936558,0.963780095279,1.27383711867796,0,0
8441,-0.12442453170028678,0.965194264219,1.27383711867796,0,0
8442,-0.12442453170028678,0.965171799711,1.27383711867796,0,0
8443,-0.1428575288184426,0.971613139488,1.27383711867796,0,0
8444,-0.12442453170028678,0.96868579557,1.27383711867796,0,0
8445,-0.13364103025936558,0.969079387648,1.27383711867796,0,0
8446,-0.1981574207492791,0.962999619954,1.27383711867796,0,0
8447,-0.13364103025936558,0.96316777155,1.27383711867796,0,0
8448,-0.0967741354466849,0.963692931567,1.27383711867796,0,0
8449,-0.13364103025936558,0.968110288861,1.27383711867796,0,0
8450,-0.12442453170028678,0.973207708892,1.27383711867796,0,0
8451,-0.13364103025936558,0.967829881443,1.27383711867796,0,0
8452,-0.1428575288184426,0.970948450931,1.27383711867796,0,0
8453,-0.13364103025936558,0.967505212246,1.27383711867796,0,0
8454,-0.1981574207492791,0.965190156729,1.27383711867796,0,0
8455,-0.13364103025936558,0.964605664231,1.27383711867796,0,0
8456,-0.13364103025936558,0.959809818956,1.27383711867796,0,0
8457,-0.1428575288184426,0.966576830683,1.27383711867796,0,0
8458,-0.1520740273775214,0.958176049345,1.27383711867796,0,0
8459,-0.13364103025936558,0.964743872806,1.27383711867796,0,0
8460,-0.1428575288184426,0.959692416386,1.27383711867796,0,0
8461,-0.13364103025936558,0.966461151254,1.27383711867796,0,0
8462,-0.1428575288184426,0.962883996075,1.27383711867796,0,0
8463,-0.1428575288184426,0.964675080522,1.27383711867796,0,0
8464,-0.1428575288184426,0.963105482437,1.27383711867796,0,0
8465,-0.1428575288184426,0.961147878068,1.27383711867796,0,0
8466,-0.1428575288184426,0.960276739264,1.27383711867796,0,0
8467,-0.1428575288184426,0.961543929533,1.27383711867796,0,0
8468,-0.1428575288184426,0.965439760787,1.27383711867796,0,0
8469,-0.1428575288184426,0.962650145985,1.27383711867796,0,0
8470,-0.1520740273775214,0.962151619391,1.27383711867796,0,0
8471,-0.1428575288184426,0.95884967457,1.27383711867796,0,0
8472,-0.1428575288184426,0.962416306267,1.27383711867796,0,0
8473,-0.1520740273775214,0.961176296203,1.27383711867796,0,0
8474,-0.1520740273775214,0.961455837012,1.27383711867796,0,0
8475,-0.1520740273775214,0.959863699329,1.27383711867796,0,0
8476,-0.1428575288184426,0.960830504765,1.27383711867796,0,0
8477,-0.1612905259366002,0.962300635271,1.27383711867796,0,0
8478,-0.1520740273775214,0.957533178418,1.27383711867796,0,0
8479,-0.1428575288184426,0.959798641435,1.27383711867796,0,0
8480,-0.1520740273775214,0.957840140827,1.27383711867796,0,0
8481,-0.1520740273775214,0.960378470464,1.27383711867796,0,0
8482,-0.1428575288184426,0.959617743418,1.27383711867796,0,0
8483,-0.1520740273775214,0.958785285213,1.27383711867796,0,0
8484,-0.1520740273775214,0.955650010801,1.27383711867796,0,0
8485,-0.1520740273775214,0.95939768257,1.27383711867796,0,0
8486,-0.1520740273775214,0.959393145382,1.27383711867796,0,0
8487,-0.1520740273775214,0.960171833717,1.27383711867796,0,0
8488,-0.1520740273775214,0.958760251215,1.27383711867796,0,0
8489,-0.1520740273775214,0.959082420271,1.27383711867796,0,0
8490,-0.1428575288184426,0.959636715971,1.27383711867796,0,0
8491,-0.1520740273775214,0.960074592469,1.27383711867796,0,0
8492,-0.1520740273775214,0.962155089524,1.27383711867796,0,0
