timestep,value,score,threshold,anomaly,evaluation_label
64,0.20122340845616482,235.365970379929,751.7004527403886,0,0
65,0.36657739996984695,73.819699774131,824.2877011640742,0,0
66,0.42861296784244884,2.837700573449,824.2877011640742,0,0
67,0.5597309075766592,8.205669589874,824.2877011640742,0,0
68,0.7119318222611508,3.224730886129,824.2877011640742,0,0
69,0.3533704759374785,8.656678537176,824.2877011640742,0,0
70,0.271784783498344,219.738792059174,824.2877011640742,0,0
71,0.1873092911554175,449.577388743268,824.2877011640742,0,0
72,0.08718221175592267,450.690046292221,824.2877011640742,0,0
73,-0.18906112016541932,491.629563495289,824.2877011640742,0,0
74,-0.45140469404019223,466.067811558426,824.2877011640742,0,0
75,-0.7136764716440616,432.688302131787,824.2877011640742,0,0
76,-0.729776785393766,353.76810398277,824.2877011640742,0,0
77,-0.8346352390456858,259.199338708562,824.2877011640742,0,0
78,-1.0,6.132470635969,824.2877011640742,0,0
79,-0.8673994672716703,6.123741794072,824.2877011640742,0,0
80,-0.7297983242750357,49.528466562078,824.2877011640742,0,0
81,-0.4952327276121272,69.678282969312,824.2877011640742,0,0
82,-0.23281735746645438,7.989261974148,824.2877011640742,0,0
83,0.07435221814579096,8.008868332633,824.2877011640742,0,0
84,0.36657739996984695,69.682476614571,824.2877011640742,0,0
85,0.3667245823251941,129.073833654363,824.2877011640742,0,0
86,0.5596878298141204,267.916013963601,824.2877011640742,0,0
87,0.7120143879726895,266.679351244379,824.2877011640742,0,0
88,0.40027497971755244,326.425952318033,824.2877011640742,0,0
89,0.27175965480352704,406.279955342479,824.2877011640742,0,0
90,0.1873092911554175,464.785624687243,824.2877011640742,0,0
91,0.137123697795136,553.485601172019,824.2877011640742,0,0
92,-0.14944034806832174,405.67310704976,824.2877011640742,0,0
93,-0.4117587932482776,177.558446127533,824.2877011640742,0,0
94,-0.6740521097334202,157.795397757903,824.2877011640742,0,0
95,-0.729776785393766,233.73135453418,824.2877011640742,0,0
96,-0.7691713992375255,286.290124962452,824.2877011640742,0,0
97,-1.0,322.410643515944,824.2877011640742,0,0
98,-1.0,338.542254208059,824.2877011640742,0,0
99,-1.0,445.997279620967,824.2877011640742,0,0
100,-1.0,481.211570003244,824.2877011640742,0,0
101,-1.0,641.264900435152,824.2877011640742,0,0
102,-1.0,644.559269522457,824.2877011640742,0,0
103,-1.0,666.032334084528,824.2877011640742,0,0
104,-1.0,652.902764036615,824.2877011640742,0,0
105,-1.0,710.015105169986,824.2877011640742,0,0
106,-1.0,667.579720479662,824.2877011640742,0,0
107,-1.0,657.356414694214,824.2877011640742,0,0
108,-1.0,478.560253264916,751.7004527403886,0,0
109,-1.0,424.618486821191,751.7004527403886,0,0
110,-1.0,349.501333107892,751.7004527403886,0,0
111,-1.0,366.139628442641,751.7004527403886,0,0
112,-1.0,344.352702145185,751.7004527403886,0,0
113,-1.0,377.791762831331,751.7004527403886,0,0
114,-1.0,342.514149561,751.7004527403886,0,0
115,-1.0,391.443510830006,751.7004527403886,0,0
116,-1.0,388.224106318133,751.7004527403886,0,0
117,-1.0,486.220976084706,751.7004527403886,0,0
118,-1.0,614.310808592127,751.7004527403886,0,0
119,-1.0,646.636163370568,751.7004527403886,0,0
120,-1.0,661.353184815288,751.7004527403886,0,0
121,-0.913377799157112,643.192182525675,751.7004527403886,0,0
122,-0.7297983242750357,605.62798119458,751.7004527403886,0,0
123,-0.5066375652448624,541.522015749806,751.7004527403886,0,0
124,-0.2443514283868108,486.621357345482,751.7004527403886,0,0
125,0.03663045741404325,321.918750500787,751.7004527403886,0,0
126,0.8289166660683633,175.577819453222,751.7004527403886,0,0
127,0.8511232526582548,43.667450987659,751.7004527403886,0,0
128,0.22772700185952366,3.949953759459,751.7004527403886,0,0
129,-0.84537237135903,2.65068026132,751.7004527403886,0,0
130,-0.8453041649016737,3.326514451167,751.7004527403886,0,0
131,-0.8446795373448294,6.726445235315,751.7004527403886,0,0
132,-0.8452933954610389,257.949514550572,751.7004527403886,0,0
133,-0.84537237135903,161.308549985297,751.7004527403886,0,0
134,-0.6410904417624546,8.843539360734,751.7004527403886,0,0
135,-0.6660216968330658,5.336723959368,751.7004527403886,0,0
136,-0.818129276365384,8.448274979599,751.7004527403886,0,0
137,-0.5384002354917697,74.087396992928,751.7004527403886,0,0
138,-0.5490189039581275,307.376573448805,751.7004527403886,0,0
139,-0.5607934923860044,475.761942397095,751.7004527403886,0,0
140,-0.5737491294702138,413.233056954875,751.7004527403886,0,0
141,-0.5880222281254719,369.717160787612,751.7004527403886,0,0
142,-0.603856895672839,500.854185676641,751.7004527403886,0,0
143,-0.6039502308250122,520.809219992221,751.7004527403886,0,0
144,-0.29103695354063386,553.549425437842,751.7004527403886,0,0
145,-0.16638067818757385,337.722395899976,751.7004527403886,0,0
146,-0.42843706697873996,435.471626662847,751.7004527403886,0,0
147,-0.6907411529045173,249.339338223104,751.7004527403886,0,0
148,-0.7297731955802225,260.850615929536,751.7004527403886,0,0
149,-0.7967662959585873,365.647349003113,751.7004527403886,0,0
150,-1.0,380.547379597164,751.7004527403886,0,0
151,-1.0,455.527365898798,751.7004527403886,0,0
152,-1.0,451.624414417698,751.7004527403886,0,0
153,-1.0,477.559826167567,751.7004527403886,0,0
154,-1.0,522.451916783041,751.7004527403886,0,0
155,-1.0,559.824766186711,751.7004527403886,0,0
156,-1.0,628.25025661276,751.7004527403886,0,0
157,-1.0,681.368405027061,751.7004527403886,0,0
158,-1.0,686.405417036615,751.7004527403886,0,0
159,-1.0,733.993652789713,751.7004527403886,0,0
160,-1.0,790.175069201284,751.7004527403886,1,0
161,-1.0,753.487131010883,751.7004527403886,1,0
162,-1.0,791.578138488848,751.7004527403886,1,0
163,-1.0,816.433310039827,751.7004527403886,1,0
164,-1.0,831.691789225078,751.7004527403886,1,0
165,-1.0,779.815662752665,751.7004527403886,1,0
166,-1.0,747.556961573638,751.7004527403886,0,0
167,-1.0,758.276808607679,751.7004527403886,1,0
168,-1.0,742.187441528115,751.7004527403886,0,0
169,-1.0,728.416095142062,751.7004527403886,0,0
170,-1.0,759.866888440511,751.7004527403886,1,0
171,-1.0,762.513914659725,751.7004527403886,1,0
172,-1.0,754.207758562838,751.7004527403886,1,0
173,-1.0,747.606128753512,751.7004527403886,0,0
174,-1.0,742.394288609105,751.7004527403886,0,0
175,-1.0,627.404483018249,751.7004527403886,0,0
176,-1.0,534.828426862126,751.7004527403886,0,0
177,-1.0,565.299374900097,751.7004527403886,0,0
178,-1.0,664.773755629124,751.7004527403886,0,0
179,-1.0,699.1455499722,751.7004527403886,0,0
180,-1.0,626.598245940632,751.7004527403886,0,0
181,-1.0,661.938792464472,751.7004527403886,0,0
182,-1.0,610.371276153618,751.7004527403886,0,0
183,-1.0,577.570800076397,751.7004527403886,0,0
184,-1.0,565.596620586624,751.7004527403886,0,0
185,-1.0,580.969314181252,751.7004527403886,0,0
186,-1.0,553.778522642652,751.7004527403886,0,0
187,-1.0,390.410262210346,751.7004527403886,0,0
188,-1.0,232.031384395281,751.7004527403886,0,0
189,-1.0,260.354270107143,751.7004527403886,0,0
190,-1.0,341.101400292887,751.7004527403886,0,0
191,-0.7297983242750357,291.176328735736,751.7004527403886,0,0
192,-0.6342159488236192,284.012672856465,751.7004527403886,0,0
193,-0.3719441712197462,309.88046493815,751.7004527403886,0,0
194,-0.10953598070116066,312.062843516719,751.7004527403886,0,0
195,0.36441633221570324,329.782913033879,751.7004527403886,0,0
196,0.36657739996984695,290.058610871564,751.7004527403886,0,0
197,0.5598242427288325,277.416683729344,751.7004527403886,0,0
198,0.6381324354013032,267.283939884032,751.7004527403886,0,0
199,0.7161929309391659,217.944343367106,751.7004527403886,0,0
200,0.35419254323930427,120.939740031834,751.7004527403886,0,0
201,0.19058320110853377,254.661509639331,751.7004527403886,0,0
202,-0.03070726506465382,321.547559689425,751.7004527403886,0,0
203,-0.2787885097248035,407.106345316545,751.7004527403886,0,0
204,-0.5411751613621194,438.251308486442,751.7004527403886,0,0
205,-0.7297516566989528,445.297013730508,751.7004527403886,0,0
206,-0.9883043874701148,382.391204812129,751.7004527403886,0,0
207,-1.0,255.702555771705,751.7004527403886,0,0
208,-1.0,240.140105450805,751.7004527403886,0,0
209,-1.0,311.253543156871,751.7004527403886,0,0
210,-1.0,338.677512709851,751.7004527403886,0,0
211,-1.0,364.555854122835,751.7004527403886,0,0
212,-1.0,452.107854640476,751.7004527403886,0,0
213,-1.0,527.440202247874,751.7004527403886,0,0
214,-1.0,572.92262961781,751.7004527403886,0,0
215,-1.0,576.229047588973,751.7004527403886,0,0
216,-1.0,568.677812737093,751.7004527403886,0,0
217,-1.0,598.681753423507,751.7004527403886,0,0
218,-1.0,616.334070146742,751.7004527403886,0,0
219,-1.0,631.438783215636,751.7004527403886,0,0
220,-1.0,648.952167762258,751.7004527403886,0,0
221,-1.0,693.013274911575,751.7004527403886,0,0
222,-1.0,666.444823959732,751.7004527403886,0,0
223,-1.0,679.259122467278,751.7004527403886,0,0
224,-1.0,687.647015101673,751.7004527403886,0,0
225,-1.0,704.140158240072,751.7004527403886,0,0
226,-1.0,701.731380894747,751.7004527403886,0,0
227,-1.0,740.675369984578,751.7004527403886,0,0
228,-1.0,737.759177788817,751.7004527403886,0,0
229,-0.955450413905502,735.953942787653,751.7004527403886,0,0
230,-0.7297983242750357,721.547626887828,751.7004527403886,0,0
231,-0.5325021718371946,678.833720463467,751.7004527403886,0,0
232,-0.2701944960978736,618.754657160682,751.7004527403886,0,0
233,-0.013346926760625877,567.484143871762,751.7004527403886,0,0
234,0.36657381015629964,447.2843107145,751.7004527403886,0,0
235,0.36696151001917077,336.0229231216,751.7004527403886,0,0
236,0.5641750967454735,307.476038951708,751.7004527403886,0,0
237,0.6474408219237071,309.859493698925,751.7004527403886,0,0
238,0.603813817910297,290.465990623831,751.7004527403886,0,0
239,0.27333199313627476,291.891656918634,751.7004527403886,0,0
240,0.1901524234831231,440.142539882465,751.7004527403886,0,0
241,-0.08221031999598005,407.366230108801,751.7004527403886,0,0
242,-0.3444031217018584,502.934662096296,751.7004527403886,0,0
243,-0.6067036178140922,559.947569170262,751.7004527403886,0,0
244,-0.729776785393766,559.920229531116,751.7004527403886,0,0
245,-1.0,561.891695377702,751.7004527403886,0,0
246,-1.0,558.573902366019,751.7004527403886,0,0
247,-1.0,552.191344873477,751.7004527403886,0,0
248,-1.0,480.721357243336,751.7004527403886,0,0
249,-1.0,463.580695630366,751.7004527403886,0,0
250,-1.0,500.083271846152,751.7004527403886,0,0
251,-1.0,568.676620411431,751.7004527403886,0,0
252,-1.0,588.715106714245,751.7004527403886,0,0
253,-1.0,574.153214018966,751.7004527403886,0,0
254,-1.0,650.990776441914,751.7004527403886,0,0
255,-1.0,635.498805158583,751.7004527403886,0,0
256,-1.0,570.60976291503,751.7004527403886,0,0
257,-1.0,505.80004553882,751.7004527403886,0,0
258,-1.0,346.914319764251,751.7004527403886,0,0
259,-1.0,309.488249647884,751.7004527403886,0,0
260,-1.0,306.661696483895,751.7004527403886,0,0
261,-1.0,306.293212483754,751.7004527403886,0,0
262,-1.0,299.721851196181,751.7004527403886,0,0
263,-1.0,419.005805746533,751.7004527403886,0,0
264,-0.8706015809538853,425.663153744655,751.7004527403886,0,0
265,-0.7297983242750357,432.367884735355,751.7004527403886,0,0
266,-0.4822160636976527,439.230026150852,751.7004527403886,0,0
267,-0.21996582497504935,425.463591467474,751.7004527403886,0,0
268,0.10632309757831049,457.783553200564,751.7004527403886,0,0
269,0.36657381015629964,405.925417806999,751.7004527403886,0,0
270,0.36692561188371897,374.032498437648,751.7004527403886,0,0
271,0.5610663182154301,361.764893783054,751.7004527403886,0,0
272,0.7061235039452054,266.021350807555,751.7004527403886,0,0
273,0.5104535370432859,233.81918500589,751.7004527403886,0,0
274,0.27200017231105145,324.006007378184,751.7004527403886,0,0
275,0.188472390744024,431.765590098218,751.7004527403886,0,0
276,0.16016312112748832,502.160537847746,751.7004527403886,0,0
277,-0.13674676737290237,626.905654205748,751.7004527403886,0,0
278,-0.39900059590904935,679.08497472915,751.7004527403886,0,0
279,-0.6611969874284714,631.326842092346,751.7004527403886,0,0
280,-0.7297731955802225,646.316686418702,751.7004527403886,0,0
281,-0.7476468772211956,592.1097121953,751.7004527403886,0,0
282,-1.0,696.503745908454,751.7004527403886,0,0
283,-0.7297983242750357,623.984170817908,751.7004527403886,0,0
284,-0.6263004099567077,521.978051653232,751.7004527403886,0,0
285,-0.3640429916070168,419.542613127552,751.7004527403886,0,0
286,-0.10177480381669102,393.608346773054,751.7004527403886,0,0
287,0.35672336178858965,258.283694975946,751.7004527403886,0,0
288,0.36657739996984695,143.354314210135,751.7004527403886,0,0
289,0.5604668193534028,164.722521530375,751.7004527403886,0,0
290,0.6383550038411012,103.004442134838,751.7004527403886,0,0
291,0.7133497986114603,143.791711203335,751.7004527403886,0,0
292,0.35349970922510354,204.763243377739,751.7004527403886,0,0
293,0.18765750306928952,366.169503453686,751.7004527403886,0,0
294,-0.02674770072442434,427.602179869224,751.7004527403886,0,0
295,-0.2673190554482596,506.002392461019,751.7004527403886,0,0
296,-0.5296482700688541,383.584522767456,751.7004527403886,0,0
297,-0.729776785393766,302.677085704563,751.7004527403886,0,0
298,-0.9678424502631335,165.912247501836,751.7004527403886,0,0
299,-1.0,85.497520945472,751.7004527403886,0,0
300,-0.9568791596964457,65.247966361445,751.7004527403886,0,0
301,-0.7297983242750357,85.561353349,751.7004527403886,0,0
302,-0.5429269903721186,104.115988729978,751.7004527403886,0,0
303,-0.28064803314115805,46.249211345785,751.7004527403886,0,0
304,-0.030735983573014547,103.555036238406,751.7004527403886,0,0
305,0.36657739996984695,65.310879011034,751.7004527403886,0,0
306,0.3668861239347234,159.79960046449,751.7004527403886,0,0
307,0.5605996424545716,197.259307193761,751.7004527403886,0,0
308,0.6386565481788868,330.539191866666,751.7004527403886,0,0
309,0.5822569875720667,351.126546124274,751.7004527403886,0,0
310,0.27247043788545744,544.520192067874,751.7004527403886,0,0
311,0.18881342303080872,586.480538724647,751.7004527403886,0,0
312,-0.10126864010683323,702.497151878488,751.7004527403886,0,0
313,-0.36345067237207684,666.289278704447,751.7004527403886,0,0
314,-0.6257296296030372,726.829843038948,751.7004527403886,0,0
315,-0.7297516566989528,686.041301072945,751.7004527403886,0,0
316,-1.0,703.683816055871,751.7004527403886,0,0
317,-0.74012980765779,681.080720467236,751.7004527403886,0,0
318,-0.7297983242750357,586.726101394147,751.7004527403886,0,0
319,-0.6774049955845314,509.276701822733,751.7004527403886,0,0
320,-0.4151619364890191,527.568910294254,751.7004527403886,0,0
321,-0.15292964683414523,414.499518146715,824.2877011640742,0,0
322,0.2503428271935564,320.356653338458,824.2877011640742,0,0
323,0.36657739996984695,302.918962293897,824.2877011640742,0,0
324,0.5008507858101836,243.408081714309,824.2877011640742,0,0
325,0.5927464227508028,284.917944964815,824.2877011640742,0,0
326,0.7148108527243087,245.9423753822,824.2877011640742,0,0
327,0.3531586769383186,469.463985973768,824.2877011640742,0,0
328,0.2712678503478514,494.169183580535,824.2877011640742,0,0
329,0.18881342303080872,589.566695757736,824.2877011640742,0,0
330,0.039760774825356116,547.904226896493,824.2877011640742,0,0
331,-0.2201668545335742,548.181925987118,824.2877011640742,0,0
332,-0.4822950395956438,482.171006298334,824.2877011640742,0,0
333,-0.729776785393766,426.790243233105,824.2877011640742,0,0
334,-0.8878793535463771,187.334990826432,824.2877011640742,0,0
335,-1.0,186.976772714748,824.2877011640742,0,0
336,-1.0,203.743027591333,824.2877011640742,0,0
337,-1.0,262.960362117288,824.2877011640742,0,0
338,-1.0,300.707426400695,824.2877011640742,0,0
339,-1.0,299.870641384023,824.2877011640742,0,0
340,-1.0,377.887362697652,824.2877011640742,0,0
341,-1.0,435.536894791584,751.7004527403886,0,0
342,-1.0,552.030363506317,751.7004527403886,0,0
343,-1.0,632.288553011096,751.7004527403886,0,0
344,-1.0,746.566343506064,751.7004527403886,0,0
345,-1.0,748.986638090802,751.7004527403886,0,0
346,-1.0,728.87999991084,751.7004527403886,0,0
347,-1.0,707.424616607943,751.7004527403886,0,0
348,-1.0,683.593445671679,751.7004527403886,0,0
349,-1.0,694.065115170975,751.7004527403886,0,0
350,-1.0,578.654047270703,751.7004527403886,0,0
351,-1.0,593.323196365148,751.7004527403886,0,0
352,-1.0,270.825509611589,751.7004527403886,0,0
353,-1.0,307.308386364131,751.7004527403886,0,0
354,-1.0,324.733224360866,751.7004527403886,0,0
355,-1.0,318.023060820371,751.7004527403886,0,0
356,-1.0,404.748681366246,751.7004527403886,0,0
357,-1.0,418.464519069967,751.7004527403886,0,0
358,-1.0,433.016152446885,751.7004527403886,0,0
359,-1.0,552.261015573423,751.7004527403886,0,0
360,-0.7297983242750357,601.311339761381,751.7004527403886,0,0
361,-0.5962321317030779,598.578717024176,751.7004527403886,0,0
362,-0.33403932999719954,554.82627954698,751.7004527403886,0,0
363,-0.07179986071523481,368.118165432092,751.7004527403886,0,0
364,0.36657381015629964,267.544401243096,751.7004527403886,0,0
365,0.5605134869294894,197.531944191272,751.7004527403886,0,0
366,0.6384842371287227,139.174170542318,751.7004527403886,0,0
367,0.7140857103882035,80.755090484876,751.7004527403886,0,0
368,0.35363253232627234,2.761145770324,751.7004527403886,0,0
369,0.1884293129814849,2.15609955669,751.7004527403886,0,0
370,-0.03070726506465382,2.679091882896,751.7004527403886,0,0
371,-0.28034648880337265,2.98407279249,751.7004527403886,0,0
372,-0.5426972423052366,104.506383892076,751.7004527403886,0,0
373,-0.7297731955802225,84.255435188106,751.7004527403886,0,0
374,-0.9905516107493378,200.415470079188,751.7004527403886,0,0
375,-1.0,275.359714157626,751.7004527403886,0,0
376,-1.0,251.300020190036,751.7004527403886,0,0
377,-1.0,473.37937217178,751.7004527403886,0,0
378,-1.0,530.61139573362,751.7004527403886,0,0
379,-1.0,418.549432657868,751.7004527403886,0,0
380,-1.0,454.678815346365,751.7004527403886,0,0
381,-1.0,437.578667418502,751.7004527403886,0,0
382,-1.0,497.207305993496,751.7004527403886,0,0
383,-1.0,423.64046636907,751.7004527403886,0,0
384,-1.0,457.555593033683,751.7004527403886,0,0
385,-1.0,307.819847250902,751.7004527403886,0,0
386,-1.0,192.870323433325,751.7004527403886,0,0
387,-1.0,191.562554097265,751.7004527403886,0,0
388,-1.0,264.716139530106,751.7004527403886,0,0
389,-1.0,315.840332909602,751.7004527403886,0,0
390,-1.0,376.431834605753,751.7004527403886,0,0
391,-1.0,421.830202217518,751.7004527403886,0,0
392,-1.0,414.647293596632,751.7004527403886,0,0
393,-1.0,503.530358803073,751.7004527403886,0,0
394,-1.0,563.8732304303,751.7004527403886,0,0
395,-1.0,651.198832198842,751.7004527403886,0,0
396,-1.0,735.970355677014,751.7004527403886,0,0
397,-1.0,762.797357408153,751.7004527403886,1,0
398,-1.0,740.350298666076,751.7004527403886,0,0
399,-1.0,740.695377168746,751.7004527403886,0,0
400,-1.0,754.264219676491,751.7004527403886,1,0
401,-1.0,729.059509868484,751.7004527403886,0,0
402,-1.0,742.282539228422,751.7004527403886,0,0
403,-1.0,712.267591271937,751.7004527403886,0,0
404,-1.0,696.200733403698,751.7004527403886,0,0
405,-1.0,698.517315757002,751.7004527403886,0,0
406,-1.0,683.062323789869,751.7004527403886,0,0
407,-1.0,680.642491149528,751.7004527403886,0,0
408,-1.0,662.467748106288,751.7004527403886,0,0
409,-1.0,677.21179287756,751.7004527403886,0,0
410,-1.0,673.645263647559,751.7004527403886,0,0
411,-1.0,656.357363918488,751.7004527403886,0,0
412,-1.0,643.38122694687,751.7004527403886,0,0
413,-1.0,623.797217545632,751.7004527403886,0,0
414,-1.0,565.525781717599,751.7004527403886,0,0
415,-1.0,543.6709362348,751.7004527403886,0,0
416,-1.0,582.923888578452,751.7004527403886,0,0
417,-1.0,567.441180689533,751.7004527403886,0,0
418,-1.0,581.537633828193,751.7004527403886,0,0
419,-1.0,566.25212256729,751.7004527403886,0,0
420,-1.0,523.404000211597,751.7004527403886,0,0
421,-1.0,493.275849609599,751.7004527403886,0,0
422,-1.0,531.597111271643,751.7004527403886,0,0
423,-1.0,511.878403674372,751.7004527403886,0,0
424,-1.0,517.87357514737,751.7004527403886,0,0
425,-1.0,435.018109846605,751.7004527403886,0,0
426,-1.0,385.59123705753,751.7004527403886,0,0
427,-1.0,206.882515006905,751.7004527403886,0,0
428,-1.0,203.250892870089,751.7004527403886,0,0
429,-1.0,199.76310105619,751.7004527403886,0,0
430,-1.0,236.256034167197,751.7004527403886,0,0
431,-1.0,229.068678280021,751.7004527403886,0,0
432,-1.0,252.954225354854,751.7004527403886,0,0
433,-1.0,237.583906467467,751.7004527403886,0,0
434,-1.0,206.702575098198,751.7004527403886,0,0
435,-1.0,150.993546099614,751.7004527403886,0,0
436,-1.0,76.76602748273,751.7004527403886,0,0
437,-1.0,2.892944126168,751.7004527403886,0,0
438,-1.0,1.0,751.7004527403886,0,0
439,-1.0,1.0,751.7004527403886,0,0
440,-1.0,1.0,751.7004527403886,0,0
441,-1.0,1.0,751.7004527403886,0,0
442,-1.0,1.0,751.7004527403886,0,0
443,-0.971597395231292,8.069240661694,751.7004527403886,0,0
444,-0.7297983242750357,75.813010916451,751.7004527403886,0,0
445,-0.541893124071137,154.651462225596,751.7004527403886,0,0
446,-0.2795710890776335,227.148328369966,751.7004527403886,0,0
447,-0.030732393759467014,253.789981066417,751.7004527403886,0,0
448,0.3731754772657099,263.227257815547,751.7004527403886,0,0
449,0.7869589253534175,283.397846290292,751.7004527403886,0,0
450,0.8697400257030627,251.938765122154,751.7004527403886,0,0
451,0.8696036127883506,216.065983122485,751.7004527403886,0,0
452,0.8696072026018979,206.053025231303,751.7004527403886,0,0
453,0.8696072026018979,166.800061461925,751.7004527403886,0,0
454,0.8696107924154417,181.928064066511,751.7004527403886,0,0
455,0.8696179720425328,139.720901871571,751.7004527403886,0,0
456,0.8696179720425328,111.678556608838,751.7004527403886,0,0
457,0.8696574599915283,97.883929508526,751.7004527403886,0,0
458,-0.7913420876919657,329.001953304843,751.7004527403886,0,0
459,-0.826633544653692,425.162509408621,751.7004527403886,0,0
460,-0.8267627779413134,486.816441869224,751.7004527403886,0,0
461,-0.8267412390600437,530.097918711072,751.7004527403886,0,0
462,-0.8267843168225828,508.363844631534,751.7004527403886,0,0
463,-0.8267879066361303,522.186221655867,751.7004527403886,0,0
464,-0.8268058557038562,325.608831120391,751.7004527403886,0,0
465,-0.8413302413072656,341.599684926717,751.7004527403886,0,0
466,-0.8454585268841139,457.773270924886,751.7004527403886,0,0
467,-0.8399014955163217,624.449909259604,751.7004527403886,0,0
468,-0.839836878872513,686.174193638933,751.7004527403886,0,0
469,-0.8399014955163217,700.04981965871,751.7004527403886,0,0
470,-0.8440405505338067,518.949576359915,751.7004527403886,0,0
471,-0.8454585268841139,521.262399022533,751.7004527403886,0,0
472,-0.11094677742438264,474.087013222799,751.7004527403886,0,0
473,0.8698800284313226,322.721779424562,751.7004527403886,0,0
474,0.8696072026018979,164.840621114007,751.7004527403886,0,0
475,0.8696072026018979,51.21737101036,751.7004527403886,0,0
476,0.8696072026018979,4.041604865122,751.7004527403886,0,0
477,0.8696072026018979,4.375275374271,751.7004527403886,0,0
478,0.8696072026018979,2.457111552473,751.7004527403886,0,0
479,0.8696072026018979,2.429720412322,751.7004527403886,0,0
480,0.8696072026018979,2.459969192535,751.7004527403886,0,0
481,0.8696072026018979,2.55977231001,751.7004527403886,0,0
482,0.8696072026018979,2.423649640241,751.7004527403886,0,0
483,0.8696072026018979,2.417150120635,751.7004527403886,0,0
484,0.8696072026018979,2.140379492457,751.7004527403886,0,0
485,0.8696072026018979,2.016994964644,751.7004527403886,0,0
486,0.8696072026018979,2.012315139616,751.7004527403886,0,0
487,0.8696072026018979,2.011917246539,751.7004527403886,0,0
488,0.8696072026018979,2.29047152785,751.7004527403886,0,0
489,0.8696072026018979,2.108660069121,751.7004527403886,0,0
490,0.8696072026018979,2.140127758325,751.7004527403886,0,0
491,0.8696072026018979,2.197625800757,751.7004527403886,0,0
492,0.8696072026018979,2.391527642189,824.2877011640742,0,0
493,0.8696072026018979,2.94233005402,824.2877011640742,0,0
494,0.8696072026018979,3.792720380216,824.2877011640742,0,0
495,0.8696072026018979,57.800447884148,824.2877011640742,0,0
496,0.8696072026018979,58.314077230604,824.2877011640742,0,0
497,0.8696072026018979,2.432026488971,824.2877011640742,0,0
498,0.8696072026018979,2.223872796186,824.2877011640742,0,0
499,0.8696072026018979,2.50569163937,824.2877011640742,0,0
500,0.8696072026018979,1.950326062737,824.2877011640742,0,0
501,0.8696072026018979,1.845231758826,824.2877011640742,0,0
502,0.624397808777811,1.831776974351,824.2877011640742,0,0
503,-0.6883144389480398,1.637029561697,824.2877011640742,0,0
504,-0.6880703316269757,1.5548746149,824.2877011640742,0,0
505,-0.49787124056776444,1.554628695748,824.2877011640742,0,0
506,-0.421106667719677,28.017204949247,824.2877011640742,0,0
507,-0.39575181465074627,1.595325557935,824.2877011640742,0,0
508,-0.7299885843929258,27.931393697339,824.2877011640742,0,0
509,-0.897607748253556,79.848200379629,824.2877011640742,0,0
510,-1.1721925863170668,105.987800093803,824.2877011640742,0,0
511,-0.7775715629330218,2.133618059082,824.2877011640742,0,0
512,-0.22384641341728773,2.416212235035,824.2877011640742,0,0
513,-0.17494597330614692,2.51986849257,824.2877011640742,0,0
514,-0.4373039064350983,2.822707249509,824.2877011640742,0,0
515,-0.6995720942254278,3.005307103112,824.2877011640742,0,0
516,-0.729776785393766,32.058778451072,824.2877011640742,0,0
517,-0.8121773655076349,3.445134297408,824.2877011640742,0,0
518,-1.0,7.590546544045,824.2877011640742,0,0
519,-1.0,114.343736666465,824.2877011640742,0,0
520,-1.0,464.693155782348,824.2877011640742,0,0
521,-1.0,780.024402938124,824.2877011640742,0,0
522,-1.0,586.762735632246,824.2877011640742,0,0
523,-1.0,615.580366377199,824.2877011640742,0,0
524,-1.0,529.175131526197,824.2877011640742,0,0
525,-1.0,722.363767717829,824.2877011640742,0,0
526,-1.0,724.524664713996,824.2877011640742,0,0
527,-1.0,750.264083913629,824.2877011640742,0,0
528,-1.0,605.305585123632,824.2877011640742,0,0
529,-1.0,513.391442650299,824.2877011640742,0,0
530,-1.0,540.025034697477,824.2877011640742,0,0
531,-1.0,455.858661246801,824.2877011640742,0,0
532,-1.0,502.795125309885,824.2877011640742,0,0
533,-1.0,373.111773128578,824.2877011640742,0,0
534,-1.0,479.384482672845,824.2877011640742,0,0
535,-1.0,807.318963444496,824.2877011640742,0,0
536,-1.0,329.831046280937,824.2877011640742,0,0
537,-1.0,342.189727322526,751.7004527403886,0,0
538,-1.0,437.013209468295,751.7004527403886,0,0
539,-1.0,431.893689679947,751.7004527403886,0,0
540,-1.0,318.495649469734,751.7004527403886,0,0
541,-0.7297983242750357,85.742508745553,751.7004527403886,0,0
542,-0.622933164851418,4.480086349815,751.7004527403886,0,0
543,-0.36061471967146197,3.785830453376,751.7004527403886,0,0
544,-0.09833576244049791,2.302341203992,751.7004527403886,0,0
545,0.5451778034648891,2.300205738197,751.7004527403886,0,0
546,0.9465333170595114,2.47700313232,751.7004527403886,0,0
547,0.944085064221764,2.565542909959,751.7004527403886,0,0
548,0.9462138236539996,2.289476604523,751.7004527403886,0,0
549,-0.6434345900073936,1.969512280012,751.7004527403886,0,0
550,-0.7410667489930585,2.097824265554,751.7004527403886,0,0
551,-0.7502961596174713,2.307788059797,751.7004527403886,0,0
552,-0.749725379263801,2.277569265289,751.7004527403886,0,0
553,-0.7515525943582474,2.315004710967,751.7004527403886,0,0
554,-0.7410164916034282,2.209396277981,751.7004527403886,0,0
555,-0.1275532548839411,2.367503787067,751.7004527403886,0,0
556,0.5148151605005651,2.45954776519,751.7004527403886,0,0
557,0.36681432766382005,2.909396995321,751.7004527403886,0,0
558,0.5606822081661063,2.685784986761,751.7004527403886,0,0
559,0.7112856558230369,2.71922854392,751.7004527403886,0,0
560,0.4087936072600389,2.690926963424,751.7004527403886,0,0
561,0.271221182771765,2.93472009864,751.7004527403886,0,0
562,0.18670261266629895,3.169347276644,751.7004527403886,0,0
563,0.1315810256815242,3.198307031188,751.7004527403886,0,0
564,-0.15537072004480112,3.303870141553,751.7004527403886,0,0
565,-0.417603009699675,168.522599556842,751.7004527403886,0,0
566,-0.6799250446931784,304.238938941968,751.7004527403886,0,0
567,-0.729776785393766,328.769297277264,751.7004527403886,0,0
568,-0.7778874665249895,7.592279895021,751.7004527403886,0,0
569,-1.0,195.300618406184,751.7004527403886,0,0
570,-1.0,219.569954874819,751.7004527403886,0,0
571,-1.0,566.268137946481,751.7004527403886,0,0
572,-1.0,511.671833001057,751.7004527403886,0,0
573,-1.0,494.598265816036,751.7004527403886,0,0
574,-1.0,501.43860824334,751.7004527403886,0,0
575,-1.0,355.688099362252,751.7004527403886,0,0
576,-1.0,358.536595820365,751.7004527403886,0,0
577,-1.0,513.77226678623,751.7004527403886,0,0
578,-1.0,591.261769700396,751.7004527403886,0,0
579,-1.0,717.729150755464,751.7004527403886,0,0
580,-1.0,795.087882524195,751.7004527403886,1,0
581,-1.0,917.858994817425,751.7004527403886,1,0
582,-1.0,915.632309684524,751.7004527403886,1,0
583,-1.0,990.221814588044,751.7004527403886,1,0
584,-1.0,962.694325984762,751.7004527403886,1,0
585,-1.0,838.842479857498,751.7004527403886,1,0
586,-1.0,795.315243084075,751.7004527403886,1,0
587,-1.0,838.829788804693,751.7004527403886,1,0
588,-1.0,840.469211893223,751.7004527403886,1,0
589,-1.0,810.1605244678,751.7004527403886,1,0
590,-1.0,898.681437388115,751.7004527403886,1,0
591,-1.0,778.199352368617,751.7004527403886,1,0
592,-1.0,734.162339445865,751.7004527403886,0,0
593,-0.7296798604280492,782.77457028801,751.7004527403886,1,0
594,-0.7297983242750357,791.108543406635,751.7004527403886,1,0
595,-0.660791338497878,457.28504282581,751.7004527403886,0,0
596,-0.3986200756732692,235.314733196694,751.7004527403886,0,0
597,-0.13636624713712586,85.257879276565,751.7004527403886,0,0
598,0.2968237329753072,56.390237960697,751.7004527403886,0,0
599,0.36657739996984695,3.26179962194,751.7004527403886,0,0
600,0.5596519316786683,2.730108141667,751.7004527403886,0,0
601,0.6380570493168596,2.76287074222,751.7004527403886,0,0
602,0.7123590100730175,2.206376931681,751.7004527403886,0,0
603,0.35333098798848317,2.133331066246,751.7004527403886,0,0
604,0.18752109015457719,2.156849557101,751.7004527403886,0,0
605,0.18752109015457719,2.046473174645,751.7004527403886,0,0
606,-0.00043077762541199327,2.082682210696,751.7004527403886,0,0
607,-0.25062283265007135,1.945951352624,751.7004527403886,0,0
608,-0.5128623019320363,2.446227294235,751.7004527403886,0,0
609,-0.729776785393766,2.705483153301,751.7004527403886,0,0
610,-0.9394039473589744,3.178198150508,751.7004527403886,0,0
611,-1.0,68.369134719486,751.7004527403886,0,0
612,-1.0,362.214662392492,751.7004527403886,0,0
613,-1.0,412.291526745732,751.7004527403886,0,0
614,-1.0,522.387573171928,751.7004527403886,0,0
615,-1.0,555.28332766993,751.7004527403886,0,0
616,-1.0,559.707644158317,751.7004527403886,0,0
617,-1.0,406.663977102383,751.7004527403886,0,0
618,-1.0,359.707787635282,751.7004527403886,0,0
619,-1.0,148.596407005506,751.7004527403886,0,0
620,-1.0,163.595877421189,751.7004527403886,0,0
621,-1.0,267.823368376244,751.7004527403886,0,0
622,-1.0,298.625580469894,751.7004527403886,0,0
623,-1.0,371.975095997657,751.7004527403886,0,0
624,-1.0,429.359794108064,751.7004527403886,0,0
625,-1.0,440.155969607219,751.7004527403886,0,0
626,-1.0,459.524217525645,751.7004527403886,0,0
627,-1.0,501.049776778194,751.7004527403886,0,0
628,-1.0,561.160092252152,751.7004527403886,0,0
629,-1.0,623.330307099517,751.7004527403886,0,0
630,-1.0,648.540793659907,751.7004527403886,0,0
631,-1.0,688.840645064264,751.7004527403886,0,0
632,-1.0,710.738138607264,751.7004527403886,0,0
633,-1.0,700.371406501829,751.7004527403886,0,0
634,-1.0,712.195967268613,751.7004527403886,0,0
635,-1.0,712.341864777225,751.7004527403886,0,0
636,-1.0,700.644883988425,751.7004527403886,0,0
637,-1.0,688.517763466692,751.7004527403886,0,0
638,-1.0,701.718616088453,751.7004527403886,0,0
639,-1.0,689.874328434743,751.7004527403886,0,0
640,-0.9197748468944524,690.484374303304,751.7004527403886,0,0
641,-0.7297983242750357,601.961519251871,751.7004527403886,0,0
642,-0.510572000890275,572.572448683222,751.7004527403886,0,0
643,-0.24830740291349296,517.786539510773,751.7004527403886,0,0
644,0.03652994263477871,441.846686422377,751.7004527403886,0,0
645,0.36657739996984695,396.443848022029,751.7004527403886,0,0
646,0.36692920169726273,351.5465018007,751.7004527403886,0,0
647,0.5596878298141204,305.406304428216,751.7004527403886,0,0
648,0.7085717567829524,221.418621069443,751.7004527403886,0,0
649,0.4841402037578171,130.13496083195,751.7004527403886,0,0
650,0.2716950381597185,166.512690796629,751.7004527403886,0,0
651,0.1846384698778758,203.637711162433,751.7004527403886,0,0
652,0.15423633896455247,258.752855335142,751.7004527403886,0,0
653,-0.13846987787454457,295.951544145445,751.7004527403886,0,0
654,-0.4009678137317556,335.807729467665,751.7004527403886,0,0
655,-0.6631713848782688,371.191417677453,751.7004527403886,0,0
656,-0.7297731955802225,390.434635503856,751.7004527403886,0,0
657,-0.7507843742595997,354.157552829542,751.7004527403886,0,0
658,-1.0,356.941030796357,751.7004527403886,0,0
659,-0.9232533762196393,278.158520476368,751.7004527403886,0,0
660,-0.7297983242750357,329.033780154441,751.7004527403886,0,0
661,-0.5226445438423937,3.962916944672,751.7004527403886,0,0
662,-0.2604194338146072,2.562439235797,751.7004527403886,0,0
663,-0.023233273263787435,2.756791467758,751.7004527403886,0,0
664,0.36657739996984695,2.833914252902,751.7004527403886,0,0
665,0.36691484244308414,2.640646494777,751.7004527403886,0,0
666,0.5605996424545716,2.807919049001,751.7004527403886,0,0
667,0.6389114249405896,2.745119848795,751.7004527403886,0,0
668,0.55529748784848,3.08032028989,751.7004527403886,0,0
669,0.2709196384339796,113.318589356105,751.7004527403886,0,0
670,0.18622875727834542,249.203543497277,751.7004527403886,0,0
671,-0.10844467738345775,368.030232771128,751.7004527403886,0,0
672,-0.37068055685187906,550.625926443242,751.7004527403886,0,0
673,-0.6330061816589261,603.460706309182,751.7004527403886,0,0
674,-0.729776785393766,605.21235512072,751.7004527403886,0,0
675,-1.0,625.719827146837,751.7004527403886,0,0
676,-0.7297983242750357,603.935276561118,751.7004527403886,0,0
677,-0.6275101771214008,591.13100188476,751.7004527403886,0,0
678,-0.3651809625008062,492.749792386414,751.7004527403886,0,0
679,-0.10298457098138436,469.926542778663,751.7004527403886,0,0
680,0.36657739996984695,340.703750843645,751.7004527403886,0,0
681,0.5600396315415361,216.750699325862,751.7004527403886,0,0
682,0.6371883144389474,273.560042889507,751.7004527403886,0,0
683,0.7128292756474237,294.41714045201,751.7004527403886,0,0
684,0.3534171435135649,435.207405215213,751.7004527403886,0,0
685,0.18730570134187374,404.411421126627,751.7004527403886,0,0
686,-0.027828234601496193,612.369717761077,751.7004527403886,0,0
687,-0.2701083405727913,577.767164689748,751.7004527403886,0,0
688,-0.5324626838881992,663.317170550055,751.7004527403886,0,0
689,-0.7297516566989528,602.63637068916,751.7004527403886,0,0
690,-0.9728538299720714,688.890888111324,751.7004527403886,0,0
691,-1.0,625.135359295782,751.7004527403886,0,0
692,-0.8703036264296434,663.770897201656,751.7004527403886,0,0
693,-0.7297983242750357,502.185027667408,751.7004527403886,0,0
694,-0.49100392725602027,427.713761284593,751.7004527403886,0,0
695,-0.22880035610950333,416.6311617662,751.7004527403886,0,0
696,0.08112619630536555,314.500933250417,824.2877011640742,0,0
697,0.36657739996984695,316.122558574794,824.2877011640742,0,0
698,0.36687894430763257,247.43316585188,824.2877011640742,0,0
699,0.5596878298141204,294.064348760445,824.2877011640742,0,0
700,0.6394714358536213,184.110992969748,824.2877011640742,0,0
701,0.557379579704629,408.026873238198,824.2877011640742,0,0
702,0.2710955392976875,457.825730491606,824.2877011640742,0,0
703,0.18622875727834542,525.739842744033,824.2877011640742,0,0
704,-0.10014143865367853,525.732419271193,824.2877011640742,0,0
705,-0.36244193476590847,547.435325682225,824.2877011640742,0,0
706,-0.6246885836749645,501.84101922673,824.2877011640742,0,0
707,-0.7297516566989528,546.387100261192,824.2877011640742,0,0
708,-1.0,499.203802493147,824.2877011640742,0,0
709,-1.0,390.466943104487,824.2877011640742,0,0
710,-1.0,96.534526686637,824.2877011640742,0,0
711,-1.0,8.204310311148,824.2877011640742,0,0
712,-1.0,74.901246833391,824.2877011640742,0,0
713,-1.0,138.737066920424,824.2877011640742,0,0
714,-1.0,183.921629477826,824.2877011640742,0,0
715,-1.0,230.298738988692,751.7004527403886,0,0
716,-1.0,383.466139872171,751.7004527403886,0,0
717,-1.0,383.190717645457,751.7004527403886,0,0
718,-1.0,532.619527415843,751.7004527403886,0,0
719,-1.0,619.968855527523,751.7004527403886,0,0
720,-1.0,702.391763704151,751.7004527403886,0,0
721,-1.0,806.637765841376,751.7004527403886,1,0
722,-1.0,763.443637165623,751.7004527403886,1,0
723,-1.0,717.636481044606,751.7004527403886,0,0
724,-1.0,691.090366022396,751.7004527403886,0,0
725,-1.0,640.573175700316,751.7004527403886,0,0
726,-1.0,712.595800926649,751.7004527403886,0,0
727,-1.0,599.738139057212,751.7004527403886,0,0
728,-1.0,514.452715869586,751.7004527403886,0,0
729,-1.0,230.107451065172,751.7004527403886,0,0
730,-1.0,187.547691187877,751.7004527403886,0,0
731,-1.0,264.952984955027,751.7004527403886,0,0
732,-0.8938779319802133,280.953647924107,751.7004527403886,0,0
733,-0.7297983242750357,356.754145657307,751.7004527403886,0,0
734,-0.49582863666061083,218.977648317042,751.7004527403886,0,0
735,-0.233510191480655,259.777130834369,751.7004527403886,0,0
736,0.0666233495832218,184.851879597121,751.7004527403886,0,0
737,0.36657739996984695,268.030330803028,751.7004527403886,0,0
738,0.36696509983271475,145.112252463556,751.7004527403886,0,0
739,0.5596914196276639,145.721493545797,751.7004527403886,0,0
740,0.6540747973550258,44.706996884809,751.7004527403886,0,0
741,0.5501102072758353,2.749626087666,751.7004527403886,0,0
742,0.27139708363547665,2.773090076231,751.7004527403886,0,0
743,0.18730570134187374,1.916807580447,751.7004527403886,0,0
744,0.17605163587803307,2.152317877815,751.7004527403886,0,0
745,-0.12044901387822016,2.498400458408,751.7004527403886,0,0
746,-0.3826848933466416,5.761916698316,751.7004527403886,0,0
747,-0.6448776950525199,63.590141295735,751.7004527403886,0,0
748,-0.7297516566989528,120.615228726029,751.7004527403886,0,0
749,-1.0,157.711984618469,751.7004527403886,0,0
750,-1.0,285.844226868201,751.7004527403886,0,0
751,-1.0,334.992870882472,751.7004527403886,0,0
752,-1.0,492.578128715087,751.7004527403886,0,0
753,-1.0,526.203112472299,751.7004527403886,0,0
754,-1.0,541.613956248259,751.7004527403886,0,0
755,-1.0,540.322142779493,751.7004527403886,0,0
756,-1.0,579.539732046923,751.7004527403886,0,0
757,-1.0,511.211107411467,751.7004527403886,0,0
758,-1.0,469.35587415253,751.7004527403886,0,0
759,-1.0,358.752997476577,751.7004527403886,0,0
760,-1.0,286.94799366083,751.7004527403886,0,0
761,-1.0,248.998186974749,751.7004527403886,0,0
762,-1.0,317.448433951818,751.7004527403886,0,0
763,-1.0,298.871703784243,751.7004527403886,0,0
764,-1.0,375.487192186649,751.7004527403886,0,0
765,-1.0,445.040388374923,751.7004527403886,0,0
766,-1.0,466.500646396594,751.7004527403886,0,0
767,-1.0,532.765784620448,751.7004527403886,0,0
768,-1.0,547.879126740549,751.7004527403886,0,0
769,-1.0,632.830317369157,751.7004527403886,0,0
770,-1.0,704.037098011248,751.7004527403886,0,0
771,-1.0,695.431833915103,751.7004527403886,0,0
772,-1.0,709.890529188796,751.7004527403886,0,0
773,-1.0,708.655226788565,751.7004527403886,0,0
774,-0.8065916156314838,704.738827222906,751.7004527403886,0,0
775,-0.7297983242750357,677.980946139297,751.7004527403886,0,0
776,-0.7060911956232998,655.760970105387,751.7004527403886,0,0
777,-0.4441317317978509,611.074396037418,751.7004527403886,0,0
778,-0.18183841531270817,545.356725477917,751.7004527403886,0,0
779,-0.175050077898955,466.25463411666,751.7004527403886,0,0
780,-0.3517658292828256,457.718991059992,751.7004527403886,0,0
781,-0.3521642985863317,488.270626903915,751.7004527403886,0,0
782,-0.3517299311473775,626.28124212502,751.7004527403886,0,0
783,0.3420733327110985,402.790636936612,751.7004527403886,0,0
784,0.34180409669521783,374.012540659155,751.7004527403886,0,0
785,0.34169999210240976,290.524667504692,751.7004527403886,0,0
786,0.34142357645943755,324.582108173095,751.7004527403886,0,0
787,0.34163537545859723,286.376695373584,751.7004527403886,0,0
788,0.23084296001665794,241.216535191014,751.7004527403886,0,0
789,0.0974490784948645,276.093995941208,751.7004527403886,0,0
790,0.17223925389315076,343.988660929389,751.7004527403886,0,0
791,0.3665953490375691,190.648219652908,751.7004527403886,0,0
792,0.637540116166367,73.8928640711,751.7004527403886,0,0
793,0.7142077640487337,2.362220228669,751.7004527403886,0,0
794,0.3543181867133818,2.366248649482,751.7004527403886,0,0
795,0.18890316836943466,1.970986660806,751.7004527403886,0,0
796,0.0016979818068236785,147.663488543183,751.7004527403886,0,0
797,-0.34441748095604063,171.99759520774,751.7004527403886,0,0
798,-0.7140749409475677,176.169962988167,751.7004527403886,0,0
799,-0.8396932863307094,137.5716489732,751.7004527403886,0,0
800,-0.8396753372629835,2.457039018086,751.7004527403886,0,0
801,-0.8396861067036183,2.82264373545,751.7004527403886,0,0
802,-0.5627176324461715,2.794932999246,751.7004527403886,0,0
803,-0.16709864089659154,2.933742953623,751.7004527403886,0,0
804,0.15887078825125678,2.715130655889,751.7004527403886,0,0
805,0.15910771594523343,3.069481226318,751.7004527403886,0,0
806,-0.030750342827193133,2.987249684611,751.7004527403886,0,0
807,-0.2762756402432477,64.127338776467,751.7004527403886,0,0
808,-0.5385438280335733,199.091673655672,751.7004527403886,0,0
809,-0.729776785393766,412.933331348101,751.7004527403886,0,0
810,-0.9830058226775704,566.235979524761,751.7004527403886,0,0
811,-1.0,727.92504695969,751.7004527403886,0,0
812,-1.0,710.200919034926,751.7004527403886,0,0
813,-1.0,745.603346222494,751.7004527403886,0,0
814,-1.0,769.82729298818,751.7004527403886,1,0
815,-1.0,810.855160736055,751.7004527403886,1,0
816,-1.0,812.779373159022,751.7004527403886,1,0
817,-1.0,833.053466959882,751.7004527403886,1,0
818,-1.0,797.438546454873,751.7004527403886,1,0
819,-1.0,833.216838530078,751.7004527403886,1,0
820,-1.0,897.859858152894,751.7004527403886,1,0
821,-1.0,889.697524412863,751.7004527403886,1,0
822,-1.0,921.778963688264,751.7004527403886,1,0
823,-1.0,959.905982152551,751.7004527403886,1,0
824,-1.0,917.898146120078,751.7004527403886,1,0
825,-1.0,988.954889067868,751.7004527403886,1,0
826,-1.0,963.572709005672,751.7004527403886,1,0
827,-1.0,910.456863204334,751.7004527403886,1,0
828,-1.0,883.586238482731,751.7004527403886,1,0
829,-1.0,917.400842037718,751.7004527403886,1,0
830,-1.0,921.352110381246,751.7004527403886,1,0
831,-1.0,934.846393084791,751.7004527403886,1,0
832,-1.0,917.968188156776,751.7004527403886,1,0
833,-1.0,825.714639793399,751.7004527403886,1,0
834,-1.0,762.391240634117,751.7004527403886,1,0
835,-1.0,810.812570289738,751.7004527403886,1,0
836,-1.0,815.866571154524,751.7004527403886,1,0
837,-1.0,864.174371712518,751.7004527403886,1,0
838,-1.0,800.274771400591,751.7004527403886,1,0
839,-1.0,817.050927083223,751.7004527403886,1,0
840,-1.0,730.34055971049,751.7004527403886,0,0
841,-1.0,598.835222398141,751.7004527403886,0,0
842,-1.0,632.947895200184,751.7004527403886,0,0
843,-1.0,660.428098720911,751.7004527403886,0,0
844,-1.0,515.805706498348,751.7004527403886,0,0
845,-1.0,493.70539528205,751.7004527403886,0,0
846,-1.0,169.922580954564,751.7004527403886,0,0
847,-1.0,238.090272867647,751.7004527403886,0,0
848,-1.0,356.372331700514,751.7004527403886,0,0
849,-1.0,321.268523285788,751.7004527403886,0,0
850,-1.0,382.550531941939,751.7004527403886,0,0
851,-1.0,461.383874491711,751.7004527403886,0,0
852,-0.9671101282999364,373.129970672253,751.7004527403886,0,0
853,-0.7297983242750357,207.58581391501,751.7004527403886,0,0
854,-0.5396423109783673,6.729854208933,751.7004527403886,0,0
855,-0.2773669435609506,3.466551226416,751.7004527403886,0,0
856,-0.027630794856514873,2.813141764589,751.7004527403886,0,0
857,0.36657739996984695,2.672348638494,751.7004527403886,0,0
858,0.36683586654509326,2.764992795807,751.7004527403886,0,0
859,0.5616801763316399,2.630343209842,751.7004527403886,0,0
860,0.6433520242958561,3.080078520795,751.7004527403886,0,0
861,0.5542277234120467,70.677979688619,751.7004527403886,0,0
862,0.2706647616722768,117.370143495072,751.7004527403886,0,0
863,0.18498309197820428,250.413383782963,751.7004527403886,0,0
864,-0.11011035086837473,287.431953421287,751.7004527403886,0,0
865,-0.3724144367941522,344.758629237336,751.7004527403886,0,0
866,-0.6345928792458521,133.319338251712,751.7004527403886,0,0
867,-0.729776785393766,149.959868045901,751.7004527403886,0,0
868,-1.0,134.997181038373,751.7004527403886,0,0
869,-0.9911295707300963,242.509589381496,751.7004527403886,0,0
870,-0.7297983242750357,294.491556750607,751.7004527403886,0,0
871,-0.5632058470883035,292.822251762535,751.7004527403886,0,0
872,-0.3010166351959689,297.531182235453,751.7004527403886,0,0
873,-0.03874485759209567,385.220787385975,751.7004527403886,0,0
874,0.36657739996984695,222.534376156748,751.7004527403886,0,0
875,0.5627140426326251,178.282352349769,751.7004527403886,0,0
876,0.6443894804103889,144.114805660309,751.7004527403886,0,0
877,0.6303210011271994,145.263211868294,751.7004527403886,0,0
878,0.3154512754607537,288.365498885134,751.7004527403886,0,0
879,0.1867062024798425,420.798936786814,751.7004527403886,0,0
880,-0.06324174522375281,500.56088250548,751.7004527403886,0,0
881,-0.3251294127783019,540.307615782512,751.7004527403886,0,0
882,-0.5874945255343444,583.690226876289,751.7004527403886,0,0
883,-0.729776785393766,620.409817039628,751.7004527403886,0,0
884,-1.0,626.4527795354,751.7004527403886,0,0
885,-0.7297983242750357,606.721667253985,751.7004527403886,0,0
886,-0.6283825018128567,536.323721519929,751.7004527403886,0,0
887,-0.36612508346316586,431.168797431255,751.7004527403886,0,0
888,-0.10385330585929275,368.702739898464,751.7004527403886,0,0
889,0.36657739996984695,173.158478658594,751.7004527403886,0,0
890,0.5621935196685888,195.966346493596,751.7004527403886,0,0
891,0.6430504799580707,110.38296722574,751.7004527403886,0,0
892,0.7128328654609672,111.025262419043,751.7004527403886,0,0
893,0.35307252141323686,397.436233935251,751.7004527403886,0,0
894,0.18734877910441283,456.821322220467,751.7004527403886,0,0
895,-0.024916895816430307,513.654183099782,751.7004527403886,0,0
896,-0.26899190856027133,518.350854536388,751.7004527403886,0,0
897,-0.5311416325036068,499.364561985014,751.7004527403886,0,0
898,-0.7297731955802225,548.305379244208,751.7004527403886,0,0
899,-0.9717517572137306,526.974668661846,751.7004527403886,0,0
900,-1.0,597.660948020455,751.7004527403886,0,0
901,-0.7902974519503455,593.504922172912,751.7004527403886,0,0
902,-0.7297983242750357,455.548996716548,751.7004527403886,0,0
903,-0.7062311983515597,339.848877558542,751.7004527403886,0,0
904,-0.4445948177451656,317.736063518253,751.7004527403886,0,0
905,-0.1823373993954749,102.006082597113,751.7004527403886,0,0
906,0.19472943575310597,102.907228476188,751.7004527403886,0,0
907,0.36657739996984695,78.5673698249,751.7004527403886,0,0
908,0.40335862955278246,2.993633363954,824.2877011640742,0,0
909,0.5608545192162704,4.312445658977,824.2877011640742,0,0
910,0.7186950309800906,2.498431312203,824.2877011640742,0,0
911,0.35293969831206806,180.265863720453,824.2877011640742,0,0
912,0.27066117185873306,253.495496464481,824.2877011640742,0,0
913,0.19191861174730462,422.699618792586,824.2877011640742,0,0
914,0.10684362054235041,346.93829291279,824.2877011640742,0,0
915,-0.17352081732874658,446.568644783006,824.2877011640742,0,0
916,-0.435756696797168,346.07619325846,824.2877011640742,0,0
917,-0.6980105253333151,493.497201045242,824.2877011640742,0,0
918,-0.729776785393766,441.550235697774,824.2877011640742,0,0
919,-0.8088460185377971,483.756501222092,824.2877011640742,0,0
920,-1.0,336.336637199372,824.2877011640742,0,0
921,-1.0,239.2025916125,824.2877011640742,0,0
922,-1.0,2.745638385793,824.2877011640742,0,0
923,-1.0,53.579496077215,824.2877011640742,0,0
924,-1.0,3.238016117833,824.2877011640742,0,0
925,-1.0,123.821124334242,824.2877011640742,0,0
926,-1.0,123.015286228328,751.7004527403886,0,0
927,-1.0,258.175832854404,751.7004527403886,0,0
928,-1.0,320.471157832212,751.7004527403886,0,0
929,-1.0,537.485111243159,751.7004527403886,0,0
930,-1.0,573.113818714764,751.7004527403886,0,0
931,-1.0,737.818903593378,751.7004527403886,0,0
932,-1.0,738.809468810504,751.7004527403886,0,0
933,-1.0,751.396875604446,751.7004527403886,0,0
934,-1.0,622.661920196192,751.7004527403886,0,0
935,-1.0,709.402568232557,751.7004527403886,0,0
936,-1.0,626.793248057525,751.7004527403886,0,0
937,-1.0,510.998170598635,751.7004527403886,0,0
938,-1.0,220.509025967671,751.7004527403886,0,0
939,-1.0,181.142489390223,751.7004527403886,0,0
940,-1.0,236.254170867466,751.7004527403886,0,0
941,-1.0,324.697116220738,751.7004527403886,0,0
942,-1.0,320.337794657306,751.7004527403886,0,0
943,-1.0,372.108856475613,751.7004527403886,0,0
944,-1.0,457.433747673041,751.7004527403886,0,0
945,-1.0,538.826078551817,751.7004527403886,0,0
946,-1.0,686.845764951666,751.7004527403886,0,0
947,-1.0,619.699877861872,751.7004527403886,0,0
948,-1.0,666.365075188061,751.7004527403886,0,0
949,-1.0,593.504711845439,751.7004527403886,0,0
950,-1.0,614.840783085155,751.7004527403886,0,0
951,-1.0,520.11698961573,751.7004527403886,0,0
952,-1.0,408.112280956034,751.7004527403886,0,0
953,-1.0,276.071035933348,751.7004527403886,0,0
954,-0.7297624261395876,245.800579273478,751.7004527403886,0,0
955,-0.7297983242750357,197.933457213548,751.7004527403886,0,0
956,-0.658881557691893,147.989966383897,751.7004527403886,0,0
957,-0.39657029213902817,163.599309029801,751.7004527403886,0,0
958,-0.13436672099251123,181.138557309073,751.7004527403886,0,0
959,0.3106768234457895,105.258216181956,751.7004527403886,0,0
960,0.36657381015629964,138.94048485578,751.7004527403886,0,0
961,0.5602550203542431,225.301240235055,751.7004527403886,0,0
962,0.6375365263528192,194.255835567731,751.7004527403886,0,0
963,0.718178097829598,108.806540839889,751.7004527403886,0,0
964,0.3529827760746109,38.244521657604,751.7004527403886,0,0
965,0.19153091188443705,144.424063788108,751.7004527403886,0,0
966,-0.012984355592571495,147.141337749682,751.7004527403886,0,0
967,-0.26103688174436435,218.848267050752,751.7004527403886,0,0
968,-0.5232009649418818,289.694045745489,751.7004527403886,0,0
969,-0.729776785393766,182.622504055391,751.7004527403886,0,0
970,-0.9578878973026143,2.602389356951,751.7004527403886,0,0
971,-1.0,5.37281025036,751.7004527403886,0,0
972,-1.0,2.643084857626,751.7004527403886,0,0
973,-1.0,58.39035165922,751.7004527403886,0,0
974,-1.0,57.10753560117,751.7004527403886,0,0
975,-1.0,124.414168812001,751.7004527403886,0,0
976,-1.0,155.805595894026,751.7004527403886,0,0
977,-1.0,218.290586463574,751.7004527403886,0,0
978,-1.0,334.13226338646,751.7004527403886,0,0
979,-1.0,370.573290493292,751.7004527403886,0,0
980,-1.0,459.125551403813,751.7004527403886,0,0
981,-1.0,474.120731731802,751.7004527403886,0,0
982,-1.0,564.333762160128,751.7004527403886,0,0
983,-1.0,620.522555655764,751.7004527403886,0,0
984,-1.0,652.380891584231,751.7004527403886,0,0
985,-1.0,680.515517209882,751.7004527403886,0,0
986,-1.0,670.320355769816,751.7004527403886,0,0
987,-1.0,678.927117060526,751.7004527403886,0,0
988,-1.0,675.900738839329,751.7004527403886,0,0
989,-1.0,675.450976228206,751.7004527403886,0,0
990,-1.0,680.606161743988,751.7004527403886,0,0
991,-1.0,726.649247563267,751.7004527403886,0,0
992,-1.0,725.519104091065,751.7004527403886,0,0
993,-1.0,723.488721641642,751.7004527403886,0,0
994,-1.0,736.629573152661,751.7004527403886,0,0
995,-0.7297983242750357,731.754707951734,751.7004527403886,0,0
996,-0.5736163063690489,692.417668614676,751.7004527403886,0,0
997,-0.31121529547755455,611.787411302751,751.7004527403886,0,0
998,-0.048868131789234104,544.391575082483,751.7004527403886,0,0
999,0.36657381015629964,428.951227172464,751.7004527403886,0,0
1000,0.560333996252234,360.640795652975,751.7004527403886,0,0
1001,0.6404191466295244,352.631074272189,751.7004527403886,0,0
1002,0.6202443945061478,314.198610568818,751.7004527403886,0,0
1003,0.2977032372938542,329.402696108855,751.7004527403886,0,0
1004,0.18846880093048046,408.023015158096,751.7004527403886,0,0
1005,-0.07133677476791989,509.500453781019,751.7004527403886,0,0
1006,-0.33356906442279355,476.77905398375,751.7004527403886,0,0
1007,-0.5959341771788361,613.23946761562,751.7004527403886,0,0
1008,-0.729776785393766,554.676869871342,751.7004527403886,0,0
1009,-1.0,611.457456339274,751.7004527403886,0,0
1010,-1.0,550.630497277343,751.7004527403886,0,0
1011,-1.0,530.21831384018,751.7004527403886,0,0
1012,-1.0,526.922086558499,751.7004527403886,0,0
1013,-1.0,508.768803266206,751.7004527403886,0,0
1014,-1.0,509.197745104086,751.7004527403886,0,0
1015,-1.0,565.47531944831,751.7004527403886,0,0
1016,-1.0,546.256743543429,751.7004527403886,0,0
1017,-1.0,530.233182038967,751.7004527403886,0,0
1018,-1.0,613.787696695216,751.7004527403886,0,0
1019,-1.0,598.310760411278,751.7004527403886,0,0
1020,-1.0,571.847000585387,751.7004527403886,0,0
1021,-1.0,486.604090826815,751.7004527403886,0,0
1022,-1.0,283.445285337408,751.7004527403886,0,0
1023,-1.0,280.812443624177,751.7004527403886,0,0
1024,-1.0,280.44503105769,751.7004527403886,0,0
1025,-1.0,296.617150341277,751.7004527403886,0,0
1026,-1.0,308.328389710209,751.7004527403886,0,0
1027,-1.0,395.845508170131,751.7004527403886,0,0
1028,-1.0,468.363681903541,751.7004527403886,0,0
1029,-1.0,517.758235409764,751.7004527403886,0,0
1030,-1.0,578.104797913144,751.7004527403886,0,0
1031,-1.0,639.039661322492,751.7004527403886,0,0
1032,-1.0,723.9087488033,751.7004527403886,0,0
1033,-1.0,740.613087431945,751.7004527403886,0,0
1034,-1.0,741.281794000974,751.7004527403886,0,0
1035,-1.0,742.225692864896,751.7004527403886,0,0
1036,-1.0,717.945450753816,751.7004527403886,0,0
1037,-1.0,729.897851700624,751.7004527403886,0,0
1038,-1.0,701.251596730559,751.7004527403886,0,0
1039,-1.0,685.472550887144,751.7004527403886,0,0
1040,-1.0,688.146050195853,751.7004527403886,0,0
1041,-1.0,672.352645544982,751.7004527403886,0,0
1042,-1.0,670.258065238265,751.7004527403886,0,0
1043,-1.0,652.510098227905,751.7004527403886,0,0
1044,-1.0,667.56151428385,751.7004527403886,0,0
1045,-1.0,648.65008333789,751.7004527403886,0,0
1046,-1.0,646.6010391768,751.7004527403886,0,0
1047,-1.0,634.354074935182,751.7004527403886,0,0
1048,-1.0,614.733509504766,751.7004527403886,0,0
1049,-1.0,567.831749324762,751.7004527403886,0,0
1050,-1.0,536.390376872944,751.7004527403886,0,0
1051,-1.0,560.172524140732,751.7004527403886,0,0
1052,-1.0,559.626038745799,751.7004527403886,0,0
1053,-1.0,559.643048370372,751.7004527403886,0,0
1054,-1.0,546.245360364748,751.7004527403886,0,0
1055,-0.7297983242750357,459.801099255725,751.7004527403886,0,0
1056,-0.6375796041153614,404.484973249504,751.7004527403886,0,0
1057,-0.375404751477209,334.485999344939,751.7004527403886,0,0
1058,-0.1131545127546092,260.355194485792,751.7004527403886,0,0
1059,-0.37110415485019854,255.904717923361,751.7004527403886,0,0
1060,-0.9251344385172637,388.137424923099,751.7004527403886,0,0
1061,-1.2258602988160796,373.990653153008,751.7004527403886,0,0
1062,-0.8355757701944979,165.985262788379,751.7004527403886,0,0
1063,-0.6887416267599066,206.879936158832,751.7004527403886,0,0
1064,-0.6663734985604853,181.644272929209,751.7004527403886,0,0
1065,-0.4998025602550189,105.319644186614,751.7004527403886,0,0
1066,-0.35571103436887686,115.214694492992,751.7004527403886,0,0
1067,-0.7298162733427616,168.320862464456,751.7004527403886,0,0
1068,-0.8113660676464478,273.904791899786,751.7004527403886,0,0
1069,-0.8980816036415071,337.753649919757,751.7004527403886,0,0
1070,-0.8912501884652111,363.034204737957,751.7004527403886,0,0
1071,-0.844934414106532,401.977370617966,751.7004527403886,0,0
1072,-0.8449380039200758,445.835078592516,751.7004527403886,0,0
1073,-0.8446615882771036,398.67481394114,751.7004527403886,0,0
1074,-0.8157384605443583,386.917116341353,751.7004527403886,0,0
1075,0.8515612099107568,343.185913908789,751.7004527403886,0,0
1076,0.8514427460637701,238.119878380542,751.7004527403886,0,0
1077,0.8514427460637701,184.473168882766,751.7004527403886,0,0
1078,0.8514427460637701,175.45032191,751.7004527403886,0,0
1079,0.8514427460637701,6.744246570233,751.7004527403886,0,0
1080,0.8514427460637701,4.360878469774,751.7004527403886,0,0
1081,0.8514427460637701,146.211767148614,751.7004527403886,0,0
1082,0.8514427460637701,125.138689330996,751.7004527403886,0,0
1083,0.8514427460637701,132.289104863626,751.7004527403886,0,0
1084,0.8514427460637701,21.590285838325,751.7004527403886,0,0
1085,0.8514427460637701,58.312618806518,751.7004527403886,0,0
1086,0.8514427460637701,2.465453707,751.7004527403886,0,0
1087,0.8514427460637701,22.286882512638,751.7004527403886,0,0
1088,0.8514427460637701,2.510135930457,751.7004527403886,0,0
1089,0.8514427460637701,2.535149450308,751.7004527403886,0,0
1090,0.8514427460637701,2.577914630954,751.7004527403886,0,0
1091,0.8514427460637701,2.608810415822,751.7004527403886,0,0
1092,0.8514427460637701,2.02950336317,751.7004527403886,0,0
1093,0.8514427460637701,2.238149409917,751.7004527403886,0,0
1094,0.8514427460637701,2.170693394725,751.7004527403886,0,0
1095,0.8514427460637701,2.622705099725,751.7004527403886,0,0
1096,0.8514427460637701,86.346451270852,751.7004527403886,0,0
1097,0.8514427460637701,27.833644661823,751.7004527403886,0,0
1098,0.8514427460637701,4.668685787352,751.7004527403886,0,0
1099,0.5566795660633375,135.280676247185,751.7004527403886,0,0
1100,-0.84544057781639,395.295209400504,751.7004527403886,0,0
1101,-0.8449739020555276,400.420400806844,751.7004527403886,0,0
1102,-0.8446795373448294,251.815067025371,751.7004527403886,0,0
1103,-0.9424445194316607,415.044054486313,751.7004527403886,0,0
1104,-1.2258602988160796,409.242231195675,751.7004527403886,0,0
1105,-1.059493979882685,399.972390677433,751.7004527403886,0,0
1106,-0.5053560018092655,58.976654918195,751.7004527403886,0,0
1107,-0.045572682954848176,4.234064516408,751.7004527403886,0,0
1108,-0.30698290530790007,80.551552355668,751.7004527403886,0,0
1109,-0.5691075005564222,81.365323880212,751.7004527403886,0,0
1110,-0.729776785393766,343.568406278381,751.7004527403886,0,0
1111,-1.0,438.674586314948,751.7004527403886,0,0
1112,-1.0,528.882721729947,751.7004527403886,0,0
1113,-1.0,532.826497012987,751.7004527403886,0,0
1114,-1.0,505.282867763514,751.7004527403886,0,0
1115,-1.0,507.19021224062,751.7004527403886,0,0
1116,-1.0,475.431570779166,751.7004527403886,0,0
1117,-1.0,561.531547657437,751.7004527403886,0,0
1118,-1.0,560.497096962957,751.7004527403886,0,0
1119,-1.0,602.865719075803,751.7004527403886,0,0
1120,-1.0,414.68824955273,751.7004527403886,0,0
1121,-1.0,312.90288052479,751.7004527403886,0,0
1122,-1.0,643.148199583129,751.7004527403886,0,0
1123,-1.0,833.082234733432,751.7004527403886,1,0
1124,-1.0,729.971063954648,751.7004527403886,0,0
1125,-1.0,575.462422654228,751.7004527403886,0,0
1126,-1.0,542.501214798302,751.7004527403886,0,0
1127,-1.0,681.916051782383,751.7004527403886,0,0
1128,-1.0,514.290137298484,751.7004527403886,0,0
1129,-1.0,409.43102596414,751.7004527403886,0,0
1130,-1.0,636.820680725882,751.7004527403886,0,0
1131,-1.0,489.718232351049,751.7004527403886,0,0
1132,-1.0,418.575154838012,751.7004527403886,0,0
1133,-1.0,462.002409954886,751.7004527403886,0,0
1134,-1.0,487.665873244217,751.7004527403886,0,0
1135,-1.0,522.578199273526,751.7004527403886,0,0
1136,-1.0,333.817146874124,751.7004527403886,0,0
1137,-1.0,326.157248943521,751.7004527403886,0,0
1138,-1.0,8.118243244751,751.7004527403886,0,0
1139,-1.0,186.643497472875,751.7004527403886,0,0
1140,-1.0,73.868252028579,751.7004527403886,0,0
1141,-1.0,2.896706058287,751.7004527403886,0,0
1142,-1.0,2.508327162795,751.7004527403886,0,0
1143,-1.0,2.564690588277,751.7004527403886,0,0
1144,-1.0,2.196856115338,751.7004527403886,0,0
1145,-1.0,2.458763858276,751.7004527403886,0,0
1146,-1.0,2.534290968699,751.7004527403886,0,0
1147,-1.0,2.58707295347,751.7004527403886,0,0
1148,-1.0,2.485392165665,751.7004527403886,0,0
1149,-1.0,2.461707025372,751.7004527403886,0,0
1150,-1.0,2.809259228142,751.7004527403886,0,0
1151,-1.0,2.858718500618,751.7004527403886,0,0
1152,-1.0,2.821173255186,751.7004527403886,0,0
1153,-1.0,2.827670520621,751.7004527403886,0,0
1154,-1.0,82.109528292944,751.7004527403886,0,0
1155,-1.0,119.924077460884,751.7004527403886,0,0
1156,-0.7297983242750357,26.468585718192,751.7004527403886,0,0
1157,-0.6516301343308212,3.310153264998,751.7004527403886,0,0
1158,-0.3893727159811303,2.933560471549,751.7004527403886,0,0
1159,-0.12707939949599156,2.781994407859,751.7004527403886,0,0
1160,0.32865819949311814,2.813298429005,751.7004527403886,0,0
1161,0.36657381015629964,2.947162774051,751.7004527403886,0,0
1162,0.5075386084446765,2.587290979103,751.7004527403886,0,0
1163,0.5976824163752925,110.859490124885,751.7004527403886,0,0
1164,0.7159811319400062,82.664794575089,751.7004527403886,0,0
1165,0.3534171435135649,160.411274583646,751.7004527403886,0,0
1166,0.2379579704630137,296.510167691163,751.7004527403886,0,0
1167,0.19041089005836942,296.174659461423,751.7004527403886,0,0
1168,0.02527228735739473,274.140096975572,751.7004527403886,0,0
1169,-0.23331275173567367,180.61838796682,751.7004527403886,0,0
1170,-0.4956850441188073,198.188450194794,751.7004527403886,0,0
1171,-0.7297480668854054,268.144920019346,751.7004527403886,0,0
1172,-0.9108613398620076,328.1180029665,751.7004527403886,0,0
1173,-0.9999964101864552,371.401995448578,751.7004527403886,0,0
1174,-0.9999964101864552,467.069546462532,751.7004527403886,0,0
1175,-0.9999964101864552,510.974536176881,751.7004527403886,0,0
1176,-0.9999964101864552,486.803609188014,751.7004527403886,0,0
1177,-0.9999964101864552,485.562642419818,751.7004527403886,0,0
1178,-0.9999964101864552,484.269467811901,751.7004527403886,0,0
1179,-0.9999964101864552,528.569569535464,751.7004527403886,0,0
1180,-0.9999964101864552,545.342488551037,751.7004527403886,0,0
1181,-0.9999964101864552,562.406336174418,751.7004527403886,0,0
1182,-0.9999964101864552,553.452221710349,751.7004527403886,0,0
1183,-0.9999964101864552,608.679744861864,751.7004527403886,0,0
1184,-0.9999964101864552,598.403081370907,751.7004527403886,0,0
1185,-0.9999964101864552,624.681679266893,751.7004527403886,0,0
1186,-0.9999964101864552,643.068505579594,751.7004527403886,0,0
1187,-0.9999964101864552,677.337685965183,751.7004527403886,0,0
1188,-0.9999964101864552,656.302728440087,751.7004527403886,0,0
1189,-0.9999964101864552,678.385218987139,751.7004527403886,0,0
1190,-0.9999964101864552,665.45988341135,751.7004527403886,0,0
1191,-0.9999964101864552,686.472240538438,751.7004527403886,0,0
1192,-0.9999964101864552,684.994544364226,751.7004527403886,0,0
1193,-0.9999964101864552,696.993156973391,751.7004527403886,0,0
1194,-0.9999964101864552,704.79402055365,751.7004527403886,0,0
1195,-0.9999964101864552,705.962906773736,751.7004527403886,0,0
1196,-0.9999964101864552,718.656740062378,751.7004527403886,0,0
1197,-0.9999964101864552,718.506894142364,751.7004527403886,0,0
1198,-0.9999964101864552,707.03089122386,751.7004527403886,0,0
1199,-0.9999964101864552,697.035832549512,751.7004527403886,0,0
1200,-0.9999964101864552,692.91864802297,751.7004527403886,0,0
1201,-0.9999964101864552,685.252080165224,751.7004527403886,0,0
1202,-0.9999964101864552,685.192327384196,751.7004527403886,0,0
1203,-0.9999964101864552,671.622918497529,751.7004527403886,0,0
1204,-0.9999964101864552,656.455765681625,751.7004527403886,0,0
1205,-0.9999964101864552,657.431979821425,751.7004527403886,0,0
1206,-0.9999964101864552,653.558302070916,751.7004527403886,0,0
1207,-0.9999964101864552,624.942293583738,751.7004527403886,0,0
1208,-0.9999964101864552,620.877417219293,751.7004527403886,0,0
1209,-0.9999964101864552,596.522198385594,751.7004527403886,0,0
1210,-0.9999964101864552,566.369810983402,751.7004527403886,0,0
1211,-0.9999964101864552,552.299293361392,751.7004527403886,0,0
1212,-0.9999964101864552,560.298210426672,751.7004527403886,0,0
1213,-0.9999964101864552,558.233665478648,751.7004527403886,0,0
1214,-0.9999964101864552,570.348578115605,751.7004527403886,0,0
1215,-0.9999964101864552,580.775134807744,751.7004527403886,0,0
1216,-0.9999964101864552,595.750057459774,751.7004527403886,0,0
1217,-0.9999964101864552,516.261936581077,751.7004527403886,0,0
1218,-0.9999964101864552,512.471475517555,751.7004527403886,0,0
1219,-0.9999964101864552,480.733277176784,751.7004527403886,0,0
1220,-0.9999964101864552,488.414112710933,751.7004527403886,0,0
1221,-0.9999964101864552,449.865165833635,751.7004527403886,0,0
1222,-0.9999964101864552,415.069864710397,751.7004527403886,0,0
1223,-0.9999964101864552,295.791406026862,751.7004527403886,0,0
1224,-0.9999964101864552,180.966325618217,751.7004527403886,0,0
1225,-0.7297983242750357,165.069324729535,751.7004527403886,0,0
1226,-0.5632848229862945,92.783042066701,751.7004527403886,0,0
1227,-0.30096996761988204,55.200839296182,751.7004527403886,0,0
1228,-0.038791525168182295,3.242996251717,751.7004527403886,0,0
1229,-0.5824687865712251,27.78811998224,751.7004527403886,0,0
1230,-0.6250870529784669,172.46015698211,751.7004527403886,0,0
1231,-0.6599585017554175,209.498214694109,751.7004527403886,0,0
1232,-0.6740951874959632,289.108880505279,751.7004527403886,0,0
1233,-0.030743163200101842,248.717565906019,751.7004527403886,0,0
1234,-0.1568138250899236,289.743873789845,751.7004527403886,0,0
1235,-0.06295814995369309,296.215755894114,751.7004527403886,0,0
1236,-0.14112992971145122,261.246568816266,751.7004527403886,0,0
1237,-0.24043135199557686,242.960892800203,751.7004527403886,0,0
1238,-0.2976601595313141,356.132506523157,751.7004527403886,0,0
1239,-0.2976422104635881,405.286111490905,751.7004527403886,0,0
1240,-0.2627097348563724,424.202474645437,751.7004527403886,0,0
1241,-0.45659197461283707,469.250624982917,751.7004527403886,0,0
1242,-0.5483547884522877,417.509985024992,751.7004527403886,0,0
1243,-0.30298385301867514,380.858802011304,751.7004527403886,0,0
1244,-0.20342037434575566,420.446078001711,751.7004527403886,0,0
1245,-0.13616880739214454,406.447410258246,751.7004527403886,0,0
1246,-0.06558230365514817,388.56082597107,751.7004527403886,0,0
1247,-0.06558230365514817,381.729458493497,751.7004527403886,0,0
1248,-0.06558230365514817,306.711960656949,751.7004527403886,0,0
1249,-0.06558230365514817,311.851502307384,751.7004527403886,0,0
1250,-0.06558230365514817,330.975628843766,751.7004527403886,0,1
1251,-0.06558230365514817,359.733706018386,751.7004527403886,0,1
1252,-0.06558230365514817,385.92675909025,751.7004527403886,0,1
1253,-0.06558230365514817,421.545392854555,751.7004527403886,0,1
1254,-0.06558230365514817,437.844325238219,751.7004527403886,0,1
1255,-0.06558230365514817,438.185531975024,751.7004527403886,0,1
1256,-0.06558230365514817,429.678527152881,751.7004527403886,0,1
1257,-0.06558230365514817,442.651227084362,751.7004527403886,0,1
1258,-0.06558230365514817,437.29997876267,751.7004527403886,0,1
1259,-0.06558230365514817,450.183250697841,751.7004527403886,0,1
1260,-0.06558230365514817,443.057389474093,751.7004527403886,0,1
1261,-0.06558230365514817,451.044134555173,751.7004527403886,0,1
1262,-0.06558230365514817,462.61736971802,751.7004527403886,0,1
1263,-0.06558230365514817,459.678624850216,751.7004527403886,0,1
1264,-0.06558230365514817,494.421234280122,751.7004527403886,0,1
1265,-0.06558230365514817,526.15108330718,824.2877011640742,0,1
1266,-0.06558230365514817,514.825087102734,824.2877011640742,0,1
1267,-0.06558230365514817,485.065947506765,824.2877011640742,0,1
1268,-0.06558230365514817,465.834408922146,824.2877011640742,0,1
1269,-0.06558230365514817,477.839504572119,824.2877011640742,0,1
1270,-0.06558230365514817,476.286482279481,824.2877011640742,0,1
1271,-0.06558230365514817,502.370560424286,824.2877011640742,0,1
1272,-0.06558230365514817,564.0870432435,824.2877011640742,0,1
1273,-0.06558230365514817,554.755580670707,824.2877011640742,0,1
1274,-0.06558230365514817,540.787939170526,824.2877011640742,0,1
1275,-0.06558230365514817,510.284825413143,824.2877011640742,0,1
1276,-0.06558230365514817,506.745505470948,824.2877011640742,0,1
1277,-0.06558230365514817,475.585053019163,824.2877011640742,0,1
1278,-0.06558230365514817,508.953644731439,824.2877011640742,0,1
1279,-0.06558230365514817,565.626022080405,824.2877011640742,0,1
1280,-0.06558230365514817,571.325113815728,824.2877011640742,0,1
1281,-0.06558230365514817,592.583079822114,824.2877011640742,0,1
1282,-0.06558230365514817,568.020582689489,824.2877011640742,0,1
1283,-0.06558230365514817,518.85634605627,824.2877011640742,0,1
1284,-0.06558230365514817,538.613700934145,824.2877011640742,0,1
1285,-0.06558230365514817,559.296247510084,824.2877011640742,0,1
1286,-0.06558230365514817,557.969804178215,824.2877011640742,0,1
1287,-0.06558230365514817,546.84095312923,824.2877011640742,0,1
1288,-0.06557871384160463,501.538921151668,824.2877011640742,0,1
1289,-0.27613922732853147,439.84582564246,824.2877011640742,0,1
1290,-0.4650208568166979,432.192778414078,824.2877011640742,0,1
1291,-0.8154476856472077,511.082785927467,824.2877011640742,0,1
1292,-0.8758714272380694,600.432913033474,824.2877011640742,0,1
1293,-0.43349870407731084,535.817838799546,824.2877011640742,0,1
1294,0.1060502717488856,505.533787690058,824.2877011640742,0,1
1295,0.6470567118743866,425.754631558987,824.2877011640742,0,1
1296,0.9999999999999998,116.65861583677,824.2877011640742,0,1
1297,0.45716634478005225,88.518668731649,824.2877011640742,0,1
1298,0.15486455633494423,118.149970763945,824.2877011640742,0,1
1299,0.15900361135242536,338.896934219774,824.2877011640742,0,1
1300,-0.03070726506465382,506.631665193516,824.2877011640742,0,1
1301,0.2958006361149603,557.709477786001,824.2877011640742,0,1
1302,0.2958006361149603,656.110038581986,824.2877011640742,0,1
1303,-0.16238880552543988,492.377432649463,824.2877011640742,0,1
1304,-0.16069800334570594,544.678165705857,824.2877011640742,0,1
1305,0.007258602988161611,618.110407304994,824.2877011640742,0,1
1306,-0.051305615186346465,639.538652405742,824.2877011640742,0,1
1307,-0.062110953957050574,655.97229940496,824.2877011640742,0,1
1308,-0.07360553692841143,625.986101642046,824.2877011640742,0,1
1309,-0.07573070654710357,423.358782231562,824.2877011640742,0,1
1310,-0.4319766231341937,517.365537244196,824.2877011640742,0,1
1311,-0.5410961854641284,554.238979764757,824.2877011640742,0,1
1312,-0.6932899205215287,645.985184479114,824.2877011640742,0,1
1313,-0.5919817924656976,684.297148201968,824.2877011640742,0,1
1314,-0.33238083613937,692.339542524285,824.2877011640742,0,1
1315,-0.3323844259529175,648.135086555159,824.2877011640742,0,1
1316,-0.3323844259529175,541.758619134272,824.2877011640742,0,1
1317,-0.3323844259529175,473.082358449485,824.2877011640742,0,1
1318,-0.3323844259529175,507.047978747163,824.2877011640742,0,1
1319,-0.3323844259529175,572.41511688993,824.2877011640742,0,1
1320,-0.3323844259529175,677.87616577705,824.2877011640742,0,1
1321,-0.3323844259529175,722.356798037215,824.2877011640742,0,1
1322,-0.3323844259529175,696.38933016535,824.2877011640742,0,1
1323,-0.3323844259529175,588.043578339542,824.2877011640742,0,1
1324,-0.3323844259529175,596.167059586092,824.2877011640742,0,1
1325,-0.3323844259529175,644.219651998615,824.2877011640742,0,1
1326,-0.3323844259529175,713.007604311512,824.2877011640742,0,1
1327,-0.3323844259529175,740.112323163439,824.2877011640742,0,1
1328,-0.3323844259529175,741.592615755818,824.2877011640742,0,1
1329,-0.3323844259529175,666.464506964567,824.2877011640742,0,1
1330,-0.3323844259529175,577.190260206042,824.2877011640742,0,1
1331,-0.3323844259529175,651.836728521901,824.2877011640742,0,1
1332,-0.3323844259529175,718.580230554744,824.2877011640742,0,1
1333,-0.3323844259529175,688.922274767722,824.2877011640742,0,1
1334,-0.3323844259529175,617.975315654337,824.2877011640742,0,1
1335,-0.3323844259529175,577.52793246222,824.2877011640742,0,1
1336,-0.3323844259529175,513.499029013178,824.2877011640742,0,1
1337,-0.3323844259529175,555.297784504908,824.2877011640742,0,1
1338,-0.3323844259529175,547.41347382024,751.7004527403886,0,1
1339,-0.3323844259529175,601.64710088212,751.7004527403886,0,1
1340,-0.3323844259529175,695.703101015872,751.7004527403886,0,1
1341,-0.3323844259529175,704.894996488196,751.7004527403886,0,1
1342,-0.3323844259529175,689.089155781652,751.7004527403886,0,1
1343,-0.3323844259529175,630.022380116994,751.7004527403886,0,1
1344,-0.3323844259529175,484.517286927397,751.7004527403886,0,1
1345,-0.3323844259529175,360.941419665213,751.7004527403886,0,1
1346,-0.3323844259529175,462.212294196428,751.7004527403886,0,1
1347,-0.3323844259529175,517.511758984404,751.7004527403886,0,1
1348,-0.3323844259529175,513.665333727064,751.7004527403886,0,1
1349,-0.3323844259529175,343.164142941242,751.7004527403886,0,1
1350,-0.3323844259529175,353.825627292681,751.7004527403886,0,1
1351,-0.3323844259529175,340.992737837537,751.7004527403886,0,1
1352,-0.3323844259529175,545.203081717111,751.7004527403886,0,1
1353,-0.3323844259529175,634.279818594178,751.7004527403886,0,1
1354,-0.3323844259529175,639.099153788197,751.7004527403886,0,1
1355,-0.3323844259529175,581.595101623381,751.7004527403886,0,1
1356,-0.3323844259529175,471.513756759596,751.7004527403886,0,1
1357,-0.3323844259529175,246.448589953591,751.7004527403886,0,1
1358,-0.3323844259529175,230.588460853484,751.7004527403886,0,1
1359,-0.3323844259529175,274.793251248236,751.7004527403886,0,1
1360,-0.3323844259529175,335.919447452601,751.7004527403886,0,1
1361,-0.3323844259529175,401.071565522945,751.7004527403886,0,1
1362,-0.3323844259529175,356.63425986897,751.7004527403886,0,1
1363,-0.3323844259529175,287.37789935522,751.7004527403886,0,1
1364,-0.3323844259529175,271.065327017895,751.7004527403886,0,1
1365,-0.3323844259529175,291.996937956966,751.7004527403886,0,1
1366,-0.3323844259529175,371.355651215922,751.7004527403886,0,1
1367,-0.3323844259529175,353.789829428667,751.7004527403886,0,1
1368,-0.3323844259529175,294.388292143323,751.7004527403886,0,1
1369,-0.3323844259529175,267.014362271898,751.7004527403886,0,1
1370,-0.3323844259529175,273.190411918814,751.7004527403886,0,1
1371,-0.3323844259529175,272.188269293398,751.7004527403886,0,1
1372,-0.3323844259529175,299.006159285179,751.7004527403886,0,1
1373,-0.3323844259529175,309.650173539506,751.7004527403886,0,1
1374,-0.3323844259529175,311.922650422727,751.7004527403886,0,1
1375,-0.3323844259529175,321.991930569327,751.7004527403886,0,1
1376,-0.3323844259529175,303.544153003204,751.7004527403886,0,1
1377,-0.3631096400852958,296.163562564088,751.7004527403886,0,1
1378,-0.49280242384210604,306.114254306728,751.7004527403886,0,1
1379,-0.6976587236058955,316.252551129457,751.7004527403886,0,1
1380,-1.016653145035647,368.458864346718,751.7004527403886,0,1
1381,-0.1226531593948994,313.190901927866,751.7004527403886,0,1
1382,0.5240732896333349,370.292717050425,751.7004527403886,0,1
1383,0.3529002103630723,368.370820506532,751.7004527403886,0,1
1384,-0.38894193835572366,321.163922160149,751.7004527403886,0,1
1385,-0.030732393759467014,242.036752724064,751.7004527403886,0,1
1386,-1.1490741870867232,509.245253501341,751.7004527403886,0,1
1387,-0.46465828564864353,572.870265726959,751.7004527403886,0,1
1388,0.7306203915768623,462.448216355736,751.7004527403886,0,1
1389,0.3876747341743061,397.84631649949,751.7004527403886,0,1
1390,-0.41955945808174655,443.084775124507,751.7004527403886,0,1
1391,-1.226007481171428,381.11396686897,751.7004527403886,0,1
1392,-1.1604000488214643,593.082747559942,751.7004527403886,0,1
1393,-0.030757522454284203,613.089627315871,751.7004527403886,0,1
1394,-0.03072521413237972,516.015869788055,751.7004527403886,0,1
1395,-0.030728803945923477,443.794611007485,751.7004527403886,0,1
1396,-0.13047895292318534,408.660420712633,751.7004527403886,0,1
1397,-0.3928153471708673,293.886275671502,751.7004527403886,0,1
1398,-0.6551804599269098,400.268533921981,751.7004527403886,0,1
1399,-0.729776785393766,623.759378312757,751.7004527403886,0,1
1400,-0.7375451419053306,625.866970814798,751.7004527403886,0,1
1401,-1.0,684.984064348411,751.7004527403886,0,1
1402,-1.0,670.263144183982,751.7004527403886,0,1
1403,-1.0,533.634643501115,751.7004527403886,0,1
1404,-1.0,510.824104634311,751.7004527403886,0,1
1405,-1.0,560.278176397003,751.7004527403886,0,1
1406,-1.0,592.520449429536,751.7004527403886,0,1
1407,-1.0,611.233602480789,751.7004527403886,0,1
1408,-1.0,627.057335942582,751.7004527403886,0,1
1409,-1.0,602.833427827472,751.7004527403886,0,1
1410,-1.0,488.105220628141,751.7004527403886,0,1
1411,-1.0,525.330545102192,751.7004527403886,0,1
1412,-1.0,518.230763770942,751.7004527403886,0,1
1413,-1.0,550.887207493481,751.7004527403886,0,1
1414,-1.0,585.72060810282,751.7004527403886,0,1
1415,-1.0,626.699440709651,751.7004527403886,0,1
1416,-1.0,532.166692586515,751.7004527403886,0,1
1417,-1.0,502.883213242097,751.7004527403886,0,1
1418,-1.0,462.148242653263,751.7004527403886,0,1
1419,-1.0,590.06358549902,751.7004527403886,0,1
1420,-1.0,588.18944134287,751.7004527403886,0,1
1421,-1.0,548.104735728658,751.7004527403886,0,1
1422,-1.0,520.24429639196,751.7004527403886,0,1
1423,-1.0,507.587402156678,751.7004527403886,0,1
1424,-1.0,550.402957507758,751.7004527403886,0,1
1425,-1.0,593.974671318251,751.7004527403886,0,1
1426,-1.0,581.958241333652,751.7004527403886,0,1
1427,-1.0,606.68494427141,751.7004527403886,0,1
1428,-1.0,669.260239568342,751.7004527403886,0,1
1429,-1.0,647.595107634172,751.7004527403886,0,1
1430,-1.0,648.718097755707,751.7004527403886,0,1
1431,-1.0,717.736546245038,751.7004527403886,0,1
1432,-1.0,462.639757520549,751.7004527403886,0,1
1433,-1.0,607.446497774747,751.7004527403886,0,1
1434,-1.0,594.786252586726,751.7004527403886,0,1
1435,-1.0,652.966385599411,751.7004527403886,0,1
1436,-1.0,616.680424094311,751.7004527403886,0,1
1437,-1.0,313.332297325185,751.7004527403886,0,1
1438,-1.0,374.776416013625,751.7004527403886,0,1
1439,-1.0,466.635104777176,751.7004527403886,0,1
1440,-1.0,597.233056773608,751.7004527403886,0,1
1441,-1.0,651.925927883891,751.7004527403886,0,1
1442,-1.0,682.124812527007,751.7004527403886,0,1
1443,-1.0,483.701705449014,751.7004527403886,0,1
1444,-1.0,245.483494585806,751.7004527403886,0,1
1445,-1.0,258.309931807268,751.7004527403886,0,1
1446,-1.0,475.726905317665,751.7004527403886,0,1
1447,-1.0,586.253982574613,751.7004527403886,0,1
1448,-1.0,625.773011038465,751.7004527403886,0,1
1449,-0.7906707925590346,606.053814826076,751.7004527403886,0,1
1450,-0.7297983242750357,226.816864216451,751.7004527403886,0,1
1451,-0.6971202515741333,232.031729033271,751.7004527403886,0,1
1452,-0.435110530359054,244.039643899808,751.7004527403886,0,1
1453,-0.172975165669897,299.788693450214,751.7004527403886,0,1
1454,0.39475384648521383,258.97420163435,751.7004527403886,0,1
1455,1.0951874959614576,163.686044922399,751.7004527403886,0,1
1456,1.0638448338993258,2.768914756456,751.7004527403886,0,1
1457,1.0465419326120193,2.343242833663,751.7004527403886,0,1
1458,1.03961718228355,2.618780462484,751.7004527403886,0,1
1459,1.0319134424158019,2.651378787046,751.7004527403886,0,1
1460,1.0197655133792358,2.852148962582,751.7004527403886,0,1
1461,1.0264282073189113,6.321590589565,751.7004527403886,0,1
1462,1.0298241709325617,22.950014447378,751.7004527403886,0,1
1463,1.0338734806114174,23.562632120528,751.7004527403886,0,1
1464,1.0009369413352684,23.550050871249,751.7004527403886,0,1
1465,0.5771415032703215,6.143760626292,751.7004527403886,0,1
1466,-0.559497569696229,328.382990925535,751.7004527403886,0,1
1467,-0.6472110738568242,343.050153803791,751.7004527403886,0,1
1468,-0.62892815347171,464.474410669073,751.7004527403886,0,1
1469,-0.6280630084073453,367.633716217021,751.7004527403886,0,1
1470,-0.6287019952183681,413.531845911371,751.7004527403886,0,1
1471,-0.633591321266775,309.222403519017,751.7004527403886,0,1
1472,-0.632022572747571,244.388031386538,751.7004527403886,0,1
1473,-0.6501654904044292,243.652321206533,751.7004527403886,0,1
1474,-0.6493147045942429,477.111343417431,751.7004527403886,0,1
1475,-0.6501367718960684,548.435089596833,751.7004527403886,0,1
1476,-0.654229159337463,592.957869799849,751.7004527403886,0,1
1477,-0.6501224126418862,429.49391572672,751.7004527403886,0,1
1478,-0.6713741088287876,427.702417577874,751.7004527403886,0,1
1479,-0.6705987091030486,456.615228765298,751.7004527403886,0,1
1480,-0.6722177150118827,630.825762890532,751.7004527403886,0,1
1481,-0.674612120646452,705.377527852376,751.7004527403886,0,1
1482,-0.6713382106933357,748.57400117263,751.7004527403886,0,1
1483,-0.6609385208532289,710.399129833378,751.7004527403886,0,1
1484,-0.66016312112749,685.025293956082,751.7004527403886,0,1
1485,-0.6638498596382909,688.509145372937,751.7004527403886,0,1
1486,-0.664424229805505,690.533112196939,751.7004527403886,0,1
1487,-0.6548430174536726,748.028983082797,751.7004527403886,0,1
1488,-0.6916924534939641,768.145589232651,751.7004527403886,1,1
1489,-0.6910498768693939,746.953483027008,751.7004527403886,0,1
1490,-0.694029422111816,761.851399608062,751.7004527403886,1,1
1491,-0.6859487518218311,809.584624087522,751.7004527403886,1,1
1492,-0.6835328073059883,779.759120837188,751.7004527403886,1,1
1493,-1.293707774818176,772.230650547612,751.7004527403886,1,1
1494,-1.3089860212660558,787.223246496545,751.7004527403886,1,1
1495,-1.3089860212660558,884.983761745505,751.7004527403886,1,1
1496,-1.3089860212660558,927.083312301266,751.7004527403886,1,1
1497,-1.3089860212660558,903.656292061092,751.7004527403886,1,1
1498,-1.3089860212660558,833.343128961623,751.7004527403886,1,1
1499,-1.3089860212660558,758.280616112978,751.7004527403886,1,1
1500,-1.3089860212660558,762.552088885409,751.7004527403886,1,1
1501,-1.3089860212660558,752.034715630958,751.7004527403886,1,1
1502,-1.3089860212660558,752.471126160741,751.7004527403886,1,1
1503,-1.3089860212660558,690.798109883392,751.7004527403886,0,1
1504,-1.3089860212660558,651.679748798512,751.7004527403886,0,1
1505,-1.3089860212660558,544.758973255846,751.7004527403886,0,1
1506,-1.3089860212660558,555.762754526698,751.7004527403886,0,1
1507,-1.3089860212660558,650.242845128307,751.7004527403886,0,1
1508,-1.3089860212660558,651.027246714661,751.7004527403886,0,1
1509,-1.3089860212660558,666.543476184034,751.7004527403886,0,1
1510,-1.3089860212660558,649.039398765588,751.7004527403886,0,1
1511,-1.3089860212660558,573.760330090636,751.7004527403886,0,1
1512,-1.3089860212660558,378.624051807436,751.7004527403886,0,1
1513,-1.3089860212660558,459.254184184785,751.7004527403886,0,1
1514,-1.3089860212660558,413.175508869842,751.7004527403886,0,1
1515,-1.3089860212660558,434.836318122582,751.7004527403886,0,1
1516,-1.300937659297976,357.797854182217,751.7004527403886,0,1
1517,-0.979473446149207,339.963189569961,751.7004527403886,0,1
1518,-0.9496133770811945,2.881486393146,751.7004527403886,0,1
1519,-1.0142551495875307,3.05276670923,751.7004527403886,0,1
1520,-0.9952829850017593,2.803965260651,751.7004527403886,0,1
1521,-0.9756897826726882,60.516732358768,751.7004527403886,0,1
1522,-0.9556155453285757,77.518167365235,751.7004527403886,0,1
1523,-0.9351536081215945,146.03770074241,751.7004527403886,0,1
1524,-0.9222948960031017,111.422285033527,751.7004527403886,0,1
1525,-0.9144224348987313,40.765215705619,751.7004527403886,0,1
1526,-0.8935297200663399,111.516233733641,751.7004527403886,0,1
1527,-0.8902306814184073,232.373250018395,751.7004527403886,0,1
1528,-0.8725975172849523,290.913420861433,751.7004527403886,0,1
1529,-0.7752094656203568,330.075178470475,751.7004527403886,0,1
1530,-0.6810953239088761,332.074648471496,751.7004527403886,0,1
1531,-0.6633257468607071,303.979914324289,751.7004527403886,0,1
1532,-0.6465720870457976,315.957375144728,751.7004527403886,0,1
1533,-0.6307661380067912,324.007586494009,751.7004527403886,0,1
1534,-0.6159007201165969,299.392880052245,751.7004527403886,0,1
1535,-0.6019040371043148,332.403165485935,751.7004527403886,0,1
1536,-0.5887581399022154,369.105067305079,751.7004527403886,0,1
1537,-0.5763948220529421,395.533208307385,751.7004527403886,0,1
1538,-0.566748993057301,365.672882274871,751.7004527403886,0,1
1539,-0.5556313405081728,317.960515803368,751.7004527403886,0,1
1540,-0.5451275460752578,311.424369222327,751.7004527403886,0,1
1541,-0.5352591486398184,309.191238823423,751.7004527403886,0,1
1542,-0.5259579417445056,343.238236349297,751.7004527403886,0,1
1543,-0.5172023865080462,384.419281188244,751.7004527403886,0,1
1544,-0.5089278662866238,383.067302295725,751.7004527403886,0,1
1545,-0.5010984829447942,362.587327140059,751.7004527403886,0,1
1546,-0.4784611187294918,330.206369406443,751.7004527403886,0,1
1547,-0.7853901768342165,363.651846563979,751.7004527403886,0,1
1548,-0.7877450945197904,362.62926515266,751.7004527403886,0,1
1549,-0.7948636947796934,376.428702468468,751.7004527403886,0,1
1550,-0.7934493082429317,381.736038570618,751.7004527403886,0,1
1551,-0.7956462741325199,343.351540651507,751.7004527403886,0,0
1552,-0.7920241522655314,273.803194238946,751.7004527403886,0,0
1553,-0.6545199342346174,260.945859806994,751.7004527403886,0,0
1554,-0.6670806918288682,266.259941737683,751.7004527403886,0,0
1555,-0.666560168864828,262.636449234164,751.7004527403886,0,0
1556,-0.6682796895529265,319.36151636299,751.7004527403886,0,0
1557,-0.6615703280371606,333.955659766216,751.7004527403886,0,0
1558,-0.6545019851668915,330.213831274787,751.7004527403886,0,0
1559,-0.19929926839600043,315.970987154443,751.7004527403886,0,0
1560,-0.030753932640740445,307.116139120056,751.7004527403886,0,0
1561,-0.53149702404457,295.218042065521,751.7004527403886,0,0
1562,-1.085588334541904,370.564595868366,751.7004527403886,0,0
1563,-1.0898207247115586,495.247304938312,751.7004527403886,0,0
1564,-0.893572797828881,511.465261847765,751.7004527403886,0,0
1565,-0.8905214563155591,447.165634055541,751.7004527403886,0,0
1566,-0.889588104793837,493.384869430097,751.7004527403886,0,0
1567,-0.8890496327620745,453.842894444976,751.7004527403886,0,0
1568,-0.8935692080153359,410.761099826343,751.7004527403886,0,0
1569,-0.06894236913334661,431.283739461226,751.7004527403886,0,0
1570,0.8058557038547416,336.336106016709,751.7004527403886,0,0
1571,0.8078588198128995,322.607184881404,751.7004527403886,0,0
1572,0.8078588198128995,265.412961848842,751.7004527403886,0,0
1573,0.8078588198128995,213.972130833654,751.7004527403886,0,0
1574,0.8078588198128995,80.043050189253,751.7004527403886,0,0
1575,0.8078588198128995,195.991268873973,751.7004527403886,0,0
1576,0.8078588198128995,331.512097577247,751.7004527403886,0,0
1577,0.8078588198128995,244.576751946591,751.7004527403886,0,0
1578,0.8078588198128995,119.287411677903,751.7004527403886,0,0
1579,0.8078588198128995,132.098464433226,751.7004527403886,0,0
1580,0.8078588198128995,25.317971823049,751.7004527403886,0,0
1581,0.8078588198128995,6.348902734145,751.7004527403886,0,0
1582,0.8078588198128995,61.279902828415,751.7004527403886,0,0
1583,0.8078588198128995,61.185732043918,751.7004527403886,0,0
1584,0.8078588198128995,43.504138261948,751.7004527403886,0,0
1585,0.8078588198128995,43.97003485526,751.7004527403886,0,0
1586,0.8078588198128995,44.944480714191,751.7004527403886,0,0
1587,0.8078588198128995,2.281611902796,751.7004527403886,0,0
1588,0.8078588198128995,3.840631036351,751.7004527403886,0,0
1589,0.8078588198128995,3.793844579358,751.7004527403886,0,0
1590,0.8078588198128995,66.408243738796,751.7004527403886,0,0
1591,0.8078588198128995,171.756823889424,751.7004527403886,0,0
1592,0.8078588198128995,317.93452861068,751.7004527403886,0,0
1593,0.8078588198128995,70.650337168685,751.7004527403886,0,0
1594,0.8078588198128995,5.022813936175,751.7004527403886,0,0
1595,0.7831465433685387,4.19144049023,751.7004527403886,0,0
1596,0.5843857470042986,199.331135776909,751.7004527403886,0,0
1597,0.5885140325811486,435.76172601687,751.7004527403886,0,0
1598,0.4074366577399986,461.942981292707,751.7004527403886,0,0
1599,-0.8427984750472053,407.097958151778,751.7004527403886,0,0
1600,-0.8543145968998374,406.310706414753,751.7004527403886,0,0
1601,-0.8544079320520095,497.359802486873,751.7004527403886,0,0
1602,-0.8476913909091566,518.571919007989,751.7004527403886,0,0
1603,-0.8454585268841139,377.354216762623,751.7004527403886,0,0
1604,-0.8458964841366141,422.624269013568,751.7004527403886,0,0
1605,-0.8707703021905043,451.57237230914,751.7004527403886,0,0
1606,-0.8519381403329913,381.001348123057,751.7004527403886,0,0
1607,-0.8454513472570246,289.990575509342,751.7004527403886,0,0
1608,-1.0656289712312346,364.824669984227,751.7004527403886,0,0
1609,-1.1207900461650022,368.232838099369,751.7004527403886,0,0
1610,-1.1162704709117413,537.110620046089,751.7004527403886,0,0
1611,-1.11346682653303,708.265863288744,751.7004527403886,0,0
1612,-1.1181766619041809,722.819102161332,751.7004527403886,0,0
1613,-1.1176489593130534,734.570602141698,751.7004527403886,0,0
1614,-1.115337119390019,700.13924728005,751.7004527403886,0,0
1615,-1.1103867665113476,823.933279543906,751.7004527403886,1,0
1616,-1.1070231112196034,806.75096352043,751.7004527403886,1,0
1617,-1.1122283408599758,826.916056253252,751.7004527403886,1,0
1618,-1.1087964791108753,833.492412666584,751.7004527403886,1,0
1619,-1.1033256032681666,847.978005755039,751.7004527403886,1,0
1620,-1.0992762935893112,583.491005104193,751.7004527403886,0,0
1621,-1.1049912767530858,647.510098327525,751.7004527403886,0,0
1622,-1.1504526754880353,341.875127103212,751.7004527403886,0,0
1623,-1.1498747155072768,506.694867978845,751.7004527403886,0,0
1624,-1.1254244954517063,644.383342255287,751.7004527403886,0,0
1625,-1.1248214067761324,719.163586153917,751.7004527403886,0,0
1626,-1.0938054177466026,587.539662960728,751.7004527403886,0,0
1627,-1.0932489966471144,567.550708682008,751.7004527403886,0,0
1628,-1.1056697515131064,538.972821969912,751.7004527403886,0,0
1629,-1.1051133304136187,560.836879147542,751.7004527403886,0,0
1630,-1.058004207261475,472.819757288911,751.7004527403886,0,0
1631,-1.057533941687069,604.643129835243,751.7004527403886,0,0
1632,-1.1140699152086042,669.177816809952,751.7004527403886,0,0
1633,-1.10560154505575,404.332946020596,751.7004527403886,0,0
1634,-1.1066569502380048,384.076357891542,751.7004527403886,0,0
1635,-1.1076620980306287,300.697950897707,751.7004527403886,0,0
1636,-1.108613398620076,184.260631462169,751.7004527403886,0,0
1637,-1.1095288010740725,65.971010697071,751.7004527403886,0,0
1638,-1.111675509574033,84.757391491287,751.7004527403886,0,0
1639,-1.1108031848825775,45.61339915956,751.7004527403886,0,0
1640,-1.1099021416827612,63.738188234667,793.7957634826035,0,0
1641,-1.1089544309068586,2.707693109486,793.7957634826035,0,0
1642,-1.1079600525548703,43.316165375198,793.7957634826035,0,0
1643,-1.1103006109862654,2.683833470783,793.7957634826035,0,0
1644,-1.1112124236267171,5.433057648261,793.7957634826035,0,0
1645,-1.1120955177588079,2.639975972511,793.7957634826035,0,0
1646,-1.1129283545012674,3.290342063001,793.7957634826035,0,0
1647,-1.113725293108276,5.678793117116,793.7957634826035,0,0
1648,-1.1157499479477038,92.411236863701,793.7957634826035,0,0
1649,-1.1150248056115966,74.141083665023,793.7957634826035,0,0
1650,-1.114238636445223,72.584315885601,793.7957634826035,0,0
1651,-1.113420158956944,71.941089855745,793.7957634826035,0,0
1652,-1.1125621935196688,136.325822187275,793.7957634826035,0,0
1653,-1.1204059361156782,102.863157115601,793.7957634826035,0,0
1654,0.1820717531931384,23.904020593393,793.7957634826035,0,0
1655,0.8421702576768146,2.713804239609,793.7957634826035,0,0
1656,0.8421271799142753,2.874129180459,793.7957634826035,0,0
1657,0.8421271799142753,2.714108063173,793.7957634826035,0,0
1658,0.8421271799142753,2.473025416534,793.7957634826035,0,0
1659,0.8421271799142753,2.642128420589,793.7957634826035,0,0
1660,0.8421271799142753,2.607888778788,793.7957634826035,0,0
1661,0.8421271799142753,42.181178505841,793.7957634826035,0,0
1662,0.8421271799142753,132.644098662918,793.7957634826035,0,0
1663,0.8421271799142753,3.868392931152,793.7957634826035,0,0
1664,0.8421271799142753,3.998091901137,793.7957634826035,0,0
1665,0.8421271799142753,2.53760589075,793.7957634826035,0,0
1666,0.8421271799142753,2.63956977389,793.7957634826035,0,0
1667,0.8421271799142753,2.108585632577,793.7957634826035,0,0
1668,0.8421271799142753,2.159482727171,793.7957634826035,0,0
1669,0.8421271799142753,2.165213163805,793.7957634826035,0,0
1670,0.8421271799142753,2.241684713912,793.7957634826035,0,0
1671,0.8421271799142753,1.958035372664,793.7957634826035,0,0
1672,0.8421271799142753,2.274789519744,793.7957634826035,0,0
1673,0.8421271799142753,2.008293925135,793.7957634826035,0,0
1674,0.8421271799142753,1.75933594118,793.7957634826035,0,0
1675,0.8421271799142753,2.139275234927,793.7957634826035,0,0
1676,0.8421271799142753,2.385391232985,793.7957634826035,0,0
1677,0.8423246196592526,2.512715990791,793.7957634826035,0,0
1678,-0.1335805518261377,27.362171920688,793.7957634826035,0,0
1679,-1.2258602988160796,244.218044680534,793.7957634826035,0,0
1680,-0.678830151561928,248.659490897129,793.7957634826035,0,0
1681,-0.1243583208288157,387.526913058558,793.7957634826035,0,0
1682,-0.22195817149257246,370.085595894713,793.7957634826035,0,0
1683,-0.484287386113167,249.716829768878,793.7957634826035,0,0
1684,-0.7297516566989528,239.358611274457,793.7957634826035,0,0
1685,-0.8917850706834289,431.842958895416,793.7957634826035,0,0
1686,-1.0,427.728531452334,793.7957634826035,0,0
1687,-1.0,629.392694885639,751.7004527403886,0,0
1688,-1.0,664.395621227346,751.7004527403886,0,0
1689,-1.0,732.805583075546,751.7004527403886,0,0
1690,-1.0,649.762371149095,751.7004527403886,0,0
1691,-1.0,626.843747201241,751.7004527403886,0,0
1692,-1.0,629.560186122081,751.7004527403886,0,0
1693,-1.0,762.89774315045,751.7004527403886,1,0
1694,-1.0,801.422390750629,751.7004527403886,1,0
1695,-1.0,919.420280789076,751.7004527403886,1,0
1696,-1.0,882.244154950218,751.7004527403886,1,0
1697,-1.0,832.513610253868,751.7004527403886,1,0
1698,-1.0,626.697365883894,751.7004527403886,0,0
1699,-1.0,708.336343006952,751.7004527403886,0,0
1700,-1.0,772.481051081225,751.7004527403886,1,0
1701,-1.0,823.453579393356,751.7004527403886,1,0
1702,-1.0,797.359801171533,751.7004527403886,1,0
1703,-1.0,850.08171888896,751.7004527403886,1,0
1704,-1.0,777.607086081518,751.7004527403886,1,0
1705,-1.0,547.70339633881,751.7004527403886,0,0
1706,-1.0,609.793898868334,751.7004527403886,0,0
1707,-1.0,609.215622229062,751.7004527403886,0,0
1708,-0.7297983242750357,627.369658045328,751.7004527403886,0,0
1709,-0.5793528284140907,423.201354794855,751.7004527403886,0,0
1710,-0.31706310174249563,345.19187262358,751.7004527403886,0,0
1711,-0.05476978525735299,33.504793239718,751.7004527403886,0,0
1712,0.36657739996984695,3.089239999709,751.7004527403886,0,0
1713,0.5601221972530743,2.702178037507,751.7004527403886,0,0
1714,0.6670519733205047,2.506618965133,751.7004527403886,0,0
1715,0.3524478938563924,2.49423558015,824.2877011640742,0,0
1716,0.18627542485443227,2.020662228701,824.2877011640742,0,0
1717,0.08899865740973412,2.495784913682,824.2877011640742,0,0
1718,-0.1832599814765612,1.923191524795,824.2877011640742,0,0
1719,-0.44544919336889577,69.503274305845,824.2877011640742,0,0
1720,-0.7076132765664171,2.438047379555,824.2877011640742,0,0
1721,-0.7297516566989528,2.034714525067,751.7004527403886,0,0
1722,-0.8257719894028709,2.021452289716,751.7004527403886,0,0
1723,-1.0,2.016130637196,751.7004527403886,0,0
1724,-0.9222087404780199,2.263426288054,751.7004527403886,0,0
1725,-0.7297983242750357,2.140791023327,751.7004527403886,0,0
1726,-0.5218691441166547,2.145027971332,751.7004527403886,0,0
1727,-0.259471723038704,2.11633937167,751.7004527403886,0,0
1728,-0.022027095912638073,2.253650904073,751.7004527403886,0,0
1729,0.36657739996984695,2.098443754126,751.7004527403886,0,0
1730,0.39963958272007316,2.071578769584,751.7004527403886,0,0
1731,0.5583129312263502,2.090681442535,751.7004527403886,0,0
1732,0.5989962881327939,2.026308424897,751.7004527403886,0,0
1733,0.24627556844697507,2.14718249981,751.7004527403886,0,0
1734,0.18704723476662743,2.19595785931,751.7004527403886,0,0
1735,0.039430511979205995,2.352956434152,751.7004527403886,0,0
1736,-0.22250023333788227,2.498031205589,751.7004527403886,0,0
1737,-0.4847038044843953,3.319439630467,751.7004527403886,0,0
1738,-0.7297731955802225,3.205336988549,751.7004527403886,0,0
1739,-0.8922517464442898,124.164330237182,751.7004527403886,0,0
1740,-1.0,300.983337582088,751.7004527403886,0,0
1741,-0.8814751261819465,616.119668216971,751.7004527403886,0,0
1742,-0.7297983242750357,462.2839378264,751.7004527403886,0,0
1743,-0.4973794361120888,379.737969982778,751.7004527403886,0,0
1744,-0.2351435566436676,141.68980108007,751.7004527403886,0,0
1745,0.06561102216350978,142.766009568892,751.7004527403886,0,0
1746,0.36657739996984695,142.800802606407,751.7004527403886,0,0
1747,0.5575016333651632,199.799022439674,751.7004527403886,0,0
1748,0.6681001988756721,354.190393455952,751.7004527403886,0,0
1749,0.5498122527515932,336.334168729728,751.7004527403886,0,0
1750,0.18774006878082794,560.015910209323,751.7004527403886,0,0
1751,-0.0116704838350703,531.500482145314,751.7004527403886,0,0
1752,-0.25969788129204596,560.429260051669,751.7004527403886,0,0
1753,-0.521865554303111,623.527057060782,751.7004527403886,0,0
1754,-0.729776785393766,622.209577260954,751.7004527403886,0,0
1755,-0.9559817063101745,665.763257658247,751.7004527403886,0,0
1756,-1.0,603.254539232192,751.7004527403886,0,0
1757,-0.8098906542794172,583.052401200815,751.7004527403886,0,0
1758,-0.7297983242750357,501.30169884887,751.7004527403886,0,0
1759,-0.7172519259349672,503.775918772476,751.7004527403886,0,0
1760,-0.45607504146234834,463.758997518706,751.7004527403886,0,0
1761,-0.19373505740111918,405.5872449335,751.7004527403886,0,0
1762,0.16716325754040495,345.591810990836,751.7004527403886,0,0
1763,0.36657739996984695,262.07778488394,751.7004527403886,0,0
1764,0.5573616306369031,155.074479133936,751.7004527403886,0,0
1765,0.7120143879726895,2.717998275186,824.2877011640742,0,0
1766,0.3834028560556564,116.482102604362,824.2877011640742,0,0
1767,0.18739185686695592,338.874735416654,824.2877011640742,0,0
1768,-0.036476095431603905,432.273358240435,824.2877011640742,0,0
1769,-0.29664783211160195,503.951982664441,824.2877011640742,0,0
1770,-0.558758068105942,414.594737545661,824.2877011640742,0,0
1771,-0.729776785393766,482.567745147484,824.2877011640742,0,0
1772,-1.0,413.259268998296,824.2877011640742,0,0
1773,-0.7344830309513739,433.191224303027,824.2877011640742,0,0
1774,-0.7297983242750357,294.910337801218,824.2877011640742,0,0
1775,-0.6736608200570052,52.581255875059,824.2877011640742,0,0
1776,-0.4114680183511269,3.874952729678,824.2877011640742,0,0
1777,-0.14912803428989752,3.489067995376,824.2877011640742,0,0
1778,0.2734181486613567,3.45071175515,824.2877011640742,0,0
1779,0.36657739996984695,3.253893545552,824.2877011640742,0,0
1780,0.5579647193124779,2.926334369886,824.2877011640742,0,0
1781,0.710761543045453,2.509582657382,824.2877011640742,0,0
1782,0.35328432041239655,3.261470910516,824.2877011640742,0,0
1783,0.18644414609105264,99.807924383104,824.2877011640742,0,0
1784,-0.09254539319227817,288.595081567528,824.2877011640742,0,0
1785,-0.3546412699324395,386.738208975093,824.2877011640742,0,0
1786,-0.616841251265409,479.28584399841,824.2877011640742,0,0
1787,-0.729776785393766,433.028403565169,824.2877011640742,0,0
1788,-1.0,407.431189499186,824.2877011640742,0,0
1789,-1.0,429.988768189941,824.2877011640742,0,0
1790,-1.0,427.870729111842,824.2877011640742,0,0
1791,-1.0,376.830496445054,824.2877011640742,0,0
1792,-1.0,233.587853011564,824.2877011640742,0,0
1793,-1.0,30.607942582323,824.2877011640742,0,0
1794,-1.0,6.617096028292,824.2877011640742,0,0
1795,-1.0,29.426557740146,751.7004527403886,0,0
1796,-1.0,119.962972325278,751.7004527403886,0,0
1797,-1.0,211.968476598427,751.7004527403886,0,0
1798,-1.0,210.605959428822,751.7004527403886,0,0
1799,-1.0,320.807661865978,751.7004527403886,0,0
1800,-1.0,495.225351108373,751.7004527403886,0,0
1801,-1.0,624.090918042523,751.7004527403886,0,0
1802,-1.0,754.225180593537,751.7004527403886,1,0
1803,-1.0,834.720359894756,751.7004527403886,1,0
1804,-1.0,791.423010454127,751.7004527403886,1,0
1805,-1.0,704.684019661614,751.7004527403886,0,0
1806,-1.0,615.059124121237,751.7004527403886,0,0
1807,-1.0,607.540896082061,751.7004527403886,0,0
1808,-1.0,656.811356399213,751.7004527403886,0,0
1809,-1.0,585.409249947723,751.7004527403886,0,0
1810,-1.0,314.199412629948,751.7004527403886,0,0
1811,-0.7499120495681475,335.060015042893,751.7004527403886,0,0
1812,-0.7297983242750357,252.944530231704,751.7004527403886,0,0
1813,-0.6732192729909598,270.188860392432,751.7004527403886,0,0
1814,-0.41096903426836007,268.634182195392,751.7004527403886,0,0
1815,-0.14863622983422187,227.986093962504,751.7004527403886,0,0
1816,0.27793772391461835,68.8600266316,751.7004527403886,0,0
1817,0.36657739996984695,152.939420247803,751.7004527403886,0,0
1818,0.5609442645548999,172.334075060364,751.7004527403886,0,0
1819,0.7143046890144504,68.089456715812,751.7004527403886,0,0
1820,0.35348176015737787,88.437219458258,751.7004527403886,0,0
1821,0.18916163494468097,25.051293679683,751.7004527403886,0,0
1822,-0.08974533862711143,324.705337083265,751.7004527403886,0,0
1823,-0.35207096343415856,327.167364050849,751.7004527403886,0,0
1824,-0.6142924836484014,346.668293672653,751.7004527403886,0,0
1825,-0.7297516566989528,317.154532517029,751.7004527403886,0,0
1826,-1.0,88.317964405368,751.7004527403886,0,0
1827,-1.0,6.04307378742,751.7004527403886,0,0
1828,-1.0,2.95254152105,751.7004527403886,0,0
1829,-1.0,88.270420201891,751.7004527403886,0,0
1830,-1.0,27.372288575243,751.7004527403886,0,0
1831,-1.0,104.032265401358,751.7004527403886,0,0
1832,-1.0,232.368091938914,751.7004527403886,0,0
1833,-1.0,358.888823008445,751.7004527403886,0,0
1834,-1.0,536.150336791698,751.7004527403886,0,0
1835,-1.0,627.965627557397,751.7004527403886,0,0
1836,-1.0,627.562696515068,751.7004527403886,0,0
1837,-1.0,636.151220375364,751.7004527403886,0,0
1838,-1.0,633.879033490894,751.7004527403886,0,0
1839,-1.0,602.879579458702,751.7004527403886,0,0
1840,-1.0,553.30287972115,751.7004527403886,0,0
1841,-1.0,358.444396132518,751.7004527403886,0,0
1842,-1.0,286.552682959428,751.7004527403886,0,0
1843,-1.0,269.805361203367,751.7004527403886,0,0
1844,-1.0,331.075036640353,751.7004527403886,0,0
1845,-1.0,399.343679856918,751.7004527403886,0,0
1846,-1.0,464.344451790575,751.7004527403886,0,0
1847,-1.0,532.850576920537,751.7004527403886,0,0
1848,-1.0,594.987931818553,751.7004527403886,0,0
1849,-0.9003790843103612,656.129603845846,751.7004527403886,0,0
1850,-0.7297983242750357,667.002762371875,751.7004527403886,0,0
1851,-0.49941127057860757,629.720070793688,751.7004527403886,0,0
1852,-0.23721128924563817,605.205707414743,751.7004527403886,0,0
1853,0.05749086392452574,515.486872030822,751.7004527403886,0,0
1854,0.36657739996984695,421.856896605079,751.7004527403886,0,0
1855,0.5610017015716213,367.288162490192,751.7004527403886,0,0
1856,0.6584148819310316,306.487692086215,751.7004527403886,0,0
1857,0.549894818463128,306.198250287717,751.7004527403886,0,0
1858,0.18636158037951422,290.029656875575,751.7004527403886,0,0
1859,-0.018954215518046436,524.888222163993,751.7004527403886,0,0
1860,-0.26091123827028284,482.942022482042,751.7004527403886,0,0
1861,-0.5232655815856944,636.971016971075,751.7004527403886,0,0
1862,-0.7297516566989528,625.313180822629,751.7004527403886,0,0
1863,-0.9582468786571227,586.687872757473,751.7004527403886,0,0
1864,-1.0,622.362664970227,751.7004527403886,0,0
1865,-1.0,578.649849515074,751.7004527403886,0,0
1866,-1.0,526.484360569773,751.7004527403886,0,0
1867,-1.0,467.718533858795,751.7004527403886,0,0
1868,-1.0,450.539466240052,751.7004527403886,0,0
1869,-1.0,448.398148155866,751.7004527403886,0,0
1870,-1.0,521.802877948775,751.7004527403886,0,0
1871,-1.0,594.149841826976,751.7004527403886,0,0
1872,-1.0,634.863709330084,751.7004527403886,0,0
1873,-1.0,653.46109097224,751.7004527403886,0,0
1874,-1.0,655.356589777466,751.7004527403886,0,0
1875,-1.0,640.178786379216,751.7004527403886,0,0
1876,-1.0,656.389483507026,751.7004527403886,0,0
1877,-1.0,644.931523669291,751.7004527403886,0,0
1878,-1.0,579.00648128634,751.7004527403886,0,0
1879,-1.0,330.149395933731,751.7004527403886,0,0
1880,-1.0,255.913770645603,751.7004527403886,0,0
1881,-1.0,289.50677854715,751.7004527403886,0,0
1882,-1.0,302.046865931735,751.7004527403886,0,0
1883,-1.0,439.277470320223,751.7004527403886,0,0
1884,-1.0,475.666650598342,751.7004527403886,0,0
1885,-1.0,550.374333685239,751.7004527403886,0,0
1886,-1.0,585.800841738629,751.7004527403886,0,0
1887,-1.0,653.548531080291,751.7004527403886,0,0
1888,-1.0,713.51792574692,751.7004527403886,0,0
1889,-1.0,741.500458587418,751.7004527403886,0,0
1890,-1.0,730.03119618347,751.7004527403886,0,0
1891,-1.0,729.525064227846,751.7004527403886,0,0
1892,-1.0,729.269626865093,751.7004527403886,0,0
1893,-1.0,712.33836802417,751.7004527403886,0,0
1894,-1.0,684.881654110355,751.7004527403886,0,0
1895,-1.0,685.210901917184,751.7004527403886,0,0
1896,-1.0,658.769787306009,751.7004527403886,0,0
1897,-1.0,681.135837176232,751.7004527403886,0,0
1898,-1.0,651.991393025984,751.7004527403886,0,0
1899,-1.0,662.673508539542,751.7004527403886,0,0
1900,-1.0,647.342737076544,751.7004527403886,0,0
1901,-1.0,646.010970493713,751.7004527403886,0,0
1902,-1.0,631.421674129902,751.7004527403886,0,0
1903,-1.0,586.533233263564,751.7004527403886,0,0
1904,-1.0,566.149315460138,751.7004527403886,0,0
1905,-1.0,548.387862094838,751.7004527403886,0,0
1906,-1.0,572.422070652696,751.7004527403886,0,0
1907,-1.0,558.618157388943,751.7004527403886,0,0
1908,-0.847429334520365,530.777246485134,751.7004527403886,0,0
1909,-0.7297983242750357,505.505166350825,751.7004527403886,0,0
1910,-0.7279064925367766,446.475042689359,751.7004527403886,0,0
1911,-0.46805783907583753,419.782805527325,751.7004527403886,0,0
1912,-0.20571785501461193,273.23743395,751.7004527403886,0,0
1913,-0.6995613247847893,325.816784000301,751.7004527403886,0,0
1914,-0.8374460630514835,448.865220394815,751.7004527403886,0,0
1915,-0.8709103049187626,417.269219332979,751.7004527403886,0,0
1916,-0.8800858683399986,373.624108568195,751.7004527403886,0,0
1917,-0.872418026607698,242.362915598502,751.7004527403886,0,0
1918,-0.8554992353697151,226.107196937236,751.7004527403886,0,0
1919,-0.8736349733994819,211.450824162809,751.7004527403886,0,0
1920,-0.8782909615674566,223.042734922656,751.7004527403886,0,0
1921,-0.8763237437447502,218.94118396798,751.7004527403886,0,0
1922,-0.8741483167364287,270.300049189842,751.7004527403886,0,0
1923,-0.8716892944580461,257.668292163117,751.7004527403886,0,0
1924,-0.8690184731805033,252.388405734692,751.7004527403886,0,0
1925,-0.8661322630902553,252.559844391515,751.7004527403886,0,0
1926,-0.8630522030685728,260.731826083308,751.7004527403886,0,0
1927,-0.8598106014373614,264.361711246565,751.7004527403886,0,0
1928,-0.8614367869732849,263.159828803658,751.7004527403886,0,0
1929,-0.865180962500808,268.993306444623,751.7004527403886,0,0
1930,0.36657739996984695,316.070985199419,751.7004527403886,0,0
1931,0.5589626874780116,356.81982623885,751.7004527403886,0,0
1932,0.5833877788387687,307.605922512877,751.7004527403886,0,0
1933,0.20186239526718763,151.772016773648,751.7004527403886,0,0
1934,0.18882060265789624,178.11259139657,751.7004527403886,0,0
1935,-0.2276946935376183,347.95940525434,751.7004527403886,0,0
1936,-0.7085789364100424,480.231061525868,751.7004527403886,0,0
1937,-0.84544057781639,544.65524675772,751.7004527403886,0,0
1938,-0.7770689890367113,585.133624176245,751.7004527403886,0,0
1939,-0.7545680377361212,577.777696833391,751.7004527403886,0,0
1940,-0.7545106007193998,495.784603499231,751.7004527403886,0,0
1941,-0.7508238622085988,477.368999275138,751.7004527403886,0,0
1942,-0.8176733700451602,535.984093551914,751.7004527403886,0,0
1943,-0.7918267125205501,610.938006792284,751.7004527403886,0,0
1944,-0.6819568791596973,650.675545597087,751.7004527403886,0,0
1945,0.9265272861727547,311.027209441611,751.7004527403886,0,0
1946,0.9551093816187188,91.51280888033,751.7004527403886,0,0
1947,0.9551093816187188,8.187175408056,751.7004527403886,0,0
1948,0.9551093816187188,4.799060211099,751.7004527403886,0,0
1949,0.9551093816187188,68.995968221948,751.7004527403886,0,0
1950,0.9551093816187188,115.022143770329,751.7004527403886,0,0
1951,0.9551093816187188,364.753623492721,751.7004527403886,0,0
1952,0.9551093816187188,259.097293883181,751.7004527403886,0,0
1953,0.9551093816187188,25.209209861584,751.7004527403886,0,0
1954,0.9551093816187188,2.718972713744,751.7004527403886,0,0
1955,0.9551093816187188,2.313371228575,751.7004527403886,0,0
1956,0.9551093816187188,2.874702921813,751.7004527403886,0,0
1957,0.9551093816187188,2.402472362379,751.7004527403886,0,0
1958,0.9551093816187188,2.030469859628,751.7004527403886,0,0
1959,0.9551093816187188,2.261180348242,751.7004527403886,0,0
1960,0.9551093816187188,2.250871930911,751.7004527403886,0,0
1961,0.9551093816187188,2.139488557902,751.7004527403886,0,0
1962,0.9551093816187188,1.973824761645,751.7004527403886,0,0
1963,0.9551093816187188,1.872716754715,751.7004527403886,0,0
1964,0.9551093816187188,1.82820089127,751.7004527403886,0,0
1965,0.9551093816187188,1.67652684809,751.7004527403886,0,0
1966,0.9551093816187188,1.816751193412,751.7004527403886,0,0
1967,0.9551093816187188,27.360739532326,751.7004527403886,0,0
1968,0.9551093816187188,102.520015921042,751.7004527403886,0,0
1969,0.9551093816187188,32.225421147169,751.7004527403886,0,0
1970,0.9551093816187188,4.54748233769,824.2877011640742,0,0
1971,0.9551093816187188,2.81037318064,824.2877011640742,0,0
1972,0.9551093816187188,2.13049565753,824.2877011640742,0,0
1973,0.9551093816187188,2.175796401265,824.2877011640742,0,0
1974,0.9551093816187188,2.728701335254,824.2877011640742,0,0
1975,0.9551093816187188,2.261423596529,824.2877011640742,0,0
1976,0.9551093816187188,2.934281386382,824.2877011640742,0,0
1977,0.9551093816187188,177.592196056842,824.2877011640742,0,0
1978,0.9551093816187188,126.967619698577,824.2877011640742,0,0
1979,0.9551093816187188,53.911924353375,824.2877011640742,0,0
1980,0.9551093816187188,2.398642502331,824.2877011640742,0,0
1981,0.9551093816187188,2.987962962569,824.2877011640742,0,0
1982,0.9551093816187188,30.08044046239,824.2877011640742,0,0
1983,0.9551093816187188,106.983523961471,824.2877011640742,0,0
1984,0.9551093816187188,185.802563060713,824.2877011640742,0,0
1985,0.9551093816187188,292.140993654483,824.2877011640742,0,0
1986,0.9551093816187188,219.671943098087,824.2877011640742,0,0
1987,0.940689100608114,35.328798005811,824.2877011640742,0,0
1988,0.06304071566522884,406.139629472127,824.2877011640742,0,0
1989,-1.0977326737649247,277.538505691858,824.2877011640742,0,0
1990,-0.772036070446501,62.792233591652,824.2877011640742,0,0
1991,-0.21772219150937455,1.904461911053,824.2877011640742,0,0
1992,-0.1776239742107797,193.477571633359,824.2877011640742,0,0
1993,-0.43985626386565346,2.094011964919,824.2877011640742,0,0
1994,-0.7020347063173533,2.788222567936,824.2877011640742,0,0
1995,-0.7297516566989528,3.354715762046,824.2877011640742,0,0
1996,-0.8157743586798101,3.376332954249,824.2877011640742,0,0
1997,-1.0,7.422244341577,824.2877011640742,0,0
1998,-1.0,472.179110139198,824.2877011640742,0,0
1999,-1.0,546.620987347205,824.2877011640742,0,0
2000,-1.0,566.038611321558,824.2877011640742,0,0
2001,-1.0,436.886567146307,824.2877011640742,0,0
2002,-1.0,331.8856776968,824.2877011640742,0,0
2003,-1.0,536.937927840342,824.2877011640742,0,0
2004,-1.0,511.014643257148,824.2877011640742,0,0
2005,-1.0,574.49669511828,824.2877011640742,0,0
2006,-1.0,487.636780648986,824.2877011640742,0,0
2007,-1.0,994.634146954528,824.2877011640742,1,0
2008,-1.0,645.715381268786,824.2877011640742,0,0
2009,-1.0,644.679975289625,824.2877011640742,0,0
2010,-1.0,864.482728406272,824.2877011640742,1,0
2011,-1.0,895.194180561767,824.2877011640742,1,0
2012,-1.0,875.270863050736,824.2877011640742,1,0
2013,-1.0,838.033201198575,824.2877011640742,1,0
2014,-1.0,642.223717302822,824.2877011640742,0,0
2015,-1.0,576.375976166845,824.2877011640742,0,0
2016,-1.0,474.477019562639,824.2877011640742,0,0
2017,-1.0,491.665434679618,824.2877011640742,0,0
2018,-1.0,489.60467853218,824.2877011640742,0,0
2019,-1.0,468.449874361736,824.2877011640742,0,0
2020,-1.0,424.302073594734,824.2877011640742,0,0
2021,-1.0,216.831716238806,824.2877011640742,0,0
2022,-1.0,213.597867021243,824.2877011640742,0,0
2023,-1.0,335.464192028649,751.7004527403886,0,0
2024,-1.0,270.934083604792,751.7004527403886,0,0
2025,-1.0,168.27282358867,751.7004527403886,0,0
2026,-1.0,7.525562998412,751.7004527403886,0,0
2027,-1.0,4.607383868068,751.7004527403886,0,0
2028,-1.0,67.102719472403,751.7004527403886,0,0
2029,-1.0,87.269503753208,751.7004527403886,0,0
2030,-1.0,2.746109650049,751.7004527403886,0,0
2031,-1.0,2.510864772305,751.7004527403886,0,0
2032,-1.0,2.79843177884,751.7004527403886,0,0
2033,-1.0,2.399044634635,751.7004527403886,0,0
2034,-1.0,2.61038075581,751.7004527403886,0,0
2035,-1.0,2.685761200491,751.7004527403886,0,0
2036,-1.0,2.889158425866,751.7004527403886,0,0
2037,-1.0,7.215217434772,751.7004527403886,0,0
2038,-1.0,2.904464122891,751.7004527403886,0,0
2039,-1.0,5.486434054242,751.7004527403886,0,0
2040,-1.0,24.096390561694,751.7004527403886,0,0
2041,-1.0,2.772273382868,751.7004527403886,0,0
2042,-0.7297983242750357,3.47637200826,751.7004527403886,0,0
2043,-0.6585584744728342,3.107709339099,751.7004527403886,0,0
2044,-0.3962328496657872,2.901365194574,751.7004527403886,0,0
2045,-0.1340328683328178,2.92842200823,751.7004527403886,0,0
2046,0.3131717438596231,2.674201647779,751.7004527403886,0,0
2047,0.36657739996984695,2.618310788714,751.7004527403886,0,0
2048,0.5611991413165989,2.838362505219,751.7004527403886,0,0
2049,0.7133067208489172,2.834452446648,751.7004527403886,0,0
2050,0.35322329358213156,2.711863271437,751.7004527403886,0,0
2051,0.18838623521894204,239.038933373804,751.7004527403886,0,0
2052,-0.10014143865367853,348.585744053464,751.7004527403886,0,0
2053,-0.36242757551173,353.670806386933,751.7004527403886,0,0
2054,-0.6245772994550653,261.211643543602,751.7004527403886,0,0
2055,-0.729776785393766,273.614215208282,751.7004527403886,0,0
2056,-1.0,407.799869183656,751.7004527403886,0,0
2057,-1.0,415.637969069016,751.7004527403886,0,0
2058,-1.0,432.603643039388,751.7004527403886,0,0
2059,-1.0,487.213697454289,751.7004527403886,0,0
2060,-1.0,517.826338101664,751.7004527403886,0,0
2061,-1.0,558.167393961759,751.7004527403886,0,0
2062,-1.0,561.918799552897,751.7004527403886,0,0
2063,-1.0,517.27236622638,751.7004527403886,0,0
2064,-1.0,577.161870377535,751.7004527403886,0,0
2065,-1.0,593.309778742285,751.7004527403886,0,0
2066,-1.0,611.05968632153,751.7004527403886,0,0
2067,-1.0,640.21136578773,751.7004527403886,0,0
2068,-1.0,672.851582726565,751.7004527403886,0,0
2069,-1.0,664.128899417288,751.7004527403886,0,0
2070,-1.0,662.892167565224,751.7004527403886,0,0
2071,-1.0,706.619489280398,751.7004527403886,0,0
2072,-1.0,671.065277783088,751.7004527403886,0,0
2073,-1.0,681.112784330608,751.7004527403886,0,0
2074,-1.0,653.034098908676,751.7004527403886,0,0
2075,-1.0,706.198162222268,751.7004527403886,0,0
2076,-1.0,710.731538544957,751.7004527403886,0,0
2077,-1.0,731.690409588482,751.7004527403886,0,0
2078,-1.0,743.462782603557,751.7004527403886,0,0
2079,-1.0,741.70917099749,751.7004527403886,0,0
2080,-1.0,730.003087322482,751.7004527403886,0,0
2081,-1.0,742.477258581578,751.7004527403886,0,0
2082,-1.0,731.320147890678,751.7004527403886,0,0
2083,-1.0,719.437063840898,751.7004527403886,0,0
2084,-1.0,719.473287173128,751.7004527403886,0,0
2085,-1.0,703.14199850842,751.7004527403886,0,0
2086,-1.0,690.32547433808,751.7004527403886,0,0
2087,-1.0,677.466711503626,751.7004527403886,0,0
2088,-1.0,662.442845220072,751.7004527403886,0,0
2089,-1.0,661.501001506194,751.7004527403886,0,0
2090,-1.0,643.532465069104,751.7004527403886,0,0
2091,-1.0,643.034296691664,751.7004527403886,0,0
2092,-1.0,639.603697409324,751.7004527403886,0,0
2093,-1.0,638.126502603218,751.7004527403886,0,0
2094,-1.0,626.404804316579,751.7004527403886,0,0
2095,-1.0,631.861716988971,751.7004527403886,0,0
2096,-1.0,564.826936572333,751.7004527403886,0,0
2097,-1.0,571.634801032141,751.7004527403886,0,0
2098,-1.0,580.302775672767,751.7004527403886,0,0
2099,-1.0,550.678262347167,751.7004527403886,0,0
2100,-0.7377605307180339,485.52421072216,751.7004527403886,0,0
2101,-0.7297983242750357,443.149981051933,751.7004527403886,0,0
2102,-0.6658996431725357,445.594057806311,751.7004527403886,0,0
2103,-0.4037176109072883,315.900309929471,751.7004527403886,0,0
2104,-0.14151403976077503,289.093211717589,751.7004527403886,0,0
2105,0.287734325079154,173.558112242844,751.7004527403886,0,0
2106,0.36657381015629964,180.657816992088,751.7004527403886,0,0
2107,0.5591780762907186,67.330181512841,751.7004527403886,0,0
2108,0.7127897876984284,3.208437742942,751.7004527403886,0,0
2109,0.35354637680119017,1.900062893414,751.7004527403886,0,0
2110,0.18804161311861334,1.884803444028,751.7004527403886,0,0
2111,-0.09411414171147836,2.231599239982,751.7004527403886,0,0
2112,-0.35647207484043353,4.937825692103,751.7004527403886,0,0
2113,-0.6186361580379511,116.816802227687,751.7004527403886,0,0
2114,-0.7297516566989528,207.817860364084,751.7004527403886,0,0
2115,-1.0,281.308158153371,751.7004527403886,0,0
2116,-1.0,335.529257056583,751.7004527403886,0,0
2117,-1.0,401.691672102622,751.7004527403886,0,0
2118,-1.0,466.821838274003,751.7004527403886,0,0
2119,-1.0,538.563148157005,751.7004527403886,0,0
2120,-1.0,578.816271060473,751.7004527403886,0,0
2121,-1.0,496.330179879077,751.7004527403886,0,0
2122,-1.0,495.448516641039,751.7004527403886,0,0
2123,-1.0,567.664293114449,751.7004527403886,0,0
2124,-1.0,582.6435125527,751.7004527403886,0,0
2125,-1.0,611.145767984505,751.7004527403886,0,0
2126,-1.0,619.041872726871,751.7004527403886,0,0
2127,-1.0,659.166598460422,751.7004527403886,0,0
2128,-1.0,651.197915628166,751.7004527403886,0,0
2129,-1.0,661.523992003124,751.7004527403886,0,0
2130,-1.0,678.700825683344,751.7004527403886,0,0
2131,-1.0,670.087125549546,751.7004527403886,0,0
2132,-1.0,658.732215570876,751.7004527403886,0,0
2133,-1.0,663.931198590868,751.7004527403886,0,0
2134,-1.0,691.674565013324,751.7004527403886,0,0
2135,-1.0,688.712741472548,751.7004527403886,0,0
2136,-1.0,717.231103102066,751.7004527403886,0,0
2137,-1.0,727.423158357228,751.7004527403886,0,0
2138,-1.0,727.198713784114,751.7004527403886,0,0
2139,-1.0,725.488583265074,751.7004527403886,0,0
2140,-1.0,727.285546649646,751.7004527403886,0,0
2141,-1.0,715.950522360956,751.7004527403886,0,0
2142,-1.0,729.613631685552,751.7004527403886,0,0
2143,-1.0,705.337659975061,751.7004527403886,0,0
2144,-1.0,701.086634039079,751.7004527403886,0,0
2145,-1.0,677.10967479616,751.7004527403886,0,0
2146,-1.0,686.792430741445,751.7004527403886,0,0
2147,-1.0,677.535206404014,751.7004527403886,0,0
2148,-1.0,651.119614154862,751.7004527403886,0,0
2149,-1.0,618.773045281519,751.7004527403886,0,0
2150,-1.0,617.17843739705,751.7004527403886,0,0
2151,-1.0,630.547941308315,751.7004527403886,0,0
2152,-1.0,630.197272479849,751.7004527403886,0,0
2153,-1.0,641.747215657324,751.7004527403886,0,0
2154,-1.0,623.359022445399,751.7004527403886,0,0
2155,-1.0,582.459666816914,751.7004527403886,0,0
2156,-1.0,563.368294918266,751.7004527403886,0,0
2157,-1.0,572.829657692356,751.7004527403886,0,0
2158,-1.0,544.492181906565,751.7004527403886,0,0
2159,-1.0,571.761844678557,751.7004527403886,0,0
2160,-1.0,545.838418083769,751.7004527403886,0,0
2161,-1.0,573.673405280951,751.7004527403886,0,0
2162,-1.0,528.925171888215,751.7004527403886,0,0
2163,-1.0,533.87829243521,751.7004527403886,0,0
2164,-1.0,512.356570548921,751.7004527403886,0,0
2165,-1.0,518.886422341564,751.7004527403886,0,0
2166,-1.0,449.947687998167,751.7004527403886,0,0
2167,-1.0,397.505293433923,751.7004527403886,0,0
2168,-1.0,291.222123572742,751.7004527403886,0,0
2169,-1.0,222.022181666132,751.7004527403886,0,0
2170,-1.0,197.454469604872,751.7004527403886,0,0
2171,-1.0,247.363376986981,751.7004527403886,0,0
2172,-1.0,239.258741213717,751.7004527403886,0,0
2173,-1.0,247.377765635816,751.7004527403886,0,0
2174,-1.0,223.432343021147,751.7004527403886,0,0
2175,-1.0,188.909227911145,751.7004527403886,0,0
2176,-1.0,136.472429924098,751.7004527403886,0,0
2177,-1.0,75.303671680308,751.7004527403886,0,0
2178,-1.0,1.0,751.7004527403886,0,0
2179,-1.0,1.0,751.7004527403886,0,0
2180,-1.0,1.0,751.7004527403886,0,0
2181,-1.0,1.0,751.7004527403886,0,0
2182,-1.0,1.0,751.7004527403886,0,0
2183,-1.0,1.0,751.7004527403886,0,0
2184,-1.0,1.0,751.7004527403886,0,0
2185,-1.0,1.0,751.7004527403886,0,0
2186,-1.0,1.0,751.7004527403886,0,0
2187,-1.0,1.0,751.7004527403886,0,0
2188,-1.0,1.0,751.7004527403886,0,0
2189,-1.0,1.0,751.7004527403886,0,0
2190,-1.0,1.0,751.7004527403886,0,0
2191,-1.0,1.0,751.7004527403886,0,0
2192,-1.0,1.0,751.7004527403886,0,0
2193,-1.0,1.0,751.7004527403886,0,0
2194,-1.0,1.0,751.7004527403886,0,0
2195,-1.0,1.0,751.7004527403886,0,0
2196,-1.0,1.0,751.7004527403886,0,0
2197,-1.0,1.0,751.7004527403886,0,0
2198,-1.0,1.0,751.7004527403886,0,0
2199,-1.0,1.0,751.7004527403886,0,0
2200,-1.0,1.0,751.7004527403886,0,0
2201,-1.0,1.0,751.7004527403886,0,0
2202,-1.0,1.0,751.7004527403886,0,0
2203,-1.0,1.0,751.7004527403886,0,0
2204,-1.0,1.0,751.7004527403886,0,0
2205,-1.0,1.0,751.7004527403886,0,0
2206,-1.0,1.0,751.7004527403886,0,0
2207,-0.8290135910340829,46.151290445568,751.7004527403886,0,0
2208,-0.7297983242750357,97.95434502311,751.7004527403886,0,0
2209,-0.7182319450327749,124.790015061226,751.7004527403886,0,0
2210,-0.45715557533941653,169.404481836704,751.7004527403886,0,0
2211,-0.19494841437935584,202.126968521242,751.7004527403886,0,0
2212,-0.19601458900224933,216.373662999605,751.7004527403886,0,0
2213,-0.7505043688030837,212.427629501235,751.7004527403886,0,0
2214,-1.2258602988160796,347.762207692162,751.7004527403886,0,0
2215,-0.582687765197476,337.974372731128,751.7004527403886,0,0
2216,-0.39275791015414585,282.787068234242,751.7004527403886,0,0
2217,-0.5933889993753722,296.336715315121,751.7004527403886,0,0
2218,-0.6775593575669697,345.216122962382,751.7004527403886,0,0
2219,-0.6812066081287752,274.176690212863,751.7004527403886,0,0
2220,-0.8724072571670629,299.693378382896,751.7004527403886,0,0
2221,-1.1942304516703404,396.877415685344,751.7004527403886,0,0
2222,-1.2258710682567149,443.901788819027,751.7004527403886,0,0
2223,-1.2258854275108952,419.96747658863,751.7004527403886,0,0
2224,-0.026521542471086068,343.164969665131,751.7004527403886,0,0
2225,0.5589196097154723,362.449522952031,751.7004527403886,0,0
2226,0.7102051219459649,246.655063784766,751.7004527403886,0,0
2227,0.4479118054608222,157.940538977904,751.7004527403886,0,0
2228,0.18588413517801694,202.279136876466,751.7004527403886,0,0
2229,-0.4567104384598274,507.63768379431,751.7004527403886,0,0
2230,-0.8028797484258658,471.693172225659,751.7004527403886,0,0
2231,-0.7253469554791343,609.21896115017,751.7004527403886,0,0
2232,-0.6582246218131443,634.056183944484,751.7004527403886,0,0
2233,-0.704443471206105,542.87566706396,751.7004527403886,0,0
2234,-0.8222898702641386,415.208768126078,751.7004527403886,0,0
2235,-0.8223042295183207,406.612039759228,751.7004527403886,0,0
2236,-0.8222288434338734,545.388784407652,751.7004527403886,0,0
2237,-0.8222252536203258,578.200585540318,751.7004527403886,0,0
2238,-0.8222862804505948,606.489695655887,751.7004527403886,0,0
2239,0.2607030290846679,462.149764473735,751.7004527403886,0,0
2240,0.8742667805834154,76.616503358559,751.7004527403886,0,0
2241,0.8742703703969632,5.116908567398,751.7004527403886,0,0
2242,0.8742703703969632,4.684586196818,751.7004527403886,0,0
2243,0.8742703703969632,74.158860520115,751.7004527403886,0,0
2244,0.8742703703969632,72.58188784666,751.7004527403886,0,0
2245,0.8742703703969632,305.387770895066,751.7004527403886,0,0
2246,0.8742703703969632,258.325077697376,751.7004527403886,0,0
2247,0.8742703703969632,337.3728092548,751.7004527403886,0,0
2248,0.8742703703969632,3.453869974285,751.7004527403886,0,0
2249,0.8742703703969632,3.104334933989,751.7004527403886,0,0
2250,0.8742703703969632,3.334611943262,751.7004527403886,0,0
2251,0.8742703703969632,4.13229822399,751.7004527403886,0,0
2252,0.8742703703969632,2.286668850033,751.7004527403886,0,0
2253,0.8742703703969632,2.559324392906,751.7004527403886,0,0
2254,0.8742703703969632,2.318741494455,751.7004527403886,0,0
2255,0.8742703703969632,2.525872820318,751.7004527403886,0,0
2256,0.8742703703969632,2.152240586423,751.7004527403886,0,0
2257,0.8742703703969632,2.063771963963,751.7004527403886,0,0
2258,0.8742703703969632,2.17333886985,751.7004527403886,0,0
2259,0.8742703703969632,2.360966839931,751.7004527403886,0,0
2260,0.8742703703969632,2.335239300719,751.7004527403886,0,0
2261,0.8742703703969632,4.015113707522,751.7004527403886,0,0
2262,0.8742703703969632,300.474441995053,751.7004527403886,0,0
2263,0.8742703703969632,31.42751234051,824.2877011640742,0,0
2264,0.8742703703969632,56.094673237769,824.2877011640742,0,0
2265,0.8742703703969632,3.154988252016,824.2877011640742,0,0
2266,0.8742703703969632,2.541272225446,824.2877011640742,0,0
2267,0.8742703703969632,2.564643616411,824.2877011640742,0,0
2268,0.8742703703969632,2.609256377871,824.2877011640742,0,0
2269,0.8742452417021458,2.667110009824,824.2877011640742,0,0
2270,0.4231061938642886,1.91537069126,824.2877011640742,0,0
2271,-0.10802466919868192,86.652272538684,824.2877011640742,0,0
2272,-0.3702138810910166,1.687275135113,824.2877011640742,0,0
2273,-0.6325574549657895,2.587202594685,824.2877011640742,0,0
2274,-0.729776785393766,1.874158717955,824.2877011640742,0,0
2275,-1.0,1.669209030933,824.2877011640742,0,0
2276,-1.0,1.779989532184,824.2877011640742,0,0
2277,-1.0,1.86188456831,824.2877011640742,0,0
2278,-1.0,1.797020487279,824.2877011640742,0,0
2279,-1.0,2.135353663041,824.2877011640742,0,0
2280,-1.0,2.100802798106,824.2877011640742,0,0
2281,-1.0,2.791722650261,824.2877011640742,0,0
2282,-1.0,3.002878647095,824.2877011640742,0,0
2283,-1.0,298.925788571499,824.2877011640742,0,0
2284,-1.0,300.333697561829,824.2877011640742,0,0
2285,-1.0,217.170122047269,824.2877011640742,0,0
2286,-1.0,236.219014060404,824.2877011640742,0,0
2287,-1.0,445.570224567527,824.2877011640742,0,0
2288,-1.0,162.136610543346,824.2877011640742,0,0
2289,-1.0,85.244001399925,824.2877011640742,0,0
2290,-1.0,162.008198679495,824.2877011640742,0,0
2291,-1.0,408.922277962318,824.2877011640742,0,0
2292,-1.0,689.895828712832,824.2877011640742,0,0
2293,-1.0,664.611139108884,824.2877011640742,0,0
2294,-1.0,643.748506557983,824.2877011640742,0,0
2295,-1.0,589.127486154702,824.2877011640742,0,0
2296,-1.0,586.038618017835,824.2877011640742,0,0
2297,-1.0,461.930996324528,824.2877011640742,0,0
2298,-1.0,486.072742992559,824.2877011640742,0,0
2299,-1.0,365.553790305056,824.2877011640742,0,0
2300,-1.0,318.278699045676,824.2877011640742,0,0
2301,-1.0,516.885351481035,824.2877011640742,0,0
2302,-1.0,692.113288950754,824.2877011640742,0,0
