timestep,value,score,threshold,anomaly,evaluation_label
64,0.9895024888321635,1.586466372174,1.2094039708538,1,0
65,0.9925700914699002,1.665227313763,1.2094039708538,1,0
66,0.9925700914699002,1.77193569565,1.2094039708538,1,0
67,0.9925700914699002,1.817164596598,1.2094039708538,1,0
68,0.9925700914699002,1.750675541812,1.2094039708538,1,0
69,0.9925700914699002,1.606577337122,1.2094039708538,1,0
70,0.9925700914699002,1.44460424863,1.2094039708538,1,0
71,0.9925700914699002,1.295695849099,1.2094039708538,1,0
72,0.9925700914699002,1.164454981488,1.2094039708538,0,0
73,0.9925700914699002,1.086372536694,1.2094039708538,0,0
74,0.9956381025313764,1.058332879935,1.2094039708538,0,0
75,0.9956381025313764,1.049658637383,1.2094039708538,0,0
76,0.9956381025313764,1.038885237639,1.2094039708538,0,0
77,0.9956381025313764,1.026857032481,1.2094039708538,0,0
78,0.9956381025313764,1.014478231288,1.2094039708538,0,0
79,0.9956381025313764,1.01678303713,1.06346424457725,0,0
80,0.9987072027228251,1.020742908296,1.06346424457725,0,0
81,0.9987072027228251,1.014939748767,1.06346424457725,0,0
82,0.9956381025313764,1.017040989996,1.06346424457725,0,0
83,0.9987072027228251,1.022234791371,1.06346424457725,0,0
84,0.9956381025313764,1.023439738515,1.06346424457725,0,0
85,0.9956381025313764,1.033125378189,1.06346424457725,0,0
86,0.9956381025313764,1.033829482281,1.06346424457725,0,0
87,0.9956381025313764,1.041222214446,1.06346424457725,0,0
88,0.9956381025313764,1.018603876214,1.06346424457725,0,0
89,0.9956381025313764,1.017585297145,1.06346424457725,0,0
90,0.9956381025313764,1.000488679908,1.06346424457725,0,0
91,0.9956381025313764,1.062840149366,1.2596803140944801,0,0
92,0.9925700914699002,1.142496394428,1.2596803140944801,0,0
93,0.9925700914699002,1.289835342427,1.2596803140944801,1,0
94,0.9895024888321635,1.467639980525,1.2596803140944801,1,0
95,0.9895024888321635,1.65686438482,1.2596803140944801,1,0
96,0.9864358391831526,1.811578038586,1.2596803140944801,1,0
97,0.9864358391831526,1.945473586171,1.2596803140944801,1,0
98,0.9833700063816211,2.049384792237,1.2596803140944801,1,0
99,0.9803045139332058,2.087211439741,1.2596803140944801,1,0
100,0.9772400425441397,2.078508924228,1.2596803140944801,1,0
101,0.9741765241437993,2.000544969362,1.2596803140944801,1,0
102,0.9741765241437993,1.916093317242,1.2596803140944801,1,0
103,0.971113278025952,1.787410319499,1.2596803140944801,1,0
104,0.971113278025952,1.644084901168,1.2596803140944801,1,0
105,0.9680510529674539,1.482934171132,1.2596803140944801,1,0
106,0.9680510529674539,1.351145082851,1.2596803140944801,1,0
107,0.9680510529674539,1.237196165632,1.2596803140944801,0,0
108,0.9649894405445651,1.156636098077,1.2596803140944801,0,0
109,0.9649894405445651,1.115527288884,1.2596803140944801,0,0
110,0.9649894405445651,1.085135818658,1.2596803140944801,0,0
111,0.9619283726866625,1.064407752758,1.2596803140944801,0,0
112,0.9619283726866625,1.03764352098,1.2596803140944801,0,0
113,0.958868325888109,1.044254878093,1.2596803140944801,0,0
114,0.958868325888109,1.027592620247,1.2596803140944801,0,0
115,0.958868325888109,1.04538620269,1.2596803140944801,0,0
116,0.958868325888109,1.043550286948,1.2596803140944801,0,0
117,0.958868325888109,1.03275532489,1.2596803140944801,0,0
118,0.958868325888109,1.06172493147,1.2596803140944801,0,0
119,0.958868325888109,1.082449606863,1.2596803140944801,0,0
120,0.958868325888109,1.107157421475,1.2596803140944801,0,0
121,0.958868325888109,1.135800996502,1.2596803140944801,0,0
122,0.958868325888109,1.212826693189,1.2596803140944801,0,0
123,0.958868325888109,1.338281572545,1.2596803140944801,1,0
124,0.9619283726866625,1.440056442104,1.2596803140944801,1,0
125,0.9619283726866625,1.477077910604,1.2596803140944801,1,0
126,0.9619283726866625,1.414734256659,1.2596803140944801,1,0
127,0.9649894405445651,1.339411610241,1.2596803140944801,1,0
128,0.9649894405445651,1.266990619618,1.06346424457725,1,0
129,0.9649894405445651,1.224418161482,1.06346424457725,1,0
130,0.9680510529674539,1.201531121266,1.06346424457725,1,0
131,0.9680510529674539,1.200652663648,1.2094039708538,0,0
132,0.9680510529674539,1.226118457053,1.2094039708538,1,0
133,0.9680510529674539,1.251484829496,1.2094039708538,1,0
134,0.9680510529674539,1.307304470203,1.2094039708538,1,0
135,0.971113278025952,1.380755311187,1.2094039708538,1,0
136,0.971113278025952,1.463824939389,1.2094039708538,1,0
137,0.9741765241437993,1.580633945939,1.2094039708538,1,0
138,0.9741765241437993,1.67655067898,1.2094039708538,1,0
139,0.9741765241437993,1.769990993673,1.2094039708538,1,0
140,0.9772400425441397,1.869433477075,1.2094039708538,1,0
141,0.9772400425441397,1.960120020558,1.2094039708538,1,0
142,0.9772400425441397,2.0411241666,1.2094039708538,1,0
143,0.9772400425441397,2.083267965723,1.2094039708538,1,0
144,0.9803045139332058,2.114554598133,1.2094039708538,1,0
145,0.9803045139332058,2.12360931163,1.2094039708538,1,0
146,0.9803045139332058,2.10930153102,1.2094039708538,1,0
147,0.9833700063816211,2.066118925958,1.2094039708538,1,0
148,0.9864358391831526,2.048895137884,1.2094039708538,1,0
149,0.9864358391831526,2.004894705732,1.2094039708538,1,0
150,0.9864358391831526,1.945398977301,1.2094039708538,1,0
151,0.9864358391831526,1.875989261052,1.2094039708538,1,0
152,0.9864358391831526,1.811450698274,1.2094039708538,1,0
153,0.9864358391831526,1.741751972766,1.2094039708538,1,0
154,0.9864358391831526,1.657609018746,1.2094039708538,1,0
155,0.9864358391831526,1.574125780734,1.2094039708538,1,0
156,0.9864358391831526,1.519115082321,1.2094039708538,1,0
157,0.9864358391831526,1.446473968664,1.2094039708538,1,0
158,0.9895024888321635,1.426251216424,1.2094039708538,1,0
159,0.9895024888321635,1.411093773421,1.2094039708538,1,0
160,0.9895024888321635,1.415635259083,1.2094039708538,1,0
161,0.9925700914699002,1.462107523849,1.2094039708538,1,0
162,0.9925700914699002,1.515688932846,1.2094039708538,1,0
163,0.9925700914699002,1.600463815451,1.2094039708538,1,0
164,0.9925700914699002,1.715682826919,1.2094039708538,1,0
165,0.9925700914699002,1.784023190104,1.2094039708538,1,0
166,0.9925700914699002,1.790746653881,1.2094039708538,1,0
167,0.9925700914699002,1.678380793959,1.2094039708538,1,0
168,0.9956381025313764,1.522294868486,1.2094039708538,1,0
169,0.9956381025313764,1.376191259777,1.2094039708538,1,0
170,0.9956381025313764,1.232526334308,1.2094039708538,1,0
171,0.9956381025313764,1.142193582667,1.2094039708538,0,0
172,0.9956381025313764,1.099115164496,1.2094039708538,0,0
173,0.9956381025313764,1.059737009616,1.2094039708538,0,0
174,0.9956381025313764,1.036220445672,1.2094039708538,0,0
175,0.9987072027228251,1.020036967574,1.2094039708538,0,0
176,0.9987072027228251,1.026307279429,1.2094039708538,0,0
177,0.9987072027228251,1.020994479453,1.2094039708538,0,0
178,0.9987072027228251,1.015705905924,1.06346424457725,0,0
179,0.9987072027228251,1.018786797708,1.06346424457725,0,0
180,0.9987072027228251,1.027432704767,1.06346424457725,0,0
181,0.9987072027228251,1.027766078364,1.06346424457725,0,0
182,0.9987072027228251,1.042120479372,1.06346424457725,0,0
183,0.9987072027228251,1.039947733617,1.06346424457725,0,0
184,0.9987072027228251,1.051246637922,1.06346424457725,0,0
185,0.9987072027228251,1.053720225824,1.06346424457725,0,0
186,0.9956381025313764,1.06257780428,1.06346424457725,0,0
187,0.9956381025313764,1.094327825089,1.06346424457725,1,0
188,0.9956381025313764,1.17304645049,1.06346424457725,1,0
189,0.9956381025313764,1.293375681964,1.2596803140944801,1,0
190,0.9925700914699002,1.438737764502,1.2596803140944801,1,0
191,0.9925700914699002,1.59188720326,1.2596803140944801,1,0
192,0.9895024888321635,1.734580012587,1.2596803140944801,1,0
193,0.9895024888321635,1.873282310504,1.2596803140944801,1,0
194,0.9864358391831526,1.974857854121,1.2596803140944801,1,0
195,0.9864358391831526,2.047373535081,1.2596803140944801,1,0
196,0.9833700063816211,2.095996840423,1.2596803140944801,1,0
197,0.9803045139332058,2.081203690682,1.2596803140944801,1,0
198,0.9772400425441397,2.030224794145,1.2596803140944801,1,0
199,0.9741765241437993,1.906373166278,1.2596803140944801,1,0
200,0.9741765241437993,1.790131238016,1.2596803140944801,1,0
201,0.971113278025952,1.640657906389,1.2596803140944801,1,0
202,0.971113278025952,1.488156602193,1.2596803140944801,1,0
203,0.9680510529674539,1.340394955883,1.2596803140944801,1,0
204,0.9680510529674539,1.24073048161,1.2596803140944801,0,0
205,0.9680510529674539,1.149717369672,1.2596803140944801,0,0
206,0.9649894405445651,1.144627225999,1.2596803140944801,0,0
207,0.9649894405445651,1.079863114167,1.2596803140944801,0,0
208,0.9649894405445651,1.090491203854,1.2596803140944801,0,0
209,0.9619283726866625,1.0492362804,1.2596803140944801,0,0
210,0.9619283726866625,1.049495369308,1.2596803140944801,0,0
211,0.958868325888109,1.038786186704,1.2596803140944801,0,0
212,0.958868325888109,1.027929558861,1.2596803140944801,0,0
213,0.958868325888109,1.048593007144,1.2596803140944801,0,0
214,0.958868325888109,1.044447114596,1.2596803140944801,0,0
215,0.958868325888109,1.037274195627,1.2596803140944801,0,0
216,0.958868325888109,1.054960849696,1.2596803140944801,0,0
217,0.958868325888109,1.095669928983,1.2596803140944801,0,0
218,0.958868325888109,1.113760391574,1.2596803140944801,0,0
219,0.958868325888109,1.158483588151,1.2596803140944801,0,0
220,0.958868325888109,1.249002655796,1.2596803140944801,0,0
221,0.958868325888109,1.384345336409,1.2596803140944801,1,0
222,0.9619283726866625,1.479986674948,1.2596803140944801,1,0
223,0.9619283726866625,1.540491336047,1.2596803140944801,1,0
224,0.9619283726866625,1.506939974215,1.2596803140944801,1,0
225,0.9619283726866625,1.459612700068,1.2596803140944801,1,0
226,0.9649894405445651,1.396864117317,1.06346424457725,1,0
227,0.9649894405445651,1.353186703896,1.06346424457725,1,0
228,0.9649894405445651,1.344209053368,1.06346424457725,1,0
229,0.9680510529674539,1.35838025422,1.2094039708538,1,0
230,0.9680510529674539,1.378593679755,1.2094039708538,1,0
231,0.9680510529674539,1.448366804209,1.2094039708538,1,0
232,0.9680510529674539,1.498515535307,1.2094039708538,1,0
233,0.9680510529674539,1.59324643433,1.2094039708538,1,0
234,0.971113278025952,1.655247543544,1.2094039708538,1,0
235,0.971113278025952,1.752917038123,1.2094039708538,1,0
236,0.9741765241437993,1.837772373537,1.2094039708538,1,0
237,0.9741765241437993,1.912724959648,1.2094039708538,1,0
238,0.9741765241437993,1.958958380919,1.2094039708538,1,0
239,0.9772400425441397,2.021127529164,1.2094039708538,1,0
240,0.9772400425441397,2.04268572543,1.2094039708538,1,0
241,0.9772400425441397,2.053604224204,1.2094039708538,1,0
242,0.9803045139332058,2.055301040969,1.2094039708538,1,0
243,0.9803045139332058,2.031408231395,1.2094039708538,1,0
244,0.9803045139332058,1.977908575231,1.2094039708538,1,0
245,0.9833700063816211,1.921166586162,1.2094039708538,1,0
246,0.9864358391831526,1.873868835158,1.2094039708538,1,0
247,0.9864358391831526,1.818581795625,1.2094039708538,1,0
248,0.9864358391831526,1.768609972098,1.2094039708538,1,0
249,0.9864358391831526,1.707656397157,1.2094039708538,1,0
250,0.9864358391831526,1.671621807656,1.2094039708538,1,0
251,0.9864358391831526,1.608364458423,1.2094039708538,1,0
252,0.9864358391831526,1.558728943022,1.2094039708538,1,0
253,0.9864358391831526,1.490231746053,1.2094039708538,1,0
254,0.9864358391831526,1.456313637803,1.2094039708538,1,0
255,0.9864358391831526,1.386097617802,1.2094039708538,1,0
256,0.9895024888321635,1.376922840945,1.2094039708538,1,0
257,0.9895024888321635,1.365890038443,1.2094039708538,1,0
258,0.9895024888321635,1.376924278201,1.2094039708538,1,0
259,0.9925700914699002,1.424436454066,1.2094039708538,1,0
260,0.9925700914699002,1.484744420652,1.2094039708538,1,0
261,0.9925700914699002,1.559802333685,1.2094039708538,1,0
262,0.9925700914699002,1.673043797168,1.2094039708538,1,0
263,0.9925700914699002,1.764920925423,1.2094039708538,1,0
264,0.9925700914699002,1.812101653065,1.2094039708538,1,0
265,0.9925700914699002,1.748071120861,1.2094039708538,1,0
266,0.9925700914699002,1.593363442843,1.2094039708538,1,0
267,0.9925700914699002,1.434101833988,1.2094039708538,1,0
268,0.9925700914699002,1.284452037068,1.2094039708538,1,0
269,0.9956381025313764,1.153997025332,1.2094039708538,0,0
270,0.9956381025313764,1.097662137344,1.2094039708538,0,0
271,0.9956381025313764,1.071668581406,1.2094039708538,0,0
272,0.9956381025313764,1.047286946986,1.2094039708538,0,0
273,0.9987072027228251,1.029806904392,1.2094039708538,0,0
274,0.9987072027228251,1.016767890597,1.2094039708538,0,0
275,0.9987072027228251,1.020760148304,1.2094039708538,0,0
276,0.9987072027228251,1.020635019558,1.06346424457725,0,0
277,0.9987072027228251,1.015399788656,1.06346424457725,0,0
278,0.9987072027228251,1.01797410109,1.06346424457725,0,0
279,0.9987072027228251,1.024041953155,1.06346424457725,0,0
280,0.9987072027228251,1.023799157321,1.06346424457725,0,0
281,0.9956381025313764,1.033200152989,1.06346424457725,0,0
282,0.9956381025313764,1.032421251861,1.06346424457725,0,0
283,0.9956381025313764,1.041169032601,1.06346424457725,0,0
284,0.9956381025313764,1.035553732344,1.06346424457725,0,0
285,0.9956381025313764,1.025239859513,1.06346424457725,0,0
286,0.9956381025313764,1.015323800976,1.06346424457725,0,0
287,0.9956381025313764,1.060680015499,1.2596803140944801,0,0
288,0.9925700914699002,1.125768566158,1.2596803140944801,0,0
289,0.9925700914699002,1.224115796402,1.2596803140944801,0,0
290,0.9925700914699002,1.370028518712,1.2596803140944801,1,0
291,0.9895024888321635,1.526317123975,1.2596803140944801,1,0
292,0.9895024888321635,1.683679267903,1.2596803140944801,1,0
293,0.9864358391831526,1.806858103413,1.2596803140944801,1,0
294,0.9833700063816211,1.888094811686,1.2596803140944801,1,0
295,0.9833700063816211,1.951604740245,1.2596803140944801,1,0
296,0.9803045139332058,1.970522200062,1.2596803140944801,1,0
297,0.9772400425441397,1.946282225419,1.2596803140944801,1,0
298,0.9741765241437993,1.872381549128,1.2596803140944801,1,0
299,0.9741765241437993,1.78663247819,1.2596803140944801,1,0
300,0.971113278025952,1.667004146634,1.2596803140944801,1,0
301,0.971113278025952,1.523989467077,1.2596803140944801,1,0
302,0.9680510529674539,1.398844162091,1.2596803140944801,1,0
303,0.9680510529674539,1.295543634105,1.2596803140944801,1,0
304,0.9680510529674539,1.190638692617,1.2596803140944801,0,0
305,0.9649894405445651,1.168895953519,1.2596803140944801,0,0
306,0.9649894405445651,1.099101674875,1.2596803140944801,0,0
307,0.9619283726866625,1.102813448489,1.2596803140944801,0,0
308,0.9619283726866625,1.051704195698,1.2596803140944801,0,0
309,0.9619283726866625,1.053828539194,1.2596803140944801,0,0
310,0.9619283726866625,1.046246241799,1.2596803140944801,0,0
311,0.958868325888109,1.03076375119,1.2596803140944801,0,0
312,0.958868325888109,1.047199594364,1.2596803140944801,0,0
313,0.958868325888109,1.052919868093,1.2596803140944801,0,0
314,0.958868325888109,1.052608527325,1.2596803140944801,0,0
315,0.958868325888109,1.057135763056,1.2596803140944801,0,0
316,0.958868325888109,1.09745140944,1.2596803140944801,0,0
317,0.958868325888109,1.131146908938,1.2596803140944801,0,0
318,0.958868325888109,1.198060532351,1.2596803140944801,0,0
319,0.958868325888109,1.29966164593,1.2596803140944801,1,0
320,0.958868325888109,1.40963221431,1.2596803140944801,1,0
321,0.9619283726866625,1.49404787648,1.2596803140944801,1,0
322,0.9619283726866625,1.520074856587,1.2596803140944801,1,0
323,0.9619283726866625,1.474700799696,1.2596803140944801,1,0
324,0.9649894405445651,1.405830367894,1.2596803140944801,1,0
325,0.9649894405445651,1.356139370415,1.06346424457725,1,0
326,0.9649894405445651,1.311071661942,1.06346424457725,1,0
327,0.9680510529674539,1.304602993731,1.06346424457725,1,0
328,0.9680510529674539,1.317960785605,1.2094039708538,1,0
329,0.9680510529674539,1.335632888721,1.2094039708538,1,0
330,0.9680510529674539,1.402032131243,1.2094039708538,1,0
331,0.971113278025952,1.451776810403,1.2094039708538,1,0
332,0.971113278025952,1.554219234359,1.2094039708538,1,0
333,0.9741765241437993,1.64731138497,1.2094039708538,1,0
334,0.9741765241437993,1.759290660153,1.2094039708538,1,0
335,0.9741765241437993,1.831543407117,1.2094039708538,1,0
336,0.9741765241437993,1.909108473509,1.2094039708538,1,0
337,0.9772400425441397,1.989953101304,1.2094039708538,1,0
338,0.9772400425441397,2.062166892533,1.2094039708538,1,0
339,0.9772400425441397,2.107412009121,1.2094039708538,1,0
340,0.9803045139332058,2.154043512165,1.2094039708538,1,0
341,0.9803045139332058,2.190226797138,1.2094039708538,1,0
342,0.9803045139332058,2.192692206939,1.2094039708538,1,0
343,0.9833700063816211,2.182614246354,1.2094039708538,1,0
344,0.9833700063816211,2.155379998021,1.2094039708538,1,0
345,0.9864358391831526,2.14251109436,1.2094039708538,1,0
346,0.9864358391831526,2.109485596796,1.2094039708538,1,0
347,0.9864358391831526,2.047461104039,1.2094039708538,1,0
348,0.9864358391831526,1.981835854985,1.2094039708538,1,0
349,0.9864358391831526,1.914165969466,1.2094039708538,1,0
350,0.9864358391831526,1.841356779309,1.2094039708538,1,0
351,0.9864358391831526,1.752517172415,1.2094039708538,1,0
352,0.9864358391831526,1.677940170882,1.2094039708538,1,0
353,0.9864358391831526,1.604669863756,1.2094039708538,1,0
354,0.9895024888321635,1.52891944003,1.2094039708538,1,0
355,0.9895024888321635,1.505425146986,1.2094039708538,1,0
356,0.9895024888321635,1.482011446001,1.2094039708538,1,0
357,0.9895024888321635,1.489583814085,1.2094039708538,1,0
358,0.9925700914699002,1.529798488845,1.2094039708538,1,0
359,0.9925700914699002,1.587776370078,1.2094039708538,1,0
360,0.9925700914699002,1.65962312076,1.2094039708538,1,0
361,0.9925700914699002,1.781684528676,1.2094039708538,1,0
362,0.9925700914699002,1.824857069879,1.2094039708538,1,0
363,0.9925700914699002,1.757583187391,1.2094039708538,1,0
364,0.9956381025313764,1.619876895082,1.2094039708538,1,0
365,0.9925700914699002,1.45898345526,1.2094039708538,1,0
366,0.9925700914699002,1.308266266574,1.2094039708538,1,0
367,0.9956381025313764,1.173281201428,1.2094039708538,0,0
368,0.9956381025313764,1.103269991857,1.2094039708538,0,0
369,0.9956381025313764,1.077481718946,1.2094039708538,0,0
370,0.9987072027228251,1.048459042662,1.2094039708538,0,0
371,0.9987072027228251,1.03062056721,1.2094039708538,0,0
372,0.9987072027228251,1.019880607427,1.2094039708538,0,0
373,0.9987072027228251,1.023062668532,1.2094039708538,0,0
374,0.9987072027228251,1.019313108089,1.06346424457725,0,0
375,0.9987072027228251,1.014939748767,1.06346424457725,0,0
376,0.9987072027228251,1.019017359036,1.06346424457725,0,0
377,0.9987072027228251,1.021291679987,1.06346424457725,0,0
378,0.9987072027228251,1.025480618673,1.06346424457725,0,0
379,0.9956381025313764,1.037967191178,1.06346424457725,0,0
380,0.9956381025313764,1.033171678171,1.06346424457725,0,0
381,0.9956381025313764,1.045828718634,1.06346424457725,0,0
382,0.9956381025313764,1.027233918751,1.06346424457725,0,0
383,0.9956381025313764,1.04014868912,1.06346424457725,0,0
384,0.9956381025313764,1.057179309249,1.06346424457725,0,0
385,0.9956381025313764,1.142399535762,1.2596803140944801,0,0
386,0.9925700914699002,1.229234722056,1.2596803140944801,0,0
387,0.9925700914699002,1.361957200293,1.2596803140944801,1,0
388,0.9895024888321635,1.489484601848,1.2596803140944801,1,0
389,0.9895024888321635,1.614429967922,1.2596803140944801,1,0
390,0.9895024888321635,1.753093906078,1.2596803140944801,1,0
391,0.9864358391831526,1.831515954833,1.2596803140944801,1,0
392,0.9833700063816211,1.887149919883,1.2596803140944801,1,0
393,0.9833700063816211,1.904255965366,1.2596803140944801,1,0
394,0.9803045139332058,1.897984238966,1.2596803140944801,1,0
395,0.9772400425441397,1.819936276897,1.2596803140944801,1,0
396,0.9741765241437993,1.735436465093,1.2596803140944801,1,0
397,0.9741765241437993,1.621284132716,1.2596803140944801,1,0
398,0.971113278025952,1.505508468355,1.2596803140944801,1,0
399,0.971113278025952,1.371690037016,1.2596803140944801,1,0
400,0.9680510529674539,1.284375738934,1.2596803140944801,1,0
401,0.9680510529674539,1.199639921947,1.2596803140944801,0,0
402,0.9680510529674539,1.141713615343,1.2596803140944801,0,0
403,0.9649894405445651,1.130590615729,1.2596803140944801,0,0
404,0.9649894405445651,1.085807287611,1.2596803140944801,0,0
405,0.9649894405445651,1.101497104268,1.2596803140944801,0,0
406,0.9619283726866625,1.045336001432,1.2596803140944801,0,0
407,0.9619283726866625,1.053892679294,1.2596803140944801,0,0
408,0.9619283726866625,1.042373113125,1.2596803140944801,0,0
409,0.958868325888109,1.030829889352,1.2596803140944801,0,0
410,0.958868325888109,1.046701249495,1.2596803140944801,0,0
411,0.958868325888109,1.055880074467,1.2596803140944801,0,0
412,0.958868325888109,1.054106563349,1.2596803140944801,0,0
413,0.958868325888109,1.056553423783,1.2596803140944801,0,0
414,0.958868325888109,1.084781895167,1.2596803140944801,0,0
415,0.958868325888109,1.135482756312,1.2596803140944801,0,0
416,0.958868325888109,1.207932782509,1.2596803140944801,0,0
417,0.958868325888109,1.310549043151,1.2596803140944801,1,0
418,0.9619283726866625,1.437845548555,1.2596803140944801,1,0
419,0.9619283726866625,1.517786988645,1.2596803140944801,1,0
420,0.9619283726866625,1.546705293771,1.2596803140944801,1,0
421,0.9619283726866625,1.515475262914,1.2596803140944801,1,0
422,0.9649894405445651,1.456015765581,1.2596803140944801,1,0
423,0.9649894405445651,1.397991592327,1.06346424457725,1,0
424,0.9649894405445651,1.3617131978,1.06346424457725,1,0
425,0.9680510529674539,1.366373072843,1.06346424457725,1,0
426,0.9680510529674539,1.375872904734,1.2094039708538,1,0
427,0.9680510529674539,1.408034323603,1.2094039708538,1,0
428,0.9680510529674539,1.438291852111,1.2094039708538,1,0
429,0.971113278025952,1.512629021454,1.2094039708538,1,0
430,0.971113278025952,1.589501859208,1.2094039708538,1,0
431,0.971113278025952,1.68538604218,1.2094039708538,1,0
432,0.9741765241437993,1.770347509244,1.2094039708538,1,0
433,0.9741765241437993,1.828393818824,1.2094039708538,1,0
434,0.9741765241437993,1.878724131019,1.2094039708538,1,0
435,0.9772400425441397,1.937041790995,1.2094039708538,1,0
436,0.9772400425441397,1.994307168531,1.2094039708538,1,0
437,0.9772400425441397,2.031994171304,1.2094039708538,1,0
438,0.9803045139332058,2.055721391034,1.2094039708538,1,0
439,0.9803045139332058,2.082223759165,1.2094039708538,1,0
440,0.9803045139332058,2.077578835192,1.2094039708538,1,0
441,0.9803045139332058,2.043332961218,1.2094039708538,1,0
442,0.9833700063816211,2.010953438393,1.2094039708538,1,0
443,0.9864358391831526,1.996359845419,1.2094039708538,1,0
444,0.9864358391831526,1.968655530223,1.2094039708538,1,0
445,0.9864358391831526,1.918990739922,1.2094039708538,1,0
446,0.9864358391831526,1.864558021217,1.2094039708538,1,0
447,0.9864358391831526,1.821314255379,1.2094039708538,1,0
448,0.9864358391831526,1.75116542791,1.2094039708538,1,0
449,0.9864358391831526,1.687682552456,1.2094039708538,1,0
450,0.9864358391831526,1.617107287637,1.2094039708538,1,0
451,0.9864358391831526,1.567753769026,1.2094039708538,1,0
452,0.9864358391831526,1.490967759041,1.2094039708538,1,0
453,0.9864358391831526,1.462911452343,1.2094039708538,1,0
454,0.9895024888321635,1.445286741738,1.2094039708538,1,0
455,0.9895024888321635,1.453728745252,1.2094039708538,1,0
456,0.9895024888321635,1.490730667964,1.2094039708538,1,0
457,0.9925700914699002,1.544151215113,1.2094039708538,1,0
458,0.9925700914699002,1.625675332793,1.2094039708538,1,0
459,0.9925700914699002,1.731553843221,1.2094039708538,1,0
460,0.9925700914699002,1.800397418651,1.2094039708538,1,0
461,0.9925700914699002,1.763118195583,1.2094039708538,1,0
462,0.9925700914699002,1.642990515635,1.2094039708538,1,0
463,0.9925700914699002,1.48292930975,1.2094039708538,1,0
464,0.9925700914699002,1.338681926631,1.2094039708538,1,0
465,0.9925700914699002,1.208878267012,1.2094039708538,0,0
466,0.9956381025313764,1.106723443542,1.2094039708538,0,0
467,0.9956381025313764,1.073693152467,1.2094039708538,0,0
468,0.9956381025313764,1.062585794845,1.2094039708538,0,0
469,0.9987072027228251,1.04269777312,1.2094039708538,0,0
470,0.9987072027228251,1.029454025125,1.2094039708538,0,0
471,0.9987072027228251,1.017982155347,1.2094039708538,0,0
472,0.9987072027228251,1.022631819987,1.2094039708538,0,0
473,0.9987072027228251,1.016043538487,1.06346424457725,0,0
474,0.9987072027228251,1.018896959154,1.06346424457725,0,0
475,0.9987072027228251,1.023652378957,1.06346424457725,0,0
476,0.9956381025313764,1.022905473049,1.06346424457725,0,0
477,0.9956381025313764,1.031326983704,1.06346424457725,0,0
478,0.9956381025313764,1.034619487119,1.06346424457725,0,0
479,0.9956381025313764,1.045035227399,1.06346424457725,0,0
480,0.9925700914699002,1.040549111541,1.06346424457725,0,0
481,0.9925700914699002,1.030152829668,1.06346424457725,0,0
482,0.9925700914699002,1.017272194268,1.06346424457725,0,0
483,0.9925700914699002,1.033194582679,1.06346424457725,0,0
484,0.9925700914699002,1.082623561397,1.06346424457725,1,0
485,0.9925700914699002,1.13608925007,1.2596803140944801,0,0
486,0.9895024888321635,1.209808326345,1.2596803140944801,0,0
487,0.9895024888321635,1.301767768933,1.2596803140944801,1,0
488,0.9895024888321635,1.414941944462,1.2596803140944801,1,0
489,0.9864358391831526,1.486024094036,1.2596803140944801,1,0
490,0.9864358391831526,1.557302087083,1.2596803140944801,1,0
491,0.9833700063816211,1.59778756971,1.2596803140944801,1,0
492,0.9833700063816211,1.62074518078,1.2596803140944801,1,0
493,0.9803045139332058,1.604007209514,1.2596803140944801,1,0
494,0.9772400425441397,1.556764457283,1.2596803140944801,1,0
495,0.9741765241437993,1.493171951925,1.2596803140944801,1,0
496,0.9741765241437993,1.408985396766,1.2596803140944801,1,0
497,0.971113278025952,1.322321255753,1.2596803140944801,1,0
498,0.971113278025952,1.232925394207,1.2596803140944801,0,0
499,0.9680510529674539,1.191026855972,1.2596803140944801,0,0
500,0.9680510529674539,1.129660019818,1.2596803140944801,0,0
501,0.9680510529674539,1.134807115729,1.2596803140944801,0,0
502,0.9649894405445651,1.079357079416,1.2596803140944801,0,0
503,0.9649894405445651,1.07843575565,1.2596803140944801,0,0
504,0.9619283726866625,1.066087117137,1.2596803140944801,0,0
505,0.9619283726866625,1.042578905823,1.2596803140944801,0,0
506,0.9619283726866625,1.059007908739,1.2596803140944801,0,0
507,0.9619283726866625,1.038360708455,1.2596803140944801,0,0
508,0.958868325888109,1.028955821803,1.2596803140944801,0,0
509,0.958868325888109,1.050153246304,1.2596803140944801,0,0
510,0.958868325888109,1.057429418528,1.2596803140944801,0,0
511,0.958868325888109,1.059022555981,1.2596803140944801,0,0
512,0.958868325888109,1.069788562164,1.2596803140944801,0,0
513,0.958868325888109,1.102561402102,1.2596803140944801,0,0
514,0.958868325888109,1.161309889339,1.2596803140944801,0,0
515,0.958868325888109,1.251191796283,1.2596803140944801,0,0
516,0.958868325888109,1.360886761423,1.2596803140944801,1,0
517,0.9619283726866625,1.458942917161,1.2596803140944801,1,0
518,0.9619283726866625,1.512874014376,1.2596803140944801,1,0
519,0.9619283726866625,1.502768454053,1.2596803140944801,1,0
520,0.9619283726866625,1.432242051005,1.2596803140944801,1,0
521,0.9649894405445651,1.362025142994,1.06346424457725,1,0
522,0.9649894405445651,1.311348414639,1.06346424457725,1,0
523,0.9649894405445651,1.268983690375,1.06346424457725,1,0
524,0.9680510529674539,1.254931079315,1.06346424457725,1,0
525,0.9680510529674539,1.257869500099,1.2094039708538,1,0
526,0.9680510529674539,1.261689713609,1.2094039708538,1,0
527,0.9680510529674539,1.304882431854,1.2094039708538,1,0
528,0.971113278025952,1.320382959967,1.2094039708538,1,0
529,0.971113278025952,1.382774402594,1.2094039708538,1,0
530,0.971113278025952,1.421624201845,1.2094039708538,1,0
531,0.9741765241437993,1.467642317105,1.2094039708538,1,0
532,0.9741765241437993,1.500955666352,1.2094039708538,1,0
533,0.9741765241437993,1.549287217117,1.2094039708538,1,0
534,0.9772400425441397,1.581434652502,1.2094039708538,1,0
535,0.9772400425441397,1.626149317131,1.2094039708538,1,0
536,0.9772400425441397,1.654184019591,1.2094039708538,1,0
537,0.9803045139332058,1.691694554876,1.2094039708538,1,0
538,0.9803045139332058,1.723724952956,1.2094039708538,1,0
539,0.9803045139332058,1.74627493587,1.2094039708538,1,0
540,0.9833700063816211,1.774329189676,1.2094039708538,1,0
541,0.9833700063816211,1.793701622994,1.2094039708538,1,0
542,0.9864358391831526,1.814481260843,1.2094039708538,1,0
543,0.9864358391831526,1.828299016799,1.2094039708538,1,0
544,0.9864358391831526,1.820467302721,1.2094039708538,1,0
545,0.9864358391831526,1.81008616606,1.2094039708538,1,0
546,0.9864358391831526,1.783113826859,1.2094039708538,1,0
547,0.9864358391831526,1.720908696711,1.2094039708538,1,0
548,0.9864358391831526,1.682521405626,1.2094039708538,1,0
549,0.9864358391831526,1.609029363924,1.2094039708538,1,0
550,0.9864358391831526,1.56856957445,1.2094039708538,1,0
551,0.9895024888321635,1.506229224298,1.2094039708538,1,0
552,0.9895024888321635,1.48651377267,1.2094039708538,1,0
553,0.9895024888321635,1.474542241411,1.2094039708538,1,0
554,0.9895024888321635,1.484059426202,1.2094039708538,1,0
555,0.9895024888321635,1.52478894152,1.2094039708538,1,0
556,0.9925700914699002,1.578232751803,1.2094039708538,1,0
557,0.9925700914699002,1.651535340238,1.2094039708538,1,0
558,0.9925700914699002,1.768548761183,1.2094039708538,1,0
559,0.9925700914699002,1.820101692359,1.2094039708538,1,0
560,0.9925700914699002,1.762297721926,1.2094039708538,1,0
561,0.9925700914699002,1.619910335139,1.2094039708538,1,0
562,0.9925700914699002,1.458406317707,1.2094039708538,1,0
563,0.9925700914699002,1.310593227802,1.2094039708538,1,0
564,0.9956381025313764,1.174353487641,1.2094039708538,0,0
565,0.9956381025313764,1.101755256477,1.2094039708538,0,0
566,0.9956381025313764,1.073018225575,1.2094039708538,0,0
567,0.9956381025313764,1.056606115683,1.2094039708538,0,0
568,0.9956381025313764,1.034220254521,1.2094039708538,0,0
569,0.9987072027228251,1.020236999164,1.2094039708538,0,0
570,0.9987072027228251,1.021260688999,1.2094039708538,0,0
571,0.9987072027228251,1.021725456201,1.06346424457725,0,0
572,0.9987072027228251,1.01479472442,1.06346424457725,0,0
573,0.9956381025313764,1.017571489136,1.06346424457725,0,0
574,0.9956381025313764,1.02066448595,1.06346424457725,0,0
575,0.9956381025313764,1.018441306811,1.06346424457725,0,0
576,0.9956381025313764,1.026519138284,1.06346424457725,0,0
577,0.9956381025313764,1.031127344242,1.06346424457725,0,0
578,0.9956381025313764,1.026322136682,1.06346424457725,0,0
579,0.9956381025313764,1.036785792322,1.06346424457725,0,0
580,0.9925700914699002,1.017493973133,1.06346424457725,0,0
581,0.9956381025313764,1.01406899369,1.06346424457725,0,0
582,0.9925700914699002,1.006663639556,1.2596803140944801,0,0
583,0.9925700914699002,1.040730292138,1.2596803140944801,0,0
584,0.9925700914699002,1.092888999407,1.2596803140944801,0,0
585,0.9925700914699002,1.176380714645,1.2596803140944801,0,0
586,0.9895024888321635,1.295345110417,1.2596803140944801,1,0
587,0.9895024888321635,1.43388115398,1.2596803140944801,1,0
588,0.9895024888321635,1.568589278185,1.2596803140944801,1,0
589,0.9864358391831526,1.678464595859,1.2596803140944801,1,0
590,0.9833700063816211,1.76232690329,1.2596803140944801,1,0
591,0.9803045139332058,1.795389127834,1.2596803140944801,1,0
592,0.9772400425441397,1.782038826825,1.2596803140944801,1,0
593,0.9772400425441397,1.743580091866,1.2596803140944801,1,0
594,0.9741765241437993,1.690811187981,1.2596803140944801,1,0
595,0.971113278025952,1.59452322983,1.2596803140944801,1,0
596,0.971113278025952,1.476589404931,1.2596803140944801,1,0
597,0.9680510529674539,1.365231824236,1.2596803140944801,1,0
598,0.9680510529674539,1.277851357542,1.2596803140944801,1,0
599,0.9680510529674539,1.201101687866,1.2596803140944801,0,0
600,0.9649894405445651,1.153556362944,1.2596803140944801,0,0
601,0.9649894405445651,1.123582344804,1.2596803140944801,0,0
602,0.9649894405445651,1.086606064354,1.2596803140944801,0,0
603,0.9619283726866625,1.072646230701,1.2596803140944801,0,0
604,0.9619283726866625,1.044543835605,1.2596803140944801,0,0
605,0.9619283726866625,1.063906384348,1.2596803140944801,0,0
606,0.958868325888109,1.035804546149,1.2596803140944801,0,0
607,0.958868325888109,1.034228194113,1.2596803140944801,0,0
608,0.958868325888109,1.059128334831,1.2596803140944801,0,0
609,0.958868325888109,1.055023257046,1.2596803140944801,0,0
610,0.958868325888109,1.051780023809,1.2596803140944801,0,0
611,0.958868325888109,1.07934886596,1.2596803140944801,0,0
612,0.958868325888109,1.121808377109,1.2596803140944801,0,0
613,0.958868325888109,1.176803090103,1.2596803140944801,0,0
614,0.958868325888109,1.261089074658,1.2596803140944801,1,0
615,0.9619283726866625,1.369593642426,1.2596803140944801,1,0
616,0.9619283726866625,1.466530795573,1.2596803140944801,1,0
617,0.9619283726866625,1.485497028181,1.2596803140944801,1,0
618,0.9619283726866625,1.457291823153,1.2596803140944801,1,0
619,0.9649894405445651,1.38549768118,1.2596803140944801,1,0
620,0.9649894405445651,1.321384774304,1.2596803140944801,1,0
621,0.9649894405445651,1.279146007748,1.06346424457725,1,0
622,0.9680510529674539,1.253331316015,1.06346424457725,1,0
623,0.9680510529674539,1.257686730911,1.2094039708538,1,0
624,0.9680510529674539,1.270862319732,1.2094039708538,1,0
625,0.9680510529674539,1.296756057737,1.2094039708538,1,0
626,0.971113278025952,1.35685156792,1.2094039708538,1,0
627,0.971113278025952,1.428307096719,1.2094039708538,1,0
628,0.971113278025952,1.469364166188,1.2094039708538,1,0
629,0.9741765241437993,1.563410448598,1.2094039708538,1,0
630,0.9741765241437993,1.658427926595,1.2094039708538,1,0
631,0.9741765241437993,1.741209772452,1.2094039708538,1,0
632,0.9741765241437993,1.800115193828,1.2094039708538,1,0
633,0.9772400425441397,1.873563524618,1.2094039708538,1,0
634,0.9772400425441397,1.923313192293,1.2094039708538,1,0
635,0.9772400425441397,1.957873879777,1.2094039708538,1,0
636,0.9803045139332058,1.997316334709,1.2094039708538,1,0
637,0.9803045139332058,2.030024590474,1.2094039708538,1,0
638,0.9803045139332058,2.026509236744,1.2094039708538,1,0
639,0.9833700063816211,2.014093696403,1.2094039708538,1,0
640,0.9833700063816211,1.983267415037,1.2094039708538,1,0
641,0.9864358391831526,1.948935946719,1.2094039708538,1,0
642,0.9864358391831526,1.904489874594,1.2094039708538,1,0
643,0.9864358391831526,1.85016545106,1.2094039708538,1,0
644,0.9864358391831526,1.806742134782,1.2094039708538,1,0
645,0.9864358391831526,1.740288412426,1.2094039708538,1,0
646,0.9864358391831526,1.661170316634,1.2094039708538,1,0
647,0.9864358391831526,1.584058002379,1.2094039708538,1,0
648,0.9864358391831526,1.52599031727,1.2094039708538,1,0
649,0.9864358391831526,1.452168736856,1.2094039708538,1,0
650,0.9864358391831526,1.418305937436,1.2094039708538,1,0
651,0.9895024888321635,1.398116386859,1.2094039708538,1,0
652,0.9908022973835355,1.405491463309,1.2094039708538,1,0
653,0.9895024888321635,1.447498959766,1.2094039708538,1,0
654,0.9895024888321635,1.495030993882,1.2094039708538,1,0
655,0.9895024888321635,1.575250061798,1.2094039708538,1,0
656,0.9925700914699002,1.672371753896,1.2094039708538,1,0
657,0.9895024888321635,1.772474700292,1.2094039708538,1,0
658,0.9925700914699002,1.792801267745,1.2094039708538,1,0
659,0.9925700914699002,1.679901531847,1.2094039708538,1,0
660,0.9925700914699002,1.520020007874,1.2094039708538,1,0
661,0.9925700914699002,1.374921494454,1.2094039708538,1,0
662,0.9925700914699002,1.24040598081,1.2094039708538,1,0
663,0.9925700914699002,1.133784105544,1.2094039708538,0,0
664,0.9938675175494577,1.089818613585,1.2094039708538,0,0
665,0.9956381025313764,1.052431710656,1.2094039708538,0,0
666,0.9956381025313764,1.052343853993,1.2094039708538,0,0
667,0.9956381025313764,1.034993121906,1.2094039708538,0,0
668,0.9956381025313764,1.023836454829,1.2094039708538,0,0
669,0.9956381025313764,1.017111825789,1.2094039708538,0,0
670,0.9956381025313764,1.022203515135,1.06346424457725,0,0
671,0.9956381025313764,1.016511552878,1.06346424457725,0,0
672,0.9956381025313764,1.015298249019,1.06346424457725,0,0
673,0.9956381025313764,1.02006711106,1.06346424457725,0,0
674,0.9956381025313764,1.016123662161,1.06346424457725,0,0
675,0.9956381025313764,1.027452455776,1.06346424457725,0,0
676,0.9956381025313764,1.032290015421,1.06346424457725,0,0
677,0.9956381025313764,1.027236306491,1.06346424457725,0,0
678,0.9956381025313764,1.034745208475,1.06346424457725,0,0
679,0.9956381025313764,1.016141055994,1.06346424457725,0,0
680,0.9956381025313764,1.015202711949,1.06346424457725,0,0
681,0.9956381025313764,1.010669782459,1.06346424457725,0,0
682,0.9956381025313764,1.069384339368,1.2596803140944801,0,0
683,0.9925700914699002,1.141216232373,1.2596803140944801,0,0
684,0.9925700914699002,1.282519791097,1.2596803140944801,1,0
685,0.9925700914699002,1.47137493921,1.2596803140944801,1,0
686,0.9895024888321635,1.645322314175,1.2596803140944801,1,0
687,0.9895024888321635,1.819998535166,1.2596803140944801,1,0
688,0.9864358391831526,1.97029794302,1.2596803140944801,1,0
689,0.9833700063816211,2.07159365443,1.2596803140944801,1,0
690,0.9803045139332058,2.111462444825,1.2596803140944801,1,0
691,0.9772400425441397,2.096671931939,1.2596803140944801,1,0
692,0.9772400425441397,2.054639892521,1.2596803140944801,1,0
693,0.9741765241437993,1.960475628629,1.2596803140944801,1,0
694,0.971113278025952,1.838285501004,1.2596803140944801,1,0
695,0.971113278025952,1.705326812833,1.2596803140944801,1,0
696,0.971113278025952,1.561627612116,1.2596803140944801,1,0
697,0.9680510529674539,1.40568231573,1.2596803140944801,1,0
698,0.9680510529674539,1.309716997142,1.2596803140944801,1,0
699,0.9649894405445651,1.190584446773,1.2596803140944801,0,0
700,0.9649894405445651,1.158608137922,1.2596803140944801,0,0
701,0.9619283726866625,1.093597076993,1.2596803140944801,0,0
702,0.9619283726866625,1.097988978428,1.2596803140944801,0,0
703,0.9619283726866625,1.040345624067,1.2596803140944801,0,0
704,0.9619283726866625,1.056570585054,1.2596803140944801,0,0
705,0.958868325888109,1.031562076828,1.2596803140944801,0,0
706,0.958868325888109,1.034247808573,1.2596803140944801,0,0
707,0.958868325888109,1.043874693619,1.2596803140944801,0,0
708,0.958868325888109,1.03566758329,1.2596803140944801,0,0
709,0.958868325888109,1.047280461372,1.2596803140944801,0,0
710,0.958868325888109,1.073553529187,1.2596803140944801,0,0
711,0.958868325888109,1.103689751672,1.2596803140944801,0,0
712,0.958868325888109,1.116263381182,1.2596803140944801,0,0
713,0.9619283726866625,1.177928977272,1.2596803140944801,0,0
714,0.9619283726866625,1.295593614788,1.2596803140944801,1,0
715,0.9619283726866625,1.395792464891,1.2596803140944801,1,0
716,0.9619283726866625,1.452878024794,1.2596803140944801,1,0
717,0.9649894405445651,1.440384159531,1.2596803140944801,1,0
718,0.9649894405445651,1.362433323878,1.2596803140944801,1,0
719,0.9649894405445651,1.28498788294,1.2596803140944801,1,0
720,0.9680510529674539,1.247496038458,1.06346424457725,1,0
721,0.9680510529674539,1.226551170989,1.06346424457725,1,0
722,0.9680510529674539,1.229381657783,1.2094039708538,1,0
723,0.9680510529674539,1.257275007248,1.2094039708538,1,0
724,0.9680510529674539,1.291962350747,1.2094039708538,1,0
725,0.971113278025952,1.365338914224,1.2094039708538,1,0
726,0.971113278025952,1.467665774787,1.2094039708538,1,0
727,0.9741765241437993,1.568578565487,1.2094039708538,1,0
728,0.9741765241437993,1.712454597555,1.2094039708538,1,0
729,0.9741765241437993,1.823648453493,1.2094039708538,1,0
730,0.9772400425441397,1.967917208265,1.2094039708538,1,0
731,0.9772400425441397,2.104732556793,1.2094039708538,1,0
732,0.9772400425441397,2.232714830575,1.2094039708538,1,0
733,0.9772400425441397,2.338044417016,1.2094039708538,1,0
734,0.9803045139332058,2.438203420732,1.2094039708538,1,0
735,0.9803045139332058,2.516247666718,1.2094039708538,1,0
736,0.9833700063816211,2.578404437369,1.2094039708538,1,0
737,0.9833700063816211,2.593154117585,1.2094039708538,1,0
738,0.9864358391831526,2.598005488236,1.2094039708538,1,0
739,0.9864358391831526,2.576478764042,1.2094039708538,1,0
740,0.9864358391831526,2.530228937335,1.2094039708538,1,0
741,0.9864358391831526,2.459108767936,1.2094039708538,1,0
742,0.9864358391831526,2.348231999859,1.2094039708538,1,0
743,0.9864358391831526,2.248753045629,1.2094039708538,1,0
744,0.9864358391831526,2.1469738851,1.2094039708538,1,0
745,0.9864358391831526,2.03974133709,1.2094039708538,1,0
746,0.9864358391831526,1.912890767655,1.2094039708538,1,0
747,0.9864358391831526,1.789788292884,1.2094039708538,1,0
748,0.9895024888321635,1.732852823496,1.2094039708538,1,0
749,0.9895024888321635,1.635820304369,1.2094039708538,1,0
750,0.9895024888321635,1.608630230017,1.2094039708538,1,0
751,0.9925700914699002,1.596024470223,1.2094039708538,1,0
752,0.9925700914699002,1.631339277319,1.2094039708538,1,0
753,0.9925700914699002,1.688641848081,1.2094039708538,1,0
754,0.9925700914699002,1.748042891426,1.2094039708538,1,0
755,0.9925700914699002,1.823465566576,1.2094039708538,1,0
756,0.9925700914699002,1.83583584964,1.2094039708538,1,0
757,0.9925700914699002,1.719197238573,1.2094039708538,1,0
758,0.9925700914699002,1.570204083259,1.2094039708538,1,0
759,0.9925700914699002,1.408444488825,1.2094039708538,1,0
760,0.9925700914699002,1.252702418437,1.2094039708538,1,0
761,0.9925700914699002,1.145422031886,1.2094039708538,0,0
762,0.9925700914699002,1.090172436736,1.2094039708538,0,0
763,0.9956381025313764,1.063253890971,1.2094039708538,0,0
764,0.9956381025313764,1.037930813887,1.2094039708538,0,0
765,0.9956381025313764,1.028518057819,1.2094039708538,0,0
766,0.9956381025313764,1.017642037816,1.2094039708538,0,0
767,0.9956381025313764,1.017403791983,1.06346424457725,0,0
768,0.9956381025313764,1.020752623615,1.06346424457725,0,0
769,0.9956381025313764,1.01410843066,1.06346424457725,0,0
770,0.9956381025313764,1.014694121648,1.06346424457725,0,0
771,0.9956381025313764,1.02072616252,1.06346424457725,0,0
772,0.9969336226334824,1.016067467117,1.06346424457725,0,0
773,0.9956381025313764,1.026043583788,1.06346424457725,0,0
774,0.9956381025313764,1.030666442011,1.06346424457725,0,0
775,0.9956381025313764,1.025740088513,1.06346424457725,0,0
776,0.9956381025313764,1.032556525145,1.06346424457725,0,0
777,0.9956381025313764,1.012203865303,1.06346424457725,0,0
778,0.9956381025313764,1.004501543714,1.06346424457725,0,0
779,0.9956381025313764,0.998038677648,1.2596803140944801,0,0
780,0.9925700914699002,1.023035215301,1.2596803140944801,0,0
781,0.9925700914699002,1.081206486244,1.2596803140944801,0,0
782,0.9895024888321635,1.188337009734,1.2596803140944801,0,0
783,0.9895024888321635,1.344322333338,1.2596803140944801,1,0
784,0.9864358391831526,1.493551410435,1.2596803140944801,1,0
785,0.9864358391831526,1.640359740057,1.2596803140944801,1,0
786,0.9833700063816211,1.76132646268,1.2596803140944801,1,0
787,0.9803045139332058,1.831874590368,1.2596803140944801,1,0
788,0.9772400425441397,1.863956245575,1.2596803140944801,1,0
789,0.9772400425441397,1.843780359695,1.2596803140944801,1,0
790,0.9741765241437993,1.797666661846,1.2596803140944801,1,0
791,0.971113278025952,1.703075696533,1.2596803140944801,1,0
792,0.971113278025952,1.595764201518,1.2596803140944801,1,0
793,0.9680510529674539,1.462184435442,1.2596803140944801,1,0
794,0.9680510529674539,1.347560968673,1.2596803140944801,1,0
795,0.9680510529674539,1.262564227371,1.2596803140944801,1,0
796,0.9649894405445651,1.165986718002,1.2596803140944801,0,0
797,0.9649894405445651,1.142508064987,1.2596803140944801,0,0
798,0.9649894405445651,1.094061515555,1.2596803140944801,0,0
799,0.9619283726866625,1.104307632183,1.2596803140944801,0,0
800,0.9619283726866625,1.043230078237,1.2596803140944801,0,0
801,0.9619283726866625,1.061516872008,1.2596803140944801,0,0
802,0.958868325888109,1.034178117528,1.2596803140944801,0,0
803,0.958868325888109,1.033554031949,1.2596803140944801,0,0
804,0.958868325888109,1.052073499056,1.2596803140944801,0,0
805,0.958868325888109,1.042737393932,1.2596803140944801,0,0
806,0.958868325888109,1.048247371385,1.2596803140944801,0,0
807,0.958868325888109,1.08707826474,1.2596803140944801,0,0
808,0.958868325888109,1.107914123484,1.2596803140944801,0,0
809,0.958868325888109,1.135628620995,1.2596803140944801,0,0
810,0.958868325888109,1.212863515627,1.2596803140944801,0,0
811,0.958868325888109,1.334643796661,1.2596803140944801,1,0
812,0.9619283726866625,1.436225164296,1.2596803140944801,1,0
813,0.9619283726866625,1.459623798641,1.2596803140944801,1,0
814,0.9619283726866625,1.395071920846,1.2596803140944801,1,0
815,0.9649894405445651,1.336159661078,1.2596803140944801,1,0
816,0.9649894405445651,1.248407948556,1.06346424457725,1,0
817,0.9649894405445651,1.204283946697,1.06346424457725,1,0
818,0.9649894405445651,1.179261727821,1.06346424457725,1,0
819,0.9680510529674539,1.163608796134,1.2094039708538,0,0
820,0.9680510529674539,1.174039088171,1.2094039708538,0,0
821,0.9680510529674539,1.191362040586,1.2094039708538,0,0
822,0.9680510529674539,1.231074131102,1.2094039708538,1,0
823,0.971113278025952,1.291528898452,1.2094039708538,1,0
824,0.971113278025952,1.387062931891,1.2094039708538,1,0
825,0.971113278025952,1.450841579698,1.2094039708538,1,0
826,0.9741765241437993,1.537293768176,1.2094039708538,1,0
827,0.9741765241437993,1.626457604191,1.2094039708538,1,0
828,0.9741765241437993,1.695329464209,1.2094039708538,1,0
829,0.9772400425441397,1.778723555531,1.2094039708538,1,0
830,0.9772400425441397,1.845080275422,1.2094039708538,1,0
831,0.9772400425441397,1.896946953377,1.2094039708538,1,0
832,0.9803045139332058,1.942019831422,1.2094039708538,1,0
833,0.9803045139332058,1.964762381021,1.2094039708538,1,0
834,0.9803045139332058,1.957954255183,1.2094039708538,1,0
835,0.9833700063816211,1.93750047551,1.2094039708538,1,0
836,0.9833700063816211,1.898935986394,1.2094039708538,1,0
837,0.9864358391831526,1.863804384465,1.2094039708538,1,0
838,0.9864358391831526,1.815671543461,1.2094039708538,1,0
839,0.9864358391831526,1.761462649096,1.2094039708538,1,0
840,0.9864358391831526,1.717898622153,1.2094039708538,1,0
841,0.9864358391831526,1.655470611725,1.2094039708538,1,0
842,0.9864358391831526,1.586161868964,1.2094039708538,1,0
843,0.9864358391831526,1.514008360128,1.2094039708538,1,0
844,0.9864358391831526,1.476298830634,1.2094039708538,1,0
845,0.9864358391831526,1.41118279875,1.2094039708538,1,0
846,0.9895024888321635,1.391916239253,1.2094039708538,1,0
847,0.9895024888321635,1.379000937459,1.2094039708538,1,0
848,0.9895024888321635,1.388118066715,1.2094039708538,1,0
849,0.9895024888321635,1.431119538971,1.2094039708538,1,0
850,0.9925700914699002,1.482970966681,1.2094039708538,1,0
851,0.9925700914699002,1.560864582164,1.2094039708538,1,0
852,0.9925700914699002,1.666594977206,1.2094039708538,1,0
853,0.9925700914699002,1.754876250153,1.2094039708538,1,0
854,0.9925700914699002,1.810709597763,1.2094039708538,1,0
855,0.9925700914699002,1.734587367999,1.2094039708538,1,0
856,0.9925700914699002,1.584212210912,1.2094039708538,1,0
857,0.9925700914699002,1.427353609155,1.2094039708538,1,0
858,0.9925700914699002,1.283941486199,1.2094039708538,1,0
859,0.9925700914699002,1.151484071295,1.2094039708538,0,0
860,0.9938675175494577,1.094594221566,1.2094039708538,0,0
861,0.9925700914699002,1.065948620501,1.2094039708538,0,0
862,0.9956381025313764,1.055683076231,1.2094039708538,0,0
863,0.9956381025313764,1.030985937456,1.2094039708538,0,0
864,0.9956381025313764,1.023797065506,1.2094039708538,0,0
865,0.9956381025313764,1.015452342733,1.2094039708538,0,0
866,0.9956381025313764,1.019361040124,1.06346424457725,0,0
867,0.9956381025313764,1.018446248728,1.06346424457725,0,0
868,0.9956381025313764,1.014939748767,1.06346424457725,0,0
869,0.9956381025313764,1.018105216614,1.06346424457725,0,0
870,0.9956381025313764,1.021551746474,1.06346424457725,0,0
871,0.9956381025313764,1.022423464107,1.06346424457725,0,0
872,0.9956381025313764,1.029111142181,1.06346424457725,0,0
873,0.9956381025313764,1.027418814187,1.06346424457725,0,0
874,0.9956381025313764,1.030252325255,1.06346424457725,0,0
875,0.9956381025313764,1.02709753139,1.06346424457725,0,0
876,0.9956381025313764,1.011123683247,1.06346424457725,0,0
877,0.9925700914699002,0.996539820091,1.2596803140944801,0,0
878,0.9925700914699002,0.998086827263,1.2596803140944801,0,0
879,0.9895024888321635,1.008258702189,1.2596803140944801,0,0
880,0.9895024888321635,1.040374382593,1.2596803140944801,0,0
881,0.9864358391831526,1.106289055546,1.2596803140944801,0,0
882,0.9864358391831526,1.190509228661,1.2596803140944801,0,0
883,0.9864358391831526,1.280813547693,1.2596803140944801,1,0
884,0.9833700063816211,1.374608323793,1.2596803140944801,1,0
885,0.9803045139332058,1.436808747924,1.2596803140944801,1,0
886,0.9772400425441397,1.470756046589,1.2596803140944801,1,0
887,0.9741765241437993,1.449883907507,1.2596803140944801,1,0
888,0.9741765241437993,1.416061526711,1.2596803140944801,1,0
889,0.971113278025952,1.367886155518,1.2596803140944801,1,0
890,0.971113278025952,1.287354659985,1.2596803140944801,1,0
891,0.9680510529674539,1.20706886537,1.2596803140944801,0,0
892,0.9680510529674539,1.181721098097,1.2596803140944801,0,0
893,0.9680510529674539,1.130758495906,1.2596803140944801,0,0
894,0.9649894405445651,1.145308110308,1.2596803140944801,0,0
895,0.9649894405445651,1.078111152978,1.2596803140944801,0,0
896,0.9649894405445651,1.093184720607,1.2596803140944801,0,0
897,0.9619283726866625,1.043832496946,1.2596803140944801,0,0
898,0.9619283726866625,1.03998064197,1.2596803140944801,0,0
899,0.9619283726866625,1.048107160651,1.2596803140944801,0,0
900,0.958868325888109,1.029936036999,1.2596803140944801,0,0
901,0.958868325888109,1.042615307718,1.2596803140944801,0,0
902,0.958868325888109,1.048424885822,1.2596803140944801,0,0
903,0.958868325888109,1.040776664836,1.2596803140944801,0,0
904,0.958868325888109,1.05065554115,1.2596803140944801,0,0
905,0.958868325888109,1.092052092655,1.2596803140944801,0,0
906,0.958868325888109,1.11608573632,1.2596803140944801,0,0
907,0.958868325888109,1.151797822684,1.2596803140944801,0,0
908,0.958868325888109,1.234712066411,1.2596803140944801,0,0
909,0.958868325888109,1.343095120684,1.2596803140944801,1,0
910,0.9619283726866625,1.444135682645,1.2596803140944801,1,0
911,0.9619283726866625,1.442237281071,1.2596803140944801,1,0
912,0.9619283726866625,1.383228965623,1.2596803140944801,1,0
913,0.9649894405445651,1.292124805214,1.06346424457725,1,0
914,0.9649894405445651,1.216271069181,1.06346424457725,1,0
915,0.9649894405445651,1.178901350403,1.06346424457725,1,0
916,0.9649894405445651,1.160568887869,1.06346424457725,1,0
917,0.9680510529674539,1.146554594144,1.2094039708538,0,0
918,0.9680510529674539,1.153341523665,1.2094039708538,0,0
919,0.9680510529674539,1.166184849131,1.2094039708538,0,0
920,0.9680510529674539,1.190730037265,1.2094039708538,0,0
921,0.9680510529674539,1.246340567002,1.2094039708538,1,0
922,0.971113278025952,1.298385178243,1.2094039708538,1,0
923,0.971113278025952,1.373233812384,1.2094039708538,1,0
924,0.9741765241437993,1.432213457652,1.2094039708538,1,0
925,0.9741765241437993,1.492922978771,1.2094039708538,1,0
926,0.9741765241437993,1.544727613838,1.2094039708538,1,0
927,0.9741765241437993,1.58079223819,1.2094039708538,1,0
928,0.9772400425441397,1.627715162601,1.2094039708538,1,0
929,0.9772400425441397,1.663818977568,1.2094039708538,1,0
930,0.9772400425441397,1.655729900135,1.2094039708538,1,0
931,0.9803045139332058,1.661542329037,1.2094039708538,1,0
932,0.9803045139332058,1.641720988352,1.2094039708538,1,0
933,0.9803045139332058,1.612791499756,1.2094039708538,1,0
934,0.9833700063816211,1.571547145829,1.2094039708538,1,0
935,0.9864358391831526,1.555389780313,1.2094039708538,1,0
936,0.9864358391831526,1.522703879551,1.2094039708538,1,0
937,0.9864358391831526,1.494538457405,1.2094039708538,1,0
938,0.9864358391831526,1.469605853265,1.2094039708538,1,0
939,0.9864358391831526,1.419408641075,1.2094039708538,1,0
940,0.9864358391831526,1.39473197138,1.2094039708538,1,0
941,0.9864358391831526,1.336895264234,1.2094039708538,1,0
942,0.9864358391831526,1.322679810263,1.2094039708538,1,0
943,0.9864358391831526,1.281909725829,1.2094039708538,1,0
944,0.9864358391831526,1.284475090486,1.2094039708538,1,0
945,0.9895024888321635,1.27923143889,1.2094039708538,1,0
946,0.9895024888321635,1.303111604709,1.2094039708538,1,0
947,0.9895024888321635,1.349725286821,1.2094039708538,1,0
948,0.9925700914699002,1.405146921011,1.2094039708538,1,0
949,0.9925700914699002,1.486207658137,1.2094039708538,1,0
950,0.9925700914699002,1.602637390362,1.2094039708538,1,0
951,0.9925700914699002,1.693271103405,1.2094039708538,1,0
952,0.9925700914699002,1.783057492839,1.2094039708538,1,0
953,0.9925700914699002,1.773487314667,1.2094039708538,1,0
954,0.9925700914699002,1.654438669066,1.2094039708538,1,0
955,0.9925700914699002,1.499597491247,1.2094039708538,1,0
956,0.9925700914699002,1.351062708796,1.2094039708538,1,0
957,0.9925700914699002,1.214456973152,1.2094039708538,1,0
958,0.9925700914699002,1.12276362818,1.2094039708538,0,0
959,0.9956381025313764,1.083180004529,1.2094039708538,0,0
960,0.9956381025313764,1.063488748899,1.2094039708538,0,0
961,0.9956381025313764,1.03815210265,1.2094039708538,0,0
962,0.9956381025313764,1.02514576219,1.2094039708538,0,0
963,0.9956381025313764,1.018411615826,1.2094039708538,0,0
964,0.9956381025313764,1.023218744782,1.2094039708538,0,0
965,0.9956381025313764,1.018798240923,1.06346424457725,0,0
966,0.9956381025313764,1.014939748767,1.06346424457725,0,0
967,0.9956381025313764,1.018215616856,1.06346424457725,0,0
968,0.9956381025313764,1.024330457824,1.06346424457725,0,0
969,0.9956381025313764,1.021308916667,1.06346424457725,0,0
970,0.9956381025313764,1.0268201976,1.06346424457725,0,0
971,0.9956381025313764,1.029264715334,1.06346424457725,0,0
972,0.9956381025313764,1.02691207651,1.06346424457725,0,0
973,0.9956381025313764,1.030545576576,1.06346424457725,0,0
974,0.9956381025313764,1.012891527082,1.06346424457725,0,0
975,0.9956381025313764,1.007959387628,1.06346424457725,0,0
976,0.9956381025313764,0.996445287762,1.2596803140944801,0,0
977,0.9925700914699002,1.012740793486,1.2596803140944801,0,0
978,0.9925700914699002,1.054330036919,1.2596803140944801,0,0
979,0.9925700914699002,1.137292870763,1.2596803140944801,0,0
980,0.9895024888321635,1.269236920253,1.2596803140944801,1,0
981,0.9895024888321635,1.427604344051,1.2596803140944801,1,0
982,0.9864358391831526,1.573524986233,1.2596803140944801,1,0
983,0.9864358391831526,1.722868054393,1.2596803140944801,1,0
984,0.9833700063816211,1.832031302921,1.2596803140944801,1,0
985,0.9803045139332058,1.903640309586,1.2596803140944801,1,0
986,0.9772400425441397,1.906434365573,1.2596803140944801,1,0
987,0.9772400425441397,1.900104969482,1.2596803140944801,1,0
988,0.9741765241437993,1.841740084721,1.2596803140944801,1,0
989,0.971113278025952,1.760573497256,1.2596803140944801,1,0
990,0.971113278025952,1.659661663013,1.2596803140944801,1,0
991,0.9680510529674539,1.538498552134,1.2596803140944801,1,0
992,0.9680510529674539,1.429685234484,1.2596803140944801,1,0
993,0.9680510529674539,1.341471012859,1.2596803140944801,1,0
994,0.9649894405445651,1.217270263179,1.2596803140944801,0,0
995,0.9649894405445651,1.187815254257,1.2596803140944801,0,0
996,0.9619283726866625,1.11820247425,1.2596803140944801,0,0
997,0.9619283726866625,1.11953238972,1.2596803140944801,0,0
998,0.9619283726866625,1.05557090685,1.2596803140944801,0,0
999,0.9619283726866625,1.063927437444,1.2596803140944801,0,0
1000,0.9619283726866625,1.04326279645,1.2596803140944801,0,0
1001,0.9619283726866625,1.032483443454,1.2596803140944801,0,0
1002,0.9619283726866625,1.05593911479,1.2596803140944801,0,0
1003,0.9619283726866625,1.060038015683,1.2596803140944801,0,0
1004,0.958868325888109,1.063396416019,1.2596803140944801,0,0
1005,0.958868325888109,1.083621417606,1.2596803140944801,0,0
1006,0.958868325888109,1.1249815678,1.2596803140944801,0,0
1007,0.958868325888109,1.181605349395,1.2596803140944801,0,0
1008,0.9619283726866625,1.265669796047,1.2596803140944801,1,0
1009,0.9619283726866625,1.374527375158,1.2596803140944801,1,0
1010,0.9619283726866625,1.454135332782,1.2596803140944801,1,0
1011,0.9619283726866625,1.485991950519,1.2596803140944801,1,0
1012,0.9649894405445651,1.46130690471,1.2596803140944801,1,0
1013,0.9649894405445651,1.398693592588,1.2596803140944801,1,0
1014,0.9649894405445651,1.342731861583,1.06346424457725,1,0
1015,0.9680510529674539,1.306341751807,1.06346424457725,1,0
1016,0.9680510529674539,1.291798668991,1.06346424457725,1,0
1017,0.9680510529674539,1.308527803366,1.2094039708538,1,0
1018,0.9680510529674539,1.317220495864,1.2094039708538,1,0
1019,0.9680510529674539,1.38113216039,1.2094039708538,1,0
1020,0.971113278025952,1.432484168677,1.2094039708538,1,0
1021,0.971113278025952,1.540475990479,1.2094039708538,1,0
1022,0.9741765241437993,1.618479374198,1.2094039708538,1,0
1023,0.9741765241437993,1.724098725501,1.2094039708538,1,0
1024,0.9741765241437993,1.810810908604,1.2094039708538,1,0
1025,0.9741765241437993,1.904180582351,1.2094039708538,1,0
1026,0.9772400425441397,1.995809993085,1.2094039708538,1,0
1027,0.9772400425441397,2.091524592509,1.2094039708538,1,0
1028,0.9772400425441397,2.14776584872,1.2094039708538,1,0
1029,0.9803045139332058,2.213118369384,1.2094039708538,1,0
1030,0.9803045139332058,2.254469407502,1.2094039708538,1,0
1031,0.9833700063816211,2.2898895774,1.2094039708538,1,0
1032,0.9833700063816211,2.293528818285,1.2094039708538,1,0
1033,0.9864358391831526,2.287068627902,1.2094039708538,1,0
1034,0.9864358391831526,2.274556080535,1.2094039708538,1,0
1035,0.9864358391831526,2.241200759133,1.2094039708538,1,0
1036,0.9864358391831526,2.189153862955,1.2094039708538,1,0
1037,0.9864358391831526,2.130165416848,1.2094039708538,1,0
1038,0.9864358391831526,2.063173565812,1.2094039708538,1,0
1039,0.9864358391831526,2.000652085999,1.2094039708538,1,0
1040,0.9864358391831526,1.907883204719,1.2094039708538,1,0
1041,0.9864358391831526,1.85639882532,1.2094039708538,1,0
1042,0.9864358391831526,1.730974472245,1.2094039708538,1,0
1043,0.9895024888321635,1.688079597665,1.2094039708538,1,0
1044,0.9895024888321635,1.625490533987,1.2094039708538,1,0
1045,0.9895024888321635,1.624532829954,1.2094039708538,1,0
1046,0.9925700914699002,1.624356741402,1.2094039708538,1,0
1047,0.9925700914699002,1.658186983276,1.2094039708538,1,0
1048,0.9925700914699002,1.721215679286,1.2094039708538,1,0
1049,0.9925700914699002,1.791241505394,1.2094039708538,1,0
1050,0.9925700914699002,1.867444689792,1.2094039708538,1,0
1051,0.9925700914699002,1.860335491128,1.2094039708538,1,0
1052,0.9925700914699002,1.742353413341,1.2094039708538,1,0
1053,0.9925700914699002,1.592305763466,1.2094039708538,1,0
1054,0.9925700914699002,1.440464015566,1.2094039708538,1,0
1055,0.9925700914699002,1.307511699649,1.2094039708538,1,0
1056,0.9956381025313764,1.194249197626,1.2094039708538,0,0
1057,0.9956381025313764,1.109582926972,1.2094039708538,0,0
1058,0.9956381025313764,1.068586982129,1.2094039708538,0,0
1059,0.9956381025313764,1.038677542215,1.2094039708538,0,0
1060,0.9956381025313764,1.031922168057,1.2094039708538,0,0
1061,0.9956381025313764,1.03189499229,1.2094039708538,0,0
1062,0.9956381025313764,1.023644552734,1.06346424457725,0,0
1063,0.9956381025313764,1.016570666934,1.06346424457725,0,0
1064,0.9987072027228251,1.015167892012,1.06346424457725,0,0
1065,0.9956381025313764,1.019437972753,1.06346424457725,0,0
1066,0.9956381025313764,1.022086517396,1.06346424457725,0,0
1067,0.9956381025313764,1.019895903886,1.06346424457725,0,0
1068,0.9956381025313764,1.027901638884,1.06346424457725,0,0
1069,0.9956381025313764,1.029064290261,1.06346424457725,0,0
1070,0.9956381025313764,1.028209114717,1.06346424457725,0,0
1071,0.9956381025313764,1.032268838127,1.06346424457725,0,0
1072,0.9956381025313764,1.012816480677,1.06346424457725,0,0
1073,0.9956381025313764,1.00582157763,1.06346424457725,0,0
1074,0.9956381025313764,1.006988026637,1.2596803140944801,0,0
1075,0.9925700914699002,1.038210843458,1.2596803140944801,0,0
1076,0.9925700914699002,1.090320152337,1.2596803140944801,0,0
1077,0.9925700914699002,1.207875831118,1.2596803140944801,0,0
1078,0.9895024888321635,1.358389656407,1.2596803140944801,1,0
1079,0.9895024888321635,1.521818321203,1.2596803140944801,1,0
1080,0.9864358391831526,1.669797023747,1.2596803140944801,1,0
1081,0.9864358391831526,1.81105364687,1.2596803140944801,1,0
1082,0.9833700063816211,1.917271593032,1.2596803140944801,1,0
1083,0.9803045139332058,1.978009888004,1.2596803140944801,1,0
1084,0.9772400425441397,1.97653012895,1.2596803140944801,1,0
1085,0.9772400425441397,1.956027173607,1.2596803140944801,1,0
1086,0.9741765241437993,1.892403456322,1.2596803140944801,1,0
1087,0.971113278025952,1.797832744275,1.2596803140944801,1,0
1088,0.971113278025952,1.693109041776,1.2596803140944801,1,0
1089,0.9680510529674539,1.561124795941,1.2596803140944801,1,0
1090,0.9680510529674539,1.449987430433,1.2596803140944801,1,0
1091,0.9680510529674539,1.344082132732,1.2596803140944801,1,0
1092,0.9649894405445651,1.215957421014,1.2596803140944801,0,0
1093,0.9649894405445651,1.183772761898,1.2596803140944801,0,0
1094,0.9619283726866625,1.113652651054,1.2596803140944801,0,0
1095,0.9619283726866625,1.107233037892,1.2596803140944801,0,0
1096,0.9619283726866625,1.050102900167,1.2596803140944801,0,0
1097,0.9619283726866625,1.065905685763,1.2596803140944801,0,0
1098,0.958868325888109,1.040274370852,1.2596803140944801,0,0
1099,0.9619283726866625,1.034107336813,1.2596803140944801,0,0
1100,0.9619283726866625,1.057446283942,1.2596803140944801,0,0
1101,0.958868325888109,1.060152750603,1.2596803140944801,0,0
1102,0.958868325888109,1.061003177656,1.2596803140944801,0,0
1103,0.958868325888109,1.0835453685,1.2596803140944801,0,0
1104,0.958868325888109,1.124023532156,1.2596803140944801,0,0
1105,0.958868325888109,1.175733936334,1.2596803140944801,0,0
1106,0.9619283726866625,1.277058937516,1.2596803140944801,1,0
1107,0.9619283726866625,1.372946606469,1.2596803140944801,1,0
1108,0.9619283726866625,1.464300557423,1.2596803140944801,1,0
1109,0.9619283726866625,1.478519677337,1.2596803140944801,1,0
1110,0.9619283726866625,1.455436688469,1.2596803140944801,1,0
1111,0.9649894405445651,1.385718779156,1.2596803140944801,1,0
1112,0.9649894405445651,1.323092044063,1.06346424457725,1,0
1113,0.9649894405445651,1.284668548157,1.06346424457725,1,0
1114,0.9680510529674539,1.260093099118,1.06346424457725,1,0
1115,0.9680510529674539,1.268484006067,1.2094039708538,1,0
1116,0.9680510529674539,1.282722992933,1.2094039708538,1,0
1117,0.9680510529674539,1.323208140411,1.2094039708538,1,0
1118,0.971113278025952,1.376166236448,1.2094039708538,1,0
1119,0.971113278025952,1.46536983816,1.2094039708538,1,0
1120,0.971113278025952,1.521183470858,1.2094039708538,1,0
1121,0.9741765241437993,1.617120031241,1.2094039708538,1,0
1122,0.9741765241437993,1.704291157848,1.2094039708538,1,0
1123,0.9741765241437993,1.797040493937,1.2094039708538,1,0
1124,0.9772400425441397,1.881754531322,1.2094039708538,1,0
1125,0.9772400425441397,1.969865707646,1.2094039708538,1,0
1126,0.9772400425441397,2.036782663732,1.2094039708538,1,0
1127,0.9772400425441397,2.074477704602,1.2094039708538,1,0
1128,0.9803045139332058,2.103426916101,1.2094039708538,1,0
1129,0.9803045139332058,2.126878222017,1.2094039708538,1,0
1130,0.9833700063816211,2.12491963267,1.2094039708538,1,0
1131,0.9833700063816211,2.102116555156,1.2094039708538,1,0
1132,0.9864358391831526,2.08304384512,1.2094039708538,1,0
1133,0.9864358391831526,2.048175919247,1.2094039708538,1,0
1134,0.9864358391831526,1.992134030249,1.2094039708538,1,0
1135,0.9864358391831526,1.939870832041,1.2094039708538,1,0
1136,0.9864358391831526,1.883264382921,1.2094039708538,1,0
1137,0.9864358391831526,1.823078778155,1.2094039708538,1,0
1138,0.9864358391831526,1.735603457558,1.2094039708538,1,0
1139,0.9864358391831526,1.679030972287,1.2094039708538,1,0
1140,0.9864358391831526,1.601880224364,1.2094039708538,1,0
1141,0.9895024888321635,1.532474322861,1.2094039708538,1,0
1142,0.9895024888321635,1.510635970415,1.2094039708538,1,0
1143,0.9895024888321635,1.497501894849,1.2094039708538,1,0
1144,0.9895024888321635,1.503842273227,1.2094039708538,1,0
1145,0.9925700914699002,1.547110907328,1.2094039708538,1,0
1146,0.9925700914699002,1.607791004889,1.2094039708538,1,0
1147,0.9925700914699002,1.674618940741,1.2094039708538,1,0
1148,0.9925700914699002,1.772806405501,1.2094039708538,1,0
1149,0.9925700914699002,1.825414823237,1.2094039708538,1,0
1150,0.9925700914699002,1.795797754634,1.2094039708538,1,0
1151,0.9925700914699002,1.65628586746,1.2094039708538,1,0
1152,0.9925700914699002,1.512849927302,1.2094039708538,1,0
1153,0.9925700914699002,1.369254355229,1.2094039708538,1,0
1154,0.9956381025313764,1.244190790341,1.2094039708538,1,0
1155,0.9956381025313764,1.13971374797,1.2094039708538,0,0
1156,0.9956381025313764,1.08361911625,1.2094039708538,0,0
1157,0.9956381025313764,1.051707372477,1.2094039708538,0,0
1158,0.9956381025313764,1.028905887477,1.2094039708538,0,0
1159,0.9987072027228251,1.028372259309,1.2094039708538,0,0
1160,0.9987072027228251,1.02751516006,1.2094039708538,0,0
1161,0.9987072027228251,1.022010956332,1.06346424457725,0,0
1162,0.9987072027228251,1.015378966449,1.06346424457725,0,0
1163,0.9987072027228251,1.020787931234,1.06346424457725,0,0
1164,0.9987072027228251,1.024689265058,1.06346424457725,0,0
1165,0.9987072027228251,1.025106561144,1.06346424457725,0,0
1166,0.9987072027228251,1.043150562064,1.06346424457725,0,0
1167,0.9987072027228251,1.038839332682,1.06346424457725,0,0
1168,0.9956381025313764,1.045806137636,1.06346424457725,0,0
1169,0.9956381025313764,1.041940235547,1.06346424457725,0,0
1170,0.9987072027228251,1.046951527279,1.06346424457725,0,0
1171,0.9956381025313764,1.056551141735,1.06346424457725,0,0
1172,0.9956381025313764,1.132647774562,1.2596803140944801,0,0
1173,0.9956381025313764,1.249524585474,1.2596803140944801,0,0
1174,0.9956381025313764,1.424711199865,1.2596803140944801,1,0
1175,0.9925700914699002,1.609428685884,1.2596803140944801,1,0
1176,0.9925700914699002,1.79903415913,1.2596803140944801,1,0
1177,0.9925700914699002,2.009809190423,1.2596803140944801,1,0
1178,0.9895024888321635,2.166800294126,1.2596803140944801,1,0
1179,0.9895024888321635,2.329885176739,1.2596803140944801,1,0
1180,0.9864358391831526,2.447851457733,1.2596803140944801,1,0
1181,0.9833700063816211,2.522665512975,1.2596803140944801,1,0
1182,0.9803045139332058,2.50327079921,1.2596803140944801,1,0
1183,0.9772400425441397,2.447463206294,1.2596803140944801,1,0
1184,0.9741765241437993,2.344521507299,1.2596803140944801,1,0
1185,0.9741765241437993,2.204231594337,1.2596803140944801,1,0
1186,0.971113278025952,2.041406801638,1.2596803140944801,1,0
1187,0.971113278025952,1.863042837954,1.2596803140944801,1,0
1188,0.9680510529674539,1.669673770685,1.2596803140944801,1,0
1189,0.9680510529674539,1.514507856731,1.2596803140944801,1,0
1190,0.9680510529674539,1.38579393238,1.2596803140944801,1,0
1191,0.9649894405445651,1.22961055996,1.2596803140944801,0,0
1192,0.9649894405445651,1.157859017825,1.2596803140944801,0,0
1193,0.9619283726866625,1.113315222859,1.2596803140944801,0,0
1194,0.9619283726866625,1.082626629657,1.2596803140944801,0,0
1195,0.9619283726866625,1.046275220818,1.2596803140944801,0,0
1196,0.9619283726866625,1.067345011863,1.2596803140944801,0,0
1197,0.958868325888109,1.036002159729,1.2596803140944801,0,0
1198,0.958868325888109,1.041950402296,1.2596803140944801,0,0
1199,0.958868325888109,1.057793238173,1.2596803140944801,0,0
1200,0.958868325888109,1.051969591377,1.2596803140944801,0,0
1201,0.958868325888109,1.051272509166,1.2596803140944801,0,0
1202,0.958868325888109,1.082228396043,1.2596803140944801,0,0
1203,0.958868325888109,1.122444343085,1.2596803140944801,0,0
1204,0.958868325888109,1.177497170266,1.2596803140944801,0,0
1205,0.958868325888109,1.261220093686,1.2596803140944801,1,0
1206,0.9619283726866625,1.378658583833,1.2596803140944801,1,0
1207,0.9619283726866625,1.478693548115,1.2596803140944801,1,0
1208,0.9619283726866625,1.527006261811,1.2596803140944801,1,0
1209,0.9649894405445651,1.514380825726,1.2596803140944801,1,0
1210,0.9649894405445651,1.455195207607,1.2596803140944801,1,0
1211,0.9649894405445651,1.413130593582,1.2596803140944801,1,0
1212,0.9649894405445651,1.377979897464,1.06346424457725,1,0
1213,0.9680510529674539,1.382272029635,1.06346424457725,1,0
1214,0.9680510529674539,1.415137646002,1.2094039708538,1,0
1215,0.9680510529674539,1.459966080889,1.2094039708538,1,0
1216,0.9680510529674539,1.524024022503,1.2094039708538,1,0
1217,0.971113278025952,1.644396726008,1.2094039708538,1,0
1218,0.971113278025952,1.712837695215,1.2094039708538,1,0
1219,0.971113278025952,1.843672033117,1.2094039708538,1,0
1220,0.9741765241437993,1.973328014467,1.2094039708538,1,0
1221,0.9741765241437993,2.091742236787,1.2094039708538,1,0
1222,0.9741765241437993,2.170927929462,1.2094039708538,1,0
1223,0.9772400425441397,2.27145803762,1.2094039708538,1,0
1224,0.9772400425441397,2.354013427838,1.2094039708538,1,0
1225,0.9772400425441397,2.407708126575,1.2094039708538,1,0
1226,0.9803045139332058,2.452894013685,1.2094039708538,1,0
1227,0.9803045139332058,2.475573372567,1.2094039708538,1,0
1228,0.9803045139332058,2.467616599857,1.2094039708538,1,0
1229,0.9833700063816211,2.429876645008,1.2094039708538,1,0
1230,0.9864358391831526,2.399793748796,1.2094039708538,1,0
1231,0.9864358391831526,2.347541317684,1.2094039708538,1,0
1232,0.9864358391831526,2.302744275781,1.2094039708538,1,0
1233,0.9864358391831526,2.221323495578,1.2094039708538,1,0
1234,0.9864358391831526,2.127841212086,1.2094039708538,1,0
1235,0.9864358391831526,2.02928276382,1.2094039708538,1,0
1236,0.9864358391831526,1.944440402782,1.2094039708538,1,0
1237,0.9864358391831526,1.829979065577,1.2094039708538,1,0
1238,0.9864358391831526,1.768721018876,1.2094039708538,1,0
1239,0.9864358391831526,1.636035051652,1.2094039708538,1,0
1240,0.9895024888321635,1.563752901557,1.2094039708538,1,0
1241,0.9895024888321635,1.526143918444,1.2094039708538,1,0
1242,0.9925700914699002,1.51157608289,1.2094039708538,1,0
1243,0.9925700914699002,1.523665083955,1.2094039708538,1,0
1244,0.9925700914699002,1.570932354473,1.2094039708538,1,0
1245,0.9925700914699002,1.637276269374,1.2094039708538,1,0
1246,0.9925700914699002,1.709621366179,1.2094039708538,1,0
1247,0.9925700914699002,1.809327553652,1.2094039708538,1,0
1248,0.9925700914699002,1.848687561865,1.2094039708538,1,0
1249,0.9925700914699002,1.772661079449,1.2094039708538,1,0
1250,0.9925700914699002,1.623773472249,1.2094039708538,1,0
1251,0.9956381025313764,1.474881078188,1.2094039708538,1,0
1252,0.9956381025313764,1.338173239622,1.2094039708538,1,0
1253,0.9956381025313764,1.199573102378,1.2094039708538,0,0
1254,0.9987072027228251,1.121963184217,1.2094039708538,0,0
1255,0.9987072027228251,1.068881902938,1.2094039708538,0,0
1256,0.9987072027228251,1.043165631376,1.2094039708538,0,0
1257,0.9987072027228251,1.035169963087,1.2094039708538,0,0
1258,0.9987072027228251,1.032913373342,1.2094039708538,0,0
1259,0.9987072027228251,1.025238833429,1.2094039708538,0,0
1260,0.9987072027228251,1.017128414828,1.06346424457725,0,0
1261,0.9987072027228251,1.021482225153,1.06346424457725,0,0
1262,0.9987072027228251,1.026049693542,1.06346424457725,0,0
1263,0.9987072027228251,1.027271381048,1.06346424457725,0,0
1264,0.9987072027228251,1.042613133161,1.06346424457725,0,0
1265,0.9987072027228251,1.044782438412,1.06346424457725,0,0
1266,0.9987072027228251,1.050689478567,1.06346424457725,0,0
1267,0.9987072027228251,1.05397369122,1.06346424457725,0,0
1268,0.9987072027228251,1.075974413695,1.06346424457725,1,0
1269,0.9987072027228251,1.130041816893,1.06346424457725,1,0
1270,0.9956381025313764,1.204776115763,1.06346424457725,1,0
1271,0.9956381025313764,1.330056942892,1.2596803140944801,1,0
1272,0.9956381025313764,1.497372335217,1.2596803140944801,1,0
1273,0.9925700914699002,1.658348867977,1.2596803140944801,1,0
1274,0.9925700914699002,1.831977856621,1.2596803140944801,1,0
1275,0.9895024888321635,1.990001866429,1.2596803140944801,1,0
1276,0.9864358391831526,2.108427857699,1.2596803140944801,1,0
1277,0.9833700063816211,2.173841538425,1.2596803140944801,1,0
1278,0.9803045139332058,2.18692303152,1.2596803140944801,1,0
1279,0.9754868836417785,2.120137454071,1.2596803140944801,1,0
1280,0.9772400425441397,2.042120926848,1.2596803140944801,1,0
1281,0.9741765241437993,1.911220955086,1.2596803140944801,1,0
1282,0.971113278025952,1.763138745315,1.2596803140944801,1,0
1283,0.971113278025952,1.620770931433,1.2596803140944801,1,0
1284,0.9680510529674539,1.439273238853,1.2596803140944801,1,0
1285,0.9680510529674539,1.298482476009,1.2596803140944801,1,0
1286,0.9680510529674539,1.195711368751,1.2596803140944801,0,0
1287,0.9649894405445651,1.142843269823,1.2596803140944801,0,0
1288,0.9649894405445651,1.09377722961,1.2596803140944801,0,0
1289,0.9619283726866625,1.091150181742,1.2596803140944801,0,0
1290,0.9619283726866625,1.04471697735,1.2596803140944801,0,0
1291,0.9619283726866625,1.043635652947,1.2596803140944801,0,0
1292,0.958868325888109,1.036542475398,1.2596803140944801,0,0
1293,0.958868325888109,1.027657719345,1.2596803140944801,0,0
1294,0.958868325888109,1.050085705953,1.2596803140944801,0,0
1295,0.958868325888109,1.035337183752,1.2596803140944801,0,0
1296,0.958868325888109,1.034457810784,1.2596803140944801,0,0
1297,0.958868325888109,1.07304558225,1.2596803140944801,0,0
1298,0.958868325888109,1.082137316743,1.2596803140944801,0,0
1299,0.958868325888109,1.08649788492,1.2596803140944801,0,0
1300,0.958868325888109,1.103284490116,1.2596803140944801,0,0
1301,0.958868325888109,1.154375284021,1.2596803140944801,0,0
1302,0.958868325888109,1.287626244353,1.2596803140944801,1,0
1303,0.9619283726866625,1.428391662132,1.2596803140944801,1,0
1304,0.9619283726866625,1.516537475813,1.2596803140944801,1,0
1305,0.9619283726866625,1.555370013206,1.2596803140944801,1,0
1306,0.9649894405445651,1.495288054168,1.2596803140944801,1,0
1307,0.9649894405445651,1.441357088736,1.2596803140944801,1,0
1308,0.9649894405445651,1.396877409537,1.06346424457725,1,0
1309,0.9649894405445651,1.391640772676,1.06346424457725,1,0
1310,0.9680510529674539,1.428899995319,1.2094039708538,1,0
1311,0.9680510529674539,1.470431071848,1.2094039708538,1,0
1312,0.9680510529674539,1.565992162185,1.2094039708538,1,0
1313,0.9680510529674539,1.685640658666,1.2094039708538,1,0
1314,0.971113278025952,1.798753888597,1.2094039708538,1,0
1315,0.971113278025952,1.952040048014,1.2094039708538,1,0
1316,0.971113278025952,2.096961539917,1.2094039708538,1,0
1317,0.9741765241437993,2.207857273876,1.2094039708538,1,0
1318,0.9741765241437993,2.315548809972,1.2094039708538,1,0
1319,0.9741765241437993,2.437613271245,1.2094039708538,1,0
1320,0.9772400425441397,2.518269578209,1.2094039708538,1,0
1321,0.9772400425441397,2.59905836538,1.2094039708538,1,0
1322,0.9772400425441397,2.618960202271,1.2094039708538,1,0
1323,0.9803045139332058,2.62496720649,1.2094039708538,1,0
1324,0.9816106530525421,2.625225409659,1.2094039708538,1,0
1325,0.9833700063816211,2.580624925399,1.2094039708538,1,0
1326,0.9833700063816211,2.496815489311,1.2094039708538,1,0
1327,0.9864358391831526,2.410473060585,1.2094039708538,1,0
1328,0.9864358391831526,2.318091666753,1.2094039708538,1,0
1329,0.9864358391831526,2.193132392125,1.2094039708538,1,0
1330,0.9864358391831526,2.061829599087,1.2094039708538,1,0
1331,0.9864358391831526,1.943859066855,1.2094039708538,1,0
1332,0.9864358391831526,1.844560488541,1.2094039708538,1,0
1333,0.9864358391831526,1.718009384462,1.2094039708538,1,0
1334,0.9864358391831526,1.644335239767,1.2094039708538,1,0
1335,0.9864358391831526,1.520796557618,1.2094039708538,1,0
1336,0.9895024888321635,1.46758193488,1.2094039708538,1,0
1337,0.9895024888321635,1.42542588283,1.2094039708538,1,0
1338,0.9895024888321635,1.414598520759,1.2094039708538,1,0
1339,0.9925700914699002,1.426438287135,1.2094039708538,1,0
1340,0.9925700914699002,1.475605554632,1.2094039708538,1,0
1341,0.9925700914699002,1.537648805762,1.2094039708538,1,0
1342,0.9925700914699002,1.609403844658,1.2094039708538,1,0
1343,0.9925700914699002,1.725631876482,1.2094039708538,1,0
1344,0.9925700914699002,1.802209991834,1.2094039708538,1,0
1345,0.9925700914699002,1.811323473873,1.2094039708538,1,0
1346,0.9925700914699002,1.705941512296,1.2094039708538,1,0
1347,0.9925700914699002,1.545364040532,1.2094039708538,1,0
1348,0.9925700914699002,1.380844525093,1.2094039708538,1,0
1349,0.9925700914699002,1.232537448222,1.2094039708538,1,0
1350,0.9956381025313764,1.134882377712,1.2094039708538,0,0
1351,0.9956381025313764,1.087084192718,1.2094039708538,0,0
1352,0.9956381025313764,1.060586934766,1.2094039708538,0,0
1353,0.9987072027228251,1.036279434622,1.2094039708538,0,0
1354,0.9987072027228251,1.027860918744,1.2094039708538,0,0
1355,0.9987072027228251,1.017808370775,1.06346424457725,0,0
1356,0.9987072027228251,1.022746526751,1.06346424457725,0,0
1357,0.9987072027228251,1.018420068955,1.06346424457725,0,0
1358,0.9987072027228251,1.015728683549,1.06346424457725,0,0
1359,0.9987072027228251,1.019406577662,1.06346424457725,0,0
1360,0.9987072027228251,1.018485163196,1.06346424457725,0,0
1361,0.9987072027228251,1.023720949521,1.06346424457725,0,0
1362,0.9987072027228251,1.034416131747,1.06346424457725,0,0
1363,0.9987072027228251,1.028478314862,1.06346424457725,0,0
1364,0.9956381025313764,1.050326040286,1.06346424457725,0,0
1365,0.9956381025313764,1.029010404064,1.06346424457725,0,0
1366,0.9987072027228251,1.035040944245,1.06346424457725,0,0
1367,0.9956381025313764,1.067425295471,1.2596803140944801,0,0
1368,0.9956381025313764,1.172880864278,1.2596803140944801,0,0
1369,0.9956381025313764,1.303809497774,1.2596803140944801,1,0
1370,0.9925700914699002,1.481786065191,1.2596803140944801,1,0
1371,0.9925700914699002,1.674341365497,1.2596803140944801,1,0
1372,0.9895024888321635,1.864881639574,1.2596803140944801,1,0
1373,0.9895024888321635,2.047559332565,1.2596803140944801,1,0
1374,0.9864358391831526,2.181603305999,1.2596803140944801,1,0
1375,0.9864358391831526,2.299045353987,1.2596803140944801,1,0
1376,0.9833700063816211,2.380765869367,1.2596803140944801,1,0
1377,0.9803045139332058,2.389131826261,1.2596803140944801,1,0
1378,0.9772400425441397,2.338288274688,1.2596803140944801,1,0
1379,0.9741765241437993,2.247069098112,1.2596803140944801,1,0
1380,0.9741765241437993,2.139086280136,1.2596803140944801,1,0
1381,0.971113278025952,1.982268841584,1.2596803140944801,1,0
1382,0.971113278025952,1.818174402978,1.2596803140944801,1,0
1383,0.9693658370559457,1.651842554911,1.2596803140944801,1,0
1384,0.9680510529674539,1.506490586273,1.2596803140944801,1,0
1385,0.9649894405445651,1.35415278543,1.2596803140944801,1,0
1386,0.9649894405445651,1.224654609012,1.2596803140944801,0,0
1387,0.9649894405445651,1.152030362757,1.2596803140944801,0,0
1388,0.9619283726866625,1.105047047331,1.2596803140944801,0,0
1389,0.9619283726866625,1.06949586427,1.2596803140944801,0,0
1390,0.9619283726866625,1.049747090712,1.2596803140944801,0,0
1391,0.9619283726866625,1.05738359637,1.2596803140944801,0,0
1392,0.9619283726866625,1.034021085567,1.2596803140944801,0,0
1393,0.9619283726866625,1.043197247213,1.2596803140944801,0,0
1394,0.958868325888109,1.05944948334,1.2596803140944801,0,0
1395,0.958868325888109,1.057679137214,1.2596803140944801,0,0
1396,0.958868325888109,1.0548738264,1.2596803140944801,0,0
1397,0.958868325888109,1.086975802765,1.2596803140944801,0,0
1398,0.958868325888109,1.137639533374,1.2596803140944801,0,0
1399,0.9619283726866625,1.192111689584,1.2596803140944801,0,0
1400,0.9619283726866625,1.278718026246,1.2596803140944801,1,0
1401,0.9619283726866625,1.403808895302,1.2596803140944801,1,0
1402,0.9619283726866625,1.51323449881,1.2596803140944801,1,0
1403,0.9619283726866625,1.548808686933,1.2596803140944801,1,0
1404,0.9649894405445651,1.560543111472,1.2596803140944801,1,0
1405,0.9649894405445651,1.516907568188,1.2596803140944801,1,0
1406,0.9649894405445651,1.48696740016,1.06346424457725,1,0
1407,0.9649894405445651,1.471972358974,1.06346424457725,1,0
1408,0.9680510529674539,1.495861387943,1.06346424457725,1,0
1409,0.9680510529674539,1.518018870042,1.2094039708538,1,0
1410,0.9680510529674539,1.616131314367,1.2094039708538,1,0
1411,0.9680510529674539,1.673074122051,1.2094039708538,1,0
1412,0.971113278025952,1.817136371494,1.2094039708538,1,0
1413,0.971113278025952,1.903150966927,1.2094039708538,1,0
1414,0.9741765241437993,1.993956057666,1.2094039708538,1,0
1415,0.9741765241437993,2.119637114977,1.2094039708538,1,0
1416,0.9741765241437993,2.223685631341,1.2094039708538,1,0
1417,0.9772400425441397,2.304171444575,1.2094039708538,1,0
1418,0.9772400425441397,2.402692294311,1.2094039708538,1,0
1419,0.9772400425441397,2.455059400943,1.2094039708538,1,0
1420,0.9803045139332058,2.521688379172,1.2094039708538,1,0
1421,0.9803045139332058,2.551923281449,1.2094039708538,1,0
1422,0.9803045139332058,2.560241715145,1.2094039708538,1,0
1423,0.9833700063816211,2.565082433092,1.2094039708538,1,0
1424,0.9833700063816211,2.523347352908,1.2094039708538,1,0
1425,0.9864358391831526,2.486514474756,1.2094039708538,1,0
1426,0.9864358391831526,2.431537702621,1.2094039708538,1,0
1427,0.9864358391831526,2.37575867954,1.2094039708538,1,0
1428,0.9864358391831526,2.298378674556,1.2094039708538,1,0
1429,0.9864358391831526,2.216787573621,1.2094039708538,1,0
1430,0.9864358391831526,2.120136480586,1.2094039708538,1,0
1431,0.9864358391831526,2.040421093247,1.2094039708538,1,0
1432,0.9864358391831526,1.93115877271,1.2094039708538,1,0
1433,0.9864358391831526,1.863915877678,1.2094039708538,1,0
1434,0.9895024888321635,1.747300318047,1.2094039708538,1,0
1435,0.9895024888321635,1.7035382324,1.2094039708538,1,0
1436,0.9895024888321635,1.637005461862,1.2094039708538,1,0
1437,0.9895024888321635,1.636651335477,1.2094039708538,1,0
1438,0.9925700914699002,1.628038508481,1.2094039708538,1,0
1439,0.9925700914699002,1.671771407245,1.2094039708538,1,0
1440,0.9925700914699002,1.739121385252,1.2094039708538,1,0
1441,0.9895024888321635,1.80479751361,1.2094039708538,1,0
1442,0.9895024888321635,1.860118890283,1.2094039708538,1,0
1443,0.9925700914699002,1.839244778795,1.2094039708538,1,0
1444,0.9895024888321635,1.69189806231,1.2094039708538,1,0
1445,0.9925700914699002,1.545501292661,1.2094039708538,1,0
1446,0.9925700914699002,1.39214354537,1.2094039708538,1,0
1447,0.9925700914699002,1.244039177646,1.2094039708538,1,0
1448,0.9938675175494577,1.141541285152,1.2094039708538,0,0
1449,0.9925700914699002,1.091627374397,1.2094039708538,0,0
1450,0.9956381025313764,1.062146392563,1.2094039708538,0,0
1451,0.9956381025313764,1.038140656783,1.2094039708538,0,0
1452,0.9956381025313764,1.028508212919,1.2094039708538,0,0
1453,0.9956381025313764,1.015704977604,1.2094039708538,0,0
1454,0.9956381025313764,1.018447925992,1.06346424457725,0,0
1455,0.9987072027228251,1.021394145754,1.06346424457725,0,0
1456,0.9956381025313764,1.015747187066,1.06346424457725,0,0
1457,0.9956381025313764,1.014768368356,1.06346424457725,0,0
1458,0.9956381025313764,1.018874166619,1.06346424457725,0,0
1459,0.9956381025313764,1.018373095419,1.06346424457725,0,0
1460,0.9956381025313764,1.026426422047,1.06346424457725,0,0
1461,0.9956381025313764,1.033163828059,1.06346424457725,0,0
1462,0.9956381025313764,1.030414748465,1.06346424457725,0,0
1463,0.9956381025313764,1.033959895315,1.06346424457725,0,0
1464,0.9956381025313764,1.013395003608,1.06346424457725,0,0
1465,0.9956381025313764,1.00462414414,1.2596803140944801,0,0
1466,0.9956381025313764,0.998506606822,1.2596803140944801,0,0
1467,0.9925700914699002,1.03879704483,1.2596803140944801,0,0
1468,0.9925700914699002,1.109450188478,1.2596803140944801,0,0
1469,0.9925700914699002,1.270283951787,1.2596803140944801,1,0
1470,0.9895024888321635,1.476627982538,1.2596803140944801,1,0
1471,0.9895024888321635,1.699232470843,1.2596803140944801,1,0
1472,0.9864358391831526,1.875549917522,1.2596803140944801,1,0
1473,0.9833700063816211,2.01529664092,1.2596803140944801,1,0
1474,0.9833700063816211,2.125381397886,1.2596803140944801,1,0
1475,0.9772400425441397,2.170199521095,1.2596803140944801,1,0
1476,0.9772400425441397,2.145934709937,1.2596803140944801,1,0
1477,0.9741765241437993,2.093526406141,1.2596803140944801,1,0
1478,0.9741765241437993,1.978854293112,1.2596803140944801,1,0
1479,0.971113278025952,1.866397356211,1.2596803140944801,1,0
1480,0.9680510529674539,1.701138321457,1.2596803140944801,1,0
1481,0.9680510529674539,1.524733926745,1.2596803140944801,1,0
1482,0.9680510529674539,1.395649621005,1.2596803140944801,1,0
1483,0.9649894405445651,1.266145188937,1.2596803140944801,1,0
1484,0.9649894405445651,1.179821060503,1.2596803140944801,0,0
1485,0.9649894405445651,1.109116893652,1.2596803140944801,0,0
1486,0.9619283726866625,1.10906830367,1.2596803140944801,0,0
1487,0.9619283726866625,1.050711075484,1.2596803140944801,0,0
1488,0.9619283726866625,1.056138671292,1.2596803140944801,0,0
1489,0.958868325888109,1.039738203865,1.2596803140944801,0,0
1490,0.958868325888109,1.02869553604,1.2596803140944801,0,0
1491,0.958868325888109,1.051887199295,1.2596803140944801,0,0
1492,0.958868325888109,1.039654678021,1.2596803140944801,0,0
1493,0.958868325888109,1.042069462544,1.2596803140944801,0,0
1494,0.958868325888109,1.081194314899,1.2596803140944801,0,0
1495,0.958868325888109,1.094403469748,1.2596803140944801,0,0
1496,0.958868325888109,1.118389969041,1.2596803140944801,0,0
1497,0.958868325888109,1.164774613606,1.2596803140944801,0,0
1498,0.958868325888109,1.269166321093,1.2596803140944801,1,0
1499,0.958868325888109,1.37110776859,1.2596803140944801,1,0
1500,0.9619283726866625,1.448644821452,1.2596803140944801,1,0
1501,0.9619283726866625,1.419280703088,1.2596803140944801,1,0
1502,0.9619283726866625,1.346447163239,1.2596803140944801,1,0
1503,0.9649894405445651,1.271397436402,1.2596803140944801,1,0
1504,0.9649894405445651,1.202367586028,1.06346424457725,1,0
1505,0.9649894405445651,1.171528742671,1.06346424457725,1,0
1506,0.9680510529674539,1.159122811128,1.2094039708538,0,0
1507,0.9680510529674539,1.156149231289,1.2094039708538,0,0
1508,0.9680510529674539,1.182513521924,1.2094039708538,0,0
1509,0.9680510529674539,1.202945689135,1.2094039708538,0,0
1510,0.971113278025952,1.261768016422,1.2094039708538,1,0
1511,0.971113278025952,1.333322019223,1.2094039708538,1,0
1512,0.971113278025952,1.408013564156,1.2094039708538,1,0
1513,0.9741765241437993,1.5093113623,1.2094039708538,1,0
1514,0.9741765241437993,1.599789223157,1.2094039708538,1,0
1515,0.9741765241437993,1.691493927307,1.2094039708538,1,0
1516,0.9772400425441397,1.781121063935,1.2094039708538,1,0
1517,0.9772400425441397,1.872382292514,1.2094039708538,1,0
1518,0.9772400425441397,1.947427481096,1.2094039708538,1,0
1519,0.9803045139332058,1.991860374219,1.2094039708538,1,0
1520,0.9803045139332058,2.049133332843,1.2094039708538,1,0
1521,0.9803045139332058,2.066590061289,1.2094039708538,1,0
1522,0.9833700063816211,2.070585373418,1.2094039708538,1,0
1523,0.9864358391831526,2.063011416058,1.2094039708538,1,0
1524,0.9864358391831526,2.049664060884,1.2094039708538,1,0
1525,0.9864358391831526,2.006861495147,1.2094039708538,1,0
1526,0.9864358391831526,1.95643921534,1.2094039708538,1,0
1527,0.9864358391831526,1.886922929626,1.2094039708538,1,0
1528,0.9864358391831526,1.825665468715,1.2094039708538,1,0
1529,0.9864358391831526,1.732394285677,1.2094039708538,1,0
1530,0.9864358391831526,1.668620125837,1.2094039708538,1,0
1531,0.9864358391831526,1.571123504577,1.2094039708538,1,0
1532,0.9864358391831526,1.529120212777,1.2094039708538,1,0
1533,0.9895024888321635,1.457716502409,1.2094039708538,1,0
1534,0.9895024888321635,1.440601724787,1.2094039708538,1,0
1535,0.9895024888321635,1.429568905196,1.2094039708538,1,0
1536,0.9925700914699002,1.458157900895,1.2094039708538,1,0
1537,0.9925700914699002,1.509202923719,1.2094039708538,1,0
1538,0.9925700914699002,1.568759170513,1.2094039708538,1,0
1539,0.9925700914699002,1.664160255979,1.2094039708538,1,0
1540,0.9925700914699002,1.768203297413,1.2094039708538,1,0
1541,0.9925700914699002,1.822399477473,1.2094039708538,1,0
1542,0.9925700914699002,1.750022873081,1.2094039708538,1,0
1543,0.9925700914699002,1.593092488457,1.2094039708538,1,0
1544,0.9925700914699002,1.431963904456,1.2094039708538,1,0
1545,0.9925700914699002,1.281134873822,1.2094039708538,1,0
1546,0.9956381025313764,1.150221661147,1.2094039708538,0,0
1547,0.9956381025313764,1.094460700954,1.2094039708538,0,0
1548,0.9956381025313764,1.06786881344,1.2094039708538,0,0
1549,0.9956381025313764,1.052961425617,1.2094039708538,0,0
1550,0.9987072027228251,1.028117387375,1.2094039708538,0,0
1551,0.9987072027228251,1.016021314672,1.2094039708538,0,0
1552,0.9987072027228251,1.01925076265,1.2094039708538,0,0
1553,0.9987072027228251,1.021806920487,1.06346424457725,0,0
1554,0.9987072027228251,1.014608003195,1.06346424457725,0,0
1555,0.9987072027228251,1.017198587975,1.06346424457725,0,0
1556,0.9987072027228251,1.024862319258,1.06346424457725,0,0
1557,0.9987072027228251,1.023882614746,1.06346424457725,0,0
1558,0.9987072027228251,1.036542244682,1.06346424457725,0,0
1559,0.9956381025313764,1.03633546233,1.06346424457725,0,0
1560,0.9956381025313764,1.040621536273,1.06346424457725,0,0
1561,0.9956381025313764,1.031879841397,1.06346424457725,0,0
1562,0.9956381025313764,1.034339699468,1.06346424457725,0,0
1563,0.9987072027228251,1.044866428558,1.06346424457725,0,0
1564,0.9956381025313764,1.121502913156,1.2596803140944801,0,0
1565,0.9956381025313764,1.235696456932,1.2596803140944801,0,0
1566,0.9925700914699002,1.398864878171,1.2596803140944801,1,0
1567,0.9925700914699002,1.576195809719,1.2596803140944801,1,0
1568,0.9895024888321635,1.752035064354,1.2596803140944801,1,0
1569,0.9895024888321635,1.919301197584,1.2596803140944801,1,0
1570,0.9864358391831526,2.047709917673,1.2596803140944801,1,0
1571,0.9864358391831526,2.14820487661,1.2596803140944801,1,0
1572,0.9833700063816211,2.223942556915,1.2596803140944801,1,0
1573,0.9803045139332058,2.223794858244,1.2596803140944801,1,0
1574,0.9772400425441397,2.176413905513,1.2596803140944801,1,0
1575,0.9741765241437993,2.079601310123,1.2596803140944801,1,0
1576,0.971113278025952,1.961008673513,1.2596803140944801,1,0
1577,0.971113278025952,1.806477729217,1.2596803140944801,1,0
1578,0.971113278025952,1.647614304257,1.2596803140944801,1,0
1579,0.9680510529674539,1.477572370091,1.2596803140944801,1,0
1580,0.9680510529674539,1.363979240297,1.2596803140944801,1,0
1581,0.9680510529674539,1.216877858815,1.2596803140944801,0,0
1582,0.9649894405445651,1.175986263993,1.2596803140944801,0,0
1583,0.9649894405445651,1.108136279317,1.2596803140944801,0,0
1584,0.9619283726866625,1.100312373671,1.2596803140944801,0,0
1585,0.9619283726866625,1.05135016696,1.2596803140944801,0,0
1586,0.9619283726866625,1.054960839735,1.2596803140944801,0,0
1587,0.9619283726866625,1.041035732152,1.2596803140944801,0,0
1588,0.958868325888109,1.028410456964,1.2596803140944801,0,0
1589,0.958868325888109,1.048865772727,1.2596803140944801,0,0
1590,0.958868325888109,1.049713214163,1.2596803140944801,0,0
1591,0.958868325888109,1.042822633988,1.2596803140944801,0,0
1592,0.958868325888109,1.052640302449,1.2596803140944801,0,0
1593,0.958868325888109,1.09510587288,1.2596803140944801,0,0
1594,0.958868325888109,1.121675533861,1.2596803140944801,0,0
1595,0.958868325888109,1.172791587921,1.2596803140944801,0,0
1596,0.958868325888109,1.269164644414,1.2596803140944801,1,0
1597,0.958868325888109,1.390788252591,1.2596803140944801,1,0
1598,0.9619283726866625,1.50012958044,1.2596803140944801,1,0
1599,0.9619283726866625,1.51506717431,1.2596803140944801,1,0
1600,0.9619283726866625,1.488797274945,1.2596803140944801,1,0
1601,0.9649894405445651,1.428757425789,1.2596803140944801,1,0
1602,0.9649894405445651,1.370847780937,1.06346424457725,1,0
1603,0.9649894405445651,1.332492331908,1.06346424457725,1,0
1604,0.9680510529674539,1.33048552713,1.06346424457725,1,0
1605,0.9680510529674539,1.353414310714,1.2094039708538,1,0
1606,0.9680510529674539,1.391847004502,1.2094039708538,1,0
1607,0.9680510529674539,1.450287116053,1.2094039708538,1,0
1608,0.971113278025952,1.520167149949,1.2094039708538,1,0
1609,0.971113278025952,1.629679501747,1.2094039708538,1,0
1610,0.971113278025952,1.748259227794,1.2094039708538,1,0
1611,0.9741765241437993,1.855054385577,1.2094039708538,1,0
1612,0.9741765241437993,1.940152783509,1.2094039708538,1,0
1613,0.9741765241437993,2.031878530716,1.2094039708538,1,0
1614,0.9772400425441397,2.120666175891,1.2094039708538,1,0
1615,0.9772400425441397,2.191946671547,1.2094039708538,1,0
1616,0.9772400425441397,2.240903579334,1.2094039708538,1,0
1617,0.9803045139332058,2.279657454454,1.2094039708538,1,0
1618,0.9803045139332058,2.304046910777,1.2094039708538,1,0
1619,0.9803045139332058,2.296468865191,1.2094039708538,1,0
1620,0.9833700063816211,2.273464920219,1.2094039708538,1,0
1621,0.9833700063816211,2.220948056313,1.2094039708538,1,0
1622,0.9864358391831526,2.181896374882,1.2094039708538,1,0
1623,0.9864358391831526,2.133232839141,1.2094039708538,1,0
1624,0.9864358391831526,2.059819777563,1.2094039708538,1,0
1625,0.9864358391831526,1.982182344649,1.2094039708538,1,0
1626,0.9864358391831526,1.904448457308,1.2094039708538,1,0
1627,0.9864358391831526,1.821224919294,1.2094039708538,1,0
1628,0.9864358391831526,1.72099469291,1.2094039708538,1,0
1629,0.9864358391831526,1.628901366093,1.2094039708538,1,0
1630,0.9895024888321635,1.586274234234,1.2094039708538,1,0
1631,0.9895024888321635,1.514797605096,1.2094039708538,1,0
1632,0.9895024888321635,1.493719223111,1.2094039708538,1,0
1633,0.9895024888321635,1.47455142223,1.2094039708538,1,0
1634,0.9895024888321635,1.483553170739,1.2094039708538,1,0
1635,0.9925700914699002,1.531225417624,1.2094039708538,1,0
1636,0.9925700914699002,1.590149615013,1.2094039708538,1,0
1637,0.9925700914699002,1.673014171319,1.2094039708538,1,0
1638,0.9925700914699002,1.781968236665,1.2094039708538,1,0
1639,0.9925700914699002,1.818795654478,1.2094039708538,1,0
1640,0.9925700914699002,1.780657043814,1.2094039708538,1,0
1641,0.9925700914699002,1.642537297401,1.2094039708538,1,0
1642,0.9925700914699002,1.4647187357,1.2094039708538,1,0
1643,0.9925700914699002,1.309268888916,1.2094039708538,1,0
1644,0.9925700914699002,1.176513475241,1.2094039708538,0,0
1645,0.9956381025313764,1.102213623244,1.2094039708538,0,0
1646,0.9956381025313764,1.072614352561,1.2094039708538,0,0
1647,0.9956381025313764,1.054116550358,1.2094039708538,0,0
1648,0.9956381025313764,1.031356854278,1.2094039708538,0,0
1649,0.9987072027228251,1.020697964724,1.2094039708538,0,0
1650,0.9987072027228251,1.017144986726,1.2094039708538,0,0
1651,0.9987072027228251,1.020982456338,1.06346424457725,0,0
1652,0.9987072027228251,1.015942834621,1.06346424457725,0,0
1653,0.9987072027228251,1.015327175041,1.06346424457725,0,0
1654,0.9987072027228251,1.019931176045,1.06346424457725,0,0
1655,0.9987072027228251,1.016067467117,1.06346424457725,0,0
1656,0.9987072027228251,1.025466876839,1.06346424457725,0,0
1657,0.9987072027228251,1.033584111288,1.06346424457725,0,0
1658,0.9956381025313764,1.03821372477,1.06346424457725,0,0
1659,0.9956381025313764,1.039294678039,1.06346424457725,0,0
1660,0.9956381025313764,1.027485562526,1.06346424457725,0,0
1661,0.9956381025313764,1.02777654146,1.2596803140944801,0,0
1662,0.9956381025313764,1.094491945497,1.2596803140944801,0,0
1663,0.9956381025313764,1.196808579189,1.2596803140944801,0,0
1664,0.9925700914699002,1.343000828982,1.2596803140944801,1,0
1665,0.9925700914699002,1.521672020959,1.2596803140944801,1,0
1666,0.9895024888321635,1.695877947865,1.2596803140944801,1,0
1667,0.9895024888321635,1.870242596052,1.2596803140944801,1,0
1668,0.9864358391831526,1.998233318672,1.2596803140944801,1,0
1669,0.9864358391831526,2.108650447841,1.2596803140944801,1,0
1670,0.9833700063816211,2.181564821515,1.2596803140944801,1,0
1671,0.9833700063816211,2.217576580045,1.2596803140944801,1,0
1672,0.9772400425441397,2.187600002782,1.2596803140944801,1,0
1673,0.9772400425441397,2.113108404196,1.2596803140944801,1,0
1674,0.9741765241437993,2.018927077455,1.2596803140944801,1,0
1675,0.971113278025952,1.874157365199,1.2596803140944801,1,0
1676,0.971113278025952,1.729940076769,1.2596803140944801,1,0
1677,0.9680510529674539,1.560879142056,1.2596803140944801,1,0
1678,0.9680510529674539,1.418797805238,1.2596803140944801,1,0
1679,0.9680510529674539,1.29538251742,1.2596803140944801,1,0
1680,0.9649894405445651,1.186833149715,1.2596803140944801,0,0
1681,0.9649894405445651,1.122727817635,1.2596803140944801,0,0
1682,0.9649894405445651,1.09838149764,1.2596803140944801,0,0
1683,0.9619283726866625,1.081108337446,1.2596803140944801,0,0
1684,0.9619283726866625,1.043372171357,1.2596803140944801,0,0
1685,0.9619283726866625,1.060767265065,1.2596803140944801,0,0
1686,0.9619283726866625,1.034926529333,1.2596803140944801,0,0
1687,0.958868325888109,1.033632455218,1.2596803140944801,0,0
1688,0.958868325888109,1.055458724164,1.2596803140944801,0,0
1689,0.958868325888109,1.052068028772,1.2596803140944801,0,0
1690,0.958868325888109,1.043025155994,1.2596803140944801,0,0
1691,0.958868325888109,1.076985275904,1.2596803140944801,0,0
1692,0.958868325888109,1.115040442064,1.2596803140944801,0,0
1693,0.958868325888109,1.152551805701,1.2596803140944801,0,0
1694,0.958868325888109,1.226923845054,1.2596803140944801,0,0
1695,0.9619283726866625,1.336584846692,1.2596803140944801,1,0
1696,0.9619283726866625,1.442745735996,1.2596803140944801,1,0
1697,0.9619283726866625,1.510483719471,1.2596803140944801,1,0
1698,0.9619283726866625,1.503212647226,1.2596803140944801,1,0
1699,0.9649894405445651,1.460792935907,1.2596803140944801,1,0
1700,0.9649894405445651,1.402618485336,1.06346424457725,1,0
1701,0.9649894405445651,1.363924243457,1.06346424457725,1,0
1702,0.9680510529674539,1.353731309318,1.06346424457725,1,0
1703,0.9680510529674539,1.378750291757,1.2094039708538,1,0
1704,0.9680510529674539,1.396402577527,1.2094039708538,1,0
1705,0.9680510529674539,1.483483770729,1.2094039708538,1,0
1706,0.971113278025952,1.544329154312,1.2094039708538,1,0
1707,0.971113278025952,1.667296089596,1.2094039708538,1,0
1708,0.971113278025952,1.774612342148,1.2094039708538,1,0
1709,0.9741765241437993,1.896763509175,1.2094039708538,1,0
1710,0.9741765241437993,1.96747814948,1.2094039708538,1,0
1711,0.9741765241437993,2.062027246348,1.2094039708538,1,0
1712,0.9741765241437993,2.147366896586,1.2094039708538,1,0
1713,0.9772400425441397,2.201305747874,1.2094039708538,1,0
1714,0.9772400425441397,2.246932921838,1.2094039708538,1,0
1715,0.9772400425441397,2.257505082532,1.2094039708538,1,0
1716,0.9803045139332058,2.261502955352,1.2094039708538,1,0
1717,0.9803045139332058,2.256824474542,1.2094039708538,1,0
1718,0.9803045139332058,2.209133956287,1.2094039708538,1,0
1719,0.9833700063816211,2.155315572363,1.2094039708538,1,0
1720,0.9864358391831526,2.108614798225,1.2094039708538,1,0
1721,0.9864358391831526,2.059585962482,1.2094039708538,1,0
1722,0.9864358391831526,2.002229754973,1.2094039708538,1,0
1723,0.9864358391831526,1.937006974496,1.2094039708538,1,0
1724,0.9864358391831526,1.871851621329,1.2094039708538,1,0
1725,0.9864358391831526,1.811226630117,1.2094039708538,1,0
1726,0.9864358391831526,1.714018939886,1.2094039708538,1,0
1727,0.9864358391831526,1.655693089932,1.2094039708538,1,0
1728,0.9864358391831526,1.569352035284,1.2094039708538,1,0
1729,0.9864358391831526,1.503981032968,1.2094039708538,1,0
1730,0.9895024888321635,1.469672216524,1.2094039708538,1,0
1731,0.9895024888321635,1.455137968581,1.2094039708538,1,0
1732,0.9895024888321635,1.45623278723,1.2094039708538,1,0
1733,0.9925700914699002,1.496068089243,1.2094039708538,1,0
1734,0.9925700914699002,1.553803395393,1.2094039708538,1,0
1735,0.9925700914699002,1.621703452242,1.2094039708538,1,0
1736,0.9925700914699002,1.745701745907,1.2094039708538,1,0
1737,0.9925700914699002,1.804204809244,1.2094039708538,1,0
1738,0.9925700914699002,1.801363719274,1.2094039708538,1,0
1739,0.9925700914699002,1.699442157434,1.2094039708538,1,0
1740,0.9925700914699002,1.539527661227,1.2094039708538,1,0
1741,0.9925700914699002,1.394006044233,1.2094039708538,1,0
1742,0.9956381025313764,1.262231755055,1.2094039708538,1,0
1743,0.9956381025313764,1.160500161637,1.2094039708538,0,0
1744,0.9956381025313764,1.102240908996,1.2094039708538,0,0
1745,0.9956381025313764,1.062278108348,1.2094039708538,0,0
1746,0.9956381025313764,1.038677308432,1.2094039708538,0,0
1747,0.9987072027228251,1.02451820024,1.2094039708538,0,0
1748,0.9987072027228251,1.027292102209,1.2094039708538,0,0
1749,0.9987072027228251,1.021809592422,1.2094039708538,0,0
1750,0.9987072027228251,1.016137571689,1.06346424457725,0,0
1751,0.9987072027228251,1.019553332921,1.06346424457725,0,0
1752,0.9987072027228251,1.025949164713,1.06346424457725,0,0
1753,0.9987072027228251,1.025608636907,1.06346424457725,0,0
1754,0.9956381025313764,1.035293424149,1.06346424457725,0,0
1755,0.9956381025313764,1.036195009047,1.06346424457725,0,0
1756,0.9956381025313764,1.047837446413,1.06346424457725,0,0
1757,0.9956381025313764,1.040352369119,1.06346424457725,0,0
1758,0.9956381025313764,1.031817726512,1.06346424457725,0,0
1759,0.9956381025313764,1.029052351104,1.06346424457725,0,0
1760,0.9956381025313764,1.055491965326,1.06346424457725,0,0
1761,0.9925700914699002,1.122623106155,1.2596803140944801,0,0
1762,0.9925700914699002,1.195303773028,1.2596803140944801,0,0
1763,0.9925700914699002,1.309261429385,1.2596803140944801,1,0
1764,0.9895024888321635,1.426884436752,1.2596803140944801,1,0
1765,0.9895024888321635,1.555923207631,1.2596803140944801,1,0
1766,0.9864358391831526,1.649003991982,1.2596803140944801,1,0
1767,0.9864358391831526,1.729358901087,1.2596803140944801,1,0
1768,0.9833700063816211,1.784834543295,1.2596803140944801,1,0
1769,0.9803045139332058,1.783564906258,1.2596803140944801,1,0
1770,0.9754868836417785,1.73002560665,1.2596803140944801,1,0
1771,0.9772400425441397,1.66464688887,1.2596803140944801,1,0
1772,0.9741765241437993,1.589837987108,1.2596803140944801,1,0
1773,0.9741765241437993,1.49384505549,1.2596803140944801,1,0
1774,0.971113278025952,1.381260749849,1.2596803140944801,1,0
1775,0.971113278025952,1.279023541091,1.2596803140944801,1,0
1776,0.9680510529674539,1.22800965989,1.2596803140944801,0,0
1777,0.9680510529674539,1.155970397956,1.2596803140944801,0,0
1778,0.9649894405445651,1.146451305167,1.2596803140944801,0,0
1779,0.9649894405445651,1.089019182298,1.2596803140944801,0,0
1780,0.9649894405445651,1.087092116533,1.2596803140944801,0,0
1781,0.9619283726866625,1.064512302966,1.2596803140944801,0,0
1782,0.9619283726866625,1.038878832447,1.2596803140944801,0,0
1783,0.9619283726866625,1.060506251347,1.2596803140944801,0,0
1784,0.958868325888109,1.034088247538,1.2596803140944801,0,0
1785,0.958868325888109,1.034600958486,1.2596803140944801,0,0
1786,0.958868325888109,1.055268419534,1.2596803140944801,0,0
1787,0.958868325888109,1.053345094579,1.2596803140944801,0,0
1788,0.958868325888109,1.046736793478,1.2596803140944801,0,0
1789,0.958868325888109,1.06763450339,1.2596803140944801,0,0
1790,0.958868325888109,1.117790860401,1.2596803140944801,0,0
1791,0.958868325888109,1.152749209293,1.2596803140944801,0,0
1792,0.958868325888109,1.248198949892,1.2596803140944801,0,0
1793,0.958868325888109,1.367007087928,1.2596803140944801,1,0
1794,0.9619283726866625,1.459683022184,1.2596803140944801,1,0
1795,0.9619283726866625,1.513216844937,1.2596803140944801,1,0
1796,0.9619283726866625,1.492765033097,1.2596803140944801,1,0
1797,0.9619283726866625,1.428973613487,1.2596803140944801,1,0
1798,0.9649894405445651,1.368518667892,1.06346424457725,1,0
1799,0.9649894405445651,1.318431272227,1.06346424457725,1,0
1800,0.9649894405445651,1.286144421439,1.06346424457725,1,0
1801,0.9680510529674539,1.291371846115,1.2094039708538,1,0
1802,0.9680510529674539,1.30147791527,1.2094039708538,1,0
1803,0.9680510529674539,1.338884354784,1.2094039708538,1,0
1804,0.9680510529674539,1.375907520351,1.2094039708538,1,0
1805,0.971113278025952,1.446531991233,1.2094039708538,1,0
1806,0.971113278025952,1.489625140684,1.2094039708538,1,0
1807,0.9741765241437993,1.581442780154,1.2094039708538,1,0
1808,0.9741765241437993,1.663849217803,1.2094039708538,1,0
1809,0.9741765241437993,1.736310279597,1.2094039708538,1,0
1810,0.9741765241437993,1.781210882204,1.2094039708538,1,0
1811,0.9772400425441397,1.844763181623,1.2094039708538,1,0
1812,0.9772400425441397,1.889980762361,1.2094039708538,1,0
1813,0.9772400425441397,1.920983779261,1.2094039708538,1,0
1814,0.9803045139332058,1.94995035716,1.2094039708538,1,0
1815,0.9803045139332058,1.960176707302,1.2094039708538,1,0
1816,0.9803045139332058,1.952059998856,1.2094039708538,1,0
1817,0.9833700063816211,1.935010364216,1.2094039708538,1,0
1818,0.9833700063816211,1.919766656201,1.2094039708538,1,0
1819,0.9864358391831526,1.895758187947,1.2094039708538,1,0
1820,0.9864358391831526,1.864985580407,1.2094039708538,1,0
1821,0.9864358391831526,1.816410994069,1.2094039708538,1,0
1822,0.9864358391831526,1.783632569648,1.2094039708538,1,0
1823,0.9864358391831526,1.728983253468,1.2094039708538,1,0
1824,0.9864358391831526,1.654586415282,1.2094039708538,1,0
1825,0.9864358391831526,1.600654282958,1.2094039708538,1,0
1826,0.9864358391831526,1.521616391915,1.2094039708538,1,0
1827,0.9864358391831526,1.468850553407,1.2094039708538,1,0
1828,0.9864358391831526,1.42442955473,1.2094039708538,1,0
1829,0.9895024888321635,1.417452058053,1.2094039708538,1,0
1830,0.9895024888321635,1.411294788647,1.2094039708538,1,0
1831,0.9895024888321635,1.442809012391,1.2094039708538,1,0
1832,0.9925700914699002,1.489712025129,1.2094039708538,1,0
1833,0.9925700914699002,1.551661329562,1.2094039708538,1,0
1834,0.9925700914699002,1.660797747195,1.2094039708538,1,0
1835,0.9925700914699002,1.745298874442,1.2094039708538,1,0
1836,0.9925700914699002,1.80774489582,1.2094039708538,1,0
1837,0.9925700914699002,1.740689495793,1.2094039708538,1,0
1838,0.9925700914699002,1.600637760262,1.2094039708538,1,0
1839,0.9925700914699002,1.431350584213,1.2094039708538,1,0
1840,0.9956381025313764,1.281239320694,1.2094039708538,1,0
1841,0.9956381025313764,1.156016213101,1.2094039708538,0,0
1842,0.9956381025313764,1.091328664112,1.2094039708538,0,0
1843,0.9956381025313764,1.068405340811,1.2094039708538,0,0
1844,0.9956381025313764,1.055407485097,1.2094039708538,0,0
1845,0.9987072027228251,1.03161232157,1.2094039708538,0,0
1846,0.9987072027228251,1.017762548397,1.2094039708538,0,0
1847,0.9987072027228251,1.020871489355,1.2094039708538,0,0
1848,0.9987072027228251,1.019749271032,1.06346424457725,0,0
1849,1.0,1.014939748767,1.06346424457725,0,0
1850,0.9987072027228251,1.019263439779,1.06346424457725,0,0
1851,0.9987072027228251,1.020721203154,1.06346424457725,0,0
1852,0.9956381025313764,1.02561939404,1.06346424457725,0,0
1853,0.9956381025313764,1.038288068533,1.06346424457725,0,0
1854,0.9956381025313764,1.034091417242,1.06346424457725,0,0
1855,0.9956381025313764,1.046914877614,1.06346424457725,0,0
1856,0.9956381025313764,1.027684002868,1.06346424457725,0,0
1857,0.9925700914699002,1.037703117078,1.06346424457725,0,0
1858,0.9956381025313764,1.036857471387,1.06346424457725,0,0
1859,0.9925700914699002,1.090934035862,1.06346424457725,1,0
1860,0.9925700914699002,1.155881608484,1.2596803140944801,0,0
1861,0.9925700914699002,1.253082294751,1.2596803140944801,0,0
1862,0.9925700914699002,1.380904162635,1.2596803140944801,1,0
1863,0.9895024888321635,1.507666458428,1.2596803140944801,1,0
1864,0.9895024888321635,1.635905157793,1.2596803140944801,1,0
1865,0.9864358391831526,1.722242746567,1.2596803140944801,1,0
1866,0.9864358391831526,1.796265535547,1.2596803140944801,1,0
1867,0.9833700063816211,1.836009375493,1.2596803140944801,1,0
1868,0.9803045139332058,1.83128161007,1.2596803140944801,1,0
1869,0.9772400425441397,1.774684206487,1.2596803140944801,1,0
1870,0.9772400425441397,1.712164808782,1.2596803140944801,1,0
1871,0.9741765241437993,1.618754920123,1.2596803140944801,1,0
1872,0.971113278025952,1.507143514019,1.2596803140944801,1,0
1873,0.971113278025952,1.389647200453,1.2596803140944801,1,0
1874,0.9680510529674539,1.283938733892,1.2596803140944801,1,0
1875,0.9680510529674539,1.231709604325,1.2596803140944801,0,0
1876,0.9680510529674539,1.141064225924,1.2596803140944801,0,0
1877,0.9649894405445651,1.147407324175,1.2596803140944801,0,0
1878,0.9649894405445651,1.080805686914,1.2596803140944801,0,0
1879,0.9649894405445651,1.096339119611,1.2596803140944801,0,0
1880,0.9619283726866625,1.047585395614,1.2596803140944801,0,0
1881,0.9619283726866625,1.045307393866,1.2596803140944801,0,0
1882,0.9619283726866625,1.051689222839,1.2596803140944801,0,0
1883,0.958868325888109,1.031660961326,1.2596803140944801,0,0
1884,0.958868325888109,1.039891827703,1.2596803140944801,0,0
1885,0.958868325888109,1.058039250124,1.2596803140944801,0,0
1886,0.958868325888109,1.055114891372,1.2596803140944801,0,0
1887,0.958868325888109,1.055751504767,1.2596803140944801,0,0
1888,0.958868325888109,1.081054117058,1.2596803140944801,0,0
1889,0.958868325888109,1.127363617098,1.2596803140944801,0,0
1890,0.958868325888109,1.191976333862,1.2596803140944801,0,0
1891,0.958868325888109,1.290225223693,1.2596803140944801,1,0
1892,0.9619283726866625,1.420649209976,1.2596803140944801,1,0
1893,0.9619283726866625,1.499352359866,1.2596803140944801,1,0
1894,0.9619283726866625,1.521090024945,1.2596803140944801,1,0
1895,0.9619283726866625,1.508773593915,1.2596803140944801,1,0
1896,0.9649894405445651,1.439472109046,1.2596803140944801,1,0
1897,0.9649894405445651,1.374120360708,1.06346424457725,1,0
1898,0.9649894405445651,1.333648797838,1.06346424457725,1,0
1899,0.9649894405445651,1.319816054013,1.06346424457725,1,0
1900,0.9680510529674539,1.324626207768,1.2094039708538,1,0
1901,0.9680510529674539,1.333552029487,1.2094039708538,1,0
1902,0.9680510529674539,1.393575267718,1.2094039708538,1,0
1903,0.9680510529674539,1.414841523406,1.2094039708538,1,0
1904,0.971113278025952,1.492056290888,1.2094039708538,1,0
1905,0.971113278025952,1.522658393424,1.2094039708538,1,0
1906,0.9741765241437993,1.594497660765,1.2094039708538,1,0
1907,0.9741765241437993,1.667091984688,1.2094039708538,1,0
1908,0.9741765241437993,1.731355485209,1.2094039708538,1,0
1909,0.9741765241437993,1.758722658903,1.2094039708538,1,0
1910,0.9772400425441397,1.812109063426,1.2094039708538,1,0
1911,0.9772400425441397,1.851970350778,1.2094039708538,1,0
1912,0.9772400425441397,1.863591254776,1.2094039708538,1,0
1913,0.9803045139332058,1.882496571479,1.2094039708538,1,0
1914,0.9803045139332058,1.88819814708,1.2094039708538,1,0
1915,0.9803045139332058,1.878594509388,1.2094039708538,1,0
1916,0.9833700063816211,1.869824726342,1.2094039708538,1,0
1917,0.9864358391831526,1.868371647074,1.2094039708538,1,0
1918,0.9864358391831526,1.853964270416,1.2094039708538,1,0
1919,0.9864358391831526,1.83061373913,1.2094039708538,1,0
1920,0.9864358391831526,1.789120353414,1.2094039708538,1,0
1921,0.9864358391831526,1.759151274212,1.2094039708538,1,0
1922,0.9864358391831526,1.705523548478,1.2094039708538,1,0
1923,0.9864358391831526,1.64367196928,1.2094039708538,1,0
1924,0.9864358391831526,1.576627969847,1.2094039708538,1,0
1925,0.9864358391831526,1.524556895951,1.2094039708538,1,0
1926,0.9864358391831526,1.456128980149,1.2094039708538,1,0
1927,0.9895024888321635,1.434414046533,1.2094039708538,1,0
1928,0.9895024888321635,1.423160448026,1.2094039708538,1,0
1929,0.9895024888321635,1.426407611499,1.2094039708538,1,0
1930,0.9895024888321635,1.46839530921,1.2094039708538,1,0
1931,0.9925700914699002,1.521903763192,1.2094039708538,1,0
1932,0.9925700914699002,1.59438219404,1.2094039708538,1,0
1933,0.9925700914699002,1.707029490916,1.2094039708538,1,0
1934,0.9925700914699002,1.784927261083,1.2094039708538,1,0
1935,0.9925700914699002,1.803920875973,1.2094039708538,1,0
1936,0.9925700914699002,1.71749892921,1.2094039708538,1,0
1937,0.9925700914699002,1.551240177432,1.2094039708538,1,0
1938,0.9925700914699002,1.404815068998,1.2094039708538,1,0
1939,0.9925700914699002,1.247304590254,1.2094039708538,1,0
1940,0.9956381025313764,1.144962177932,1.2094039708538,0,0
1941,0.9956381025313764,1.096300359874,1.2094039708538,0,0
1942,0.9956381025313764,1.070046902677,1.2094039708538,0,0
1943,0.9956381025313764,1.044818095193,1.2094039708538,0,0
1944,0.9956381025313764,1.029905653985,1.2094039708538,0,0
1945,0.9987072027228251,1.018049944743,1.2094039708538,0,0
1946,0.9987072027228251,1.022090582113,1.2094039708538,0,0
1947,0.9987072027228251,1.019559536174,1.06346424457725,0,0
1948,0.9987072027228251,1.014939748767,1.06346424457725,0,0
1949,0.9956381025313764,1.019174280117,1.06346424457725,0,0
1950,0.9956381025313764,1.022182155819,1.06346424457725,0,0
1951,0.9956381025313764,1.02258700338,1.06346424457725,0,0
1952,0.9956381025313764,1.038807708176,1.06346424457725,0,0
1953,0.9925700914699002,1.031647226381,1.06346424457725,0,0
1954,0.9925700914699002,1.030161017468,1.06346424457725,0,0
1955,0.9925700914699002,1.030841550158,1.06346424457725,0,0
1956,0.9925700914699002,1.012796757801,1.06346424457725,0,0
1957,0.9925700914699002,1.002691122314,1.06346424457725,0,0
1958,0.9925700914699002,0.992898175474,1.2596803140944801,0,0
1959,0.9925700914699002,1.004077809425,1.2596803140944801,0,0
1960,0.9895024888321635,1.017158739594,1.2596803140944801,0,0
1961,0.9895024888321635,1.050690457671,1.2596803140944801,0,0
1962,0.9895024888321635,1.115033540853,1.2596803140944801,0,0
1963,0.9864358391831526,1.185010811968,1.2596803140944801,0,0
1964,0.9864358391831526,1.247850614222,1.2596803140944801,0,0
1965,0.9864358391831526,1.331341278436,1.2596803140944801,1,0
1966,0.9833700063816211,1.399511272108,1.2596803140944801,1,0
1967,0.9803045139332058,1.445924820747,1.2596803140944801,1,0
1968,0.9772400425441397,1.444586020455,1.2596803140944801,1,0
1969,0.9741765241437993,1.418231746704,1.2596803140944801,1,0
1970,0.9741765241437993,1.382050019216,1.2596803140944801,1,0
1971,0.971113278025952,1.316112354501,1.2596803140944801,1,0
1972,0.971113278025952,1.256941384434,1.2596803140944801,0,0
1973,0.9680510529674539,1.214864626405,1.2596803140944801,0,0
1974,0.9680510529674539,1.166712145632,1.2596803140944801,0,0
1975,0.9680510529674539,1.135733651986,1.2596803140944801,0,0
1976,0.9649894405445651,1.12108767176,1.2596803140944801,0,0
1977,0.9649894405445651,1.095215708757,1.2596803140944801,0,0
1978,0.9619283726866625,1.100120985009,1.2596803140944801,0,0
1979,0.9619283726866625,1.053669225012,1.2596803140944801,0,0
1980,0.9619283726866625,1.052970737949,1.2596803140944801,0,0
1981,0.958868325888109,1.056553104464,1.2596803140944801,0,0
1982,0.958868325888109,1.034441978182,1.2596803140944801,0,0
1983,0.958868325888109,1.047420461636,1.2596803140944801,0,0
1984,0.958868325888109,1.065892752167,1.2596803140944801,0,0
1985,0.958868325888109,1.067252377814,1.2596803140944801,0,0
1986,0.958868325888109,1.075240563206,1.2596803140944801,0,0
1987,0.958868325888109,1.111055016181,1.2596803140944801,0,0
1988,0.958868325888109,1.162511985592,1.2596803140944801,0,0
1989,0.958868325888109,1.236029577921,1.2596803140944801,0,0
1990,0.958868325888109,1.361859542544,1.2596803140944801,1,0
1991,0.9619283726866625,1.448768279408,1.2596803140944801,1,0
1992,0.9619283726866625,1.477252544267,1.2596803140944801,1,0
1993,0.9619283726866625,1.447303347063,1.2596803140944801,1,0
1994,0.9619283726866625,1.383027567201,1.2596803140944801,1,0
1995,0.9649894405445651,1.306268272162,1.06346424457725,1,0
1996,0.9649894405445651,1.248556001786,1.06346424457725,1,0
1997,0.9649894405445651,1.20793631758,1.06346424457725,1,0
1998,0.9680510529674539,1.184809461904,1.06346424457725,1,0
1999,0.9680510529674539,1.182584475855,1.2094039708538,0,0
2000,0.9680510529674539,1.190196077245,1.2094039708538,0,0
2001,0.9680510529674539,1.192432062344,1.2094039708538,0,0
2002,0.9680510529674539,1.233973811974,1.2094039708538,1,0
2003,0.971113278025952,1.246721233389,1.2094039708538,1,0
2004,0.971113278025952,1.302616223129,1.2094039708538,1,0
2005,0.9741765241437993,1.336082375773,1.2094039708538,1,0
2006,0.9741765241437993,1.405072462949,1.2094039708538,1,0
2007,0.9741765241437993,1.462340419962,1.2094039708538,1,0
2008,0.9772400425441397,1.502077650735,1.2094039708538,1,0
2009,0.9772400425441397,1.542125993745,1.2094039708538,1,0
2010,0.9772400425441397,1.589684363563,1.2094039708538,1,0
2011,0.9772400425441397,1.620655885755,1.2094039708538,1,0
2012,0.9803045139332058,1.654042150484,1.2094039708538,1,0
2013,0.9803045139332058,1.687124022893,1.2094039708538,1,0
2014,0.9803045139332058,1.70010942252,1.2094039708538,1,0
2015,0.9833700063816211,1.718251576997,1.2094039708538,1,0
2016,0.9864358391831526,1.736106044481,1.2094039708538,1,0
2017,0.9864358391831526,1.751023339395,1.2094039708538,1,0
2018,0.9864358391831526,1.736935064382,1.2094039708538,1,0
2019,0.9864358391831526,1.727259165216,1.2094039708538,1,0
2020,0.9864358391831526,1.700258758464,1.2094039708538,1,0
2021,0.9864358391831526,1.630525599937,1.2094039708538,1,0
2022,0.9864358391831526,1.596706646665,1.2094039708538,1,0
2023,0.9864358391831526,1.506865529474,1.2094039708538,1,0
2024,0.9864358391831526,1.490573721278,1.2094039708538,1,0
2025,0.9864358391831526,1.417497183571,1.2094039708538,1,0
2026,0.9864358391831526,1.395208863697,1.2094039708538,1,0
2027,0.9895024888321635,1.379070898249,1.2094039708538,1,0
2028,0.9895024888321635,1.39584049144,1.2094039708538,1,0
2029,0.9895024888321635,1.440269502678,1.2094039708538,1,0
2030,0.9925700914699002,1.486008973239,1.2094039708538,1,0
2031,0.9925700914699002,1.594415932332,1.2094039708538,1,0
2032,0.9925700914699002,1.689795472558,1.2094039708538,1,0
2033,0.9925700914699002,1.76542192208,1.2094039708538,1,0
2034,0.9925700914699002,1.783777992103,1.2094039708538,1,0
2035,0.9925700914699002,1.668087673563,1.2094039708538,1,0
2036,0.9925700914699002,1.492462722148,1.2094039708538,1,0
2037,0.9925700914699002,1.352596604234,1.2094039708538,1,0
2038,0.9925700914699002,1.213116106304,1.2094039708538,1,0
2039,0.9925700914699002,1.114385175202,1.2094039708538,0,0
2040,0.9956381025313764,1.06341749032,1.2094039708538,0,0
2041,0.9956381025313764,1.054724301588,1.2094039708538,0,0
2042,0.9956381025313764,1.049447335244,1.2094039708538,0,0
2043,0.9956381025313764,1.031766267005,1.2094039708538,0,0
2044,0.9956381025313764,1.015179877597,1.2094039708538,0,0
2045,0.9956381025313764,1.018680050706,1.2094039708538,0,0
2046,0.9956381025313764,1.021605921211,1.06346424457725,0,0
2047,0.9956381025313764,1.014452071199,1.06346424457725,0,0
2048,0.9956381025313764,1.016200490858,1.06346424457725,0,0
2049,0.9956381025313764,1.020549156496,1.06346424457725,0,0
2050,0.9956381025313764,1.018178286126,1.06346424457725,0,0
2051,0.9956381025313764,1.02406401805,1.06346424457725,0,0
2052,0.9956381025313764,1.028517539187,1.06346424457725,0,0
2053,0.9925700914699002,1.028073022068,1.06346424457725,0,0
2054,0.9956381025313764,1.031206822896,1.06346424457725,0,0
2055,0.9956381025313764,1.012479035493,1.06346424457725,0,0
2056,0.9956381025313764,1.007006452127,1.06346424457725,0,0
2057,0.9925700914699002,0.995291535012,1.06346424457725,0,0
2058,0.9925700914699002,1.014880943241,1.2596803140944801,0,0
2059,0.9925700914699002,1.058778045809,1.2596803140944801,0,0
2060,0.9925700914699002,1.143576812562,1.2596803140944801,0,0
2061,0.9895024888321635,1.271966557021,1.2596803140944801,1,0
2062,0.9895024888321635,1.419812463532,1.2596803140944801,1,0
2063,0.9864358391831526,1.55988903374,1.2596803140944801,1,0
2064,0.9864358391831526,1.692886466503,1.2596803140944801,1,0
2065,0.9833700063816211,1.79779868569,1.2596803140944801,1,0
2066,0.9803045139332058,1.848870952364,1.2596803140944801,1,0
2067,0.9754868836417785,1.841447716699,1.2596803140944801,1,0
2068,0.9741765241437993,1.791141476062,1.2596803140944801,1,0
2069,0.9741765241437993,1.719351326642,1.2596803140944801,1,0
2070,0.971113278025952,1.625961884981,1.2596803140944801,1,0
2071,0.971113278025952,1.506625949158,1.2596803140944801,1,0
2072,0.9680510529674539,1.386845068379,1.2596803140944801,1,0
2073,0.9680510529674539,1.293612741762,1.2596803140944801,1,0
2074,0.9649894405445651,1.207063601672,1.2596803140944801,0,0
2075,0.9649894405445651,1.166870709584,1.2596803140944801,0,0
2076,0.9649894405445651,1.101380913608,1.2596803140944801,0,0
2077,0.9619283726866625,1.101204487796,1.2596803140944801,0,0
2078,0.9619283726866625,1.064029359835,1.2596803140944801,0,0
2079,0.9619283726866625,1.046020288468,1.2596803140944801,0,0
2080,0.958868325888109,1.0484452343,1.2596803140944801,0,0
2081,0.958868325888109,1.029543996571,1.2596803140944801,0,0
2082,0.958868325888109,1.048377508878,1.2596803140944801,0,0
2083,0.958868325888109,1.046977899552,1.2596803140944801,0,0
2084,0.958868325888109,1.041793682058,1.2596803140944801,0,0
2085,0.958868325888109,1.066008448779,1.2596803140944801,0,0
2086,0.958868325888109,1.093039861774,1.2596803140944801,0,0
2087,0.958868325888109,1.125662938907,1.2596803140944801,0,0
2088,0.958868325888109,1.171442105788,1.2596803140944801,0,0
2089,0.9619283726866625,1.274497831495,1.2596803140944801,1,0
2090,0.9619283726866625,1.385046491315,1.2596803140944801,1,0
2091,0.9619283726866625,1.45227573298,1.2596803140944801,1,0
2092,0.9619283726866625,1.444433635702,1.2596803140944801,1,0
2093,0.9619283726866625,1.380303147426,1.2596803140944801,1,0
2094,0.9649894405445651,1.281989243412,1.2596803140944801,1,0
2095,0.9649894405445651,1.229151313854,1.06346424457725,1,0
2096,0.9649894405445651,1.191830544064,1.06346424457725,1,0
2097,0.9680510529674539,1.171037376306,1.06346424457725,1,0
2098,0.9680510529674539,1.166375385733,1.2094039708538,0,1
2099,0.9680510529674539,1.191518335381,1.2094039708538,0,1
2100,0.9680510529674539,1.203897040033,1.2094039708538,0,1
2101,0.971113278025952,1.26160521699,1.2094039708538,1,1
2102,0.971113278025952,1.316835632967,1.2094039708538,1,1
2103,0.971113278025952,1.388068733582,1.2094039708538,1,1
2104,0.9741765241437993,1.496635777803,1.2094039708538,1,1
2105,0.9741765241437993,1.58223473409,1.2094039708538,1,1
2106,0.9741765241437993,1.66891925887,1.2094039708538,1,1
2107,0.9772400425441397,1.759042158733,1.2094039708538,1,1
2108,0.9772400425441397,1.854864185605,1.2094039708538,1,1
2109,0.9772400425441397,1.931455500869,1.2094039708538,1,1
2110,0.9803045139332058,1.987341498583,1.2094039708538,1,1
2111,0.9803045139332058,2.051907517347,1.2094039708538,1,1
2112,0.9803045139332058,2.069244226899,1.2094039708538,1,1
2113,0.9833700063816211,2.083774387291,1.2094039708538,1,1
2114,0.9864358391831526,2.081173829597,1.2094039708538,1,1
2115,0.9864358391831526,2.081001367735,1.2094039708538,1,1
2116,0.9864358391831526,2.04801318066,1.2094039708538,1,1
2117,0.9864358391831526,2.001092646312,1.2094039708538,1,1
2118,0.9864358391831526,1.939339291878,1.2094039708538,1,1
2119,0.9864358391831526,1.887180763389,1.2094039708538,1,1
2120,0.9864358391831526,1.802108645846,1.2094039708538,1,1
2121,0.9864358391831526,1.724203316456,1.2094039708538,1,1
2122,0.9864358391831526,1.639301314403,1.2094039708538,1,1
2123,0.9864358391831526,1.580019117689,1.2094039708538,1,1
2124,0.9864358391831526,1.498719375445,1.2094039708538,1,1
2125,0.9895024888321635,1.468495172119,1.2094039708538,1,1
2126,0.9895024888321635,1.449366100159,1.2094039708538,1,1
2127,0.9895024888321635,1.462847702944,1.2094039708538,1,1
2128,0.9895024888321635,1.51143103343,1.2094039708538,1,1
2129,0.9925700914699002,1.55948618933,1.2094039708538,1,1
2130,0.9925700914699002,1.67917093939,1.2094039708538,1,1
2131,0.9925700914699002,1.756553878636,1.2094039708538,1,1
2132,0.9925700914699002,1.822209790452,1.2094039708538,1,1
2133,0.9925700914699002,1.739225590479,1.2094039708538,1,1
2134,0.9925700914699002,1.585347050934,1.2094039708538,1,1
2135,0.9925700914699002,1.426907903998,1.2094039708538,1,1
2136,0.9925700914699002,1.279546952636,1.2094039708538,1,1
2137,0.9925700914699002,1.160002405595,1.2094039708538,0,1
2138,0.9925700914699002,1.08475479247,1.2094039708538,0,1
2139,0.9925700914699002,1.054580718227,1.2094039708538,0,1
2140,0.9925700914699002,1.044488551755,1.2094039708538,0,1
2141,0.9956381025313764,1.039663676782,1.2094039708538,0,1
2142,0.9956381025313764,1.028628721645,1.2094039708538,0,1
2143,0.9956381025313764,1.015067299424,1.2094039708538,0,1
2144,0.9956381025313764,1.017751827054,1.06346424457725,0,1
2145,0.9925700914699002,1.021241536101,1.06346424457725,0,1
2146,0.9956381025313764,1.014931734984,1.06346424457725,0,1
2147,0.9925700914699002,1.014551761665,1.06346424457725,0,1
2148,0.9925700914699002,1.020288690517,1.06346424457725,0,1
2149,0.9925700914699002,1.020870182886,1.06346424457725,0,1
2150,0.9925700914699002,1.019718220953,1.06346424457725,0,1
2151,0.9925700914699002,1.037291754601,1.06346424457725,0,1
2152,0.9956381025313764,1.027017523492,1.06346424457725,0,1
2153,0.9956381025313764,1.029514907982,1.06346424457725,0,1
2154,0.9956381025313764,1.02959379307,1.06346424457725,0,1
2155,0.9956381025313764,1.008294426024,1.06346424457725,0,1
2156,0.9956381025313764,0.983236842022,1.2596803140944801,0,1
2157,-1.0,11.76468771066,1.2596803140944801,1,1
2158,0.9895024888321635,17.766754527439,1.2596803140944801,1,1
2159,0.9895024888321635,21.055214284948,1.2596803140944801,1,1
2160,0.9895024888321635,26.833138403387,1.2596803140944801,1,1
2161,0.9895024888321635,29.03448978357,1.2596803140944801,1,1
2162,0.9864358391831526,33.832004166967,1.2596803140944801,1,1
2163,0.9833700063816211,34.691460147359,1.2596803140944801,1,1
2164,0.9803045139332058,38.305570504209,1.2596803140944801,1,1
2165,0.9772400425441397,37.778913052672,1.2596803140944801,1,1
2166,0.9772400425441397,39.786628352987,1.2596803140944801,1,1
2167,0.9741765241437993,38.303091852953,1.2596803140944801,1,1
2168,0.971113278025952,38.715677966114,1.2596803140944801,1,1
2169,0.971113278025952,36.270113837954,1.2596803140944801,1,1
2170,0.9680510529674539,35.304890090383,1.2596803140944801,1,1
2171,0.9680510529674539,32.052660846162,1.2596803140944801,1,1
2172,0.9680510529674539,29.602340724692,1.2596803140944801,1,1
2173,0.9632476494362903,26.025179732311,1.2596803140944801,1,1
2174,0.9649894405445651,22.4701152562,1.2596803140944801,1,1
2175,0.9619283726866625,18.7457598962,1.2596803140944801,1,1
2176,0.9619283726866625,14.513688650641,1.2596803140944801,1,1
2177,0.9619283726866625,11.227380490149,1.2596803140944801,1,1
2178,0.958868325888109,7.128929650623,1.2596803140944801,1,1
2179,0.9619283726866625,5.158897695522,1.2596803140944801,1,1
2180,0.958868325888109,6.11635502083,1.2596803140944801,1,1
2181,0.958868325888109,6.286208846804,1.2596803140944801,1,0
2182,0.958868325888109,8.427974686652,1.2596803140944801,1,0
2183,0.958868325888109,9.73547458795,1.2596803140944801,1,0
2184,0.958868325888109,13.219255045486,1.2596803140944801,1,0
2185,0.958868325888109,13.995564586915,1.2596803140944801,1,0
2186,0.958868325888109,16.869208595226,1.2596803140944801,1,0
2187,0.958868325888109,16.705447498534,1.2596803140944801,1,0
2188,0.9619283726866625,18.538156452412,1.2596803140944801,1,0
2189,0.9619283726866625,17.429364509618,1.2596803140944801,1,0
2190,0.9619283726866625,17.995398771931,1.2596803140944801,1,0
2191,0.9619283726866625,15.952342041732,1.2596803140944801,1,0
2192,0.9649894405445651,15.369353699739,1.2596803140944801,1,0
2193,0.9649894405445651,12.743798519387,1.06346424457725,1,0
2194,0.9649894405445651,11.156184539058,1.06346424457725,1,0
2195,0.9680510529674539,8.512802297931,1.2094039708538,1,0
2196,0.9680510529674539,6.788135274,1.2094039708538,1,0
2197,0.9680510529674539,5.327235436706,1.2094039708538,1,0
2198,0.9680510529674539,6.263103390832,1.2094039708538,1,0
2199,0.971113278025952,9.99336542773,1.2094039708538,1,0
2200,0.971113278025952,15.023311676391,1.2094039708538,1,0
2201,0.971113278025952,20.123454211948,1.2094039708538,1,0
2202,0.9741765241437993,26.003499649984,1.2094039708538,1,0
2203,0.9741765241437993,30.430994000691,1.2094039708538,1,0
2204,0.9741765241437993,36.035013660659,1.2094039708538,1,0
2205,0.9772400425441397,39.643497033498,1.2094039708538,1,0
2206,0.9772400425441397,44.610750018103,1.2094039708538,1,0
2207,0.9772400425441397,46.843582960401,1.2094039708538,1,0
2208,0.9803045139332058,50.63847396528,1.2094039708538,1,0
2209,0.9803045139332058,51.297894646233,1.2094039708538,1,0
2210,0.9803045139332058,53.365968927216,1.2094039708538,1,0
2211,0.9833700063816211,52.24276496551,1.2094039708538,1,0
2212,0.9833700063816211,52.603143640314,1.2094039708538,1,0
2213,0.9864358391831526,49.711663132902,1.2094039708538,1,0
2214,0.9864358391831526,48.201438163067,1.2094039708538,1,0
2215,0.9864358391831526,43.596317139787,1.2094039708538,1,0
2216,0.9864358391831526,40.285245393184,1.2094039708538,1,0
2217,0.9864358391831526,34.342164043222,1.2094039708538,1,0
2218,0.9864358391831526,29.414739281367,1.2094039708538,1,0
2219,0.9864358391831526,22.54847360771,1.2094039708538,1,0
2220,0.9864358391831526,16.514206924989,1.2094039708538,1,0
2221,0.9864358391831526,1.609999767119,1.2094039708538,1,0
2222,0.9895024888321635,1.539786225759,1.2094039708538,1,0
2223,0.9895024888321635,1.499788525201,1.2094039708538,1,0
2224,0.9895024888321635,1.479461066525,1.2094039708538,1,0
2225,0.9895024888321635,1.48114048817,1.2094039708538,1,0
2226,0.9895024888321635,1.519055130587,1.2094039708538,1,0
2227,0.9895024888321635,1.567100933914,1.2094039708538,1,0
2228,0.9925700914699002,1.643578361994,1.2094039708538,1,0
2229,0.9925700914699002,1.750616174833,1.2094039708538,1,0
2230,0.9925700914699002,1.804586579249,1.2094039708538,1,0
2231,0.9925700914699002,1.753491955161,1.2094039708538,1,0
2232,0.9925700914699002,1.607365615086,1.2094039708538,1,0
2233,0.9925700914699002,1.44649347824,1.2094039708538,1,0
2234,0.9925700914699002,1.299228335037,1.2094039708538,1,0
2235,0.9925700914699002,1.169967448884,1.2094039708538,0,0
2236,0.9925700914699002,1.090336717645,1.2094039708538,0,0
2237,0.9925700914699002,1.056679352902,1.2094039708538,0,0
2238,0.9925700914699002,1.047882569276,1.2094039708538,0,0
2239,0.9925700914699002,1.044747867109,1.2094039708538,0,0
2240,0.9925700914699002,1.031217410297,1.2094039708538,0,0
2241,0.9925700914699002,1.023379638495,1.2094039708538,0,0
2242,0.9925700914699002,1.01469232433,1.06346424457725,0,0
2243,0.9925700914699002,1.016757251644,1.06346424457725,0,0
2244,0.9925700914699002,1.022115108246,1.06346424457725,0,0
2245,0.9956381025313764,1.014981176815,1.06346424457725,0,0
2246,0.9956381025313764,1.015160295059,1.06346424457725,0,0
2247,0.9956381025313764,1.022445989622,1.06346424457725,0,0
2248,0.9925700914699002,1.017324015234,1.06346424457725,0,0
2249,0.9956381025313764,1.028582639506,1.06346424457725,0,0
2250,0.9956381025313764,1.034281040277,1.06346424457725,0,0
2251,0.9956381025313764,1.030719251293,1.06346424457725,0,0
2252,0.9956381025313764,1.029122178362,1.06346424457725,0,0
2253,0.9956381025313764,1.012528686621,1.2596803140944801,0,0
2254,0.9956381025313764,0.987442568567,1.2596803140944801,0,0
2255,0.9925700914699002,0.981804697041,1.2596803140944801,0,0
2256,0.9895024888321635,0.995942344808,1.2596803140944801,0,0
2257,0.9895024888321635,1.045931561157,1.2596803140944801,0,0
2258,0.9864358391831526,1.151094638365,1.2596803140944801,0,0
2259,0.9864358391831526,1.277825312909,1.2596803140944801,1,0
2260,0.9833700063816211,1.424418805409,1.2596803140944801,1,0
2261,0.9833700063816211,1.56004082191,1.2596803140944801,1,0
2262,0.9772400425441397,1.648293981624,1.2596803140944801,1,0
2263,0.9772400425441397,1.684608957577,1.2596803140944801,1,0
2264,0.9741765241437993,1.681421907446,1.2596803140944801,1,0
2265,0.971113278025952,1.644924594786,1.2596803140944801,1,0
2266,0.971113278025952,1.575245481004,1.2596803140944801,1,0
2267,0.9693658370559457,1.477217020969,1.2596803140944801,1,0
2268,0.9680510529674539,1.378847807951,1.2596803140944801,1,0
2269,0.9680510529674539,1.289582850937,1.2596803140944801,1,0
2270,0.9649894405445651,1.204652353757,1.2596803140944801,0,0
2271,0.9649894405445651,1.167396897177,1.2596803140944801,0,0
2272,0.9649894405445651,1.103859433379,1.2596803140944801,0,0
2273,0.9619283726866625,1.106256757158,1.2596803140944801,0,0
2274,0.9619283726866625,1.050703549438,1.2596803140944801,0,0
2275,0.9619283726866625,1.054328018188,1.2596803140944801,0,0
2276,0.9619283726866625,1.041200040217,1.2596803140944801,0,0
2277,0.958868325888109,1.028255848907,1.2596803140944801,0,0
2278,0.958868325888109,1.053293723465,1.2596803140944801,0,0
2279,0.958868325888109,1.043434918795,1.2596803140944801,0,0
2280,0.958868325888109,1.045069980556,1.2596803140944801,0,0
2281,0.958868325888109,1.080300915099,1.2596803140944801,0,0
2282,0.958868325888109,1.102496367999,1.2596803140944801,0,0
2283,0.958868325888109,1.117359090684,1.2596803140944801,0,0
2284,0.958868325888109,1.172632807284,1.2596803140944801,0,0
2285,0.958868325888109,1.272751409881,1.2596803140944801,1,0
2286,0.958868325888109,1.366517536606,1.2596803140944801,1,0
2287,0.9619283726866625,1.402943790624,1.2596803140944801,1,0
2288,0.9619283726866625,1.3597403801,1.2596803140944801,1,0
2289,0.9619283726866625,1.260822447643,1.2596803140944801,1,0
2290,0.9649894405445651,1.21042776371,1.06346424457725,1,0
2291,0.9649894405445651,1.146299570394,1.06346424457725,1,0
2292,0.9649894405445651,1.120499748381,1.06346424457725,1,0
2293,0.9649894405445651,1.100352894283,1.2094039708538,0,0
2294,0.9680510529674539,1.092577035758,1.2094039708538,0,0
2295,0.9680510529674539,1.092325526739,1.2094039708538,0,0
2296,0.9680510529674539,1.109331299976,1.2094039708538,0,0
2297,0.9680510529674539,1.114790474636,1.2094039708538,0,0
2298,0.971113278025952,1.157330983477,1.2094039708538,0,0
2299,0.971113278025952,1.18634441049,1.2094039708538,0,0
2300,0.971113278025952,1.261381548226,1.2094039708538,1,0
2301,0.9741765241437993,1.329538483739,1.2094039708538,1,0
2302,0.9741765241437993,1.40651197481,1.2094039708538,1,0
2303,0.9741765241437993,1.472293920398,1.2094039708538,1,0
2304,0.9772400425441397,1.551502638211,1.2094039708538,1,0
2305,0.9772400425441397,1.619942887821,1.2094039708538,1,0
2306,0.9772400425441397,1.665519777273,1.2094039708538,1,0
2307,0.9772400425441397,1.681886846065,1.2094039708538,1,0
2308,0.9803045139332058,1.686978571361,1.2094039708538,1,0
2309,0.9803045139332058,1.660370679908,1.2094039708538,1,0
2310,0.9833700063816211,1.637598903881,1.2094039708538,1,0
2311,0.9864358391831526,1.610681569484,1.2094039708538,1,0
2312,0.9864358391831526,1.586042479369,1.2094039708538,1,0
2313,0.9864358391831526,1.542265853373,1.2094039708538,1,0
2314,0.9864358391831526,1.516890681498,1.2094039708538,1,0
2315,0.9864358391831526,1.460493830955,1.2094039708538,1,0
2316,0.9864358391831526,1.423944078891,1.2094039708538,1,0
2317,0.9864358391831526,1.36910756442,1.2094039708538,1,0
2318,0.9864358391831526,1.351119950835,1.2094039708538,1,0
2319,0.9864358391831526,1.294481121234,1.2094039708538,1,0
2320,0.9864358391831526,1.286807769568,1.2094039708538,1,0
2321,0.9895024888321635,1.282796178779,1.2094039708538,1,0
2322,0.9895024888321635,1.290873203993,1.2094039708538,1,0
2323,0.9895024888321635,1.330724823564,1.2094039708538,1,0
2324,0.9895024888321635,1.378243609508,1.2094039708538,1,0
2325,0.9925700914699002,1.44451739128,1.2094039708538,1,0
2326,0.9925700914699002,1.556819411809,1.2094039708538,1,0
2327,0.9925700914699002,1.649612613099,1.2094039708538,1,0
2328,0.9925700914699002,1.736070619358,1.2094039708538,1,0
2329,0.9925700914699002,1.790973688516,1.2094039708538,1,0
2330,0.9925700914699002,1.721352799779,1.2094039708538,1,0
2331,0.9925700914699002,1.567997201651,1.2094039708538,1,0
2332,0.9925700914699002,1.410589076544,1.2094039708538,1,0
2333,0.9925700914699002,1.261864515241,1.2094039708538,1,0
2334,0.9925700914699002,1.148574532084,1.2094039708538,0,0
2335,0.9956381025313764,1.092111742101,1.2094039708538,0,0
2336,0.9956381025313764,1.069473029861,1.2094039708538,0,0
2337,0.9956381025313764,1.053540253197,1.2094039708538,0,0
2338,0.9956381025313764,1.030750452176,1.2094039708538,0,0
2339,0.9956381025313764,1.01893631508,1.2094039708538,0,0
2340,0.9956381025313764,1.019757347824,1.2094039708538,0,0
2341,0.9956381025313764,1.021585098332,1.06346424457725,0,0
2342,0.9956381025313764,1.015942944097,1.06346424457725,0,0
2343,0.9956381025313764,1.014644572623,1.06346424457725,0,0
2344,0.9956381025313764,1.018593539393,1.06346424457725,0,0
2345,0.9956381025313764,1.020782210273,1.06346424457725,0,0
2346,0.9956381025313764,1.022017719929,1.06346424457725,0,0
2347,0.9956381025313764,1.033667522742,1.06346424457725,0,0
2348,0.9956381025313764,1.030193764476,1.06346424457725,0,0
2349,0.9956381025313764,1.031811883128,1.06346424457725,0,0
2350,0.9956381025313764,1.023409870091,1.06346424457725,0,0
2351,0.9956381025313764,1.012653670516,1.06346424457725,0,0
2352,0.9925700914699002,0.99557957766,1.2596803140944801,0,0
2353,0.9925700914699002,1.000877512628,1.2596803140944801,0,0
2354,0.9925700914699002,1.021507140306,1.2596803140944801,0,0
2355,0.9895024888321635,1.055715260599,1.2596803140944801,0,0
2356,0.9895024888321635,1.141020820617,1.2596803140944801,0,0
2357,0.9895024888321635,1.263957616805,1.2596803140944801,1,0
2358,0.9864358391831526,1.381191819642,1.2596803140944801,1,0
2359,0.9864358391831526,1.51546882466,1.2596803140944801,1,0
2360,0.9833700063816211,1.617244155612,1.2596803140944801,1,0
2361,0.9803045139332058,1.686995173138,1.2596803140944801,1,0
2362,0.9772400425441397,1.700006266907,1.2596803140944801,1,0
2363,0.9741765241437993,1.67417828454,1.2596803140944801,1,0
2364,0.9741765241437993,1.643522609382,1.2596803140944801,1,0
2365,0.9741765241437993,1.585436589041,1.2596803140944801,1,0
2366,0.971113278025952,1.486544516109,1.2596803140944801,1,0
2367,0.971113278025952,1.400622360882,1.2596803140944801,1,0
2368,0.9680510529674539,1.324599662532,1.2596803140944801,1,0
2369,0.9680510529674539,1.250002017724,1.2596803140944801,0,0
2370,0.9649894405445651,1.171085391138,1.2596803140944801,0,0
2371,0.9649894405445651,1.134426854759,1.2596803140944801,0,0
2372,0.9619283726866625,1.107180930403,1.2596803140944801,0,0
2373,0.9619283726866625,1.104062565666,1.2596803140944801,0,0
2374,0.9619283726866625,1.048322531184,1.2596803140944801,0,0
2375,0.9619283726866625,1.063673284262,1.2596803140944801,0,0
2376,0.9619283726866625,1.042859927446,1.2596803140944801,0,0
2377,0.958868325888109,1.032982597422,1.2596803140944801,0,0
2378,0.958868325888109,1.057174489702,1.2596803140944801,0,0
2379,0.958868325888109,1.059407311503,1.2596803140944801,0,0
2380,0.958868325888109,1.059437309245,1.2596803140944801,0,0
2381,0.958868325888109,1.080621953514,1.2596803140944801,0,0
2382,0.958868325888109,1.131093098143,1.2596803140944801,0,0
2383,0.9619283726866625,1.170097689728,1.2596803140944801,0,0
2384,0.9619283726866625,1.277304772229,1.2596803140944801,1,0
2385,0.9619283726866625,1.365628413495,1.2596803140944801,1,0
2386,0.9619283726866625,1.454400470213,1.2596803140944801,1,0
2387,0.9619283726866625,1.468903077137,1.2596803140944801,1,0
2388,0.9649894405445651,1.43086915943,1.2596803140944801,1,0
2389,0.9649894405445651,1.369171614668,1.2596803140944801,1,0
2390,0.9649894405445651,1.306855192894,1.06346424457725,1,0
2391,0.9649894405445651,1.270745119488,1.06346424457725,1,0
2392,0.9680510529674539,1.243491483066,1.06346424457725,1,0
2393,0.9680510529674539,1.249267494626,1.2094039708538,1,0
2394,0.9680510529674539,1.268354501114,1.2094039708538,1,0
2395,0.9680510529674539,1.289619083487,1.2094039708538,1,0
2396,0.971113278025952,1.350277697171,1.2094039708538,1,0
2397,0.971113278025952,1.415760307683,1.2094039708538,1,0
2398,0.971113278025952,1.474749427195,1.2094039708538,1,0
2399,0.9741765241437993,1.575441683574,1.2094039708538,1,0
2400,0.9741765241437993,1.663641103079,1.2094039708538,1,0
2401,0.9741765241437993,1.754160023198,1.2094039708538,1,0
2402,0.9772400425441397,1.830267734305,1.2094039708538,1,0
2403,0.9772400425441397,1.911123080308,1.2094039708538,1,0
2404,0.9772400425441397,1.972998257162,1.2094039708538,1,0
2405,0.9772400425441397,2.00929163774,1.2094039708538,1,0
2406,0.9803045139332058,2.045143384022,1.2094039708538,1,0
2407,0.9803045139332058,2.065820793053,1.2094039708538,1,0
2408,0.9833700063816211,2.064298234444,1.2094039708538,1,0
2409,0.9833700063816211,2.050369434108,1.2094039708538,1,0
2410,0.9864358391831526,2.032491800991,1.2094039708538,1,0
2411,0.9864358391831526,2.007194974684,1.2094039708538,1,0
2412,0.9864358391831526,1.966916673638,1.2094039708538,1,0
2413,0.9864358391831526,1.913621682176,1.2094039708538,1,0
2414,0.9864358391831526,1.874566607302,1.2094039708538,1,0
2415,0.9864358391831526,1.815493625739,1.2094039708538,1,0
2416,0.9864358391831526,1.751539741296,1.2094039708538,1,0
2417,0.9864358391831526,1.687781037001,1.2094039708538,1,0
2418,0.9864358391831526,1.624093807315,1.2094039708538,1,0
2419,0.9895024888321635,1.551173934934,1.2094039708538,1,0
2420,0.9895024888321635,1.528371051408,1.2094039708538,1,0
2421,0.9895024888321635,1.514909898218,1.2094039708538,1,0
2422,0.9895024888321635,1.521358194934,1.2094039708538,1,0
2423,0.9925700914699002,1.563833368021,1.2094039708538,1,0
2424,0.9925700914699002,1.625993210907,1.2094039708538,1,0
2425,0.9925700914699002,1.692331145597,1.2094039708538,1,0
2426,0.9925700914699002,1.786519030791,1.2094039708538,1,0
2427,0.9925700914699002,1.823079574581,1.2094039708538,1,0
2428,0.9925700914699002,1.804289609599,1.2094039708538,1,0
2429,0.9925700914699002,1.657987085755,1.2094039708538,1,0
2430,0.9925700914699002,1.510352668916,1.2094039708538,1,0
2431,0.9925700914699002,1.361060924979,1.2094039708538,1,0
2432,0.9956381025313764,1.23013646136,1.2094039708538,1,0
2433,0.9956381025313764,1.136834576668,1.2094039708538,0,0
2434,0.9956381025313764,1.080126967169,1.2094039708538,0,0
2435,0.9956381025313764,1.050353392846,1.2094039708538,0,0
2436,0.9956381025313764,1.031097662909,1.2094039708538,0,0
2437,0.9956381025313764,1.032034042706,1.2094039708538,0,0
2438,0.9956381025313764,1.02607197579,1.2094039708538,0,0
2439,0.9956381025313764,1.021250679808,1.06346424457725,0,0
2440,0.9956381025313764,1.014939748767,1.06346424457725,0,0
2441,0.9956381025313764,1.018529973736,1.06346424457725,0,0
2442,0.9956381025313764,1.020160976665,1.06346424457725,0,0
2443,0.9956381025313764,1.018352890941,1.06346424457725,0,0
2444,0.9956381025313764,1.02514077849,1.06346424457725,0,0
2445,0.9956381025313764,1.032558564122,1.06346424457725,0,0
2446,0.9956381025313764,1.032277666738,1.06346424457725,0,0
2447,0.9956381025313764,1.043170763415,1.06346424457725,0,0
2448,0.9956381025313764,1.021493223096,1.06346424457725,0,0
2449,0.9956381025313764,1.013560181283,1.06346424457725,0,0
2450,0.9956381025313764,0.997055155616,1.2596803140944801,0,0
2451,0.9925700914699002,1.013294479178,1.2596803140944801,0,0
2452,0.9925700914699002,1.032177970389,1.2596803140944801,0,0
2453,0.9925700914699002,1.081901404383,1.2596803140944801,0,0
2454,0.9925700914699002,1.194874833124,1.2596803140944801,0,0
2455,0.9895024888321635,1.344818518281,1.2596803140944801,1,0
2456,0.9895024888321635,1.497351521674,1.2596803140944801,1,0
2457,0.9864358391831526,1.646465931006,1.2596803140944801,1,0
2458,0.9864358391831526,1.779688892062,1.2596803140944801,1,0
2459,0.9833700063816211,1.8819531374,1.2596803140944801,1,0
2460,0.9803045139332058,1.929609104206,1.2596803140944801,1,0
2461,0.9772400425441397,1.938171323394,1.2596803140944801,1,0
2462,0.9741765241437993,1.906670892023,1.2596803140944801,1,0
2463,0.9741765241437993,1.852441306325,1.2596803140944801,1,0
2464,0.971113278025952,1.769538495553,1.2596803140944801,1,0
2465,0.971113278025952,1.655736671035,1.2596803140944801,1,0
2466,0.9680510529674539,1.524089957811,1.2596803140944801,1,0
2467,0.9680510529674539,1.433390293153,1.2596803140944801,1,0
2468,0.9680510529674539,1.329354613083,1.2596803140944801,1,0
2469,0.9649894405445651,1.22854514777,1.2596803140944801,0,0
2470,0.9649894405445651,1.173226577902,1.2596803140944801,0,0
2471,0.9619283726866625,1.123396204946,1.2596803140944801,0,0
2472,0.9619283726866625,1.113385877205,1.2596803140944801,0,0
2473,0.9619283726866625,1.062668147044,1.2596803140944801,0,0
2474,0.9619283726866625,1.068560537812,1.2596803140944801,0,0
2475,0.958868325888109,1.04790561043,1.2596803140944801,0,0
2476,0.958868325888109,1.037714044279,1.2596803140944801,0,0
2477,0.958868325888109,1.062032403274,1.2596803140944801,0,0
2478,0.958868325888109,1.068704695553,1.2596803140944801,0,0
2479,0.958868325888109,1.067928364403,1.2596803140944801,0,0
2480,0.958868325888109,1.094230161233,1.2596803140944801,0,0
2481,0.958868325888109,1.147660661533,1.2596803140944801,0,0
2482,0.9619283726866625,1.206924261328,1.2596803140944801,0,0
2483,0.9619283726866625,1.306322987224,1.2596803140944801,1,0
2484,0.9619283726866625,1.398067314465,1.2596803140944801,1,0
2485,0.9619283726866625,1.474302892798,1.2596803140944801,1,0
2486,0.9619283726866625,1.485614378007,1.2596803140944801,1,0
2487,0.9649894405445651,1.430810402274,1.2596803140944801,1,0
2488,0.9649894405445651,1.359810238635,1.2596803140944801,1,0
2489,0.9649894405445651,1.300115733025,1.06346424457725,1,0
2490,0.9649894405445651,1.261618200951,1.06346424457725,1,0
2491,0.9680510529674539,1.242408382688,1.06346424457725,1,0
2492,0.9680510529674539,1.254038731801,1.2094039708538,1,0
2493,0.9680510529674539,1.263289547725,1.2094039708538,1,0
2494,0.971113278025952,1.330242475695,1.2094039708538,1,0
2495,0.971113278025952,1.377008508462,1.2094039708538,1,0
2496,0.971113278025952,1.469650297107,1.2094039708538,1,0
2497,0.9741765241437993,1.555429821802,1.2094039708538,1,0
2498,0.9741765241437993,1.657773730857,1.2094039708538,1,0
2499,0.9741765241437993,1.743819043653,1.2094039708538,1,0
2500,0.9772400425441397,1.864470089537,1.2094039708538,1,0
2501,0.9772400425441397,1.979604045724,1.2094039708538,1,0
2502,0.9772400425441397,2.080063965234,1.2094039708538,1,0
2503,0.9772400425441397,2.169765697464,1.2094039708538,1,0
2504,0.9803045139332058,2.236968206012,1.2094039708538,1,0
2505,0.9803045139332058,2.302676950698,1.2094039708538,1,0
2506,0.9833700063816211,2.340186687691,1.2094039708538,1,0
2507,0.9833700063816211,2.352111032024,1.2094039708538,1,0
2508,0.9864358391831526,2.345039424434,1.2094039708538,1,0
2509,0.9864358391831526,2.333590578833,1.2094039708538,1,0
2510,0.9864358391831526,2.294590366733,1.2094039708538,1,0
2511,0.9864358391831526,2.230330335841,1.2094039708538,1,0
2512,0.9864358391831526,2.162078406894,1.2094039708538,1,0
2513,0.9864358391831526,2.081416245416,1.2094039708538,1,0
2514,0.9864358391831526,2.008961323876,1.2094039708538,1,0
2515,0.9864358391831526,1.900248121042,1.2094039708538,1,0
2516,0.9864358391831526,1.843039148305,1.2094039708538,1,0
2517,0.9864358391831526,1.715067929275,1.2094039708538,1,0
2518,0.9895024888321635,1.629575919609,1.2094039708538,1,0
2519,0.9895024888321635,1.597642778254,1.2094039708538,1,0
2520,0.9895024888321635,1.569964341916,1.2094039708538,1,0
2521,0.9925700914699002,1.578189278612,1.2094039708538,1,0
2522,0.9925700914699002,1.624379416972,1.2094039708538,1,0
2523,0.9925700914699002,1.683833506588,1.2094039708538,1,0
2524,0.9925700914699002,1.764649282116,1.2094039708538,1,0
2525,0.9925700914699002,1.823631722207,1.2094039708538,1,0
2526,0.9925700914699002,1.827638612742,1.2094039708538,1,0
2527,0.9925700914699002,1.698996087155,1.2094039708538,1,0
2528,0.9925700914699002,1.553216695254,1.2094039708538,1,0
2529,0.9956381025313764,1.404946979997,1.2094039708538,1,0
2530,0.9956381025313764,1.272735601901,1.2094039708538,1,0
2531,0.9956381025313764,1.161604734659,1.2094039708538,0,0
2532,0.9956381025313764,1.093786963158,1.2094039708538,0,0
2533,0.9956381025313764,1.052218762039,1.2094039708538,0,0
2534,0.9956381025313764,1.036175416089,1.2094039708538,0,0
2535,0.9987072027228251,1.022486984959,1.2094039708538,0,0
2536,0.9987072027228251,1.02778782109,1.2094039708538,0,0
2537,0.9987072027228251,1.020842205011,1.06346424457725,0,0
2538,0.9987072027228251,1.015193103002,1.06346424457725,0,0
2539,0.9987072027228251,1.019829324805,1.06346424457725,0,0
2540,0.9987072027228251,1.025425373474,1.06346424457725,0,0
2541,0.9987072027228251,1.026060955401,1.06346424457725,0,0
2542,0.9987072027228251,1.044047256646,1.06346424457725,0,0
2543,0.9987072027228251,1.041020442092,1.06346424457725,0,0
2544,0.9987072027228251,1.047302082687,1.06346424457725,0,0
2545,0.9956381025313764,1.046345309864,1.06346424457725,0,0
2546,0.9956381025313764,1.051587693756,1.06346424457725,0,0
2547,0.9987072027228251,1.079199667302,1.06346424457725,1,0
2548,0.9987072027228251,1.177909137409,1.06346424457725,1,0
2549,0.9956381025313764,1.321569559191,1.2596803140944801,1,0
2550,0.9956381025313764,1.522324394934,1.2596803140944801,1,0
2551,0.9925700914699002,1.714636017088,1.2596803140944801,1,0
2552,0.9925700914699002,1.914636512234,1.2596803140944801,1,0
2553,0.9925700914699002,2.133478682933,1.2596803140944801,1,0
2554,0.9895024888321635,2.312341566504,1.2596803140944801,1,0
2555,0.9895024888321635,2.473330788769,1.2596803140944801,1,0
2556,0.9864358391831526,2.578811488966,1.2596803140944801,1,0
2557,0.9833700063816211,2.641605911999,1.2596803140944801,1,0
2558,0.9833700063816211,2.630011230752,1.2596803140944801,1,0
2559,0.9772400425441397,2.579409762426,1.2596803140944801,1,0
2560,0.9772400425441397,2.468573421729,1.2596803140944801,1,0
2561,0.9741765241437993,2.329539085526,1.2596803140944801,1,0
2562,0.971113278025952,2.139209252775,1.2596803140944801,1,0
2563,0.971113278025952,1.969017311746,1.2596803140944801,1,0
2564,0.9680510529674539,1.736575060376,1.2596803140944801,1,0
2565,0.9680510529674539,1.566342948849,1.2596803140944801,1,0
2566,0.9680510529674539,1.433483215127,1.2596803140944801,1,0
2567,0.9649894405445651,1.263366291437,1.2596803140944801,1,0
2568,0.9649894405445651,1.201139699384,1.2596803140944801,0,0
2569,0.9619283726866625,1.115154430263,1.2596803140944801,0,0
2570,0.9619283726866625,1.112157598571,1.2596803140944801,0,0
2571,0.9619283726866625,1.047616108315,1.2596803140944801,0,0
2572,0.958868325888109,1.065280491838,1.2596803140944801,0,0
2573,0.958868325888109,1.038116064838,1.2596803140944801,0,0
2574,0.958868325888109,1.040971713595,1.2596803140944801,0,0
2575,0.958868325888109,1.056646746099,1.2596803140944801,0,0
2576,0.958868325888109,1.051154674925,1.2596803140944801,0,0
2577,0.958868325888109,1.049822114106,1.2596803140944801,0,0
2578,0.958868325888109,1.087780964845,1.2596803140944801,0,0
2579,0.958868325888109,1.109814922648,1.2596803140944801,0,0
2580,0.958868325888109,1.155218883816,1.2596803140944801,0,0
2581,0.958868325888109,1.246378453373,1.2596803140944801,0,0
2582,0.958868325888109,1.372486007119,1.2596803140944801,1,0
2583,0.9619283726866625,1.480574363677,1.2596803140944801,1,0
2584,0.9619283726866625,1.530511746297,1.2596803140944801,1,0
2585,0.9619283726866625,1.530144071748,1.2596803140944801,1,0
2586,0.9649894405445651,1.467013483745,1.2596803140944801,1,0
2587,0.9649894405445651,1.412170591385,1.2596803140944801,1,0
2588,0.9649894405445651,1.368845505485,1.06346424457725,1,0
2589,0.9680510529674539,1.359733306918,1.06346424457725,1,0
2590,0.9680510529674539,1.386636201646,1.2094039708538,1,0
2591,0.9680510529674539,1.414807304113,1.2094039708538,1,0
2592,0.9680510529674539,1.496634162186,1.2094039708538,1,0
2593,0.9680510529674539,1.559310953058,1.2094039708538,1,0
2594,0.971113278025952,1.686309584121,1.2094039708538,1,0
2595,0.971113278025952,1.807503038171,1.2094039708538,1,0
2596,0.971113278025952,1.935220507975,1.2094039708538,1,0
2597,0.9741765241437993,2.030250685334,1.2094039708538,1,0
2598,0.9741765241437993,2.120372264602,1.2094039708538,1,0
2599,0.9772400425441397,2.239237866407,1.2094039708538,1,0
2600,0.9772400425441397,2.317467513416,1.2094039708538,1,0
2601,0.9772400425441397,2.393535185463,1.2094039708538,1,0
2602,0.9803045139332058,2.439720139273,1.2094039708538,1,0
2603,0.9803045139332058,2.466087926658,1.2094039708538,1,0
2604,0.9803045139332058,2.484078878373,1.2094039708538,1,0
2605,0.9833700063816211,2.458452676832,1.2094039708538,1,0
2606,0.9833700063816211,2.411334938919,1.2094039708538,1,0
2607,0.9864358391831526,2.354216750972,1.2094039708538,1,0
2608,0.9864358391831526,2.295889019808,1.2094039708538,1,0
2609,0.9864358391831526,2.214570016862,1.2094039708538,1,0
2610,0.9864358391831526,2.111044066988,1.2094039708538,1,0
2611,0.9833700063816211,1.990197430508,1.2094039708538,1,0
2612,0.9864358391831526,1.898421110902,1.2094039708538,1,0
2613,0.9864358391831526,1.775756275518,1.2094039708538,1,0
2614,0.9864358391831526,1.69922565645,1.2094039708538,1,0
2615,0.9864358391831526,1.570488835085,1.2094039708538,1,0
2616,0.9864358391831526,1.515524207731,1.2094039708538,1,0
2617,0.9895024888321635,1.448992488019,1.2094039708538,1,0
2618,0.9895024888321635,1.425591141263,1.2094039708538,1,0
2619,0.9895024888321635,1.423406949617,1.2094039708538,1,0
2620,0.9925700914699002,1.460283931582,1.2094039708538,1,0
2621,0.9925700914699002,1.510405718005,1.2094039708538,1,0
2622,0.9925700914699002,1.588052322499,1.2094039708538,1,0
2623,0.9925700914699002,1.697369174848,1.2094039708538,1,0
2624,0.9925700914699002,1.790898602149,1.2094039708538,1,0
2625,0.9925700914699002,1.770082205551,1.2094039708538,1,0
2626,0.9925700914699002,1.668247875301,1.2094039708538,1,0
2627,0.9925700914699002,1.508331109406,1.2094039708538,1,0
2628,0.9925700914699002,1.355993169197,1.2094039708538,1,0
2629,0.9956381025313764,1.211057612838,1.2094039708538,1,0
2630,0.9956381025313764,1.113980194806,1.2094039708538,0,0
2631,0.9956381025313764,1.072843667296,1.2094039708538,0,0
2632,0.9956381025313764,1.062513042304,1.2094039708538,0,0
2633,0.9987072027228251,1.043846775068,1.2094039708538,0,0
2634,0.9987072027228251,1.026431180766,1.2094039708538,0,0
2635,0.9987072027228251,1.01807009075,1.2094039708538,0,0
2636,0.9987072027228251,1.022073610452,1.06346424457725,0,0
2637,0.9987072027228251,1.01590585321,1.06346424457725,0,0
2638,0.9987072027228251,1.019560117558,1.06346424457725,0,0
2639,0.9987072027228251,1.021466804293,1.06346424457725,0,0
2640,0.9987072027228251,1.024417309532,1.06346424457725,0,0
2641,0.9987072027228251,1.032437810379,1.06346424457725,0,0
2642,0.9987072027228251,1.038016505281,1.06346424457725,0,0
2643,0.9987072027228251,1.050338481826,1.06346424457725,0,0
2644,0.9987072027228251,1.046815325942,1.06346424457725,0,0
2645,0.9987072027228251,1.067667272357,1.06346424457725,1,0
2646,0.9987072027228251,1.125975090758,1.06346424457725,1,0
2647,0.9987072027228251,1.25256801217,1.06346424457725,1,0
2648,0.9956381025313764,1.424632556721,1.2596803140944801,1,0
2649,0.9956381025313764,1.641552246861,1.2596803140944801,1,0
2650,0.9956381025313764,1.870722675719,1.2596803140944801,1,0
2651,0.9925700914699002,2.090252971883,1.2596803140944801,1,0
2652,0.9925700914699002,2.322340756136,1.2596803140944801,1,0
2653,0.9895024888321635,2.494856151522,1.2596803140944801,1,0
2654,0.9895024888321635,2.657152405911,1.2596803140944801,1,0
2655,0.9864358391831526,2.785136219088,1.2596803140944801,1,0
2656,0.9833700063816211,2.846721594404,1.2596803140944801,1,0
2657,0.9803045139332058,2.829755684787,1.2596803140944801,1,0
2658,0.9772400425441397,2.743685498899,1.2596803140944801,1,0
2659,0.9741765241437993,2.595631876565,1.2596803140944801,1,0
2660,0.9741765241437993,2.425213734917,1.2596803140944801,1,0
2661,0.971113278025952,2.200657075256,1.2596803140944801,1,0
2662,0.971113278025952,1.981387099386,1.2596803140944801,1,0
2663,0.9663063348223784,1.722566161542,1.2596803140944801,1,0
2664,0.9680510529674539,1.522934054889,1.2596803140944801,1,0
2665,0.9680510529674539,1.372465443632,1.2596803140944801,1,0
2666,0.9649894405445651,1.197767928673,1.2596803140944801,0,0
2667,0.9649894405445651,1.136816775336,1.2596803140944801,0,0
2668,0.9619283726866625,1.100093195491,1.2596803140944801,0,0
2669,0.9619283726866625,1.05738253955,1.2596803140944801,0,0
2670,0.9619283726866625,1.051696435637,1.2596803140944801,0,0
2671,0.9619283726866625,1.042298461237,1.2596803140944801,0,0
2672,0.9619283726866625,1.029714002766,1.2596803140944801,0,0
2673,0.958868325888109,1.046486672272,1.2596803140944801,0,0
2674,0.958868325888109,1.049298486291,1.2596803140944801,0,0
2675,0.958868325888109,1.043383538098,1.2596803140944801,0,0
2676,0.958868325888109,1.048899961502,1.2596803140944801,0,0
2677,0.958868325888109,1.092341150489,1.2596803140944801,0,0
2678,0.958868325888109,1.109539812609,1.2596803140944801,0,0
2679,0.958868325888109,1.145817823342,1.2596803140944801,0,0
2680,0.9619283726866625,1.238748996866,1.2596803140944801,0,0
2681,0.9619283726866625,1.353043740165,1.2596803140944801,1,0
2682,0.9619283726866625,1.466385463652,1.2596803140944801,1,0
2683,0.9619283726866625,1.545103187895,1.2596803140944801,1,0
2684,0.9649894405445651,1.573677468389,1.2596803140944801,1,0
2685,0.9649894405445651,1.533395782554,1.2596803140944801,1,0
2686,0.9649894405445651,1.494142984512,1.2596803140944801,1,0
2687,0.9649894405445651,1.474978051992,1.06346424457725,1,0
2688,0.9680510529674539,1.505740372393,1.06346424457725,1,0
2689,0.9680510529674539,1.542856487715,1.2094039708538,1,0
2690,0.9680510529674539,1.653734380806,1.2094039708538,1,0
2691,0.9680510529674539,1.720351967437,1.2094039708538,1,0
2692,0.971113278025952,1.881048997703,1.2094039708538,1,0
2693,0.971113278025952,1.997607920156,1.2094039708538,1,0
2694,0.971113278025952,2.100822664252,1.2094039708538,1,0
2695,0.9741765241437993,2.243236281956,1.2094039708538,1,0
2696,0.9741765241437993,2.379257401028,1.2094039708538,1,0
2697,0.9741765241437993,2.470016079366,1.2094039708538,1,0
2698,0.9772400425441397,2.59366770478,1.2094039708538,1,0
2699,0.9772400425441397,2.64881765169,1.2094039708538,1,0
2700,0.9772400425441397,2.707404669171,1.2094039708538,1,0
2701,0.9803045139332058,2.739741425139,1.2094039708538,1,0
2702,0.9803045139332058,2.730821523886,1.2094039708538,1,0
2703,0.9833700063816211,2.730425680526,1.2094039708538,1,0
2704,0.9833700063816211,2.671299997188,1.2094039708538,1,0
2705,0.9864358391831526,2.607639830143,1.2094039708538,1,0
2706,0.9864358391831526,2.523539375414,1.2094039708538,1,0
2707,0.9864358391831526,2.432171609074,1.2094039708538,1,0
2708,0.9864358391831526,2.319634347843,1.2094039708538,1,0
2709,0.9833700063816211,2.172010974763,1.2094039708538,1,0
2710,0.9864358391831526,2.05293665062,1.2094039708538,1,0
2711,0.9864358391831526,1.961003103042,1.2094039708538,1,0
2712,0.9864358391831526,1.8366057429,1.2094039708538,1,0
2713,0.9864358391831526,1.763922618944,1.2094039708538,1,0
2714,0.9864358391831526,1.642470805569,1.2094039708538,1,0
2715,0.9864358391831526,1.55547823075,1.2094039708538,1,0
2716,0.9895024888321635,1.526630360892,1.2094039708538,1,0
2717,0.9895024888321635,1.500247237147,1.2094039708538,1,0
2718,0.9895024888321635,1.506833671881,1.2094039708538,1,0
2719,0.9925700914699002,1.552273731288,1.2094039708538,1,0
2720,0.9925700914699002,1.608576378269,1.2094039708538,1,0
2721,0.9925700914699002,1.686528287481,1.2094039708538,1,0
2722,0.9925700914699002,1.792892617298,1.2094039708538,1,0
2723,0.9925700914699002,1.825114133152,1.2094039708538,1,0
2724,0.9925700914699002,1.745107409599,1.2094039708538,1,0
2725,0.9925700914699002,1.60163037938,1.2094039708538,1,0
2726,0.9925700914699002,1.43984877143,1.2094039708538,1,0
2727,0.9925700914699002,1.305713838111,1.2094039708538,1,0
2728,0.9925700914699002,1.181172629478,1.2094039708538,0,0
2729,0.9956381025313764,1.111361291862,1.2094039708538,0,0
2730,0.9956381025313764,1.07778708179,1.2094039708538,0,0
2731,0.9956381025313764,1.0533451051,1.2094039708538,0,0
2732,0.9987072027228251,1.032646065988,1.2094039708538,0,0
2733,0.9987072027228251,1.021020263489,1.2094039708538,0,0
2734,0.9987072027228251,1.023159347104,1.06346424457725,0,0
2735,0.9987072027228251,1.020424625513,1.06346424457725,0,0
2736,0.9987072027228251,1.014939748767,1.06346424457725,0,0
2737,0.9987072027228251,1.01902909659,1.06346424457725,0,0
2738,0.9987072027228251,1.022601912011,1.06346424457725,0,0
2739,0.9987072027228251,1.024131126348,1.06346424457725,0,0
2740,0.9987072027228251,1.036634680178,1.06346424457725,0,0
2741,0.9987072027228251,1.03570902047,1.06346424457725,0,0
2742,0.9956381025313764,1.052397455295,1.06346424457725,0,0
2743,0.9987072027228251,1.041356886807,1.06346424457725,0,0
2744,0.9987072027228251,1.057445049429,1.06346424457725,0,0
2745,0.9987072027228251,1.130020637401,1.06346424457725,1,0
2746,0.9956381025313764,1.272460314147,1.06346424457725,1,0
2747,0.9956381025313764,1.442459324192,1.2596803140944801,1,0
2748,0.9956381025313764,1.668329873742,1.2596803140944801,1,0
2749,0.9925700914699002,1.880078968617,1.2596803140944801,1,0
2750,0.9925700914699002,2.113970708654,1.2596803140944801,1,0
2751,0.9895024888321635,2.316776071175,1.2596803140944801,1,0
2752,0.9895024888321635,2.482541451433,1.2596803140944801,1,0
2753,0.9864358391831526,2.616929277619,1.2596803140944801,1,0
2754,0.9833700063816211,2.691486957822,1.2596803140944801,1,0
2755,0.9803045139332058,2.694003096695,1.2596803140944801,1,0
2756,0.9772400425441397,2.609530015478,1.2596803140944801,1,0
2757,0.9741765241437993,2.468712520984,1.2596803140944801,1,0
2758,0.9741765241437993,2.308697416193,1.2596803140944801,1,0
2759,0.971113278025952,2.093144612314,1.2596803140944801,1,0
2760,0.971113278025952,1.893477806563,1.2596803140944801,1,0
2761,0.9680510529674539,1.662896632604,1.2596803140944801,1,0
2762,0.9680510529674539,1.462877856886,1.2596803140944801,1,0
2763,0.9680510529674539,1.320734740814,1.2596803140944801,1,0
2764,0.9649894405445651,1.175530496038,1.2596803140944801,0,0
2765,0.9649894405445651,1.117029668566,1.2596803140944801,0,0
2766,0.9619283726866625,1.09122353675,1.2596803140944801,0,0
2767,0.9619283726866625,1.045218012277,1.2596803140944801,0,0
2768,0.9619283726866625,1.044919785723,1.2596803140944801,0,0
2769,0.958868325888109,1.035837492341,1.2596803140944801,0,0
2770,0.958868325888109,1.027709980301,1.2596803140944801,0,0
2771,0.958868325888109,1.048347351207,1.2596803140944801,0,0
2772,0.958868325888109,1.034929936119,1.2596803140944801,0,0
2773,0.958868325888109,1.035429588612,1.2596803140944801,0,0
2774,0.958868325888109,1.076311717398,1.2596803140944801,0,0
2775,0.958868325888109,1.080409077668,1.2596803140944801,0,0
2776,0.958868325888109,1.09447376494,1.2596803140944801,0,0
2777,0.958868325888109,1.113821849626,1.2596803140944801,0,0
2778,0.9619283726866625,1.175183840224,1.2596803140944801,0,0
2779,0.9619283726866625,1.314414598759,1.2596803140944801,1,0
2780,0.9619283726866625,1.436554106438,1.2596803140944801,1,0
2781,0.9619283726866625,1.506721808538,1.2596803140944801,1,0
2782,0.9619283726866625,1.496438988492,1.2596803140944801,1,0
2783,0.9649894405445651,1.459699311582,1.2596803140944801,1,0
2784,0.9649894405445651,1.419692054205,1.2596803140944801,1,0
2785,0.9649894405445651,1.374464762953,1.06346424457725,1,0
2786,0.9680510529674539,1.382652399109,1.06346424457725,1,0
2787,0.9680510529674539,1.412847940085,1.2094039708538,1,0
2788,0.9680510529674539,1.484279461927,1.2094039708538,1,0
2789,0.9680510529674539,1.561991781342,1.2094039708538,1,0
2790,0.971113278025952,1.713308632531,1.2094039708538,1,0
2791,0.971113278025952,1.814688020071,1.2094039708538,1,0
2792,0.971113278025952,1.964054636138,1.2094039708538,1,0
2793,0.9741765241437993,2.114355534099,1.2094039708538,1,0
2794,0.9741765241437993,2.2599678322,1.2094039708538,1,0
2795,0.9741765241437993,2.358320968015,1.2094039708538,1,0
2796,0.9772400425441397,2.480683302517,1.2094039708538,1,0
2797,0.9772400425441397,2.561771270116,1.2094039708538,1,0
2798,0.9772400425441397,2.630900290026,1.2094039708538,1,0
2799,0.9803045139332058,2.676741978943,1.2094039708538,1,0
2800,0.9803045139332058,2.68401680972,1.2094039708538,1,0
2801,0.9803045139332058,2.677241692955,1.2094039708538,1,0
2802,0.9833700063816211,2.623176156311,1.2094039708538,1,0
2803,0.9833700063816211,2.546320508897,1.2094039708538,1,0
2804,0.9864358391831526,2.456370330669,1.2094039708538,1,0
2805,0.9864358391831526,2.368636833571,1.2094039708538,1,0
2806,0.9864358391831526,2.255824513264,1.2094039708538,1,0
2807,0.9864358391831526,2.126467161881,1.2094039708538,1,0
2808,0.9864358391831526,2.002326793243,1.2094039708538,1,0
2809,0.9864358391831526,1.906100684341,1.2094039708538,1,0
2810,0.9864358391831526,1.785354494187,1.2094039708538,1,0
2811,0.9864358391831526,1.71618494116,1.2094039708538,1,0
2812,0.9864358391831526,1.594471860641,1.2094039708538,1,0
2813,0.9864358391831526,1.5089274412,1.2094039708538,1,0
2814,0.9895024888321635,1.477195021734,1.2094039708538,1,0
2815,0.9895024888321635,1.453928059614,1.2094039708538,1,0
2816,0.9895024888321635,1.458115724717,1.2094039708538,1,0
2817,0.9925700914699002,1.505003364198,1.2094039708538,1,0
2818,0.9925700914699002,1.559915876018,1.2094039708538,1,0
2819,0.9925700914699002,1.64701543783,1.2094039708538,1,0
2820,0.9925700914699002,1.756890083793,1.2094039708538,1,0
2821,0.9925700914699002,1.801839960421,1.2094039708538,1,0
2822,0.9925700914699002,1.750495821049,1.2094039708538,1,0
2823,0.9925700914699002,1.614355252662,1.2094039708538,1,0
2824,0.9925700914699002,1.452592757021,1.2094039708538,1,0
2825,0.9925700914699002,1.302093532159,1.2094039708538,1,0
2826,0.9925700914699002,1.169375115963,1.2094039708538,0,0
2827,0.9956381025313764,1.095937737189,1.2094039708538,0,0
2828,0.9956381025313764,1.069625190626,1.2094039708538,0,0
2829,0.9956381025313764,1.055044610553,1.2094039708538,0,0
2830,0.9956381025313764,1.033823117201,1.2094039708538,0,0
2831,0.9987072027228251,1.019920530653,1.2094039708538,0,0
2832,0.9987072027228251,1.020173489514,1.2094039708538,0,0
2833,0.9987072027228251,1.022092499187,1.06346424457725,0,0
2834,0.9987072027228251,1.015024085206,1.06346424457725,0,0
2835,0.9987072027228251,1.018154878949,1.06346424457725,0,0
2836,0.9987072027228251,1.026737081974,1.06346424457725,0,0
2837,0.9987072027228251,1.025327093226,1.06346424457725,0,0
2838,0.9956381025313764,1.034837905643,1.06346424457725,0,0
2839,0.9956381025313764,1.032931511785,1.06346424457725,0,0
2840,0.9956381025313764,1.042513520692,1.06346424457725,0,0
2841,0.9956381025313764,1.037431807955,1.06346424457725,0,0
2842,0.9987072027228251,1.029552614438,1.06346424457725,0,0
2843,0.9956381025313764,1.028305882212,1.06346424457725,0,0
2844,0.9956381025313764,1.087604872746,1.06346424457725,1,0
2845,0.9925700914699002,1.175467518965,1.2596803140944801,0,0
2846,0.9925700914699002,1.299161670771,1.2596803140944801,1,0
2847,0.9925700914699002,1.466320691885,1.2596803140944801,1,0
2848,0.9895024888321635,1.621043309016,1.2596803140944801,1,0
2849,0.9895024888321635,1.787733732863,1.2596803140944801,1,0
2850,0.9864358391831526,1.900066051375,1.2596803140944801,1,0
2851,0.9833700063816211,1.978561124895,1.2596803140944801,1,0
2852,0.9833700063816211,2.027438742103,1.2596803140944801,1,0
2853,0.9772400425441397,2.008356487651,1.2596803140944801,1,0
2854,0.9772400425441397,1.939474038946,1.2596803140944801,1,0
2855,0.9741765241437993,1.8439618535,1.2596803140944801,1,0
2856,0.9741765241437993,1.731040788936,1.2596803140944801,1,0
2857,0.971113278025952,1.601200568532,1.2596803140944801,1,0
2858,0.971113278025952,1.44211812703,1.2596803140944801,1,0
2859,0.9680510529674539,1.316063659221,1.2596803140944801,1,0
2860,0.9680510529674539,1.229294786437,1.2596803140944801,0,0
2861,0.9649894405445651,1.140457625107,1.2596803140944801,0,0
2862,0.9649894405445651,1.132483473718,1.2596803140944801,0,0
2863,0.9649894405445651,1.081334456673,1.2596803140944801,0,0
2864,0.9619283726866625,1.083586155476,1.2596803140944801,0,0
2865,0.9619283726866625,1.040543629182,1.2596803140944801,0,0
2866,0.9619283726866625,1.055627117953,1.2596803140944801,0,0
2867,0.957132252712189,1.031766676082,1.2596803140944801,0,0
2868,0.958868325888109,1.032975059162,1.2596803140944801,0,0
2869,0.958868325888109,1.042436508279,1.2596803140944801,0,0
2870,0.958868325888109,1.034458242015,1.2596803140944801,0,0
2871,0.958868325888109,1.037410578538,1.2596803140944801,0,0
2872,0.958868325888109,1.076275169068,1.2596803140944801,0,0
2873,0.958868325888109,1.092667824658,1.2596803140944801,0,0
2874,0.958868325888109,1.110981377127,1.2596803140944801,0,0
2875,0.958868325888109,1.151588485018,1.2596803140944801,0,0
2876,0.9619283726866625,1.250645865592,1.2596803140944801,0,0
2877,0.9619283726866625,1.389349308341,1.2596803140944801,1,0
2878,0.9619283726866625,1.468656983397,1.2596803140944801,1,0
2879,0.9619283726866625,1.490608780663,1.2596803140944801,1,0
2880,0.9649894405445651,1.427240227016,1.2596803140944801,1,0
2881,0.9649894405445651,1.373227406937,1.2596803140944801,1,0
2882,0.9649894405445651,1.329661660527,1.06346424457725,1,0
2883,0.9680510529674539,1.297737990827,1.06346424457725,1,0
2884,0.9680510529674539,1.306832398832,1.2094039708538,1,0
2885,0.9680510529674539,1.342066364277,1.2094039708538,1,0
2886,0.9680510529674539,1.402737091356,1.2094039708538,1,0
2887,0.9680510529674539,1.472622070897,1.2094039708538,1,0
2888,0.971113278025952,1.581763594439,1.2094039708538,1,0
2889,0.971113278025952,1.668429061647,1.2094039708538,1,0
2890,0.971113278025952,1.786455636897,1.2094039708538,1,0
2891,0.9741765241437993,1.905598602925,1.2094039708538,1,0
2892,0.9741765241437993,2.017364240126,1.2094039708538,1,0
2893,0.9772400425441397,2.098987537184,1.2094039708538,1,0
2894,0.9772400425441397,2.218703231632,1.2094039708538,1,0
2895,0.9772400425441397,2.274929827049,1.2094039708538,1,0
2896,0.9772400425441397,2.321707016349,1.2094039708538,1,0
2897,0.9803045139332058,2.342139749637,1.2094039708538,1,0
2898,0.9803045139332058,2.364008226444,1.2094039708538,1,0
2899,0.9833700063816211,2.352318650584,1.2094039708538,1,0
2900,0.9833700063816211,2.326620786852,1.2094039708538,1,0
2901,0.9864358391831526,2.285715957626,1.2094039708538,1,0
2902,0.9864358391831526,2.260558826229,1.2094039708538,1,0
2903,0.9864358391831526,2.19325109883,1.2094039708538,1,0
2904,0.9864358391831526,2.11480630952,1.2094039708538,1,0
2905,0.9864358391831526,2.024529551092,1.2094039708538,1,0
2906,0.9864358391831526,1.947962756324,1.2094039708538,1,0
2907,0.9864358391831526,1.853404643082,1.2094039708538,1,0
2908,0.9864358391831526,1.77086891392,1.2094039708538,1,0
2909,0.9864358391831526,1.663284744437,1.2094039708538,1,0
2910,0.9895024888321635,1.619386944447,1.2094039708538,1,0
2911,0.9895024888321635,1.543059021548,1.2094039708538,1,0
2912,0.9895024888321635,1.523318515316,1.2094039708538,1,0
2913,0.9895024888321635,1.504730531609,1.2094039708538,1,0
2914,0.9925700914699002,1.529800876198,1.2094039708538,1,0
2915,0.9925700914699002,1.582356622375,1.2094039708538,1,0
2916,0.9925700914699002,1.644680381895,1.2094039708538,1,0
2917,0.9925700914699002,1.732790500825,1.2094039708538,1,0
2918,0.9925700914699002,1.813586113591,1.2094039708538,1,0
2919,0.9925700914699002,1.824899741722,1.2094039708538,1,0
2920,0.9925700914699002,1.700436909389,1.2094039708538,1,0
2921,0.9925700914699002,1.545750601937,1.2094039708538,1,0
2922,0.9925700914699002,1.377549171209,1.2094039708538,1,0
2923,0.9925700914699002,1.236544055137,1.2094039708538,1,0
2924,0.9925700914699002,1.129348894082,1.2094039708538,0,0
2925,0.9956381025313764,1.08994231324,1.2094039708538,0,0
2926,0.9956381025313764,1.06314933104,1.2094039708538,0,0
2927,0.9956381025313764,1.034531072685,1.2094039708538,0,0
2928,0.9956381025313764,1.025199127704,1.2094039708538,0,0
2929,0.9956381025313764,1.016627643683,1.2094039708538,0,0
2930,0.9956381025313764,1.016974566371,1.06346424457725,0,0
2931,0.9987072027228251,1.019596756408,1.06346424457725,0,0
2932,0.9987072027228251,1.014939748767,1.06346424457725,0,0
2933,0.9956381025313764,1.01800773994,1.06346424457725,0,0
2934,0.9987072027228251,1.022134642544,1.06346424457725,0,0
2935,0.9956381025313764,1.020593763042,1.06346424457725,0,0
2936,0.9956381025313764,1.027771643227,1.06346424457725,0,0
2937,0.9956381025313764,1.028966701352,1.06346424457725,0,0
2938,0.9956381025313764,1.03205852481,1.06346424457725,0,0
2939,0.9956381025313764,1.0297627794,1.06346424457725,0,0
2940,0.9956381025313764,1.012786288465,1.06346424457725,0,0
2941,0.9969336226334824,1.003705369759,1.2596803140944801,0,0
2942,0.9956381025313764,1.019790079765,1.2596803140944801,0,0
2943,0.9925700914699002,1.059044695063,1.2596803140944801,0,0
2944,0.9925700914699002,1.134974439838,1.2596803140944801,0,0
2945,0.9895024888321635,1.260672872483,1.2596803140944801,1,0
2946,0.9895024888321635,1.429524265576,1.2596803140944801,1,0
2947,0.9864358391831526,1.575246962114,1.2596803140944801,1,0
2948,0.9864358391831526,1.714600749557,1.2596803140944801,1,0
2949,0.9833700063816211,1.829910433019,1.2596803140944801,1,0
2950,0.9833700063816211,1.909145726132,1.2596803140944801,1,0
2951,0.9772400425441397,1.946513168415,1.2596803140944801,1,0
2952,0.9772400425441397,1.916725473588,1.2596803140944801,1,0
2953,0.9741765241437993,1.869906704878,1.2596803140944801,1,0
2954,0.9741765241437993,1.803059721178,1.2596803140944801,1,0
2955,0.971113278025952,1.69766242544,1.2596803140944801,1,0
2956,0.971113278025952,1.556415946555,1.2596803140944801,1,0
2957,0.9680510529674539,1.432830044681,1.2596803140944801,1,0
2958,0.9680510529674539,1.340469047416,1.2596803140944801,1,0
2959,0.9649894405445651,1.216506542612,1.2596803140944801,0,0
2960,0.9649894405445651,1.183125205732,1.2596803140944801,0,0
2961,0.9649894405445651,1.11901324203,1.2596803140944801,0,0
2962,0.9619283726866625,1.107146535034,1.2596803140944801,0,0
2963,0.9619283726866625,1.053847920645,1.2596803140944801,0,0
2964,0.9619283726866625,1.056930621839,1.2596803140944801,0,0
2965,0.958868325888109,1.043948285713,1.2596803140944801,0,0
2966,0.958868325888109,1.029502469469,1.2596803140944801,0,0
2967,0.958868325888109,1.052824313132,1.2596803140944801,0,0
2968,0.958868325888109,1.053089836788,1.2596803140944801,0,0
2969,0.958868325888109,1.046180586799,1.2596803140944801,0,0
2970,0.958868325888109,1.06694356916,1.2596803140944801,0,0
2971,0.958868325888109,1.105452966208,1.2596803140944801,0,0
2972,0.958868325888109,1.144024716603,1.2596803140944801,0,0
2973,0.958868325888109,1.198617605823,1.2596803140944801,0,0
2974,0.958868325888109,1.299652893879,1.2596803140944801,1,0
2975,0.9619283726866625,1.411224685402,1.2596803140944801,1,0
2976,0.9619283726866625,1.492542807448,1.2596803140944801,1,0
2977,0.9619283726866625,1.466922663947,1.2596803140944801,1,0
2978,0.9619283726866625,1.384498581102,1.2596803140944801,1,0
2979,0.9649894405445651,1.299233417023,1.06346424457725,1,0
2980,0.9649894405445651,1.248999413862,1.06346424457725,1,0
2981,0.9649894405445651,1.219428348292,1.06346424457725,1,0
2982,0.9680510529674539,1.20439295277,1.2094039708538,0,0
2983,0.9680510529674539,1.217007546011,1.2094039708538,1,0
2984,0.9680510529674539,1.229393303078,1.2094039708538,1,0
2985,0.9680510529674539,1.290328075709,1.2094039708538,1,0
2986,0.971113278025952,1.338251804766,1.2094039708538,1,0
2987,0.971113278025952,1.434808738178,1.2094039708538,1,0
2988,0.9741765241437993,1.508054399519,1.2094039708538,1,0
2989,0.9741765241437993,1.599936022566,1.2094039708538,1,0
2990,0.9741765241437993,1.70645856919,1.2094039708538,1,0
2991,0.9741765241437993,1.779675725379,1.2094039708538,1,0
2992,0.9772400425441397,1.871259836042,1.2094039708538,1,0
2993,0.9772400425441397,1.950519787909,1.2094039708538,1,0
2994,0.9772400425441397,2.00859406933,1.2094039708538,1,0
2995,0.9803045139332058,2.043855782043,1.2094039708538,1,0
2996,0.9803045139332058,2.072956158445,1.2094039708538,1,0
2997,0.9833700063816211,2.104161250485,1.2094039708538,1,0
2998,0.9833700063816211,2.098438219119,1.2094039708538,1,0
2999,0.9864358391831526,2.097507571175,1.2094039708538,1,0
3000,0.9864358391831526,2.087272680223,1.2094039708538,1,0
3001,0.9864358391831526,2.052457875748,1.2094039708538,1,0
3002,0.9864358391831526,2.004529045118,1.2094039708538,1,0
3003,0.9864358391831526,1.941358578241,1.2094039708538,1,0
3004,0.9864358391831526,1.881634218261,1.2094039708538,1,0
3005,0.9864358391831526,1.792322482087,1.2094039708538,1,0
3006,0.9864358391831526,1.730309071495,1.2094039708538,1,0
3007,0.9864358391831526,1.644474304443,1.2094039708538,1,0
3008,0.9895024888321635,1.608606699684,1.2094039708538,1,0
3009,0.9895024888321635,1.543347471006,1.2094039708538,1,0
3010,0.9895024888321635,1.522637773427,1.2094039708538,1,0
3011,0.9895024888321635,1.509332669872,1.2094039708538,1,0
3012,0.9925700914699002,1.524038822851,1.2094039708538,1,0
3013,0.9925700914699002,1.57432935121,1.2094039708538,1,0
3014,0.9925700914699002,1.635175932597,1.2094039708538,1,0
3015,0.9925700914699002,1.714427035053,1.2094039708538,1,0
3016,0.9925700914699002,1.80036805161,1.2094039708538,1,0
3017,0.9925700914699002,1.840957731595,1.2094039708538,1,0
3018,0.9925700914699002,1.734268624282,1.2094039708538,1,0
3019,0.9925700914699002,1.571681823114,1.2094039708538,1,0
3020,0.9956381025313764,1.408300579283,1.2094039708538,1,0
3021,0.9956381025313764,1.267956533101,1.2094039708538,1,0
3022,0.9956381025313764,1.155499513716,1.2094039708538,0,0
3023,0.9956381025313764,1.101930050023,1.2094039708538,0,0
3024,0.9956381025313764,1.063609306249,1.2094039708538,0,0
3025,0.9956381025313764,1.038317181772,1.2094039708538,0,0
3026,0.9987072027228251,1.025780920828,1.2094039708538,0,0
3027,0.9987072027228251,1.019110314093,1.2094039708538,0,0
3028,0.9987072027228251,1.022487378785,1.06346424457725,0,0
3029,0.9987072027228251,1.018502011994,1.06346424457725,0,0
3030,0.9987072027228251,1.01569491013,1.06346424457725,0,0
3031,0.9987072027228251,1.019264604331,1.06346424457725,0,0
3032,0.9987072027228251,1.01799551607,1.06346424457725,0,0
3033,0.9987072027228251,1.026252029814,1.06346424457725,0,0
3034,0.9987072027228251,1.03621400752,1.06346424457725,0,0
3035,0.9987072027228251,1.031141669914,1.06346424457725,0,0
3036,0.9956381025313764,1.047858456562,1.06346424457725,0,0
3037,0.9956381025313764,1.031628809763,1.06346424457725,0,0
3038,0.9956381025313764,1.037771969712,1.06346424457725,0,0
3039,0.9956381025313764,1.070818037172,1.2596803140944801,0,0
3040,0.9956381025313764,1.172195691336,1.2596803140944801,0,0
3041,0.9956381025313764,1.297407821984,1.2596803140944801,1,0
3042,0.9925700914699002,1.48122462631,1.2596803140944801,1,0
3043,0.9925700914699002,1.661146740244,1.2596803140944801,1,0
3044,0.9895024888321635,1.841182438412,1.2596803140944801,1,0
3045,0.9895024888321635,2.006921147776,1.2596803140944801,1,0
3046,0.9864358391831526,2.127867461703,1.2596803140944801,1,0
3047,0.9833700063816211,2.198658557751,1.2596803140944801,1,0
3048,0.9833700063816211,2.253066256691,1.2596803140944801,1,0
3049,0.9803045139332058,2.250148340807,1.2596803140944801,1,0
3050,0.9772400425441397,2.187625773735,1.2596803140944801,1,0
3051,0.9741765241437993,2.088150801367,1.2596803140944801,1,0
3052,0.9741765241437993,1.955254840457,1.2596803140944801,1,0
3053,0.971113278025952,1.824084396411,1.2596803140944801,1,0
3054,0.971113278025952,1.655721015977,1.2596803140944801,1,0
3055,0.9680510529674539,1.515288319497,1.2596803140944801,1,0
3056,0.9680510529674539,1.394712399263,1.2596803140944801,1,0
3057,0.9649894405445651,1.251426669709,1.2596803140944801,0,0
3058,0.9649894405445651,1.189528309131,1.2596803140944801,0,0
3059,0.9649894405445651,1.112050125317,1.2596803140944801,0,0
3060,0.9619283726866625,1.109167165195,1.2596803140944801,0,0
3061,0.9619283726866625,1.056023898845,1.2596803140944801,0,0
3062,0.9619283726866625,1.059402758032,1.2596803140944801,0,0
3063,0.9619283726866625,1.046272383792,1.2596803140944801,0,0
3064,0.9619283726866625,1.03198768183,1.2596803140944801,0,0
3065,0.958868325888109,1.048712760067,1.2596803140944801,0,0
3066,0.958868325888109,1.056600185362,1.2596803140944801,0,0
3067,0.958868325888109,1.056168163776,1.2596803140944801,0,0
3068,0.958868325888109,1.059390613476,1.2596803140944801,0,0
3069,0.958868325888109,1.095804071012,1.2596803140944801,0,0
3070,0.958868325888109,1.140208285654,1.2596803140944801,0,0
3071,0.958868325888109,1.200028063066,1.2596803140944801,0,0
3072,0.9619283726866625,1.320879394047,1.2596803140944801,1,0
3073,0.9619283726866625,1.431372957035,1.2596803140944801,1,0
3074,0.9619283726866625,1.516502060413,1.2596803140944801,1,0
3075,0.9619283726866625,1.549189644241,1.2596803140944801,1,0
3076,0.9649894405445651,1.523485079049,1.2596803140944801,1,0
3077,0.9649894405445651,1.482908431,1.2596803140944801,1,0
3078,0.9649894405445651,1.443089256082,1.06346424457725,1,0
3079,0.9649894405445651,1.423630195187,1.06346424457725,1,0
3080,0.9680510529674539,1.439569733769,1.06346424457725,1,0
3081,0.9680510529674539,1.459414801813,1.2094039708538,1,0
3082,0.9680510529674539,1.550246279129,1.2094039708538,1,0
3083,0.9680510529674539,1.595653453322,1.2094039708538,1,0
3084,0.971113278025952,1.715759348419,1.2094039708538,1,0
3085,0.971113278025952,1.783335773581,1.2094039708538,1,0
3086,0.971113278025952,1.87053183277,1.2094039708538,1,0
3087,0.9741765241437993,1.988469267744,1.2094039708538,1,0
3088,0.9741765241437993,2.082831903277,1.2094039708538,1,0
3089,0.9741765241437993,2.142098648717,1.2094039708538,1,0
3090,0.9772400425441397,2.231949108143,1.2094039708538,1,0
3091,0.9772400425441397,2.276044992974,1.2094039708538,1,0
3092,0.9772400425441397,2.307355473413,1.2094039708538,1,0
3093,0.9803045139332058,2.321285479435,1.2094039708538,1,0
3094,0.9803045139332058,2.323761932825,1.2094039708538,1,0
3095,0.9803045139332058,2.290731683788,1.2094039708538,1,0
3096,0.9833700063816211,2.247591666344,1.2094039708538,1,0
3097,0.9833700063816211,2.176544908657,1.2094039708538,1,0
3098,0.9864358391831526,2.12752176002,1.2094039708538,1,0
3099,0.9864358391831526,2.064174651375,1.2094039708538,1,0
3100,0.9864358391831526,1.992875789254,1.2094039708538,1,0
3101,0.9864358391831526,1.92052693666,1.2094039708538,1,0
3102,0.9864358391831526,1.861128882845,1.2094039708538,1,0
3103,0.9864358391831526,1.77541257659,1.2094039708538,1,0
3104,0.9864358391831526,1.702074272544,1.2094039708538,1,0
3105,0.9864358391831526,1.610158997785,1.2094039708538,1,0
3106,0.9864358391831526,1.569151536788,1.2094039708538,1,0
3107,0.9895024888321635,1.498270787077,1.2094039708538,1,0
3108,0.9895024888321635,1.482999885561,1.2094039708538,1,0
3109,0.9895024888321635,1.47386246159,1.2094039708538,1,0
3110,0.9925700914699002,1.493468141549,1.2094039708538,1,0
3111,0.9925700914699002,1.546570540585,1.2094039708538,1,0
3112,0.9925700914699002,1.611221890971,1.2094039708538,1,0
3113,0.9925700914699002,1.6963313137,1.2094039708538,1,0
3114,0.9925700914699002,1.799692380144,1.2094039708538,1,0
3115,0.9925700914699002,1.837503443121,1.2094039708538,1,0
3116,0.9925700914699002,1.769282102734,1.2094039708538,1,0
3117,0.9925700914699002,1.626679235889,1.2094039708538,1,0
3118,0.9925700914699002,1.471819031498,1.2094039708538,1,0
3119,0.9925700914699002,1.327497202612,1.2094039708538,1,0
3120,0.9956381025313764,1.207173446206,1.2094039708538,0,0
3121,0.9956381025313764,1.124981269357,1.2094039708538,0,0
3122,0.9956381025313764,1.075145198377,1.2094039708538,0,0
3123,0.9956381025313764,1.044604338582,1.2094039708538,0,0
3124,0.9987072027228251,1.027101229377,1.2094039708538,0,0
3125,0.9987072027228251,1.02947403791,1.2094039708538,0,0
3126,0.9987072027228251,1.024250797098,1.2094039708538,0,0
3127,0.9987072027228251,1.018866745026,1.06346424457725,0,0
3128,0.9987072027228251,1.017586297742,1.06346424457725,0,0
3129,0.9987072027228251,1.020124092225,1.06346424457725,0,0
3130,0.9987072027228251,1.020543223865,1.06346424457725,0,0
3131,0.9987072027228251,1.02728426642,1.06346424457725,0,0
3132,0.9987072027228251,1.039828366197,1.06346424457725,0,0
3133,0.9987072027228251,1.036200700551,1.06346424457725,0,0
3134,0.9956381025313764,1.05555550954,1.06346424457725,0,0
3135,0.9956381025313764,1.03338248823,1.06346424457725,0,0
3136,0.9956381025313764,1.044685870925,1.06346424457725,0,0
3137,0.9956381025313764,1.060874808799,1.06346424457725,0,0
3138,0.9956381025313764,1.144735194311,1.2596803140944801,0,0
3139,0.9956381025313764,1.257351947148,1.2596803140944801,0,0
3140,0.9925700914699002,1.400586643886,1.2596803140944801,1,0
3141,0.9925700914699002,1.566889096807,1.2596803140944801,1,0
3142,0.9895024888321635,1.729560846465,1.2596803140944801,1,0
3143,0.9895024888321635,1.885128285624,1.2596803140944801,1,0
3144,0.9864358391831526,2.000897460988,1.2596803140944801,1,0
3145,0.9864358391831526,2.091449614238,1.2596803140944801,1,0
3146,0.9833700063816211,2.154851667515,1.2596803140944801,1,0
3147,0.9803045139332058,2.147528325743,1.2596803140944801,1,0
3148,0.9772400425441397,2.092227650898,1.2596803140944801,1,0
3149,0.9772400425441397,2.014723802923,1.2596803140944801,1,0
3150,0.9741765241437993,1.918159810606,1.2596803140944801,1,0
3151,0.9741765241437993,1.790393352149,1.2596803140944801,1,0
3152,0.971113278025952,1.649887035505,1.2596803140944801,1,0
3153,0.9680510529674539,1.490611789448,1.2596803140944801,1,0
3154,0.9680510529674539,1.375093295144,1.2596803140944801,1,0
3155,0.9680510529674539,1.253311812598,1.2596803140944801,0,0
3156,0.9649894405445651,1.174200850328,1.2596803140944801,0,0
3157,0.9649894405445651,1.126120447215,1.2596803140944801,0,0
3158,0.9649894405445651,1.087448034604,1.2596803140944801,0,0
3159,0.9619283726866625,1.076227795413,1.2596803140944801,0,0
3160,0.9619283726866625,1.039974191532,1.2596803140944801,0,0
3161,0.9619283726866625,1.062234203276,1.2596803140944801,0,0
3162,0.958868325888109,1.036135603268,1.2596803140944801,0,0
3163,0.958868325888109,1.035459982398,1.2596803140944801,0,0
3164,0.958868325888109,1.058192856359,1.2596803140944801,0,0
3165,0.958868325888109,1.053866239701,1.2596803140944801,0,0
3166,0.958868325888109,1.049296138999,1.2596803140944801,0,0
3167,0.958868325888109,1.071200112026,1.2596803140944801,0,0
3168,0.958868325888109,1.121109544931,1.2596803140944801,0,0
3169,0.958868325888109,1.159977925037,1.2596803140944801,0,0
3170,0.958868325888109,1.259439404814,1.2596803140944801,0,0
3171,0.9619283726866625,1.374624473266,1.2596803140944801,1,0
3172,0.9619283726866625,1.466053737002,1.2596803140944801,1,0
3173,0.9619283726866625,1.53693680472,1.2596803140944801,1,0
3174,0.9619283726866625,1.518807610381,1.2596803140944801,1,0
3175,0.9649894405445651,1.471043354067,1.2596803140944801,1,0
3176,0.9649894405445651,1.420473138112,1.06346424457725,1,0
3177,0.9649894405445651,1.377082843796,1.06346424457725,1,0
3178,0.9680510529674539,1.373952890334,1.06346424457725,1,0
3179,0.9680510529674539,1.389627097847,1.2094039708538,1,0
3180,0.9680510529674539,1.423932219867,1.2094039708538,1,0
3181,0.9680510529674539,1.490977195107,1.2094039708538,1,0
3182,0.971113278025952,1.56106765974,1.2094039708538,1,0
3183,0.971113278025952,1.671157334643,1.2094039708538,1,0
3184,0.971113278025952,1.773059665847,1.2094039708538,1,0
3185,0.9741765241437993,1.895581195301,1.2094039708538,1,0
3186,0.9741765241437993,1.976546256293,1.2094039708538,1,0
3187,0.9741765241437993,2.057866586414,1.2094039708538,1,0
3188,0.9741765241437993,2.132097442526,1.2094039708538,1,0
3189,0.9772400425441397,2.190439376806,1.2094039708538,1,0
3190,0.9772400425441397,2.236043259287,1.2094039708538,1,0
3191,0.9803045139332058,2.268731652262,1.2094039708538,1,0
3192,0.9803045139332058,2.295216342972,1.2094039708538,1,0
3193,0.9803045139332058,2.289865186749,1.2094039708538,1,0
3194,0.9833700063816211,2.267087995077,1.2094039708538,1,0
3195,0.9833700063816211,2.225769526915,1.2094039708538,1,0
3196,0.9864358391831526,2.187015768283,1.2094039708538,1,0
3197,0.9864358391831526,2.148830707096,1.2094039708538,1,0
3198,0.9864358391831526,2.097668488877,1.2094039708538,1,0
3199,0.9864358391831526,2.033538594288,1.2094039708538,1,0
3200,0.9864358391831526,1.957197954756,1.2094039708538,1,0
3201,0.9864358391831526,1.890581716709,1.2094039708538,1,0
3202,0.9864358391831526,1.79276545931,1.2094039708538,1,0
3203,0.9864358391831526,1.743787411963,1.2094039708538,1,0
3204,0.9864358391831526,1.622284404334,1.2094039708538,1,0
3205,0.9895024888321635,1.58352305228,1.2094039708538,1,0
3206,0.9895024888321635,1.521964089032,1.2094039708538,1,0
3207,0.9895024888321635,1.522056547542,1.2094039708538,1,0
3208,0.9895024888321635,1.508345283071,1.2094039708538,1,0
3209,0.9925700914699002,1.544941897179,1.2094039708538,1,0
3210,0.9925700914699002,1.602981990453,1.2094039708538,1,0
3211,0.9925700914699002,1.662979947661,1.2094039708538,1,0
3212,0.9925700914699002,1.768446553464,1.2094039708538,1,0
3213,0.9925700914699002,1.813385416355,1.2094039708538,1,0
3214,0.9925700914699002,1.801537234971,1.2094039708538,1,0
3215,0.9956381025313764,1.669041659922,1.2094039708538,1,0
3216,0.9956381025313764,1.514111958468,1.2094039708538,1,0
3217,0.9956381025313764,1.379535222331,1.2094039708538,1,0
3218,0.9956381025313764,1.251980979398,1.2094039708538,1,0
3219,0.9956381025313764,1.142278743947,1.2094039708538,0,0
3220,0.9956381025313764,1.084546792653,1.2094039708538,0,0
3221,0.9987072027228251,1.050237099976,1.2094039708538,0,0
3222,0.9987072027228251,1.030883545722,1.2094039708538,0,0
3223,0.9987072027228251,1.033637308195,1.2094039708538,0,0
3224,0.9987072027228251,1.024892451233,1.2094039708538,0,0
3225,0.9987072027228251,1.01894220727,1.06346424457725,0,0
3226,0.9987072027228251,1.022381129066,1.06346424457725,0,0
3227,0.9987072027228251,1.023598704681,1.06346424457725,0,0
3228,0.9987072027228251,1.021728044277,1.06346424457725,0,0
3229,1.0,1.032836194267,1.06346424457725,0,0
3230,0.9987072027228251,1.047264139701,1.06346424457725,0,0
3231,0.9956381025313764,1.04394329069,1.06346424457725,0,0
3232,0.9956381025313764,1.054596477242,1.06346424457725,0,0
3233,0.9956381025313764,1.047526100711,1.06346424457725,0,0
3234,0.9956381025313764,1.054657770036,1.06346424457725,0,0
3235,0.9956381025313764,1.083243887753,1.06346424457725,1,0
3236,0.9956381025313764,1.164530551968,1.2596803140944801,0,0
3237,0.9956381025313764,1.267521523287,1.2596803140944801,1,0
3238,0.9925700914699002,1.397456639314,1.2596803140944801,1,0
3239,0.9925700914699002,1.540506815785,1.2596803140944801,1,0
3240,0.9925700914699002,1.693158603187,1.2596803140944801,1,0
3241,0.9895024888321635,1.834688477713,1.2596803140944801,1,0
3242,0.9895024888321635,1.951004890916,1.2596803140944801,1,0
3243,0.9895024888321635,2.067261834527,1.2596803140944801,1,0
3244,0.9864358391831526,2.151501828904,1.2596803140944801,1,0
3245,0.9833700063816211,2.186562404568,1.2596803140944801,1,0
3246,0.9803045139332058,2.176530249033,1.2596803140944801,1,0
3247,0.9772400425441397,2.120370005984,1.2596803140944801,1,0
3248,0.9772400425441397,2.057722691783,1.2596803140944801,1,0
3249,0.9741765241437993,1.946072382572,1.2596803140944801,1,0
3250,0.971113278025952,1.826866679807,1.2596803140944801,1,0
3251,0.971113278025952,1.685353532701,1.2596803140944801,1,0
3252,0.971113278025952,1.572408420374,1.2596803140944801,1,0
3253,0.9693658370559457,1.467303097895,1.2596803140944801,1,0
3254,0.9680510529674539,1.353283258867,1.2596803140944801,1,0
3255,0.9649894405445651,1.229418060508,1.2596803140944801,0,0
3256,0.9649894405445651,1.158726787787,1.2596803140944801,0,0
3257,0.9649894405445651,1.127774030283,1.2596803140944801,0,0
3258,0.9619283726866625,1.125332801341,1.2596803140944801,0,0
3259,0.9619283726866625,1.065187309493,1.2596803140944801,0,0
3260,0.9619283726866625,1.069245923444,1.2596803140944801,0,0
3261,0.9619283726866625,1.066140346968,1.2596803140944801,0,0
3262,0.9619283726866625,1.048621596764,1.2596803140944801,0,0
3263,0.958868325888109,1.054902957834,1.2596803140944801,0,0
3264,0.958868325888109,1.078646258102,1.2596803140944801,0,0
3265,0.958868325888109,1.094639805302,1.2596803140944801,0,0
3266,0.958868325888109,1.117959864342,1.2596803140944801,0,0
3267,0.958868325888109,1.165631435706,1.2596803140944801,0,0
3268,0.958868325888109,1.238257239176,1.2596803140944801,0,0
3269,0.958868325888109,1.342955352321,1.2596803140944801,1,0
3270,0.9619283726866625,1.457378684002,1.2596803140944801,1,0
3271,0.9619283726866625,1.555109474727,1.2596803140944801,1,0
3272,0.9619283726866625,1.615939627701,1.2596803140944801,1,0
3273,0.9619283726866625,1.607018156988,1.2596803140944801,1,0
3274,0.9649894405445651,1.565084314695,1.2596803140944801,1,0
3275,0.9649894405445651,1.514434296867,1.2596803140944801,1,0
3276,0.9680510529674539,1.488892341874,1.06346424457725,1,0
3277,0.9680510529674539,1.484757917329,1.06346424457725,1,0
3278,0.9680510529674539,1.479798947513,1.2094039708538,1,0
3279,0.9680510529674539,1.548430469377,1.2094039708538,1,0
3280,0.9680510529674539,1.549884274118,1.2094039708538,1,0
3281,0.971113278025952,1.640440700926,1.2094039708538,1,0
3282,0.971113278025952,1.698833170584,1.2094039708538,1,0
3283,0.9741765241437993,1.813810985036,1.2094039708538,1,0
3284,0.9741765241437993,1.90913437992,1.2094039708538,1,0
3285,0.9741765241437993,1.976940077093,1.2094039708538,1,0
3286,0.9741765241437993,2.046960594156,1.2094039708538,1,0
3287,0.9772400425441397,2.125805057607,1.2094039708538,1,0
3288,0.9772400425441397,2.194060787835,1.2094039708538,1,0
3289,0.9772400425441397,2.243918679744,1.2094039708538,1,0
3290,0.9803045139332058,2.292739011725,1.2094039708538,1,0
3291,0.9803045139332058,2.32677069858,1.2094039708538,1,0
3292,0.9803045139332058,2.34223997004,1.2094039708538,1,0
3293,0.9833700063816211,2.325977751845,1.2094039708538,1,0
3294,0.9833700063816211,2.311512286119,1.2094039708538,1,0
3295,0.9864358391831526,2.291380395978,1.2094039708538,1,0
3296,0.9864358391831526,2.276007195069,1.2094039708538,1,0
3297,0.9864358391831526,2.21747177477,1.2094039708538,1,0
3298,0.9864358391831526,2.153654419242,1.2094039708538,1,0
3299,0.9864358391831526,2.073214420973,1.2094039708538,1,0
3300,0.9864358391831526,2.020203438467,1.2094039708538,1,0
3301,0.9864358391831526,1.918118830046,1.2094039708538,1,0
3302,0.9864358391831526,1.848020610809,1.2094039708538,1,0
3303,0.9864358391831526,1.739660659081,1.2094039708538,1,0
3304,0.9864358391831526,1.692117425068,1.2094039708538,1,0
3305,0.9895024888321635,1.597562117908,1.2094039708538,1,0
3306,0.9895024888321635,1.580939430005,1.2094039708538,1,0
3307,0.9895024888321635,1.566525276186,1.2094039708538,1,0
3308,0.9895024888321635,1.58895637127,1.2094039708538,1,0
3309,0.9925700914699002,1.643360369813,1.2094039708538,1,0
3310,0.9925700914699002,1.699611110577,1.2094039708538,1,0
3311,0.9925700914699002,1.783913612265,1.2094039708538,1,0
3312,0.9925700914699002,1.819192891565,1.2094039708538,1,0
3313,0.9925700914699002,1.783669536048,1.2094039708538,1,0
3314,0.9925700914699002,1.64306143464,1.2094039708538,1,0
3315,0.9925700914699002,1.479074804592,1.2094039708538,1,0
3316,0.9925700914699002,1.326996354553,1.2094039708538,1,0
3317,0.9956381025313764,1.200902000678,1.2094039708538,0,0
3318,0.9956381025313764,1.123235611371,1.2094039708538,0,0
3319,0.9956381025313764,1.084945020388,1.2094039708538,0,0
3320,0.9956381025313764,1.057678934165,1.2094039708538,0,0
3321,0.9987072027228251,1.033576137725,1.2094039708538,0,0
3322,0.9987072027228251,1.021643172201,1.2094039708538,0,0
3323,0.9987072027228251,1.025213138914,1.2094039708538,0,0
3324,0.9987072027228251,1.020514146886,1.06346424457725,0,0
3325,0.9987072027228251,1.014939748767,1.06346424457725,0,0
3326,0.9987072027228251,1.020446057944,1.06346424457725,0,0
3327,0.9956381025313764,1.022147240771,1.06346424457725,0,0
3328,0.9969336226334824,1.024125986109,1.06346424457725,0,0
3329,0.9956381025313764,1.037353911504,1.06346424457725,0,0
3330,0.9956381025313764,1.032019739497,1.06346424457725,0,0
3331,0.9925700914699002,1.043890465163,1.06346424457725,0,0
3332,0.9925700914699002,1.02901554159,1.06346424457725,0,0
3333,0.9925700914699002,1.024903193161,1.06346424457725,0,0
3334,0.9925700914699002,1.007062062817,1.06346424457725,0,0
3335,0.9925700914699002,1.037688413534,1.06346424457725,0,0
3336,0.9925700914699002,1.073859422496,1.2596803140944801,0,0
3337,0.9925700914699002,1.133840405554,1.2596803140944801,0,0
3338,0.9895024888321635,1.206617146778,1.2596803140944801,0,0
3339,0.9895024888321635,1.298453047527,1.2596803140944801,1,0
3340,0.9619283726866625,1.210310863079,1.2596803140944801,0,0
3341,0.958868325888109,1.089513864575,1.2596803140944801,0,0
3342,0.958868325888109,1.027540842152,1.2596803140944801,0,0
3343,0.958868325888109,1.006019036131,1.2596803140944801,0,0
3344,0.958868325888109,1.033578322014,1.2596803140944801,0,0
3345,0.958868325888109,1.044565092095,1.2596803140944801,0,0
3346,0.958868325888109,1.047237159461,1.2596803140944801,0,0
3347,0.958868325888109,1.047424857524,1.2596803140944801,0,0
3348,0.958868325888109,1.0269874754,1.2596803140944801,0,0
3349,0.958868325888109,1.027273526925,1.2596803140944801,0,0
3350,0.9619283726866625,1.035249849871,1.2596803140944801,0,0
3351,0.9619283726866625,1.027404431723,1.2596803140944801,0,0
3352,0.9619283726866625,1.061524842333,1.2596803140944801,0,0
3353,0.9649894405445651,1.05154125467,1.2596803140944801,0,0
3354,0.9649894405445651,1.070194346269,1.2596803140944801,0,0
3355,0.9649894405445651,1.05737834455,1.2596803140944801,0,0
3356,0.9680510529674539,1.029991040987,1.2596803140944801,0,0
3357,0.9680510529674539,1.041380578915,1.2596803140944801,0,0
3358,0.9680510529674539,1.031365591938,1.2596803140944801,0,0
3359,0.9680510529674539,1.02426434472,1.2596803140944801,0,0
3360,0.971113278025952,1.037876647486,1.2596803140944801,0,0
3361,0.971113278025952,1.092544568599,1.2596803140944801,0,0
3362,0.971113278025952,1.219892318653,1.2596803140944801,0,0
3363,0.9741765241437993,1.372687090391,1.2596803140944801,1,0
3364,0.9741765241437993,1.454427655151,1.2596803140944801,1,0
3365,0.9741765241437993,1.50970889647,1.2596803140944801,1,0
3366,0.9772400425441397,1.604369639839,1.2596803140944801,1,0
3367,0.9772400425441397,1.773517912413,1.2596803140944801,1,0
3368,0.9772400425441397,2.016557717584,1.2596803140944801,1,0
3369,0.9772400425441397,2.413849264258,1.2596803140944801,1,0
3370,0.9803045139332058,2.793310962033,1.2596803140944801,1,0
3371,0.9803045139332058,3.262623011657,1.06346424457725,1,0
3372,0.9833700063816211,3.734033402443,1.06346424457725,1,0
3373,0.9833700063816211,4.280313652036,1.06346424457725,1,0
3374,0.9864358391831526,4.806583645339,1.06346424457725,1,0
3375,0.9864358391831526,5.393587077444,1.06346424457725,1,0
3376,0.9864358391831526,5.883593656072,1.06346424457725,1,0
3377,0.9864358391831526,6.340388906156,1.06346424457725,1,0
3378,0.9864358391831526,6.716970973752,1.06346424457725,1,0
3379,0.9864358391831526,6.999863306428,1.06346424457725,1,0
3380,0.9864358391831526,7.195767120452,1.06346424457725,1,0
3381,0.9877375537119762,7.291605715331,1.06346424457725,1,0
3382,0.9864358391831526,7.255640894343,1.06346424457725,1,0
3383,0.9864358391831526,7.13277917209,1.06346424457725,1,0
3384,0.9895024888321635,6.934736405622,1.06346424457725,1,0
3385,0.9895024888321635,6.625571496881,1.06346424457725,1,0
3386,0.9895024888321635,6.259810916992,1.06346424457725,1,0
3387,0.9895024888321635,5.829680959841,1.06346424457725,1,0
3388,0.9895024888321635,5.391198324328,1.06346424457725,1,0
3389,0.9925700914699002,4.928336114389,1.06346424457725,1,0
3390,0.9925700914699002,4.53256125526,1.06346424457725,1,0
3391,0.9925700914699002,4.150018685811,1.06346424457725,1,0
3392,0.9925700914699002,3.910336359169,1.06346424457725,1,0
3393,0.9925700914699002,3.679160336247,1.06346424457725,1,0
3394,0.9925700914699002,3.217540442815,1.06346424457725,1,0
3395,0.9925700914699002,2.692114289732,1.06346424457725,1,0
3396,0.9925700914699002,2.230012654022,1.06346424457725,1,0
3397,0.9956381025313764,1.898763815447,1.06346424457725,1,0
3398,0.9956381025313764,1.609126154675,1.06346424457725,1,0
3399,0.9956381025313764,1.361521367241,1.06346424457725,1,0
3400,0.9956381025313764,1.151280986424,1.06346424457725,1,0
3401,0.9987072027228251,1.062384265391,1.06346424457725,0,0
3402,0.9956381025313764,1.029919095696,1.06346424457725,0,0
3403,0.9956381025313764,1.018119655017,1.06346424457725,0,0
3404,0.9987072027228251,1.019985765511,1.06346424457725,0,0
3405,0.9956381025313764,1.014939748767,1.06346424457725,0,0
3406,0.9956381025313764,1.017597123822,1.06346424457725,0,0
3407,0.9956381025313764,1.022225044857,1.06346424457725,0,0
3408,0.9956381025313764,1.0238561308,1.06346424457725,0,0
3409,0.9956381025313764,1.034707354223,1.06346424457725,0,0
3410,0.9925700914699002,1.030931105875,1.06346424457725,0,0
3411,0.9925700914699002,1.032592196262,1.06346424457725,0,0
3412,0.9925700914699002,1.025338346232,1.06346424457725,0,0
3413,0.9925700914699002,1.012457222173,1.06346424457725,0,0
3414,0.9925700914699002,0.996755281787,1.06346424457725,0,0
3415,0.9925700914699002,0.995054872109,1.2596803140944801,0,0
3416,0.9925700914699002,1.006027542589,1.2596803140944801,0,0
3417,0.9925700914699002,1.042055177781,1.2596803140944801,0,0
3418,0.9895024888321635,1.102114687103,1.2596803140944801,0,0
3419,0.9895024888321635,1.197596200674,1.2596803140944801,0,0
3420,0.9895024888321635,1.305669278972,1.2596803140944801,1,0
3421,0.9864358391831526,1.417406169368,1.2596803140944801,1,0
3422,0.9864358391831526,1.528660576144,1.2596803140944801,1,0
3423,0.9833700063816211,1.616476137392,1.2596803140944801,1,0
3424,0.9803045139332058,1.648739700019,1.2596803140944801,1,0
3425,0.9772400425441397,1.655736417674,1.2596803140944801,1,0
3426,0.9741765241437993,1.628379651753,1.2596803140944801,1,0
3427,0.9741765241437993,1.581147118119,1.2596803140944801,1,0
3428,0.971113278025952,1.499316163689,1.2596803140944801,1,0
3429,0.971113278025952,1.413601380895,1.2596803140944801,1,0
3430,0.9680510529674539,1.325034613885,1.2596803140944801,1,0
3431,0.9680510529674539,1.275522556778,1.2596803140944801,1,0
3432,0.9649894405445651,1.191808043626,1.2596803140944801,0,0
3433,0.9649894405445651,1.17416445181,1.2596803140944801,0,0
3434,0.9649894405445651,1.114903288633,1.2596803140944801,0,0
3435,0.9619283726866625,1.111781102971,1.2596803140944801,0,0
3436,0.9619283726866625,1.060179267939,1.2596803140944801,0,0
3437,0.9619283726866625,1.049357028245,1.2596803140944801,0,0
3438,0.958868325888109,1.055580066808,1.2596803140944801,0,0
3439,0.958868325888109,1.033419945337,1.2596803140944801,0,0
3440,0.958868325888109,1.048425857956,1.2596803140944801,0,0
3441,0.958868325888109,1.058838212102,1.2596803140944801,0,0
3442,0.958868325888109,1.055663245917,1.2596803140944801,0,0
3443,0.958868325888109,1.069465622836,1.2596803140944801,0,0
3444,0.958868325888109,1.10823378503,1.2596803140944801,0,0
3445,0.958868325888109,1.138842532753,1.2596803140944801,0,0
3446,0.958868325888109,1.212859447934,1.2596803140944801,0,0
3447,0.958868325888109,1.327855759696,1.2596803140944801,1,0
3448,0.9619283726866625,1.414209382516,1.2596803140944801,1,0
3449,0.958868325888109,1.483561297636,1.2596803140944801,1,0
3450,0.9619283726866625,1.432801658011,1.2596803140944801,1,0
3451,0.9619283726866625,1.36170283181,1.2596803140944801,1,0
3452,0.9649894405445651,1.271014859305,1.2596803140944801,1,0
3453,0.9649894405445651,1.216117884908,1.06346424457725,1,0
3454,0.9649894405445651,1.173688942835,1.06346424457725,1,0
3455,0.9680510529674539,1.149614953968,1.06346424457725,1,0
3456,0.9680510529674539,1.138424302602,1.2094039708538,0,0
3457,0.9680510529674539,1.152052322303,1.2094039708538,0,0
3458,0.9680510529674539,1.154776212743,1.2094039708538,0,0
3459,0.971113278025952,1.192758023967,1.2094039708538,0,0
3460,0.971113278025952,1.220947809793,1.2094039708538,1,0
3461,0.971113278025952,1.281136537354,1.2094039708538,1,0
3462,0.9741765241437993,1.317320802081,1.2094039708538,1,0
3463,0.9741765241437993,1.388696566763,1.2094039708538,1,0
3464,0.9741765241437993,1.467950105797,1.2094039708538,1,0
3465,0.9772400425441397,1.52468054811,1.2094039708538,1,0
3466,0.9772400425441397,1.605408134024,1.2094039708538,1,0
3467,0.9772400425441397,1.668949941008,1.2094039708538,1,0
3468,0.9803045139332058,1.730996551806,1.2094039708538,1,0
3469,0.9803045139332058,1.797257532719,1.2094039708538,1,0
3470,0.9803045139332058,1.842130297048,1.2094039708538,1,0
3471,0.9833700063816211,1.882391072997,1.2094039708538,1,0
3472,0.9833700063816211,1.908298087953,1.2094039708538,1,0
3473,0.9864358391831526,1.93023457956,1.2094039708538,1,0
3474,0.9864358391831526,1.937848191535,1.2094039708538,1,0
3475,0.9864358391831526,1.924519520001,1.2094039708538,1,0
3476,0.9864358391831526,1.889040285731,1.2094039708538,1,0
3477,0.9864358391831526,1.842005018757,1.2094039708538,1,0
3478,0.9864358391831526,1.776529455817,1.2094039708538,1,0
3479,0.9864358391831526,1.69802487762,1.2094039708538,1,0
3480,0.9864358391831526,1.618703364384,1.2094039708538,1,0
3481,0.9864358391831526,1.558564697966,1.2094039708538,1,0
3482,0.9864358391831526,1.476645418657,1.2094039708538,1,0
3483,0.9895024888321635,1.447316864006,1.2094039708538,1,0
3484,0.9895024888321635,1.427643920981,1.2094039708538,1,0
3485,0.9895024888321635,1.431925138771,1.2094039708538,1,0
3486,0.9895024888321635,1.47564081153,1.2094039708538,1,0
3487,0.9895024888321635,1.518053004615,1.2094039708538,1,0
3488,0.9925700914699002,1.632047664777,1.2094039708538,1,0
3489,0.9925700914699002,1.719756802875,1.2094039708538,1,0
3490,0.9938675175494577,1.810468582739,1.2094039708538,1,0
3491,0.9925700914699002,1.767986919351,1.2094039708538,1,0
3492,0.9925700914699002,1.606177669834,1.2094039708538,1,0
3493,0.9925700914699002,1.438497401871,1.2094039708538,1,0
3494,0.9925700914699002,1.287590122027,1.2094039708538,1,0
3495,0.9925700914699002,1.162040224599,1.2094039708538,0,0
3496,0.9925700914699002,1.095957513704,1.2094039708538,0,0
3497,0.9956381025313764,1.052048633799,1.2094039708538,0,0
3498,0.9956381025313764,1.037502610041,1.2094039708538,0,0
3499,0.9956381025313764,1.043512227887,1.2094039708538,0,0
3500,0.9956381025313764,1.031991490147,1.2094039708538,0,0
3501,0.9956381025313764,1.017462777835,1.2094039708538,0,0
3502,0.9956381025313764,1.017687296539,1.06346424457725,0,0
3503,0.9956381025313764,1.021056967633,1.06346424457725,0,0
3504,0.9956381025313764,1.014550102105,1.06346424457725,0,0
3505,0.9956381025313764,1.014642209781,1.06346424457725,0,0
3506,0.9956381025313764,1.020185313872,1.06346424457725,0,0
3507,0.9956381025313764,1.016067467117,1.06346424457725,0,0
3508,0.9956381025313764,1.023969052231,1.06346424457725,0,0
3509,0.9956381025313764,1.028419789685,1.06346424457725,0,0
3510,0.9956381025313764,1.028080458402,1.06346424457725,0,0
3511,0.9956381025313764,1.030358486576,1.06346424457725,0,0
3512,0.9956381025313764,1.013574478146,1.06346424457725,0,0
3513,0.9956381025313764,0.998708747858,1.06346424457725,0,0
3514,0.9956381025313764,1.020474208859,1.2596803140944801,0,0
3515,0.9925700914699002,1.067162469098,1.2596803140944801,0,0
3516,0.9925700914699002,1.155419296579,1.2596803140944801,0,0
3517,0.9925700914699002,1.325076688303,1.2596803140944801,1,0
3518,0.9895024888321635,1.5118560395,1.2596803140944801,1,0
3519,0.9895024888321635,1.692281933983,1.2596803140944801,1,0
3520,0.9864358391831526,1.849132852817,1.2596803140944801,1,0
3521,0.9864358391831526,1.99185295875,1.2596803140944801,1,0
3522,0.9833700063816211,2.097066678452,1.2596803140944801,1,0
3523,0.9772400425441397,2.105601199589,1.2596803140944801,1,0
3524,0.9772400425441397,2.084847936486,1.2596803140944801,1,0
3525,0.9741765241437993,2.030500547472,1.2596803140944801,1,0
3526,0.971113278025952,1.913661056823,1.2596803140944801,1,0
3527,0.971113278025952,1.792867658826,1.2596803140944801,1,0
3528,0.971113278025952,1.648758028233,1.2596803140944801,1,0
3529,0.9680510529674539,1.480176509731,1.2596803140944801,1,0
3530,0.9680510529674539,1.357524264275,1.2596803140944801,1,0
3531,0.9649894405445651,1.246805038264,1.2596803140944801,0,0
3532,0.9649894405445651,1.175186189945,1.2596803140944801,0,0
3533,0.9649894405445651,1.10645467509,1.2596803140944801,0,0
3534,0.9619283726866625,1.10731747206,1.2596803140944801,0,0
3535,0.9619283726866625,1.049841234847,1.2596803140944801,0,0
3536,0.9619283726866625,1.052815296766,1.2596803140944801,0,0
3537,0.958868325888109,1.039837828723,1.2596803140944801,0,0
3538,0.958868325888109,1.027545649742,1.2596803140944801,0,0
3539,0.958868325888109,1.050236576707,1.2596803140944801,0,0
3540,0.958868325888109,1.046247226524,1.2596803140944801,0,0
3541,0.958868325888109,1.042065959789,1.2596803140944801,0,0
3542,0.958868325888109,1.071458377953,1.2596803140944801,0,0
3543,0.958868325888109,1.101536324195,1.2596803140944801,0,0
3544,0.958868325888109,1.116733098584,1.2596803140944801,0,0
3545,0.958868325888109,1.161083928208,1.2596803140944801,0,0
3546,0.9619283726866625,1.266243917773,1.2596803140944801,1,0
3547,0.9619283726866625,1.384918155534,1.2596803140944801,1,0
3548,0.9619283726866625,1.452655814652,1.2596803140944801,1,0
3549,0.9649894405445651,1.447228345697,1.2596803140944801,1,0
3550,0.9649894405445651,1.367274517195,1.2596803140944801,1,0
3551,0.9649894405445651,1.296155227677,1.2596803140944801,1,0
3552,0.9649894405445651,1.250947161215,1.06346424457725,1,0
3553,0.9680510529674539,1.220646201531,1.06346424457725,1,0
3554,0.9680510529674539,1.208111162311,1.2094039708538,0,0
3555,0.9680510529674539,1.228133122112,1.2094039708538,1,0
3556,0.9680510529674539,1.252854201051,1.2094039708538,1,0
3557,0.971113278025952,1.335469687988,1.2094039708538,1,0
3558,0.971113278025952,1.391535561651,1.2094039708538,1,0
3559,0.9741765241437993,1.50650598296,1.2094039708538,1,0
3560,0.9741765241437993,1.63429832876,1.2094039708538,1,0
3561,0.9741765241437993,1.758943651323,1.2094039708538,1,0
3562,0.9741765241437993,1.885042058896,1.2094039708538,1,0
3563,0.9772400425441397,1.997099269488,1.2094039708538,1,0
3564,0.9772400425441397,2.145096874325,1.2094039708538,1,0
3565,0.9772400425441397,2.253324915055,1.2094039708538,1,0
3566,0.9803045139332058,2.362749940257,1.2094039708538,1,0
3567,0.9803045139332058,2.445942152174,1.2094039708538,1,0
3568,0.9803045139332058,2.513316252268,1.2094039708538,1,0
3569,0.9833700063816211,2.532428152035,1.2094039708538,1,0
3570,0.9833700063816211,2.528652789879,1.2094039708538,1,0
3571,0.9864358391831526,2.504492219365,1.2094039708538,1,0
3572,0.9864358391831526,2.467472832051,1.2094039708538,1,0
3573,0.9864358391831526,2.394449455225,1.2094039708538,1,0
3574,0.9864358391831526,2.297854865575,1.2094039708538,1,0
3575,0.9864358391831526,2.198554325553,1.2094039708538,1,0
3576,0.9864358391831526,2.095032592799,1.2094039708538,1,0
3577,0.9864358391831526,2.000311445209,1.2094039708538,1,0
3578,0.9864358391831526,1.874389510653,1.2094039708538,1,0
3579,0.9864358391831526,1.769649873713,1.2094039708538,1,0
3580,0.9864358391831526,1.685496043813,1.2094039708538,1,0
3581,0.9895024888321635,1.596562405182,1.2094039708538,1,0
3582,0.9895024888321635,1.557048133875,1.2094039708538,1,0
3583,0.9895024888321635,1.532501871512,1.2094039708538,1,0
3584,0.9895024888321635,1.555314858608,1.2094039708538,1,0
3585,0.9925700914699002,1.605695956204,1.2094039708538,1,0
3586,0.9895024888321635,1.673475803323,1.2094039708538,1,0
3587,0.9925700914699002,1.77703699898,1.2094039708538,1,0
3588,0.9925700914699002,1.822160177933,1.2094039708538,1,0
3589,0.9925700914699002,1.753491176776,1.2094039708538,1,0
3590,0.9925700914699002,1.613359929666,1.2094039708538,1,0
3591,0.9925700914699002,1.453632202665,1.2094039708538,1,0
3592,0.9925700914699002,1.303275847028,1.2094039708538,1,0
3593,0.9925700914699002,1.174222241233,1.2094039708538,0,0
3594,0.9925700914699002,1.090044173709,1.2094039708538,0,0
3595,0.9925700914699002,1.058436514731,1.2094039708538,0,0
3596,0.9925700914699002,1.046228764872,1.2094039708538,0,0
3597,0.9956381025313764,1.043022550451,1.2094039708538,0,0
3598,0.9956381025313764,1.032932007658,1.2094039708538,0,0
3599,0.9956381025313764,1.018067758422,1.2094039708538,0,0
3600,0.9956381025313764,1.017246367725,1.06346424457725,0,0
3601,0.9925700914699002,1.021383524105,1.06346424457725,0,0
3602,0.9956381025313764,1.014895790699,1.06346424457725,0,0
3603,0.9956381025313764,1.015106498983,1.06346424457725,0,0
3604,0.9925700914699002,1.02017914951,1.06346424457725,0,0
3605,0.9925700914699002,1.016360848093,1.06346424457725,0,0
3606,0.9925700914699002,1.027328773458,1.06346424457725,0,0
3607,0.9925700914699002,1.03697449128,1.06346424457725,0,0
3608,0.9925700914699002,1.032051740418,1.06346424457725,0,0
3609,0.9956381025313764,1.037715086924,1.06346424457725,0,0
3610,0.9956381025313764,1.021961483621,1.06346424457725,0,0
3611,0.9956381025313764,1.00718143078,1.06346424457725,0,0
3612,0.9925700914699002,0.985693281784,1.2596803140944801,0,0
3613,0.9925700914699002,0.979809096134,1.2596803140944801,0,0
3614,0.9895024888321635,0.99736598669,1.2596803140944801,0,0
3615,0.9895024888321635,1.046709808383,1.2596803140944801,0,0
3616,0.9864358391831526,1.13061437011,1.2596803140944801,0,0
3617,0.9864358391831526,1.223772917186,1.2596803140944801,0,0
3618,0.9833700063816211,1.328660037058,1.2596803140944801,1,0
3619,0.9803045139332058,1.411854719995,1.2596803140944801,1,0
3620,0.9772400425441397,1.467407372478,1.2596803140944801,1,0
3621,0.9772400425441397,1.478396159029,1.2596803140944801,1,0
3622,0.9741765241437993,1.456196484469,1.2596803140944801,1,0
3623,0.971113278025952,1.405507009487,1.2596803140944801,1,0
3624,0.971113278025952,1.338905768325,1.2596803140944801,1,0
3625,0.971113278025952,1.265389204328,1.2596803140944801,1,0
3626,0.9680510529674539,1.214554758899,1.2596803140944801,0,0
3627,0.9680510529674539,1.166869782711,1.2596803140944801,0,0
3628,0.9649894405445651,1.128673832384,1.2596803140944801,0,0
3629,0.9649894405445651,1.105963732235,1.2596803140944801,0,0
3630,0.9649894405445651,1.079963455481,1.2596803140944801,0,0
3631,0.9619283726866625,1.092483674173,1.2596803140944801,0,0
3632,0.9619283726866625,1.039796487066,1.2596803140944801,0,0
3633,0.9619283726866625,1.058335364952,1.2596803140944801,0,0
3634,0.9619283726866625,1.037578821583,1.2596803140944801,0,0
3635,0.958868325888109,1.031523890445,1.2596803140944801,0,0
3636,0.958868325888109,1.05481865293,1.2596803140944801,0,0
3637,0.958868325888109,1.045522585586,1.2596803140944801,0,0
3638,0.958868325888109,1.045649201515,1.2596803140944801,0,0
3639,0.958868325888109,1.086150970232,1.2596803140944801,0,0
3640,0.958868325888109,1.104473679344,1.2596803140944801,0,0
3641,0.958868325888109,1.134001070972,1.2596803140944801,0,0
3642,0.958868325888109,1.19985831677,1.2596803140944801,0,0
3643,0.9619283726866625,1.302281243873,1.2596803140944801,1,0
3644,0.9619283726866625,1.412738860217,1.2596803140944801,1,0
3645,0.9619283726866625,1.434872096144,1.2596803140944801,1,0
3646,0.9619283726866625,1.379507489328,1.2596803140944801,1,0
3647,0.9619283726866625,1.314652095702,1.2596803140944801,1,0
3648,0.9649894405445651,1.211372095444,1.06346424457725,1,0
3649,0.9649894405445651,1.169143460759,1.06346424457725,1,0
3650,0.9649894405445651,1.134284057749,1.06346424457725,1,0
3651,0.9680510529674539,1.124056789957,1.2094039708538,0,0
3652,0.9680510529674539,1.114748366237,1.2094039708538,0,0
3653,0.9680510529674539,1.134255245285,1.2094039708538,0,0
3654,0.9680510529674539,1.143400382403,1.2094039708538,0,0
3655,0.971113278025952,1.169437989792,1.2094039708538,0,0
3656,0.971113278025952,1.191647724803,1.2094039708538,0,0
3657,0.971113278025952,1.247367750931,1.2094039708538,1,0
3658,0.9741765241437993,1.313045742364,1.2094039708538,1,0
3659,0.9741765241437993,1.394117224997,1.2094039708538,1,0
3660,0.9741765241437993,1.466013874362,1.2094039708538,1,0
3661,0.9772400425441397,1.526819319493,1.2094039708538,1,0
3662,0.9772400425441397,1.600307403258,1.2094039708538,1,0
3663,0.9772400425441397,1.644708441563,1.2094039708538,1,0
3664,0.9772400425441397,1.68831454435,1.2094039708538,1,0
3665,0.9803045139332058,1.730004920425,1.2094039708538,1,0
3666,0.9803045139332058,1.751293846306,1.2094039708538,1,0
3667,0.9833700063816211,1.76191110877,1.2094039708538,1,0
3668,0.9833700063816211,1.772061091888,1.2094039708538,1,0
3669,0.9864358391831526,1.770514038722,1.2094039708538,1,0
3670,0.9864358391831526,1.757722474495,1.2094039708538,1,0
3671,0.9864358391831526,1.719951932145,1.2094039708538,1,0
3672,0.9877375537119762,1.699534393266,1.2094039708538,1,0
3673,0.9864358391831526,1.651863324249,1.2094039708538,1,0
3674,0.9864358391831526,1.582856974043,1.2094039708538,1,0
3675,0.9877375537119762,1.528815807707,1.2094039708538,1,0
3676,0.9864358391831526,1.488222222289,1.2094039708538,1,0
3677,0.9864358391831526,1.427377275383,1.2094039708538,1,0
3678,0.9895024888321635,1.411959489484,1.2094039708538,1,0
3679,0.9895024888321635,1.414699300263,1.2094039708538,1,0
3680,0.9895024888321635,1.416827917286,1.2094039708538,1,0
3681,0.9895024888321635,1.456566111011,1.2094039708538,1,0
3682,0.9895024888321635,1.510856005752,1.2094039708538,1,0
3683,0.9925700914699002,1.565795645986,1.2094039708538,1,0
3684,0.9925700914699002,1.663032036896,1.2094039708538,1,0
3685,0.9925700914699002,1.771380113747,1.2094039708538,1,0
3686,0.9925700914699002,1.823575233501,1.2094039708538,1,0
3687,0.9925700914699002,1.756941725601,1.2094039708538,1,0
3688,0.9925700914699002,1.624768450627,1.2094039708538,1,0
3689,0.9925700914699002,1.461273233424,1.2094039708538,1,0
3690,0.9925700914699002,1.305112361922,1.2094039708538,1,0
3691,0.9925700914699002,1.179509183615,1.2094039708538,0,0
3692,0.9925700914699002,1.107727580901,1.2094039708538,0,0
3693,0.9956381025313764,1.080096169932,1.2094039708538,0,0
3694,0.9956381025313764,1.055811827574,1.2094039708538,0,0
3695,0.9956381025313764,1.035417045669,1.2094039708538,0,0
3696,0.9956381025313764,1.022176717945,1.2094039708538,0,0
3697,0.9956381025313764,1.017076299639,1.2094039708538,0,0
3698,0.9956381025313764,1.020111715005,1.06346424457725,0,0
3699,0.9956381025313764,1.018721380434,1.06346424457725,0,0
3700,0.9956381025313764,1.014939748767,1.06346424457725,0,0
3701,0.9956381025313764,1.01810823658,1.06346424457725,0,0
3702,0.9956381025313764,1.02213187982,1.06346424457725,0,0
3703,0.9956381025313764,1.020371576443,1.06346424457725,0,0
3704,0.9956381025313764,1.025785105231,1.06346424457725,0,0
3705,0.9956381025313764,1.025898999763,1.06346424457725,0,0
3706,0.9956381025313764,1.02754265186,1.06346424457725,0,0
3707,0.9956381025313764,1.029596060659,1.06346424457725,0,0
3708,0.9956381025313764,1.013521860338,1.06346424457725,0,0
3709,0.9956381025313764,1.000918976592,1.2596803140944801,0,0
3710,0.9925700914699002,1.001420823208,1.2596803140944801,0,0
3711,0.9925700914699002,1.028460896786,1.2596803140944801,0,0
3712,0.9925700914699002,1.077781099943,1.2596803140944801,0,0
3713,0.9895024888321635,1.184624931254,1.2596803140944801,0,0
3714,0.9895024888321635,1.341654126746,1.2596803140944801,1,0
3715,0.9877375537119762,1.489341544157,1.2596803140944801,1,0
3716,0.9864358391831526,1.638401235204,1.2596803140944801,1,0
3717,0.9833700063816211,1.755753926526,1.2596803140944801,1,0
3718,0.9803045139332058,1.827550701968,1.2596803140944801,1,0
3719,0.9772400425441397,1.843582601753,1.2596803140944801,1,0
3720,0.9741765241437993,1.814361092638,1.2596803140944801,1,0
3721,0.9741765241437993,1.771093000248,1.2596803140944801,1,0
3722,0.971113278025952,1.685093442892,1.2596803140944801,1,0
3723,0.971113278025952,1.576693459199,1.2596803140944801,1,0
3724,0.9680510529674539,1.458630576197,1.2596803140944801,1,0
3725,0.9680510529674539,1.353421858519,1.2596803140944801,1,0
3726,0.9680510529674539,1.263339860923,1.2596803140944801,1,0
3727,0.9649894405445651,1.165426430844,1.2596803140944801,0,0
3728,0.9649894405445651,1.128957674626,1.2596803140944801,0,0
3729,0.9649894405445651,1.102543473401,1.2596803140944801,0,0
3730,0.9619283726866625,1.102097087096,1.2596803140944801,0,0
3731,0.9619283726866625,1.046640480399,1.2596803140944801,0,0
3732,0.9619283726866625,1.064898603371,1.2596803140944801,0,0
3733,0.9619283726866625,1.036648012813,1.2596803140944801,0,0
3734,0.958868325888109,1.033445394646,1.2596803140944801,0,0
3735,0.958868325888109,1.058192319672,1.2596803140944801,0,0
3736,0.958868325888109,1.050531375822,1.2596803140944801,0,0
3737,0.958868325888109,1.052138618127,1.2596803140944801,0,0
3738,0.958868325888109,1.085871073838,1.2596803140944801,0,0
3739,0.958868325888109,1.109901162161,1.2596803140944801,0,0
3740,0.958868325888109,1.155669065237,1.2596803140944801,0,0
3741,0.9619283726866625,1.22854983995,1.2596803140944801,0,0
3742,0.9619283726866625,1.341830430834,1.2596803140944801,1,0
3743,0.9619283726866625,1.423517358708,1.2596803140944801,1,0
3744,0.9619283726866625,1.486197084465,1.2596803140944801,1,0
3745,0.9619283726866625,1.416634022924,1.2596803140944801,1,0
3746,0.9649894405445651,1.344872417892,1.2596803140944801,1,0
3747,0.9649894405445651,1.289039030086,1.06346424457725,1,0
3748,0.9649894405445651,1.243072703149,1.06346424457725,1,0
3749,0.9680510529674539,1.216693563974,1.06346424457725,1,0
3750,0.9680510529674539,1.21397085487,1.2094039708538,1,0
3751,0.9680510529674539,1.235667931638,1.2094039708538,1,0
3752,0.9680510529674539,1.259417729808,1.2094039708538,1,0
3753,0.971113278025952,1.314862487368,1.2094039708538,1,0
3754,0.971113278025952,1.37549830416,1.2094039708538,1,0
3755,0.971113278025952,1.463536411527,1.2094039708538,1,0
3756,0.9741765241437993,1.567847561526,1.2094039708538,1,0
3757,0.9741765241437993,1.663491542632,1.2094039708538,1,0
3758,0.9741765241437993,1.758009637425,1.2094039708538,1,0
3759,0.9741765241437993,1.826133261769,1.2094039708538,1,0
3760,0.9772400425441397,1.914487522444,1.2094039708538,1,0
3761,0.9772400425441397,1.982722809795,1.2094039708538,1,0
3762,0.9772400425441397,2.014596895684,1.2094039708538,1,0
3763,0.9803045139332058,2.053973984672,1.2094039708538,1,0
3764,0.9803045139332058,2.068953566508,1.2094039708538,1,0
3765,0.9833700063816211,2.067547782322,1.2094039708538,1,0
3766,0.9833700063816211,2.045160453975,1.2094039708538,1,0
3767,0.9864358391831526,2.023192995054,1.2094039708538,1,0
3768,0.9864358391831526,1.987617226101,1.2094039708538,1,0
3769,0.9864358391831526,1.936913881734,1.2094039708538,1,0
3770,0.9864358391831526,1.88082534643,1.2094039708538,1,0
3771,0.9864358391831526,1.828862212844,1.2094039708538,1,0
3772,0.9864358391831526,1.772340074394,1.2094039708538,1,0
3773,0.9864358391831526,1.698475367739,1.2094039708538,1,0
3774,0.9864358391831526,1.626728275946,1.2094039708538,1,0
3775,0.9864358391831526,1.573684168022,1.2094039708538,1,0
3776,0.9864358391831526,1.500634943414,1.2094039708538,1,0
3777,0.9895024888321635,1.479114240482,1.2094039708538,1,0
3778,0.9895024888321635,1.461497879771,1.2094039708538,1,0
3779,0.9895024888321635,1.47099063854,1.2094039708538,1,0
3780,0.9895024888321635,1.516183643057,1.2094039708538,1,0
3781,0.9925700914699002,1.571295936688,1.2094039708538,1,0
3782,0.9925700914699002,1.654454714702,1.2094039708538,1,0
3783,0.9925700914699002,1.775743809233,1.2094039708538,1,0
3784,0.9925700914699002,1.817567012116,1.2094039708538,1,0
3785,0.9925700914699002,1.799178139474,1.2094039708538,1,0
3786,0.9925700914699002,1.683330962757,1.2094039708538,1,0
3787,0.9925700914699002,1.520711308174,1.2094039708538,1,0
3788,0.9925700914699002,1.37670004103,1.2094039708538,1,0
3789,0.9925700914699002,1.238124467959,1.2094039708538,1,0
3790,0.9956381025313764,1.146608248881,1.2094039708538,0,0
3791,0.9956381025313764,1.096773887535,1.2094039708538,0,0
3792,0.9956381025313764,1.063565895184,1.2094039708538,0,0
3793,0.9956381025313764,1.0384444936,1.2094039708538,0,0
3794,0.9956381025313764,1.020274916529,1.2094039708538,0,0
3795,0.9956381025313764,1.02352029421,1.2094039708538,0,0
3796,0.9956381025313764,1.02388681565,1.06346424457725,0,0
3797,0.9956381025313764,1.018299679268,1.06346424457725,0,0
3798,0.9956381025313764,1.014662800583,1.06346424457725,0,0
3799,0.9956381025313764,1.020044150527,1.06346424457725,0,0
3800,0.9956381025313764,1.023643695296,1.06346424457725,0,0
3801,0.9956381025313764,1.024072332016,1.06346424457725,0,0
3802,0.9956381025313764,1.034432615828,1.06346424457725,0,0
3803,0.9956381025313764,1.030307356031,1.06346424457725,0,0
3804,0.9956381025313764,1.030750051553,1.06346424457725,0,0
3805,0.9956381025313764,1.030308683421,1.06346424457725,0,0
3806,0.9956381025313764,1.014403060726,1.06346424457725,0,0
3807,0.9956381025313764,1.003049703618,1.06346424457725,0,0
3808,0.9956381025313764,1.009501430533,1.2596803140944801,0,0
3809,0.9925700914699002,1.044919130139,1.2596803140944801,0,0
3810,0.9925700914699002,1.100748246747,1.2596803140944801,0,0
3811,0.9925700914699002,1.22904065031,1.2596803140944801,0,0
3812,0.9895024888321635,1.382917851308,1.2596803140944801,1,0
3813,0.9895024888321635,1.54611520612,1.2596803140944801,1,0
3814,0.9864358391831526,1.690791286659,1.2596803140944801,1,0
3815,0.9864358391831526,1.828569396711,1.2596803140944801,1,0
3816,0.9833700063816211,1.928189483176,1.2596803140944801,1,0
3817,0.9803045139332058,1.966206579258,1.2596803140944801,1,0
3818,0.9772400425441397,1.963893920893,1.2596803140944801,1,0
3819,0.9772400425441397,1.945356947899,1.2596803140944801,1,0
3820,0.9741765241437993,1.879612281822,1.2596803140944801,1,0
3821,0.9741765241437993,1.799591476094,1.2596803140944801,1,0
3822,0.971113278025952,1.704300859834,1.2596803140944801,1,0
3823,0.971113278025952,1.583713675966,1.2596803140944801,1,0
3824,0.9680510529674539,1.463483304966,1.2596803140944801,1,0
3825,0.9680510529674539,1.372793357893,1.2596803140944801,1,0
3826,0.9680510529674539,1.254860772523,1.2596803140944801,0,0
3827,0.9649894405445651,1.214098615437,1.2596803140944801,0,0
3828,0.9649894405445651,1.129998937876,1.2596803140944801,0,0
3829,0.9619283726866625,1.119404911177,1.2596803140944801,0,0
3830,0.9619283726866625,1.064758076685,1.2596803140944801,0,0
3831,0.9619283726866625,1.053785593799,1.2596803140944801,0,0
3832,0.9619283726866625,1.059010247728,1.2596803140944801,0,0
3833,0.958868325888109,1.037111869364,1.2596803140944801,0,0
3834,0.9619283726866625,1.045963878586,1.2596803140944801,0,0
3835,0.958868325888109,1.068219091785,1.2596803140944801,0,0
3836,0.958868325888109,1.070029293191,1.2596803140944801,0,0
3837,0.958868325888109,1.077493932763,1.2596803140944801,0,0
3838,0.9619283726866625,1.112999013664,1.2596803140944801,0,0
3839,0.9619283726866625,1.168022435636,1.2596803140944801,0,0
3840,0.9619283726866625,1.250707483073,1.2596803140944801,0,0
3841,0.9619283726866625,1.358347788615,1.2596803140944801,1,0
3842,0.9619283726866625,1.448496014166,1.2596803140944801,1,0
3843,0.9619283726866625,1.502588870916,1.2596803140944801,1,0
3844,0.9619283726866625,1.495301637402,1.2596803140944801,1,0
3845,0.9649894405445651,1.442011984888,1.2596803140944801,1,0
3846,0.9649894405445651,1.386834872009,1.06346424457725,1,0
3847,0.9680510529674539,1.342247841991,1.06346424457725,1,0
3848,0.9680510529674539,1.319784130799,1.06346424457725,1,0
3849,0.9680510529674539,1.328648349613,1.2094039708538,1,0
3850,0.9680510529674539,1.336884968559,1.2094039708538,1,0
3851,0.971113278025952,1.39171879745,1.2094039708538,1,0
3852,0.971113278025952,1.451821384775,1.2094039708538,1,0
3853,0.971113278025952,1.534306250406,1.2094039708538,1,0
3854,0.971113278025952,1.589607848314,1.2094039708538,1,0
3855,0.9741765241437993,1.689044468422,1.2094039708538,1,0
3856,0.9741765241437993,1.794851686208,1.2094039708538,1,0
3857,0.9741765241437993,1.885926446906,1.2094039708538,1,0
3858,0.9772400425441397,1.968048370061,1.2094039708538,1,0
3859,0.9772400425441397,2.06349029265,1.2094039708538,1,0
3860,0.9772400425441397,2.140257319453,1.2094039708538,1,0
3861,0.9803045139332058,2.189753022105,1.2094039708538,1,0
3862,0.9803045139332058,2.247496837504,1.2094039708538,1,0
3863,0.9803045139332058,2.270374724861,1.2094039708538,1,0
3864,0.9833700063816211,2.282731877769,1.2094039708538,1,0
3865,0.9833700063816211,2.263722273423,1.2094039708538,1,0
3866,0.9864358391831526,2.240471014631,1.2094039708538,1,0
3867,0.9864358391831526,2.216192693298,1.2094039708538,1,0
3868,0.9864358391831526,2.169530911459,1.2094039708538,1,0
3869,0.9864358391831526,2.112346897122,1.2094039708538,1,0
3870,0.9864358391831526,2.046157825462,1.2094039708538,1,0
3871,0.9864358391831526,2.005173394103,1.2094039708538,1,0
3872,0.9864358391831526,1.908002293886,1.2094039708538,1,0
3873,0.9864358391831526,1.859126862326,1.2094039708538,1,0
3874,0.9864358391831526,1.737609185778,1.2094039708538,1,0
3875,0.9895024888321635,1.725226166579,1.2094039708538,1,0
3876,0.9895024888321635,1.653486829504,1.2094039708538,1,0
3877,0.9895024888321635,1.638213461259,1.2094039708538,1,0
3878,0.9925700914699002,1.630048763227,1.2094039708538,1,0
3879,0.9925700914699002,1.656627694359,1.2094039708538,1,0
3880,0.9925700914699002,1.71299356391,1.2094039708538,1,0
3881,0.9925700914699002,1.782149285191,1.2094039708538,1,0
3882,0.9925700914699002,1.856680503713,1.2094039708538,1,0
3883,0.9925700914699002,1.882390088214,1.2094039708538,1,0
3884,0.9925700914699002,1.809982131517,1.2094039708538,1,0
3885,0.9925700914699002,1.65033563128,1.2094039708538,1,0
3886,0.9925700914699002,1.499632702138,1.2094039708538,1,0
3887,0.9956381025313764,1.363177075449,1.2094039708538,1,0
3888,0.9956381025313764,1.240133406931,1.2094039708538,1,0
3889,0.9956381025313764,1.147416090784,1.2094039708538,0,0
3890,0.9956381025313764,1.077429926526,1.2094039708538,0,0
3891,0.9956381025313764,1.053292135035,1.2094039708538,0,0
3892,0.9956381025313764,1.045064658093,1.2094039708538,0,0
3893,0.9987072027228251,1.03074626438,1.2094039708538,0,0
3894,0.9987072027228251,1.0268362788,1.2094039708538,0,0
3895,0.9987072027228251,1.016602927129,1.06346424457725,0,0
3896,0.9956381025313764,1.020757686523,1.06346424457725,0,0
3897,0.9987072027228251,1.029208188196,1.06346424457725,0,0
3898,0.9987072027228251,1.021225354448,1.06346424457725,0,0
3899,0.9956381025313764,1.027059434106,1.06346424457725,0,0
3900,0.9987072027228251,1.036919588846,1.06346424457725,0,0
3901,0.9956381025313764,1.031707961296,1.06346424457725,0,0
3902,0.9956381025313764,1.043265755888,1.06346424457725,0,0
3903,0.9956381025313764,1.024878896316,1.06346424457725,0,0
3904,0.9956381025313764,1.028450955766,1.06346424457725,0,0
3905,0.9956381025313764,1.020405682701,1.06346424457725,0,0
3906,0.9956381025313764,1.080507179048,1.2596803140944801,0,0
3907,0.9956381025313764,1.164841591903,1.2596803140944801,0,0
3908,0.9956381025313764,1.304262084362,1.2596803140944801,1,0
3909,0.9925700914699002,1.464252063946,1.2596803140944801,1,0
3910,0.9925700914699002,1.642792810005,1.2596803140944801,1,0
3911,0.9895024888321635,1.797782056985,1.2596803140944801,1,0
3912,0.9895024888321635,1.946027010773,1.2596803140944801,1,0
3913,0.9864358391831526,2.073587147244,1.2596803140944801,1,0
3914,0.9833700063816211,2.153054955511,1.2596803140944801,1,0
3915,0.958868325888109,2.007051103838,1.2596803140944801,1,0
3916,0.958868325888109,1.795556290506,1.2596803140944801,1,0
3917,0.958868325888109,1.604947857064,1.2596803140944801,1,0
3918,0.958868325888109,1.376076216422,1.2596803140944801,1,0
3919,0.958868325888109,1.208430570093,1.2596803140944801,0,0
3920,0.958868325888109,1.115707241284,1.2596803140944801,0,0
3921,0.958868325888109,1.109238830172,1.2596803140944801,0,0
3922,0.9619283726866625,1.071877501187,1.2596803140944801,0,0
3923,0.9619283726866625,1.043367810531,1.2596803140944801,0,0
3924,0.9619283726866625,1.043122032642,1.2596803140944801,0,0
3925,0.9649894405445651,1.02645191173,1.2596803140944801,0,0
3926,0.9649894405445651,1.035018919568,1.2596803140944801,0,0
3927,0.9649894405445651,1.028578297244,1.2596803140944801,0,0
3928,0.9680510529674539,1.029372798208,1.2596803140944801,0,0
3929,0.9680510529674539,1.053406066827,1.2596803140944801,0,0
3930,0.9680510529674539,1.051958217368,1.2596803140944801,0,0
3931,0.9680510529674539,1.047932314675,1.2596803140944801,0,0
3932,0.9680510529674539,1.045160506843,1.2596803140944801,0,0
3933,0.971113278025952,1.058033939939,1.2596803140944801,0,0
3934,0.971113278025952,1.098207292984,1.2596803140944801,0,0
3935,0.971113278025952,1.147533490491,1.2596803140944801,0,0
3936,0.9741765241437993,1.255133316563,1.2596803140944801,0,0
3937,0.9741765241437993,1.401829783328,1.2596803140944801,1,0
3938,0.9741765241437993,1.567070636606,1.2596803140944801,1,0
3939,0.9772400425441397,1.716396400877,1.2596803140944801,1,0
3940,0.9772400425441397,1.903032276503,1.2596803140944801,1,0
3941,0.9803045139332058,2.146380237388,1.2596803140944801,1,0
3942,0.9803045139332058,2.535949978871,1.2596803140944801,1,0
3943,0.9803045139332058,2.950871320188,1.2596803140944801,1,0
3944,0.9833700063816211,3.404801678742,1.2596803140944801,1,0
3945,0.9833700063816211,3.855226931941,1.06346424457725,1,0
3946,0.9833700063816211,4.35706872714,1.06346424457725,1,0
3947,0.9864358391831526,4.91586212254,1.06346424457725,1,0
3948,0.9864358391831526,5.5182146883,1.06346424457725,1,0
3949,0.9864358391831526,6.027352450952,1.06346424457725,1,0
3950,0.9864358391831526,6.49056885725,1.06346424457725,1,0
3951,0.9864358391831526,6.912309509418,1.06346424457725,1,0
3952,0.9864358391831526,7.279655957361,1.06346424457725,1,0
3953,0.9864358391831526,7.531128989274,1.06346424457725,1,0
3954,0.9864358391831526,7.749713933658,1.06346424457725,1,0
3955,0.9864358391831526,7.856297118932,1.06346424457725,1,0
3956,0.9895024888321635,7.862661578572,1.06346424457725,1,0
3957,0.9895024888321635,7.723188475313,1.06346424457725,1,0
3958,0.9895024888321635,7.520375330566,1.06346424457725,1,0
3959,0.9925700914699002,7.273505641253,1.06346424457725,1,0
3960,0.9925700914699002,6.984984092822,1.06346424457725,1,0
3961,0.9925700914699002,6.642473274177,1.06346424457725,1,0
3962,0.9925700914699002,6.229536812977,1.06346424457725,1,0
3963,0.9925700914699002,5.840965513969,1.06346424457725,1,0
3964,0.9925700914699002,5.493169687368,1.06346424457725,1,0
3965,0.9925700914699002,5.080818868894,1.06346424457725,1,0
3966,0.9925700914699002,4.703455065063,1.06346424457725,1,0
3967,0.9925700914699002,4.222352038936,1.06346424457725,1,0
3968,0.9925700914699002,3.671018814723,1.06346424457725,1,0
3969,0.9956381025313764,3.059311151945,1.06346424457725,1,0
3970,0.9956381025313764,2.471825680345,1.06346424457725,1,0
3971,0.9956381025313764,2.044737750923,1.06346424457725,1,0
3972,0.9956381025313764,1.660690127449,1.06346424457725,1,0
3973,0.9987072027228251,1.39984523767,1.06346424457725,1,0
3974,0.9987072027228251,1.170373143614,1.06346424457725,1,0
3975,0.9987072027228251,1.069910473003,1.06346424457725,1,0
3976,0.9987072027228251,1.033784554675,1.06346424457725,0,0
3977,0.9987072027228251,1.021414812596,1.06346424457725,0,0
3978,0.9987072027228251,1.019862004432,1.06346424457725,0,0
3979,0.9987072027228251,1.018104302853,1.06346424457725,0,0
3980,0.9987072027228251,1.026321877646,1.06346424457725,0,0
3981,0.9987072027228251,1.035546418467,1.06346424457725,0,0
3982,0.9956381025313764,1.030747351413,1.06346424457725,0,0
3983,0.9956381025313764,1.047490532091,1.06346424457725,0,0
3984,0.9956381025313764,1.031131513267,1.06346424457725,0,0
3985,0.9987072027228251,1.041250800754,1.06346424457725,0,0
3986,0.9956381025313764,1.079241526574,1.06346424457725,1,0
3987,0.9956381025313764,1.183966191317,1.2596803140944801,0,0
3988,0.9956381025313764,1.318155062282,1.2596803140944801,1,0
3989,0.9956381025313764,1.513429881747,1.2596803140944801,1,0
3990,0.9925700914699002,1.706869401122,1.2596803140944801,1,0
3991,0.9925700914699002,1.913846797154,1.2596803140944801,1,0
3992,0.9925700914699002,2.113413686,1.2596803140944801,1,0
3993,0.9895024888321635,2.2897132803,1.2596803140944801,1,0
3994,0.9864358391831526,2.435698361245,1.2596803140944801,1,0
3995,0.9864358391831526,2.554701017377,1.2596803140944801,1,0
3996,0.9833700063816211,2.61160004198,1.2596803140944801,1,0
3997,0.9803045139332058,2.607531705176,1.2596803140944801,1,0
3998,0.9772400425441397,2.544950184234,1.2596803140944801,1,0
3999,0.9741765241437993,2.442299941281,1.2596803140944801,1,0
4000,0.9741765241437993,2.293755812986,1.2596803140944801,1,0
4001,0.971113278025952,2.126181396928,1.2596803140944801,1,0
4002,0.971113278025952,1.937125780685,1.2596803140944801,1,0
4003,0.9680510529674539,1.734766976156,1.2596803140944801,1,0
4004,0.9680510529674539,1.570736854097,1.2596803140944801,1,0
4005,0.9649894405445651,1.386691532721,1.2596803140944801,1,0
4006,0.9649894405445651,1.237730514083,1.2596803140944801,0,0
4007,0.9649894405445651,1.158310421408,1.2596803140944801,0,0
4008,0.9619283726866625,1.105012859457,1.2596803140944801,0,0
4009,0.9619283726866625,1.07927755187,1.2596803140944801,0,0
4010,0.9619283726866625,1.048198075017,1.2596803140944801,0,0
4011,0.958868325888109,1.065835597885,1.2596803140944801,0,0
4012,0.958868325888109,1.035270614194,1.2596803140944801,0,0
4013,0.958868325888109,1.048679986153,1.2596803140944801,0,0
4014,0.958868325888109,1.058432682634,1.2596803140944801,0,0
4015,0.958868325888109,1.054763809874,1.2596803140944801,0,0
4016,0.958868325888109,1.061000929198,1.2596803140944801,0,0
4017,0.958868325888109,1.099466193269,1.2596803140944801,0,0
4018,0.958868325888109,1.129795745399,1.2596803140944801,0,0
4019,0.958868325888109,1.197391158677,1.2596803140944801,0,0
4020,0.9619283726866625,1.296661406211,1.2596803140944801,1,0
4021,0.9619283726866625,1.424398734357,1.2596803140944801,1,0
4022,0.9619283726866625,1.502824358004,1.2596803140944801,1,0
4023,0.9619283726866625,1.538301633047,1.2596803140944801,1,0
4024,0.9649894405445651,1.502938251903,1.2596803140944801,1,0
4025,0.9649894405445651,1.448133563173,1.2596803140944801,1,0
4026,0.9649894405445651,1.397282013444,1.06346424457725,1,0
4027,0.9680510529674539,1.376686698989,1.06346424457725,1,0
4028,0.9680510529674539,1.398963770165,1.06346424457725,1,0
4029,0.9680510529674539,1.420994180166,1.2094039708538,1,0
4030,0.9680510529674539,1.509592993498,1.2094039708538,1,0
4031,0.971113278025952,1.568342470154,1.2094039708538,1,0
4032,0.971113278025952,1.716514766587,1.2094039708538,1,0
4033,0.971113278025952,1.804962801933,1.2094039708538,1,0
4034,0.9741765241437993,1.938322654436,1.2094039708538,1,0
4035,0.9741765241437993,2.060865097272,1.2094039708538,1,0
4036,0.9741765241437993,2.194879115521,1.2094039708538,1,0
4037,0.9772400425441397,2.316096340973,1.2094039708538,1,0
4038,0.9772400425441397,2.433292041209,1.2094039708538,1,0
4039,0.9772400425441397,2.521662187354,1.2094039708538,1,0
4040,0.9772400425441397,2.591475287064,1.2094039708538,1,0
4041,0.9803045139332058,2.629663173819,1.2094039708538,1,0
4042,0.9803045139332058,2.665959091587,1.2094039708538,1,0
4043,0.9833700063816211,2.668870079772,1.2094039708538,1,0
4044,0.9833700063816211,2.640851302985,1.2094039708538,1,0
4045,0.9864358391831526,2.595697498566,1.2094039708538,1,0
4046,0.9864358391831526,2.549680596571,1.2094039708538,1,0
4047,0.9864358391831526,2.480139498339,1.2094039708538,1,0
4048,0.9864358391831526,2.373548667583,1.2094039708538,1,0
4049,0.9864358391831526,2.258718084867,1.2094039708538,1,0
4050,0.9864358391831526,2.141063375763,1.2094039708538,1,0
4051,0.9864358391831526,2.035918410008,1.2094039708538,1,0
4052,0.9864358391831526,1.906187567171,1.2094039708538,1,0
4053,0.9864358391831526,1.815416006585,1.2094039708538,1,0
4054,0.9895024888321635,1.698349153628,1.2094039708538,1,0
4055,0.9895024888321635,1.60919383942,1.2094039708538,1,0
4056,0.9895024888321635,1.574856574315,1.2094039708538,1,0
4057,0.9895024888321635,1.549438981676,1.2094039708538,1,0
4058,0.9925700914699002,1.555470561142,1.2094039708538,1,0
4059,0.9925700914699002,1.603823941301,1.2094039708538,1,0
4060,0.9925700914699002,1.665588479961,1.2094039708538,1,0
4061,0.9925700914699002,1.768317148416,1.2094039708538,1,0
4062,0.9925700914699002,1.803020501059,1.2094039708538,1,0
4063,0.9925700914699002,1.805678763217,1.2094039708538,1,0
4064,0.9925700914699002,1.671832499913,1.2094039708538,1,0
4065,0.9925700914699002,1.515424507058,1.2094039708538,1,0
4066,0.9925700914699002,1.346764301169,1.2094039708538,1,0
4067,0.9956381025313764,1.216869488488,1.2094039708538,1,0
4068,0.9956381025313764,1.128049730347,1.2094039708538,0,0
4069,0.9956381025313764,1.089099104201,1.2094039708538,0,0
4070,0.9956381025313764,1.057800892462,1.2094039708538,0,0
4071,0.9987072027228251,1.033025778115,1.2094039708538,0,0
4072,0.9987072027228251,1.020348032185,1.2094039708538,0,0
4073,0.9987072027228251,1.022881229919,1.2094039708538,0,0
4074,0.9987072027228251,1.02034673419,1.06346424457725,0,0
4075,0.9987072027228251,1.015193386032,1.06346424457725,0,0
4076,0.9987072027228251,1.01928204611,1.06346424457725,0,0
4077,0.9987072027228251,1.024843973639,1.06346424457725,0,0
4078,0.9987072027228251,1.024540260616,1.06346424457725,0,0
4079,0.9987072027228251,1.04204553531,1.06346424457725,0,0
4080,0.9987072027228251,1.037098546515,1.06346424457725,0,0
4081,0.9956381025313764,1.05013124983,1.06346424457725,0,0
4082,0.9987072027228251,1.04144146805,1.06346424457725,0,0
4083,0.9987072027228251,1.06183223324,1.06346424457725,0,0
4084,0.9987072027228251,1.103872255281,1.06346424457725,1,0
4085,0.9956381025313764,1.211178916528,1.2596803140944801,0,0
4086,0.9956381025313764,1.358351368502,1.2596803140944801,1,0
4087,0.9956381025313764,1.569127166633,1.2596803140944801,1,0
4088,0.9925700914699002,1.759784134695,1.2596803140944801,1,0
4089,0.9925700914699002,1.962906374533,1.2596803140944801,1,0
4090,0.9895024888321635,2.146280597322,1.2596803140944801,1,0
4091,0.9895024888321635,2.300047548096,1.2596803140944801,1,0
4092,0.9864358391831526,2.422981325934,1.2596803140944801,1,0
4093,0.9833700063816211,2.491984472256,1.2596803140944801,1,0
4094,0.9803045139332058,2.49510294878,1.2596803140944801,1,0
4095,0.9772400425441397,2.425111820037,1.2596803140944801,1,0
4096,0.9772400425441397,2.322118602786,1.2596803140944801,1,0
4097,0.9741765241437993,2.192577431449,1.2596803140944801,1,0
4098,0.971113278025952,2.005219282998,1.2596803140944801,1,0
4099,0.971113278025952,1.830236954059,1.2596803140944801,1,0
4100,0.9680510529674539,1.630544852517,1.2596803140944801,1,0
4101,0.9680510529674539,1.460592060927,1.2596803140944801,1,0
4102,0.9680510529674539,1.329854743512,1.2596803140944801,1,0
4103,0.9649894405445651,1.182969118272,1.2596803140944801,0,0
4104,0.9649894405445651,1.144055841927,1.2596803140944801,0,0
4105,0.9619283726866625,1.101536088102,1.2596803140944801,0,0
4106,0.9619283726866625,1.067357537802,1.2596803140944801,0,0
4107,0.9619283726866625,1.038066127778,1.2596803140944801,0,0
4108,0.9619283726866625,1.054865786772,1.2596803140944801,0,0
4109,0.9619283726866625,1.031449414722,1.2596803140944801,0,0
4110,0.958868325888109,1.042022063597,1.2596803140944801,0,0
4111,0.958868325888109,1.047796178582,1.2596803140944801,0,0
4112,0.958868325888109,1.037519618419,1.2596803140944801,0,0
4113,0.958868325888109,1.04403445932,1.2596803140944801,0,0
4114,0.958868325888109,1.090472300184,1.2596803140944801,0,0
4115,0.958868325888109,1.102120875515,1.2596803140944801,0,0
4116,0.9619283726866625,1.141139928857,1.2596803140944801,0,0
4117,0.9619283726866625,1.207059888904,1.2596803140944801,0,0
4118,0.9619283726866625,1.309838812177,1.2596803140944801,1,0
4119,0.9619283726866625,1.441626408567,1.2596803140944801,1,0
4120,0.9619283726866625,1.522351806348,1.2596803140944801,1,0
4121,0.9649894405445651,1.552006242207,1.2596803140944801,1,0
4122,0.9649894405445651,1.516487147156,1.2596803140944801,1,0
4123,0.9649894405445651,1.479243204293,1.2596803140944801,1,0
4124,0.9680510529674539,1.461074622361,1.06346424457725,1,0
4125,0.9680510529674539,1.492052810139,1.06346424457725,1,0
4126,0.9680510529674539,1.525895505485,1.2094039708538,1,0
4127,0.9680510529674539,1.628360319238,1.2094039708538,1,0
4128,0.9680510529674539,1.703047668367,1.2094039708538,1,0
4129,0.971113278025952,1.869116819775,1.2094039708538,1,0
4130,0.971113278025952,1.98972124607,1.2094039708538,1,0
4131,0.9741765241437993,2.116638872168,1.2094039708538,1,0
4132,0.9741765241437993,2.2693436855,1.2094039708538,1,0
4133,0.9741765241437993,2.416021343183,1.2094039708538,1,0
4134,0.9741765241437993,2.538379753339,1.2094039708538,1,0
4135,0.9772400425441397,2.6592221813,1.2094039708538,1,0
4136,0.9772400425441397,2.723098892692,1.2094039708538,1,0
4137,0.9772400425441397,2.797926911659,1.2094039708538,1,0
4138,0.9803045139332058,2.827654499106,1.2094039708538,1,0
4139,0.9803045139332058,2.820358170564,1.2094039708538,1,0
4140,0.9803045139332058,2.811705523341,1.2094039708538,1,0
4141,0.9833700063816211,2.744558725346,1.2094039708538,1,0
4142,0.9833700063816211,2.657284856678,1.2094039708538,1,0
4143,0.9864358391831526,2.558253174607,1.2094039708538,1,0
4144,0.9833700063816211,2.437106995751,1.2094039708538,1,0
4145,0.9833700063816211,2.29146478701,1.2094039708538,1,0
4146,0.9833700063816211,2.129665100008,1.2094039708538,1,0
4147,0.9833700063816211,1.978313482041,1.2094039708538,1,0
4148,0.9864358391831526,1.877464137477,1.2094039708538,1,0
4149,0.9864358391831526,1.749623062948,1.2094039708538,1,0
4150,0.9864358391831526,1.652652601884,1.2094039708538,1,0
4151,0.9864358391831526,1.568508477229,1.2094039708538,1,0
4152,0.9895024888321635,1.486397151824,1.2094039708538,1,0
4153,0.9895024888321635,1.451339720756,1.2094039708538,1,0
4154,0.9895024888321635,1.428415177508,1.2094039708538,1,0
4155,0.9895024888321635,1.449253083216,1.2094039708538,1,0
4156,0.9895024888321635,1.492738618332,1.2094039708538,1,0
4157,0.9895024888321635,1.547570740319,1.2094039708538,1,0
4158,0.9925700914699002,1.658197780257,1.2094039708538,1,0
4159,0.9925700914699002,1.743788712136,1.2094039708538,1,0
4160,0.9925700914699002,1.811661904257,1.2094039708538,1,0
4161,0.9925700914699002,1.760325917516,1.2094039708538,1,0
4162,0.9925700914699002,1.617156951225,1.2094039708538,1,0
4163,0.9925700914699002,1.460556997877,1.2094039708538,1,0
4164,0.9925700914699002,1.326613544586,1.2094039708538,1,0
4165,0.9925700914699002,1.196421805569,1.2094039708538,0,0
4166,0.9925700914699002,1.121408772198,1.2094039708538,0,0
4167,0.9956381025313764,1.087997655445,1.2094039708538,0,0
4168,0.9956381025313764,1.061727274773,1.2094039708538,0,0
4169,0.9987072027228251,1.039520707197,1.2094039708538,0,0
4170,0.9987072027228251,1.024143378127,1.2094039708538,0,0
4171,0.9987072027228251,1.032485729464,1.2094039708538,0,0
4172,0.9987072027228251,1.02458178025,1.06346424457725,0,0
4173,0.9987072027228251,1.018524371608,1.06346424457725,0,0
4174,0.9987072027228251,1.022487658062,1.06346424457725,0,0
4175,0.9987072027228251,1.021706430073,1.06346424457725,0,0
4176,0.9987072027228251,1.032155546613,1.06346424457725,0,0
4177,0.9987072027228251,1.044732894842,1.06346424457725,0,0
4178,0.9956381025313764,1.045061848989,1.06346424457725,0,0
4179,0.9956381025313764,1.063511173314,1.06346424457725,1,0
4180,0.9956381025313764,1.059625718784,1.06346424457725,0,0
4181,0.9987072027228251,1.084253713324,1.06346424457725,1,0
4182,0.9987072027228251,1.161628030913,1.06346424457725,1,0
4183,0.9956381025313764,1.279580176004,1.2596803140944801,1,0
4184,0.9956381025313764,1.440435987409,1.2596803140944801,1,0
4185,0.9956381025313764,1.620013532662,1.2596803140944801,1,0
4186,0.9925700914699002,1.798772844418,1.2596803140944801,1,0
4187,0.9925700914699002,1.978108200088,1.2596803140944801,1,0
4188,0.9895024888321635,2.12680616986,1.2596803140944801,1,0
4189,0.9895024888321635,2.251075139999,1.2596803140944801,1,0
4190,0.9864358391831526,2.353715866151,1.2596803140944801,1,0
4191,0.9864358391831526,2.418682820566,1.2596803140944801,1,0
4192,0.9833700063816211,2.441723226225,1.2596803140944801,1,0
4193,0.9772400425441397,2.343419836348,1.2596803140944801,1,0
4194,0.9772400425441397,2.239639628608,1.2596803140944801,1,0
4195,0.9741765241437993,2.060385854127,1.2596803140944801,1,0
4196,0.971113278025952,1.872828242249,1.2596803140944801,1,0
4197,0.971113278025952,1.694002778163,1.2596803140944801,1,0
4198,0.971113278025952,1.502090066443,1.2596803140944801,1,0
4199,0.9680510529674539,1.329168970866,1.2596803140944801,1,0
4200,0.9680510529674539,1.23078958117,1.2596803140944801,0,0
4201,0.9649894405445651,1.130856839523,1.2596803140944801,0,0
4202,0.9649894405445651,1.092903788258,1.2596803140944801,0,0
4203,0.9649894405445651,1.08079452315,1.2596803140944801,0,0
4204,0.9619283726866625,1.056645761996,1.2596803140944801,0,0
4205,0.9619283726866625,1.02966874944,1.2596803140944801,0,0
4206,0.9619283726866625,1.04974335823,1.2596803140944801,0,0
4207,0.9619283726866625,1.028240934069,1.2596803140944801,0,0
4208,0.958868325888109,1.032773447394,1.2596803140944801,0,0
4209,0.9619283726866625,1.044460632274,1.2596803140944801,0,0
4210,0.958868325888109,1.037968573281,1.2596803140944801,0,0
4211,0.958868325888109,1.036739215705,1.2596803140944801,0,0
4212,0.958868325888109,1.070848317014,1.2596803140944801,0,0
4213,0.958868325888109,1.091016437516,1.2596803140944801,0,0
4214,0.958868325888109,1.125063928626,1.2596803140944801,0,0
4215,0.9619283726866625,1.163410039983,1.2596803140944801,0,0
4216,0.9619283726866625,1.243082399493,1.2596803140944801,0,0
4217,0.9619283726866625,1.379953630227,1.2596803140944801,1,0
4218,0.9619283726866625,1.474138163876,1.2596803140944801,1,0
4219,0.9649894405445651,1.521875013721,1.2596803140944801,1,0
4220,0.9649894405445651,1.530271603808,1.2596803140944801,1,0
4221,0.9649894405445651,1.476104935831,1.2596803140944801,1,0
4222,0.9649894405445651,1.433486786688,1.06346424457725,1,0
4223,0.9680510529674539,1.429981421967,1.06346424457725,1,0
4224,0.9680510529674539,1.461383187027,1.2094039708538,1,0
4225,0.9680510529674539,1.489435528386,1.2094039708538,1,0
4226,0.9680510529674539,1.592066016923,1.2094039708538,1,0
4227,0.971113278025952,1.681274916796,1.2094039708538,1,0
4228,0.971113278025952,1.817201577495,1.2094039708538,1,0
4229,0.9741765241437993,1.969240048139,1.2094039708538,1,0
4230,0.9741765241437993,2.122276599965,1.2094039708538,1,0
4231,0.9741765241437993,2.224678829379,1.2094039708538,1,0
4232,0.9741765241437993,2.33589577645,1.2094039708538,1,0
4233,0.9772400425441397,2.46062306834,1.2094039708538,1,0
4234,0.9772400425441397,2.558641705553,1.2094039708538,1,0
4235,0.9772400425441397,2.628168189219,1.2094039708538,1,0
4236,0.9803045139332058,2.679257936325,1.2094039708538,1,0
4237,0.9803045139332058,2.704754210711,1.2094039708538,1,0
4238,0.9833700063816211,2.747924777084,1.2094039708538,1,0
4239,0.9864358391831526,2.752101657427,1.2094039708538,1,0
4240,0.9864358391831526,2.738439763035,1.2094039708538,1,0
4241,0.9864358391831526,2.70558908058,1.2094039708538,1,0
4242,0.9864358391831526,2.651706105064,1.2094039708538,1,0
4243,0.9864358391831526,2.588617071692,1.2094039708538,1,0
4244,0.9864358391831526,2.475242893044,1.2094039708538,1,0
4245,0.9864358391831526,2.374944885145,1.2094039708538,1,0
4246,0.9864358391831526,2.252102169268,1.2094039708538,1,0
4247,0.9864358391831526,2.153822842151,1.2094039708538,1,0
4248,0.9864358391831526,2.01580177022,1.2094039708538,1,0
4249,0.9895024888321635,1.965624479801,1.2094039708538,1,0
4250,0.9895024888321635,1.832699252639,1.2094039708538,1,0
4251,0.9895024888321635,1.745172697449,1.2094039708538,1,0
4252,0.9895024888321635,1.709971815197,1.2094039708538,1,0
4253,0.9895024888321635,1.688234662326,1.2094039708538,1,0
4254,0.9925700914699002,1.693791136875,1.2094039708538,1,0
4255,0.9925700914699002,1.745253419316,1.2094039708538,1,0
4256,0.9925700914699002,1.811720868107,1.2094039708538,1,0
4257,0.9925700914699002,1.871820153673,1.2094039708538,1,0
4258,0.9925700914699002,1.875236359706,1.2094039708538,1,0
4259,0.9925700914699002,1.758648418022,1.2094039708538,1,0
4260,0.9925700914699002,1.599072484489,1.2094039708538,1,0
4261,0.9925700914699002,1.449954449808,1.2094039708538,1,0
4262,0.9925700914699002,1.298500662148,1.2094039708538,1,0
4263,0.9956381025313764,1.181215789993,1.2094039708538,0,0
4264,0.9956381025313764,1.101915173385,1.2094039708538,0,0
4265,0.9956381025313764,1.060838027557,1.2094039708538,0,0
4266,0.9956381025313764,1.039198534848,1.2094039708538,0,0
4267,0.9956381025313764,1.02030136519,1.2094039708538,0,0
4268,0.9956381025313764,1.020510067316,1.2094039708538,0,0
4269,0.9987072027228251,1.022568520174,1.06346424457725,0,0
4270,0.9987072027228251,1.019195336588,1.06346424457725,0,0
4271,0.9956381025313764,1.014939748767,1.06346424457725,0,0
4272,0.9987072027228251,1.017338505571,1.06346424457725,0,0
4273,0.9987072027228251,1.023554481689,1.06346424457725,0,0
4274,0.9987072027228251,1.025134311336,1.06346424457725,0,0
4275,0.9956381025313764,1.031845081331,1.06346424457725,0,0
4276,0.9956381025313764,1.03134594465,1.06346424457725,0,0
4277,0.9969336226334824,1.04172905765,1.06346424457725,0,0
4278,0.9956381025313764,1.025451385839,1.06346424457725,0,0
4279,0.9956381025313764,1.023712584828,1.06346424457725,0,0
4280,0.9956381025313764,1.006508670416,1.2596803140944801,0,0
4281,0.9925700914699002,1.045975539337,1.2596803140944801,0,0
4282,0.9925700914699002,1.108929400041,1.2596803140944801,0,0
4283,0.9925700914699002,1.215656785147,1.2596803140944801,0,0
4284,0.9895024888321635,1.362818402022,1.2596803140944801,1,0
4285,0.9895024888321635,1.538103676039,1.2596803140944801,1,0
4286,0.9864358391831526,1.693375316742,1.2596803140944801,1,0
4287,0.9864358391831526,1.819288935638,1.2596803140944801,1,0
4288,0.9833700063816211,1.915025642115,1.2596803140944801,1,0
4289,0.9803045139332058,1.949504419454,1.2596803140944801,1,0
4290,0.9772400425441397,1.952851886881,1.2596803140944801,1,0
4291,0.9772400425441397,1.900344171196,1.2596803140944801,1,0
4292,0.9741765241437993,1.82929171205,1.2596803140944801,1,0
4293,0.971113278025952,1.712271700759,1.2596803140944801,1,0
4294,0.971113278025952,1.584249598233,1.2596803140944801,1,0
4295,0.971113278025952,1.454367403538,1.2596803140944801,1,0
4296,0.9680510529674539,1.354901402434,1.2596803140944801,1,0
4297,0.9680510529674539,1.243150692636,1.2596803140944801,0,0
4298,0.9649894405445651,1.158399224981,1.2596803140944801,0,0
4299,0.9649894405445651,1.125122396079,1.2596803140944801,0,0
4300,0.9649894405445651,1.093306885689,1.2596803140944801,0,0
4301,0.9619283726866625,1.077602020003,1.2596803140944801,0,0
4302,0.9619283726866625,1.041274862992,1.2596803140944801,0,0
4303,0.958868325888109,1.057538805385,1.2596803140944801,0,0
4304,0.9619283726866625,1.031453161377,1.2596803140944801,0,0
4305,0.958868325888109,1.035828228284,1.2596803140944801,0,0
4306,0.958868325888109,1.050562338696,1.2596803140944801,0,0
4307,0.958868325888109,1.045406803349,1.2596803140944801,0,0
4308,0.958868325888109,1.044285763598,1.2596803140944801,0,0
4309,0.958868325888109,1.07994000101,1.2596803140944801,0,0
4310,0.958868325888109,1.105870753448,1.2596803140944801,0,0
4311,0.958868325888109,1.15216154966,1.2596803140944801,0,0
4312,0.958868325888109,1.212068107354,1.2596803140944801,0,0
4313,0.958868325888109,1.33135879539,1.2596803140944801,1,0
4314,0.9619283726866625,1.443392295157,1.2596803140944801,1,0
4315,0.9619283726866625,1.48916511415,1.2596803140944801,1,0
4316,0.9619283726866625,1.450665394537,1.2596803140944801,1,0
4317,0.9649894405445651,1.391704293501,1.2596803140944801,1,0
4318,0.9649894405445651,1.334595421056,1.06346424457725,1,0
4319,0.9649894405445651,1.28132148034,1.06346424457725,1,0
4320,0.9680510529674539,1.256708937761,1.06346424457725,1,0
4321,0.9680510529674539,1.26205349007,1.2094039708538,1,0
4322,0.9680510529674539,1.289850547786,1.2094039708538,1,0
4323,0.9680510529674539,1.324508216251,1.2094039708538,1,0
4324,0.971113278025952,1.392429301292,1.2094039708538,1,0
4325,0.971113278025952,1.487546640486,1.2094039708538,1,0
4326,0.971113278025952,1.556375721914,1.2094039708538,1,0
4327,0.9741765241437993,1.655832366356,1.2094039708538,1,0
4328,0.9741765241437993,1.767125553127,1.2094039708538,1,0
4329,0.9741765241437993,1.856430910824,1.2094039708538,1,0
4330,0.9772400425441397,1.955819887001,1.2094039708538,1,0
4331,0.9772400425441397,2.050481543697,1.2094039708538,1,0
4332,0.9772400425441397,2.122543128477,1.2094039708538,1,0
4333,0.9803045139332058,2.177065864326,1.2094039708538,1,0
4334,0.9803045139332058,2.217985739766,1.2094039708538,1,0
4335,0.9803045139332058,2.242185913039,1.2094039708538,1,0
4336,0.9833700063816211,2.242247602667,1.2094039708538,1,0
4337,0.9833700063816211,2.21019447425,1.2094039708538,1,0
4338,0.9864358391831526,2.194574431361,1.2094039708538,1,0
4339,0.9864358391831526,2.168952476644,1.2094039708538,1,0
4340,0.9864358391831526,2.123768845338,1.2094039708538,1,0
4341,0.9864358391831526,2.061316723517,1.2094039708538,1,0
4342,0.9864358391831526,1.989866418856,1.2094039708538,1,0
4343,0.9864358391831526,1.925083559134,1.2094039708538,1,0
4344,0.9864358391831526,1.828504797406,1.2094039708538,1,0
4345,0.9864358391831526,1.771791621258,1.2094039708538,1,0
4346,0.9864358391831526,1.657755016322,1.2094039708538,1,0
4347,0.9895024888321635,1.623148225536,1.2094039708538,1,0
4348,0.9895024888321635,1.545803804019,1.2094039708538,1,0
4349,0.9895024888321635,1.537306902087,1.2094039708538,1,0
4350,0.9895024888321635,1.525764778096,1.2094039708538,1,0
4351,0.9925700914699002,1.554641975736,1.2094039708538,1,0
4352,0.9925700914699002,1.613114406752,1.2094039708538,1,0
4353,0.9925700914699002,1.670424004332,1.2094039708538,1,0
4354,0.9925700914699002,1.763051736888,1.2094039708538,1,0
4355,0.9925700914699002,1.829924459608,1.2094039708538,1,0
4356,0.9925700914699002,1.799273664973,1.2094039708538,1,0
4357,0.9925700914699002,1.665062416652,1.2094039708538,1,0
4358,0.9925700914699002,1.491416711859,1.2094039708538,1,0
4359,0.9925700914699002,1.321700481748,1.2094039708538,1,0
4360,0.9925700914699002,1.18617573703,1.2094039708538,0,0
4361,0.9956381025313764,1.108240220991,1.2094039708538,0,0
4362,0.9956381025313764,1.074298155183,1.2094039708538,0,0
4363,0.9956381025313764,1.055025414552,1.2094039708538,0,0
4364,0.9956381025313764,1.034301862212,1.2094039708538,0,0
4365,0.9956381025313764,1.023791382466,1.2094039708538,0,0
4366,0.9956381025313764,1.016493517294,1.2094039708538,0,0
4367,0.9987072027228251,1.02074556724,1.06346424457725,0,0
4368,0.9987072027228251,1.017881739183,1.06346424457725,0,0
4369,0.9987072027228251,1.014662800583,1.06346424457725,0,0
4370,0.9987072027228251,1.017894108582,1.06346424457725,0,0
4371,0.9956381025313764,1.01847257454,1.06346424457725,0,0
4372,0.9987072027228251,1.023948488382,1.06346424457725,0,0
4373,0.9956381025313764,1.033227066514,1.06346424457725,0,0
4374,0.9956381025313764,1.027332979602,1.06346424457725,0,0
4375,0.9956381025313764,1.036101371869,1.06346424457725,0,0
4376,0.9956381025313764,1.016637301584,1.06346424457725,0,0
4377,0.9956381025313764,1.017237797677,1.06346424457725,0,0
4378,0.9956381025313764,1.025766250498,1.2596803140944801,0,0
4379,0.9956381025313764,1.095999592929,1.2596803140944801,0,0
4380,0.9925700914699002,1.184306886244,1.2596803140944801,0,0
4381,0.9925700914699002,1.34116123337,1.2596803140944801,1,0
4382,0.9895024888321635,1.502405769187,1.2596803140944801,1,0
4383,0.9895024888321635,1.681590664585,1.2596803140944801,1,0
4384,0.9895024888321635,1.840055595855,1.2596803140944801,1,0
4385,0.9864358391831526,1.974019309509,1.2596803140944801,1,0
4386,0.9833700063816211,2.064274046543,1.2596803140944801,1,0
4387,0.9803045139332058,2.102033513443,1.2596803140944801,1,0
4388,0.9772400425441397,2.083043812672,1.2596803140944801,1,0
4389,0.9741765241437993,2.009938487823,1.2596803140944801,1,0
4390,0.9741765241437993,1.921307908793,1.2596803140944801,1,0
4391,0.9741765241437993,1.808575602634,1.2596803140944801,1,0
4392,0.971113278025952,1.675706595859,1.2596803140944801,1,0
4393,0.971113278025952,1.53664739759,1.2596803140944801,1,0
4394,0.9680510529674539,1.398499653542,1.2596803140944801,1,0
4395,0.9680510529674539,1.311527836756,1.2596803140944801,1,0
4396,0.9649894405445651,1.186825563335,1.2596803140944801,0,0
4397,0.9649894405445651,1.157114426871,1.2596803140944801,0,0
4398,0.9649894405445651,1.095876934147,1.2596803140944801,0,0
4399,0.9619283726866625,1.104766860411,1.2596803140944801,0,0
4400,0.9619283726866625,1.044053447436,1.2596803140944801,0,0
4401,0.9619283726866625,1.060214167687,1.2596803140944801,0,0
4402,0.958868325888109,1.035793547808,1.2596803140944801,0,0
4403,0.958868325888109,1.030889500396,1.2596803140944801,0,0
4404,0.958868325888109,1.054869648206,1.2596803140944801,0,0
4405,0.958868325888109,1.049421149365,1.2596803140944801,0,0
4406,0.958868325888109,1.042726844979,1.2596803140944801,0,0
4407,0.958868325888109,1.073924928669,1.2596803140944801,0,0
4408,0.958868325888109,1.108206055924,1.2596803140944801,0,0
4409,0.958868325888109,1.145579537172,1.2596803140944801,0,0
4410,0.958868325888109,1.220801769555,1.2596803140944801,0,0
4411,0.9619283726866625,1.334411989955,1.2596803140944801,1,0
4412,0.9619283726866625,1.436400234472,1.2596803140944801,1,0
4413,0.9619283726866625,1.478816291607,1.2596803140944801,1,0
4414,0.9619283726866625,1.460131432359,1.2596803140944801,1,0
4415,0.9619283726866625,1.406194093644,1.2596803140944801,1,0
4416,0.9649894405445651,1.345866738588,1.2596803140944801,1,0
4417,0.9649894405445651,1.293401942167,1.06346424457725,1,0
4418,0.9649894405445651,1.263001844188,1.06346424457725,1,0
4419,0.9680510529674539,1.262277546111,1.2094039708538,1,0
4420,0.9680510529674539,1.283710086249,1.2094039708538,1,0
4421,0.9680510529674539,1.315952927832,1.2094039708538,1,0
4422,0.971113278025952,1.362507867586,1.2094039708538,1,0
4423,0.971113278025952,1.452559250625,1.2094039708538,1,0
4424,0.971113278025952,1.521603807087,1.2094039708538,1,0
4425,0.971113278025952,1.62374982538,1.2094039708538,1,0
4426,0.9741765241437993,1.724093572858,1.2094039708538,1,0
4427,0.9741765241437993,1.817766612606,1.2094039708538,1,0
4428,0.9772400425441397,1.878900974202,1.2094039708538,1,0
4429,0.9772400425441397,1.990479305056,1.2094039708538,1,0
4430,0.9772400425441397,2.037828494227,1.2094039708538,1,0
4431,0.9803045139332058,2.100510456881,1.2094039708538,1,0
4432,0.9803045139332058,2.13859051902,1.2094039708538,1,0
4433,0.9803045139332058,2.164035553521,1.2094039708538,1,0
4434,0.9833700063816211,2.171808341098,1.2094039708538,1,0
4435,0.9833700063816211,2.173255511536,1.2094039708538,1,0
4436,0.9864358391831526,2.154564477424,1.2094039708538,1,0
4437,0.9864358391831526,2.140417540923,1.2094039708538,1,0
4438,0.9864358391831526,2.09547307734,1.2094039708538,1,0
4439,0.9864358391831526,2.042306739645,1.2094039708538,1,0
4440,0.9864358391831526,1.968083084567,1.2094039708538,1,0
4441,0.9864358391831526,1.918843575815,1.2094039708538,1,0
4442,0.9864358391831526,1.814012408375,1.2094039708538,1,0
4443,0.9864358391831526,1.760235162513,1.2094039708538,1,0
4444,0.9864358391831526,1.650305570803,1.2094039708538,1,0
4445,0.9895024888321635,1.625301655377,1.2094039708538,1,0
4446,0.9895024888321635,1.556226774167,1.2094039708538,1,0
4447,0.9895024888321635,1.534201477716,1.2094039708538,1,0
4448,0.9895024888321635,1.521688379091,1.2094039708538,1,0
4449,0.9895024888321635,1.544405613978,1.2094039708538,1,0
4450,0.9925700914699002,1.595633233188,1.2094039708538,1,0
4451,0.9925700914699002,1.655790720576,1.2094039708538,1,0
4452,0.9925700914699002,1.744552099533,1.2094039708538,1,0
4453,0.9925700914699002,1.813761414445,1.2094039708538,1,0
4454,0.9925700914699002,1.821564426778,1.2094039708538,1,0
4455,0.9925700914699002,1.696518809064,1.2094039708538,1,0
4456,0.9925700914699002,1.523935093812,1.2094039708538,1,0
4457,0.9925700914699002,1.359273164017,1.2094039708538,1,0
4458,0.9956381025313764,1.217178381424,1.2094039708538,1,0
4459,0.9956381025313764,1.124156584845,1.2094039708538,0,0
4460,0.9956381025313764,1.084916164036,1.2094039708538,0,0
4461,0.9956381025313764,1.061441100207,1.2094039708538,0,0
4462,0.9987072027228251,1.033193579464,1.2094039708538,0,0
4463,0.9987072027228251,1.025885575638,1.2094039708538,0,0
4464,0.9987072027228251,1.016808625431,1.2094039708538,0,0
4465,0.9987072027228251,1.021507839496,1.06346424457725,0,0
4466,0.9987072027228251,1.018014479852,1.06346424457725,0,0
4467,0.9987072027228251,1.015800220841,1.06346424457725,0,0
4468,0.9987072027228251,1.02033927881,1.06346424457725,0,0
4469,0.9987072027228251,1.016656130334,1.06346424457725,0,0
4470,0.9987072027228251,1.026182780665,1.06346424457725,0,0
4471,0.9987072027228251,1.037390156184,1.06346424457725,0,0
4472,0.9987072027228251,1.044616526761,1.06346424457725,0,0
4473,0.9956381025313764,1.040150162266,1.06346424457725,0,0
4474,0.9956381025313764,1.038384847401,1.06346424457725,0,0
4475,0.9956381025313764,1.051042141953,1.06346424457725,0,0
4476,0.9956381025313764,1.121602697036,1.2596803140944801,0,0
4477,0.9956381025313764,1.245494037711,1.2596803140944801,0,0
4478,0.9925700914699002,1.400453376549,1.2596803140944801,1,0
4479,0.9925700914699002,1.597178750183,1.2596803140944801,1,0
4480,0.9895024888321635,1.762806168864,1.2596803140944801,1,0
4481,0.9895024888321635,1.929783333311,1.2596803140944801,1,0
4482,0.9895024888321635,2.089739907044,1.2596803140944801,1,0
4483,0.9864358391831526,2.191379426276,1.2596803140944801,1,0
4484,0.9833700063816211,2.254454075383,1.2596803140944801,1,0
4485,0.9833700063816211,2.280114500432,1.2596803140944801,1,0
4486,0.9803045139332058,2.249368297626,1.2596803140944801,1,0
4487,0.9772400425441397,2.165829079568,1.2596803140944801,1,0
4488,0.9741765241437993,2.065000388234,1.2596803140944801,1,0
4489,0.9741765241437993,1.937613336075,1.2596803140944801,1,0
4490,0.971113278025952,1.791167542555,1.2596803140944801,1,0
4491,0.971113278025952,1.613336590603,1.2596803140944801,1,0
4492,0.9680510529674539,1.451542811208,1.2596803140944801,1,0
4493,0.9680510529674539,1.329269061068,1.2596803140944801,1,0
4494,0.9680510529674539,1.198116193207,1.2596803140944801,0,0
4495,0.9649894405445651,1.1705233666,1.2596803140944801,0,0
4496,0.9649894405445651,1.095605394236,1.2596803140944801,0,0
4497,0.9619283726866625,1.10407782545,1.2596803140944801,0,0
4498,0.9619283726866625,1.047813662777,1.2596803140944801,0,0
4499,0.9619283726866625,1.058226494679,1.2596803140944801,0,0
4500,0.9619283726866625,1.041539269554,1.2596803140944801,0,0
4501,0.958868325888109,1.029206763745,1.2596803140944801,0,0
4502,0.958868325888109,1.049778424231,1.2596803140944801,0,0
4503,0.958868325888109,1.054333880675,1.2596803140944801,0,0
4504,0.958868325888109,1.051335800925,1.2596803140944801,0,0
4505,0.958868325888109,1.059361863189,1.2596803140944801,0,0
4506,0.958868325888109,1.095634204189,1.2596803140944801,0,0
4507,0.958868325888109,1.141770600106,1.2596803140944801,0,0
4508,0.958868325888109,1.200499383497,1.2596803140944801,0,0
4509,0.958868325888109,1.311279916787,1.2596803140944801,1,0
4510,0.9619283726866625,1.427445505709,1.2596803140944801,1,0
4511,0.9619283726866625,1.509415322582,1.2596803140944801,1,0
4512,0.9619283726866625,1.538147118681,1.2596803140944801,1,0
4513,0.9619283726866625,1.522249193599,1.2596803140944801,1,0
4514,0.9649894405445651,1.468842851357,1.2596803140944801,1,0
4515,0.9649894405445651,1.409018836061,1.06346424457725,1,0
4516,0.9649894405445651,1.377658693349,1.06346424457725,1,0
4517,0.9680510529674539,1.389592016007,1.06346424457725,1,0
4518,0.9680510529674539,1.400290711665,1.2094039708538,1,0
4519,0.9680510529674539,1.467214005843,1.2094039708538,1,0
4520,0.9680510529674539,1.516069964929,1.2094039708538,1,0
4521,0.971113278025952,1.599975788189,1.2094039708538,1,0
4522,0.971113278025952,1.653984108544,1.2094039708538,1,0
4523,0.971113278025952,1.749087371419,1.2094039708538,1,0
4524,0.9741765241437993,1.841821293781,1.2094039708538,1,0
4525,0.9741765241437993,1.924175364989,1.2094039708538,1,0
4526,0.9772400425441397,1.987612353161,1.2094039708538,1,0
4527,0.9772400425441397,2.067277284143,1.2094039708538,1,0
4528,0.9772400425441397,2.129010974188,1.2094039708538,1,0
4529,0.9772400425441397,2.168426051479,1.2094039708538,1,0
4530,0.9803045139332058,2.200892783224,1.2094039708538,1,0
4531,0.9803045139332058,2.224614702736,1.2094039708538,1,0
4532,0.9803045139332058,2.208646466514,1.2094039708538,1,0
4533,0.9833700063816211,2.183202491523,1.2094039708538,1,0
4534,0.9833700063816211,2.138415093106,1.2094039708538,1,0
4535,0.9864358391831526,2.10609106301,1.2094039708538,1,0
4536,0.9864358391831526,2.061160898183,1.2094039708538,1,0
4537,0.9864358391831526,2.005867400562,1.2094039708538,1,0
4538,0.9864358391831526,1.948333134596,1.2094039708538,1,0
4539,0.9864358391831526,1.893970053565,1.2094039708538,1,0
4540,0.9864358391831526,1.822577360325,1.2094039708538,1,0
4541,0.9864358391831526,1.739181266886,1.2094039708538,1,0
4542,0.9864358391831526,1.661298647035,1.2094039708538,1,0
4543,0.9895024888321635,1.610013734175,1.2094039708538,1,0
4544,0.9864358391831526,1.540195879765,1.2094039708538,1,0
4545,0.9895024888321635,1.514949462959,1.2094039708538,1,0
4546,0.9895024888321635,1.494086307043,1.2094039708538,1,0
4547,0.9895024888321635,1.499765607641,1.2094039708538,1,0
4548,0.9925700914699002,1.543485012257,1.2094039708538,1,0
4549,0.9925700914699002,1.59990863589,1.2094039708538,1,0
4550,0.9925700914699002,1.675821554805,1.2094039708538,1,0
4551,0.9925700914699002,1.78097525757,1.2094039708538,1,0
4552,0.9925700914699002,1.821180668622,1.2094039708538,1,0
4553,0.9925700914699002,1.753690799259,1.2094039708538,1,0
4554,0.9956381025313764,1.612728798639,1.2094039708538,1,0
4555,0.9956381025313764,1.455687529192,1.2094039708538,1,0
4556,0.9956381025313764,1.317229137077,1.2094039708538,1,0
4557,0.9956381025313764,1.194933192312,1.2094039708538,0,0
4558,0.9956381025313764,1.122898140022,1.2094039708538,0,0
4559,0.9987072027228251,1.076391357724,1.2094039708538,0,0
4560,0.9987072027228251,1.04548295519,1.2094039708538,0,0
4561,0.9987072027228251,1.02634591438,1.2094039708538,0,0
4562,0.9987072027228251,1.031324976979,1.2094039708538,0,0
4563,0.9987072027228251,1.023203808999,1.2094039708538,0,0
4564,0.9987072027228251,1.017381529614,1.06346424457725,0,0
4565,0.9987072027228251,1.020201263005,1.06346424457725,0,0
4566,0.9987072027228251,1.026533279275,1.06346424457725,0,0
4567,0.9987072027228251,1.024500107739,1.06346424457725,0,0
4568,0.9987072027228251,1.037301507502,1.06346424457725,0,0
4569,0.9987072027228251,1.04259816729,1.06346424457725,0,0
4570,0.9956381025313764,1.049741209333,1.06346424457725,0,0
4571,0.9956381025313764,1.046868262022,1.06346424457725,0,0
4572,0.9956381025313764,1.052799973427,1.06346424457725,0,0
4573,0.9956381025313764,1.067621776257,1.06346424457725,1,0
4574,0.9956381025313764,1.123899642439,1.06346424457725,1,0
4575,0.9956381025313764,1.229091765551,1.2596803140944801,0,0
4576,0.9956381025313764,1.345352854741,1.2596803140944801,1,0
4577,0.9925700914699002,1.505580366791,1.2596803140944801,1,0
4578,0.9925700914699002,1.651390706535,1.2596803140944801,1,0
4579,0.9925700914699002,1.816956552681,1.2596803140944801,1,0
4580,0.9895024888321635,1.957824537558,1.2596803140944801,1,0
4581,0.9895024888321635,2.073607557595,1.2596803140944801,1,0
4582,0.9864358391831526,2.15894219797,1.2596803140944801,1,0
4583,0.9864358391831526,2.230081836767,1.2596803140944801,1,0
4584,0.9833700063816211,2.248787867731,1.2596803140944801,1,0
4585,0.9803045139332058,2.221497189214,1.2596803140944801,1,0
4586,0.9772400425441397,2.147782081079,1.2596803140944801,1,0
4587,0.9741765241437993,2.050432446246,1.2596803140944801,1,0
4588,0.9741765241437993,1.925144520175,1.2596803140944801,1,0
4589,0.971113278025952,1.77792428444,1.2596803140944801,1,0
4590,0.971113278025952,1.618130592458,1.2596803140944801,1,0
4591,0.9680510529674539,1.487424062576,1.2596803140944801,1,0
4592,0.9680510529674539,1.382889622624,1.2596803140944801,1,0
4593,0.9680510529674539,1.249708852875,1.2596803140944801,0,0
4594,0.9649894405445651,1.203711913899,1.2596803140944801,0,0
4595,0.9649894405445651,1.13137769485,1.2596803140944801,0,0
4596,0.9619283726866625,1.119906819347,1.2596803140944801,0,0
4597,0.9619283726866625,1.067485817821,1.2596803140944801,0,0
4598,0.9619283726866625,1.053987424991,1.2596803140944801,0,0
4599,0.9619283726866625,1.072292601332,1.2596803140944801,0,0
4600,0.9619283726866625,1.045983196983,1.2596803140944801,0,0
4601,0.958868325888109,1.042715789635,1.2596803140944801,0,0
4602,0.958868325888109,1.065169011199,1.2596803140944801,0,0
4603,0.958868325888109,1.078652006116,1.2596803140944801,0,0
4604,0.958868325888109,1.091773783603,1.2596803140944801,0,0
4605,0.958868325888109,1.119518670888,1.2596803140944801,0,0
4606,0.958868325888109,1.173196673943,1.2596803140944801,0,0
4607,0.958868325888109,1.243715042913,1.2596803140944801,0,0
4608,0.9619283726866625,1.373631412898,1.2596803140944801,1,0
4609,0.9619283726866625,1.490079802299,1.2596803140944801,1,0
4610,0.9619283726866625,1.569566345005,1.2596803140944801,1,0
4611,0.9619283726866625,1.620221150127,1.2596803140944801,1,0
4612,0.9649894405445651,1.581041144422,1.2596803140944801,1,0
4613,0.9649894405445651,1.542603107253,1.2596803140944801,1,0
4614,0.9649894405445651,1.497066064176,1.06346424457725,1,0
4615,0.9680510529674539,1.489852100285,1.06346424457725,1,0
4616,0.9680510529674539,1.493355414628,1.06346424457725,1,0
4617,0.9680510529674539,1.510947755554,1.2094039708538,1,0
4618,0.9680510529674539,1.567674957627,1.2094039708538,1,0
4619,0.971113278025952,1.611424334296,1.2094039708538,1,0
4620,0.971113278025952,1.738829740432,1.2094039708538,1,0
4621,0.971113278025952,1.796578568758,1.2094039708538,1,0
4622,0.9741765241437993,1.890894990606,1.2094039708538,1,0
4623,0.9741765241437993,1.984885196922,1.2094039708538,1,0
4624,0.9741765241437993,2.084075943993,1.2094039708538,1,0
4625,0.9772400425441397,2.155771339453,1.2094039708538,1,0
4626,0.9772400425441397,2.25742602125,1.2094039708538,1,0
4627,0.9772400425441397,2.324454937868,1.2094039708538,1,0
4628,0.9803045139332058,2.405588769368,1.2094039708538,1,0
4629,0.9803045139332058,2.447921381218,1.2094039708538,1,0
4630,0.9803045139332058,2.490579630209,1.2094039708538,1,0
4631,0.9833700063816211,2.501835502095,1.2094039708538,1,0
4632,0.9833700063816211,2.489122246391,1.2094039708538,1,0
4633,0.9864358391831526,2.471571803075,1.2094039708538,1,0
4634,0.9864358391831526,2.450034720478,1.2094039708538,1,0
4635,0.9864358391831526,2.41208494718,1.2094039708538,1,0
4636,0.9864358391831526,2.341572915779,1.2094039708538,1,0
4637,0.9864358391831526,2.263104138475,1.2094039708538,1,0
4638,0.9864358391831526,2.168089011742,1.2094039708538,1,0
4639,0.9864358391831526,2.08274285015,1.2094039708538,1,0
4640,0.9864358391831526,1.967446315618,1.2094039708538,1,0
4641,0.9864358391831526,1.898854008524,1.2094039708538,1,0
4642,0.9864358391831526,1.757393635594,1.2094039708538,1,0
4643,0.9895024888321635,1.686584454841,1.2094039708538,1,0
4644,0.9895024888321635,1.631658014579,1.2094039708538,1,0
4645,0.9895024888321635,1.606603164927,1.2094039708538,1,0
4646,0.9895024888321635,1.603208755471,1.2094039708538,1,0
4647,0.9925700914699002,1.644962455737,1.2094039708538,1,0
4648,0.9925700914699002,1.699232840118,1.2094039708538,1,0
4649,0.9925700914699002,1.769884004297,1.2094039708538,1,0
4650,0.9925700914699002,1.830184638017,1.2094039708538,1,0
4651,0.9925700914699002,1.819831764213,1.2094039708538,1,0
4652,0.9925700914699002,1.688684591759,1.2094039708538,1,0
4653,0.9925700914699002,1.524873197189,1.2094039708538,1,0
4654,0.9956381025313764,1.371676570953,1.2094039708538,1,0
4655,0.9956381025313764,1.245640204979,1.2094039708538,1,0
4656,0.9956381025313764,1.147678246371,1.2094039708538,0,0
4657,0.9956381025313764,1.0917833949,1.2094039708538,0,0
4658,0.9956381025313764,1.054713994895,1.2094039708538,0,0
4659,0.9956381025313764,1.034775677001,1.2094039708538,0,0
4660,0.9987072027228251,1.020925724988,1.2094039708538,0,0
4661,0.9987072027228251,1.023628436828,1.2094039708538,0,0
4662,0.9987072027228251,1.022131567733,1.06346424457725,0,0
4663,0.9987072027228251,1.015582809223,1.06346424457725,0,0
4664,0.9987072027228251,1.017658259604,1.06346424457725,0,0
4665,0.9987072027228251,1.023889222759,1.06346424457725,0,0
4666,0.9987072027228251,1.026477204384,1.06346424457725,0,0
4667,0.9956381025313764,1.043909523598,1.06346424457725,0,0
4668,0.9956381025313764,1.036330183501,1.06346424457725,0,0
4669,0.9956381025313764,1.045675992896,1.06346424457725,0,0
4670,0.9956381025313764,1.035582545822,1.06346424457725,0,0
4671,0.9956381025313764,1.034317282787,1.06346424457725,0,0
4672,0.9956381025313764,1.038754079327,1.06346424457725,0,0
4673,0.9956381025313764,1.103999019389,1.06346424457725,1,0
4674,0.9925700914699002,1.184767625677,1.2596803140944801,0,0
4675,0.9925700914699002,1.305099200748,1.2596803140944801,1,0
4676,0.9925700914699002,1.454987133492,1.2596803140944801,1,0
4677,0.9925700914699002,1.623871352044,1.2596803140944801,1,0
4678,0.9895024888321635,1.780341444009,1.2596803140944801,1,0
4679,0.9895024888321635,1.912333109164,1.2596803140944801,1,0
4680,0.9864358391831526,2.016953335764,1.2596803140944801,1,0
4681,0.9864358391831526,2.101926574547,1.2596803140944801,1,0
4682,0.9833700063816211,2.148286240235,1.2596803140944801,1,0
4683,0.9803045139332058,2.125082358238,1.2596803140944801,1,0
4684,0.9772400425441397,2.069754805661,1.2596803140944801,1,0
4685,0.9741765241437993,1.977449743957,1.2596803140944801,1,0
4686,0.9741765241437993,1.86289606846,1.2596803140944801,1,0
4687,0.971113278025952,1.730997187047,1.2596803140944801,1,0
4688,0.971113278025952,1.58169417447,1.2596803140944801,1,0
4689,0.9680510529674539,1.429226978021,1.2596803140944801,1,0
4690,0.9680510529674539,1.321491055093,1.2596803140944801,1,0
4691,0.9680510529674539,1.204671063246,1.2596803140944801,0,0
4692,0.9649894405445651,1.172840614438,1.2596803140944801,0,0
4693,0.9649894405445651,1.101444156458,1.2596803140944801,0,0
4694,0.9649894405445651,1.107321393446,1.2596803140944801,0,0
4695,0.9619283726866625,1.057711094747,1.2596803140944801,0,0
4696,0.9619283726866625,1.04674154414,1.2596803140944801,0,0
4697,0.9619283726866625,1.053928795888,1.2596803140944801,0,0
4698,0.9619283726866625,1.03482696472,1.2596803140944801,0,0
4699,0.958868325888109,1.03789674693,1.2596803140944801,0,0
4700,0.958868325888109,1.060593163541,1.2596803140944801,0,0
4701,0.958868325888109,1.065528316688,1.2596803140944801,0,0
4702,0.958868325888109,1.06558735246,1.2596803140944801,0,0
4703,0.958868325888109,1.09269858114,1.2596803140944801,0,0
4704,0.958868325888109,1.130100737897,1.2596803140944801,0,0
4705,0.958868325888109,1.209609816768,1.2596803140944801,0,0
4706,0.9619283726866625,1.318547297023,1.2596803140944801,1,0
4707,0.9619283726866625,1.430458040581,1.2596803140944801,1,0
4708,0.9619283726866625,1.51646323361,1.2596803140944801,1,0
4709,0.9619283726866625,1.561153916863,1.2596803140944801,1,0
4710,0.9619283726866625,1.523415906756,1.2596803140944801,1,0
4711,0.9649894405445651,1.469257715759,1.2596803140944801,1,0
4712,0.9649894405445651,1.417340068508,1.06346424457725,1,0
4713,0.9649894405445651,1.38089997356,1.06346424457725,1,0
4714,0.9680510529674539,1.380299079825,1.06346424457725,1,0
4715,0.9680510529674539,1.385361905505,1.2094039708538,1,0
4716,0.9680510529674539,1.418840255658,1.2094039708538,1,0
4717,0.9680510529674539,1.44735159631,1.2094039708538,1,0
4718,0.971113278025952,1.491728008762,1.2094039708538,1,0
4719,0.971113278025952,1.591740943558,1.2094039708538,1,0
4720,0.971113278025952,1.665794604248,1.2094039708538,1,0
4721,0.9741765241437993,1.734949504299,1.2094039708538,1,0
4722,0.9741765241437993,1.807660298411,1.2094039708538,1,0
4723,0.9741765241437993,1.884916229944,1.2094039708538,1,0
4724,0.9772400425441397,1.937701172893,1.2094039708538,1,0
4725,0.9772400425441397,1.987620490047,1.2094039708538,1,0
4726,0.9772400425441397,2.031263817308,1.2094039708538,1,0
4727,0.9803045139332058,2.061122098714,1.2094039708538,1,0
4728,0.9803045139332058,2.085505792513,1.2094039708538,1,0
4729,0.9803045139332058,2.091862727696,1.2094039708538,1,0
4730,0.9833700063816211,2.091755717954,1.2094039708538,1,0
4731,0.9833700063816211,2.075143571958,1.2094039708538,1,0
4732,0.9864358391831526,2.071927029308,1.2094039708538,1,0
4733,0.9864358391831526,2.044042935953,1.2094039708538,1,0
4734,0.9864358391831526,2.000245701073,1.2094039708538,1,0
4735,0.9864358391831526,1.948030761361,1.2094039708538,1,0
4736,0.9833700063816211,1.884339518546,1.2094039708538,1,0
4737,0.9864358391831526,1.826592244104,1.2094039708538,1,0
4738,0.9864358391831526,1.742931531609,1.2094039708538,1,0
4739,0.9864358391831526,1.672390952232,1.2094039708538,1,0
4740,0.9864358391831526,1.604243770359,1.2094039708538,1,0
4741,0.9864358391831526,1.525587820469,1.2094039708538,1,0
4742,0.9895024888321635,1.501485362407,1.2094039708538,1,0
4743,0.9895024888321635,1.479132642872,1.2094039708538,1,0
4744,0.9895024888321635,1.485575302546,1.2094039708538,1,0
4745,0.9895024888321635,1.525547978356,1.2094039708538,1,0
4746,0.9895024888321635,1.576103633443,1.2094039708538,1,0
4747,0.9925700914699002,1.646713361097,1.2094039708538,1,0
4748,0.9925700914699002,1.761236920163,1.2094039708538,1,0
4749,0.9925700914699002,1.811041687968,1.2094039708538,1,0
4750,0.9925700914699002,1.764223392136,1.2094039708538,1,0
4751,0.9925700914699002,1.637679829171,1.2094039708538,1,0
4752,0.9925700914699002,1.481892913146,1.2094039708538,1,0
4753,0.9925700914699002,1.341211944346,1.2094039708538,1,0
4754,0.9956381025313764,1.202863574854,1.2094039708538,0,0
4755,0.9956381025313764,1.121841628923,1.2094039708538,0,0
4756,0.9956381025313764,1.084662960127,1.2094039708538,0,0
4757,0.9956381025313764,1.065883598106,1.2094039708538,0,0
4758,0.9956381025313764,1.038018647609,1.2094039708538,0,0
4759,0.9956381025313764,1.022796290441,1.2094039708538,0,0
4760,0.9987072027228251,1.021919732572,1.2094039708538,0,0
4761,0.9987072027228251,1.02398311373,1.06346424457725,0,0
4762,0.9987072027228251,1.015801266368,1.06346424457725,0,0
4763,0.9987072027228251,1.018581322974,1.06346424457725,0,0
4764,0.9956381025313764,1.021702367155,1.06346424457725,0,0
4765,0.9956381025313764,1.020637558062,1.06346424457725,0,0
4766,0.9956381025313764,1.025827927855,1.06346424457725,0,0
4767,0.9956381025313764,1.034012708718,1.06346424457725,0,0
4768,0.9925700914699002,1.025999926793,1.06346424457725,0,0
4769,0.9925700914699002,1.037511305763,1.06346424457725,0,0
4770,0.9925700914699002,1.015816027708,1.06346424457725,0,0
4771,0.9925700914699002,1.017854788947,1.06346424457725,0,0
4772,0.9925700914699002,1.001691006375,1.06346424457725,0,0
4773,0.9925700914699002,1.027964647319,1.2596803140944801,0,0
4774,0.9925700914699002,1.061754494039,1.2596803140944801,0,0
4775,0.9895024888321635,1.105153342359,1.2596803140944801,0,0
4776,0.9895024888321635,1.188284980021,1.2596803140944801,0,0
4777,0.9895024888321635,1.289795957473,1.2596803140944801,1,0
4778,0.9864358391831526,1.371238754122,1.2596803140944801,1,0
4779,0.9864358391831526,1.446766162803,1.2596803140944801,1,0
4780,0.9833700063816211,1.506944634377,1.2596803140944801,1,0
4781,0.9833700063816211,1.546849981337,1.2596803140944801,1,0
4782,0.9803045139332058,1.549926527518,1.2596803140944801,1,0
4783,0.9754868836417785,1.506362435527,1.2596803140944801,1,0
4784,0.9741765241437993,1.462160121021,1.2596803140944801,1,0
4785,0.9741765241437993,1.392458436873,1.2596803140944801,1,0
4786,0.971113278025952,1.306942826195,1.2596803140944801,1,0
4787,0.9680510529674539,1.223595326143,1.2596803140944801,0,0
4788,0.9680510529674539,1.187726393027,1.2596803140944801,0,0
4789,0.9680510529674539,1.135307724791,1.2596803140944801,0,0
4790,0.9649894405445651,1.147597516292,1.2596803140944801,0,0
4791,0.9649894405445651,1.087974915329,1.2596803140944801,0,0
4792,0.9649894405445651,1.090064883371,1.2596803140944801,0,0
4793,0.9619283726866625,1.057052325858,1.2596803140944801,0,0
4794,0.9619283726866625,1.034544525437,1.2596803140944801,0,0
4795,0.9619283726866625,1.056400239007,1.2596803140944801,0,0
4796,0.958868325888109,1.033753783913,1.2596803140944801,0,0
4797,0.958868325888109,1.032759880292,1.2596803140944801,0,0
4798,0.958868325888109,1.056516366106,1.2596803140944801,0,0
4799,0.958868325888109,1.054722486131,1.2596803140944801,0,0
4800,0.958868325888109,1.05272666462,1.2596803140944801,0,0
4801,0.958868325888109,1.075613091203,1.2596803140944801,0,0
4802,0.958868325888109,1.121786553017,1.2596803140944801,0,0
4803,0.958868325888109,1.165163922109,1.2596803140944801,0,0
4804,0.958868325888109,1.258467756542,1.2596803140944801,0,0
4805,0.958868325888109,1.374701562183,1.2596803140944801,1,0
4806,0.9619283726866625,1.466651418177,1.2596803140944801,1,0
4807,0.9619283726866625,1.477769313852,1.2596803140944801,1,0
4808,0.9649894405445651,1.43832650618,1.2596803140944801,1,0
4809,0.9649894405445651,1.36607092336,1.2596803140944801,1,0
4810,0.9649894405445651,1.303856975348,1.06346424457725,1,0
4811,0.9680510529674539,1.257552662499,1.06346424457725,1,0
4812,0.9680510529674539,1.227054417055,1.06346424457725,1,0
4813,0.9680510529674539,1.228251834505,1.06346424457725,1,0
4814,0.9680510529674539,1.238346413593,1.2094039708538,1,0
4815,0.9680510529674539,1.254921292549,1.2094039708538,1,0
4816,0.971113278025952,1.301076848697,1.2094039708538,1,0
4817,0.971113278025952,1.340676513416,1.2094039708538,1,0
4818,0.971113278025952,1.41328680282,1.2094039708538,1,0
4819,0.9741765241437993,1.491043117811,1.2094039708538,1,0
4820,0.9741765241437993,1.581790554489,1.2094039708538,1,0
4821,0.9741765241437993,1.652494234068,1.2094039708538,1,0
4822,0.9772400425441397,1.717520806727,1.2094039708538,1,0
4823,0.9772400425441397,1.803162707143,1.2094039708538,1,0
4824,0.9772400425441397,1.85809337653,1.2094039708538,1,0
4825,0.9803045139332058,1.914457939117,1.2094039708538,1,0
4826,0.9803045139332058,1.97445908865,1.2094039708538,1,0
4827,0.9803045139332058,2.01439002497,1.2094039708538,1,0
4828,0.9833700063816211,2.057891207841,1.2094039708538,1,0
4829,0.9864358391831526,2.097253217795,1.2094039708538,1,0
4830,0.9864358391831526,2.136986951027,1.2094039708538,1,0
4831,0.9864358391831526,2.147443339477,1.2094039708538,1,0
4832,0.9864358391831526,2.137233068167,1.2094039708538,1,0
4833,0.9864358391831526,2.116594242682,1.2094039708538,1,0
4834,0.9864358391831526,2.064537494263,1.2094039708538,1,0
4835,0.9864358391831526,2.011150692989,1.2094039708538,1,0
4836,0.9864358391831526,1.923128040635,1.2094039708538,1,0
4837,0.9864358391831526,1.848883971439,1.2094039708538,1,0
4838,0.9895024888321635,1.750023976131,1.2094039708538,1,0
4839,0.9895024888321635,1.711612064199,1.2094039708538,1,0
4840,0.9895024888321635,1.62723706336,1.2094039708538,1,0
4841,0.9895024888321635,1.603778277061,1.2094039708538,1,0
4842,0.9895024888321635,1.581540373961,1.2094039708538,1,0
4843,0.9925700914699002,1.600983839228,1.2094039708538,1,0
4844,0.9925700914699002,1.651288486762,1.2094039708538,1,0
4845,0.9925700914699002,1.712246919334,1.2094039708538,1,0
4846,0.9925700914699002,1.81161636915,1.2094039708538,1,0
4847,0.9925700914699002,1.837678676124,1.2094039708538,1,0
4848,0.9925700914699002,1.780574352168,1.2094039708538,1,0
4849,0.9925700914699002,1.61949393768,1.2094039708538,1,0
4850,0.9925700914699002,1.454528193366,1.2094039708538,1,0
4851,0.9925700914699002,1.306373293269,1.2094039708538,1,0
4852,0.9925700914699002,1.176694479623,1.2094039708538,0,0
4853,0.9956381025313764,1.105431277547,1.2094039708538,0,0
4854,0.9956381025313764,1.07483700741,1.2094039708538,0,0
4855,0.9956381025313764,1.048757222565,1.2094039708538,0,0
4856,0.9956381025313764,1.030833488718,1.2094039708538,0,0
4857,0.9956381025313764,1.01560714431,1.2094039708538,0,0
4858,0.9956381025313764,1.019647633667,1.2094039708538,0,0
4859,0.9956381025313764,1.021365933446,1.06346424457725,0,0
4860,0.9956381025313764,1.01591961929,1.06346424457725,0,0
4861,0.9956381025313764,1.014619477532,1.06346424457725,0,0
4862,0.9956381025313764,1.018684759956,1.06346424457725,0,0
4863,0.9956381025313764,1.020368215154,1.06346424457725,0,0
4864,0.9956381025313764,1.021348855534,1.06346424457725,0,0
4865,0.9956381025313764,1.032133749352,1.06346424457725,0,0
4866,0.9925700914699002,1.031896224179,1.06346424457725,0,0
4867,0.9925700914699002,1.026890790439,1.06346424457725,0,0
4868,0.9956381025313764,1.021683077525,1.06346424457725,0,0
4869,0.9925700914699002,1.009256829011,1.2596803140944801,0,0
4870,0.9925700914699002,0.989400702291,1.2596803140944801,0,0
4871,0.9925700914699002,0.98428216847,1.2596803140944801,0,0
4872,0.9925700914699002,0.991591311375,1.2596803140944801,0,0
4873,0.9895024888321635,1.020378021166,1.2596803140944801,0,0
4874,0.9895024888321635,1.075776609415,1.2596803140944801,0,0
4875,0.9895024888321635,1.15961957178,1.2596803140944801,0,0
4876,0.9864358391831526,1.25391330511,1.2596803140944801,0,0
4877,0.9864358391831526,1.388169143728,1.2596803140944801,1,0
4878,0.9833700063816211,1.497731863424,1.2596803140944801,1,0
4879,0.9803045139332058,1.588884005754,1.2596803140944801,1,0
4880,0.9772400425441397,1.612278958503,1.2596803140944801,1,0
4881,0.9741765241437993,1.614631931702,1.2596803140944801,1,0
4882,0.9741765241437993,1.60740194514,1.2596803140944801,1,0
4883,0.971113278025952,1.542697898483,1.2596803140944801,1,0
4884,0.971113278025952,1.466845643659,1.2596803140944801,1,0
4885,0.971113278025952,1.406476286037,1.2596803140944801,1,0
4886,0.9680510529674539,1.328368108561,1.2596803140944801,1,0
4887,0.9680510529674539,1.259915658251,1.2596803140944801,1,0
4888,0.9649894405445651,1.189531534618,1.2596803140944801,0,0
4889,0.9649894405445651,1.145881024472,1.2596803140944801,0,0
4890,0.9619283726866625,1.10850972532,1.2596803140944801,0,0
4891,0.9619283726866625,1.110782883643,1.2596803140944801,0,0
4892,0.9619283726866625,1.061223401567,1.2596803140944801,0,0
4893,0.9619283726866625,1.067115402479,1.2596803140944801,0,0
4894,0.958868325888109,1.050487789511,1.2596803140944801,0,0
4895,0.958868325888109,1.037422883473,1.2596803140944801,0,0
4896,0.958868325888109,1.062210425091,1.2596803140944801,0,0
4897,0.958868325888109,1.066476591224,1.2596803140944801,0,0
4898,0.958868325888109,1.070988332805,1.2596803140944801,0,0
4899,0.958868325888109,1.095992189015,1.2596803140944801,0,0
4900,0.958868325888109,1.150271998055,1.2596803140944801,0,0
4901,0.958868325888109,1.217353210666,1.2596803140944801,0,0
4902,0.958868325888109,1.297533734767,1.2596803140944801,1,0
4903,0.9619283726866625,1.401327182863,1.2596803140944801,1,0
4904,0.9619283726866625,1.458854338606,1.2596803140944801,1,0
4905,0.9619283726866625,1.45320597226,1.2596803140944801,1,0
4906,0.9619283726866625,1.379169756499,1.2596803140944801,1,0
4907,0.9649894405445651,1.296280707327,1.2596803140944801,1,0
4908,0.9649894405445651,1.239036907237,1.06346424457725,1,0
4909,0.9649894405445651,1.191276932771,1.06346424457725,1,0
4910,0.9680510529674539,1.167326514577,1.06346424457725,1,0
4911,0.9680510529674539,1.156749353053,1.2094039708538,0,0
4912,0.9680510529674539,1.174897008543,1.2094039708538,0,0
4913,0.9680510529674539,1.181917699305,1.2094039708538,0,0
4914,0.971113278025952,1.219561545517,1.2094039708538,1,0
4915,0.971113278025952,1.243797474858,1.2094039708538,1,0
4916,0.971113278025952,1.322473803561,1.2094039708538,1,0
4917,0.9741765241437993,1.377305953686,1.2094039708538,1,0
4918,0.9741765241437993,1.452544833117,1.2094039708538,1,0
4919,0.9741765241437993,1.541458459089,1.2094039708538,1,0
4920,0.9772400425441397,1.60575495495,1.2094039708538,1,0
4921,0.9772400425441397,1.688507749087,1.2094039708538,1,0
4922,0.9772400425441397,1.754931413041,1.2094039708538,1,0
4923,0.9803045139332058,1.828760763753,1.2094039708538,1,0
4924,0.9803045139332058,1.887580611527,1.2094039708538,1,0
4925,0.9803045139332058,1.926575919587,1.2094039708538,1,0
4926,0.9833700063816211,1.956186293201,1.2094039708538,1,0
4927,0.9833700063816211,1.969680733296,1.2094039708538,1,0
4928,0.9864358391831526,1.985703040453,1.2094039708538,1,0
4929,0.9864358391831526,1.988011968904,1.2094039708538,1,0
4930,0.9864358391831526,1.971150104884,1.2094039708538,1,0
4931,0.9864358391831526,1.934187888894,1.2094039708538,1,0
4932,0.9864358391831526,1.895105583642,1.2094039708538,1,0
4933,0.9864358391831526,1.840148082674,1.2094039708538,1,0
4934,0.9864358391831526,1.758322743928,1.2094039708538,1,0
4935,0.9864358391831526,1.698201513069,1.2094039708538,1,0
4936,0.9864358391831526,1.616526791561,1.2094039708538,1,0
4937,0.9864358391831526,1.534816738921,1.2094039708538,1,0
4938,0.9895024888321635,1.504732144386,1.2094039708538,1,0
4939,0.9895024888321635,1.485679581419,1.2094039708538,1,0
4940,0.9895024888321635,1.484770060268,1.2094039708538,1,0
4941,0.9895024888321635,1.522246914427,1.2094039708538,1,0
4942,0.9895024888321635,1.569086385975,1.2094039708538,1,0
4943,0.9895024888321635,1.639300205294,1.2094039708538,1,0
4944,0.9925700914699002,1.7401036599,1.2094039708538,1,0
4945,0.9925700914699002,1.801339317659,1.2094039708538,1,0
4946,0.9925700914699002,1.756009478004,1.2094039708538,1,0
4947,0.9925700914699002,1.64336993642,1.2094039708538,1,0
4948,0.9925700914699002,1.468982559785,1.2094039708538,1,0
4949,0.9925700914699002,1.30896163133,1.2094039708538,1,0
4950,0.9925700914699002,1.174980070145,1.2094039708538,0,0
4951,0.9925700914699002,1.097689718606,1.2094039708538,0,0
4952,0.9925700914699002,1.054074019811,1.2094039708538,0,0
4953,0.9925700914699002,1.034613066659,1.2094039708538,0,0
4954,0.9956381025313764,1.040749817762,1.2094039708538,0,0
4955,0.9956381025313764,1.031599064164,1.2094039708538,0,0
4956,0.9956381025313764,1.023412407963,1.2094039708538,0,0
4957,0.9956381025313764,1.01567560124,1.06346424457725,0,0
4958,0.9956381025313764,1.017434563903,1.06346424457725,0,0
4959,0.9956381025313764,1.018654635393,1.06346424457725,0,0
4960,0.9956381025313764,1.014805782578,1.06346424457725,0,0
4961,0.9956381025313764,1.020024345208,1.06346424457725,0,0
4962,0.9956381025313764,1.018250683475,1.06346424457725,0,0
4963,0.9956381025313764,1.026205993163,1.06346424457725,0,0
4964,0.9925700914699002,1.032033025681,1.06346424457725,0,0
4965,0.9956381025313764,1.029500886652,1.06346424457725,0,0
4966,0.9956381025313764,1.034012634798,1.06346424457725,0,0
4967,0.9956381025313764,1.015631933285,1.06346424457725,0,0
4968,0.9956381025313764,1.004047112148,1.06346424457725,0,0
4969,0.9925700914699002,0.997462085786,1.2596803140944801,0,0
4970,0.9925700914699002,1.028501356895,1.2596803140944801,0,0
4971,0.9925700914699002,1.090823313959,1.2596803140944801,0,0
4972,0.9895024888321635,1.217729171543,1.2596803140944801,0,0
4973,0.9895024888321635,1.380288869731,1.2596803140944801,1,0
4974,0.9864358391831526,1.538277743582,1.2596803140944801,1,0
4975,0.9864358391831526,1.677749030338,1.2596803140944801,1,0
4976,0.9833700063816211,1.797381711827,1.2596803140944801,1,0
4977,0.9833700063816211,1.880964237545,1.2596803140944801,1,0
4978,0.9772400425441397,1.900434217704,1.2596803140944801,1,0
4979,0.9741765241437993,1.854178954496,1.2596803140944801,1,0
4980,0.9741765241437993,1.802971659211,1.2596803140944801,1,0
4981,0.971113278025952,1.70151475185,1.2596803140944801,1,0
4982,0.971113278025952,1.581587837547,1.2596803140944801,1,0
4983,0.9680510529674539,1.439839334165,1.2596803140944801,1,0
4984,0.9680510529674539,1.318110517983,1.2596803140944801,1,0
4985,0.9680510529674539,1.226297118951,1.2596803140944801,0,0
4986,0.9649894405445651,1.143625177358,1.2596803140944801,0,0
4987,0.9649894405445651,1.113413761546,1.2596803140944801,0,0
4988,0.9619283726866625,1.07754126048,1.2596803140944801,0,0
4989,0.9619283726866625,1.06881318659,1.2596803140944801,0,0
4990,0.9619283726866625,1.034392919077,1.2596803140944801,0,0
4991,0.958868325888109,1.047054105548,1.2596803140944801,0,0
4992,0.958868325888109,1.027431058731,1.2596803140944801,0,0
4993,0.958868325888109,1.044641520891,1.2596803140944801,0,0
4994,0.958868325888109,1.04203685457,1.2596803140944801,0,0
4995,0.958868325888109,1.03676099015,1.2596803140944801,0,0
4996,0.958868325888109,1.070481966322,1.2596803140944801,0,0
4997,0.958868325888109,1.085445875862,1.2596803140944801,0,0
4998,0.958868325888109,1.095038698469,1.2596803140944801,0,0
4999,0.958868325888109,1.132816395357,1.2596803140944801,0,0
5000,0.958868325888109,1.198630677514,1.2596803140944801,0,0
5001,0.958868325888109,1.297223994884,1.2596803140944801,1,0
5002,0.9619283726866625,1.394253799057,1.2596803140944801,1,0
5003,0.9619283726866625,1.415804950652,1.2596803140944801,1,0
5004,0.9619283726866625,1.358715708632,1.2596803140944801,1,0
5005,0.9619283726866625,1.283810197388,1.2596803140944801,1,0
5006,0.9649894405445651,1.197954638561,1.06346424457725,1,0
5007,0.9649894405445651,1.155149732474,1.06346424457725,1,0
5008,0.9680510529674539,1.134865962156,1.06346424457725,1,0
5009,0.9680510529674539,1.123312859642,1.2094039708538,0,0
5010,0.9680510529674539,1.12837942954,1.2094039708538,0,0
5011,0.9680510529674539,1.147108519691,1.2094039708538,0,0
5012,0.971113278025952,1.168778206802,1.2094039708538,0,0
5013,0.971113278025952,1.239453703566,1.2094039708538,1,0
5014,0.971113278025952,1.310731043512,1.2094039708538,1,0
5015,0.971113278025952,1.392126033708,1.2094039708538,1,0
5016,0.9741765241437993,1.480615971348,1.2094039708538,1,0
5017,0.9741765241437993,1.589118961206,1.2094039708538,1,0
5018,0.9772400425441397,1.670265823334,1.2094039708538,1,0
5019,0.9772400425441397,1.776960019049,1.2094039708538,1,0
5020,0.9772400425441397,1.858832440451,1.2094039708538,1,0
5021,0.9772400425441397,1.918156221508,1.2094039708538,1,0
5022,0.9803045139332058,1.979431598574,1.2094039708538,1,0
5023,0.9803045139332058,2.022934446501,1.2094039708538,1,0
5024,0.9833700063816211,2.044034001028,1.2094039708538,1,0
5025,0.9833700063816211,2.040895608427,1.2094039708538,1,0
5026,0.9864358391831526,2.041874953913,1.2094039708538,1,0
5027,0.9864358391831526,2.019585683888,1.2094039708538,1,0
5028,0.9864358391831526,1.976288863162,1.2094039708538,1,0
5029,0.9864358391831526,1.919014947071,1.2094039708538,1,0
5030,0.9864358391831526,1.857747847352,1.2094039708538,1,0
5031,0.9864358391831526,1.794567063483,1.2094039708538,1,0
5032,0.9864358391831526,1.691322962839,1.2094039708538,1,0
5033,0.9864358391831526,1.627763760962,1.2094039708538,1,0
5034,0.9864358391831526,1.546129226673,1.2094039708538,1,0
5035,0.9864358391831526,1.467634449878,1.2094039708538,1,0
5036,0.9895024888321635,1.44108286563,1.2094039708538,1,0
5037,0.9895024888321635,1.417445069155,1.2094039708538,1,0
5038,0.9895024888321635,1.420956322735,1.2094039708538,1,0
5039,0.9895024888321635,1.456430710464,1.2094039708538,1,0
5040,0.9925700914699002,1.508614658531,1.2094039708538,1,0
5041,0.9895024888321635,1.594823498281,1.2094039708538,1,0
5042,0.9925700914699002,1.687997033274,1.2094039708538,1,0
5043,0.9925700914699002,1.779028951133,1.2094039708538,1,0
5044,0.9925700914699002,1.790215797537,1.2094039708538,1,0
5045,0.9925700914699002,1.665993948293,1.2094039708538,1,0
5046,0.9925700914699002,1.490964981038,1.2094039708538,1,0
5047,0.9925700914699002,1.333194287705,1.2094039708538,1,0
5048,0.9925700914699002,1.198054830446,1.2094039708538,0,0
5049,0.9925700914699002,1.104603426116,1.2094039708538,0,0
5050,0.9925700914699002,1.064433482826,1.2094039708538,0,0
5051,0.9956381025313764,1.032016372998,1.2094039708538,0,0
5052,0.9956381025313764,1.035336171619,1.2094039708538,0,0
5053,0.9956381025313764,1.036923970829,1.2094039708538,0,0
5054,0.9956381025313764,1.02548862848,1.2094039708538,0,0
5055,0.9956381025313764,1.01521574234,1.06346424457725,0,0
5056,0.9956381025313764,1.016567002236,1.06346424457725,0,0
5057,0.9956381025313764,1.019532200937,1.06346424457725,0,0
5058,0.9956381025313764,1.014939748767,1.06346424457725,0,0
5059,0.9956381025313764,1.019651605184,1.06346424457725,0,0
5060,0.9956381025313764,1.022389399596,1.06346424457725,0,0
5061,0.9956381025313764,1.022089534347,1.06346424457725,0,0
5062,0.9956381025313764,1.03494761323,1.06346424457725,0,0
5063,0.9956381025313764,1.03082144178,1.06346424457725,0,0
5064,0.9956381025313764,1.03798065704,1.06346424457725,0,0
5065,0.9956381025313764,1.01451708934,1.06346424457725,0,0
5066,0.9956381025313764,1.007219294974,1.06346424457725,0,0
5067,0.9956381025313764,0.996738638873,1.2596803140944801,0,0
5068,0.9925700914699002,1.026719751338,1.2596803140944801,0,0
5069,0.9925700914699002,1.093890621388,1.2596803140944801,0,0
5070,0.9925700914699002,1.227517428149,1.2596803140944801,0,0
5071,0.9895024888321635,1.398172611785,1.2596803140944801,1,0
5072,0.9895024888321635,1.577392834124,1.2596803140944801,1,0
5073,0.9864358391831526,1.738299472278,1.2596803140944801,1,0
5074,0.9833700063816211,1.865252393201,1.2596803140944801,1,0
5075,0.9833700063816211,1.971082040673,1.2596803140944801,1,0
5076,0.9803045139332058,2.007975806795,1.2596803140944801,1,0
5077,0.9772400425441397,2.012464580498,1.2596803140944801,1,0
5078,0.9741765241437993,1.963343507928,1.2596803140944801,1,0
5079,0.9741765241437993,1.89851945163,1.2596803140944801,1,0
5080,0.971113278025952,1.787748388452,1.2596803140944801,1,0
5081,0.9680510529674539,1.640162378271,1.2596803140944801,1,0
5082,0.9680510529674539,1.47289521152,1.2596803140944801,1,0
5083,0.9680510529674539,1.362296319991,1.2596803140944801,1,0
5084,0.9680510529674539,1.251206030524,1.2596803140944801,0,0
5085,0.9649894405445651,1.177130371126,1.2596803140944801,0,0
5086,0.9649894405445651,1.129410616599,1.2596803140944801,0,0
5087,0.9619283726866625,1.097047279614,1.2596803140944801,0,0
5088,0.9619283726866625,1.063008704735,1.2596803140944801,0,0
5089,0.9619283726866625,1.045106461103,1.2596803140944801,0,0
5090,0.958868325888109,1.04331075905,1.2596803140944801,0,0
5091,0.958868325888109,1.027904402122,1.2596803140944801,0,0
5092,0.958868325888109,1.048433374194,1.2596803140944801,0,0
5093,0.958868325888109,1.045446916589,1.2596803140944801,0,0
5094,0.958868325888109,1.033761663976,1.2596803140944801,0,0
5095,0.958868325888109,1.070820644148,1.2596803140944801,0,0
5096,0.958868325888109,1.091724170209,1.2596803140944801,0,0
5097,0.958868325888109,1.111657099496,1.2596803140944801,0,0
5098,0.958868325888109,1.156026474149,1.2596803140944801,0,0
5099,0.9619283726866625,1.256587455389,1.2596803140944801,0,0
5100,0.9619283726866625,1.3777633924,1.2596803140944801,1,0
5101,0.9619283726866625,1.441403787995,1.2596803140944801,1,0
5102,0.9619283726866625,1.445110201217,1.2596803140944801,1,0
5103,0.9649894405445651,1.395186601675,1.2596803140944801,1,0
5104,0.9649894405445651,1.292302673266,1.2596803140944801,1,0
5105,0.9649894405445651,1.239567292528,1.06346424457725,1,0
5106,0.9680510529674539,1.206548941432,1.06346424457725,1,0
5107,0.9680510529674539,1.190661688611,1.06346424457725,1,0
5108,0.9680510529674539,1.19800217472,1.2094039708538,0,0
5109,0.9680510529674539,1.228763618931,1.2094039708538,1,0
5110,0.9680510529674539,1.271111425453,1.2094039708538,1,0
5111,0.971113278025952,1.34092083009,1.2094039708538,1,0
5112,0.971113278025952,1.446612028125,1.2094039708538,1,0
5113,0.971113278025952,1.532973221615,1.2094039708538,1,0
5114,0.9741765241437993,1.634502491174,1.2094039708538,1,0
5115,0.9741765241437993,1.724768141459,1.2094039708538,1,0
5116,0.9741765241437993,1.827501539587,1.2094039708538,1,0
5117,0.9772400425441397,1.92891701955,1.2094039708538,1,0
5118,0.9772400425441397,2.017938999547,1.2094039708538,1,0
5119,0.9772400425441397,2.093550109702,1.2094039708538,1,0
5120,0.9803045139332058,2.146183612934,1.2094039708538,1,0
5121,0.9803045139332058,2.196730268478,1.2094039708538,1,0
5122,0.9803045139332058,2.201245518515,1.2094039708538,1,0
5123,0.9833700063816211,2.190753006707,1.2094039708538,1,0
5124,0.9833700063816211,2.149519860825,1.2094039708538,1,0
5125,0.9864358391831526,2.115809742628,1.2094039708538,1,0
5126,0.9864358391831526,2.057254229226,1.2094039708538,1,0
5127,0.9864358391831526,1.989866984966,1.2094039708538,1,0
5128,0.9864358391831526,1.911460597328,1.2094039708538,1,0
5129,0.9864358391831526,1.843827140138,1.2094039708538,1,0
5130,0.9864358391831526,1.748539145034,1.2094039708538,1,0
5131,0.9864358391831526,1.684864974609,1.2094039708538,1,0
5132,0.9864358391831526,1.586417023572,1.2094039708538,1,0
5133,0.9864358391831526,1.537622958913,1.2094039708538,1,0
5134,0.9895024888321635,1.457690687728,1.2094039708538,1,0
5135,0.9895024888321635,1.454629413731,1.2094039708538,1,0
5136,0.9895024888321635,1.438937834021,1.2094039708538,1,0
5137,0.9925700914699002,1.471342489609,1.2094039708538,1,0
5138,0.9925700914699002,1.525979088626,1.2094039708538,1,0
5139,0.9925700914699002,1.582663834212,1.2094039708538,1,0
5140,0.9925700914699002,1.690641554632,1.2094039708538,1,0
5141,0.9925700914699002,1.785226051779,1.2094039708538,1,0
5142,0.9925700914699002,1.824799794013,1.2094039708538,1,0
5143,0.9925700914699002,1.734251658637,1.2094039708538,1,0
5144,0.9925700914699002,1.586918561442,1.2094039708538,1,0
5145,0.9925700914699002,1.443096310193,1.2094039708538,1,0
5146,0.9925700914699002,1.294980103277,1.2094039708538,1,0
5147,0.9925700914699002,1.175326501899,1.2094039708538,0,0
5148,0.9956381025313764,1.112147001376,1.2094039708538,0,0
5149,0.9956381025313764,1.070437412547,1.2094039708538,0,0
5150,0.9956381025313764,1.042200088711,1.2094039708538,0,0
5151,0.9956381025313764,1.027841438825,1.2094039708538,0,0
5152,0.9956381025313764,1.018217242384,1.2094039708538,0,0
5153,0.9956381025313764,1.023243035287,1.2094039708538,0,0
5154,0.9956381025313764,1.020110185629,1.06346424457725,0,0
5155,0.9956381025313764,1.014939748767,1.06346424457725,0,0
5156,0.9956381025313764,1.017619815199,1.06346424457725,0,0
5157,0.9956381025313764,1.020288267818,1.06346424457725,0,0
5158,0.9956381025313764,1.016067467117,1.06346424457725,0,0
5159,0.9956381025313764,1.025646390151,1.06346424457725,0,0
5160,0.9956381025313764,1.030005299605,1.06346424457725,0,0
5161,0.9956381025313764,1.0308718408,1.06346424457725,0,0
5162,0.9956381025313764,1.038716474122,1.06346424457725,0,0
5163,0.9956381025313764,1.016263024298,1.06346424457725,0,0
5164,0.9956381025313764,1.013652571782,1.06346424457725,0,0
5165,0.9956381025313764,0.995963692557,1.2596803140944801,0,0
5166,0.9925700914699002,1.011976075673,1.2596803140944801,0,0
5167,0.9925700914699002,1.031561505804,1.2596803140944801,0,0
5168,0.9925700914699002,1.091728845795,1.2596803140944801,0,0
5169,0.9895024888321635,1.202619231947,1.2596803140944801,0,0
5170,0.9895024888321635,1.340691167014,1.2596803140944801,1,0
5171,0.9864358391831526,1.474646100975,1.2596803140944801,1,0
5172,0.9864358391831526,1.618565564509,1.2596803140944801,1,0
5173,0.9833700063816211,1.731057173956,1.2596803140944801,1,0
5174,0.9833700063816211,1.821525987648,1.2596803140944801,1,0
5175,0.9772400425441397,1.84557219123,1.2596803140944801,1,0
5176,0.9772400425441397,1.840705114363,1.2596803140944801,1,0
5177,0.9741765241437993,1.813740258879,1.2596803140944801,1,0
5178,0.971113278025952,1.735599427022,1.2596803140944801,1,0
5179,0.971113278025952,1.639364645063,1.2596803140944801,1,0
5180,0.971113278025952,1.531191169373,1.2596803140944801,1,0
5181,0.9680510529674539,1.426492510283,1.2596803140944801,1,0
5182,0.9680510529674539,1.34170990917,1.2596803140944801,1,0
5183,0.9649894405445651,1.237886765796,1.2596803140944801,0,0
5184,0.9649894405445651,1.199522800453,1.2596803140944801,0,0
5185,0.9649894405445651,1.129434203132,1.2596803140944801,0,0
5186,0.9619283726866625,1.122551165654,1.2596803140944801,0,0
5187,0.9619283726866625,1.058456125351,1.2596803140944801,0,0
5188,0.9619283726866625,1.056974184472,1.2596803140944801,0,0
5189,0.9619283726866625,1.059866532828,1.2596803140944801,0,0
5190,0.958868325888109,1.035886461374,1.2596803140944801,0,0
5191,0.958868325888109,1.051610867201,1.2596803140944801,0,0
5192,0.958868325888109,1.064607461403,1.2596803140944801,0,0
5193,0.958868325888109,1.062365361374,1.2596803140944801,0,0
5194,0.958868325888109,1.081365496879,1.2596803140944801,0,0
5195,0.958868325888109,1.116419827514,1.2596803140944801,0,0
5196,0.958868325888109,1.164168030838,1.2596803140944801,0,0
5197,0.958868325888109,1.25220405748,1.2596803140944801,0,0
5198,0.9619283726866625,1.353064988549,1.2596803140944801,1,0
5199,0.9619283726866625,1.435611731098,1.2596803140944801,1,0
5200,0.9619283726866625,1.471825696592,1.2596803140944801,1,1
5201,0.9619283726866625,1.430516246595,1.2596803140944801,1,1
5202,0.9649894405445651,1.36497016248,1.2596803140944801,1,1
5203,0.9649894405445651,1.306792710399,1.06346424457725,1,1
5204,0.9680510529674539,1.255477048181,1.06346424457725,1,1
5205,0.9680510529674539,1.224652622332,1.06346424457725,1,1
5206,0.9680510529674539,1.220021637282,1.2094039708538,1,1
5207,0.9680510529674539,1.242520315369,1.2094039708538,1,1
5208,0.9680510529674539,1.25797459925,1.2094039708538,1,1
5209,0.971113278025952,1.320792658478,1.2094039708538,1,1
5210,0.971113278025952,1.369816562404,1.2094039708538,1,1
5211,0.971113278025952,1.468551702864,1.2094039708538,1,1
5212,0.9741765241437993,1.569435078428,1.2094039708538,1,1
5213,0.9741765241437993,1.673119136783,1.2094039708538,1,1
5214,0.9741765241437993,1.762685311389,1.2094039708538,1,1
5215,0.9772400425441397,1.847022302154,1.2094039708538,1,1
5216,0.9772400425441397,1.966271506987,1.2094039708538,1,1
5217,0.9772400425441397,2.053488373094,1.2094039708538,1,1
5218,0.9803045139332058,2.125223326437,1.2094039708538,1,1
5219,0.9803045139332058,2.196314760356,1.2094039708538,1,1
5220,0.9803045139332058,2.239912480686,1.2094039708538,1,1
5221,0.9833700063816211,2.26244925019,1.2094039708538,1,1
5222,0.9833700063816211,2.252505616909,1.2094039708538,1,1
5223,0.9864358391831526,2.238963680234,1.2094039708538,1,1
5224,0.9864358391831526,2.221039701182,1.2094039708538,1,1
5225,0.9864358391831526,2.169535695323,1.2094039708538,1,1
5226,0.9864358391831526,2.108581288773,1.2094039708538,1,1
5227,0.9864358391831526,2.031376855327,1.2094039708538,1,1
5228,0.9864358391831526,1.971030639822,1.2094039708538,1,1
5229,0.9864358391831526,1.873887032624,1.2094039708538,1,1
5230,0.9864358391831526,1.816094066609,1.2094039708538,1,1
5231,0.9864358391831526,1.689986709854,1.2094039708538,1,1
5232,0.9864358391831526,1.65556029289,1.2094039708538,1,1
5233,0.9895024888321635,1.572698378505,1.2094039708538,1,1
5234,0.9895024888321635,1.558287476903,1.2094039708538,1,1
5235,0.9895024888321635,1.540247894918,1.2094039708538,1,1
5236,0.9895024888321635,1.561965711544,1.2094039708538,1,1
5237,0.9925700914699002,1.611060049357,1.2094039708538,1,1
5238,0.9925700914699002,1.668675172088,1.2094039708538,1,1
5239,0.9925700914699002,1.780595496075,1.2094039708538,1,1
5240,0.9925700914699002,1.823320158986,1.2094039708538,1,1
5241,0.9925700914699002,1.776227953136,1.2094039708538,1,1
5242,0.9925700914699002,1.646869175945,1.2094039708538,1,1
5243,0.9925700914699002,1.480519550233,1.2094039708538,1,1
5244,0.9925700914699002,1.319100879602,1.2094039708538,1,1
5245,0.9925700914699002,1.189639443454,1.2094039708538,0,1
5246,0.9925700914699002,1.108846778816,1.2094039708538,0,1
5247,0.9956381025313764,1.075254643882,1.2094039708538,0,1
5248,0.9956381025313764,1.057124808113,1.2094039708538,0,1
5249,0.9956381025313764,1.035927100199,1.2094039708538,0,1
5250,0.9956381025313764,1.024996812124,1.2094039708538,0,1
5251,0.9956381025313764,1.015596632746,1.2094039708538,0,1
5252,-1.0,14.495302463378,1.2094039708538,1,1
5253,0.9956381025313764,21.058490934814,1.06346424457725,1,1
5254,0.9956381025313764,24.445704509674,1.06346424457725,1,1
5255,0.9956381025313764,30.457655440948,1.06346424457725,1,1
5256,0.9956381025313764,32.507062827499,1.06346424457725,1,1
5257,0.9956381025313764,37.310736109958,1.06346424457725,1,1
5258,0.9956381025313764,38.018207645884,1.06346424457725,1,1
5259,0.9956381025313764,41.241957024614,1.06346424457725,1,1
5260,0.9956381025313764,40.385047395238,1.06346424457725,1,1
5261,0.9956381025313764,42.130674282944,1.06346424457725,1,1
5262,0.9956381025313764,40.074716014464,1.06346424457725,1,1
5263,0.9956381025313764,40.128658317444,1.06346424457725,1,1
5264,0.9925700914699002,37.205256355713,1.06346424457725,1,1
5265,0.9925700914699002,35.672035240458,1.2596803140944801,1,1
5266,0.9925700914699002,31.902831228437,1.2596803140944801,1,1
5267,0.9925700914699002,28.767939679176,1.2596803140944801,1,1
5268,0.9895024888321635,24.57037545989,1.2596803140944801,1,1
5269,0.9895024888321635,20.231653178214,1.2596803140944801,1,1
5270,0.9864358391831526,16.019658339941,1.2596803140944801,1,1
5271,0.9864358391831526,11.435439093087,1.2596803140944801,1,1
5272,0.9833700063816211,7.675136915437,1.2596803140944801,1,1
5273,0.9803045139332058,4.513678041651,1.2596803140944801,1,1
5274,0.9772400425441397,5.07996064416,1.2596803140944801,1,1
5275,0.9741765241437993,5.668046924176,1.2596803140944801,1,1
5276,0.9741765241437993,7.617939028996,1.2596803140944801,1,1
5277,0.971113278025952,11.929428445016,1.2596803140944801,1,1
5278,0.971113278025952,13.662038368239,1.2596803140944801,1,1
5279,0.971113278025952,17.612571578145,1.2596803140944801,1,1
5280,0.9680510529674539,18.295434091389,1.2596803140944801,1,1
5281,0.9649894405445651,21.132648561541,1.2596803140944801,1,1
5282,0.9649894405445651,20.656166405143,1.2596803140944801,1,1
5283,0.9649894405445651,22.150696233031,1.2596803140944801,1,1
5284,0.9619283726866625,20.563817019155,1.2596803140944801,1,1
5285,0.9619283726866625,20.645744881586,1.2596803140944801,1,1
5286,0.9619283726866625,17.906583834277,1.2596803140944801,1,1
5287,0.9619283726866625,16.705438106986,1.2596803140944801,1,1
5288,0.958868325888109,13.233228106395,1.2596803140944801,1,1
5289,0.958868325888109,10.823239067692,1.2596803140944801,1,1
5290,0.958868325888109,7.255506163458,1.2596803140944801,1,1
5291,0.958868325888109,4.729590600971,1.2596803140944801,1,1
5292,0.958868325888109,3.574949170908,1.2596803140944801,1,1
5293,0.958868325888109,6.079999966919,1.2596803140944801,1,1
5294,0.958868325888109,11.440071068438,1.2596803140944801,1,1
5295,0.958868325888109,17.494864811535,1.2596803140944801,1,1
5296,0.958868325888109,23.356870427063,1.2596803140944801,1,1
5297,0.958868325888109,30.053981498632,1.2596803140944801,1,1
5298,0.9619283726866625,35.139306658051,1.2596803140944801,1,1
5299,0.9619283726866625,41.500657767301,1.2596803140944801,1,1
5300,0.9619283726866625,45.397397171685,1.2596803140944801,1,1
5301,0.9649894405445651,50.713496927858,1.06346424457725,1,0
5302,0.9649894405445651,52.854149260408,1.06346424457725,1,0
5303,0.9649894405445651,56.261473175868,1.06346424457725,1,0
5304,0.9680510529674539,56.346726374316,1.2094039708538,1,0
5305,0.9680510529674539,58.180427466143,1.2094039708538,1,0
5306,0.9680510529674539,56.717883219443,1.2094039708538,1,0
5307,0.9680510529674539,56.500593126652,1.2094039708538,1,0
5308,0.971113278025952,53.054304047262,1.2094039708538,1,0
5309,0.971113278025952,50.894366505354,1.2094039708538,1,0
5310,0.971113278025952,45.582597223489,1.2094039708538,1,0
5311,0.9741765241437993,41.64683043481,1.2094039708538,1,0
5312,0.9741765241437993,34.906088377601,1.2094039708538,1,0
5313,0.9741765241437993,29.102768047406,1.2094039708538,1,0
5314,0.9772400425441397,21.131529942576,1.2094039708538,1,0
5315,0.9772400425441397,14.124534463094,1.2094039708538,1,0
5316,0.9772400425441397,1.914647726573,1.2094039708538,1,0
5317,0.9803045139332058,1.989765491097,1.2094039708538,1,0
5318,0.9803045139332058,2.06225310669,1.2094039708538,1,0
5319,0.9803045139332058,2.094718729629,1.2094039708538,1,0
5320,0.9833700063816211,2.114389298735,1.2094039708538,1,0
5321,0.9833700063816211,2.105266679209,1.2094039708538,1,0
5322,0.9864358391831526,2.103435482831,1.2094039708538,1,0
5323,0.9864358391831526,2.075766573906,1.2094039708538,1,0
5324,0.9864358391831526,2.025257123009,1.2094039708538,1,0
5325,0.9864358391831526,1.965423245151,1.2094039708538,1,0
5326,0.9864358391831526,1.90578709794,1.2094039708538,1,0
5327,0.9864358391831526,1.846210024441,1.2094039708538,1,0
5328,0.9864358391831526,1.748529777559,1.2094039708538,1,0
5329,0.9864358391831526,1.691601372964,1.2094039708538,1,0
5330,0.9864358391831526,1.595750579825,1.2094039708538,1,0
5331,0.9895024888321635,1.521281303144,1.2094039708538,1,0
5332,0.9895024888321635,1.494425460079,1.2094039708538,1,0
5333,0.9895024888321635,1.472543220532,1.2094039708538,1,0
5334,0.9895024888321635,1.477194007483,1.2094039708538,1,0
5335,0.9925700914699002,1.520260122774,1.2094039708538,1,0
5336,0.9925700914699002,1.57871409886,1.2094039708538,1,0
5337,0.9925700914699002,1.651432962891,1.2094039708538,1,0
5338,0.9925700914699002,1.766606806433,1.2094039708538,1,0
5339,0.9925700914699002,1.813499944545,1.2094039708538,1,0
5340,0.9925700914699002,1.76849861203,1.2094039708538,1,0
5341,0.9925700914699002,1.630183090528,1.2094039708538,1,0
5342,0.9925700914699002,1.465452169377,1.2094039708538,1,0
5343,0.9925700914699002,1.299522789492,1.2094039708538,1,0
5344,0.9956381025313764,1.171643761421,1.2094039708538,0,0
5345,0.9956381025313764,1.103018321925,1.2094039708538,0,0
5346,0.9956381025313764,1.073130389933,1.2094039708538,0,0
5347,0.9956381025313764,1.055685197617,1.2094039708538,0,0
5348,0.9987072027228251,1.034567418014,1.2094039708538,0,0
5349,0.9987072027228251,1.01731367375,1.2094039708538,0,0
5350,0.9987072027228251,1.020475447288,1.2094039708538,0,0
5351,0.9987072027228251,1.021860504538,1.06346424457725,0,0
5352,0.9987072027228251,1.014938748804,1.06346424457725,0,0
5353,0.9987072027228251,1.017687586551,1.06346424457725,0,0
5354,0.9987072027228251,1.025681790826,1.06346424457725,0,0
5355,0.9956381025313764,1.025054828762,1.06346424457725,0,0
5356,0.9956381025313764,1.029345950466,1.06346424457725,0,0
5357,0.9956381025313764,1.033013623428,1.06346424457725,0,0
5358,0.9956381025313764,1.042408106795,1.06346424457725,0,0
5359,0.9956381025313764,1.035929481569,1.06346424457725,0,0
5360,0.9956381025313764,1.025784585018,1.06346424457725,0,0
5361,0.9956381025313764,1.016973692247,1.06346424457725,0,0
5362,0.9956381025313764,1.06529398448,1.2596803140944801,0,0
5363,0.9925700914699002,1.133553530919,1.2596803140944801,0,0
5364,0.9925700914699002,1.227307622359,1.2596803140944801,0,0
5365,0.9925700914699002,1.371116609889,1.2596803140944801,1,0
5366,0.9895024888321635,1.512455684006,1.2596803140944801,1,0
5367,0.9895024888321635,1.663241265294,1.2596803140944801,1,0
5368,0.9864358391831526,1.769343247999,1.2596803140944801,1,0
5369,0.9864358391831526,1.86639834222,1.2596803140944801,1,0
5370,0.9833700063816211,1.929019004892,1.2596803140944801,1,0
5371,0.9803045139332058,1.937179605821,1.2596803140944801,1,0
5372,0.9772400425441397,1.891279929128,1.2596803140944801,1,0
5373,0.9741765241437993,1.818518308675,1.2596803140944801,1,0
5374,0.9741765241437993,1.737559843227,1.2596803140944801,1,0
5375,0.971113278025952,1.618711159346,1.2596803140944801,1,0
5376,0.971113278025952,1.482162218741,1.2596803140944801,1,0
5377,0.9680510529674539,1.359116134737,1.2596803140944801,1,0
5378,0.9680510529674539,1.264846253294,1.2596803140944801,1,0
5379,0.9649894405445651,1.164534462157,1.2596803140944801,0,0
5380,0.9649894405445651,1.163072952758,1.2596803140944801,0,0
5381,0.9649894405445651,1.083655836985,1.2596803140944801,0,0
5382,0.9619283726866625,1.094219660602,1.2596803140944801,0,0
5383,0.9619283726866625,1.043642298154,1.2596803140944801,0,0
5384,0.9619283726866625,1.052433819688,1.2596803140944801,0,0
5385,0.958868325888109,1.040035111694,1.2596803140944801,0,0
5386,0.958868325888109,1.028093174569,1.2596803140944801,0,0
5387,0.958868325888109,1.050000027719,1.2596803140944801,0,0
5388,0.958868325888109,1.049077315715,1.2596803140944801,0,0
5389,0.958868325888109,1.038752762854,1.2596803140944801,0,0
5390,0.958868325888109,1.059185015041,1.2596803140944801,0,0
5391,0.958868325888109,1.096717650524,1.2596803140944801,0,0
5392,0.958868325888109,1.123336887616,1.2596803140944801,0,0
5393,0.958868325888109,1.180913517513,1.2596803140944801,0,0
5394,0.958868325888109,1.279526371273,1.2596803140944801,1,0
5395,0.9619283726866625,1.39592321873,1.2596803140944801,1,0
5396,0.9619283726866625,1.483846244508,1.2596803140944801,1,0
5397,0.9619283726866625,1.504468057865,1.2596803140944801,1,0
5398,0.9649894405445651,1.452212156564,1.2596803140944801,1,0
5399,0.9649894405445651,1.390741453349,1.2596803140944801,1,0
5400,0.9649894405445651,1.337636450368,1.06346424457725,1,0
5401,0.9680510529674539,1.301203857392,1.06346424457725,1,0
5402,0.9680510529674539,1.302866714386,1.06346424457725,1,0
5403,0.9680510529674539,1.325418964168,1.2094039708538,1,0
5404,0.9680510529674539,1.369889720308,1.2094039708538,1,0
5405,0.9680510529674539,1.420885400572,1.2094039708538,1,0
5406,0.971113278025952,1.529234374988,1.2094039708538,1,0
5407,0.971113278025952,1.597620789207,1.2094039708538,1,0
5408,0.971113278025952,1.715298178368,1.2094039708538,1,0
5409,0.9741765241437993,1.818180576826,1.2094039708538,1,0
5410,0.9741765241437993,1.929742668202,1.2094039708538,1,0
5411,0.9741765241437993,1.992434659287,1.2094039708538,1,0
5412,0.9772400425441397,2.082260604858,1.2094039708538,1,0
5413,0.9772400425441397,2.151325092657,1.2094039708538,1,0
5414,0.9772400425441397,2.209885655014,1.2094039708538,1,0
5415,0.9803045139332058,2.242418272193,1.2094039708538,1,0
5416,0.9803045139332058,2.277524366878,1.2094039708538,1,0
5417,0.9803045139332058,2.269108824667,1.2094039708538,1,0
5418,0.9833700063816211,2.251045889574,1.2094039708538,1,0
5419,0.9833700063816211,2.214776905168,1.2094039708538,1,0
5420,0.9864358391831526,2.185422706599,1.2094039708538,1,0
5421,0.9864358391831526,2.130523145182,1.2094039708538,1,0
5422,0.9864358391831526,2.047708952751,1.2094039708538,1,0
5423,0.9864358391831526,1.971598660639,1.2094039708538,1,0
5424,0.9864358391831526,1.894610631784,1.2094039708538,1,0
5425,0.9864358391831526,1.807875590371,1.2094039708538,1,0
5426,0.9864358391831526,1.714555667059,1.2094039708538,1,0
5427,0.9895024888321635,1.637904636274,1.2094039708538,1,0
5428,0.9895024888321635,1.585492486171,1.2094039708538,1,0
5429,0.9895024888321635,1.51343043518,1.2094039708538,1,0
5430,0.9895024888321635,1.490608276974,1.2094039708538,1,0
5431,0.9895024888321635,1.476125170805,1.2094039708538,1,0
5432,0.9895024888321635,1.48753958586,1.2094039708538,1,0
5433,0.9925700914699002,1.537773822457,1.2094039708538,1,0
5434,0.9925700914699002,1.603126077373,1.2094039708538,1,0
5435,0.9925700914699002,1.689282969897,1.2094039708538,1,0
5436,0.9925700914699002,1.789296689185,1.2094039708538,1,0
5437,0.9925700914699002,1.836195331648,1.2094039708538,1,0
5438,0.9925700914699002,1.73480733262,1.2094039708538,1,0
5439,0.9925700914699002,1.58568660962,1.2094039708538,1,0
5440,0.9925700914699002,1.421633969578,1.2094039708538,1,0
5441,0.9925700914699002,1.275163926265,1.2094039708538,1,0
5442,0.9956381025313764,1.162196678015,1.2094039708538,0,0
5443,0.9956381025313764,1.11052717168,1.2094039708538,0,0
5444,0.9956381025313764,1.06802245538,1.2094039708538,0,0
5445,0.9956381025313764,1.040517413073,1.2094039708538,0,0
5446,0.9987072027228251,1.027563748617,1.2094039708538,0,0
5447,0.9987072027228251,1.020099870108,1.2094039708538,0,0
5448,0.9987072027228251,1.023468471745,1.2094039708538,0,0
5449,0.9987072027228251,1.019615449561,1.06346424457725,0,0
5450,0.9987072027228251,1.016016979292,1.06346424457725,0,0
5451,0.9987072027228251,1.020005862831,1.06346424457725,0,0
5452,0.9987072027228251,1.018866937606,1.06346424457725,0,0
5453,0.9956381025313764,1.024628824772,1.06346424457725,0,0
5454,0.9956381025313764,1.033854579458,1.06346424457725,0,0
5455,0.9956381025313764,1.035199994207,1.06346424457725,0,0
5456,0.9956381025313764,1.0427128276,1.06346424457725,0,0
5457,0.9987072027228251,1.027285728515,1.06346424457725,0,0
5458,0.9956381025313764,1.02917712597,1.2596803140944801,0,0
5459,0.9956381025313764,1.023039736257,1.2596803140944801,0,0
5460,0.9956381025313764,1.083717656478,1.2596803140944801,0,0
5461,0.9956381025313764,1.174801206949,1.2596803140944801,0,0
5462,0.9925700914699002,1.286874570181,1.2596803140944801,1,0
5463,0.9925700914699002,1.444941103604,1.2596803140944801,1,0
5464,0.9925700914699002,1.632337655435,1.2596803140944801,1,0
5465,0.9895024888321635,1.788107014611,1.2596803140944801,1,0
5466,0.9895024888321635,1.949623511243,1.2596803140944801,1,0
5467,0.9864358391831526,2.078033770488,1.2596803140944801,1,0
5468,0.9833700063816211,2.170467269198,1.2596803140944801,1,0
5469,0.9803045139332058,2.20322039289,1.2596803140944801,1,0
5470,0.9772400425441397,2.186223766735,1.2596803140944801,1,0
5471,0.9741765241437993,2.107465531551,1.2596803140944801,1,0
5472,0.9741765241437993,2.018960932152,1.2596803140944801,1,0
5473,0.971113278025952,1.886296247137,1.2596803140944801,1,0
5474,0.971113278025952,1.740350854086,1.2596803140944801,1,0
5475,0.9680510529674539,1.588400541172,1.2596803140944801,1,0
5476,0.9680510529674539,1.449993938627,1.2596803140944801,1,0
5477,0.9649894405445651,1.314364175818,1.2596803140944801,1,0
5478,0.9649894405445651,1.196239245066,1.2596803140944801,0,0
5479,0.9649894405445651,1.135638600459,1.2596803140944801,0,0
5480,0.9619283726866625,1.093235987058,1.2596803140944801,0,0
5481,0.9619283726866625,1.080696500385,1.2596803140944801,0,0
5482,0.9619283726866625,1.045833776268,1.2596803140944801,0,0
5483,0.9619283726866625,1.060238824149,1.2596803140944801,0,0
5484,0.958868325888109,1.033202392828,1.2596803140944801,0,0
5485,0.958868325888109,1.044524389849,1.2596803140944801,0,0
5486,0.958868325888109,1.053805338264,1.2596803140944801,0,0
5487,0.958868325888109,1.049659753494,1.2596803140944801,0,0
5488,0.957132252712189,1.054677829616,1.2596803140944801,0,0
5489,0.958868325888109,1.095321473287,1.2596803140944801,0,0
5490,0.958868325888109,1.117239700106,1.2596803140944801,0,0
5491,0.9619283726866625,1.166705882372,1.2596803140944801,0,0
5492,0.9619283726866625,1.239511991466,1.2596803140944801,0,0
5493,0.9619283726866625,1.367781938196,1.2596803140944801,1,0
5494,0.9649894405445651,1.463383380839,1.2596803140944801,1,0
5495,0.9649894405445651,1.509034548058,1.2596803140944801,1,0
5496,0.9649894405445651,1.50484095602,1.2596803140944801,1,0
5497,0.9649894405445651,1.450964713726,1.2596803140944801,1,0
5498,0.9680510529674539,1.409322313498,1.2596803140944801,1,0
5499,0.9680510529674539,1.395193074169,1.06346424457725,1,0
5500,0.9680510529674539,1.427775401249,1.06346424457725,1,0
5501,0.9680510529674539,1.453483612668,1.2094039708538,1,0
5502,0.971113278025952,1.571976308213,1.2094039708538,1,0
5503,0.971113278025952,1.65469804075,1.2094039708538,1,0
5504,0.9741765241437993,1.809948496636,1.2094039708538,1,0
5505,0.9741765241437993,1.97937897516,1.2094039708538,1,0
5506,0.9741765241437993,2.144969100692,1.2094039708538,1,0
5507,0.9772400425441397,2.319463854836,1.2094039708538,1,0
5508,0.9772400425441397,2.480903635137,1.2094039708538,1,0
5509,0.9772400425441397,2.661137968526,1.2094039708538,1,0
5510,0.9803045139332058,2.803937257715,1.2094039708538,1,0
5511,0.9803045139332058,2.975415421852,1.2094039708538,1,0
5512,0.9803045139332058,3.084478568728,1.2094039708538,1,0
5513,0.9833700063816211,3.191865981835,1.2094039708538,1,0
5514,0.9833700063816211,3.282385933311,1.2094039708538,1,0
5515,0.9833700063816211,3.316773164814,1.2094039708538,1,0
5516,0.9864358391831526,3.325862237861,1.2094039708538,1,0
5517,0.9833700063816211,3.289465992087,1.2094039708538,1,0
5518,0.9833700063816211,3.193860806466,1.2094039708538,1,0
5519,0.9864358391831526,3.088224374345,1.2094039708538,1,0
5520,0.9864358391831526,2.944406966171,1.2094039708538,1,0
5521,0.9864358391831526,2.765917066181,1.2094039708538,1,0
5522,0.9864358391831526,2.596944855889,1.2094039708538,1,0
5523,0.9864358391831526,2.436401240491,1.2094039708538,1,0
5524,0.9864358391831526,2.279904257503,1.2094039708538,1,0
5525,0.9895024888321635,2.123217265977,1.2094039708538,1,0
5526,0.9895024888321635,1.949290174417,1.2094039708538,1,0
5527,0.9895024888321635,1.867062742779,1.2094039708538,1,0
5528,0.9895024888321635,1.763409092285,1.2094039708538,1,0
5529,0.9925700914699002,1.721719636207,1.2094039708538,1,0
5530,0.9925700914699002,1.723602627289,1.2094039708538,1,0
5531,0.9925700914699002,1.767971566264,1.2094039708538,1,0
5532,0.9925700914699002,1.82969149251,1.2094039708538,1,0
5533,0.9925700914699002,1.87097184931,1.2094039708538,1,0
5534,0.9925700914699002,1.804629330861,1.2094039708538,1,0
5535,0.9925700914699002,1.656670339274,1.2094039708538,1,0
5536,0.9925700914699002,1.498491658067,1.2094039708538,1,0
5537,0.9925700914699002,1.346527464586,1.2094039708538,1,0
5538,0.9956381025313764,1.209220976229,1.2094039708538,0,0
5539,0.9956381025313764,1.121635487733,1.2094039708538,0,0
5540,0.9956381025313764,1.076214561024,1.2094039708538,0,0
5541,0.9987072027228251,1.046062947982,1.2094039708538,0,0
5542,0.9987072027228251,1.032890923805,1.2094039708538,0,0
5543,0.9987072027228251,1.019859472908,1.2094039708538,0,0
5544,0.9987072027228251,1.026076206495,1.06346424457725,0,0
5545,0.9987072027228251,1.020476913133,1.06346424457725,0,0
5546,0.9987072027228251,1.015453715865,1.06346424457725,0,0
5547,0.9987072027228251,1.02006549053,1.06346424457725,0,0
5548,0.9987072027228251,1.01884688791,1.06346424457725,0,0
5549,0.9987072027228251,1.02768748685,1.06346424457725,0,0
5550,1.0,1.040784239919,1.06346424457725,0,0
5551,0.9987072027228251,1.052332905803,1.06346424457725,0,0
5552,0.9956381025313764,1.054168090734,1.06346424457725,0,0
5553,0.9956381025313764,1.058313532439,1.06346424457725,0,0
5554,0.9987072027228251,1.113361707266,1.06346424457725,1,0
5555,0.9987072027228251,1.224797093953,1.06346424457725,1,0
5556,0.9956381025313764,1.378972586525,1.2596803140944801,1,0
5557,0.9956381025313764,1.584346485325,1.2596803140944801,1,0
5558,0.9956381025313764,1.79538989366,1.2596803140944801,1,0
5559,0.9925700914699002,2.004715785999,1.2596803140944801,1,0
5560,0.9925700914699002,2.219586134516,1.2596803140944801,1,0
5561,0.9895024888321635,2.400656734649,1.2596803140944801,1,0
5562,0.9895024888321635,2.540688570503,1.2596803140944801,1,0
5563,0.9864358391831526,2.651417093339,1.2596803140944801,1,0
5564,0.9833700063816211,2.693677436774,1.2596803140944801,1,0
5565,0.9833700063816211,2.695055642801,1.2596803140944801,1,0
5566,0.9772400425441397,2.597373446619,1.2596803140944801,1,0
5567,0.9772400425441397,2.464936727182,1.2596803140944801,1,0
5568,0.9741765241437993,2.286056125187,1.2596803140944801,1,0
5569,0.971113278025952,2.072928374277,1.2596803140944801,1,0
5570,0.971113278025952,1.884604415585,1.2596803140944801,1,0
5571,0.971113278025952,1.652059438903,1.2596803140944801,1,0
5572,0.9680510529674539,1.465513199047,1.2596803140944801,1,0
5573,0.9680510529674539,1.328245239668,1.2596803140944801,1,0
5574,0.9649894405445651,1.18510952695,1.2596803140944801,0,0
5575,0.9649894405445651,1.159968029797,1.2596803140944801,0,0
5576,0.9649894405445651,1.091131227023,1.2596803140944801,0,0
5577,0.9619283726866625,1.078802891515,1.2596803140944801,0,0
5578,0.9619283726866625,1.040862298397,1.2596803140944801,0,0
5579,0.9619283726866625,1.057860413761,1.2596803140944801,0,0
5580,0.958868325888109,1.033934482321,1.2596803140944801,0,0
5581,0.958868325888109,1.034138892632,1.2596803140944801,0,0
5582,0.958868325888109,1.055976482064,1.2596803140944801,0,0
5583,0.958868325888109,1.046794161634,1.2596803140944801,0,0
5584,0.958868325888109,1.040900797591,1.2596803140944801,0,0
5585,0.957132252712189,1.075926963296,1.2596803140944801,0,0
5586,0.958868325888109,1.100472673802,1.2596803140944801,0,0
5587,0.958868325888109,1.136274514352,1.2596803140944801,0,0
5588,0.9619283726866625,1.207797135718,1.2596803140944801,0,0
5589,0.9619283726866625,1.310995175173,1.2596803140944801,1,0
5590,0.9619283726866625,1.436988324269,1.2596803140944801,1,0
5591,0.9649894405445651,1.519971484571,1.2596803140944801,1,0
5592,0.9649894405445651,1.556506171034,1.2596803140944801,1,0
5593,0.9649894405445651,1.518844622133,1.2596803140944801,1,0
5594,0.9680510529674539,1.491682121108,1.2596803140944801,1,0
5595,0.9680510529674539,1.467857575265,1.06346424457725,1,0
5596,0.9680510529674539,1.493188261012,1.06346424457725,1,0
5597,0.9680510529674539,1.533253388824,1.2094039708538,1,0
5598,0.971113278025952,1.649166791593,1.2094039708538,1,0
5599,0.971113278025952,1.738486191556,1.2094039708538,1,0
5600,0.971113278025952,1.911526293762,1.2094039708538,1,0
5601,0.9741765241437993,2.070895099687,1.2094039708538,1,0
5602,0.9741765241437993,2.251408009325,1.2094039708538,1,0
5603,0.9741765241437993,2.399400098652,1.2094039708538,1,0
5604,0.9772400425441397,2.549049331808,1.2094039708538,1,0
5605,0.9772400425441397,2.731962932872,1.2094039708538,1,0
5606,0.9772400425441397,2.892726874985,1.2094039708538,1,0
5607,0.9772400425441397,3.030472964475,1.2094039708538,1,0
5608,0.9803045139332058,3.131660346409,1.2094039708538,1,0
5609,0.9803045139332058,3.207319534782,1.2094039708538,1,0
5610,0.9833700063816211,3.264747610454,1.2094039708538,1,0
5611,0.9833700063816211,3.307443693945,1.2094039708538,1,0
5612,0.9864358391831526,3.30012463353,1.2094039708538,1,0
5613,0.9864358391831526,3.269243411965,1.2094039708538,1,0
5614,0.9864358391831526,3.190239978537,1.2094039708538,1,0
5615,0.9864358391831526,3.092739003675,1.2094039708538,1,0
5616,0.9864358391831526,2.986786571673,1.2094039708538,1,0
5617,0.9864358391831526,2.834335996553,1.2094039708538,1,0
5618,0.9864358391831526,2.669332795541,1.2094039708538,1,0
5619,0.9864358391831526,2.503641598138,1.2094039708538,1,0
5620,0.9864358391831526,2.363660649522,1.2094039708538,1,0
5621,0.9864358391831526,2.182469499143,1.2094039708538,1,0
5622,0.9895024888321635,2.089712942334,1.2094039708538,1,0
5623,0.9895024888321635,1.944360020569,1.2094039708538,1,0
5624,0.9895024888321635,1.822561581477,1.2094039708538,1,0
5625,0.9895024888321635,1.772344485299,1.2094039708538,1,0
5626,0.9925700914699002,1.737423715825,1.2094039708538,1,0
5627,0.9925700914699002,1.75405196064,1.2094039708538,1,0
5628,0.9925700914699002,1.810512527419,1.2094039708538,1,0
5629,0.9925700914699002,1.864726884957,1.2094039708538,1,0
5630,0.9925700914699002,1.866272119581,1.2094039708538,1,0
5631,0.9925700914699002,1.762211124475,1.2094039708538,1,0
5632,0.9925700914699002,1.598694950706,1.2094039708538,1,0
5633,0.9925700914699002,1.451381697784,1.2094039708538,1,0
5634,0.9925700914699002,1.299723625394,1.2094039708538,1,0
5635,0.9956381025313764,1.168672467266,1.2094039708538,0,0
5636,0.9956381025313764,1.101156850843,1.2094039708538,0,0
5637,0.9956381025313764,1.067391240913,1.2094039708538,0,0
5638,0.9987072027228251,1.039981249093,1.2094039708538,0,0
5639,0.9987072027228251,1.025540200841,1.2094039708538,0,0
5640,0.9987072027228251,1.01792975065,1.2094039708538,0,0
5641,0.9987072027228251,1.022396562895,1.06346424457725,0,0
5642,0.9987072027228251,1.0185586155,1.06346424457725,0,0
5643,0.9987072027228251,1.015380403561,1.06346424457725,0,0
5644,0.9987072027228251,1.020225257163,1.06346424457725,0,0
5645,0.9987072027228251,1.018875745415,1.06346424457725,0,0
5646,0.9987072027228251,1.029588675334,1.06346424457725,0,0
5647,0.9956381025313764,1.037685259472,1.06346424457725,0,0
5648,0.9956381025313764,1.045792433841,1.06346424457725,0,0
5649,0.9956381025313764,1.04106721274,1.06346424457725,0,0
5650,0.9956381025313764,1.037992004037,1.06346424457725,0,0
5651,0.9956381025313764,1.052706372485,1.06346424457725,0,0
5652,0.9956381025313764,1.118060623019,1.06346424457725,1,0
5653,0.9956381025313764,1.231973683816,1.2596803140944801,0,0
5654,0.9925700914699002,1.372531966991,1.2596803140944801,1,0
5655,0.9895024888321635,1.510781196432,1.2596803140944801,1,0
5656,0.9895024888321635,1.652090372094,1.2596803140944801,1,0
5657,0.9895024888321635,1.799532296804,1.2596803140944801,1,0
5658,0.9864358391831526,1.896210211575,1.2596803140944801,1,0
5659,0.9864358391831526,1.97901437032,1.2596803140944801,1,0
5660,0.9833700063816211,2.024093756846,1.2596803140944801,1,0
5661,0.9803045139332058,2.010150920182,1.2596803140944801,1,0
5662,0.9772400425441397,1.944363892318,1.2596803140944801,1,0
5663,0.9741765241437993,1.836825140243,1.2596803140944801,1,0
5664,0.9741765241437993,1.726526586229,1.2596803140944801,1,0
5665,0.9741765241437993,1.599082634297,1.2596803140944801,1,0
5666,0.971113278025952,1.455643390044,1.2596803140944801,1,0
5667,0.9680510529674539,1.313496376858,1.2596803140944801,1,0
5668,0.9680510529674539,1.22942346842,1.2596803140944801,0,0
5669,0.9680510529674539,1.146286778844,1.2596803140944801,0,0
5670,0.9649894405445651,1.143889581448,1.2596803140944801,0,0
5671,0.9649894405445651,1.07341397081,1.2596803140944801,0,0
5672,0.9619283726866625,1.087860725375,1.2596803140944801,0,0
5673,0.9619283726866625,1.041077393479,1.2596803140944801,0,0
5674,0.9619283726866625,1.046566026073,1.2596803140944801,0,0
5675,0.9619283726866625,1.036025261105,1.2596803140944801,0,0
5676,0.958868325888109,1.027059081813,1.2596803140944801,0,0
5677,0.958868325888109,1.047289917865,1.2596803140944801,0,0
5678,0.958868325888109,1.042224459094,1.2596803140944801,0,0
5679,0.958868325888109,1.033207257669,1.2596803140944801,0,0
5680,0.958868325888109,1.051840887231,1.2596803140944801,0,0
5681,0.958868325888109,1.086433058846,1.2596803140944801,0,0
5682,0.958868325888109,1.109884488965,1.2596803140944801,0,0
5683,0.958868325888109,1.152723346955,1.2596803140944801,0,0
5684,0.958868325888109,1.227887682294,1.2596803140944801,0,0
5685,0.9619283726866625,1.359578973099,1.2596803140944801,1,0
5686,0.9619283726866625,1.460467921248,1.2596803140944801,1,0
5687,0.9619283726866625,1.504857814705,1.2596803140944801,1,0
5688,0.9649894405445651,1.484891442997,1.2596803140944801,1,0
5689,0.9649894405445651,1.430737318596,1.2596803140944801,1,0
5690,0.9649894405445651,1.384020320488,1.06346424457725,1,0
5691,0.9680510529674539,1.346092603804,1.06346424457725,1,0
5692,0.9680510529674539,1.350068220268,1.06346424457725,1,0
5693,0.9680510529674539,1.377795521969,1.2094039708538,1,0
5694,0.9680510529674539,1.42289341042,1.2094039708538,1,0
5695,0.9680510529674539,1.489043475763,1.2094039708538,1,0
5696,0.971113278025952,1.592218458574,1.2094039708538,1,0
5697,0.971113278025952,1.670623750775,1.2094039708538,1,0
5698,0.9741765241437993,1.800612810624,1.2094039708538,1,0
5699,0.9741765241437993,1.924738590665,1.2094039708538,1,0
5700,0.9741765241437993,2.033652388657,1.2094039708538,1,0
5701,0.9772400425441397,2.119369807307,1.2094039708538,1,0
5702,0.9772400425441397,2.228590021189,1.2094039708538,1,0
5703,0.9772400425441397,2.304622157751,1.2094039708538,1,0
5704,0.9803045139332058,2.385440009179,1.2094039708538,1,0
5705,0.9803045139332058,2.438316895477,1.2094039708538,1,0
5706,0.9803045139332058,2.480751388998,1.2094039708538,1,0
5707,0.9833700063816211,2.502096567231,1.2094039708538,1,0
5708,0.9833700063816211,2.487537803461,1.2094039708538,1,0
5709,0.9864358391831526,2.475839331963,1.2094039708538,1,0
5710,0.9864358391831526,2.444990907789,1.2094039708538,1,0
5711,0.9864358391831526,2.416885974265,1.2094039708538,1,0
5712,0.9864358391831526,2.347190047883,1.2094039708538,1,0
5713,0.9864358391831526,2.272481526018,1.2094039708538,1,0
5714,0.9864358391831526,2.174641147059,1.2094039708538,1,0
5715,0.9864358391831526,2.092171991773,1.2094039708538,1,0
5716,0.9864358391831526,1.975613597602,1.2094039708538,1,0
5717,0.9864358391831526,1.895408250246,1.2094039708538,1,0
5718,0.9864358391831526,1.766892881672,1.2094039708538,1,0
5719,0.9895024888321635,1.708422211089,1.2094039708538,1,0
5720,0.9895024888321635,1.624747803484,1.2094039708538,1,0
5721,0.9895024888321635,1.610234863286,1.2094039708538,1,0
5722,0.9895024888321635,1.591686064699,1.2094039708538,1,0
5723,0.9925700914699002,1.625384031506,1.2094039708538,1,0
5724,0.9925700914699002,1.678218936389,1.2094039708538,1,0
5725,0.9925700914699002,1.752024387628,1.2094039708538,1,0
5726,0.9925700914699002,1.815774481832,1.2094039708538,1,0
5727,0.9925700914699002,1.8237552095,1.2094039708538,1,0
5728,0.9925700914699002,1.705604274824,1.2094039708538,1,0
5729,0.9925700914699002,1.527226871016,1.2094039708538,1,0
5730,0.9925700914699002,1.361194193567,1.2094039708538,1,0
5731,0.9925700914699002,1.216094989774,1.2094039708538,1,0
5732,0.9925700914699002,1.116375768093,1.2094039708538,0,0
5733,0.9925700914699002,1.070994110105,1.2094039708538,0,0
5734,0.9925700914699002,1.051610870515,1.2094039708538,0,0
5735,0.9956381025313764,1.046997929709,1.2094039708538,0,0
5736,0.9956381025313764,1.030374099616,1.2094039708538,0,0
5737,0.9956381025313764,1.021077745262,1.2094039708538,0,0
5738,0.9956381025313764,1.014999444996,1.06346424457725,0,0
5739,0.9956381025313764,1.016746508576,1.06346424457725,0,0
5740,0.9956381025313764,1.018390474359,1.06346424457725,0,0
5741,0.9956381025313764,1.014939748767,1.06346424457725,0,0
5742,0.9956381025313764,1.019387435255,1.06346424457725,0,0
5743,0.9956381025313764,1.021153827729,1.06346424457725,0,0
5744,0.9956381025313764,1.025340037418,1.06346424457725,0,0
5745,0.9956381025313764,1.033163083068,1.06346424457725,0,0
5746,0.9956381025313764,1.028997728937,1.06346424457725,0,0
5747,0.9956381025313764,1.035155253569,1.06346424457725,0,0
5748,0.9956381025313764,1.013449099864,1.06346424457725,0,0
5749,0.9956381025313764,1.004491969494,1.06346424457725,0,0
5750,0.9956381025313764,0.996795848284,1.2596803140944801,0,0
5751,0.9925700914699002,1.023376774474,1.2596803140944801,0,0
5752,0.9925700914699002,1.087026500585,1.2596803140944801,0,0
5753,0.9925700914699002,1.232233077345,1.2596803140944801,0,0
5754,0.9895024888321635,1.413993029587,1.2596803140944801,1,0
5755,0.9895024888321635,1.61068143645,1.2596803140944801,1,0
5756,0.9864358391831526,1.783788654177,1.2596803140944801,1,0
5757,0.9864358391831526,1.951132109879,1.2596803140944801,1,0
5758,0.9833700063816211,2.076774639842,1.2596803140944801,1,0
5759,0.9803045139332058,2.151992338423,1.2596803140944801,1,0
5760,0.9772400425441397,2.156208825128,1.2596803140944801,1,0
5761,0.9741765241437993,2.11244616542,1.2596803140944801,1,0
5762,0.9741765241437993,2.025077731556,1.2596803140944801,1,0
5763,0.971113278025952,1.913747609895,1.2596803140944801,1,0
5764,0.971113278025952,1.780915828871,1.2596803140944801,1,0
5765,0.9680510529674539,1.613642538321,1.2596803140944801,1,0
5766,0.9680510529674539,1.468634958049,1.2596803140944801,1,0
5767,0.9680510529674539,1.370792975084,1.2596803140944801,1,0
5768,0.9649894405445651,1.214271905677,1.2596803140944801,0,0
5769,0.9649894405445651,1.174201866586,1.2596803140944801,0,0
5770,0.9649894405445651,1.115647017782,1.2596803140944801,0,0
5771,0.9619283726866625,1.102466650818,1.2596803140944801,0,0
5772,0.9619283726866625,1.047320228756,1.2596803140944801,0,0
5773,0.9619283726866625,1.064736613788,1.2596803140944801,0,0
5774,0.958868325888109,1.036659022253,1.2596803140944801,0,0
5775,0.958868325888109,1.035527146155,1.2596803140944801,0,0
5776,0.958868325888109,1.056244396036,1.2596803140944801,0,0
5777,0.958868325888109,1.048641937236,1.2596803140944801,0,0
5778,0.958868325888109,1.051574328166,1.2596803140944801,0,0
5779,0.958868325888109,1.096692995749,1.2596803140944801,0,0
5780,0.958868325888109,1.122150535497,1.2596803140944801,0,0
5781,0.958868325888109,1.158267672145,1.2596803140944801,0,0
5782,0.958868325888109,1.235924486113,1.2596803140944801,0,0
5783,0.9619283726866625,1.346776179091,1.2596803140944801,1,0
5784,0.9619283726866625,1.444110323005,1.2596803140944801,1,0
5785,0.9619283726866625,1.464467711878,1.2596803140944801,1,0
5786,0.9649894405445651,1.39788368071,1.2596803140944801,1,0
5787,0.9649894405445651,1.326714159687,1.2596803140944801,1,0
5788,0.9649894405445651,1.24989684605,1.06346424457725,1,0
5789,0.9649894405445651,1.209831554524,1.06346424457725,1,0
5790,0.9680510529674539,1.190095418692,1.06346424457725,1,0
5791,0.9680510529674539,1.186354072671,1.2094039708538,0,0
5792,0.9680510529674539,1.212954246291,1.2094039708538,1,0
5793,0.9680510529674539,1.226957442671,1.2094039708538,1,0
5794,0.971113278025952,1.290628691876,1.2094039708538,1,0
5795,0.971113278025952,1.352534683679,1.2094039708538,1,0
5796,0.971113278025952,1.442598431301,1.2094039708538,1,0
5797,0.9741765241437993,1.551808107469,1.2094039708538,1,0
5798,0.9741765241437993,1.657219731094,1.2094039708538,1,0
5799,0.9741765241437993,1.752154737288,1.2094039708538,1,0
5800,0.9772400425441397,1.844030763252,1.2094039708538,1,0
5801,0.9772400425441397,1.939376213782,1.2094039708538,1,0
5802,0.9772400425441397,2.017414948957,1.2094039708538,1,0
5803,0.9803045139332058,2.087064684509,1.2094039708538,1,0
5804,0.9803045139332058,2.142649324543,1.2094039708538,1,0
5805,0.9833700063816211,2.192556260664,1.2094039708538,1,0
5806,0.9833700063816211,2.208634908551,1.2094039708538,1,0
5807,0.9864358391831526,2.21378731407,1.2094039708538,1,0
5808,0.9864358391831526,2.212845175679,1.2094039708538,1,0
5809,0.9864358391831526,2.185572676207,1.2094039708538,1,0
5810,0.9864358391831526,2.133496993433,1.2094039708538,1,0
5811,0.9864358391831526,2.076720291905,1.2094039708538,1,0
5812,0.9864358391831526,2.013378959551,1.2094039708538,1,0
5813,0.9864358391831526,1.948890883924,1.2094039708538,1,0
5814,0.9864358391831526,1.852467444899,1.2094039708538,1,0
5815,0.9864358391831526,1.788782247736,1.2094039708538,1,0
5816,0.9864358391831526,1.672895051808,1.2094039708538,1,0
5817,0.9895024888321635,1.630856582107,1.2094039708538,1,0
5818,0.9895024888321635,1.566618383683,1.2094039708538,1,0
5819,0.9895024888321635,1.55718249581,1.2094039708538,1,0
5820,0.9895024888321635,1.550864124391,1.2094039708538,1,0
5821,0.9925700914699002,1.589416205891,1.2094039708538,1,0
5822,0.9925700914699002,1.648270892292,1.2094039708538,1,0
5823,0.9925700914699002,1.709706465239,1.2094039708538,1,0
5824,0.9925700914699002,1.807691673765,1.2094039708538,1,0
5825,0.9925700914699002,1.843273063031,1.2094039708538,1,0
5826,0.9925700914699002,1.765657443905,1.2094039708538,1,0
5827,0.9925700914699002,1.616002901415,1.2094039708538,1,0
5828,0.9925700914699002,1.446272479456,1.2094039708538,1,0
5829,0.9956381025313764,1.307414172485,1.2094039708538,1,0
5830,0.9956381025313764,1.187383963,1.2094039708538,0,0
5831,0.9969336226334824,1.119371320387,1.2094039708538,0,0
5832,0.9956381025313764,1.072010385116,1.2094039708538,0,0
5833,0.9956381025313764,1.042020920853,1.2094039708538,0,0
5834,0.9956381025313764,1.028546120711,1.2094039708538,0,0
5835,0.9956381025313764,1.017920295332,1.2094039708538,0,0
5836,0.9987072027228251,1.020289308272,1.06346424457725,0,0
5837,0.9987072027228251,1.019551270225,1.06346424457725,0,0
5838,0.9987072027228251,1.014939748767,1.06346424457725,0,0
5839,0.9987072027228251,1.018491328724,1.06346424457725,0,0
5840,0.9956381025313764,1.024408260124,1.06346424457725,0,0
5841,0.9987072027228251,1.0239159185,1.06346424457725,0,0
5842,0.9956381025313764,1.038948038004,1.06346424457725,0,0
5843,0.9956381025313764,1.03454461396,1.06346424457725,0,0
5844,0.9956381025313764,1.041300314707,1.06346424457725,0,0
5845,0.9956381025313764,1.029688417328,1.06346424457725,0,0
5846,0.9956381025313764,1.026596789584,1.06346424457725,0,0
5847,0.9956381025313764,1.005363771574,1.06346424457725,0,0
5848,0.9956381025313764,1.052986443143,1.2596803140944801,0,0
5849,0.9925700914699002,1.115915770149,1.2596803140944801,0,0
5850,0.9925700914699002,1.206404295201,1.2596803140944801,0,0
5851,0.9925700914699002,1.358014465215,1.2596803140944801,1,0
5852,0.9895024888321635,1.520412744479,1.2596803140944801,1,0
5853,0.9895024888321635,1.691183550337,1.2596803140944801,1,0
5854,0.9864358391831526,1.816644476779,1.2596803140944801,1,0
5855,0.9864358391831526,1.931942597972,1.2596803140944801,1,0
5856,0.9833700063816211,2.007287772605,1.2596803140944801,1,0
5857,0.9803045139332058,2.037660642415,1.2596803140944801,1,0
5858,0.9772400425441397,2.004266467225,1.2596803140944801,1,0
5859,0.9772400425441397,1.959400186504,1.2596803140944801,1,0
5860,0.9741765241437993,1.886374239439,1.2596803140944801,1,0
5861,0.971113278025952,1.769456841011,1.2596803140944801,1,0
5862,0.971113278025952,1.633344865781,1.2596803140944801,1,0
5863,0.9680510529674539,1.493648400701,1.2596803140944801,1,0
5864,0.9680510529674539,1.377982248095,1.2596803140944801,1,0
5865,0.9680510529674539,1.265549017226,1.2596803140944801,1,0
5866,0.9649894405445651,1.183412811435,1.2596803140944801,0,0
5867,0.9649894405445651,1.130868793184,1.2596803140944801,0,0
5868,0.9649894405445651,1.090442390833,1.2596803140944801,0,0
5869,0.9619283726866625,1.076653932938,1.2596803140944801,0,0
5870,0.9619283726866625,1.041954299738,1.2596803140944801,0,0
5871,0.9619283726866625,1.062818453937,1.2596803140944801,0,0
5872,0.958868325888109,1.03641846018,1.2596803140944801,0,0
5873,0.958868325888109,1.035705093121,1.2596803140944801,0,0
5874,0.958868325888109,1.059987541504,1.2596803140944801,0,0
5875,0.958868325888109,1.056570502495,1.2596803140944801,0,0
5876,0.958868325888109,1.054457570773,1.2596803140944801,0,0
5877,0.958868325888109,1.076719368642,1.2596803140944801,0,0
5878,0.958868325888109,1.129504546211,1.2596803140944801,0,0
5879,0.958868325888109,1.171540358606,1.2596803140944801,0,0
5880,0.958868325888109,1.2763609782,1.2596803140944801,1,0
5881,0.958868325888109,1.382018968698,1.2596803140944801,1,0
5882,0.9619283726866625,1.473795017752,1.2596803140944801,1,0
5883,0.9619283726866625,1.511895617565,1.2596803140944801,1,0
5884,0.9619283726866625,1.477771598454,1.2596803140944801,1,0
5885,0.9649894405445651,1.4107840206,1.2596803140944801,1,0
5886,0.9649894405445651,1.343308364345,1.06346424457725,1,0
5887,0.9649894405445651,1.299654982202,1.06346424457725,1,0
5888,0.9649894405445651,1.274825942262,1.06346424457725,1,0
5889,0.9680510529674539,1.281517856002,1.2094039708538,1,0
5890,0.9680510529674539,1.288767340555,1.2094039708538,1,0
5891,0.9680510529674539,1.331921628021,1.2094039708538,1,0
5892,0.971113278025952,1.383635024851,1.2094039708538,1,0
5893,0.971113278025952,1.455993413647,1.2094039708538,1,0
5894,0.971113278025952,1.502154792878,1.2094039708538,1,0
5895,0.9741765241437993,1.599584157106,1.2094039708538,1,0
5896,0.9741765241437993,1.68820883453,1.2094039708538,1,0
5897,0.9741765241437993,1.7760228674,1.2094039708538,1,0
5898,0.9772400425441397,1.86273766746,1.2094039708538,1,0
5899,0.9772400425441397,1.944326464639,1.2094039708538,1,0
5900,0.9772400425441397,2.004923474014,1.2094039708538,1,0
5901,0.9803045139332058,2.053883610152,1.2094039708538,1,0
5902,0.9803045139332058,2.09666628698,1.2094039708538,1,0
5903,0.9803045139332058,2.122864904184,1.2094039708538,1,0
5904,0.9833700063816211,2.144235894802,1.2094039708538,1,0
5905,0.9833700063816211,2.127580042511,1.2094039708538,1,0
5906,0.9833700063816211,2.110734956659,1.2094039708538,1,0
5907,0.9864358391831526,2.079657095962,1.2094039708538,1,0
5908,0.9864358391831526,2.032510977142,1.2094039708538,1,0
5909,0.9864358391831526,1.974406931445,1.2094039708538,1,0
5910,0.9864358391831526,1.914641077917,1.2094039708538,1,0
5911,0.9864358391831526,1.853860610957,1.2094039708538,1,0
5912,0.9864358391831526,1.752986230107,1.2094039708538,1,0
5913,0.9864358391831526,1.706684865763,1.2094039708538,1,0
5914,0.9864358391831526,1.592954846913,1.2094039708538,1,0
5915,0.9864358391831526,1.522879563419,1.2094039708538,1,0
5916,0.9895024888321635,1.484070447171,1.2094039708538,1,0
5917,0.9895024888321635,1.466668306672,1.2094039708538,1,0
5918,0.9895024888321635,1.464530050735,1.2094039708538,1,0
5919,0.9895024888321635,1.499612290861,1.2094039708538,1,0
5920,0.9925700914699002,1.548468722343,1.2094039708538,1,0
5921,0.9925700914699002,1.620056721461,1.2094039708538,1,0
5922,0.9925700914699002,1.733848336513,1.2094039708538,1,0
5923,0.9925700914699002,1.797685261572,1.2094039708538,1,0
5924,0.9925700914699002,1.780163901592,1.2094039708538,1,0
5925,0.9925700914699002,1.660346808059,1.2094039708538,1,0
5926,0.9925700914699002,1.49916012859,1.2094039708538,1,0
5927,0.9925700914699002,1.348918207984,1.2094039708538,1,0
5928,0.9956381025313764,1.21166190585,1.2094039708538,1,0
5929,0.9956381025313764,1.111300282056,1.2094039708538,0,0
5930,0.9956381025313764,1.074536162888,1.2094039708538,0,0
5931,0.9956381025313764,1.062506183888,1.2094039708538,0,0
5932,0.9987072027228251,1.040945469224,1.2094039708538,0,0
5933,0.9987072027228251,1.028292361106,1.2094039708538,0,0
5934,0.9987072027228251,1.016102477317,1.2094039708538,0,0
5935,0.9987072027228251,1.021904269056,1.06346424457725,0,0
5936,0.9987072027228251,1.017737495852,1.06346424457725,0,0
5937,0.9987072027228251,1.018499388974,1.06346424457725,0,0
5938,0.9987072027228251,1.022055478459,1.06346424457725,0,0
5939,0.9987072027228251,1.020898881121,1.06346424457725,0,0
5940,0.9987072027228251,1.031695495788,1.06346424457725,0,0
5941,0.9987072027228251,1.039375908321,1.06346424457725,0,0
5942,0.9956381025313764,1.046868572085,1.06346424457725,0,0
5943,0.9956381025313764,1.041566529798,1.06346424457725,0,0
5944,0.9956381025313764,1.052380469094,1.06346424457725,0,0
5945,0.9956381025313764,1.074721484769,1.06346424457725,1,0
5946,0.9956381025313764,1.159808468789,1.06346424457725,1,0
5947,0.9956381025313764,1.280212357207,1.2596803140944801,1,0
5948,0.9925700914699002,1.440551275689,1.2596803140944801,1,0
5949,0.9925700914699002,1.603878427156,1.2596803140944801,1,0
5950,0.9895024888321635,1.76251163303,1.2596803140944801,1,0
5951,0.9895024888321635,1.910639664823,1.2596803140944801,1,0
5952,0.9895024888321635,2.060161606317,1.2596803140944801,1,0
5953,0.9864358391831526,2.141310860423,1.2596803140944801,1,0
5954,0.9864358391831526,2.217045789306,1.2596803140944801,1,0
5955,0.9833700063816211,2.23300217,1.2596803140944801,1,0
5956,0.9803045139332058,2.195595075144,1.2596803140944801,1,0
5957,0.9772400425441397,2.104415581477,1.2596803140944801,1,0
5958,0.9772400425441397,2.01553913341,1.2596803140944801,1,0
5959,0.9741765241437993,1.876810677792,1.2596803140944801,1,0
5960,0.971113278025952,1.735246180222,1.2596803140944801,1,0
5961,0.971113278025952,1.569695415624,1.2596803140944801,1,0
5962,0.9680510529674539,1.412015487566,1.2596803140944801,1,0
5963,0.9680510529674539,1.298431677891,1.2596803140944801,1,0
5964,0.9680510529674539,1.189240554574,1.2596803140944801,0,0
5965,0.9649894405445651,1.165948386766,1.2596803140944801,0,0
5966,0.9649894405445651,1.085876143451,1.2596803140944801,0,0
5967,0.9649894405445651,1.098898462661,1.2596803140944801,0,0
5968,0.9619283726866625,1.049326378834,1.2596803140944801,0,0
5969,0.9619283726866625,1.048585439863,1.2596803140944801,0,0
5970,0.9619283726866625,1.049891145616,1.2596803140944801,0,0
5971,0.958868325888109,1.032476598218,1.2596803140944801,0,0
5972,0.958868325888109,1.04313085851,1.2596803140944801,0,0
5973,0.958868325888109,1.057463844404,1.2596803140944801,0,0
5974,0.958868325888109,1.055888700465,1.2596803140944801,0,0
5975,0.958868325888109,1.054555522936,1.2596803140944801,0,0
5976,0.958868325888109,1.080363291232,1.2596803140944801,0,0
5977,0.958868325888109,1.1279665802,1.2596803140944801,0,0
5978,0.958868325888109,1.193231158364,1.2596803140944801,0,0
5979,0.958868325888109,1.287130284627,1.2596803140944801,1,0
5980,0.9619283726866625,1.417821239231,1.2596803140944801,1,0
5981,0.9619283726866625,1.506755303357,1.2596803140944801,1,0
5982,0.9619283726866625,1.5396260821,1.2596803140944801,1,0
5983,0.9619283726866625,1.534301872798,1.2596803140944801,1,0
5984,0.9649894405445651,1.481801338296,1.2596803140944801,1,0
5985,0.9649894405445651,1.41866943043,1.06346424457725,1,0
5986,0.9649894405445651,1.38239732206,1.06346424457725,1,0
5987,0.9680510529674539,1.383613198061,1.06346424457725,1,0
5988,0.9680510529674539,1.396416599631,1.2094039708538,1,0
5989,0.9680510529674539,1.435635430593,1.2094039708538,1,0
5990,0.9680510529674539,1.469416419576,1.2094039708538,1,0
5991,0.971113278025952,1.55628551619,1.2094039708538,1,0
5992,0.971113278025952,1.624518410411,1.2094039708538,1,0
5993,0.971113278025952,1.713625832661,1.2094039708538,1,0
5994,0.9741765241437993,1.819827538743,1.2094039708538,1,0
5995,0.9741765241437993,1.871235233279,1.2094039708538,1,0
5996,0.9741765241437993,1.943573773066,1.2094039708538,1,0
5997,0.9772400425441397,2.017967567705,1.2094039708538,1,0
5998,0.9772400425441397,2.068670181127,1.2094039708538,1,0
5999,0.9803045139332058,2.131550871888,1.2094039708538,1,0
6000,0.9803045139332058,2.177585400744,1.2094039708538,1,0
6001,0.9803045139332058,2.207388477791,1.2094039708538,1,0
6002,0.9833700063816211,2.239706315929,1.2094039708538,1,0
6003,0.9833700063816211,2.24076437788,1.2094039708538,1,0
6004,0.9833700063816211,2.222141241852,1.2094039708538,1,0
6005,0.9864358391831526,2.209818031352,1.2094039708538,1,0
6006,0.9864358391831526,2.194609797753,1.2094039708538,1,0
6007,0.9864358391831526,2.143198649228,1.2094039708538,1,0
6008,0.9864358391831526,2.095605352819,1.2094039708538,1,0
6009,0.9864358391831526,2.030021025304,1.2094039708538,1,0
6010,0.9864358391831526,1.969860119921,1.2094039708538,1,0
6011,0.9864358391831526,1.871066488973,1.2094039708538,1,0
6012,0.9864358391831526,1.817572605564,1.2094039708538,1,0
6013,0.9864358391831526,1.690192506635,1.2094039708538,1,0
6014,0.9895024888321635,1.661771385539,1.2094039708538,1,0
6015,0.9895024888321635,1.580607760239,1.2094039708538,1,0
6016,0.9895024888321635,1.570354007432,1.2094039708538,1,0
6017,0.9895024888321635,1.553789460946,1.2094039708538,1,0
6018,0.9895024888321635,1.58188678983,1.2094039708538,1,0
6019,0.9925700914699002,1.632790114495,1.2094039708538,1,0
6020,0.9925700914699002,1.696610759551,1.2094039708538,1,0
6021,0.9925700914699002,1.79112721672,1.2094039708538,1,0
6022,0.9925700914699002,1.83023066494,1.2094039708538,1,0
6023,0.9925700914699002,1.753737534429,1.2094039708538,1,0
6024,0.9925700914699002,1.604882947764,1.2094039708538,1,0
6025,0.9925700914699002,1.443811801937,1.2094039708538,1,0
6026,0.9956381025313764,1.289613712873,1.2094039708538,1,0
6027,0.9956381025313764,1.170229850336,1.2094039708538,0,0
6028,0.9956381025313764,1.101768946739,1.2094039708538,0,0
6029,0.9987072027228251,1.074688645073,1.2094039708538,0,0
6030,0.9987072027228251,1.049958474148,1.2094039708538,0,0
6031,0.9987072027228251,1.029868287757,1.2094039708538,0,0
6032,0.9987072027228251,1.019937028541,1.2094039708538,0,0
6033,0.9987072027228251,1.023535683122,1.06346424457725,0,0
6034,0.9987072027228251,1.019321369199,1.06346424457725,0,0
6035,0.9987072027228251,1.015446938911,1.06346424457725,0,0
6036,0.9987072027228251,1.020381302374,1.06346424457725,0,0
6037,0.9987072027228251,1.019218909961,1.06346424457725,0,0
6038,0.9987072027228251,1.026699836223,1.06346424457725,0,0
6039,0.9987072027228251,1.041670958001,1.06346424457725,0,0
6040,0.9956381025313764,1.031430773304,1.06346424457725,0,0
6041,0.9956381025313764,1.04863310536,1.06346424457725,0,0
6042,0.9956381025313764,1.04833911819,1.06346424457725,0,0
6043,0.9956381025313764,1.056019705158,1.06346424457725,0,0
6044,0.9956381025313764,1.106263146448,1.06346424457725,1,0
6045,0.9956381025313764,1.220475203203,1.2596803140944801,0,0
6046,0.9925700914699002,1.333266522321,1.2596803140944801,1,0
6047,0.9925700914699002,1.504102921103,1.2596803140944801,1,0
6048,0.9895024888321635,1.643538457912,1.2596803140944801,1,0
6049,0.9895024888321635,1.784853484979,1.2596803140944801,1,0
6050,0.9895024888321635,1.929260984861,1.2596803140944801,1,0
6051,0.9864358391831526,2.011726539409,1.2596803140944801,1,0
6052,0.9864358391831526,2.08769108679,1.2596803140944801,1,0
6053,0.9833700063816211,2.115943509075,1.2596803140944801,1,0
6054,0.9803045139332058,2.098444439994,1.2596803140944801,1,0
6055,0.9772400425441397,2.015409354965,1.2596803140944801,1,0
6056,0.9772400425441397,1.930383478534,1.2596803140944801,1,0
6057,0.9741765241437993,1.820586171632,1.2596803140944801,1,0
6058,0.971113278025952,1.679760195509,1.2596803140944801,1,0
6059,0.971113278025952,1.52078496235,1.2596803140944801,1,0
6060,0.9680510529674539,1.381899869837,1.2596803140944801,1,0
6061,0.9680510529674539,1.276989288021,1.2596803140944801,1,0
6062,0.9680510529674539,1.168541812199,1.2596803140944801,0,0
6063,0.9649894405445651,1.155236028486,1.2596803140944801,0,0
6064,0.9649894405445651,1.086275768058,1.2596803140944801,0,0
6065,0.9649894405445651,1.093991776713,1.2596803140944801,0,0
6066,0.9619283726866625,1.043290204492,1.2596803140944801,0,0
6067,0.9619283726866625,1.053915129545,1.2596803140944801,0,0
6068,0.9619283726866625,1.044416286106,1.2596803140944801,0,0
6069,0.958868325888109,1.030342977946,1.2596803140944801,0,0
6070,0.958868325888109,1.044839237254,1.2596803140944801,0,0
6071,0.958868325888109,1.053723437243,1.2596803140944801,0,0
6072,0.958868325888109,1.050528774827,1.2596803140944801,0,0
6073,0.958868325888109,1.054259824475,1.2596803140944801,0,0
6074,0.958868325888109,1.082619006348,1.2596803140944801,0,0
6075,0.958868325888109,1.129146556826,1.2596803140944801,0,0
6076,0.958868325888109,1.187989398479,1.2596803140944801,0,0
6077,0.958868325888109,1.282389287598,1.2596803140944801,1,0
6078,0.958868325888109,1.412097308582,1.2596803140944801,1,0
6079,0.9619283726866625,1.50184953471,1.2596803140944801,1,0
6080,0.9619283726866625,1.548016259096,1.2596803140944801,1,0
6081,0.9619283726866625,1.543290481811,1.2596803140944801,1,0
6082,0.9649894405445651,1.486050885711,1.2596803140944801,1,0
6083,0.9649894405445651,1.419946312957,1.06346424457725,1,0
6084,0.9649894405445651,1.38265235914,1.06346424457725,1,0
6085,0.9649894405445651,1.377808761058,1.06346424457725,1,0
6086,0.9680510529674539,1.387013883839,1.2094039708538,1,0
6087,0.9680510529674539,1.405468012489,1.2094039708538,1,0
6088,0.9680510529674539,1.447789353264,1.2094039708538,1,0
6089,0.9680510529674539,1.487550897364,1.2094039708538,1,0
6090,0.971113278025952,1.578023169127,1.2094039708538,1,0
6091,0.971113278025952,1.615606059793,1.2094039708538,1,0
6092,0.9741765241437993,1.698900868274,1.2094039708538,1,0
6093,0.9741765241437993,1.754230984561,1.2094039708538,1,0
6094,0.9741765241437993,1.810450631167,1.2094039708538,1,0
6095,0.9772400425441397,1.875142377914,1.2094039708538,1,0
6096,0.9772400425441397,1.934310213564,1.2094039708538,1,0
6097,0.9772400425441397,1.979905933514,1.2094039708538,1,0
6098,0.9803045139332058,2.008643042808,1.2094039708538,1,0
6099,0.9803045139332058,2.039109528123,1.2094039708538,1,0
6100,0.9803045139332058,2.05021216637,1.2094039708538,1,0
6101,0.9833700063816211,2.049981786696,1.2094039708538,1,0
6102,0.9833700063816211,2.030748992077,1.2094039708538,1,0
6103,0.9864358391831526,2.027960400453,1.2094039708538,1,0
6104,0.9864358391831526,2.014736027756,1.2094039708538,1,0
6105,0.9864358391831526,1.978989888416,1.2094039708538,1,0
6106,0.9864358391831526,1.939907354199,1.2094039708538,1,0
6107,0.9864358391831526,1.892408490596,1.2094039708538,1,0
6108,0.9864358391831526,1.841957598542,1.2094039708538,1,0
6109,0.9864358391831526,1.755667458349,1.2094039708538,1,0
6110,0.9864358391831526,1.71553664639,1.2094039708538,1,0
6111,0.9864358391831526,1.607870738264,1.2094039708538,1,0
6112,0.9864358391831526,1.563697030501,1.2094039708538,1,0
6113,0.9895024888321635,1.499508999004,1.2094039708538,1,0
6114,0.9895024888321635,1.500218086024,1.2094039708538,1,0
6115,0.9895024888321635,1.482710056135,1.2094039708538,1,0
6116,0.9895024888321635,1.515396949818,1.2094039708538,1,0
6117,0.9895024888321635,1.561645219404,1.2094039708538,1,0
6118,0.9925700914699002,1.626910065712,1.2094039708538,1,0
6119,0.9925700914699002,1.735214811773,1.2094039708538,1,0
6120,0.9925700914699002,1.799999303454,1.2094039708538,1,0
6121,0.9925700914699002,1.784838572707,1.2094039708538,1,0
6122,0.9925700914699002,1.662490733928,1.2094039708538,1,0
6123,0.9925700914699002,1.498098336459,1.2094039708538,1,0
6124,0.9925700914699002,1.353274034601,1.2094039708538,1,0
6125,0.9925700914699002,1.208838858725,1.2094039708538,0,0
6126,0.9956381025313764,1.116386540294,1.2094039708538,0,0
6127,0.9956381025313764,1.066183326551,1.2094039708538,0,0
6128,0.9956381025313764,1.05115605685,1.2094039708538,0,0
6129,0.9956381025313764,1.047615458693,1.2094039708538,0,0
6130,0.9987072027228251,1.030522733467,1.2094039708538,0,0
6131,0.9987072027228251,1.018556809109,1.2094039708538,0,0
6132,0.9987072027228251,1.017631534687,1.06346424457725,0,0
6133,0.9987072027228251,1.021196491599,1.06346424457725,0,0
6134,0.9987072027228251,1.014939748767,1.06346424457725,0,0
6135,0.9987072027228251,1.018461493452,1.06346424457725,0,0
6136,0.9956381025313764,1.022232597262,1.06346424457725,0,0
6137,0.9956381025313764,1.023459404061,1.06346424457725,0,0
6138,0.9956381025313764,1.035990856876,1.06346424457725,0,0
6139,0.9956381025313764,1.033185631918,1.06346424457725,0,0
6140,0.9908022973835355,1.038635411416,1.06346424457725,0,0
6141,0.9925700914699002,1.018116098532,1.06346424457725,0,0
6142,0.9925700914699002,1.018839223579,1.06346424457725,0,0
6143,0.9925700914699002,1.00036418883,1.06346424457725,0,0
6144,0.9925700914699002,1.027684503828,1.2596803140944801,0,0
6145,0.9925700914699002,1.066333767778,1.2596803140944801,0,0
6146,0.9925700914699002,1.133394078682,1.2596803140944801,0,0
6147,0.9895024888321635,1.237469177575,1.2596803140944801,0,0
6148,0.9895024888321635,1.371749374599,1.2596803140944801,1,0
6149,0.9895024888321635,1.512036783119,1.2596803140944801,1,0
6150,0.9895024888321635,1.644289563741,1.2596803140944801,1,0
6151,0.9864358391831526,1.747823785013,1.2596803140944801,1,0
6152,0.9833700063816211,1.814602893667,1.2596803140944801,1,0
6153,0.9803045139332058,1.848849428922,1.2596803140944801,1,0
6154,0.9772400425441397,1.817580436552,1.2596803140944801,1,0
6155,0.9741765241437993,1.759745079266,1.2596803140944801,1,0
6156,0.9741765241437993,1.679890977692,1.2596803140944801,1,0
6157,0.971113278025952,1.569366397706,1.2596803140944801,1,0
6158,0.971113278025952,1.461018171211,1.2596803140944801,1,0
6159,0.971113278025952,1.343567071722,1.2596803140944801,1,0
6160,0.9680510529674539,1.283487544746,1.2596803140944801,1,0
6161,0.9680510529674539,1.185094886174,1.2596803140944801,0,0
6162,0.9649894405445651,1.161489519538,1.2596803140944801,0,0
6163,0.9649894405445651,1.105352766661,1.2596803140944801,0,0
6164,0.9649894405445651,1.1000556319,1.2596803140944801,0,0
6165,0.9619283726866625,1.06216810746,1.2596803140944801,0,0
6166,0.9619283726866625,1.040600295435,1.2596803140944801,0,0
6167,0.9619283726866625,1.064021779929,1.2596803140944801,0,0
6168,0.958868325888109,1.038375849016,1.2596803140944801,0,0
6169,0.958868325888109,1.035722928285,1.2596803140944801,0,0
6170,0.958868325888109,1.058586318789,1.2596803140944801,0,0
6171,0.958868325888109,1.063128888407,1.2596803140944801,0,0
6172,0.958868325888109,1.0693350919,1.2596803140944801,0,0
6173,0.958868325888109,1.093806364624,1.2596803140944801,0,0
6174,0.958868325888109,1.135716942163,1.2596803140944801,0,0
6175,0.958868325888109,1.208460737301,1.2596803140944801,0,0
6176,0.958868325888109,1.304898457204,1.2596803140944801,1,0
6177,0.958868325888109,1.417364630944,1.2596803140944801,1,0
6178,0.9619283726866625,1.484880750566,1.2596803140944801,1,0
6179,0.9619283726866625,1.49817355539,1.2596803140944801,1,0
6180,0.9619283726866625,1.452567010936,1.2596803140944801,1,0
6181,0.9649894405445651,1.377200981846,1.2596803140944801,1,0
6182,0.9649894405445651,1.314372125091,1.2596803140944801,1,0
6183,0.9649894405445651,1.26327701342,1.06346424457725,1,0
6184,0.9680510529674539,1.234462274212,1.06346424457725,1,0
6185,0.9680510529674539,1.232288868134,1.2094039708538,1,0
6186,0.9680510529674539,1.237280568767,1.2094039708538,1,0
6187,0.9680510529674539,1.244241318106,1.2094039708538,1,0
6188,0.971113278025952,1.292507754563,1.2094039708538,1,0
6189,0.971113278025952,1.315113644107,1.2094039708538,1,0
6190,0.971113278025952,1.377463519703,1.2094039708538,1,0
6191,0.9741765241437993,1.443016781965,1.2094039708538,1,0
6192,0.9741765241437993,1.519581598171,1.2094039708538,1,0
6193,0.9741765241437993,1.574170117937,1.2094039708538,1,0
6194,0.9772400425441397,1.616507680051,1.2094039708538,1,0
6195,0.9772400425441397,1.672370550413,1.2094039708538,1,0
6196,0.9772400425441397,1.73166336296,1.2094039708538,1,0
6197,0.9803045139332058,1.789062738915,1.2094039708538,1,0
6198,0.9803045139332058,1.839661971629,1.2094039708538,1,0
6199,0.9833700063816211,1.898214304177,1.2094039708538,1,0
6200,0.9833700063816211,1.955097762791,1.2094039708538,1,0
6201,0.9833700063816211,1.988492717505,1.2094039708538,1,0
6202,0.9864358391831526,2.031986580781,1.2094039708538,1,0
6203,0.9864358391831526,2.050613862204,1.2094039708538,1,0
6204,0.9864358391831526,2.050843749017,1.2094039708538,1,0
6205,0.9864358391831526,2.028753524529,1.2094039708538,1,0
6206,0.9864358391831526,1.99851608484,1.2094039708538,1,0
6207,0.9864358391831526,1.947900301465,1.2094039708538,1,0
6208,0.9864358391831526,1.853304164691,1.2094039708538,1,0
6209,0.9864358391831526,1.796768928608,1.2094039708538,1,0
6210,0.9864358391831526,1.681657835706,1.2094039708538,1,0
6211,0.9895024888321635,1.650652015839,1.2094039708538,1,0
6212,0.9895024888321635,1.570320322086,1.2094039708538,1,0
6213,0.9895024888321635,1.554588220831,1.2094039708538,1,0
6214,0.9895024888321635,1.537298582823,1.2094039708538,1,0
6215,0.9925700914699002,1.570112987537,1.2094039708538,1,0
6216,0.9925700914699002,1.629442458414,1.2094039708538,1,0
6217,0.9925700914699002,1.687826415967,1.2094039708538,1,0
6218,0.9925700914699002,1.778777580931,1.2094039708538,1,0
6219,0.9925700914699002,1.83304683833,1.2094039708538,1,0
6220,0.9925700914699002,1.795105944644,1.2094039708538,1,0
6221,0.9925700914699002,1.655036200947,1.2094039708538,1,0
6222,0.9925700914699002,1.479073275685,1.2094039708538,1,0
6223,0.9925700914699002,1.307048648993,1.2094039708538,1,0
6224,0.9925700914699002,1.173100065846,1.2094039708538,0,0
6225,0.9956381025313764,1.098836883888,1.2094039708538,0,0
6226,0.9956381025313764,1.072506056919,1.2094039708538,0,0
6227,0.9956381025313764,1.054838991751,1.2094039708538,0,0
6228,0.9956381025313764,1.035797640424,1.2094039708538,0,0
6229,0.9956381025313764,1.025488643159,1.2094039708538,0,0
6230,0.9987072027228251,1.015927425713,1.06346424457725,0,0
6231,0.9987072027228251,1.018565880195,1.06346424457725,0,0
6232,0.9987072027228251,1.017226466133,1.06346424457725,0,0
6233,0.9956381025313764,1.014662800583,1.06346424457725,0,0
6234,0.9956381025313764,1.018468669791,1.06346424457725,0,0
6235,0.9956381025313764,1.019580381342,1.06346424457725,0,0
6236,0.9956381025313764,1.022070928711,1.06346424457725,0,0
6237,0.9956381025313764,1.035113071537,1.06346424457725,0,0
6238,0.9925700914699002,1.02952137138,1.06346424457725,0,0
6239,0.9925700914699002,1.040669866433,1.06346424457725,0,0
6240,0.9925700914699002,1.015173907023,1.06346424457725,0,0
6241,0.9925700914699002,1.010144848807,1.06346424457725,0,0
6242,0.9925700914699002,0.993537189701,1.2596803140944801,0,0
6243,0.9925700914699002,0.995879917591,1.2596803140944801,0,0
6244,0.9925700914699002,1.017674578659,1.2596803140944801,0,0
6245,0.9895024888321635,1.04927583353,1.2596803140944801,0,0
6246,0.9895024888321635,1.121202565402,1.2596803140944801,0,0
6247,0.9864358391831526,1.206965498249,1.2596803140944801,0,0
6248,0.9864358391831526,1.287488198389,1.2596803140944801,1,0
6249,0.9864358391831526,1.393864352856,1.2596803140944801,1,0
6250,0.9833700063816211,1.473639907378,1.2596803140944801,1,0
6251,0.9803045139332058,1.530822923247,1.2596803140944801,1,0
6252,0.9772400425441397,1.532164604416,1.2596803140944801,1,0
6253,0.9772400425441397,1.525783358387,1.2596803140944801,1,0
6254,0.9741765241437993,1.502146790312,1.2596803140944801,1,0
6255,0.971113278025952,1.431600983436,1.2596803140944801,1,0
6256,0.971113278025952,1.352780739464,1.2596803140944801,1,0
6257,0.9680510529674539,1.289214474747,1.2596803140944801,1,0
6258,0.9680510529674539,1.248240166894,1.2596803140944801,0,0
6259,0.9680510529674539,1.175328858491,1.2596803140944801,0,0
6260,0.9649894405445651,1.163075712519,1.2596803140944801,0,0
6261,0.9649894405445651,1.106934169165,1.2596803140944801,0,0
6262,0.9649894405445651,1.100866221544,1.2596803140944801,0,0
6263,0.9619283726866625,1.070400078997,1.2596803140944801,0,0
6264,0.9619283726866625,1.046799771459,1.2596803140944801,0,0
6265,0.958868325888109,1.06376381815,1.2596803140944801,0,0
6266,0.958868325888109,1.040040455071,1.2596803140944801,0,0
6267,0.958868325888109,1.039818631383,1.2596803140944801,0,0
6268,0.958868325888109,1.063118719211,1.2596803140944801,0,0
6269,0.958868325888109,1.065050650282,1.2596803140944801,0,0
6270,0.958868325888109,1.065553062836,1.2596803140944801,0,0
6271,0.958868325888109,1.093706112936,1.2596803140944801,0,0
6272,0.958868325888109,1.150942999415,1.2596803140944801,0,0
6273,0.958868325888109,1.21096761178,1.2596803140944801,0,0
6274,0.958868325888109,1.320813686776,1.2596803140944801,1,0
6275,0.958868325888109,1.407426369948,1.2596803140944801,1,0
6276,0.9619283726866625,1.46117511356,1.2596803140944801,1,0
6277,0.9619283726866625,1.459194957091,1.2596803140944801,1,0
6278,0.9619283726866625,1.389748124627,1.2596803140944801,1,0
6279,0.9649894405445651,1.30205850072,1.06346424457725,1,0
6280,0.9649894405445651,1.249971383771,1.06346424457725,1,0
6281,0.9649894405445651,1.202027141024,1.06346424457725,1,0
6282,0.9649894405445651,1.171395252809,1.06346424457725,1,0
6283,0.9680510529674539,1.158123518565,1.2094039708538,0,0
6284,0.9680510529674539,1.171873300355,1.2094039708538,0,0
6285,0.9680510529674539,1.175048747601,1.2094039708538,0,0
6286,0.9680510529674539,1.206596065131,1.2094039708538,0,0
6287,0.971113278025952,1.221887899232,1.2094039708538,1,0
6288,0.971113278025952,1.279028224133,1.2094039708538,1,0
6289,0.971113278025952,1.323100364438,1.2094039708538,1,0
6290,0.9741765241437993,1.366490979416,1.2094039708538,1,0
6291,0.9741765241437993,1.413958189702,1.2094039708538,1,0
6292,0.9741765241437993,1.457967819211,1.2094039708538,1,0
6293,0.9772400425441397,1.489679277972,1.2094039708538,1,0
6294,0.9772400425441397,1.530034232557,1.2094039708538,1,0
6295,0.9803045139332058,1.57307252757,1.2094039708538,1,0
6296,0.9803045139332058,1.614352075141,1.2094039708538,1,0
6297,0.9803045139332058,1.647112248611,1.2094039708538,1,0
6298,0.9833700063816211,1.686254632215,1.2094039708538,1,0
6299,0.9833700063816211,1.717840492882,1.2094039708538,1,0
6300,0.9864358391831526,1.745435225879,1.2094039708538,1,0
6301,0.9864358391831526,1.765247532559,1.2094039708538,1,0
6302,0.9864358391831526,1.778092619973,1.2094039708538,1,0
6303,0.9864358391831526,1.76875872501,1.2094039708538,1,0
6304,0.9864358391831526,1.750380586147,1.2094039708538,1,0
6305,0.9877375537119762,1.712306786134,1.2094039708538,1,0
6306,0.9864358391831526,1.665862613784,1.2094039708538,1,0
6307,0.9864358391831526,1.612337586006,1.2094039708538,1,0
6308,0.9864358391831526,1.55328337728,1.2094039708538,1,0
6309,0.9864358391831526,1.491546447103,1.2094039708538,1,0
6310,0.9895024888321635,1.460658660445,1.2094039708538,1,0
6311,0.9895024888321635,1.455768244386,1.2094039708538,1,0
6312,0.9895024888321635,1.449022924683,1.2094039708538,1,0
6313,0.9908022973835355,1.486435310241,1.2094039708538,1,0
6314,0.9925700914699002,1.536776759803,1.2094039708538,1,0
6315,0.9925700914699002,1.605104477755,1.2094039708538,1,0
6316,0.9925700914699002,1.720142991294,1.2094039708538,1,0
6317,0.9925700914699002,1.785602579008,1.2094039708538,1,0
6318,0.9925700914699002,1.794918062999,1.2094039708538,1,0
6319,0.9925700914699002,1.697780429794,1.2094039708538,1,0
6320,0.9925700914699002,1.525985337347,1.2094039708538,1,0
6321,0.9925700914699002,1.37170089243,1.2094039708538,1,0
6322,0.9925700914699002,1.226329308138,1.2094039708538,1,0
6323,0.9925700914699002,1.114690509597,1.2094039708538,0,0
6324,0.9925700914699002,1.067392994547,1.2094039708538,0,0
6325,0.9956381025313764,1.05216338723,1.2094039708538,0,0
6326,0.9956381025313764,1.043657316368,1.2094039708538,0,0
6327,0.9956381025313764,1.031757805193,1.2094039708538,0,0
6328,0.9956381025313764,1.020549034509,1.2094039708538,0,0
6329,0.9956381025313764,1.014725433131,1.06346424457725,0,0
6330,0.9956381025313764,1.017019780439,1.06346424457725,0,0
6331,0.9956381025313764,1.019015871154,1.06346424457725,0,0
6332,0.9956381025313764,1.014939748767,1.06346424457725,0,0
6333,0.9956381025313764,1.017912945392,1.06346424457725,0,0
6334,0.9956381025313764,1.02101931724,1.06346424457725,0,0
6335,0.9956381025313764,1.021103436308,1.06346424457725,0,0
6336,0.9956381025313764,1.029978713164,1.06346424457725,0,0
6337,0.9925700914699002,1.029066191643,1.06346424457725,0,0
6338,0.9925700914699002,1.028728619213,1.06346424457725,0,0
6339,0.9956381025313764,1.023934286913,1.06346424457725,0,0
6340,0.9956381025313764,1.008154491767,1.06346424457725,0,0
6341,0.9956381025313764,0.986136749327,1.2596803140944801,0,0
6342,0.9925700914699002,0.991336317902,1.2596803140944801,0,0
6343,0.9925700914699002,1.012863539433,1.2596803140944801,0,0
6344,0.9925700914699002,1.069374458663,1.2596803140944801,0,0
6345,0.9895024888321635,1.190471196935,1.2596803140944801,0,0
6346,0.9895024888321635,1.367937786185,1.2596803140944801,1,0
6347,0.9864358391831526,1.527996603316,1.2596803140944801,1,0
6348,0.9864358391831526,1.696641490681,1.2596803140944801,1,0
6349,0.9833700063816211,1.827241437892,1.2596803140944801,1,0
6350,0.9803045139332058,1.918229462567,1.2596803140944801,1,0
6351,0.9772400425441397,1.942959347153,1.2596803140944801,1,0
6352,0.9741765241437993,1.933295088313,1.2596803140944801,1,0
6353,0.9741765241437993,1.898433399734,1.2596803140944801,1,0
6354,0.971113278025952,1.814403792014,1.2596803140944801,1,0
6355,0.971113278025952,1.700345290797,1.2596803140944801,1,0
6356,0.9680510529674539,1.581703378582,1.2596803140944801,1,0
6357,0.9680510529674539,1.465224016239,1.2596803140944801,1,0
6358,0.9680510529674539,1.368065861981,1.2596803140944801,1,0
6359,0.9649894405445651,1.216930707332,1.2596803140944801,0,0
6360,0.9649894405445651,1.185152695775,1.2596803140944801,0,0
6361,0.9619283726866625,1.115597954508,1.2596803140944801,0,0
6362,0.9619283726866625,1.107808155369,1.2596803140944801,0,0
6363,0.9619283726866625,1.051393107774,1.2596803140944801,0,0
6364,0.958868325888109,1.066376865933,1.2596803140944801,0,0
6365,0.958868325888109,1.039427589756,1.2596803140944801,0,0
6366,0.958868325888109,1.039804605909,1.2596803140944801,0,0
6367,0.958868325888109,1.05892213005,1.2596803140944801,0,0
6368,0.958868325888109,1.051280436166,1.2596803140944801,0,0
6369,0.958868325888109,1.06015628171,1.2596803140944801,0,0
6370,0.958868325888109,1.09996731516,1.2596803140944801,0,0
6371,0.958868325888109,1.126293105736,1.2596803140944801,0,0
6372,0.958868325888109,1.170287764033,1.2596803140944801,0,0
6373,0.958868325888109,1.267711022271,1.2596803140944801,1,0
6374,0.9619283726866625,1.367046733063,1.2596803140944801,1,0
6375,0.9619283726866625,1.454740777571,1.2596803140944801,1,0
6376,0.9619283726866625,1.440242737163,1.2596803140944801,1,0
6377,0.9649894405445651,1.381205339363,1.2596803140944801,1,0
6378,0.9649894405445651,1.294043094924,1.2596803140944801,1,0
6379,0.9649894405445651,1.219428440106,1.06346424457725,1,0
6380,0.9680510529674539,1.185808537787,1.06346424457725,1,0
6381,0.9680510529674539,1.168891239763,1.06346424457725,1,0
6382,0.9680510529674539,1.165354278112,1.2094039708538,0,0
6383,0.9680510529674539,1.190381911518,1.2094039708538,0,0
6384,0.9680510529674539,1.202533552976,1.2094039708538,0,0
6385,0.971113278025952,1.272091720771,1.2094039708538,1,0
6386,0.971113278025952,1.321982839436,1.2094039708538,1,0
6387,0.971113278025952,1.410017914378,1.2094039708538,1,0
6388,0.9741765241437993,1.527045093413,1.2094039708538,1,0
6389,0.9741765241437993,1.618948512956,1.2094039708538,1,0
6390,0.9741765241437993,1.714409345671,1.2094039708538,1,0
6391,0.9772400425441397,1.811154906864,1.2094039708538,1,0
6392,0.9772400425441397,1.918313433542,1.2094039708538,1,0
6393,0.9772400425441397,2.001188285779,1.2094039708538,1,0
6394,0.9803045139332058,2.068027487136,1.2094039708538,1,0
6395,0.9803045139332058,2.136586176118,1.2094039708538,1,0
6396,0.9803045139332058,2.163861100419,1.2094039708538,1,0
6397,0.9833700063816211,2.175935645115,1.2094039708538,1,0
6398,0.9833700063816211,2.159229996336,1.2094039708538,1,0
6399,0.9864358391831526,2.149163667839,1.2094039708538,1,0
6400,0.9864358391831526,2.116358001366,1.2094039708538,1,0
6401,0.9864358391831526,2.06035667401,1.2094039708538,1,0
6402,0.9864358391831526,1.991055592341,1.2094039708538,1,0
6403,0.9864358391831526,1.915284895196,1.2094039708538,1,0
6404,0.9864358391831526,1.83661130529,1.2094039708538,1,0
6405,0.9864358391831526,1.74466363802,1.2094039708538,1,0
6406,0.9864358391831526,1.647990507625,1.2094039708538,1,0
6407,0.9864358391831526,1.584354956136,1.2094039708538,1,0
6408,0.9895024888321635,1.508564889745,1.2094039708538,1,0
6409,0.9895024888321635,1.482239805015,1.2094039708538,1,0
6410,0.9895024888321635,1.463508981185,1.2094039708538,1,0
6411,0.9895024888321635,1.471586457464,1.2094039708538,1,0
6412,0.9895024888321635,1.516572067701,1.2094039708538,1,0
6413,0.9895024888321635,1.568200331247,1.2094039708538,1,0
6414,0.9925700914699002,1.672787324703,1.2094039708538,1,0
6415,0.9925700914699002,1.756654190597,1.2094039708538,1,0
6416,0.9925700914699002,1.821841842482,1.2094039708538,1,0
6417,0.9925700914699002,1.734842489314,1.2094039708538,1,0
6418,0.9925700914699002,1.586287603349,1.2094039708538,1,0
6419,0.9925700914699002,1.432001034795,1.2094039708538,1,0
6420,0.9925700914699002,1.284786508807,1.2094039708538,1,0
6421,0.9925700914699002,1.164072413186,1.2094039708538,0,0
6422,0.9925700914699002,1.082599061392,1.2094039708538,0,0
6423,0.9925700914699002,1.055287954257,1.2094039708538,0,0
6424,0.9938675175494577,1.047662367108,1.2094039708538,0,0
6425,0.9956381025313764,1.043140944093,1.2094039708538,0,0
6426,0.9956381025313764,1.027471770889,1.2094039708538,0,0
6427,0.9956381025313764,1.01500753369,1.2094039708538,0,0
6428,0.9956381025313764,1.017210467356,1.06346424457725,0,0
6429,0.9956381025313764,1.020940015146,1.06346424457725,0,0
6430,0.9956381025313764,1.014416223028,1.06346424457725,0,0
6431,0.9956381025313764,1.01734247508,1.06346424457725,0,0
6432,0.9956381025313764,1.021964626926,1.06346424457725,0,0
6433,0.9956381025313764,1.018358870494,1.06346424457725,0,0
6434,0.9956381025313764,1.030897884375,1.06346424457725,0,0
6435,0.9956381025313764,1.028148768368,1.06346424457725,0,0
6436,0.9925700914699002,1.031154894063,1.06346424457725,0,0
6437,0.9956381025313764,1.029161125866,1.06346424457725,0,0
6438,0.9956381025313764,1.011127609297,1.06346424457725,0,0
6439,0.9956381025313764,0.997491626902,1.2596803140944801,0,0
6440,0.9956381025313764,1.004624770617,1.2596803140944801,0,0
6441,0.9925700914699002,1.037237584834,1.2596803140944801,0,0
6442,0.9925700914699002,1.104010584262,1.2596803140944801,0,0
6443,0.9925700914699002,1.249975401895,1.2596803140944801,0,0
6444,0.9895024888321635,1.419648423149,1.2596803140944801,1,0
6445,0.9895024888321635,1.606351039886,1.2596803140944801,1,0
6446,0.9864358391831526,1.780395998801,1.2596803140944801,1,0
6447,0.9833700063816211,1.911641394167,1.2596803140944801,1,0
6448,0.9833700063816211,2.02727175557,1.2596803140944801,1,0
6449,0.9772400425441397,2.051374755199,1.2596803140944801,1,0
6450,0.9772400425441397,2.042968750355,1.2596803140944801,1,0
6451,0.9741765241437993,2.004147817768,1.2596803140944801,1,0
6452,0.971113278025952,1.898068013606,1.2596803140944801,1,0
6453,0.971113278025952,1.791337138392,1.2596803140944801,1,0
6454,0.971113278025952,1.654416746195,1.2596803140944801,1,0
6455,0.9680510529674539,1.493479157988,1.2596803140944801,1,0
6456,0.9680510529674539,1.372624936686,1.2596803140944801,1,0
6457,0.9649894405445651,1.262651435931,1.2596803140944801,1,0
6458,0.9649894405445651,1.181477191147,1.2596803140944801,0,0
6459,0.9649894405445651,1.121491874953,1.2596803140944801,0,0
6460,0.9619283726866625,1.107800736301,1.2596803140944801,0,0
6461,0.9619283726866625,1.051473614543,1.2596803140944801,0,0
6462,0.9619283726866625,1.052794106199,1.2596803140944801,0,0
6463,0.958868325888109,1.041611359337,1.2596803140944801,0,0
6464,0.958868325888109,1.028116896503,1.2596803140944801,0,0
6465,0.958868325888109,1.051638401718,1.2596803140944801,0,0
6466,0.958868325888109,1.047827193064,1.2596803140944801,0,0
6467,0.958868325888109,1.043584786322,1.2596803140944801,0,0
6468,0.958868325888109,1.08452914913,1.2596803140944801,0,0
6469,0.958868325888109,1.099900814892,1.2596803140944801,0,0
6470,0.958868325888109,1.128614292323,1.2596803140944801,0,0
6471,0.958868325888109,1.176057441923,1.2596803140944801,0,0
6472,0.9619283726866625,1.280691237739,1.2596803140944801,1,0
6473,0.9619283726866625,1.404014580671,1.2596803140944801,1,0
6474,0.9619283726866625,1.444685764054,1.2596803140944801,1,0
6475,0.9619283726866625,1.427599882778,1.2596803140944801,1,0
6476,0.9649894405445651,1.373108444224,1.2596803140944801,1,0
6477,0.9649894405445651,1.266764917872,1.2596803140944801,1,0
6478,0.9680510529674539,1.214295047131,1.06346424457725,1,0
6479,0.9680510529674539,1.191869634849,1.06346424457725,1,0
6480,0.9680510529674539,1.177697286538,1.2094039708538,0,0
6481,0.9680510529674539,1.189440239808,1.2094039708538,0,0
6482,0.9680510529674539,1.215940458263,1.2094039708538,1,0
6483,0.971113278025952,1.277587360715,1.2094039708538,1,0
6484,0.971113278025952,1.34302445493,1.2094039708538,1,0
6485,0.971113278025952,1.464481712185,1.2094039708538,1,0
6486,0.9741765241437993,1.553699044043,1.2094039708538,1,0
6487,0.9741765241437993,1.692237285885,1.2094039708538,1,0
6488,0.9741765241437993,1.809358826044,1.2094039708538,1,0
6489,0.9772400425441397,1.896726927501,1.2094039708538,1,0
6490,0.9772400425441397,2.037315304273,1.2094039708538,1,0
6491,0.9772400425441397,2.140525225068,1.2094039708538,1,0
6492,0.9772400425441397,2.215886319211,1.2094039708538,1,0
6493,0.9803045139332058,2.288455157377,1.2094039708538,1,0
6494,0.9803045139332058,2.339680105313,1.2094039708538,1,0
6495,0.9833700063816211,2.35235477628,1.2094039708538,1,0
6496,0.9833700063816211,2.351566819949,1.2094039708538,1,0
6497,0.9864358391831526,2.326783850471,1.2094039708538,1,0
6498,0.9864358391831526,2.304250333035,1.2094039708538,1,0
6499,0.9864358391831526,2.238137926412,1.2094039708538,1,0
6500,0.9864358391831526,2.161089258592,1.2094039708538,1,0
6501,0.9864358391831526,2.07002227194,1.2094039708538,1,0
6502,0.9864358391831526,1.98714295347,1.2094039708538,1,0
6503,0.9864358391831526,1.870784782399,1.2094039708538,1,0
6504,0.9864358391831526,1.792294423895,1.2094039708538,1,0
6505,0.9864358391831526,1.669770683189,1.2094039708538,1,0
6506,0.9864358391831526,1.620130312467,1.2094039708538,1,0
6507,0.9895024888321635,1.529013642798,1.2094039708538,1,0
6508,0.9895024888321635,1.517605584999,1.2094039708538,1,0
6509,0.9895024888321635,1.499067963224,1.2094039708538,1,0
6510,0.9925700914699002,1.533547643126,1.2094039708538,1,0
6511,0.9925700914699002,1.582651685388,1.2094039708538,1,0
6512,0.9925700914699002,1.660002183209,1.2094039708538,1,0
6513,0.9925700914699002,1.774892261135,1.2094039708538,1,0
6514,0.9925700914699002,1.818594294365,1.2094039708538,1,0
6515,0.9925700914699002,1.788439007504,1.2094039708538,1,0
6516,0.9925700914699002,1.654655573247,1.2094039708538,1,0
6517,0.9925700914699002,1.490726086854,1.2094039708538,1,0
6518,0.9925700914699002,1.32782491413,1.2094039708538,1,0
6519,0.9925700914699002,1.198951605843,1.2094039708538,0,0
6520,0.9925700914699002,1.115107146505,1.2094039708538,0,0
6521,0.9956381025313764,1.080942054245,1.2094039708538,0,0
6522,0.9956381025313764,1.061123834553,1.2094039708538,0,0
6523,0.9956381025313764,1.034804183076,1.2094039708538,0,0
6524,0.9956381025313764,1.022391458405,1.2094039708538,0,0
6525,0.9956381025313764,1.017548268097,1.2094039708538,0,0
6526,0.9956381025313764,1.021668405126,1.06346424457725,0,0
6527,0.9956381025313764,1.018068343214,1.06346424457725,0,0
6528,0.9956381025313764,1.014939748767,1.06346424457725,0,0
6529,0.9956381025313764,1.018998403766,1.06346424457725,0,0
6530,0.9956381025313764,1.021222643186,1.06346424457725,0,0
6531,0.9956381025313764,1.023941423637,1.06346424457725,0,0
6532,0.9956381025313764,1.03731028934,1.06346424457725,0,0
6533,0.9956381025313764,1.028729204387,1.06346424457725,0,0
6534,0.9956381025313764,1.028740885431,1.06346424457725,0,0
6535,0.9956381025313764,1.026648456782,1.06346424457725,0,0
6536,0.9956381025313764,1.013710158086,1.06346424457725,0,0
6537,0.9956381025313764,0.998385869578,1.06346424457725,0,0
6538,0.9956381025313764,1.016739497422,1.2596803140944801,0,0
6539,0.9925700914699002,1.049953426567,1.2596803140944801,0,0
6540,0.9925700914699002,1.116901098865,1.2596803140944801,0,0
6541,0.9925700914699002,1.256820019908,1.2596803140944801,0,0
6542,0.9895024888321635,1.408181921654,1.2596803140944801,1,0
6543,0.9895024888321635,1.581053254177,1.2596803140944801,1,0
6544,0.9864358391831526,1.735733241287,1.2596803140944801,1,0
6545,0.9864358391831526,1.8820706386,1.2596803140944801,1,0
6546,0.9833700063816211,1.989807553772,1.2596803140944801,1,0
6547,0.9803045139332058,2.033105684171,1.2596803140944801,1,0
6548,0.9772400425441397,2.034989163,1.2596803140944801,1,0
6549,0.9741765241437993,1.999468494181,1.2596803140944801,1,0
6550,0.9741765241437993,1.92362807356,1.2596803140944801,1,0
6551,0.971113278025952,1.825124589978,1.2596803140944801,1,0
6552,0.971113278025952,1.707873623835,1.2596803140944801,1,0
6553,0.9680510529674539,1.55670934018,1.2596803140944801,1,0
6554,0.9680510529674539,1.442699149213,1.2596803140944801,1,0
6555,0.9680510529674539,1.329678666476,1.2596803140944801,1,0
6556,0.9649894405445651,1.212625773535,1.2596803140944801,0,0
6557,0.9649894405445651,1.159514050939,1.2596803140944801,0,0
6558,0.9619283726866625,1.115011794565,1.2596803140944801,0,0
6559,0.9619283726866625,1.100270828673,1.2596803140944801,0,0
6560,0.9619283726866625,1.051487167698,1.2596803140944801,0,0
6561,0.9619283726866625,1.06877440689,1.2596803140944801,0,0
6562,0.958868325888109,1.038867688478,1.2596803140944801,0,0
6563,0.958868325888109,1.037104277999,1.2596803140944801,0,0
6564,0.958868325888109,1.061580115034,1.2596803140944801,0,0
6565,0.958868325888109,1.054991411229,1.2596803140944801,0,0
6566,0.958868325888109,1.059707249532,1.2596803140944801,0,0
6567,0.958868325888109,1.094255664857,1.2596803140944801,0,0
6568,0.958868325888109,1.1176455056,1.2596803140944801,0,0
6569,0.958868325888109,1.179010438704,1.2596803140944801,0,0
6570,0.958868325888109,1.266614116604,1.2596803140944801,1,0
6571,0.9619283726866625,1.372602271179,1.2596803140944801,1,0
6572,0.9619283726866625,1.443351918211,1.2596803140944801,1,0
6573,0.9619283726866625,1.479928521998,1.2596803140944801,1,0
6574,0.9649894405445651,1.385908504332,1.2596803140944801,1,0
6575,0.9649894405445651,1.315772536634,1.2596803140944801,1,0
6576,0.9649894405445651,1.261418619286,1.06346424457725,1,0
6577,0.9680510529674539,1.223134369269,1.06346424457725,1,0
6578,0.9680510529674539,1.203124930704,1.06346424457725,1,0
6579,0.9680510529674539,1.208068018028,1.2094039708538,0,0
6580,0.9680510529674539,1.233778048996,1.2094039708538,1,0
6581,0.9680510529674539,1.259902384656,1.2094039708538,1,0
6582,0.971113278025952,1.336931121726,1.2094039708538,1,0
6583,0.971113278025952,1.418082883549,1.2094039708538,1,0
6584,0.9741765241437993,1.500007516763,1.2094039708538,1,0
6585,0.9741765241437993,1.625229343116,1.2094039708538,1,0
6586,0.9741765241437993,1.723269293017,1.2094039708538,1,0
6587,0.9741765241437993,1.839720377233,1.2094039708538,1,0
6588,0.9772400425441397,1.948550941446,1.2094039708538,1,0
6589,0.9772400425441397,2.051422964282,1.2094039708538,1,0
6590,0.9772400425441397,2.138627339416,1.2094039708538,1,0
6591,0.9803045139332058,2.209277773909,1.2094039708538,1,0
6592,0.9803045139332058,2.27285228983,1.2094039708538,1,0
6593,0.9803045139332058,2.294261230425,1.2094039708538,1,0
6594,0.9833700063816211,2.294346019661,1.2094039708538,1,0
6595,0.9833700063816211,2.266254063886,1.2094039708538,1,0
6596,0.9864358391831526,2.233393976073,1.2094039708538,1,0
6597,0.9864358391831526,2.189589549701,1.2094039708538,1,0
6598,0.9864358391831526,2.111444287483,1.2094039708538,1,0
6599,0.9864358391831526,2.034104800481,1.2094039708538,1,0
6600,0.9864358391831526,1.954296517639,1.2094039708538,1,0
6601,0.9864358391831526,1.882978723088,1.2094039708538,1,0
6602,0.9864358391831526,1.778921543285,1.2094039708538,1,0
6603,0.9864358391831526,1.689814203526,1.2094039708538,1,0
6604,0.9864358391831526,1.624119338023,1.2094039708538,1,0
6605,0.9864358391831526,1.53004157708,1.2094039708538,1,0
6606,0.9895024888321635,1.499970114314,1.2094039708538,1,0
6607,0.9895024888321635,1.478456191839,1.2094039708538,1,0
6608,0.9895024888321635,1.484034060935,1.2094039708538,1,0
6609,0.9895024888321635,1.526271504955,1.2094039708538,1,0
6610,0.9895024888321635,1.575891096402,1.2094039708538,1,0
6611,0.9895024888321635,1.683010851237,1.2094039708538,1,0
6612,0.9895024888321635,1.760477284459,1.2094039708538,1,0
6613,0.9895024888321635,1.791000023065,1.2094039708538,1,0
6614,0.9895024888321635,1.721360710471,1.2094039708538,1,0
6615,0.9925700914699002,1.573707447104,1.2094039708538,1,0
6616,0.9925700914699002,1.410701485799,1.2094039708538,1,0
6617,0.9925700914699002,1.273756659898,1.2094039708538,1,0
6618,0.9925700914699002,1.159407142682,1.2094039708538,0,0
6619,0.9925700914699002,1.089410187075,1.2094039708538,0,0
6620,0.9956381025313764,1.064036260832,1.2094039708538,0,0
6621,0.9969336226334824,1.038932689938,1.2094039708538,0,0
6622,0.9956381025313764,1.037403272728,1.2094039708538,0,0
6623,0.9956381025313764,1.0327393318,1.2094039708538,0,0
6624,0.9956381025313764,1.021459889671,1.2094039708538,0,0
6625,0.9956381025313764,1.016883484607,1.06346424457725,0,0
6626,0.9956381025313764,1.022845399713,1.06346424457725,0,0
6627,0.9956381025313764,1.014753542735,1.06346424457725,0,0
6628,0.9956381025313764,1.016246386941,1.06346424457725,0,0
6629,0.9956381025313764,1.02335173891,1.06346424457725,0,0
6630,0.9956381025313764,1.023877288674,1.06346424457725,0,0
6631,0.9956381025313764,1.035621587605,1.06346424457725,0,0
6632,0.9956381025313764,1.035371114722,1.06346424457725,0,0
6633,0.9925700914699002,1.040448050098,1.06346424457725,0,0
6634,0.9956381025313764,1.022524503669,1.06346424457725,0,0
6635,0.9956381025313764,1.018372295707,1.06346424457725,0,0
6636,0.9925700914699002,1.000943620783,1.06346424457725,0,0
6637,0.9925700914699002,1.032461235057,1.2596803140944801,0,0
6638,0.9925700914699002,1.087530126674,1.2596803140944801,0,0
6639,0.9925700914699002,1.191909029529,1.2596803140944801,0,0
6640,0.9895024888321635,1.339025339195,1.2596803140944801,1,0
6641,0.9895024888321635,1.495161251761,1.2596803140944801,1,0
6642,0.9895024888321635,1.659564999936,1.2596803140944801,1,0
6643,0.9864358391831526,1.800439246068,1.2596803140944801,1,0
6644,0.9833700063816211,1.899088196365,1.2596803140944801,1,0
6645,0.9833700063816211,1.977028101354,1.2596803140944801,1,0
6646,0.9803045139332058,1.987496257698,1.2596803140944801,1,0
6647,0.9772400425441397,1.961194203555,1.2596803140944801,1,0
6648,0.9741765241437993,1.868615300659,1.2596803140944801,1,0
6649,0.9741765241437993,1.7691834368,1.2596803140944801,1,0
6650,0.971113278025952,1.657603853316,1.2596803140944801,1,0
6651,0.971113278025952,1.521589878416,1.2596803140944801,1,0
6652,0.971113278025952,1.38507736658,1.2596803140944801,1,0
6653,0.9680510529674539,1.282205837673,1.2596803140944801,1,0
6654,0.9680510529674539,1.193895813112,1.2596803140944801,0,0
6655,0.9649894405445651,1.155207033836,1.2596803140944801,0,0
6656,0.9649894405445651,1.095451947262,1.2596803140944801,0,0
6657,0.9619283726866625,1.100589363814,1.2596803140944801,0,0
6658,0.9619283726866625,1.046612137556,1.2596803140944801,0,0
6659,0.9619283726866625,1.047936646733,1.2596803140944801,0,0
6660,0.958868325888109,1.037908830055,1.2596803140944801,0,0
6661,0.958868325888109,1.026852275084,1.2596803140944801,0,0
6662,0.958868325888109,1.046976784152,1.2596803140944801,0,0
6663,0.958868325888109,1.043016963547,1.2596803140944801,0,0
6664,0.958868325888109,1.032998863204,1.2596803140944801,0,0
6665,0.958868325888109,1.069421248479,1.2596803140944801,0,0
6666,0.958868325888109,1.091981153847,1.2596803140944801,0,0
6667,0.958868325888109,1.112676540551,1.2596803140944801,0,0
6668,0.958868325888109,1.149687780418,1.2596803140944801,0,0
6669,0.958868325888109,1.24895416608,1.2596803140944801,0,0
6670,0.9619283726866625,1.353296705849,1.2596803140944801,1,0
6671,0.9619283726866625,1.439625242616,1.2596803140944801,1,0
6672,0.9619283726866625,1.435483215133,1.2596803140944801,1,0
6673,0.9649894405445651,1.38956613005,1.2596803140944801,1,0
6674,0.9649894405445651,1.28725669264,1.2596803140944801,1,0
6675,0.9649894405445651,1.233053013462,1.06346424457725,1,0
6676,0.9680510529674539,1.197693107663,1.06346424457725,1,0
6677,0.9680510529674539,1.17804886185,1.06346424457725,1,0
6678,0.9680510529674539,1.176277487255,1.2094039708538,0,0
6679,0.9680510529674539,1.194103065614,1.2094039708538,0,0
6680,0.9680510529674539,1.212529699718,1.2094039708538,1,0
6681,0.971113278025952,1.268956209166,1.2094039708538,1,0
6682,0.971113278025952,1.312032992572,1.2094039708538,1,0
6683,0.971113278025952,1.377537304449,1.2094039708538,1,0
6684,0.9741765241437993,1.466260079136,1.2094039708538,1,0
6685,0.9741765241437993,1.551847472126,1.2094039708538,1,0
6686,0.9741765241437993,1.638410370866,1.2094039708538,1,0
6687,0.9772400425441397,1.715447221179,1.2094039708538,1,0
6688,0.9772400425441397,1.804053925386,1.2094039708538,1,0
6689,0.9803045139332058,1.885782112347,1.2094039708538,1,0
6690,0.9803045139332058,1.952492086248,1.2094039708538,1,0
6691,0.9803045139332058,2.018223370326,1.2094039708538,1,0
6692,0.9833700063816211,2.071722286211,1.2094039708538,1,0
6693,0.9833700063816211,2.102420403592,1.2094039708538,1,0
6694,0.9833700063816211,2.105774503909,1.2094039708538,1,0
6695,0.9864358391831526,2.113812725728,1.2094039708538,1,0
6696,0.9864358391831526,2.100144456596,1.2094039708538,1,0
6697,0.9864358391831526,2.060003326767,1.2094039708538,1,0
6698,0.9864358391831526,2.014179356511,1.2094039708538,1,0
6699,0.9864358391831526,1.967026504406,1.2094039708538,1,0
6700,0.9864358391831526,1.903078286347,1.2094039708538,1,0
6701,0.9864358391831526,1.813942964824,1.2094039708538,1,0
6702,0.9864358391831526,1.747833147159,1.2094039708538,1,0
6703,0.9895024888321635,1.668669000179,1.2094039708538,1,0
6704,0.9895024888321635,1.590541199203,1.2094039708538,1,0
6705,0.9895024888321635,1.5618307482,1.2094039708538,1,0
6706,0.9895024888321635,1.544396476184,1.2094039708538,1,0
6707,0.9925700914699002,1.551357519229,1.2094039708538,1,0
6708,0.9925700914699002,1.5929194432,1.2094039708538,1,0
6709,0.9925700914699002,1.654145176015,1.2094039708538,1,0
6710,0.9925700914699002,1.733304952451,1.2094039708538,1,0
6711,0.9925700914699002,1.813821472572,1.2094039708538,1,0
6712,0.9925700914699002,1.840725722644,1.2094039708538,1,0
6713,0.9925700914699002,1.742683409924,1.2094039708538,1,0
6714,0.9925700914699002,1.592147027064,1.2094039708538,1,0
6715,0.9925700914699002,1.422264196947,1.2094039708538,1,0
6716,0.9925700914699002,1.266549924989,1.2094039708538,1,0
6717,0.9956381025313764,1.154060153746,1.2094039708538,0,0
6718,0.9956381025313764,1.097555279754,1.2094039708538,0,0
6719,0.9956381025313764,1.065219602492,1.2094039708538,0,0
6720,0.9956381025313764,1.0368327794,1.2094039708538,0,0
6721,0.9956381025313764,1.0267899903,1.2094039708538,0,0
6722,0.9956381025313764,1.017400627775,1.2094039708538,0,0
6723,0.9956381025313764,1.018109893815,1.06346424457725,0,0
6724,0.9956381025313764,1.019747874458,1.06346424457725,0,0
6725,0.9956381025313764,1.014588174116,1.06346424457725,0,0
6726,0.9956381025313764,1.015667756875,1.06346424457725,0,0
6727,0.9956381025313764,1.020419951798,1.06346424457725,0,0
6728,0.9956381025313764,1.016067467117,1.06346424457725,0,0
6729,0.9956381025313764,1.025157072244,1.06346424457725,0,0
6730,0.9956381025313764,1.029985798995,1.06346424457725,0,0
6731,0.9956381025313764,1.02665985121,1.06346424457725,0,0
6732,0.9925700914699002,1.033903544773,1.06346424457725,0,0
6733,0.9956381025313764,1.013290887304,1.06346424457725,0,0
6734,0.9956381025313764,1.005488132552,1.2596803140944801,0,0
6735,0.9925700914699002,0.992651661675,1.2596803140944801,0,0
6736,0.9925700914699002,0.999767652277,1.2596803140944801,0,0
6737,0.9925700914699002,1.019145207006,1.2596803140944801,0,0
6738,0.9895024888321635,1.06367945418,1.2596803140944801,0,0
6739,0.9895024888321635,1.158583406596,1.2596803140944801,0,0
6740,0.9895024888321635,1.278663434977,1.2596803140944801,1,0
6741,0.9864358391831526,1.404535694331,1.2596803140944801,1,0
6742,0.9864358391831526,1.548317373795,1.2596803140944801,1,0
6743,0.9833700063816211,1.659392706013,1.2596803140944801,1,0
6744,0.9803045139332058,1.737943570162,1.2596803140944801,1,0
6745,0.9772400425441397,1.757793572926,1.2596803140944801,1,0
6746,0.9741765241437993,1.749393124692,1.2596803140944801,1,0
6747,0.9741765241437993,1.728093778565,1.2596803140944801,1,0
6748,0.971113278025952,1.655460238746,1.2596803140944801,1,0
6749,0.971113278025952,1.560541271178,1.2596803140944801,1,0
6750,0.9680510529674539,1.461999540972,1.2596803140944801,1,0
6751,0.9680510529674539,1.372327879571,1.2596803140944801,1,0
6752,0.9649894405445651,1.275702519132,1.2596803140944801,1,0
6753,0.9649894405445651,1.199380539149,1.2596803140944801,0,0
6754,0.9649894405445651,1.141875224289,1.2596803140944801,0,0
6755,0.9619283726866625,1.107360148099,1.2596803140944801,0,0
6756,0.9619283726866625,1.082844103682,1.2596803140944801,0,0
6757,0.9619283726866625,1.053253742702,1.2596803140944801,0,0
6758,0.958868325888109,1.069513402988,1.2596803140944801,0,0
6759,0.958868325888109,1.042246522342,1.2596803140944801,0,0
6760,0.958868325888109,1.043857480771,1.2596803140944801,0,0
6761,0.958868325888109,1.066327680878,1.2596803140944801,0,0
6762,0.958868325888109,1.062360531509,1.2596803140944801,0,0
6763,0.958868325888109,1.07283690776,1.2596803140944801,0,0
6764,0.958868325888109,1.109280394076,1.2596803140944801,0,0
6765,0.958868325888109,1.138810581059,1.2596803140944801,0,0
6766,0.958868325888109,1.216262004566,1.2596803140944801,0,0
6767,0.958868325888109,1.310176654319,1.2596803140944801,1,0
6768,0.9619283726866625,1.408667688866,1.2596803140944801,1,0
6769,0.9619283726866625,1.483329861833,1.2596803140944801,1,0
6770,0.9619283726866625,1.453915691014,1.2596803140944801,1,0
6771,0.9619283726866625,1.358180903057,1.2596803140944801,1,0
6772,0.9649894405445651,1.278728590536,1.2596803140944801,1,0
6773,0.9649894405445651,1.221543341034,1.06346424457725,1,0
6774,0.9649894405445651,1.185223976406,1.06346424457725,1,0
6775,0.9680510529674539,1.16531044853,1.06346424457725,1,0
6776,0.9680510529674539,1.157585064861,1.2094039708538,0,0
6777,0.9680510529674539,1.180783997665,1.2094039708538,0,0
6778,0.9680510529674539,1.189970485885,1.2094039708538,0,0
6779,0.971113278025952,1.241169675139,1.2094039708538,1,0
6780,0.971113278025952,1.277317009026,1.2094039708538,1,0
6781,0.971113278025952,1.352229609898,1.2094039708538,1,0
6782,0.971113278025952,1.427636004295,1.2094039708538,1,0
6783,0.9741765241437993,1.518553049437,1.2094039708538,1,0
6784,0.9741765241437993,1.60161372324,1.2094039708538,1,0
6785,0.9772400425441397,1.67157061665,1.2094039708538,1,0
6786,0.9772400425441397,1.756224357901,1.2094039708538,1,0
6787,0.9772400425441397,1.819678492931,1.2094039708538,1,0
6788,0.9803045139332058,1.88401480055,1.2094039708538,1,0
6789,0.9803045139332058,1.939846324891,1.2094039708538,1,0
6790,0.9833700063816211,1.984577273488,1.2094039708538,1,0
6791,0.9833700063816211,2.005533573969,1.2094039708538,1,0
6792,0.9833700063816211,2.002165474239,1.2094039708538,1,0
6793,0.9864358391831526,2.003648194118,1.2094039708538,1,0
6794,0.9864358391831526,1.98561547756,1.2094039708538,1,0
6795,0.9864358391831526,1.950493367502,1.2094039708538,1,0
6796,0.9864358391831526,1.901067552827,1.2094039708538,1,0
6797,0.9864358391831526,1.846932779356,1.2094039708538,1,0
6798,0.9864358391831526,1.779143703866,1.2094039708538,1,0
6799,0.9864358391831526,1.705373520088,1.2094039708538,1,0
6800,0.9864358391831526,1.626271827958,1.2094039708538,1,0
6801,0.9864358391831526,1.568900514585,1.2094039708538,1,0
6802,0.9895024888321635,1.493686924043,1.2094039708538,1,0
6803,0.9895024888321635,1.47479762004,1.2094039708538,1,0
6804,0.9895024888321635,1.454978040606,1.2094039708538,1,0
6805,0.9895024888321635,1.460560118328,1.2094039708538,1,0
6806,0.9925700914699002,1.506431369437,1.2094039708538,1,0
6807,0.9925700914699002,1.567562440285,1.2094039708538,1,0
6808,0.9925700914699002,1.647469165512,1.2094039708538,1,0
6809,0.9925700914699002,1.762855699706,1.2094039708538,1,0
6810,0.9925700914699002,1.811661924889,1.2094039708538,1,0
6811,0.9925700914699002,1.754198048756,1.2094039708538,1,0
6812,0.9925700914699002,1.612840326211,1.2094039708538,1,0
6813,0.9925700914699002,1.439766737958,1.2094039708538,1,0
6814,0.9925700914699002,1.290837752291,1.2094039708538,1,0
6815,0.9925700914699002,1.158570094372,1.2094039708538,0,0
6816,0.9925700914699002,1.089926653798,1.2094039708538,0,0
6817,0.9956381025313764,1.065252412308,1.2094039708538,0,0
6818,0.9956381025313764,1.050437861342,1.2094039708538,0,0
6819,0.9956381025313764,1.035443636004,1.2094039708538,0,0
6820,0.9956381025313764,1.025299240717,1.2094039708538,0,0
6821,0.9956381025313764,1.016150048423,1.06346424457725,0,0
6822,0.9987072027228251,1.017079350319,1.06346424457725,0,0
6823,0.9987072027228251,1.019040896701,1.06346424457725,0,0
6824,0.9956381025313764,1.014939748767,1.06346424457725,0,0
6825,0.9956381025313764,1.017279852416,1.06346424457725,0,0
6826,0.9956381025313764,1.022193311911,1.06346424457725,0,0
6827,0.9956381025313764,1.021242535732,1.06346424457725,0,0
6828,0.9956381025313764,1.029276894693,1.06346424457725,0,0
6829,0.9956381025313764,1.028802262364,1.06346424457725,0,0
6830,0.9956381025313764,1.027965917899,1.06346424457725,0,0
6831,0.9956381025313764,1.023747040829,1.06346424457725,0,0
6832,0.9956381025313764,1.014194121174,1.06346424457725,0,0
6833,0.9956381025313764,0.996907549234,1.2596803140944801,0,0
6834,0.9925700914699002,1.014979580533,1.2596803140944801,0,0
6835,0.9925700914699002,1.050064255193,1.2596803140944801,0,0
6836,0.9925700914699002,1.129986517529,1.2596803140944801,0,0
6837,0.9925700914699002,1.282655042063,1.2596803140944801,1,0
6838,0.9895024888321635,1.468609977026,1.2596803140944801,1,0
6839,0.9895024888321635,1.642655225676,1.2596803140944801,1,0
6840,0.9864358391831526,1.806670773768,1.2596803140944801,1,0
6841,0.9864358391831526,1.950433962073,1.2596803140944801,1,0
6842,0.9833700063816211,2.058131787878,1.2596803140944801,1,0
6843,0.9803045139332058,2.108567127803,1.2596803140944801,1,0
6844,0.9772400425441397,2.113384066788,1.2596803140944801,1,0
6845,0.9741765241437993,2.079514659188,1.2596803140944801,1,0
6846,0.9741765241437993,2.013321497334,1.2596803140944801,1,0
6847,0.971113278025952,1.911000569954,1.2596803140944801,1,0
6848,0.971113278025952,1.773542276449,1.2596803140944801,1,0
6849,0.9680510529674539,1.613969876877,1.2596803140944801,1,0
6850,0.9680510529674539,1.495996962787,1.2596803140944801,1,0
6851,0.9649894405445651,1.36893757817,1.2596803140944801,1,0
6852,0.9649894405445651,1.219638906511,1.2596803140944801,0,0
6853,0.9649894405445651,1.159881097278,1.2596803140944801,0,0
6854,0.9619283726866625,1.105306902182,1.2596803140944801,0,0
6855,0.9619283726866625,1.082289217004,1.2596803140944801,0,0
6856,0.958868325888109,1.05065118993,1.2596803140944801,0,0
6857,0.958868325888109,1.063288717461,1.2596803140944801,0,0
6858,0.958868325888109,1.033610900218,1.2596803140944801,0,0
6859,0.958868325888109,1.048302838725,1.2596803140944801,0,0
6860,0.958868325888109,1.054794237655,1.2596803140944801,0,0
6861,0.958868325888109,1.049803823008,1.2596803140944801,0,0
6862,0.958868325888109,1.060237304587,1.2596803140944801,0,0
6863,0.958868325888109,1.105347382584,1.2596803140944801,0,0
6864,0.958868325888109,1.134527024165,1.2596803140944801,0,0
6865,0.958868325888109,1.194671688437,1.2596803140944801,0,0
6866,0.958868325888109,1.285348162018,1.2596803140944801,1,0
6867,0.9619283726866625,1.388346930254,1.2596803140944801,1,0
6868,0.9619283726866625,1.461968797895,1.2596803140944801,1,0
6869,0.9619283726866625,1.446493229915,1.2596803140944801,1,0
6870,0.9649894405445651,1.398841231623,1.2596803140944801,1,0
6871,0.9649894405445651,1.288384461582,1.2596803140944801,1,0
6872,0.9649894405445651,1.237492089052,1.06346424457725,1,0
6873,0.9649894405445651,1.205501358338,1.06346424457725,1,0
6874,0.9680510529674539,1.187404765452,1.06346424457725,1,0
6875,0.9680510529674539,1.191416603462,1.2094039708538,0,0
6876,0.9680510529674539,1.220080115219,1.2094039708538,1,0
6877,0.9680510529674539,1.247989251213,1.2094039708538,1,0
6878,0.971113278025952,1.322449318625,1.2094039708538,1,0
6879,0.971113278025952,1.409585498581,1.2094039708538,1,0
6880,0.971113278025952,1.502103760459,1.2094039708538,1,0
6881,0.9741765241437993,1.583454345682,1.2094039708538,1,0
6882,0.9741765241437993,1.675695628364,1.2094039708538,1,0
6883,0.9741765241437993,1.779098302028,1.2094039708538,1,0
6884,0.9772400425441397,1.878500611031,1.2094039708538,1,0
6885,0.9772400425441397,1.964333980052,1.2094039708538,1,0
6886,0.9772400425441397,2.033095105164,1.2094039708538,1,0
6887,0.9803045139332058,2.083198084839,1.2094039708538,1,0
6888,0.9803045139332058,2.148039677399,1.2094039708538,1,0
6889,0.9803045139332058,2.168671823777,1.2094039708538,1,0
6890,0.9833700063816211,2.173179549341,1.2094039708538,1,0
6891,0.9833700063816211,2.145747434103,1.2094039708538,1,0
6892,0.9864358391831526,2.123472906401,1.2094039708538,1,0
6893,0.9864358391831526,2.073631191461,1.2094039708538,1,0
6894,0.9864358391831526,2.006427439597,1.2094039708538,1,0
6895,0.9833700063816211,1.915606539033,1.2094039708538,1,0
6896,0.9864358391831526,1.84811617584,1.2094039708538,1,0
6897,0.9864358391831526,1.750142211602,1.2094039708538,1,0
6898,0.9864358391831526,1.674256032344,1.2094039708538,1,0
6899,0.9864358391831526,1.571828533294,1.2094039708538,1,0
6900,0.9895024888321635,1.526993249601,1.2094039708538,1,0
6901,0.9895024888321635,1.446324265635,1.2094039708538,1,0
6902,0.9895024888321635,1.424400551182,1.2094039708538,1,0
6903,0.9895024888321635,1.411280684549,1.2094039708538,1,0
6904,0.9895024888321635,1.43057516054,1.2094039708538,1,0
6905,0.9925700914699002,1.481963142245,1.2094039708538,1,0
6906,0.9925700914699002,1.535534343689,1.2094039708538,1,0
6907,0.9925700914699002,1.657632718641,1.2094039708538,1,0
6908,0.9925700914699002,1.748502949384,1.2094039708538,1,0
6909,0.9925700914699002,1.809188105763,1.2094039708538,1,0
6910,0.9925700914699002,1.741911497628,1.2094039708538,1,0
6911,0.9925700914699002,1.586593809463,1.2094039708538,1,0
6912,0.9925700914699002,1.429477735757,1.2094039708538,1,0
6913,0.9925700914699002,1.277708673487,1.2094039708538,1,0
6914,0.9956381025313764,1.156131471489,1.2094039708538,0,0
6915,0.9956381025313764,1.097821661186,1.2094039708538,0,0
6916,0.9956381025313764,1.075764081557,1.2094039708538,0,0
6917,0.9956381025313764,1.046791850183,1.2094039708538,0,0
6918,0.9987072027228251,1.030012091334,1.2094039708538,0,0
6919,0.9987072027228251,1.019996138248,1.2094039708538,0,0
6920,0.9987072027228251,1.025349638053,1.2094039708538,0,0
6921,0.9987072027228251,1.020642899503,1.06346424457725,0,0
6922,0.9987072027228251,1.015644804789,1.06346424457725,0,0
6923,0.9987072027228251,1.019309770977,1.06346424457725,0,0
6924,0.9987072027228251,1.021535143427,1.06346424457725,0,0
6925,0.9987072027228251,1.026797543273,1.06346424457725,0,0
6926,0.9987072027228251,1.039878328885,1.06346424457725,0,0
6927,0.9956381025313764,1.0360560307,1.06346424457725,0,0
6928,0.9956381025313764,1.043077715779,1.06346424457725,0,0
6929,0.9956381025313764,1.031725793255,1.06346424457725,0,0
6930,0.9956381025313764,1.044712412512,1.06346424457725,0,0
6931,0.9956381025313764,1.052119884614,1.2596803140944801,0,0
6932,0.9956381025313764,1.125147308413,1.2596803140944801,0,0
6933,0.9956381025313764,1.227821603371,1.2596803140944801,0,0
6934,0.9956381025313764,1.375554571839,1.2596803140944801,1,0
6935,0.9925700914699002,1.546828041024,1.2596803140944801,1,0
6936,0.9925700914699002,1.730252797373,1.2596803140944801,1,0
6937,0.9895024888321635,1.903445943682,1.2596803140944801,1,0
6938,0.9895024888321635,2.046459770922,1.2596803140944801,1,0
6939,0.9864358391831526,2.164908605443,1.2596803140944801,1,0
6940,0.9833700063816211,2.235787147347,1.2596803140944801,1,0
6941,0.9833700063816211,2.274003912862,1.2596803140944801,1,0
6942,0.9772400425441397,2.236152282177,1.2596803140944801,1,0
6943,0.9772400425441397,2.16320814632,1.2596803140944801,1,0
6944,0.9741765241437993,2.066240152614,1.2596803140944801,1,0
6945,0.9741765241437993,1.932889113274,1.2596803140944801,1,0
6946,0.971113278025952,1.789171001673,1.2596803140944801,1,0
6947,0.971113278025952,1.634004097938,1.2596803140944801,1,0
6948,0.9680510529674539,1.478512374078,1.2596803140944801,1,0
6949,0.9680510529674539,1.357252038582,1.2596803140944801,1,0
6950,0.9649894405445651,1.226776328023,1.2596803140944801,0,0
6951,0.9649894405445651,1.180954201231,1.2596803140944801,0,0
6952,0.9649894405445651,1.102160389722,1.2596803140944801,0,0
6953,0.9619283726866625,1.105918009311,1.2596803140944801,0,0
6954,0.9619283726866625,1.056888746362,1.2596803140944801,0,0
6955,0.9619283726866625,1.058224533565,1.2596803140944801,0,0
6956,0.9619283726866625,1.045544357031,1.2596803140944801,0,0
6957,0.958868325888109,1.031393088828,1.2596803140944801,0,0
6958,0.958868325888109,1.05077785943,1.2596803140944801,0,0
6959,0.958868325888109,1.058185132023,1.2596803140944801,0,0
6960,0.958868325888109,1.056640525526,1.2596803140944801,0,0
6961,0.958868325888109,1.068621684379,1.2596803140944801,0,0
6962,0.958868325888109,1.10509928226,1.2596803140944801,0,0
6963,0.958868325888109,1.151546207043,1.2596803140944801,0,0
6964,0.9619283726866625,1.219156492881,1.2596803140944801,0,0
6965,0.9619283726866625,1.328868694076,1.2596803140944801,1,0
6966,0.9619283726866625,1.437343491956,1.2596803140944801,1,0
6967,0.9619283726866625,1.521007562046,1.2596803140944801,1,0
6968,0.9619283726866625,1.548390286322,1.2596803140944801,1,0
6969,0.9649894405445651,1.502040125622,1.2596803140944801,1,0
6970,0.9649894405445651,1.461236957624,1.2596803140944801,1,0
6971,0.9680510529674539,1.420739857681,1.06346424457725,1,0
6972,0.9680510529674539,1.417906277951,1.06346424457725,1,0
6973,0.9680510529674539,1.438188341676,1.2094039708538,1,0
6974,0.9680510529674539,1.468144192877,1.2094039708538,1,0
6975,0.9680510529674539,1.551805716459,1.2094039708538,1,0
6976,0.971113278025952,1.630927097799,1.2094039708538,1,0
6977,0.971113278025952,1.752263764014,1.2094039708538,1,0
6978,0.971113278025952,1.869831074391,1.2094039708538,1,0
6979,0.9741765241437993,2.000494736799,1.2094039708538,1,0
6980,0.9741765241437993,2.093813351744,1.2094039708538,1,0
6981,0.9741765241437993,2.181232471309,1.2094039708538,1,0
6982,0.9772400425441397,2.285176396708,1.2094039708538,1,0
6983,0.9772400425441397,2.375016829592,1.2094039708538,1,0
6984,0.9772400425441397,2.441597134887,1.2094039708538,1,0
6985,0.9803045139332058,2.499001426935,1.2094039708538,1,0
6986,0.9803045139332058,2.529569622941,1.2094039708538,1,0
6987,0.9833700063816211,2.577829100726,1.2094039708538,1,0
6988,0.9833700063816211,2.573489504391,1.2094039708538,1,0
6989,0.9833700063816211,2.54399092575,1.2094039708538,1,0
6990,0.9877375537119762,2.523358660602,1.2094039708538,1,0
6991,0.9833700063816211,2.460566090056,1.2094039708538,1,0
6992,0.9833700063816211,2.379765724103,1.2094039708538,1,0
6993,0.9864358391831526,2.279510803239,1.2094039708538,1,0
6994,0.9864358391831526,2.175774963968,1.2094039708538,1,0
6995,0.9864358391831526,2.075766562829,1.2094039708538,1,0
6996,0.9864358391831526,1.97939640808,1.2094039708538,1,0
6997,0.9864358391831526,1.85659721951,1.2094039708538,1,0
6998,0.9864358391831526,1.750498531786,1.2094039708538,1,0
6999,0.9864358391831526,1.682286650389,1.2094039708538,1,0
7000,0.9895024888321635,1.587982877883,1.2094039708538,1,0
7001,0.9895024888321635,1.560804635572,1.2094039708538,1,0
7002,0.9895024888321635,1.543803285657,1.2094039708538,1,0
7003,0.9895024888321635,1.562942148786,1.2094039708538,1,0
7004,0.9895024888321635,1.606627538602,1.2094039708538,1,0
7005,0.9895024888321635,1.671530581687,1.2094039708538,1,0
7006,0.9895024888321635,1.773950094859,1.2094039708538,1,0
7007,0.9895024888321635,1.806147555642,1.2094039708538,1,0
7008,0.9895024888321635,1.757528568343,1.2094039708538,1,0
7009,0.9925700914699002,1.637736913517,1.2094039708538,1,0
7010,0.9925700914699002,1.473915442842,1.2094039708538,1,0
7011,0.9925700914699002,1.314630292812,1.2094039708538,1,0
7012,0.9925700914699002,1.187288186321,1.2094039708538,0,0
7013,0.9956381025313764,1.107444579793,1.2094039708538,0,0
7014,0.9956381025313764,1.064586592357,1.2094039708538,0,0
7015,0.9956381025313764,1.047630280377,1.2094039708538,0,0
7016,0.9987072027228251,1.046782468336,1.2094039708538,0,0
7017,0.9987072027228251,1.035225519631,1.2094039708538,0,0
7018,0.9987072027228251,1.016020302823,1.06346424457725,0,0
7019,0.9987072027228251,1.019415781448,1.06346424457725,0,0
7020,0.9987072027228251,1.020416164579,1.06346424457725,0,0
7021,0.9987072027228251,1.015397986843,1.06346424457725,0,0
7022,0.9987072027228251,1.021505294967,1.06346424457725,0,0
7023,0.9987072027228251,1.021305402589,1.06346424457725,0,0
7024,0.9987072027228251,1.033310574085,1.06346424457725,0,0
7025,0.9987072027228251,1.041498475297,1.06346424457725,0,0
7026,0.9956381025313764,1.055500355588,1.06346424457725,0,0
7027,0.9956381025313764,1.046085023929,1.06346424457725,0,0
7028,0.9956381025313764,1.066984520775,1.06346424457725,1,0
7029,0.9987072027228251,1.131239120877,1.06346424457725,1,0
7030,0.9956381025313764,1.273375337726,1.06346424457725,1,0
7031,0.9956381025313764,1.457868502282,1.2596803140944801,1,0
7032,0.9956381025313764,1.699267888197,1.2596803140944801,1,0
7033,0.9925700914699002,1.900723732172,1.2596803140944801,1,0
7034,0.9925700914699002,2.123148470407,1.2596803140944801,1,0
7035,0.9895024888321635,2.29485610858,1.2596803140944801,1,0
7036,0.9895024888321635,2.452177531506,1.2596803140944801,1,0
7037,0.9864358391831526,2.571548947122,1.2596803140944801,1,0
7038,0.9864358391831526,2.656515223688,1.2596803140944801,1,0
7039,0.9833700063816211,2.689295621279,1.2596803140944801,1,0
7040,0.9803045139332058,2.613132789677,1.2596803140944801,1,0
7041,0.9772400425441397,2.509344020963,1.2596803140944801,1,0
7042,0.9741765241437993,2.330772309279,1.2596803140944801,1,0
7043,0.9741765241437993,2.136182989459,1.2596803140944801,1,0
7044,0.971113278025952,1.912013043354,1.2596803140944801,1,0
7045,0.971113278025952,1.697215861636,1.2596803140944801,1,0
7046,0.9680510529674539,1.464379339656,1.2596803140944801,1,0
7047,0.9680510529674539,1.298032749388,1.2596803140944801,1,0
7048,0.9649894405445651,1.159562495417,1.2596803140944801,0,0
7049,0.9649894405445651,1.137985274987,1.2596803140944801,0,0
7050,0.9649894405445651,1.072780296891,1.2596803140944801,0,0
7051,0.9619283726866625,1.073043372349,1.2596803140944801,0,0
7052,0.9619283726866625,1.030491049172,1.2596803140944801,0,0
7053,0.9619283726866625,1.04748979866,1.2596803140944801,0,0
7054,0.958868325888109,1.025091596091,1.2596803140944801,0,0
7055,0.958868325888109,1.035504055969,1.2596803140944801,0,0
7056,0.958868325888109,1.035075217802,1.2596803140944801,0,0
7057,0.958868325888109,1.027254481385,1.2596803140944801,0,0
7058,0.958868325888109,1.055885529171,1.2596803140944801,0,0
7059,0.958868325888109,1.068568828822,1.2596803140944801,0,0
7060,0.958868325888109,1.080113172798,1.2596803140944801,0,0
7061,0.958868325888109,1.081127195609,1.2596803140944801,0,0
7062,0.958868325888109,1.117808074178,1.2596803140944801,0,0
7063,0.9619283726866625,1.196789644615,1.2596803140944801,0,0
7064,0.9619283726866625,1.327778836927,1.2596803140944801,1,0
7065,0.9619283726866625,1.430630849654,1.2596803140944801,1,0
7066,0.9619283726866625,1.506334096503,1.2596803140944801,1,0
7067,0.9649894405445651,1.469529705501,1.2596803140944801,1,0
7068,0.9649894405445651,1.436560696938,1.2596803140944801,1,0
7069,0.9649894405445651,1.390346373839,1.06346424457725,1,0
7070,0.9680510529674539,1.368479228572,1.06346424457725,1,0
7071,0.9680510529674539,1.393210143434,1.06346424457725,1,0
7072,0.9680510529674539,1.423622521064,1.2094039708538,1,0
7073,0.9680510529674539,1.513298616875,1.2094039708538,1,0
7074,0.9680510529674539,1.57299181444,1.2094039708538,1,0
7075,0.971113278025952,1.71902679274,1.2094039708538,1,0
7076,0.971113278025952,1.809291788217,1.2094039708538,1,0
7077,0.9741765241437993,1.934678788697,1.2094039708538,1,0
7078,0.9741765241437993,2.053299477335,1.2094039708538,1,0
7079,0.9741765241437993,2.173315587681,1.2094039708538,1,0
7080,0.9772400425441397,2.281340427549,1.2094039708538,1,0
7081,0.9772400425441397,2.392937550609,1.2094039708538,1,0
7082,0.9772400425441397,2.474832486471,1.2094039708538,1,0
7083,0.9803045139332058,2.547664851748,1.2094039708538,1,0
7084,0.9803045139332058,2.591239931553,1.2094039708538,1,0
7085,0.9833700063816211,2.651303711765,1.2094039708538,1,0
7086,0.9833700063816211,2.66142521137,1.2094039708538,1,0
7087,0.9833700063816211,2.635723279166,1.2094039708538,1,0
7088,0.9864358391831526,2.604839933707,1.2094039708538,1,0
7089,0.9864358391831526,2.553630410155,1.2094039708538,1,0
7090,0.9864358391831526,2.501758065407,1.2094039708538,1,0
7091,0.9864358391831526,2.406078674704,1.2094039708538,1,0
7092,0.9864358391831526,2.306240173949,1.2094039708538,1,0
7093,0.9864358391831526,2.184614823578,1.2094039708538,1,0
7094,0.9864358391831526,2.084495060136,1.2094039708538,1,0
7095,0.9864358391831526,1.954565936834,1.2094039708538,1,0
7096,0.9864358391831526,1.870056922795,1.2094039708538,1,0
7097,0.9864358391831526,1.734621387776,1.2094039708538,1,0
7098,0.9895024888321635,1.64291777357,1.2094039708538,1,0
7099,0.9895024888321635,1.60525482823,1.2094039708538,1,0
7100,0.9895024888321635,1.572102323686,1.2094039708538,1,0
7101,0.9895024888321635,1.571461907689,1.2094039708538,1,0
7102,0.9895024888321635,1.608142090993,1.2094039708538,1,0
7103,0.9895024888321635,1.65838960841,1.2094039708538,1,0
7104,0.9925700914699002,1.760444797498,1.2094039708538,1,0
7105,0.9895024888321635,1.814964984309,1.2094039708538,1,0
7106,0.9925700914699002,1.769593783994,1.2094039708538,1,0
7107,0.9925700914699002,1.635548285369,1.2094039708538,1,0
7108,0.9925700914699002,1.486178572671,1.2094039708538,1,0
7109,0.9925700914699002,1.323020174021,1.2094039708538,1,0
7110,0.9925700914699002,1.186642105907,1.2094039708538,0,0
7111,0.9925700914699002,1.097839671034,1.2094039708538,0,0
7112,0.9925700914699002,1.063585398247,1.2094039708538,0,0
7113,0.9956381025313764,1.032000781655,1.2094039708538,0,0
7114,0.9956381025313764,1.035671996714,1.2094039708538,0,0
7115,0.9956381025313764,1.034122345501,1.2094039708538,0,0
7116,0.9969336226334824,1.028930661447,1.06346424457725,0,0
7117,0.9956381025313764,1.013648555839,1.06346424457725,0,0
7118,0.9956381025313764,1.015981286257,1.06346424457725,0,0
7119,0.9956381025313764,1.019997458388,1.06346424457725,0,0
7120,0.9956381025313764,1.014939748767,1.06346424457725,0,0
7121,0.9956381025313764,1.019534873308,1.06346424457725,0,0
7122,0.9956381025313764,1.019501481037,1.06346424457725,0,0
7123,0.9956381025313764,1.026519459319,1.06346424457725,0,0
7124,0.9956381025313764,1.030413095745,1.06346424457725,0,0
7125,0.9956381025313764,1.026503814912,1.06346424457725,0,0
7126,0.9956381025313764,1.029727707659,1.06346424457725,0,0
7127,0.9956381025313764,1.01296127341,1.06346424457725,0,0
7128,0.9956381025313764,1.002209318028,1.06346424457725,0,0
7129,0.9925700914699002,1.010025471658,1.2596803140944801,0,0
7130,0.9925700914699002,1.060533616056,1.2596803140944801,0,0
7131,0.9925700914699002,1.147218050467,1.2596803140944801,0,0
7132,0.9895024888321635,1.306836711483,1.2596803140944801,1,0
7133,0.9895024888321635,1.495017541981,1.2596803140944801,1,0
7134,0.9895024888321635,1.686862426731,1.2596803140944801,1,0
7135,0.9864358391831526,1.843871297801,1.2596803140944801,1,0
7136,0.9864358391831526,1.99802807524,1.2596803140944801,1,0
7137,0.9833700063816211,2.102785665742,1.2596803140944801,1,0
7138,0.9803045139332058,2.160708321301,1.2596803140944801,1,0
7139,0.9772400425441397,2.141567978634,1.2596803140944801,1,0
7140,0.9741765241437993,2.079626613859,1.2596803140944801,1,0
7141,0.9741765241437993,1.971423451096,1.2596803140944801,1,0
7142,0.971113278025952,1.843312967778,1.2596803140944801,1,0
7143,0.971113278025952,1.695883166613,1.2596803140944801,1,0
7144,0.9680510529674539,1.517124634295,1.2596803140944801,1,0
7145,0.9680510529674539,1.392621968705,1.2596803140944801,1,0
7146,0.9649894405445651,1.25829058623,1.2596803140944801,0,0
7147,0.9649894405445651,1.166022939681,1.2596803140944801,0,0
7148,0.9649894405445651,1.119720099935,1.2596803140944801,0,0
7149,0.9619283726866625,1.100499530191,1.2596803140944801,0,0
7150,0.9619283726866625,1.047254153338,1.2596803140944801,0,0
7151,0.9619283726866625,1.049923487787,1.2596803140944801,0,0
7152,0.958868325888109,1.037817683648,1.2596803140944801,0,0
7153,0.958868325888109,1.026884829461,1.2596803140944801,0,0
7154,0.958868325888109,1.050351037871,1.2596803140944801,0,0
7155,0.958868325888109,1.039277244544,1.2596803140944801,0,0
7156,0.958868325888109,1.036861512562,1.2596803140944801,0,0
7157,0.958868325888109,1.0808651205,1.2596803140944801,0,0
7158,0.958868325888109,1.085218861424,1.2596803140944801,0,0
7159,0.958868325888109,1.108109227507,1.2596803140944801,0,0
7160,0.958868325888109,1.145332861436,1.2596803140944801,0,0
7161,0.958868325888109,1.249181860813,1.2596803140944801,0,0
7162,0.9619283726866625,1.372140307807,1.2596803140944801,1,0
7163,0.9619283726866625,1.444676218669,1.2596803140944801,1,0
7164,0.9619283726866625,1.41716273777,1.2596803140944801,1,0
7165,0.9649894405445651,1.367820646652,1.2596803140944801,1,0
7166,0.9649894405445651,1.290962614721,1.2596803140944801,1,0
7167,0.9649894405445651,1.224036059506,1.06346424457725,1,0
7168,0.9649894405445651,1.189568937652,1.06346424457725,1,0
7169,0.9680510529674539,1.169867288649,1.06346424457725,1,0
7170,0.9680510529674539,1.166235838997,1.2094039708538,0,0
7171,0.9680510529674539,1.193355983385,1.2094039708538,0,0
7172,0.9680510529674539,1.215597884499,1.2094039708538,1,0
7173,0.971113278025952,1.276928056318,1.2094039708538,1,0
7174,0.971113278025952,1.33956695469,1.2094039708538,1,0
7175,0.971113278025952,1.425936187941,1.2094039708538,1,0
7176,0.9741765241437993,1.516826371338,1.2094039708538,1,0
7177,0.9741765241437993,1.616047851052,1.2094039708538,1,0
7178,0.9741765241437993,1.695291931222,1.2094039708538,1,0
7179,0.9772400425441397,1.786590091099,1.2094039708538,1,0
7180,0.9772400425441397,1.882777144984,1.2094039708538,1,0
7181,0.9803045139332058,1.976841649769,1.2094039708538,1,0
7182,0.9803045139332058,2.04277527473,1.2094039708538,1,0
7183,0.9803045139332058,2.109705874193,1.2094039708538,1,0
7184,0.9833700063816211,2.157327473293,1.2094039708538,1,0
7185,0.9833700063816211,2.179707784208,1.2094039708538,1,0
7186,0.9833700063816211,2.165839409826,1.2094039708538,1,0
7187,0.9864358391831526,2.159065371093,1.2094039708538,1,0
7188,0.9864358391831526,2.123174475908,1.2094039708538,1,0
7189,0.9864358391831526,2.062687709048,1.2094039708538,1,0
7190,0.9864358391831526,2.002774292917,1.2094039708538,1,0
7191,0.9864358391831526,1.944721810827,1.2094039708538,1,0
7192,0.9864358391831526,1.864653590694,1.2094039708538,1,0
7193,0.9864358391831526,1.782865633487,1.2094039708538,1,0
7194,0.9864358391831526,1.684392095182,1.2094039708538,1,0
7195,0.9864358391831526,1.618275915011,1.2094039708538,1,0
7196,0.9895024888321635,1.545513597234,1.2094039708538,1,0
7197,0.9895024888321635,1.513783071297,1.2094039708538,1,0
7198,0.9895024888321635,1.490245231563,1.2094039708538,1,0
7199,0.9895024888321635,1.492983040683,1.2094039708538,1,0
7200,0.9925700914699002,1.539068520893,1.2094039708538,1,0
7201,0.9925700914699002,1.59490623522,1.2094039708538,1,0
7202,0.9925700914699002,1.692921020891,1.2094039708538,1,0
7203,0.9925700914699002,1.791421777537,1.2094039708538,1,0
7204,0.9925700914699002,1.825348166253,1.2094039708538,1,0
7205,0.9925700914699002,1.734780040174,1.2094039708538,1,0
7206,0.9925700914699002,1.563039270648,1.2094039708538,1,0
7207,0.9925700914699002,1.395846049902,1.2094039708538,1,0
7208,0.9925700914699002,1.251160218619,1.2094039708538,1,0
7209,0.9925700914699002,1.132518623378,1.2094039708538,0,0
7210,0.9956381025313764,1.082051484149,1.2094039708538,0,0
7211,0.9956381025313764,1.061287918265,1.2094039708538,0,0
7212,0.9956381025313764,1.049236382771,1.2094039708538,0,0
7213,0.9956381025313764,1.029860165191,1.2094039708538,0,0
7214,0.9956381025313764,1.019215900691,1.2094039708538,0,0
7215,0.9956381025313764,1.016606525216,1.06346424457725,0,0
7216,0.9956381025313764,1.020079613737,1.06346424457725,0,0
7217,0.9956381025313764,1.016434312261,1.06346424457725,0,0
7218,0.9987072027228251,1.014540036854,1.06346424457725,0,0
7219,0.9956381025313764,1.017920003931,1.06346424457725,0,0
7220,0.9956381025313764,1.018640804635,1.06346424457725,0,0
7221,0.9956381025313764,1.021736997151,1.06346424457725,0,0
7222,0.9956381025313764,1.034705567303,1.06346424457725,0,0
7223,0.9956381025313764,1.028322045288,1.06346424457725,0,0
7224,0.9956381025313764,1.037441862204,1.06346424457725,0,0
7225,0.9925700914699002,1.015750585323,1.06346424457725,0,0
7226,0.9956381025313764,1.008327347398,1.06346424457725,0,0
7227,0.9925700914699002,0.995244542532,1.2596803140944801,0,0
7228,0.9925700914699002,1.008265663809,1.2596803140944801,0,0
7229,0.9895024888321635,1.032222381504,1.2596803140944801,0,0
7230,0.9895024888321635,1.083978900851,1.2596803140944801,0,0
7231,0.9895024888321635,1.186287238026,1.2596803140944801,0,0
7232,0.9864358391831526,1.305706254962,1.2596803140944801,1,0
7233,0.9864358391831526,1.416245899165,1.2596803140944801,1,0
7234,0.9833700063816211,1.515477727522,1.2596803140944801,1,0
7235,0.9833700063816211,1.59576439431,1.2596803140944801,1,0
7236,0.9803045139332058,1.649270803863,1.2596803140944801,1,0
7237,0.9772400425441397,1.642117908589,1.2596803140944801,1,0
7238,0.9741765241437993,1.614036021952,1.2596803140944801,1,0
7239,0.971113278025952,1.556944632406,1.2596803140944801,1,0
7240,0.971113278025952,1.466532801805,1.2596803140944801,1,0
7241,0.9680510529674539,1.352722754634,1.2596803140944801,1,0
7242,0.9680510529674539,1.28612558542,1.2596803140944801,1,0
7243,0.9680510529674539,1.206908751361,1.2596803140944801,0,0
7244,0.9649894405445651,1.143730000353,1.2596803140944801,0,0
7245,0.9649894405445651,1.114948191528,1.2596803140944801,0,0
7246,0.9649894405445651,1.078904755134,1.2596803140944801,0,0
7247,0.9619283726866625,1.081303437549,1.2596803140944801,0,0
7248,0.9619283726866625,1.042372471896,1.2596803140944801,0,0
7249,0.958868325888109,1.059324774626,1.2596803140944801,0,0
7250,0.958868325888109,1.034258628125,1.2596803140944801,0,0
7251,0.958868325888109,1.034220748364,1.2596803140944801,0,0
7252,0.958868325888109,1.052623124222,1.2596803140944801,0,0
7253,0.958868325888109,1.043823890344,1.2596803140944801,0,0
7254,0.958868325888109,1.049866623925,1.2596803140944801,0,0
7255,0.958868325888109,1.089831982965,1.2596803140944801,0,0
7256,0.958868325888109,1.112769404709,1.2596803140944801,0,0
7257,0.958868325888109,1.143038604325,1.2596803140944801,0,0
7258,0.958868325888109,1.213272326366,1.2596803140944801,0,0
7259,0.958868325888109,1.338375151226,1.2596803140944801,1,0
7260,0.958868325888109,1.431262421335,1.2596803140944801,1,0
7261,0.9619283726866625,1.461293956575,1.2596803140944801,1,0
7262,0.9619283726866625,1.391887153452,1.2596803140944801,1,0
7263,0.9619283726866625,1.327936152298,1.2596803140944801,1,0
7264,0.9649894405445651,1.235157330539,1.06346424457725,1,0
7265,0.9649894405445651,1.184849684623,1.06346424457725,1,0
7266,0.9649894405445651,1.155368847032,1.06346424457725,1,0
7267,0.9649894405445651,1.136551633727,1.06346424457725,1,0
7268,0.9680510529674539,1.136354058147,1.2094039708538,0,0
7269,0.9680510529674539,1.148482119947,1.2094039708538,0,0
7270,0.9680510529674539,1.155142211698,1.2094039708538,0,0
7271,0.9680510529674539,1.194223470632,1.2094039708538,0,0
7272,0.971113278025952,1.216903751036,1.2094039708538,1,0
7273,0.971113278025952,1.276674600875,1.2094039708538,1,0
7274,0.971113278025952,1.332981587116,1.2094039708538,1,0
7275,0.9741765241437993,1.406731897673,1.2094039708538,1,0
7276,0.9741765241437993,1.453130558505,1.2094039708538,1,0
7277,0.9772400425441397,1.511935354131,1.2094039708538,1,0
7278,0.9772400425441397,1.567144445266,1.2094039708538,1,0
7279,0.9772400425441397,1.611544396029,1.2094039708538,1,0
7280,0.9803045139332058,1.6500589307,1.2094039708538,1,0
7281,0.9803045139332058,1.682799904347,1.2094039708538,1,0
7282,0.9803045139332058,1.687128305729,1.2094039708538,1,0
7283,0.9833700063816211,1.699437634741,1.2094039708538,1,0
7284,0.9833700063816211,1.696315933001,1.2094039708538,1,0
7285,0.9833700063816211,1.67827188711,1.2094039708538,1,0
7286,0.9864358391831526,1.66076744416,1.2094039708538,1,0
7287,0.9864358391831526,1.627873235002,1.2094039708538,1,0
7288,0.9864358391831526,1.616085103489,1.2094039708538,1,0
7289,0.9864358391831526,1.566215877108,1.2094039708538,1,0
7290,0.9864358391831526,1.516733120052,1.2094039708538,1,0
7291,0.9864358391831526,1.470119972183,1.2094039708538,1,0
7292,0.9864358391831526,1.416427528498,1.2094039708538,1,0
7293,0.9864358391831526,1.363179532506,1.2094039708538,1,0
7294,0.9895024888321635,1.335714197412,1.2094039708538,1,0
7295,0.9895024888321635,1.331901108503,1.2094039708538,1,0
7296,0.9895024888321635,1.331388767124,1.2094039708538,1,0
7297,0.9895024888321635,1.365332772305,1.2094039708538,1,0
7298,0.9895024888321635,1.406275796247,1.2094039708538,1,0
7299,0.9925700914699002,1.473668878897,1.2094039708538,1,0
7300,0.9925700914699002,1.589559690539,1.2094039708538,1,0
7301,0.9925700914699002,1.683910880288,1.2094039708538,1,0
7302,0.9925700914699002,1.788013238282,1.2094039708538,1,0
7303,0.9925700914699002,1.779802287884,1.2094039708538,1,0
7304,0.9925700914699002,1.649279537902,1.2094039708538,1,0
7305,0.9925700914699002,1.482763920378,1.2094039708538,1,0
7306,0.9925700914699002,1.33506011163,1.2094039708538,1,0
7307,0.9925700914699002,1.193162229903,1.2094039708538,0,0
7308,0.9925700914699002,1.11170341477,1.2094039708538,0,0
7309,0.9956381025313764,1.059150421189,1.2094039708538,0,0
7310,0.9956381025313764,1.046636623912,1.2094039708538,0,0
7311,0.9956381025313764,1.043332152129,1.2094039708538,0,0
7312,0.9956381025313764,1.02951692714,1.2094039708538,0,0
7313,0.9987072027228251,1.018323799449,1.2094039708538,0,0
7314,0.9956381025313764,1.01861522797,1.06346424457725,0,0
7315,0.9956381025313764,1.020815422322,1.06346424457725,0,0
7316,0.9987072027228251,1.014651847336,1.06346424457725,0,0
7317,0.9956381025313764,1.014996789831,1.06346424457725,0,0
7318,0.9956381025313764,1.018437041835,1.06346424457725,0,0
7319,0.9956381025313764,1.016067467117,1.06346424457725,0,0
7320,0.9956381025313764,1.025374801826,1.06346424457725,0,0
7321,0.9956381025313764,1.028597869682,1.06346424457725,0,0
7322,0.9956381025313764,1.024480871625,1.06346424457725,0,0
7323,0.9956381025313764,1.030751203087,1.06346424457725,0,0
7324,0.9956381025313764,1.01480064362,1.06346424457725,0,0
7325,0.9956381025313764,1.007636654493,1.2596803140944801,0,0
7326,0.9925700914699002,1.002194072801,1.2596803140944801,0,0
7327,0.9925700914699002,1.02824223614,1.2596803140944801,0,0
7328,0.9895024888321635,1.070022040005,1.2596803140944801,0,0
7329,0.9895024888321635,1.158576875543,1.2596803140944801,0,0
7330,0.9895024888321635,1.285636929512,1.2596803140944801,1,0
7331,0.9864358391831526,1.432734453418,1.2596803140944801,1,0
7332,0.9864358391831526,1.552152289518,1.2596803140944801,1,0
7333,0.9833700063816211,1.654068203304,1.2596803140944801,1,0
7334,0.9803045139332058,1.707195536141,1.2596803140944801,1,0
7335,0.9772400425441397,1.72684938861,1.2596803140944801,1,0
7336,0.9772400425441397,1.700673678908,1.2596803140944801,1,0
7337,0.9741765241437993,1.655647384137,1.2596803140944801,1,0
7338,0.9741765241437993,1.59607984276,1.2596803140944801,1,0
7339,0.971113278025952,1.495601200708,1.2596803140944801,1,0
7340,0.971113278025952,1.380381835234,1.2596803140944801,1,0
7341,0.9680510529674539,1.297328292769,1.2596803140944801,1,0
7342,0.9680510529674539,1.215095075946,1.2596803140944801,0,0
7343,0.9649894405445651,1.148054106641,1.2596803140944801,0,0
7344,0.9649894405445651,1.115821816201,1.2596803140944801,0,0
7345,0.9649894405445651,1.094900749636,1.2596803140944801,0,0
7346,0.9619283726866625,1.096162572227,1.2596803140944801,0,0
7347,0.9619283726866625,1.042225307558,1.2596803140944801,0,0
7348,0.9619283726866625,1.05846977666,1.2596803140944801,0,0
7349,0.958868325888109,1.03930050775,1.2596803140944801,0,0
7350,0.958868325888109,1.03084133836,1.2596803140944801,0,0
7351,0.958868325888109,1.054770434413,1.2596803140944801,0,0
7352,0.958868325888109,1.053986848101,1.2596803140944801,0,0
7353,0.958868325888109,1.04795984635,1.2596803140944801,0,0
7354,0.958868325888109,1.071768640641,1.2596803140944801,0,0
7355,0.958868325888109,1.114207566588,1.2596803140944801,0,0
7356,0.958868325888109,1.15353260232,1.2596803140944801,0,0
7357,0.958868325888109,1.226551158102,1.2596803140944801,0,0
7358,0.958868325888109,1.339950361337,1.2596803140944801,1,0
7359,0.9619283726866625,1.420284019176,1.2596803140944801,1,0
7360,0.9619283726866625,1.489797968649,1.2596803140944801,1,0
7361,0.9619283726866625,1.41168693328,1.2596803140944801,1,0
7362,0.9619283726866625,1.362109340864,1.2596803140944801,1,0
7363,0.9649894405445651,1.278728446211,1.06346424457725,1,0
7364,0.9649894405445651,1.226192263887,1.06346424457725,1,0
7365,0.9680510529674539,1.199030662229,1.06346424457725,1,0
7366,0.9680510529674539,1.189175292482,1.2094039708538,0,0
7367,0.9680510529674539,1.203290775993,1.2094039708538,0,0
7368,0.9680510529674539,1.210380278878,1.2094039708538,1,0
7369,0.9680510529674539,1.257085737843,1.2094039708538,1,0
7370,0.971113278025952,1.29885541839,1.2094039708538,1,0
7371,0.971113278025952,1.385540325751,1.2094039708538,1,0
7372,0.971113278025952,1.443844597577,1.2094039708538,1,0
7373,0.9741765241437993,1.506272184265,1.2094039708538,1,0
7374,0.9741765241437993,1.579866449595,1.2094039708538,1,0
7375,0.9741765241437993,1.651413658985,1.2094039708538,1,0
7376,0.9772400425441397,1.718780151986,1.2094039708538,1,0
7377,0.9772400425441397,1.771020374251,1.2094039708538,1,0
7378,0.9803045139332058,1.841295867296,1.2094039708538,1,0
7379,0.9803045139332058,1.888520813597,1.2094039708538,1,0
7380,0.9803045139332058,1.917006384773,1.2094039708538,1,0
7381,0.9833700063816211,1.949614465811,1.2094039708538,1,0
7382,0.9833700063816211,1.960361182379,1.2094039708538,1,0
7383,0.9833700063816211,1.954232843269,1.2094039708538,1,0
7384,0.9833700063816211,1.923064576209,1.2094039708538,1,0
7385,0.9864358391831526,1.891073055543,1.2094039708538,1,0
7386,0.9833700063816211,1.829638286349,1.2094039708538,1,0
7387,0.9864358391831526,1.790990347618,1.2094039708538,1,0
7388,0.9864358391831526,1.737957678055,1.2094039708538,1,0
7389,0.9864358391831526,1.660431912605,1.2094039708538,1,0
7390,0.9864358391831526,1.60803899669,1.2094039708538,1,0
7391,0.9864358391831526,1.527104417946,1.2094039708538,1,0
7392,0.9895024888321635,1.485097371205,1.2094039708538,1,0
7393,0.9895024888321635,1.436806880061,1.2094039708538,1,0
7394,0.9895024888321635,1.44045390017,1.2094039708538,1,0
7395,0.9895024888321635,1.427870830077,1.2094039708538,1,0
7396,0.9895024888321635,1.461266094969,1.2094039708538,1,0
7397,0.9895024888321635,1.506255639687,1.2094039708538,1,0
7398,0.9925700914699002,1.566446140784,1.2094039708538,1,0
7399,0.9925700914699002,1.677430169357,1.2094039708538,1,0
7400,0.9925700914699002,1.759731299832,1.2094039708538,1,0
7401,0.9925700914699002,1.815228847361,1.2094039708538,1,0
7402,0.9938675175494577,1.72655602755,1.2094039708538,1,0
7403,0.9925700914699002,1.578200615404,1.2094039708538,1,0
7404,0.9925700914699002,1.41076808791,1.2094039708538,1,0
7405,0.9925700914699002,1.269485636678,1.2094039708538,1,0
7406,0.9925700914699002,1.143235141848,1.2094039708538,0,0
7407,0.9956381025313764,1.084313697069,1.2094039708538,0,0
7408,0.9956381025313764,1.065270383101,1.2094039708538,0,0
7409,0.9987072027228251,1.05287304694,1.2094039708538,0,0
7410,0.9956381025313764,1.032717459403,1.2094039708538,0,0
7411,0.9987072027228251,1.016314450596,1.2094039708538,0,0
7412,0.9987072027228251,1.019625684663,1.06346424457725,0,0
7413,0.9987072027228251,1.021103360546,1.06346424457725,0,0
7414,0.9987072027228251,1.015020597873,1.06346424457725,0,0
7415,0.9987072027228251,1.019154690381,1.06346424457725,0,0
7416,0.9956381025313764,1.024111579131,1.06346424457725,0,0
7417,0.9956381025313764,1.02428050051,1.06346424457725,0,0
7418,0.9956381025313764,1.042724249633,1.06346424457725,0,0
7419,0.9956381025313764,1.034462506608,1.06346424457725,0,0
7420,0.9956381025313764,1.045054759599,1.06346424457725,0,0
7421,0.9956381025313764,1.030794856117,1.06346424457725,0,0
7422,0.9956381025313764,1.028733642721,1.06346424457725,0,0
7423,0.9956381025313764,1.012948694794,1.2596803140944801,0,0
7424,0.9925700914699002,1.056025266583,1.2596803140944801,0,0
7425,0.9925700914699002,1.113694637123,1.2596803140944801,0,0
7426,0.9925700914699002,1.205596680743,1.2596803140944801,0,0
7427,0.9895024888321635,1.310342183662,1.2596803140944801,1,0
7428,0.9895024888321635,1.441440385714,1.2596803140944801,1,0
7429,0.9864358391831526,1.538150945274,1.2596803140944801,1,0
7430,0.9864358391831526,1.628671234902,1.2596803140944801,1,0
7431,0.9833700063816211,1.694661067225,1.2596803140944801,1,0
7432,0.9833700063816211,1.733617015693,1.2596803140944801,1,0
7433,0.9803045139332058,1.745483798353,1.2596803140944801,1,0
7434,0.9772400425441397,1.689959203933,1.2596803140944801,1,0
7435,0.9724260199957457,1.617380306814,1.2596803140944801,1,0
7436,0.971113278025952,1.519672193183,1.2596803140944801,1,0
7437,0.971113278025952,1.407886350025,1.2596803140944801,1,0
7438,0.9680510529674539,1.278303069546,1.2596803140944801,1,0
7439,0.9680510529674539,1.215629409843,1.2596803140944801,0,0
7440,0.9680510529674539,1.148266672986,1.2596803140944801,0,0
7441,0.9649894405445651,1.136205777358,1.2596803140944801,0,0
7442,0.9649894405445651,1.081436535486,1.2596803140944801,0,0
7443,0.9649894405445651,1.08698465243,1.2596803140944801,0,0
7444,0.9619283726866625,1.041312684333,1.2596803140944801,0,0
7445,0.9619283726866625,1.036890591285,1.2596803140944801,0,0
7446,0.9619283726866625,1.045940723102,1.2596803140944801,0,0
7447,0.958868325888109,1.029044677819,1.2596803140944801,0,0
7448,0.958868325888109,1.038582778751,1.2596803140944801,0,0
7449,0.958868325888109,1.045899253733,1.2596803140944801,0,0
7450,0.958868325888109,1.040789056724,1.2596803140944801,0,0
7451,0.958868325888109,1.046405547976,1.2596803140944801,0,0
7452,0.958868325888109,1.088981102475,1.2596803140944801,0,0
7453,0.958868325888109,1.100924667349,1.2596803140944801,0,0
7454,0.958868325888109,1.142978950928,1.2596803140944801,0,0
7455,0.958868325888109,1.217538639544,1.2596803140944801,0,0
7456,0.958868325888109,1.318886242237,1.2596803140944801,1,0
7457,0.958868325888109,1.435441622623,1.2596803140944801,1,0
7458,0.9619283726866625,1.496639516111,1.2596803140944801,1,0
7459,0.9619283726866625,1.44687645901,1.2596803140944801,1,0
7460,0.9619283726866625,1.392424785437,1.2596803140944801,1,0
7461,0.9649894405445651,1.312700206314,1.06346424457725,1,0
7462,0.9649894405445651,1.264013285821,1.06346424457725,1,0
7463,0.9649894405445651,1.229712793785,1.06346424457725,1,0
7464,0.9680510529674539,1.222925852295,1.06346424457725,1,0
7465,0.9680510529674539,1.240608558591,1.2094039708538,1,0
7466,0.9680510529674539,1.252727937761,1.2094039708538,1,0
7467,0.9680510529674539,1.306602314913,1.2094039708538,1,0
7468,0.971113278025952,1.349072206591,1.2094039708538,1,0
7469,0.971113278025952,1.437323553787,1.2094039708538,1,0
7470,0.971113278025952,1.504343551143,1.2094039708538,1,0
7471,0.9741765241437993,1.591832014644,1.2094039708538,1,0
7472,0.9741765241437993,1.658661209946,1.2094039708538,1,0
7473,0.9741765241437993,1.70443410142,1.2094039708538,1,0
7474,0.9772400425441397,1.776940009882,1.2094039708538,1,0
7475,0.9772400425441397,1.822231350326,1.2094039708538,1,0
7476,0.9772400425441397,1.865240156268,1.2094039708538,1,0
7477,0.9803045139332058,1.893994971555,1.2094039708538,1,0
7478,0.9803045139332058,1.915571678593,1.2094039708538,1,0
7479,0.9833700063816211,1.93166747782,1.2094039708538,1,0
7480,0.9833700063816211,1.942071033397,1.2094039708538,1,0
7481,0.9864358391831526,1.949193382347,1.2094039708538,1,0
7482,0.9864358391831526,1.944683957014,1.2094039708538,1,0
7483,0.9864358391831526,1.913928438461,1.2094039708538,1,0
7484,0.9864358391831526,1.882028784631,1.2094039708538,1,0
7485,0.9864358391831526,1.831634685688,1.2094039708538,1,0
7486,0.9864358391831526,1.785442443193,1.2094039708538,1,0
7487,0.9864358391831526,1.702305418263,1.2094039708538,1,0
7488,0.9864358391831526,1.661259569179,1.2094039708538,1,0
7489,0.9864358391831526,1.550205039408,1.2094039708538,1,0
7490,0.9864358391831526,1.525679496908,1.2094039708538,1,0
7491,0.9895024888321635,1.454668231812,1.2094039708538,1,0
7492,0.9895024888321635,1.454612242742,1.2094039708538,1,0
7493,0.9895024888321635,1.440449977149,1.2094039708538,1,0
7494,0.9895024888321635,1.464153545728,1.2094039708538,1,0
7495,0.9895024888321635,1.50995707918,1.2094039708538,1,0
7496,0.9925700914699002,1.561850836726,1.2094039708538,1,0
7497,0.9895024888321635,1.679509400614,1.2094039708538,1,0
7498,0.9925700914699002,1.761021070206,1.2094039708538,1,0
7499,0.9925700914699002,1.802493758906,1.2094039708538,1,0
7500,0.9925700914699002,1.718851344242,1.2094039708538,1,0
7501,0.9925700914699002,1.569626636818,1.2094039708538,1,0
7502,0.9925700914699002,1.405641598781,1.2094039708538,1,0
7503,0.9925700914699002,1.258939296236,1.2094039708538,1,0
7504,0.9925700914699002,1.136719946886,1.2094039708538,0,0
7505,0.9956381025313764,1.085668329443,1.2094039708538,0,0
7506,0.9956381025313764,1.046919741618,1.2094039708538,0,0
7507,0.9956381025313764,1.037415845705,1.2094039708538,0,0
7508,0.9956381025313764,1.037487375329,1.2094039708538,0,0
7509,0.9956381025313764,1.028202412235,1.2094039708538,0,0
7510,0.9956381025313764,1.01652695778,1.06346424457725,0,0
7511,0.9987072027228251,1.016417574038,1.06346424457725,0,0
7512,0.9987072027228251,1.019878402251,1.06346424457725,0,0
7513,0.9956381025313764,1.014416223028,1.06346424457725,0,0
7514,0.9956381025313764,1.0168067393,1.06346424457725,0,0
7515,0.9956381025313764,1.02236417775,1.06346424457725,0,0
7516,0.9956381025313764,1.021755890513,1.06346424457725,0,0
7517,0.9956381025313764,1.036042082887,1.06346424457725,0,0
7518,0.9925700914699002,1.030164472119,1.06346424457725,0,0
7519,0.9925700914699002,1.040368637332,1.06346424457725,0,0
7520,0.9925700914699002,1.020622908034,1.06346424457725,0,0
7521,0.9925700914699002,1.010856228971,1.06346424457725,0,0
7522,0.9925700914699002,0.99304202236,1.2596803140944801,0,0
7523,0.9925700914699002,0.995292617029,1.2596803140944801,0,0
7524,0.9925700914699002,1.019791509909,1.2596803140944801,0,0
7525,0.9895024888321635,1.058076534071,1.2596803140944801,0,0
7526,0.9895024888321635,1.147629403268,1.2596803140944801,0,0
7527,0.9895024888321635,1.270633953509,1.2596803140944801,1,0
7528,0.9864358391831526,1.383219629799,1.2596803140944801,1,0
7529,0.9864358391831526,1.509210204872,1.2596803140944801,1,0
7530,0.9833700063816211,1.604583533206,1.2596803140944801,1,0
7531,0.9803045139332058,1.666980071334,1.2596803140944801,1,0
7532,0.9772400425441397,1.668964081372,1.2596803140944801,1,0
7533,0.9772400425441397,1.65850631629,1.2596803140944801,1,0
7534,0.9741765241437993,1.631942088827,1.2596803140944801,1,0
7535,0.971113278025952,1.550569566055,1.2596803140944801,1,0
7536,0.971113278025952,1.456798814295,1.2596803140944801,1,0
7537,0.971113278025952,1.374488190455,1.2596803140944801,1,0
7538,0.9680510529674539,1.292766951855,1.2596803140944801,1,0
7539,0.9680510529674539,1.215343856719,1.2596803140944801,0,0
7540,0.9680510529674539,1.168156558507,1.2596803140944801,0,0
7541,0.9649894405445651,1.120764319075,1.2596803140944801,0,0
7542,0.9649894405445651,1.089412408541,1.2596803140944801,0,0
7543,0.9619283726866625,1.095103316425,1.2596803140944801,0,0
7544,0.9619283726866625,1.046666786472,1.2596803140944801,0,0
7545,0.9619283726866625,1.061847252129,1.2596803140944801,0,0
7546,0.9619283726866625,1.044629003232,1.2596803140944801,0,0
7547,0.958868325888109,1.03199276432,1.2596803140944801,0,0
7548,0.958868325888109,1.05563122923,1.2596803140944801,0,0
7549,0.958868325888109,1.06153038765,1.2596803140944801,0,0
7550,0.958868325888109,1.065504853892,1.2596803140944801,0,0
7551,0.958868325888109,1.087918661074,1.2596803140944801,0,0
7552,0.958868325888109,1.129393189336,1.2596803140944801,0,0
7553,0.958868325888109,1.18975636681,1.2596803140944801,0,0
7554,0.958868325888109,1.276082955059,1.2596803140944801,1,0
7555,0.9619283726866625,1.373605732553,1.2596803140944801,1,0
7556,0.9619283726866625,1.450079075124,1.2596803140944801,1,0
7557,0.9619283726866625,1.466132457677,1.2596803140944801,1,0
7558,0.9619283726866625,1.434685220488,1.2596803140944801,1,0
7559,0.9649894405445651,1.361000738894,1.2596803140944801,1,0
7560,0.9649894405445651,1.30344267313,1.06346424457725,1,0
7561,0.9649894405445651,1.247417726363,1.06346424457725,1,0
7562,0.9680510529674539,1.213906365701,1.06346424457725,1,0
7563,0.9680510529674539,1.203464885347,1.2094039708538,0,0
7564,0.9680510529674539,1.213849854418,1.2094039708538,1,0
7565,0.9680510529674539,1.216038273377,1.2094039708538,1,0
7566,0.9680510529674539,1.263856603782,1.2094039708538,1,0
7567,0.971113278025952,1.276442759314,1.2094039708538,1,0
7568,0.971113278025952,1.342985317235,1.2094039708538,1,0
7569,0.9741765241437993,1.397424569335,1.2094039708538,1,0
7570,0.9741765241437993,1.448902767606,1.2094039708538,1,0
7571,0.9741765241437993,1.506811455932,1.2094039708538,1,0
7572,0.9741765241437993,1.55929971663,1.2094039708538,1,0
7573,0.9772400425441397,1.602145677862,1.2094039708538,1,0
7574,0.9772400425441397,1.654625399482,1.2094039708538,1,0
7575,0.9772400425441397,1.68952251119,1.2094039708538,1,0
7576,0.9803045139332058,1.723992577573,1.2094039708538,1,0
7577,0.9803045139332058,1.751975048094,1.2094039708538,1,0
7578,0.9833700063816211,1.78582188113,1.2094039708538,1,0
7579,0.9833700063816211,1.809076813742,1.2094039708538,1,0
7580,0.9833700063816211,1.820849747382,1.2094039708538,1,0
7581,0.9864358391831526,1.835321650787,1.2094039708538,1,0
7582,0.9864358391831526,1.836124556544,1.2094039708538,1,0
7583,0.9833700063816211,1.803338562394,1.2094039708538,1,0
7584,0.9864358391831526,1.782521828206,1.2094039708538,1,0
7585,0.9864358391831526,1.742605573786,1.2094039708538,1,0
7586,0.9864358391831526,1.675350281783,1.2094039708538,1,0
7587,0.9864358391831526,1.638779808668,1.2094039708538,1,0
7588,0.9864358391831526,1.558761514591,1.2094039708538,1,0
7589,0.9864358391831526,1.496462493978,1.2094039708538,1,0
7590,0.9864358391831526,1.457923486745,1.2094039708538,1,0
7591,0.9895024888321635,1.444291511212,1.2094039708538,1,0
7592,0.9895024888321635,1.444137687135,1.2094039708538,1,0
7593,0.9895024888321635,1.479035867687,1.2094039708538,1,0
7594,0.9895024888321635,1.526305063584,1.2094039708538,1,0
7595,0.9925700914699002,1.583789663871,1.2094039708538,1,0
7596,0.9925700914699002,1.699800625895,1.2094039708538,1,0
7597,0.9925700914699002,1.774775690091,1.2094039708538,1,0
7598,0.9925700914699002,1.804942427495,1.2094039708538,1,0
7599,0.9925700914699002,1.725329825498,1.2094039708538,1,0
7600,0.9925700914699002,1.572863646745,1.2094039708538,1,0
7601,0.9925700914699002,1.41414845903,1.2094039708538,1,0
7602,0.9925700914699002,1.279262528711,1.2094039708538,1,0
7603,0.9956381025313764,1.152255371055,1.2094039708538,0,0
7604,0.9956381025313764,1.096547180458,1.2094039708538,0,0
7605,0.9956381025313764,1.076094671514,1.2094039708538,0,0
7606,0.9956381025313764,1.050064919021,1.2094039708538,0,0
7607,0.9956381025313764,1.031047865524,1.2094039708538,0,0
7608,0.9987072027228251,1.020968609045,1.2094039708538,0,0
7609,0.9956381025313764,1.022932265799,1.06346424457725,0,0
7610,0.9987072027228251,1.020384514469,1.06346424457725,0,0
7611,0.9956381025313764,1.014939748767,1.06346424457725,0,0
7612,0.9956381025313764,1.019603728389,1.06346424457725,0,0
7613,0.9956381025313764,1.024044678135,1.06346424457725,0,0
7614,0.9956381025313764,1.0243484941,1.06346424457725,0,0
7615,0.9925700914699002,1.037232020152,1.06346424457725,0,0
7616,0.9925700914699002,1.031238580373,1.06346424457725,0,0
7617,0.9925700914699002,1.032678650306,1.06346424457725,0,0
7618,0.9925700914699002,1.035074175036,1.06346424457725,0,0
7619,0.9925700914699002,1.01545308051,1.06346424457725,0,0
7620,0.9925700914699002,1.00669906531,1.06346424457725,0,0
7621,0.9925700914699002,0.993123736123,1.06346424457725,0,0
7622,0.9925700914699002,0.995443794911,1.2596803140944801,0,0
7623,0.9895024888321635,1.00370579616,1.2596803140944801,0,0
7624,0.9895024888321635,1.031996919448,1.2596803140944801,0,0
7625,0.9895024888321635,1.079670772735,1.2596803140944801,0,0
7626,0.9864358391831526,1.122510854893,1.2596803140944801,0,0
7627,0.9864358391831526,1.17385083803,1.2596803140944801,0,0
7628,0.9833700063816211,1.220058976964,1.2596803140944801,0,0
7629,0.9833700063816211,1.269958851427,1.2596803140944801,1,0
7630,0.9772400425441397,1.293457651731,1.2596803140944801,1,0
7631,0.9741765241437993,1.268313931688,1.2596803140944801,1,0
7632,0.9741765241437993,1.246602966855,1.2596803140944801,0,0
7633,0.971113278025952,1.19400731752,1.2596803140944801,0,0
7634,0.971113278025952,1.136213636429,1.2596803140944801,0,0
7635,0.971113278025952,1.133371640982,1.2596803140944801,0,0
7636,0.9680510529674539,1.11739439136,1.2596803140944801,0,0
7637,0.9680510529674539,1.101288674007,1.2596803140944801,0,0
7638,0.9649894405445651,1.122127812666,1.2596803140944801,0,0
7639,0.9649894405445651,1.07343775691,1.2596803140944801,0,0
7640,0.9649894405445651,1.081142231061,1.2596803140944801,0,0
7641,0.9619283726866625,1.043409707252,1.2596803140944801,0,0
7642,0.9619283726866625,1.040673855538,1.2596803140944801,0,0
7643,0.958868325888109,1.047317985188,1.2596803140944801,0,0
7644,0.958868325888109,1.029830719368,1.2596803140944801,0,0
7645,0.958868325888109,1.040832699269,1.2596803140944801,0,0
7646,0.958868325888109,1.050588845304,1.2596803140944801,0,0
7647,0.958868325888109,1.047635775249,1.2596803140944801,0,0
7648,0.958868325888109,1.054570225767,1.2596803140944801,0,0
7649,0.958868325888109,1.090693126516,1.2596803140944801,0,0
7650,0.958868325888109,1.116536295644,1.2596803140944801,0,0
7651,0.958868325888109,1.171869917618,1.2596803140944801,0,0
7652,0.958868325888109,1.251913545342,1.2596803140944801,0,0
7653,0.958868325888109,1.368524622425,1.2596803140944801,1,0
7654,0.9619283726866625,1.452874756313,1.2596803140944801,1,0
7655,0.9619283726866625,1.446646203,1.2596803140944801,1,0
7656,0.9619283726866625,1.376043272257,1.2596803140944801,1,0
7657,0.9649894405445651,1.297530935868,1.2596803140944801,1,0
7658,0.9649894405445651,1.235233839186,1.06346424457725,1,0
7659,0.9649894405445651,1.186530784692,1.06346424457725,1,0
7660,0.9680510529674539,1.162428832669,1.06346424457725,1,0
7661,0.9680510529674539,1.147414600051,1.2094039708538,0,0
7662,0.9680510529674539,1.158874461944,1.2094039708538,0,0
7663,0.9680510529674539,1.160414503702,1.2094039708538,0,0
7664,0.9680510529674539,1.172070612665,1.2094039708538,0,0
7665,0.971113278025952,1.22097573105,1.2094039708538,1,0
7666,0.971113278025952,1.251287623286,1.2094039708538,1,0
7667,0.9741765241437993,1.319479762666,1.2094039708538,1,0
7668,0.9741765241437993,1.380389349498,1.2094039708538,1,0
7669,0.9741765241437993,1.44063417142,1.2094039708538,1,0
7670,0.9772400425441397,1.502425345883,1.2094039708538,1,0
7671,0.9772400425441397,1.565050355413,1.2094039708538,1,0
7672,0.9772400425441397,1.634459580544,1.2094039708538,1,0
7673,0.9803045139332058,1.701312888287,1.2094039708538,1,0
7674,0.9803045139332058,1.766112649497,1.2094039708538,1,0
7675,0.9833700063816211,1.834953552429,1.2094039708538,1,0
7676,0.9833700063816211,1.898945682258,1.2094039708538,1,0
7677,0.9833700063816211,1.934779087103,1.2094039708538,1,0
7678,0.9864358391831526,1.987399178635,1.2094039708538,1,0
7679,0.9864358391831526,2.012815221806,1.2094039708538,1,0
7680,0.9864358391831526,2.014990938859,1.2094039708538,1,0
7681,0.9864358391831526,1.99374102204,1.2094039708538,1,0
7682,0.9864358391831526,1.971893757196,1.2094039708538,1,0
7683,0.9864358391831526,1.921136804183,1.2094039708538,1,0
7684,0.9864358391831526,1.829790845253,1.2094039708538,1,0
7685,0.9864358391831526,1.775862542629,1.2094039708538,1,0
7686,0.9864358391831526,1.662766982575,1.2094039708538,1,0
7687,0.9895024888321635,1.624367016005,1.2094039708538,1,0
7688,0.9895024888321635,1.554554473021,1.2094039708538,1,0
7689,0.9895024888321635,1.540307709849,1.2094039708538,1,0
7690,0.9895024888321635,1.524455630268,1.2094039708538,1,0
7691,0.9895024888321635,1.546665299986,1.2094039708538,1,0
7692,0.9895024888321635,1.589892492437,1.2094039708538,1,0
7693,0.9925700914699002,1.66036939051,1.2094039708538,1,0
7694,0.9925700914699002,1.774463382516,1.2094039708538,1,0
7695,0.9925700914699002,1.818245146406,1.2094039708538,1,0
7696,0.9925700914699002,1.771833855817,1.2094039708538,1,0
7697,0.9925700914699002,1.642986604038,1.2094039708538,1,0
7698,0.9925700914699002,1.476790186028,1.2094039708538,1,0
7699,0.9925700914699002,1.311039157863,1.2094039708538,1,0
7700,0.9925700914699002,1.178076634411,1.2094039708538,0,0
7701,0.9925700914699002,1.09510108022,1.2094039708538,0,0
7702,0.9956381025313764,1.051357553389,1.2094039708538,0,0
7703,0.9956381025313764,1.040758836204,1.2094039708538,0,0
7704,0.9956381025313764,1.039006591484,1.2094039708538,0,0
7705,0.9956381025313764,1.029278847054,1.2094039708538,0,0
7706,0.9956381025313764,1.019497055863,1.06346424457725,0,0
7707,0.9956381025313764,1.015329103276,1.06346424457725,0,0
7708,0.9956381025313764,1.019124313595,1.06346424457725,0,0
7709,0.9956381025313764,1.015399265697,1.06346424457725,0,0
7710,0.9956381025313764,1.014357595867,1.06346424457725,0,0
7711,0.9956381025313764,1.017750207284,1.06346424457725,0,0
7712,0.9925700914699002,1.016712535805,1.06346424457725,0,0
7713,0.9925700914699002,1.026318200968,1.06346424457725,0,0
7714,0.9925700914699002,1.031108180224,1.06346424457725,0,0
7715,0.9925700914699002,1.029660722405,1.06346424457725,0,0
7716,0.9925700914699002,1.036441009991,1.06346424457725,0,0
7717,0.9925700914699002,1.019299783767,1.06346424457725,0,0
7718,0.9925700914699002,1.005982581001,1.2596803140944801,0,0
7719,0.9925700914699002,0.984352650734,1.2596803140944801,0,0
7720,0.9895024888321635,0.976132553359,1.2596803140944801,0,0
7721,0.9895024888321635,0.98626775195,1.2596803140944801,0,0
7722,0.9895024888321635,1.017170359594,1.2596803140944801,0,0
7723,0.9895024888321635,1.062914318586,1.2596803140944801,0,0
7724,0.9864358391831526,1.125932161719,1.2596803140944801,0,0
7725,0.9864358391831526,1.21248573546,1.2596803140944801,0,0
7726,0.9833700063816211,1.31861569981,1.2596803140944801,1,0
7727,0.9803045139332058,1.402779662249,1.2596803140944801,1,0
7728,0.9772400425441397,1.459738278631,1.2596803140944801,1,0
7729,0.9772400425441397,1.473583886814,1.2596803140944801,1,0
7730,0.9741765241437993,1.477668170948,1.2596803140944801,1,0
7731,0.971113278025952,1.416821139364,1.2596803140944801,1,0
7732,0.971113278025952,1.361616198308,1.2596803140944801,1,0
7733,0.9680510529674539,1.294351852969,1.2596803140944801,1,0
7734,0.9680510529674539,1.259473512941,1.2596803140944801,0,0
7735,0.9649894405445651,1.176735919196,1.2596803140944801,0,0
7736,0.9649894405445651,1.170738194483,1.2596803140944801,0,0
7737,0.9649894405445651,1.105452749822,1.2596803140944801,0,0
7738,0.9619283726866625,1.101936644637,1.2596803140944801,0,0
7739,0.9619283726866625,1.064499388744,1.2596803140944801,0,0
7740,0.9619283726866625,1.044497589131,1.2596803140944801,0,0
7741,0.958868325888109,1.055252737941,1.2596803140944801,0,0
7742,0.958868325888109,1.033482362895,1.2596803140944801,0,0
7743,0.958868325888109,1.046201540404,1.2596803140944801,0,0
7744,0.958868325888109,1.056283815257,1.2596803140944801,0,0
7745,0.958868325888109,1.053448179443,1.2596803140944801,0,0
7746,0.958868325888109,1.066058314211,1.2596803140944801,0,0
7747,0.958868325888109,1.107451250861,1.2596803140944801,0,0
7748,0.958868325888109,1.138492278471,1.2596803140944801,0,0
7749,0.958868325888109,1.20145633763,1.2596803140944801,0,0
7750,0.958868325888109,1.310972989481,1.2596803140944801,1,0
7751,0.958868325888109,1.392348655783,1.2596803140944801,1,0
7752,0.9619283726866625,1.442941565367,1.2596803140944801,1,0
7753,0.9619283726866625,1.40652576807,1.2596803140944801,1,0
7754,0.9619283726866625,1.343455165148,1.2596803140944801,1,0
7755,0.9649894405445651,1.24351510389,1.2596803140944801,0,0
7756,0.9649894405445651,1.165425593682,1.06346424457725,1,0
7757,0.9649894405445651,1.134374496512,1.06346424457725,1,0
7758,0.9680510529674539,1.121119895606,1.06346424457725,1,0
7759,0.9680510529674539,1.106125176802,1.2094039708538,0,0
7760,0.9680510529674539,1.107775608749,1.2094039708538,0,0
7761,0.9680510529674539,1.120874496558,1.2094039708538,0,0
7762,0.971113278025952,1.129675775367,1.2094039708538,0,0
7763,0.971113278025952,1.168198740527,1.2094039708538,0,0
7764,0.971113278025952,1.191314595374,1.2094039708538,0,0
7765,0.971113278025952,1.247663731942,1.2094039708538,1,0
7766,0.9741765241437993,1.295202901038,1.2094039708538,1,0
7767,0.9741765241437993,1.369902201788,1.2094039708538,1,0
7768,0.9772400425441397,1.429909548426,1.2094039708538,1,0
7769,0.9772400425441397,1.490989598028,1.2094039708538,1,0
7770,0.9772400425441397,1.568176670525,1.2094039708538,1,0
7771,0.9803045139332058,1.633956036346,1.2094039708538,1,0
7772,0.9803045139332058,1.698692564401,1.2094039708538,1,0
7773,0.9803045139332058,1.746666910444,1.2094039708538,1,0
7774,0.9833700063816211,1.795836801929,1.2094039708538,1,0
7775,0.9833700063816211,1.830211993907,1.2094039708538,1,0
7776,0.9864358391831526,1.871654084423,1.2094039708538,1,0
7777,0.9833700063816211,1.866446292286,1.2094039708538,1,0
7778,0.9864358391831526,1.857307828364,1.2094039708538,1,0
7779,0.9864358391831526,1.827767941682,1.2094039708538,1,0
7780,0.9864358391831526,1.790267298495,1.2094039708538,1,0
7781,0.9864358391831526,1.722500991784,1.2094039708538,1,0
7782,0.9864358391831526,1.662041403069,1.2094039708538,1,0
7783,0.9864358391831526,1.588077335452,1.2094039708538,1,0
7784,0.9864358391831526,1.529849607886,1.2094039708538,1,0
7785,0.9895024888321635,1.455338809209,1.2094039708538,1,0
7786,0.9895024888321635,1.429663136336,1.2094039708538,1,0
7787,0.9895024888321635,1.412042903657,1.2094039708538,1,0
7788,0.9895024888321635,1.41900347008,1.2094039708538,1,0
7789,0.9895024888321635,1.459776885206,1.2094039708538,1,0
7790,0.9895024888321635,1.504902564079,1.2094039708538,1,0
7791,0.9925700914699002,1.60916232112,1.2094039708538,1,0
7792,0.9925700914699002,1.698856831494,1.2094039708538,1,0
7793,0.9925700914699002,1.776696377666,1.2094039708538,1,0
7794,0.9925700914699002,1.776291314595,1.2094039708538,1,0
7795,0.9925700914699002,1.626103482347,1.2094039708538,1,0
7796,0.9925700914699002,1.460979016007,1.2094039708538,1,0
7797,0.9925700914699002,1.309852355698,1.2094039708538,1,0
7798,0.9925700914699002,1.178288328165,1.2094039708538,0,0
7799,0.9925700914699002,1.103645110111,1.2094039708538,0,0
7800,0.9925700914699002,1.057661615863,1.2094039708538,0,0
7801,0.9925700914699002,1.036574972928,1.2094039708538,0,0
7802,0.9956381025313764,1.042883410769,1.2094039708538,0,0
7803,0.9956381025313764,1.031876616971,1.2094039708538,0,0
7804,0.9956381025313764,1.023091406698,1.2094039708538,0,0
7805,0.9956381025313764,1.015837331346,1.06346424457725,0,0
7806,0.9956381025313764,1.017665182706,1.06346424457725,0,0
7807,0.9956381025313764,1.018229828818,1.06346424457725,0,0
7808,0.9925700914699002,1.014939748767,1.06346424457725,0,0
7809,0.9925700914699002,1.019407064844,1.06346424457725,0,0
7810,0.9925700914699002,1.022008996551,1.06346424457725,0,0
7811,0.9925700914699002,1.0201138865,1.06346424457725,0,0
7812,0.9925700914699002,1.031206657061,1.06346424457725,0,0
7813,0.9925700914699002,1.028395322041,1.06346424457725,0,0
7814,0.9925700914699002,1.028210318893,1.06346424457725,0,0
7815,0.9956381025313764,1.028819467855,1.06346424457725,0,0
7816,0.9956381025313764,1.012290430493,1.2596803140944801,0,0
7817,0.9925700914699002,0.989702008525,1.2596803140944801,0,0
7818,0.9925700914699002,0.976750243193,1.2596803140944801,0,0
7819,0.9925700914699002,0.977449137513,1.2596803140944801,0,0
7820,0.9925700914699002,1.005276177547,1.2596803140944801,0,0
7821,0.9895024888321635,1.066347516299,1.2596803140944801,0,0
7822,0.9895024888321635,1.159307212524,1.2596803140944801,0,0
7823,0.9864358391831526,1.287375154561,1.2596803140944801,1,0
7824,0.9833700063816211,1.424417104044,1.2596803140944801,1,0
7825,0.9803045139332058,1.534748871652,1.2596803140944801,1,0
7826,0.9772400425441397,1.590003017679,1.2596803140944801,1,0
7827,0.9724260199957457,1.599525571054,1.2596803140944801,1,0
7828,0.9741765241437993,1.58814446173,1.2596803140944801,1,0
7829,0.971113278025952,1.571077783808,1.2596803140944801,1,0
7830,0.971113278025952,1.48356186864,1.2596803140944801,1,0
7831,0.9680510529674539,1.393629495339,1.2596803140944801,1,0
7832,0.9680510529674539,1.30377318295,1.2596803140944801,1,0
7833,0.9649894405445651,1.23341841868,1.2596803140944801,0,0
7834,0.9649894405445651,1.161564487285,1.2596803140944801,0,0
7835,0.9649894405445651,1.124306627246,1.2596803140944801,0,0
7836,0.9619283726866625,1.088835526653,1.2596803140944801,0,0
7837,0.9619283726866625,1.087800372093,1.2596803140944801,0,0
7838,0.9619283726866625,1.043982708845,1.2596803140944801,0,0
7839,0.958868325888109,1.06065986553,1.2596803140944801,0,0
7840,0.958868325888109,1.032070550884,1.2596803140944801,0,0
7841,0.958868325888109,1.043246678729,1.2596803140944801,0,0
7842,0.958868325888109,1.050374057708,1.2596803140944801,0,0
7843,0.958868325888109,1.041687521968,1.2596803140944801,0,0
7844,0.958868325888109,1.071184322799,1.2596803140944801,0,0
7845,0.958868325888109,1.097592671906,1.2596803140944801,0,0
7846,0.958868325888109,1.111435286909,1.2596803140944801,0,0
7847,0.958868325888109,1.155685339901,1.2596803140944801,0,0
7848,0.958868325888109,1.261476721881,1.2596803140944801,1,0
7849,0.9619283726866625,1.351227708663,1.2596803140944801,1,0
7850,0.9619283726866625,1.420473447554,1.2596803140944801,1,0
7851,0.9619283726866625,1.401860227147,1.2596803140944801,1,0
7852,0.9649894405445651,1.298113206685,1.2596803140944801,1,0
7853,0.9649894405445651,1.240254541968,1.2596803140944801,0,0
7854,0.9649894405445651,1.17390083948,1.2596803140944801,0,0
7855,0.9649894405445651,1.137388967241,1.06346424457725,1,0
7856,0.9680510529674539,1.119984902576,1.06346424457725,1,0
7857,0.9680510529674539,1.108231669822,1.2094039708538,0,0
7858,0.9680510529674539,1.112927674163,1.2094039708538,0,0
7859,0.9680510529674539,1.131990764243,1.2094039708538,0,0
7860,0.971113278025952,1.150729300299,1.2094039708538,0,0
7861,0.971113278025952,1.204905539712,1.2094039708538,0,0
7862,0.971113278025952,1.257826530556,1.2094039708538,1,0
7863,0.9741765241437993,1.355189776743,1.2094039708538,1,0
7864,0.9741765241437993,1.444960441237,1.2094039708538,1,0
7865,0.9741765241437993,1.549350328302,1.2094039708538,1,0
7866,0.9772400425441397,1.632915569199,1.2094039708538,1,0
7867,0.9772400425441397,1.740198064672,1.2094039708538,1,0
7868,0.9772400425441397,1.829501568663,1.2094039708538,1,0
7869,0.9803045139332058,1.917417677423,1.2094039708538,1,0
7870,0.9803045139332058,2.006462034511,1.2094039708538,1,0
7871,0.9833700063816211,2.082370092461,1.2094039708538,1,0
7872,0.9833700063816211,2.143607830733,1.2094039708538,1,0
7873,0.9833700063816211,2.167607567497,1.2094039708538,1,0
7874,0.9864358391831526,2.187620193751,1.2094039708538,1,0
7875,0.9864358391831526,2.172105494475,1.2094039708538,1,0
7876,0.9864358391831526,2.118955829315,1.2094039708538,1,0
7877,0.9864358391831526,2.055409485617,1.2094039708538,1,0
7878,0.9864358391831526,1.979292667347,1.2094039708538,1,0
7879,0.9864358391831526,1.889582272742,1.2094039708538,1,0
7880,0.9864358391831526,1.767958643287,1.2094039708538,1,0
7881,0.9864358391831526,1.691005548576,1.2094039708538,1,0
7882,0.9864358391831526,1.59771497076,1.2094039708538,1,0
7883,0.9864358391831526,1.500839332343,1.2094039708538,1,0
7884,0.9895024888321635,1.471384727961,1.2094039708538,1,0
7885,0.9895024888321635,1.444659264633,1.2094039708538,1,0
7886,0.9895024888321635,1.457773697748,1.2094039708538,1,0
7887,0.9895024888321635,1.503093934876,1.2094039708538,1,0
7888,0.9925700914699002,1.558269784146,1.2094039708538,1,0
7889,0.9925700914699002,1.672634023028,1.2094039708538,1,0
7890,0.9925700914699002,1.747503312926,1.2094039708538,1,0
7891,0.9925700914699002,1.806640047063,1.2094039708538,1,0
7892,0.9925700914699002,1.730634242487,1.2094039708538,1,0
7893,0.9925700914699002,1.590910926904,1.2094039708538,1,0
7894,0.9925700914699002,1.42032948087,1.2094039708538,1,0
7895,0.9925700914699002,1.273195675754,1.2094039708538,1,0
7896,0.9925700914699002,1.154357309393,1.2094039708538,0,0
7897,0.9925700914699002,1.083269898659,1.2094039708538,0,0
7898,0.9956381025313764,1.052819175407,1.2094039708538,0,0
7899,0.9956381025313764,1.04854332359,1.2094039708538,0,0
7900,0.9956381025313764,1.038801711255,1.2094039708538,0,0
7901,0.9956381025313764,1.02444290514,1.2094039708538,0,0
7902,0.9956381025313764,1.015674640447,1.06346424457725,0,0
7903,0.9956381025313764,1.016824800752,1.06346424457725,0,0
7904,0.9956381025313764,1.020091744008,1.06346424457725,0,0
7905,0.9956381025313764,1.014939748767,1.06346424457725,0,0
7906,0.9956381025313764,1.018390727179,1.06346424457725,0,0
7907,0.9956381025313764,1.021581855877,1.06346424457725,0,0
7908,0.9956381025313764,1.02152290711,1.06346424457725,0,0
7909,0.9925700914699002,1.031647582625,1.06346424457725,0,0
7910,0.9925700914699002,1.027046305616,1.06346424457725,0,0
7911,0.9956381025313764,1.030081846378,1.06346424457725,0,0
7912,0.9956381025313764,1.028556157149,1.06346424457725,0,0
7913,0.9956381025313764,1.010401427866,1.06346424457725,0,0
7914,0.9956381025313764,0.996187707988,1.06346424457725,0,0
7915,0.9925700914699002,1.000448722616,1.2596803140944801,0,0
7916,0.9925700914699002,1.018710928178,1.2596803140944801,0,0
7917,0.9925700914699002,1.071895453516,1.2596803140944801,0,0
7918,0.9895024888321635,1.182331408393,1.2596803140944801,0,0
7919,0.9895024888321635,1.336041096555,1.2596803140944801,1,0
7920,0.9864358391831526,1.477904581109,1.2596803140944801,1,0
7921,0.9864358391831526,1.619831652473,1.2596803140944801,1,0
7922,0.9833700063816211,1.737008913584,1.2596803140944801,1,0
7923,0.9803045139332058,1.800744197071,1.2596803140944801,1,0
7924,0.9772400425441397,1.816547568857,1.2596803140944801,1,0
7925,0.9772400425441397,1.799095708556,1.2596803140944801,1,0
7926,0.9741765241437993,1.762583962562,1.2596803140944801,1,0
7927,0.9693658370559457,1.665371660836,1.2596803140944801,1,0
7928,0.971113278025952,1.558892500888,1.2596803140944801,1,0
7929,0.971113278025952,1.445332411464,1.2596803140944801,1,0
7930,0.9680510529674539,1.345216957504,1.2596803140944801,1,0
7931,0.9680510529674539,1.255343303102,1.2596803140944801,0,0
7932,0.9649894405445651,1.162130233349,1.2596803140944801,0,0
7933,0.9649894405445651,1.122512519755,1.2596803140944801,0,0
7934,0.9649894405445651,1.09912221697,1.2596803140944801,0,0
7935,0.9619283726866625,1.099254346037,1.2596803140944801,0,0
7936,0.9619283726866625,1.044008010938,1.2596803140944801,0,0
7937,0.9619283726866625,1.061430617464,1.2596803140944801,0,0
7938,0.958868325888109,1.035901792327,1.2596803140944801,0,0
7939,0.958868325888109,1.032445096473,1.2596803140944801,0,0
7940,0.958868325888109,1.056711091102,1.2596803140944801,0,0
7941,0.958868325888109,1.051446447053,1.2596803140944801,0,0
7942,0.958868325888109,1.052873853455,1.2596803140944801,0,0
7943,0.958868325888109,1.08593210232,1.2596803140944801,0,0
7944,0.958868325888109,1.10509652995,1.2596803140944801,0,0
7945,0.958868325888109,1.156372988595,1.2596803140944801,0,0
7946,0.958868325888109,1.227682384047,1.2596803140944801,0,0
7947,0.958868325888109,1.344297871078,1.2596803140944801,1,0
7948,0.9619283726866625,1.428116475077,1.2596803140944801,1,0
7949,0.9619283726866625,1.468742690076,1.2596803140944801,1,0
7950,0.9619283726866625,1.406242614257,1.2596803140944801,1,0
7951,0.9649894405445651,1.315832087119,1.2596803140944801,1,0
7952,0.9649894405445651,1.229843622236,1.06346424457725,1,0
7953,0.9649894405445651,1.188746799691,1.06346424457725,1,0
7954,0.9680510529674539,1.168773948787,1.06346424457725,1,0
7955,0.9680510529674539,1.155044187357,1.2094039708538,0,0
7956,0.9680510529674539,1.160774987311,1.2094039708538,0,0
7957,0.9680510529674539,1.17543907318,1.2094039708538,0,0
7958,0.9680510529674539,1.20050770514,1.2094039708538,0,0
7959,0.971113278025952,1.261259386222,1.2094039708538,1,0
7960,0.971113278025952,1.318180065386,1.2094039708538,1,0
7961,0.971113278025952,1.399504367247,1.2094039708538,1,0
7962,0.9741765241437993,1.463869852861,1.2094039708538,1,0
7963,0.9741765241437993,1.539329076739,1.2094039708538,1,0
7964,0.9741765241437993,1.601971745894,1.2094039708538,1,0
7965,0.9772400425441397,1.673525785437,1.2094039708538,1,0
7966,0.9772400425441397,1.743733224828,1.2094039708538,1,0
7967,0.9772400425441397,1.802006850302,1.2094039708538,1,0
7968,0.9803045139332058,1.84570829801,1.2094039708538,1,0
7969,0.9803045139332058,1.878954478507,1.2094039708538,1,0
7970,0.9833700063816211,1.902942859633,1.2094039708538,1,0
7971,0.9833700063816211,1.91096084454,1.2094039708538,1,0
7972,0.9833700063816211,1.899395238783,1.2094039708538,1,0
7973,0.9833700063816211,1.874466750301,1.2094039708538,1,0
7974,0.9833700063816211,1.815373809225,1.2094039708538,1,0
7975,0.9833700063816211,1.744390106325,1.2094039708538,1,0
7976,0.9833700063816211,1.680514094212,1.2094039708538,1,0
7977,0.9864358391831526,1.603309167425,1.2094039708538,1,0
7978,0.9864358391831526,1.543058875346,1.2094039708538,1,0
7979,0.9864358391831526,1.465993870514,1.2094039708538,1,0
7980,0.9864358391831526,1.423294420731,1.2094039708538,1,0
7981,0.9864358391831526,1.346571752277,1.2094039708538,1,0
7982,0.9895024888321635,1.333144886001,1.2094039708538,1,0
7983,0.9895024888321635,1.317994420714,1.2094039708538,1,0
7984,0.9895024888321635,1.334686956159,1.2094039708538,1,0
7985,0.9895024888321635,1.378311844132,1.2094039708538,1,0
7986,0.9895024888321635,1.423851804263,1.2094039708538,1,0
7987,0.9925700914699002,1.517595904918,1.2094039708538,1,0
7988,0.9925700914699002,1.599617969302,1.2094039708538,1,0
7989,0.9925700914699002,1.712034378881,1.2094039708538,1,0
7990,0.9925700914699002,1.794194503401,1.2094039708538,1,0
7991,0.9925700914699002,1.765786727505,1.2094039708538,1,0
7992,0.9925700914699002,1.600869208338,1.2094039708538,1,0
7993,0.9925700914699002,1.438055310715,1.2094039708538,1,0
7994,0.9925700914699002,1.30462147543,1.2094039708538,1,0
7995,0.9925700914699002,1.176078815111,1.2094039708538,0,0
7996,0.9925700914699002,1.094677835283,1.2094039708538,0,0
7997,0.9956381025313764,1.06965579254,1.2094039708538,0,0
7998,0.9956381025313764,1.055811935944,1.2094039708538,0,0
7999,0.9956381025313764,1.037256733246,1.2094039708538,0,0
8000,0.9956381025313764,1.023450274234,1.2094039708538,0,0
8001,0.9925700914699002,1.018290497814,1.06346424457725,0,0
8002,0.9956381025313764,1.022790335523,1.06346424457725,0,0
8003,0.9956381025313764,1.018087388355,1.06346424457725,0,0
8004,0.9956381025313764,1.015013877143,1.06346424457725,0,0
8005,0.9956381025313764,1.019043096417,1.06346424457725,0,0
8006,0.9956381025313764,1.021806414031,1.06346424457725,0,0
8007,0.9956381025313764,1.02500422329,1.06346424457725,0,0
8008,0.9956381025313764,1.036949800674,1.06346424457725,0,0
8009,0.9925700914699002,1.037392936008,1.06346424457725,0,0
8010,0.9925700914699002,1.033238373527,1.06346424457725,0,0
8011,0.9925700914699002,1.028894326619,1.06346424457725,0,0
8012,0.9956381025313764,1.012321253128,1.06346424457725,0,0
8013,0.9925700914699002,0.997859613407,1.2596803140944801,0,0
8014,0.9925700914699002,0.992482609222,1.2596803140944801,0,0
8015,0.9895024888321635,0.98963763565,1.2596803140944801,0,0
8016,0.9895024888321635,1.009027615268,1.2596803140944801,0,0
8017,0.9895024888321635,1.042513748507,1.2596803140944801,0,0
8018,0.9864358391831526,1.086253508153,1.2596803140944801,0,0
8019,0.9864358391831526,1.141149821371,1.2596803140944801,0,0
8020,0.9833700063816211,1.186822252311,1.2596803140944801,0,0
8021,0.9833700063816211,1.241845579001,1.2596803140944801,0,0
8022,0.9803045139332058,1.284694377722,1.2596803140944801,1,0
8023,0.9772400425441397,1.297314293067,1.2596803140944801,1,0
8024,0.9741765241437993,1.273164507391,1.2596803140944801,1,0
8025,0.9741765241437993,1.257651495767,1.2596803140944801,0,0
8026,0.971113278025952,1.201201225395,1.2596803140944801,0,0
8027,0.971113278025952,1.157655656894,1.2596803140944801,0,0
8028,0.9680510529674539,1.149683944059,1.2596803140944801,0,0
8029,0.9680510529674539,1.112175959205,1.2596803140944801,0,0
8030,0.9680510529674539,1.108755770512,1.2596803140944801,0,0
8031,0.9649894405445651,1.091356892694,1.2596803140944801,0,0
8032,0.9649894405445651,1.074635557891,1.2596803140944801,0,0
8033,0.9619283726866625,1.094291816573,1.2596803140944801,0,0
8034,0.9619283726866625,1.035719394404,1.2596803140944801,0,0
8035,0.9619283726866625,1.048086155944,1.2596803140944801,0,0
8036,0.958868325888109,1.038793937599,1.2596803140944801,0,0
8037,0.958868325888109,1.028388803866,1.2596803140944801,0,0
8038,0.958868325888109,1.049209716813,1.2596803140944801,0,0
8039,0.958868325888109,1.054756213798,1.2596803140944801,0,0
8040,0.958868325888109,1.054732793952,1.2596803140944801,0,0
8041,0.958868325888109,1.067183905092,1.2596803140944801,0,0
8042,0.958868325888109,1.109809805382,1.2596803140944801,0,0
8043,0.958868325888109,1.145459464952,1.2596803140944801,0,0
8044,0.958868325888109,1.205488851985,1.2596803140944801,0,0
8045,0.958868325888109,1.315180791697,1.2596803140944801,1,0
8046,0.9619283726866625,1.397242773228,1.2596803140944801,1,0
8047,0.9619283726866625,1.47288990139,1.2596803140944801,1,0
8048,0.9619283726866625,1.414348087322,1.2596803140944801,1,0
8049,0.9619283726866625,1.319691854028,1.2596803140944801,1,0
8050,0.9649894405445651,1.245541997463,1.06346424457725,1,0
8051,0.9649894405445651,1.186097869302,1.06346424457725,1,0
8052,0.9649894405445651,1.150005567768,1.06346424457725,1,0
8053,0.9680510529674539,1.134403675469,1.06346424457725,1,0
8054,0.9680510529674539,1.123489447229,1.2094039708538,0,0
8055,0.9680510529674539,1.14164527978,1.2094039708538,0,0
8056,0.9680510529674539,1.144702554199,1.2094039708538,0,0
8057,0.971113278025952,1.17503217668,1.2094039708538,0,0
8058,0.971113278025952,1.197801629408,1.2094039708538,0,0
8059,0.971113278025952,1.252698337412,1.2094039708538,1,0
8060,0.9741765241437993,1.313763972487,1.2094039708538,1,0
8061,0.9741765241437993,1.386301874874,1.2094039708538,1,0
8062,0.9741765241437993,1.465590012544,1.2094039708538,1,0
8063,0.9772400425441397,1.523148998186,1.2094039708538,1,0
8064,0.9772400425441397,1.600885044987,1.2094039708538,1,0
8065,0.9772400425441397,1.662753060496,1.2094039708538,1,0
8066,0.9803045139332058,1.718974141167,1.2094039708538,1,0
8067,0.9803045139332058,1.770593835747,1.2094039708538,1,0
8068,0.9803045139332058,1.799689705483,1.2094039708538,1,0
8069,0.9833700063816211,1.82709714107,1.2094039708538,1,0
8070,0.9833700063816211,1.839394114469,1.2094039708538,1,0
8071,0.9864358391831526,1.853797655058,1.2094039708538,1,0
8072,0.9864358391831526,1.854685312925,1.2094039708538,1,0
8073,0.9864358391831526,1.844249486868,1.2094039708538,1,0
8074,0.9833700063816211,1.80254167145,1.2094039708538,1,0
8075,0.9833700063816211,1.748505498842,1.2094039708538,1,0
8076,0.9864358391831526,1.668995835766,1.2094039708538,1,0
8077,0.9864358391831526,1.62784529346,1.2094039708538,1,0
8078,0.9864358391831526,1.530303087815,1.2094039708538,1,0
8079,0.9864358391831526,1.494091537845,1.2094039708538,1,0
8080,0.9864358391831526,1.418681111318,1.2094039708538,1,0
8081,0.9895024888321635,1.412662214192,1.2094039708538,1,0
8082,0.9895024888321635,1.392227857478,1.2094039708538,1,0
8083,0.9895024888321635,1.413655825505,1.2094039708538,1,0
8084,0.9895024888321635,1.452433838824,1.2094039708538,1,0
8085,0.9895024888321635,1.499712502159,1.2094039708538,1,0
8086,0.9895024888321635,1.605105968024,1.2094039708538,1,0
8087,0.9895024888321635,1.685949201156,1.2094039708538,1,0
8088,0.9895024888321635,1.788216224661,1.2094039708538,1,0
8089,0.9895024888321635,1.782621035617,1.2094039708538,1,0
8090,0.9925700914699002,1.652568711061,1.2094039708538,1,0
8091,0.9925700914699002,1.471866449764,1.2094039708538,1,0
8092,0.9925700914699002,1.318068455726,1.2094039708538,1,0
8093,0.9925700914699002,1.180684832302,1.2094039708538,0,0
8094,0.9956381025313764,1.112311578117,1.2094039708538,0,0
8095,0.9956381025313764,1.074381072917,1.2094039708538,0,0
8096,0.9956381025313764,1.048632645415,1.2094039708538,0,0
8097,0.9956381025313764,1.032290132609,1.2094039708538,0,0
8098,0.9956381025313764,1.040843558914,1.2094039708538,0,0
8099,0.9956381025313764,1.029484033822,1.2094039708538,0,0
8100,0.9956381025313764,1.015992899868,1.06346424457725,0,0
8101,0.9956381025313764,1.020085776766,1.06346424457725,0,0
8102,0.9956381025313764,1.017374891664,1.06346424457725,0,0
8103,0.9956381025313764,1.015098689453,1.06346424457725,0,0
8104,0.9956381025313764,1.022036615893,1.06346424457725,0,0
8105,0.9956381025313764,1.016067467117,1.06346424457725,0,0
8106,0.9956381025313764,1.024183955238,1.06346424457725,0,0
8107,0.9956381025313764,1.027733787053,1.06346424457725,0,0
8108,0.9925700914699002,1.033911420534,1.06346424457725,0,0
8109,0.9925700914699002,1.033110475901,1.06346424457725,0,0
8110,0.9956381025313764,1.016407616405,1.06346424457725,0,0
8111,0.9925700914699002,1.003578572135,1.06346424457725,0,0
8112,0.9925700914699002,1.012160146279,1.2596803140944801,0,0
8113,0.9895024888321635,1.045873159414,1.2596803140944801,0,0
8114,0.9895024888321635,1.084128365025,1.2596803140944801,0,0
8115,0.9895024888321635,1.173871710929,1.2596803140944801,0,0
8116,0.9864358391831526,1.267552764859,1.2596803140944801,1,0
8117,0.9864358391831526,1.357874893205,1.2596803140944801,1,0
8118,0.9864358391831526,1.44745738055,1.2596803140944801,1,0
8119,0.9833700063816211,1.512686287231,1.2596803140944801,1,0
8120,0.9803045139332058,1.540897260408,1.2596803140944801,1,0
8121,0.9772400425441397,1.519496787136,1.2596803140944801,1,0
8122,0.9772400425441397,1.479189234381,1.2596803140944801,1,0
8123,0.9741765241437993,1.415781558108,1.2596803140944801,1,0
8124,0.971113278025952,1.324062900066,1.2596803140944801,1,0
8125,0.971113278025952,1.229749023524,1.2596803140944801,0,0
8126,0.971113278025952,1.164904246108,1.2596803140944801,0,0
8127,0.9680510529674539,1.134439133142,1.2596803140944801,0,0
8128,0.9680510529674539,1.104263851306,1.2596803140944801,0,0
8129,0.9649894405445651,1.118690866002,1.2596803140944801,0,0
8130,0.9649894405445651,1.073281844805,1.2596803140944801,0,0
8131,0.9649894405445651,1.08570188775,1.2596803140944801,0,0
8132,0.9619283726866625,1.03799342361,1.2596803140944801,0,0
8133,0.9619283726866625,1.045711645325,1.2596803140944801,0,0
8134,0.9619283726866625,1.034755118576,1.2596803140944801,0,0
8135,0.958868325888109,1.025708442295,1.2596803140944801,0,0
8136,0.958868325888109,1.043538181482,1.2596803140944801,0,0
8137,0.958868325888109,1.040486653382,1.2596803140944801,0,0
8138,0.958868325888109,1.0370175282,1.2596803140944801,0,0
8139,0.958868325888109,1.053582869094,1.2596803140944801,0,0
8140,0.958868325888109,1.086396480481,1.2596803140944801,0,0
8141,0.958868325888109,1.108994274814,1.2596803140944801,0,0
8142,0.958868325888109,1.142743358932,1.2596803140944801,0,0
8143,0.958868325888109,1.220970831928,1.2596803140944801,0,0
8144,0.958868325888109,1.347645590553,1.2596803140944801,1,0
8145,0.958868325888109,1.436027900314,1.2596803140944801,1,0
8146,0.9619283726866625,1.446058243011,1.2596803140944801,1,0
8147,0.9619283726866625,1.38755240379,1.2596803140944801,1,0
8148,0.9649894405445651,1.307869699678,1.06346424457725,1,0
8149,0.9649894405445651,1.218907883312,1.06346424457725,1,0
8150,0.9649894405445651,1.178867589629,1.06346424457725,1,0
8151,0.9649894405445651,1.157121394927,1.06346424457725,1,0
8152,0.9680510529674539,1.139060341808,1.2094039708538,0,0
8153,0.9680510529674539,1.14037859067,1.2094039708538,0,0
8154,0.9680510529674539,1.147125591832,1.2094039708538,0,0
8155,0.9680510529674539,1.155365252431,1.2094039708538,0,0
8156,0.971113278025952,1.182152757605,1.2094039708538,0,0
8157,0.971113278025952,1.203086098963,1.2094039708538,0,0
8158,0.971113278025952,1.244150658561,1.2094039708538,1,0
8159,0.9741765241437993,1.2978799076,1.2094039708538,1,0
8160,0.9741765241437993,1.366416698407,1.2094039708538,1,0
8161,0.9772400425441397,1.431794943268,1.2094039708538,1,0
8162,0.9772400425441397,1.480227682259,1.2094039708538,1,0
8163,0.9772400425441397,1.536347057093,1.2094039708538,1,0
8164,0.9803045139332058,1.599453677181,1.2094039708538,1,0
8165,0.9803045139332058,1.653347473069,1.2094039708538,1,0
8166,0.9803045139332058,1.692640104001,1.2094039708538,1,0
8167,0.9833700063816211,1.735982016582,1.2094039708538,1,0
8168,0.9833700063816211,1.773177060494,1.2094039708538,1,0
8169,0.9833700063816211,1.78473259218,1.2094039708538,1,0
8170,0.9864358391831526,1.798588353111,1.2094039708538,1,0
8171,0.9864358391831526,1.809801114896,1.2094039708538,1,0
8172,0.9864358391831526,1.795981430553,1.2094039708538,1,0
8173,0.9864358391831526,1.78360534662,1.2094039708538,1,0
8174,0.9864358391831526,1.742373764536,1.2094039708538,1,0
8175,0.9864358391831526,1.689426794264,1.2094039708538,1,0
8176,0.9864358391831526,1.655763935088,1.2094039708538,1,0
8177,0.9864358391831526,1.572815537747,1.2094039708538,1,0
8178,0.9895024888321635,1.541321652214,1.2094039708538,1,0
8179,0.9895024888321635,1.491160881918,1.2094039708538,1,0
8180,0.9895024888321635,1.490816662009,1.2094039708538,1,0
8181,0.9895024888321635,1.480736855449,1.2094039708538,1,0
8182,0.9895024888321635,1.504422282078,1.2094039708538,1,0
8183,0.9925700914699002,1.558927438271,1.2094039708538,1,0
8184,0.9925700914699002,1.611496784842,1.2094039708538,1,0
8185,0.9925700914699002,1.712283310767,1.2094039708538,1,0
8186,0.9925700914699002,1.793505235638,1.2094039708538,1,0
8187,0.9925700914699002,1.821802977035,1.2094039708538,1,0
8188,0.9925700914699002,1.721524676884,1.2094039708538,1,0
8189,0.9925700914699002,1.553151217146,1.2094039708538,1,0
8190,0.9925700914699002,1.379736068303,1.2094039708538,1,0
8191,0.9925700914699002,1.233225415971,1.2094039708538,1,0
8192,0.9956381025313764,1.123161363572,1.2094039708538,0,0
8193,0.9956381025313764,1.077020142615,1.2094039708538,0,0
8194,0.9956381025313764,1.057696135303,1.2094039708538,0,0
8195,0.9956381025313764,1.047230693636,1.2094039708538,0,0
8196,0.9956381025313764,1.028433295517,1.2094039708538,0,0
8197,0.9956381025313764,1.018272218457,1.2094039708538,0,0
8198,0.9956381025313764,1.016131768051,1.06346424457725,0,0
8199,0.9956381025313764,1.019856862431,1.06346424457725,0,0
8200,0.9956381025313764,1.015737179906,1.06346424457725,0,0
8201,0.9956381025313764,1.014474341033,1.06346424457725,0,0
8202,0.9956381025313764,1.018243118172,1.06346424457725,0,0
8203,0.9956381025313764,1.018684745559,1.06346424457725,0,0
8204,0.9956381025313764,1.02225929944,1.06346424457725,0,0
8205,0.9956381025313764,1.035487733876,1.06346424457725,0,0
8206,0.9956381025313764,1.028734126789,1.06346424457725,0,0
8207,0.9925700914699002,1.038341840714,1.06346424457725,0,0
8208,0.9956381025313764,1.015095235831,1.06346424457725,0,0
8209,0.9956381025313764,1.005032008327,1.2596803140944801,0,0
8210,0.9925700914699002,0.992110726803,1.2596803140944801,0,0
8211,0.9925700914699002,1.001507669766,1.2596803140944801,0,0
8212,0.9925700914699002,1.030580027161,1.2596803140944801,0,0
8213,0.9925700914699002,1.105939798399,1.2596803140944801,0,0
8214,0.9895024888321635,1.225934868906,1.2596803140944801,0,0
8215,0.9895024888321635,1.398082360949,1.2596803140944801,1,0
8216,0.9864358391831526,1.540499072803,1.2596803140944801,1,0
8217,0.9864358391831526,1.68802996869,1.2596803140944801,1,0
8218,0.9833700063816211,1.799728868191,1.2596803140944801,1,0
8219,0.9803045139332058,1.869900493001,1.2596803140944801,1,0
8220,0.9772400425441397,1.879077582524,1.2596803140944801,1,0
8221,0.9741765241437993,1.852566486276,1.2596803140944801,1,0
8222,0.9741765241437993,1.816694489152,1.2596803140944801,1,0
8223,0.971113278025952,1.729196026903,1.2596803140944801,1,0
8224,0.971113278025952,1.618689547267,1.2596803140944801,1,0
8225,0.9680510529674539,1.477622052929,1.2596803140944801,1,0
8226,0.9680510529674539,1.385914383068,1.2596803140944801,1,0
8227,0.9649894405445651,1.280732826835,1.2596803140944801,1,0
8228,0.9649894405445651,1.190416381672,1.2596803140944801,0,0
8229,0.9649894405445651,1.13533404872,1.2596803140944801,0,0
8230,0.9619283726866625,1.103711833181,1.2596803140944801,0,0
8231,0.9619283726866625,1.079844065845,1.2596803140944801,0,0
8232,0.958868325888109,1.04932411187,1.2596803140944801,0,0
8233,0.958868325888109,1.062892485787,1.2596803140944801,0,0
8234,0.958868325888109,1.034146536092,1.2596803140944801,0,0
8235,0.958868325888109,1.047708377093,1.2596803140944801,0,0
8236,0.958868325888109,1.055750758011,1.2596803140944801,0,0
8237,0.958868325888109,1.052069824918,1.2596803140944801,0,0
8238,0.958868325888109,1.06182223682,1.2596803140944801,0,0
8239,0.958868325888109,1.107448586787,1.2596803140944801,0,0
8240,0.958868325888109,1.13723734535,1.2596803140944801,0,0
8241,0.958868325888109,1.196828926189,1.2596803140944801,0,0
8242,0.958868325888109,1.286228849522,1.2596803140944801,1,0
8243,0.958868325888109,1.387194875747,1.2596803140944801,1,0
8244,0.9619283726866625,1.452132667454,1.2596803140944801,1,0
8245,0.9619283726866625,1.433863358104,1.2596803140944801,1,0
8246,0.9619283726866625,1.3764316706,1.2596803140944801,1,0
8247,0.9649894405445651,1.275814772833,1.2596803140944801,1,0
8248,0.9649894405445651,1.202428923324,1.06346424457725,1,0
8249,0.9680510529674539,1.167250589621,1.06346424457725,1,0
8250,0.9680510529674539,1.151838010502,1.06346424457725,1,0
8251,0.9680510529674539,1.145933169299,1.2094039708538,0,0
8252,0.9680510529674539,1.166556336345,1.2094039708538,0,0
8253,0.9680510529674539,1.175570437849,1.2094039708538,0,0
8254,0.971113278025952,1.235127950382,1.2094039708538,1,0
8255,0.971113278025952,1.274759739728,1.2094039708538,1,0
8256,0.971113278025952,1.354534688862,1.2094039708538,1,0
8257,0.9741765241437993,1.459975389969,1.2094039708538,1,0
8258,0.9741765241437993,1.550080949439,1.2094039708538,1,0
8259,0.9741765241437993,1.649869330958,1.2094039708538,1,0
8260,0.9772400425441397,1.748973240681,1.2094039708538,1,0
8261,0.9772400425441397,1.858764130103,1.2094039708538,1,0
8262,0.9772400425441397,1.950355327599,1.2094039708538,1,0
8263,0.9803045139332058,2.019298595329,1.2094039708538,1,0
8264,0.9803045139332058,2.092456769061,1.2094039708538,1,0
8265,0.9833700063816211,2.143700669709,1.2094039708538,1,0
8266,0.9833700063816211,2.172346213712,1.2094039708538,1,0
8267,0.9833700063816211,2.160598282449,1.2094039708538,1,0
8268,0.9864358391831526,2.157688130401,1.2094039708538,1,0
8269,0.9833700063816211,2.100629476788,1.2094039708538,1,0
8270,0.9864358391831526,2.037802383656,1.2094039708538,1,0
8271,0.9864358391831526,1.969467766524,1.2094039708538,1,0
8272,0.9833700063816211,1.881592870801,1.2094039708538,1,0
8273,0.9864358391831526,1.790947629459,1.2094039708538,1,0
8274,0.9864358391831526,1.691680253619,1.2094039708538,1,0
8275,0.9864358391831526,1.599906009201,1.2094039708538,1,0
8276,0.9864358391831526,1.526126336688,1.2094039708538,1,0
8277,0.9895024888321635,1.439886541338,1.2094039708538,1,0
8278,0.9895024888321635,1.41430955307,1.2094039708538,1,0
8279,0.9895024888321635,1.391955951165,1.2094039708538,1,0
8280,0.9895024888321635,1.41355297313,1.2094039708538,1,0
8281,0.9895024888321635,1.452920122826,1.2094039708538,1,0
8282,0.9895024888321635,1.510376224719,1.2094039708538,1,0
8283,0.9925700914699002,1.610858874905,1.2094039708538,1,0
8284,0.9925700914699002,1.720554571334,1.2094039708538,1,0
8285,0.9925700914699002,1.799452245636,1.2094039708538,1,0
8286,0.9925700914699002,1.757410401808,1.2094039708538,1,0
8287,0.9925700914699002,1.592083412252,1.2094039708538,1,0
8288,0.9925700914699002,1.417555868324,1.2094039708538,1,0
8289,0.9925700914699002,1.269442171999,1.2094039708538,1,0
8290,0.9925700914699002,1.157877714487,1.2094039708538,0,0
8291,0.9956381025313764,1.091673317534,1.2094039708538,0,0
8292,0.9956381025313764,1.047999920722,1.2094039708538,0,0
8293,0.9956381025313764,1.038303371675,1.2094039708538,0,0
8294,0.9956381025313764,1.043214334044,1.2094039708538,0,0
8295,0.9987072027228251,1.029417331139,1.2094039708538,0,0
8296,0.9987072027228251,1.016568141376,1.06346424457725,0,0
8297,0.9987072027228251,1.021841630092,1.06346424457725,0,0
8298,0.9987072027228251,1.018168168316,1.06346424457725,0,0
8299,0.9987072027228251,1.016375581572,1.06346424457725,0,0
8300,0.9987072027228251,1.019738826076,1.06346424457725,0,0
8301,0.9956381025313764,1.020959682784,1.06346424457725,0,0
8302,0.9956381025313764,1.024953820656,1.06346424457725,0,0
8303,0.9956381025313764,1.036181110792,1.06346424457725,0,0
8304,0.9956381025313764,1.037856134508,1.06346424457725,0,0
8305,0.9956381025313764,1.039755665663,1.06346424457725,0,0
8306,0.9956381025313764,1.032405538576,1.06346424457725,0,0
8307,0.9956381025313764,1.029358971577,1.06346424457725,0,0
8308,0.9956381025313764,1.085812245691,1.2596803140944801,0,0
8309,0.9956381025313764,1.187903352345,1.2596803140944801,0,0
8310,0.9925700914699002,1.316043256356,1.2596803140944801,1,0
8311,0.9925700914699002,1.478955324586,1.2596803140944801,1,0
8312,0.9925700914699002,1.65521399582,1.2596803140944801,1,0
8313,0.9895024888321635,1.80612324748,1.2596803140944801,1,0
8314,0.9895024888321635,1.953246103379,1.2596803140944801,1,0
8315,0.9864358391831526,2.068872413131,1.2596803140944801,1,0
8316,0.9864358391831526,2.163890852842,1.2596803140944801,1,0
8317,0.9833700063816211,2.222501719681,1.2596803140944801,1,0
8318,0.9803045139332058,2.199559187686,1.2596803140944801,1,0
8319,0.9772400425441397,2.14067616463,1.2596803140944801,1,0
8320,0.9741765241437993,2.0432003898,1.2596803140944801,1,0
8321,0.9741765241437993,1.907222553461,1.2596803140944801,1,0
8322,0.971113278025952,1.771901908323,1.2596803140944801,1,0
8323,0.971113278025952,1.613352551232,1.2596803140944801,1,0
8324,0.9680510529674539,1.436884918777,1.2596803140944801,1,0
8325,0.9680510529674539,1.320341145306,1.2596803140944801,1,0
8326,0.9680510529674539,1.200785648644,1.2596803140944801,0,0
8327,0.9649894405445651,1.166288746507,1.2596803140944801,0,0
8328,0.9649894405445651,1.103013105012,1.2596803140944801,0,0
8329,0.9619283726866625,1.097075582494,1.2596803140944801,0,0
8330,0.9619283726866625,1.047892675193,1.2596803140944801,0,0
8331,0.9619283726866625,1.050210208816,1.2596803140944801,0,0
8332,0.9619283726866625,1.042594085779,1.2596803140944801,0,0
8333,0.958868325888109,1.029727960638,1.2596803140944801,0,0
8334,0.958868325888109,1.044777950191,1.2596803140944801,0,0
8335,0.958868325888109,1.049903084208,1.2596803140944801,0,0
8336,0.958868325888109,1.050754687823,1.2596803140944801,0,0
8337,0.958868325888109,1.053148654651,1.2596803140944801,0,0
8338,0.958868325888109,1.090758412443,1.2596803140944801,0,0
8339,0.958868325888109,1.118558332258,1.2596803140944801,0,0
8340,0.958868325888109,1.184354062488,1.2596803140944801,0,0
8341,0.9619283726866625,1.263323075073,1.2596803140944801,1,0
8342,0.9619283726866625,1.382279040979,1.2596803140944801,1,0
8343,0.9619283726866625,1.477493894395,1.2596803140944801,1,0
8344,0.9619283726866625,1.499178620238,1.2596803140944801,1,0
8345,0.9649894405445651,1.476172563767,1.2596803140944801,1,0
8346,0.9649894405445651,1.415339485468,1.2596803140944801,1,0
8347,0.9649894405445651,1.3595583286,1.06346424457725,1,0
8348,0.9680510529674539,1.329815074391,1.06346424457725,1,0
8349,0.9680510529674539,1.32983943287,1.06346424457725,1,0
8350,0.9680510529674539,1.353635475723,1.2094039708538,1,0
8351,0.9680510529674539,1.392303330824,1.2094039708538,1,0
8352,0.9680510529674539,1.44237959981,1.2094039708538,1,0
8353,0.971113278025952,1.523516738434,1.2094039708538,1,0
8354,0.971113278025952,1.612961973369,1.2094039708538,1,0
8355,0.971113278025952,1.721143933565,1.2094039708538,1,0
8356,0.9741765241437993,1.83030763735,1.2094039708538,1,0
8357,0.9741765241437993,1.900522209786,1.2094039708538,1,0
8358,0.9772400425441397,1.990465132042,1.2094039708538,1,0
8359,0.9772400425441397,2.080053200185,1.2094039708538,1,0
8360,0.9772400425441397,2.15109797563,1.2094039708538,1,0
8361,0.9803045139332058,2.230159710815,1.2094039708538,1,0
8362,0.9803045139332058,2.278526950963,1.2094039708538,1,0
8363,0.9803045139332058,2.329661349283,1.2094039708538,1,0
8364,0.9833700063816211,2.358670788179,1.2094039708538,1,0
8365,0.9833700063816211,2.374985729933,1.2094039708538,1,0
8366,0.9833700063816211,2.350646224949,1.2094039708538,1,0
8367,0.9864358391831526,2.33082965219,1.2094039708538,1,0
8368,0.9833700063816211,2.266604166504,1.2094039708538,1,0
8369,0.9864358391831526,2.185690929516,1.2094039708538,1,0
8370,0.9864358391831526,2.11073721866,1.2094039708538,1,0
8371,0.9864358391831526,2.027478278765,1.2094039708538,1,0
8372,0.9864358391831526,1.944858784423,1.2094039708538,1,0
8373,0.9864358391831526,1.827069342912,1.2094039708538,1,0
8374,0.9864358391831526,1.752839462459,1.2094039708538,1,0
8375,0.9895024888321635,1.667859411782,1.2094039708538,1,0
8376,0.9864358391831526,1.582188299833,1.2094039708538,1,0
8377,0.9895024888321635,1.551615784689,1.2094039708538,1,0
8378,0.9895024888321635,1.524986131573,1.2094039708538,1,0
8379,0.9895024888321635,1.52715070854,1.2094039708538,1,0
8380,0.9895024888321635,1.566899707318,1.2094039708538,1,0
8381,0.9925700914699002,1.62098064023,1.2094039708538,1,0
8382,0.9925700914699002,1.712629749159,1.2094039708538,1,0
8383,0.9925700914699002,1.79705291168,1.2094039708538,1,0
8384,0.9895024888321635,1.816761820962,1.2094039708538,1,0
8385,0.9925700914699002,1.709755255742,1.2094039708538,1,0
8386,0.9925700914699002,1.552373832842,1.2094039708538,1,0
8387,0.9925700914699002,1.388757123262,1.2094039708538,1,0
8388,0.9925700914699002,1.249230494559,1.2094039708538,1,0
8389,0.9956381025313764,1.139916499155,1.2094039708538,0,0
8390,0.9956381025313764,1.084931392325,1.2094039708538,0,0
8391,0.9956381025313764,1.065619072144,1.2094039708538,0,0
8392,0.9956381025313764,1.050589059204,1.2094039708538,0,0
8393,0.9987072027228251,1.031618778534,1.2094039708538,0,0
8394,0.9987072027228251,1.017821374411,1.2094039708538,0,0
8395,0.9987072027228251,1.020433027497,1.06346424457725,0,0
8396,0.9987072027228251,1.020055227143,1.06346424457725,0,0
8397,0.9987072027228251,1.014939748767,1.06346424457725,0,0
8398,0.9987072027228251,1.019143238552,1.06346424457725,0,0
8399,0.9987072027228251,1.018885872978,1.06346424457725,0,0
8400,0.9987072027228251,1.02681572617,1.06346424457725,0,0
8401,0.9987072027228251,1.03957388027,1.06346424457725,0,0
8402,0.9956381025313764,1.029886066026,1.06346424457725,0,0
8403,0.9956381025313764,1.050026632733,1.06346424457725,0,0
8404,0.9956381025313764,1.043858195604,1.06346424457725,0,0
8405,0.9956381025313764,1.052888280087,1.06346424457725,0,0
8406,0.9956381025313764,1.103838799214,1.06346424457725,1,0
8407,0.9956381025313764,1.229514271194,1.2596803140944801,0,0
8408,0.9956381025313764,1.380450699621,1.2596803140944801,1,0
8409,0.9925700914699002,1.563405392117,1.2596803140944801,1,0
8410,0.9925700914699002,1.740468518924,1.2596803140944801,1,0
8411,0.9925700914699002,1.948261761997,1.2596803140944801,1,0
8412,0.9895024888321635,2.09788976119,1.2596803140944801,1,0
8413,0.9895024888321635,2.256505843411,1.2596803140944801,1,0
8414,0.9864358391831526,2.366858556895,1.2596803140944801,1,0
8415,0.9833700063816211,2.438255603405,1.2596803140944801,1,0
8416,0.9803045139332058,2.425771788122,1.2596803140944801,1,0
8417,0.9772400425441397,2.361221886343,1.2596803140944801,1,0
8418,0.9772400425441397,2.249846809928,1.2596803140944801,1,0
8419,0.9741765241437993,2.120676559613,1.2596803140944801,1,0
8420,0.971113278025952,1.9337253091,1.2596803140944801,1,0
8421,0.971113278025952,1.745299560764,1.2596803140944801,1,0
8422,0.9680510529674539,1.533425321353,1.2596803140944801,1,0
8423,0.9680510529674539,1.375255364994,1.2596803140944801,1,0
8424,0.9680510529674539,1.245024212835,1.2596803140944801,0,0
8425,0.9649894405445651,1.154736833918,1.2596803140944801,0,0
8426,0.9649894405445651,1.117897997868,1.2596803140944801,0,0
8427,0.9619283726866625,1.090933086119,1.2596803140944801,0,0
8428,0.9619283726866625,1.044336408795,1.2596803140944801,0,0
8429,0.9619283726866625,1.043537753868,1.2596803140944801,0,0
8430,0.958868325888109,1.037285790419,1.2596803140944801,0,0
8431,0.958868325888109,1.026767843465,1.2596803140944801,0,0
8432,0.958868325888109,1.046417721953,1.2596803140944801,0,0
8433,0.958868325888109,1.042415117652,1.2596803140944801,0,0
8434,0.958868325888109,1.031381161956,1.2596803140944801,0,0
8435,0.958868325888109,1.062403644539,1.2596803140944801,0,0
8436,0.958868325888109,1.084004067589,1.2596803140944801,0,0
8437,0.958868325888109,1.111299036065,1.2596803140944801,0,0
8438,0.958868325888109,1.136313402266,1.2596803140944801,0,0
8439,0.958868325888109,1.186993474529,1.2596803140944801,0,0
8440,0.9619283726866625,1.315387754735,1.2596803140944801,1,0
8441,0.9619283726866625,1.437867973332,1.2596803140944801,1,0
8442,0.9619283726866625,1.499032910409,1.2596803140944801,1,0
8443,0.9649894405445651,1.479964790524,1.2596803140944801,1,0
8444,0.9649894405445651,1.425126949061,1.2596803140944801,1,0
8445,0.9649894405445651,1.379630023654,1.2596803140944801,1,0
8446,0.9649894405445651,1.342218377091,1.06346424457725,1,0
8447,0.9680510529674539,1.337779078563,1.06346424457725,1,0
8448,0.9680510529674539,1.366931063183,1.2094039708538,1,0
8449,0.9680510529674539,1.405239416641,1.2094039708538,1,0
8450,0.9680510529674539,1.477561719141,1.2094039708538,1,0
8451,0.9680510529674539,1.550152005719,1.2094039708538,1,0
8452,0.971113278025952,1.66368379584,1.2094039708538,1,0
8453,0.971113278025952,1.788925786994,1.2094039708538,1,0
8454,0.9741765241437993,1.899324247106,1.2094039708538,1,0
8455,0.9741765241437993,1.990250507451,1.2094039708538,1,0
8456,0.9741765241437993,2.087661661664,1.2094039708538,1,0
8457,0.9772400425441397,2.185586349361,1.2094039708538,1,0
8458,0.9772400425441397,2.264337039177,1.2094039708538,1,0
8459,0.9803045139332058,2.339179322752,1.2094039708538,1,0
8460,0.9803045139332058,2.397352289547,1.2094039708538,1,0
8461,0.9803045139332058,2.437109929575,1.2094039708538,1,0
8462,0.9833700063816211,2.46810243573,1.2094039708538,1,0
8463,0.9833700063816211,2.457730680317,1.2094039708538,1,0
8464,0.9864358391831526,2.44981463011,1.2094039708538,1,0
8465,0.9864358391831526,2.421773306086,1.2094039708538,1,0
8466,0.9864358391831526,2.394241046599,1.2094039708538,1,0
8467,0.9864358391831526,2.327209650177,1.2094039708538,1,0
8468,0.9864358391831526,2.236561379638,1.2094039708538,1,0
8469,0.9864358391831526,2.135941188181,1.2094039708538,1,0
8470,0.9864358391831526,2.052787009017,1.2094039708538,1,0
8471,0.9864358391831526,1.933306352668,1.2094039708538,1,0
8472,0.9864358391831526,1.840776008095,1.2094039708538,1,0
8473,0.9864358391831526,1.701587629621,1.2094039708538,1,0
8474,0.9895024888321635,1.653078271687,1.2094039708538,1,0
8475,0.9895024888321635,1.56542970893,1.2094039708538,1,0
8476,0.9895024888321635,1.556763560967,1.2094039708538,1,0
8477,0.9895024888321635,1.539111272874,1.2094039708538,1,0
8478,0.9925700914699002,1.573946778495,1.2094039708538,1,0
8479,0.9895024888321635,1.624770827044,1.2094039708538,1,0
8480,0.9925700914699002,1.697852182025,1.2094039708538,1,0
8481,0.9925700914699002,1.799361559616,1.2094039708538,1,0
8482,0.9925700914699002,1.832014734335,1.2094039708538,1,0
8483,0.9925700914699002,1.733570395423,1.2094039708538,1,0
8484,0.9925700914699002,1.577912038668,1.2094039708538,1,0
8485,0.9925700914699002,1.411831111398,1.2094039708538,1,0
8486,0.9925700914699002,1.261227679628,1.2094039708538,1,0
8487,0.9925700914699002,1.142790113728,1.2094039708538,0,0
8488,0.9956381025313764,1.074569910697,1.2094039708538,0,0
8489,0.9956381025313764,1.058574965955,1.2094039708538,0,0
8490,0.9956381025313764,1.047841445508,1.2094039708538,0,0
8491,0.9956381025313764,1.035783565802,1.2094039708538,0,0
8492,0.9987072027228251,1.025023364413,1.2094039708538,0,0
8493,0.9956381025313764,1.015840257628,1.06346424457725,0,0
8494,0.9987072027228251,1.018688866729,1.06346424457725,0,0
8495,0.9987072027228251,1.016805129829,1.06346424457725,0,0
8496,0.9987072027228251,1.014532378223,1.06346424457725,0,0
8497,0.9987072027228251,1.018815480538,1.06346424457725,0,0
8498,0.9987072027228251,1.016067467117,1.06346424457725,0,0
8499,0.9956381025313764,1.024040434353,1.06346424457725,0,0
8500,0.9956381025313764,1.030663752861,1.06346424457725,0,0
8501,0.9956381025313764,1.024790595334,1.06346424457725,0,0
8502,0.9956381025313764,1.033674093496,1.06346424457725,0,0
8503,0.9956381025313764,1.019413230062,1.06346424457725,0,0
8504,0.9956381025313764,1.008923767475,1.06346424457725,0,0
8505,0.9956381025313764,1.047740397758,1.2596803140944801,0,0
8506,0.9956381025313764,1.137327702165,1.2596803140944801,0,0
8507,0.9925700914699002,1.258369348772,1.2596803140944801,0,0
8508,0.9925700914699002,1.448475762241,1.2596803140944801,1,0
8509,0.9895024888321635,1.643077525716,1.2596803140944801,1,0
8510,0.9895024888321635,1.844377017003,1.2596803140944801,1,0
8511,0.9895024888321635,2.020710297054,1.2596803140944801,1,0
8512,0.9864358391831526,2.167992821399,1.2596803140944801,1,0
8513,0.9864358391831526,2.297082604444,1.2596803140944801,1,0
8514,0.9833700063816211,2.37677606201,1.2596803140944801,1,0
8515,0.9803045139332058,2.410201694363,1.2596803140944801,1,0
8516,0.9754868836417785,2.349710783962,1.2596803140944801,1,0
8517,0.9741765241437993,2.254754685633,1.2596803140944801,1,0
8518,0.9741765241437993,2.116953835103,1.2596803140944801,1,0
8519,0.971113278025952,1.968804285481,1.2596803140944801,1,0
8520,0.971113278025952,1.796645935597,1.2596803140944801,1,0
8521,0.9680510529674539,1.602474672439,1.2596803140944801,1,0
8522,0.9680510529674539,1.464812524458,1.2596803140944801,1,0
8523,0.9649894405445651,1.285671900463,1.2596803140944801,1,0
8524,0.9649894405445651,1.197945712074,1.2596803140944801,0,0
8525,0.9619283726866625,1.122613559441,1.2596803140944801,0,0
8526,0.9619283726866625,1.108751175829,1.2596803140944801,0,0
8527,0.9619283726866625,1.054676315863,1.2596803140944801,0,0
8528,0.9619283726866625,1.057236450849,1.2596803140944801,0,0
8529,0.958868325888109,1.041058383762,1.2596803140944801,0,0
8530,0.958868325888109,1.029491909915,1.2596803140944801,0,0
8531,0.958868325888109,1.052422962017,1.2596803140944801,0,0
8532,0.958868325888109,1.047053083304,1.2596803140944801,0,0
8533,0.958868325888109,1.037766115221,1.2596803140944801,0,0
8534,0.958868325888109,1.073615039282,1.2596803140944801,0,0
8535,0.958868325888109,1.096674004574,1.2596803140944801,0,0
8536,0.958868325888109,1.137800063421,1.2596803140944801,0,0
8537,0.958868325888109,1.190299725245,1.2596803140944801,0,0
8538,0.9619283726866625,1.287569362674,1.2596803140944801,1,0
8539,0.9649894405445651,1.409806767947,1.2596803140944801,1,0
8540,0.9649894405445651,1.47324879804,1.2596803140944801,1,0
8541,0.9649894405445651,1.499947080032,1.2596803140944801,1,0
8542,0.9649894405445651,1.444045738236,1.2596803140944801,1,0
8543,0.9680510529674539,1.397329792964,1.2596803140944801,1,0
8544,0.9680510529674539,1.357713362086,1.06346424457725,1,0
8545,0.9680510529674539,1.349038366238,1.06346424457725,1,0
8546,0.9680510529674539,1.38014021508,1.06346424457725,1,0
8547,0.9680510529674539,1.408902278917,1.2094039708538,1,0
8548,0.971113278025952,1.510283876033,1.2094039708538,1,0
8549,0.9803045139332058,1.652682454477,1.2094039708538,1,0
8550,0.9803045139332058,1.829492021489,1.2094039708538,1,0
8551,0.9803045139332058,2.044114962666,1.2094039708538,1,0
8552,0.9833700063816211,2.284239928834,1.2094039708538,1,0
8553,0.9833700063816211,2.536389052433,1.2094039708538,1,0
8554,0.9833700063816211,2.843646886932,1.2094039708538,1,0
8555,0.9864358391831526,3.176015374082,1.2094039708538,1,0
8556,0.9864358391831526,3.494734469414,1.2094039708538,1,0
8557,0.9864358391831526,3.798938998067,1.2094039708538,1,0
8558,0.9864358391831526,4.072287713283,1.2094039708538,1,0
8559,0.9864358391831526,4.325069149814,1.2094039708538,1,0
8560,0.9864358391831526,4.498347842994,1.2094039708538,1,0
8561,0.9864358391831526,4.629811418035,1.2094039708538,1,0
8562,0.9864358391831526,4.686158197591,1.2094039708538,1,0
8563,0.9864358391831526,4.689701475227,1.2094039708538,1,0
8564,0.9877375537119762,4.629912670872,1.2094039708538,1,0
8565,0.9895024888321635,4.524485234695,1.2094039708538,1,0
8566,0.9895024888321635,4.369437131945,1.2094039708538,1,0
8567,0.9895024888321635,4.175469143406,1.2094039708538,1,0
8568,0.9908022973835355,3.95534384081,1.2094039708538,1,0
8569,0.9925700914699002,3.727899961215,1.2094039708538,1,0
8570,0.9925700914699002,3.536095206685,1.2094039708538,1,0
8571,0.9925700914699002,3.317161736549,1.2094039708538,1,0
8572,0.9925700914699002,3.089165200296,1.2094039708538,1,0
8573,0.9925700914699002,2.891580782721,1.2094039708538,1,0
8574,0.9925700914699002,2.691217053671,1.2094039708538,1,0
8575,0.9925700914699002,2.572209853052,1.2094039708538,1,0
8576,0.9925700914699002,2.393113494896,1.2094039708538,1,0
8577,0.9956381025313764,2.142525653851,1.2094039708538,1,0
8578,0.9956381025313764,1.882298892265,1.2094039708538,1,0
