dataset,channel,split,method,span,policy,threshold,tp,fp,fn,tn,events,hits,delay_sum,alerts,hit_alerts,auroc,ap
SMAP,A-1,development,zmax,1,cal995,11.559493994712803,1,71,84,8420,1,1,24,65,1,0.4874697776884868,0.009915433643455325
SMAP,A-1,development,zmax,1,dynamic,29.88747278894263,0,6,85,8485,1,0,0,6,0,0.4874697776884868,0.009915433643455325
SMAP,A-1,development,zmax,16,cal995,5.799472621741222,1,70,84,8421,1,1,0,22,1,0.6903046131890515,0.017051207191229243
SMAP,A-1,development,zmax,16,dynamic,8.85683437959983,0,2,85,8489,1,0,0,1,0,0.6903046131890515,0.017051207191229243
SMAP,A-1,development,zmax,64,cal995,2.673973067229529,10,218,75,8273,1,1,0,19,2,0.8467553880579439,0.03883196663052946
SMAP,A-1,development,zmax,64,dynamic,3.770345559352368,0,8,85,8483,1,0,0,3,0,0.8467553880579439,0.03883196663052946
SMAP,A-1,development,ztarget,1,cal995,1e-06,85,8491,0,0,1,1,0,1,1,0.5058823529411764,0.021559482001755927
SMAP,A-1,development,ztarget,1,dynamic,0.05516777272501236,1,0,84,8491,1,1,60,1,1,0.5058823529411764,0.021559482001755927
SMAP,A-1,development,ztarget,16,cal995,1e-06,85,8491,0,0,1,1,0,1,1,0.4864042896631035,0.3011139157155401
SMAP,A-1,development,ztarget,16,dynamic,0.060509322658945264,11,0,74,8491,1,1,60,1,1,0.4864042896631035,0.3011139157155401
SMAP,A-1,development,ztarget,64,cal995,1e-06,85,8491,0,0,1,1,0,1,1,0.4864042896631035,0.30111391571554
SMAP,A-1,development,ztarget,64,dynamic,0.03213142134868749,22,0,63,8491,1,1,60,1,1,0.4864042896631035,0.30111391571554
SMAP,A-1,development,pca,1,cal995,1.2086152756214137,2,62,83,8429,1,1,64,61,2,0.48737209640657586,0.016878845559757653
SMAP,A-1,development,pca,1,dynamic,2.0635766232096238,0,5,85,8486,1,0,0,5,0,0.48737209640657586,0.016878845559757653
SMAP,A-1,development,pca,16,cal995,0.24457624520017754,6,143,79,8348,1,1,73,36,1,0.400850727760189,0.01929893787139187
SMAP,A-1,development,pca,16,dynamic,0.5661010938952145,0,2,85,8489,1,0,0,1,0,0.400850727760189,0.01929893787139187
SMAP,A-1,development,pca,64,cal995,0.09160025517729793,12,465,73,8026,1,1,73,38,1,0.46310210811447416,0.017579510160896407
SMAP,A-1,development,pca,64,dynamic,0.16660336962059405,0,15,85,8476,1,0,0,5,0,0.46310210811447416,0.017579510160896407
SMAP,A-1,development,iforest,1,cal995,0.7548464408423948,0,24,85,8467,1,0,0,23,0,0.4906946455416461,0.010661586499282288
SMAP,A-1,development,iforest,1,dynamic,0.7919200294275197,0,15,85,8476,1,0,0,15,0,0.4906946455416461,0.010661586499282288
SMAP,A-1,development,iforest,16,cal995,0.5378059747212955,4,51,81,8440,1,1,74,29,1,0.4995420756926019,0.015687652303566835
SMAP,A-1,development,iforest,16,dynamic,0.5804314392772321,0,3,85,8488,1,0,0,2,0,0.4995420756926019,0.015687652303566835
SMAP,A-1,development,iforest,64,cal995,0.4519672898748047,2,143,83,8348,1,1,76,27,1,0.41959306393620927,0.01002830042697949
SMAP,A-1,development,iforest,64,dynamic,0.4683133567784159,0,20,85,8471,1,0,0,5,0,0.41959306393620927,0.01002830042697949
SMAP,A-1,development,subsequence_knn,1,cal995,1e-06,85,8491,0,0,1,1,0,1,1,0.6447622742419309,0.12188597453906937
SMAP,A-1,development,subsequence_knn,1,dynamic,0.05640558545501737,25,39,60,8452,1,1,60,1,1,0.6447622742419309,0.12188597453906937
SMAP,A-1,development,subsequence_knn,16,cal995,1e-06,85,8491,0,0,1,1,0,1,1,0.4849466909599784,0.071554964064856
SMAP,A-1,development,subsequence_knn,16,dynamic,0.16310760012965833,17,42,68,8449,1,1,68,1,1,0.4849466909599784,0.071554964064856
SMAP,A-1,development,subsequence_knn,64,cal995,1e-06,85,8491,0,0,1,1,0,1,1,0.4837495756752825,0.0464221857115666
SMAP,A-1,development,subsequence_knn,64,dynamic,0.18792908854752524,0,24,85,8467,1,0,0,1,0,0.4837495756752825,0.0464221857115666
SMAP,A-1,development,gru_target,1,cal995,4.451721906661987e-06,85,8491,0,0,1,1,0,1,1,0.6461859269676544,0.30112044817927175
SMAP,A-1,development,gru_target,1,dynamic,0.05515422167657604,1,0,84,8491,1,1,60,1,1,0.6461859269676544,0.30112044817927175
SMAP,A-1,development,gru_target,16,cal995,4.451721906661987e-06,85,8491,0,0,1,1,0,1,1,0.6345888726471627,0.30111391571554
SMAP,A-1,development,gru_target,16,dynamic,0.06477137642325292,11,0,74,8491,1,1,60,1,1,0.6345888726471627,0.30111391571554
SMAP,A-1,development,gru_target,64,cal995,4.451721906661987e-06,85,8491,0,0,1,1,0,1,1,0.4864042896631035,0.30111391571554
SMAP,A-1,development,gru_target,64,dynamic,0.033120118178793956,22,0,63,8491,1,1,60,1,1,0.4864042896631035,0.30111391571554
SMAP,A-1,development,gru_context,1,cal995,0.023968553468584928,9,145,76,8346,1,1,25,67,4,0.503657852258793,0.0385824428159738
SMAP,A-1,development,gru_context,1,dynamic,0.17965130751165095,1,0,84,8491,1,1,60,1,1,0.503657852258793,0.0385824428159738
SMAP,A-1,development,gru_context,16,cal995,0.010943512941639382,30,382,55,8109,1,1,0,36,2,0.8121956119628395,0.3003026722337372
SMAP,A-1,development,gru_context,16,dynamic,0.08381796267061281,11,0,74,8491,1,1,60,1,1,0.8121956119628395,0.3003026722337372
SMAP,A-1,development,gru_context,64,cal995,0.004273191347545335,71,1803,14,6688,1,1,0,51,2,0.8846945208421374,0.323804078909237
SMAP,A-1,development,gru_context,64,dynamic,0.04919595968605773,21,0,64,8491,1,1,60,1,1,0.8846945208421374,0.323804078909237
SMAP,A-7,development,zmax,1,cal995,3.343856889009475,0,8,2401,6158,1,0,0,2,0,0.42897339915266686,0.2500149596748218
SMAP,A-7,development,zmax,1,dynamic,3.602019276261317,0,2,2401,6164,1,0,0,1,0,0.42897339915266686,0.2500149596748218
SMAP,A-7,development,zmax,16,cal995,2.3126705860631227,0,33,2401,6133,1,0,0,4,0,0.33617121906849545,0.2051492847803488
SMAP,A-7,development,zmax,16,dynamic,3.432709689149529,0,4,2401,6162,1,0,0,1,0,0.33617121906849545,0.2051492847803488
SMAP,A-7,development,zmax,64,cal995,1.495756084391911,0,54,2401,6112,1,0,0,4,0,0.1348098958118732,0.16591368330565515
SMAP,A-7,development,zmax,64,dynamic,1.9017253458246555,0,5,2401,6161,1,0,0,1,0,0.1348098958118732,0.16591368330565515
SMAP,A-7,development,ztarget,1,cal995,3.343856889009475,0,6,2401,6160,1,0,0,1,0,0.4289743110335015,0.25001548680107455
SMAP,A-7,development,ztarget,1,dynamic,3.23522268451541,0,6,2401,6160,1,0,0,1,0,0.4289743110335015,0.25001548680107455
SMAP,A-7,development,ztarget,16,cal995,2.312289848420137,0,24,2401,6142,1,0,0,3,0,0.3381173754097216,0.20577538299118675
SMAP,A-7,development,ztarget,16,dynamic,2.2418566749354545,0,27,2401,6139,1,0,0,3,0,0.3381173754097216,0.20577538299118675
SMAP,A-7,development,ztarget,64,cal995,1.495756084391911,0,31,2401,6135,1,0,0,3,0,0.13717126189312134,0.16640377754578506
SMAP,A-7,development,ztarget,64,dynamic,1.6445331832305472,0,6,2401,6160,1,0,0,1,0,0.13717126189312134,0.16640377754578506
SMAP,A-7,development,pca,1,cal995,0.0014870988018810744,0,8,2401,6158,1,0,0,2,0,0.23908897430698073,0.20368070048198955
SMAP,A-7,development,pca,1,dynamic,0.4019073650748766,0,2,2401,6164,1,0,0,1,0,0.23908897430698073,0.20368070048198955
SMAP,A-7,development,pca,16,cal995,0.0008779861297770349,0,88,2401,6078,1,0,0,4,0,0.011241531835516143,0.155593215851915
SMAP,A-7,development,pca,16,dynamic,0.6047390509066377,0,12,2401,6154,1,0,0,1,0,0.011241531835516143,0.155593215851915
SMAP,A-7,development,pca,64,cal995,0.000410526156103343,0,324,2401,5842,1,0,0,5,0,0.011106235738352612,0.1555749835539981
SMAP,A-7,development,pca,64,dynamic,0.3236491944220895,0,22,2401,6144,1,0,0,1,0,0.011106235738352612,0.1555749835539981
SMAP,A-7,development,iforest,1,cal995,0.7334345969155448,0,2,2401,6164,1,0,0,1,0,0.43517651919009315,0.2520114139312193
SMAP,A-7,development,iforest,1,dynamic,0.7301154916507664,0,18,2401,6148,1,0,0,4,0,0.43517651919009315,0.2520114139312193
SMAP,A-7,development,iforest,16,cal995,0.6205874984062543,0,26,2401,6140,1,0,0,3,0,0.2242183931632984,0.1804311341766718
SMAP,A-7,development,iforest,16,dynamic,0.6211626506010632,0,26,2401,6140,1,0,0,3,0,0.2242183931632984,0.1804311341766718
SMAP,A-7,development,iforest,64,cal995,0.5090154979532664,0,71,2401,6095,1,0,0,7,0,0.09435683558707496,0.16393079941937796
SMAP,A-7,development,iforest,64,dynamic,0.5442149543398561,0,5,2401,6161,1,0,0,1,0,0.09435683558707496,0.16393079941937796
SMAP,A-7,development,subsequence_knn,1,cal995,1.212060061097145,0,6,2401,6160,1,0,0,5,0,0.9421200864652162,0.7826174444965178
SMAP,A-7,development,subsequence_knn,1,dynamic,3.275898369188565,0,0,2401,6166,1,0,0,0,0,0.9421200864652162,0.7826174444965178
SMAP,A-7,development,subsequence_knn,16,cal995,1.1359140071739808,106,7,2295,6159,1,1,2175,4,3,0.9543051110042673,0.8498405968260301
SMAP,A-7,development,subsequence_knn,16,dynamic,3.176587815030022,0,0,2401,6166,1,0,0,0,0,0.9543051110042673,0.8498405968260301
SMAP,A-7,development,subsequence_knn,64,cal995,0.9198235074909659,2264,285,137,5881,1,1,137,12,1,0.966327550567845,0.9122496886749634
SMAP,A-7,development,subsequence_knn,64,dynamic,3.0789216260051746,0,0,2401,6166,1,0,0,0,0,0.966327550567845,0.9122496886749634
SMAP,A-7,development,gru_target,1,cal995,1.2936639446020126,3,324,2398,5842,1,1,2,270,3,0.6833611333152219,0.3744689880122604
SMAP,A-7,development,gru_target,1,dynamic,2.511532541993173,0,3,2401,6163,1,0,0,3,0,0.6833611333152219,0.3744689880122604
SMAP,A-7,development,gru_target,16,cal995,0.7780745456574462,1,111,2400,6055,1,1,2263,24,1,0.6960057457949123,0.44640495164793015
SMAP,A-7,development,gru_target,16,dynamic,1.101583004059471,0,7,2401,6159,1,0,0,1,0,0.6960057457949123,0.44640495164793015
SMAP,A-7,development,gru_target,64,cal995,0.40633098627240866,1663,1849,738,4317,1,1,81,128,31,0.7698401290520777,0.46977503606570026
SMAP,A-7,development,gru_target,64,dynamic,0.9852656203623025,0,4,2401,6162,1,0,0,1,0,0.7698401290520777,0.46977503606570026
SMAP,A-7,development,gru_context,1,cal995,1.455211858153343,2,257,2399,5909,1,1,16,212,2,0.5571643910398995,0.28788928763845995
SMAP,A-7,development,gru_context,1,dynamic,2.5494626174175257,0,3,2401,6163,1,0,0,3,0,0.5571643910398995,0.28788928763845995
SMAP,A-7,development,gru_context,16,cal995,0.9122595268505305,0,63,2401,6103,1,0,0,12,0,0.43760269635732646,0.2454538072664794
SMAP,A-7,development,gru_context,16,dynamic,1.1460986346396478,0,8,2401,6158,1,0,0,1,0,0.43760269635732646,0.2454538072664794
SMAP,A-7,development,gru_context,64,cal995,0.46820095962614267,171,1236,2230,4930,1,1,2156,89,4,0.376120448245494,0.21503533119478796
SMAP,A-7,development,gru_context,64,dynamic,1.000535732999713,0,4,2401,6162,1,0,0,1,0,0.376120448245494,0.21503533119478796
SMAP,D-11,development,zmax,1,cal995,7.121047019958496,0,25,61,7281,1,0,0,20,0,0.28857933968487615,0.008714933043737497
SMAP,D-11,development,zmax,1,dynamic,13.403999559177292,0,1,61,7305,1,0,0,1,0,0.28857933968487615,0.008714933043737497
SMAP,D-11,development,zmax,16,cal995,7.121047019950739,0,0,61,7306,1,0,0,0,0,0.270278639160268,0.006522195659701059
SMAP,D-11,development,zmax,16,dynamic,36.60927430448986,0,0,61,7306,1,0,0,0,0,0.270278639160268,0.006522195659701059
SMAP,D-11,development,zmax,64,cal995,7.119413165361169,0,0,61,7306,1,0,0,0,0,0.2326518065098078,0.0050582823398612415
SMAP,D-11,development,zmax,64,dynamic,36.31289202357286,0,0,61,7306,1,0,0,0,0,0.2326518065098078,0.0050582823398612415
SMAP,D-11,development,ztarget,1,cal995,7.121047019958496,0,0,61,7306,1,0,0,0,0,0.29020611848334843,0.008749858244986307
SMAP,D-11,development,ztarget,1,dynamic,36.8262962044358,0,0,61,7306,1,0,0,0,0,0.29020611848334843,0.008749858244986307
SMAP,D-11,development,ztarget,16,cal995,7.121047019950739,0,0,61,7306,1,0,0,0,0,0.27290841123172954,0.006569256733382498
SMAP,D-11,development,ztarget,16,dynamic,36.75749418216866,0,0,61,7306,1,0,0,0,0,0.27290841123172954,0.006569256733382498
SMAP,D-11,development,ztarget,64,cal995,7.119413165361169,0,0,61,7306,1,0,0,0,0,0.2417191349575691,0.005158949936336147
SMAP,D-11,development,ztarget,64,dynamic,36.54291801482603,0,0,61,7306,1,0,0,0,0,0.2417191349575691,0.005158949936336147
SMAP,D-11,development,pca,1,cal995,0.000459470582427457,0,109,61,7197,1,0,0,22,0,0.28311336292200884,0.00860153464725285
SMAP,D-11,development,pca,1,dynamic,0.3434562485405491,0,5,61,7301,1,0,0,3,0,0.28311336292200884,0.00860153464725285
SMAP,D-11,development,pca,16,cal995,0.00045947058242637727,0,352,61,6954,1,0,0,1,0,0.2519756948028344,0.006360401666439157
SMAP,D-11,development,pca,16,dynamic,0.4962133878193447,0,17,61,7289,1,0,0,3,0,0.2519756948028344,0.006360401666439157
SMAP,D-11,development,pca,64,cal995,0.0004592675809869763,0,428,61,6878,1,0,0,1,0,0.22717461058281313,0.005057213845685086
SMAP,D-11,development,pca,64,dynamic,0.2596305766405649,0,21,61,7285,1,0,0,2,0,0.22717461058281313,0.005057213845685086
SMAP,D-11,development,iforest,1,cal995,0.5459092181750471,0,109,61,7197,1,0,0,22,0,0.47322209906073154,0.009524462569959959
SMAP,D-11,development,iforest,1,dynamic,0.8100982957055309,0,10,61,7296,1,0,0,10,0,0.47322209906073154,0.009524462569959959
SMAP,D-11,development,iforest,16,cal995,0.5459092181750471,0,205,61,7101,1,0,0,11,0,0.33201769935332737,0.007152922019868993
SMAP,D-11,development,iforest,16,dynamic,0.651571197659687,0,2,61,7304,1,0,0,2,0,0.33201769935332737,0.007152922019868993
SMAP,D-11,development,iforest,64,cal995,0.5459092181750471,0,289,61,7017,1,0,0,3,0,0.24775728909093353,0.00548483441982335
SMAP,D-11,development,iforest,64,dynamic,0.6267417450291858,0,1,61,7305,1,0,0,1,0,0.24775728909093353,0.00548483441982335
SMAP,D-11,development,subsequence_knn,1,cal995,5.386517524719238,0,0,61,7306,1,0,0,0,0,0.4855788864306454,0.009148414617934643
SMAP,D-11,development,subsequence_knn,1,dynamic,30.32842617971097,0,0,61,7306,1,0,0,0,0,0.4855788864306454,0.009148414617934643
SMAP,D-11,development,subsequence_knn,16,cal995,5.386517522078044,0,0,61,7306,1,0,0,0,0,0.4820964578855017,0.009406485020571238
SMAP,D-11,development,subsequence_knn,16,dynamic,30.29995173818314,0,0,61,7306,1,0,0,0,0,0.4820964578855017,0.009406485020571238
SMAP,D-11,development,subsequence_knn,64,cal995,5.381647925504274,0,0,61,7306,1,0,0,0,0,0.4806334788832892,0.0076228446750171595
SMAP,D-11,development,subsequence_knn,64,dynamic,30.17667482040323,0,0,61,7306,1,0,0,0,0,0.4806334788832892,0.0076228446750171595
SMAP,D-11,development,gru_target,1,cal995,4.4712741184234615,3,0,58,7306,1,1,32,1,1,0.3789609258951771,0.05645566613750073
SMAP,D-11,development,gru_target,1,dynamic,6.586136785040565,1,0,60,7306,1,1,32,1,1,0.3789609258951771,0.05645566613750073
SMAP,D-11,development,gru_target,16,cal995,4.466914176933471,0,0,61,7306,1,0,0,0,0,0.32994664165541016,0.007113153867782279
SMAP,D-11,development,gru_target,16,dynamic,24.94871914283215,0,0,61,7306,1,0,0,0,0,0.32994664165541016,0.007113153867782279
SMAP,D-11,development,gru_target,64,cal995,4.465382244229794,0,0,61,7306,1,0,0,0,0,0.3270386343135891,0.005896703978473026
SMAP,D-11,development,gru_target,64,dynamic,24.816180499951383,0,0,61,7306,1,0,0,0,0,0.3270386343135891,0.005896703978473026
SMAP,D-11,development,gru_context,1,cal995,4.616443376541137,3,0,58,7306,1,1,32,1,1,0.4332212912809144,0.05732785422461923
SMAP,D-11,development,gru_context,1,dynamic,25.79997977783617,0,0,61,7306,1,0,0,0,0,0.4332212912809144,0.05732785422461923
SMAP,D-11,development,gru_context,16,cal995,4.605505943291331,0,0,61,7306,1,0,0,0,0,0.3741411729860479,0.0076059130193326776
SMAP,D-11,development,gru_context,16,dynamic,25.740747005714997,0,0,61,7306,1,0,0,0,0,0.3741411729860479,0.0076059130193326776
SMAP,D-11,development,gru_context,64,cal995,4.604009972764114,0,0,61,7306,1,0,0,0,0,0.3682286734909102,0.006233361361425547
SMAP,D-11,development,gru_context,64,dynamic,25.59951006890605,0,0,61,7306,1,0,0,0,0,0.3682286734909102,0.006233361361425547
SMAP,D-13,development,zmax,1,cal995,1e-06,139,2740,22,4698,1,1,22,54,1,0.6624000641326477,0.034867679376313444
SMAP,D-13,development,zmax,1,dynamic,11.840211358603943,0,0,161,7438,1,0,0,0,0,0.6624000641326477,0.034867679376313444
SMAP,D-13,development,zmax,16,cal995,1e-06,139,3582,22,3856,1,1,22,2,1,0.5777115667572429,0.026175107155034905
SMAP,D-13,development,zmax,16,dynamic,11.698753220912339,0,0,161,7438,1,0,0,0,0,0.5777115667572429,0.026175107155034905
SMAP,D-13,development,zmax,64,cal995,1e-06,139,3889,22,3549,1,1,22,2,1,0.5705609435515792,0.025433341268388556
SMAP,D-13,development,zmax,64,dynamic,11.588018851758662,0,0,161,7438,1,0,0,0,0,0.5705609435515792,0.025433341268388556
SMAP,D-13,development,ztarget,1,cal995,1e-06,139,2432,22,5006,1,1,22,1,1,0.6768031879270291,0.037934550695942586
SMAP,D-13,development,ztarget,1,dynamic,11.89627939303405,0,0,161,7438,1,0,0,0,0,0.6768031879270291,0.037934550695942586
SMAP,D-13,development,ztarget,16,cal995,1e-06,139,2432,22,5006,1,1,22,1,1,0.6270469420918934,0.026833774877298086
SMAP,D-13,development,ztarget,16,dynamic,11.880118423750707,0,0,161,7438,1,0,0,0,0,0.6270469420918934,0.026833774877298086
SMAP,D-13,development,ztarget,64,cal995,1e-06,139,2432,22,5006,1,1,22,1,1,0.6270469420918934,0.026833774877298086
SMAP,D-13,development,ztarget,64,dynamic,11.824174861768897,0,0,161,7438,1,0,0,0,0,0.6270469420918934,0.026833774877298086
SMAP,D-13,development,pca,1,cal995,1e-06,139,2740,22,4698,1,1,22,54,1,0.6509242449800337,0.03476310624685658
SMAP,D-13,development,pca,1,dynamic,0.24411871181455183,0,4,161,7434,1,0,0,4,0,0.6509242449800337,0.03476310624685658
SMAP,D-13,development,pca,16,cal995,1e-06,139,3563,22,3875,1,1,22,2,1,0.5524150785207403,0.02381827898241796
SMAP,D-13,development,pca,16,dynamic,0.9345743530232816,0,0,161,7438,1,0,0,0,0,0.5524150785207403,0.02381827898241796
SMAP,D-13,development,pca,64,cal995,1e-06,139,3819,22,3619,1,1,22,2,1,0.5422390310625812,0.02283651651076307
SMAP,D-13,development,pca,64,dynamic,0.9234676012859957,0,0,161,7438,1,0,0,0,0,0.5422390310625812,0.02283651651076307
SMAP,D-13,development,iforest,1,cal995,0.5000000000000007,0,0,161,7438,1,0,0,0,0,0.5,0.021186998289248585
SMAP,D-13,development,iforest,1,dynamic,0.5000000000000036,0,0,161,7438,1,0,0,0,0,0.5,0.021186998289248585
SMAP,D-13,development,iforest,16,cal995,0.5000000000000007,0,0,161,7438,1,0,0,0,0,0.5,0.021186998289248585
SMAP,D-13,development,iforest,16,dynamic,0.5000000000000036,0,0,161,7438,1,0,0,0,0,0.5,0.021186998289248585
SMAP,D-13,development,iforest,64,cal995,0.5000000000000007,0,0,161,7438,1,0,0,0,0,0.5,0.021186998289248585
SMAP,D-13,development,iforest,64,dynamic,0.5000000000000036,0,0,161,7438,1,0,0,0,0,0.5,0.021186998289248585
SMAP,D-13,development,subsequence_knn,1,cal995,1e-06,139,2432,22,5006,1,1,22,1,1,0.6270469420918934,0.027342073629325035
SMAP,D-13,development,subsequence_knn,1,dynamic,11.838731753298386,0,0,161,7438,1,0,0,0,0,0.6270469420918934,0.027342073629325035
SMAP,D-13,development,subsequence_knn,16,cal995,1e-06,139,2432,22,5006,1,1,22,1,1,0.6270469420918934,0.026833774877298083
SMAP,D-13,development,subsequence_knn,16,dynamic,11.82647877436449,0,0,161,7438,1,0,0,0,0,0.6270469420918934,0.026833774877298083
SMAP,D-13,development,subsequence_knn,64,cal995,1e-06,139,2432,22,5006,1,1,22,1,1,0.6270469420918934,0.026833774877298086
SMAP,D-13,development,subsequence_knn,64,dynamic,11.775847744729868,0,0,161,7438,1,0,0,0,0,0.6270469420918934,0.026833774877298086
SMAP,D-13,development,gru_target,1,cal995,7.499009370803833e-05,139,2432,22,5006,1,1,22,1,1,0.6890405822709972,0.1791160727164095
SMAP,D-13,development,gru_target,1,dynamic,11.465875580608206,0,0,161,7438,1,0,0,0,0,0.6890405822709972,0.1791160727164095
SMAP,D-13,development,gru_target,16,cal995,7.499009370803833e-05,139,2432,22,5006,1,1,22,1,1,0.6270469420918934,0.026833774877298086
SMAP,D-13,development,gru_target,16,dynamic,11.45021118829736,0,0,161,7438,1,0,0,0,0,0.6270469420918934,0.026833774877298086
SMAP,D-13,development,gru_target,64,cal995,7.499009370803833e-05,139,2432,22,5006,1,1,22,1,1,0.6270469420918934,0.026833774877298086
SMAP,D-13,development,gru_target,64,dynamic,11.396263742430861,0,0,161,7438,1,0,0,0,0,0.6270469420918934,0.026833774877298086
SMAP,D-13,development,gru_context,1,cal995,0.00017925724387168884,139,3160,22,4278,1,1,22,50,1,0.6431068259516768,0.04365155344226414
SMAP,D-13,development,gru_context,1,dynamic,11.706939462467087,0,0,161,7438,1,0,0,0,0,0.6431068259516768,0.04365155344226414
SMAP,D-13,development,gru_context,16,cal995,0.00017925724387168884,161,7417,0,21,1,1,0,1,1,0.6147197787423655,0.026841797769004572
SMAP,D-13,development,gru_context,16,dynamic,11.690881412168876,0,0,161,7438,1,0,0,0,0,0.6147197787423655,0.026841797769004572
SMAP,D-13,development,gru_context,64,cal995,0.00017925724387168884,161,7417,0,21,1,1,0,1,1,0.6063132245193809,0.02682258781575266
SMAP,D-13,development,gru_context,64,dynamic,11.635767450162215,0,0,161,7438,1,0,0,0,0,0.6063132245193809,0.02682258781575266
MSL,D-15,development,zmax,1,cal995,16.200012922286987,5,6,636,1447,1,1,319,11,5,0.7707867846716622,0.45495744540184996
MSL,D-15,development,zmax,1,dynamic,14.269182345055548,5,6,636,1447,1,1,319,11,5,0.7707867846716622,0.45495744540184996
MSL,D-15,development,zmax,16,cal995,6.944805558456226,0,0,641,1453,1,0,0,0,0,0.6568689450950371,0.3853987630033935
MSL,D-15,development,zmax,16,dynamic,5.875429669828908,3,2,638,1451,1,1,360,5,3,0.6568689450950371,0.3853987630033935
MSL,D-15,development,zmax,64,cal995,3.657840803518792,8,3,633,1450,1,1,360,3,2,0.7316166562698296,0.4790896039503301
MSL,D-15,development,zmax,64,dynamic,3.5416165389932495,10,4,631,1449,1,1,360,3,2,0.7316166562698296,0.4790896039503301
MSL,D-15,development,ztarget,1,cal995,2.786634683609009,0,0,641,1453,1,0,0,0,0,0.8922499363842413,0.6107141383392438
MSL,D-15,development,ztarget,1,dynamic,2.6898783894057674,88,160,553,1293,1,1,1,146,53,0.8922499363842413,0.6107141383392438
MSL,D-15,development,ztarget,16,cal995,1.3614796960635793,36,11,605,1442,1,1,58,22,16,0.879704479300989,0.6782512881554571
MSL,D-15,development,ztarget,16,dynamic,1.53478081450478,5,2,636,1451,1,1,206,6,4,0.879704479300989,0.6782512881554571
MSL,D-15,development,ztarget,64,cal995,0.9274964770425455,395,33,246,1420,1,1,58,25,19,0.9647112381398216,0.8664243785028132
MSL,D-15,development,ztarget,64,dynamic,3.8681667024040394,0,0,641,1453,1,0,0,0,0,0.9647112381398216,0.8664243785028132
MSL,D-15,development,pca,1,cal995,0.16033560037612915,43,2,598,1451,1,1,25,43,41,0.5933294179668082,0.38362263737646785
MSL,D-15,development,pca,1,dynamic,0.2467267678001882,0,1,641,1452,1,0,0,1,0,0.5933294179668082,0.38362263737646785
MSL,D-15,development,pca,16,cal995,0.04156188624540141,54,7,587,1446,1,1,82,18,14,0.6487926963740628,0.49271828951474883
MSL,D-15,development,pca,16,dynamic,0.08198228600888645,1,0,640,1453,1,1,521,1,1,0.6487926963740628,0.49271828951474883
MSL,D-15,development,pca,64,cal995,0.021225665566185742,224,152,417,1301,1,1,82,35,15,0.7650758611211621,0.6135508300026511
MSL,D-15,development,pca,64,dynamic,0.038033997123688296,40,0,601,1453,1,1,520,3,3,0.7650758611211621,0.6135508300026511
MSL,D-15,development,iforest,1,cal995,0.6577339193886096,1,10,640,1443,1,1,516,11,1,0.6824392590294115,0.4449210247024951
MSL,D-15,development,iforest,1,dynamic,0.6375348518822423,15,30,626,1423,1,1,1,45,15,0.6824392590294115,0.4449210247024951
MSL,D-15,development,iforest,16,cal995,0.47519492575927436,36,85,605,1368,1,1,57,36,14,0.6702320123087098,0.38762546309403706
MSL,D-15,development,iforest,16,dynamic,0.5224498916471451,0,3,641,1450,1,0,0,1,0,0.6702320123087098,0.38762546309403706
MSL,D-15,development,iforest,64,cal995,0.41426769307407296,246,254,395,1199,1,1,58,29,18,0.7686072067796683,0.4732163688860145
MSL,D-15,development,iforest,64,dynamic,0.474375853372164,0,8,641,1445,1,0,0,1,0,0.7686072067796683,0.4732163688860145
MSL,D-15,development,subsequence_knn,1,cal995,1.287544161081314,77,83,564,1370,1,1,94,42,20,0.6922478963852291,0.4255802956372843
MSL,D-15,development,subsequence_knn,1,dynamic,5.141036879948675,0,0,641,1453,1,0,0,0,0,0.6922478963852291,0.4255802956372843
MSL,D-15,development,subsequence_knn,16,cal995,1.2095612381811285,123,128,518,1325,1,1,99,10,6,0.7154040325412053,0.4441327642387618
MSL,D-15,development,subsequence_knn,16,dynamic,4.831642703442824,0,0,641,1453,1,0,0,0,0,0.7154040325412053,0.4441327642387618
MSL,D-15,development,subsequence_knn,64,cal995,1.1093889907281063,182,111,459,1342,1,1,112,7,4,0.8208365499107233,0.5530847728689647
MSL,D-15,development,subsequence_knn,64,dynamic,3.8045808417824913,0,0,641,1453,1,0,0,0,0,0.8208365499107233,0.5530847728689647
MSL,D-15,development,gru_target,1,cal995,3.0372803807258606,23,2,618,1451,1,1,1,25,23,0.7341838339741436,0.4942250389743716
MSL,D-15,development,gru_target,1,dynamic,3.313693364380223,9,0,632,1453,1,1,178,9,9,0.7341838339741436,0.4942250389743716
MSL,D-15,development,gru_target,16,cal995,1.3262534953878327,57,18,584,1435,1,1,58,20,13,0.7323285085567222,0.5252539809690131
MSL,D-15,development,gru_target,16,dynamic,5.57527362501349,0,0,641,1453,1,0,0,0,0,0.7323285085567222,0.5252539809690131
MSL,D-15,development,gru_target,64,cal995,0.9470658039630024,149,67,492,1386,1,1,85,15,11,0.8442288964786395,0.6522820586959112
MSL,D-15,development,gru_target,64,dynamic,3.8661740897710986,0,0,641,1453,1,0,0,0,0,0.8442288964786395,0.6522820586959112
MSL,D-15,development,gru_context,1,cal995,2.614020884037018,17,21,624,1432,1,1,65,38,17,0.8291350511556594,0.5413270175992886
MSL,D-15,development,gru_context,1,dynamic,2.976548676020405,1,0,640,1453,1,1,624,1,1,0.8291350511556594,0.5413270175992886
MSL,D-15,development,gru_context,16,cal995,0.9276324035399993,95,16,546,1437,1,1,66,28,23,0.842149171169875,0.6834635190884573
MSL,D-15,development,gru_context,16,dynamic,1.1426962293763987,8,3,633,1450,1,1,238,6,5,0.842149171169875,0.6834635190884573
MSL,D-15,development,gru_context,64,cal995,0.593302123989994,480,83,161,1370,1,1,65,13,7,0.9413360705109555,0.8665379252439641
MSL,D-15,development,gru_context,64,dynamic,0.9603521125874068,2,0,639,1453,1,1,551,1,1,0.9413360705109555,0.8665379252439641
SMAP,D-3,development,zmax,1,cal995,15.613046483993468,10,24,3266,5276,1,1,330,28,8,0.7556101262469187,0.5137271316532962
SMAP,D-3,development,zmax,1,dynamic,30.492509797314817,3,3,3273,5297,1,1,330,6,3,0.7556101262469187,0.5137271316532962
SMAP,D-3,development,zmax,16,cal995,6.345081984749667,12,37,3264,5263,1,1,330,17,5,0.6527168429055221,0.460167756574996
SMAP,D-3,development,zmax,16,dynamic,9.138307141729184,0,1,3276,5299,1,0,0,1,0,0.6527168429055221,0.460167756574996
SMAP,D-3,development,zmax,64,cal995,2.9744094570122845,58,130,3218,5170,1,1,903,12,4,0.6927926947266569,0.5260617932454167
SMAP,D-3,development,zmax,64,dynamic,4.3390657535319725,0,4,3276,5296,1,0,0,1,0,0.6927926947266569,0.5260617932454167
SMAP,D-3,development,ztarget,1,cal995,0.020857274532318115,3276,348,0,4952,1,1,0,1,1,0.9737728649756952,0.8651236721312586
SMAP,D-3,development,ztarget,1,dynamic,7.947069629186027,0,0,3276,5300,1,0,0,0,0,0.9737728649756952,0.8651236721312586
SMAP,D-3,development,ztarget,16,cal995,0.020770639931011785,3276,365,0,4935,1,1,0,1,1,0.9737735849056605,0.8643089961787297
SMAP,D-3,development,ztarget,16,dynamic,7.926436990958514,0,0,3276,5300,1,0,0,0,0,0.9737735849056605,0.8643089961787297
SMAP,D-3,development,ztarget,64,cal995,0.020506693190987052,3276,380,0,4920,1,1,0,1,1,0.9737735849056603,0.8643089961787297
SMAP,D-3,development,ztarget,64,dynamic,1.9761412971840497,0,2,3276,5298,1,0,0,1,0,0.9737735849056603,0.8643089961787297
SMAP,D-3,development,pca,1,cal995,0.8141912934184063,80,81,3196,5219,1,1,170,102,51,0.9221028578339899,0.7467300444430236
SMAP,D-3,development,pca,1,dynamic,2.162195809957558,0,1,3276,5299,1,0,0,1,0,0.9221028578339899,0.7467300444430236
SMAP,D-3,development,pca,16,cal995,0.2089414410730351,355,296,2921,5004,1,1,171,72,40,0.8292388324463795,0.6593538293341088
SMAP,D-3,development,pca,16,dynamic,1.1507117760677372,0,6,3276,5294,1,0,0,1,0,0.8292388324463795,0.6593538293341088
SMAP,D-3,development,pca,64,cal995,0.08040282700712893,2047,598,1229,4702,1,1,173,41,14,0.8338260534015253,0.6969642922832886
SMAP,D-3,development,pca,64,dynamic,0.518155334934058,0,6,3276,5294,1,0,0,1,0,0.8338260534015253,0.6969642922832886
SMAP,D-3,development,iforest,1,cal995,0.7559253443907075,10,30,3266,5270,1,1,176,35,8,0.6911638963761606,0.5219252885846936
SMAP,D-3,development,iforest,1,dynamic,0.7685225678314526,3,4,3273,5296,1,1,518,6,2,0.6911638963761606,0.5219252885846936
SMAP,D-3,development,iforest,16,cal995,0.6023716930633354,21,21,3255,5279,1,1,177,16,8,0.7128581219618956,0.5149768377476666
SMAP,D-3,development,iforest,16,dynamic,0.619105308312468,0,2,3276,5298,1,0,0,2,0,0.7128581219618956,0.5149768377476666
SMAP,D-3,development,iforest,64,cal995,0.5403876898334931,55,63,3221,5237,1,1,184,24,10,0.7646984357361715,0.553363464957683
SMAP,D-3,development,iforest,64,dynamic,1.0163330754992987,0,0,3276,5300,1,0,0,0,0,0.7646984357361715,0.553363464957683
SMAP,D-3,development,subsequence_knn,1,cal995,0.011922917091287672,3276,382,0,4918,1,1,0,1,1,0.9737735849056603,0.8643089961787297
SMAP,D-3,development,subsequence_knn,1,dynamic,1.966575177492249,0,4,3276,5296,1,0,0,1,0,0.9737735849056603,0.8643089961787297
SMAP,D-3,development,subsequence_knn,16,cal995,0.01184245499150199,3276,389,0,4911,1,1,0,1,1,0.9737735849056603,0.8643089961787298
SMAP,D-3,development,subsequence_knn,16,dynamic,1.9609245962061792,0,7,3276,5293,1,0,0,1,0,0.9737735849056603,0.8643089961787298
SMAP,D-3,development,subsequence_knn,64,cal995,0.01159972920278164,3276,406,0,4894,1,1,0,1,1,0.9737735849056603,0.8643089961787298
SMAP,D-3,development,subsequence_knn,64,dynamic,1.9428004125609624,0,18,3276,5282,1,0,0,1,0,0.9737735849056603,0.8643089961787298
SMAP,D-3,development,gru_target,1,cal995,0.011424258453771471,3276,349,0,4951,1,1,0,2,1,0.9737739880664409,0.8643071460984089
SMAP,D-3,development,gru_target,1,dynamic,1.232803118945653,0,38,3276,5262,1,0,0,2,0,0.9737739880664409,0.8643071460984089
SMAP,D-3,development,gru_target,16,cal995,0.011371190576608767,3276,365,0,4935,1,1,0,1,1,0.9737735849056603,0.8643089961787298
SMAP,D-3,development,gru_target,16,dynamic,1.2291961964596665,0,45,3276,5255,1,0,0,1,0,0.9737735849056603,0.8643089961787298
SMAP,D-3,development,gru_target,64,cal995,0.011209950631442625,3276,378,0,4922,1,1,0,1,1,0.9737735849056603,0.8643089961787298
SMAP,D-3,development,gru_target,64,dynamic,1.2176437060232754,0,49,3276,5251,1,0,0,1,0,0.9737735849056603,0.8643089961787298
SMAP,D-3,development,gru_context,1,cal995,0.039155875928699964,3178,194,98,5106,1,1,98,41,1,0.9720319303338171,0.8641134922244613
SMAP,D-3,development,gru_context,1,dynamic,1.5374381283369414,16,27,3260,5273,1,1,3027,17,10,0.9720319303338171,0.8641134922244613
SMAP,D-3,development,gru_context,16,cal995,0.029815532533016775,3176,178,100,5122,1,1,100,8,1,0.9716244499735066,0.8614400496251652
SMAP,D-3,development,gru_context,16,dynamic,1.531767663089878,2,30,3274,5270,1,1,3274,3,1,0.9716244499735066,0.8614400496251652
SMAP,D-3,development,gru_context,64,cal995,0.019655799664585343,3178,232,98,5068,1,1,98,5,1,0.9715551063192572,0.8613221004240994
SMAP,D-3,development,gru_context,64,dynamic,1.5172718114649257,0,11,3276,5289,1,0,0,1,0,0.9715551063192572,0.8613221004240994
SMAP,D-5,development,zmax,1,cal995,11.269428253173828,0,37,51,7476,1,0,0,30,0,0.7359152632169599,0.02042892112120764
SMAP,D-5,development,zmax,1,dynamic,28.217489101979627,0,11,51,7502,1,0,0,10,0,0.7359152632169599,0.02042892112120764
SMAP,D-5,development,zmax,16,cal995,6.144370807738265,0,94,51,7419,1,0,0,18,0,0.714312185675548,0.01310559998630028
SMAP,D-5,development,zmax,16,dynamic,9.968156442584517,0,1,51,7512,1,0,0,1,0,0.714312185675548,0.01310559998630028
SMAP,D-5,development,zmax,64,cal995,2.961332888520095,14,1042,37,6471,1,1,13,66,1,0.7434590500648549,0.013585207178014643
SMAP,D-5,development,zmax,64,dynamic,4.652088143596235,0,20,51,7493,1,0,0,6,0,0.7434590500648549,0.013585207178014643
SMAP,D-5,development,ztarget,1,cal995,0.00037366151809692383,51,7513,0,0,1,1,0,1,1,0.6794745317267064,0.5225954345284022
SMAP,D-5,development,ztarget,1,dynamic,2.54736116317424,0,0,51,7513,1,0,0,0,0,0.6794745317267064,0.5225954345284022
SMAP,D-5,development,ztarget,16,cal995,0.0003582719623387379,51,7513,0,0,1,1,0,1,1,0.029133815112628303,0.0034765967058998258
SMAP,D-5,development,ztarget,16,dynamic,2.2520423110170014,0,0,51,7513,1,0,0,0,0,0.029133815112628303,0.0034765967058998258
SMAP,D-5,development,ztarget,64,cal995,0.00028256724654905033,51,7513,0,0,1,1,0,1,1,0.03264668039450574,0.0034814227708618575
SMAP,D-5,development,ztarget,64,dynamic,2.1314895687971145,0,0,51,7513,1,0,0,0,0,0.03264668039450574,0.0034814227708618575
SMAP,D-5,development,pca,1,cal995,1.4961997270584106,0,62,51,7451,1,0,0,48,0,0.6667097292797061,0.017491366853638748
SMAP,D-5,development,pca,1,dynamic,2.2185511883044047,0,12,51,7501,1,0,0,12,0,0.6667097292797061,0.017491366853638748
SMAP,D-5,development,pca,16,cal995,0.2827445334824517,0,1100,51,6413,1,0,0,54,0,0.14156377312005594,0.003677144625826262
SMAP,D-5,development,pca,16,dynamic,0.6992004423964333,0,11,51,7502,1,0,0,5,0,0.14156377312005594,0.003677144625826262
SMAP,D-5,development,pca,64,cal995,0.10904575183080863,51,7513,0,0,1,1,0,1,1,0.08891255157726607,0.0035679288729937673
SMAP,D-5,development,pca,64,dynamic,0.4633284688503637,0,6,51,7507,1,0,0,2,0,0.08891255157726607,0.0035679288729937673
SMAP,D-5,development,iforest,1,cal995,0.7523199571046079,2,51,49,7462,1,1,11,47,2,0.6096439374365479,0.011416638736026434
SMAP,D-5,development,iforest,1,dynamic,0.7455750345199144,2,51,49,7462,1,1,11,47,2,0.6096439374365479,0.011416638736026434
SMAP,D-5,development,iforest,16,cal995,0.5650246723998457,16,1169,35,6344,1,1,11,136,2,0.7103478154205912,0.01332110771111786
SMAP,D-5,development,iforest,16,dynamic,0.6256783701673654,0,3,51,7510,1,0,0,3,0,0.7103478154205912,0.01332110771111786
SMAP,D-5,development,iforest,64,cal995,0.4931909402009265,51,7470,0,43,1,1,0,4,1,0.7790966246740942,0.017815292778540725
SMAP,D-5,development,iforest,64,dynamic,0.5608332619966365,0,16,51,7497,1,0,0,9,0,0.7790966246740942,0.017815292778540725
SMAP,D-5,development,subsequence_knn,1,cal995,0.0001273940177634358,51,7513,0,0,1,1,0,1,1,0.03077541411879539,0.0034792963085115954
SMAP,D-5,development,subsequence_knn,1,dynamic,2.06722908229495,0,0,51,7513,1,0,0,0,0,0.03077541411879539,0.0034792963085115954
SMAP,D-5,development,subsequence_knn,16,cal995,0.00010175041589772016,51,7513,0,0,1,1,0,1,1,0.03594553753885421,0.0034939406375301377
SMAP,D-5,development,subsequence_knn,16,dynamic,2.0634001353413316,0,0,51,7513,1,0,0,0,0,0.03594553753885421,0.0034939406375301377
SMAP,D-5,development,subsequence_knn,64,cal995,7.943119354161063e-05,51,7513,0,0,1,1,0,1,1,0.047893455265774605,0.003518864230543632
SMAP,D-5,development,subsequence_knn,64,dynamic,2.0507927059296236,0,0,51,7513,1,0,0,0,0,0.047893455265774605,0.003518864230543632
SMAP,D-5,development,gru_target,1,cal995,0.00036339998245239253,51,7513,0,0,1,1,0,1,1,0.6814880351182133,0.46069593711237183
SMAP,D-5,development,gru_target,1,dynamic,1.8607066581813954,1,0,50,7513,1,1,18,1,1,0.6814880351182133,0.46069593711237183
SMAP,D-5,development,gru_target,16,cal995,0.00033444152447085427,51,7513,0,0,1,1,0,1,1,0.02910771655927112,0.00347651585681734
SMAP,D-5,development,gru_target,16,dynamic,1.9243460421382526,0,0,51,7513,1,0,0,0,0,0.02910771655927112,0.00347651585681734
SMAP,D-5,development,gru_target,64,cal995,0.0002606991406352625,51,7513,0,0,1,1,0,1,1,0.03239874413761245,0.0034810953611785662
SMAP,D-5,development,gru_target,64,dynamic,1.8318890595466584,0,0,51,7513,1,0,0,0,0,0.03239874413761245,0.0034810953611785662
SMAP,D-5,development,gru_context,1,cal995,0.07459204465150816,48,7513,3,0,1,1,0,2,2,0.6012858757239086,0.02164891957516561
SMAP,D-5,development,gru_context,1,dynamic,1.9953035353292496,0,2,51,7511,1,0,0,2,0,0.6012858757239086,0.02164891957516561
SMAP,D-5,development,gru_context,16,cal995,0.022608366432737368,51,7513,0,0,1,1,0,1,1,0.11201760086438409,0.0037153363899121578
SMAP,D-5,development,gru_context,16,dynamic,2.0752323249020486,0,0,51,7513,1,0,0,0,0,0.11201760086438409,0.0037153363899121578
SMAP,D-5,development,gru_context,64,cal995,0.011632316964862749,51,7513,0,0,1,1,0,1,1,0.07406508457236216,0.003518825756236617
SMAP,D-5,development,gru_context,64,dynamic,1.964981816058024,0,0,51,7513,1,0,0,0,0,0.07406508457236216,0.003518825756236617
SMAP,D-7,development,zmax,1,cal995,10.471049308776855,13,25,2689,4851,1,1,102,31,11,0.7686437111877144,0.5220575721382348
SMAP,D-7,development,zmax,1,dynamic,27.87154642504685,5,10,2697,4866,1,1,102,14,5,0.7686437111877144,0.5220575721382348
SMAP,D-7,development,zmax,16,cal995,6.273679713503432,20,33,2682,4843,1,1,102,21,8,0.6889134017338356,0.47126733533313486
SMAP,D-7,development,zmax,16,dynamic,9.309026687789775,0,5,2702,4871,1,0,0,3,0,0.6889134017338356,0.47126733533313486
SMAP,D-7,development,zmax,64,cal995,3.121501036475706,51,62,2651,4814,1,1,471,13,6,0.7348295462480622,0.5625191966363569
SMAP,D-7,development,zmax,64,dynamic,4.370566810011191,0,3,2702,4873,1,0,0,1,0,0.7348295462480622,0.5625191966363569
SMAP,D-7,development,ztarget,1,cal995,1e-06,2604,0,98,4876,1,1,98,1,1,0.9818652849740932,0.9766627420252516
SMAP,D-7,development,ztarget,1,dynamic,1.9154237219169592,294,0,2408,4876,1,1,2408,1,1,0.9818652849740932,0.9766627420252516
SMAP,D-7,development,ztarget,16,cal995,1e-06,2604,0,98,4876,1,1,98,1,1,0.9818652849740932,0.9766627420252517
SMAP,D-7,development,ztarget,16,dynamic,1.907865339271006,287,0,2415,4876,1,1,2415,1,1,0.9818652849740932,0.9766627420252517
SMAP,D-7,development,ztarget,64,cal995,1e-06,2604,0,98,4876,1,1,98,1,1,0.9818652849740932,0.9766627420252517
SMAP,D-7,development,ztarget,64,dynamic,1.8835331464739042,270,0,2432,4876,1,1,2432,1,1,0.9818652849740932,0.9766627420252517
SMAP,D-7,development,pca,1,cal995,0.7910592520237004,47,63,2655,4813,1,1,119,87,37,0.5090716459536248,0.3623028165886405
SMAP,D-7,development,pca,1,dynamic,4.000110002830058,4,7,2698,4869,1,1,469,11,4,0.5090716459536248,0.3623028165886405
SMAP,D-7,development,pca,16,cal995,0.17938592022974784,171,275,2531,4601,1,1,142,46,18,0.5442438044556064,0.3819917521921899
SMAP,D-7,development,pca,16,dynamic,0.82816500098957,40,70,2662,4806,1,1,469,11,4,0.5442438044556064,0.3819917521921899
SMAP,D-7,development,pca,64,cal995,0.07130403144363845,414,691,2288,4185,1,1,142,36,14,0.5707080374941784,0.39014518692941114
SMAP,D-7,development,pca,64,dynamic,0.8070271764189688,16,23,2686,4853,1,1,494,5,2,0.5707080374941784,0.39014518692941114
SMAP,D-7,development,iforest,1,cal995,0.7567791819422885,3,6,2699,4870,1,1,102,9,3,0.5087680395344135,0.3608879812713979
SMAP,D-7,development,iforest,1,dynamic,0.7627877814508333,3,6,2699,4870,1,1,102,9,3,0.5087680395344135,0.3608879812713979
SMAP,D-7,development,iforest,16,cal995,0.5386813802167095,28,30,2674,4846,1,1,142,27,12,0.5273671585293063,0.37651704330957664
SMAP,D-7,development,iforest,16,dynamic,0.5956674563639867,1,0,2701,4876,1,1,1264,1,1,0.5273671585293063,0.37651704330957664
SMAP,D-7,development,iforest,64,cal995,0.48970747705222395,11,0,2691,4876,1,1,1259,1,1,0.5359627875684101,0.38519497922388235
SMAP,D-7,development,iforest,64,dynamic,0.5017816170701177,5,0,2697,4876,1,1,1262,1,1,0.5359627875684101,0.38519497922388235
SMAP,D-7,development,subsequence_knn,1,cal995,1e-06,2604,0,98,4876,1,1,98,1,1,0.9818652849740932,0.9766627420252517
SMAP,D-7,development,subsequence_knn,1,dynamic,1.8853466852999452,261,0,2441,4876,1,1,2441,1,1,0.9818652849740932,0.9766627420252517
SMAP,D-7,development,subsequence_knn,16,cal995,1e-06,2604,0,98,4876,1,1,98,1,1,0.9818652849740932,0.9766627420252517
SMAP,D-7,development,subsequence_knn,16,dynamic,1.8780646587929808,255,0,2447,4876,1,1,2447,1,1,0.9818652849740932,0.9766627420252517
SMAP,D-7,development,subsequence_knn,64,cal995,1e-06,2604,0,98,4876,1,1,98,1,1,0.9818652849740932,0.9766627420252517
SMAP,D-7,development,subsequence_knn,64,dynamic,1.8537887450886656,244,0,2458,4876,1,1,2458,1,1,0.9818652849740932,0.9766627420252517
SMAP,D-7,development,gru_target,1,cal995,1.1187046766281128e-05,2604,0,98,4876,1,1,98,1,1,0.9818652849740932,0.9766627420252516
SMAP,D-7,development,gru_target,1,dynamic,1.8467597526304007,294,0,2408,4876,1,1,2408,1,1,0.9818652849740932,0.9766627420252516
SMAP,D-7,development,gru_target,16,cal995,1.1187046766281128e-05,2604,0,98,4876,1,1,98,1,1,0.9818652849740932,0.9766627420252517
SMAP,D-7,development,gru_target,16,dynamic,1.8394653859148158,287,0,2415,4876,1,1,2415,1,1,0.9818652849740932,0.9766627420252517
SMAP,D-7,development,gru_target,64,cal995,1.1187046766281128e-05,2604,0,98,4876,1,1,98,1,1,0.9818652849740932,0.9766627420252517
SMAP,D-7,development,gru_target,64,dynamic,1.816018995098128,270,0,2432,4876,1,1,2432,1,1,0.9818652849740932,0.9766627420252517
SMAP,D-7,development,gru_context,1,cal995,0.06194957375526436,2604,29,98,4847,1,1,98,22,1,0.9844469642090538,0.9855284022423587
SMAP,D-7,development,gru_context,1,dynamic,1.88718447654601,293,0,2409,4876,1,1,2408,2,2,0.9844469642090538,0.9855284022423587
SMAP,D-7,development,gru_context,16,cal995,0.04074244239032314,2603,12,99,4864,1,1,99,3,1,0.9823254764040127,0.9845077921284824
SMAP,D-7,development,gru_context,16,dynamic,1.879498763826978,288,0,2414,4876,1,1,2414,1,1,0.9823254764040127,0.9845077921284824
SMAP,D-7,development,gru_context,64,cal995,0.015300356739856304,2603,30,99,4846,1,1,99,4,1,0.9837237357676902,0.984230284759063
SMAP,D-7,development,gru_context,64,dynamic,1.8554300964629966,271,0,2431,4876,1,1,2431,1,1,0.9837237357676902,0.984230284759063
SMAP,D-8,development,zmax,1,cal995,0.19289714097976685,1,67,50,7692,1,1,16,18,1,0.5054016967013638,0.0066903992899411775
SMAP,D-8,development,zmax,1,dynamic,12.937006926273352,0,9,51,7750,1,0,0,8,0,0.5054016967013638,0.0066903992899411775
SMAP,D-8,development,zmax,16,cal995,0.19289714097976685,35,848,16,6911,1,1,16,2,1,0.7990240302848811,0.038368598871451526
SMAP,D-8,development,zmax,16,dynamic,7.920262896404914,0,15,51,7744,1,0,0,2,0,0.7990240302848811,0.038368598871451526
SMAP,D-8,development,zmax,64,cal995,0.19289714097976685,51,7759,0,0,1,1,0,1,1,0.754370004220273,0.02785181469240072
SMAP,D-8,development,zmax,64,dynamic,9.043173309711925,0,11,51,7748,1,0,0,1,0,0.754370004220273,0.02785181469240072
SMAP,D-8,development,ztarget,1,cal995,1e-06,1,0,50,7759,1,1,16,1,1,0.5098039215686274,0.026009891792824685
SMAP,D-8,development,ztarget,1,dynamic,0.05683005533960402,1,0,50,7759,1,1,16,1,1,0.5098039215686274,0.026009891792824685
SMAP,D-8,development,ztarget,16,cal995,1e-06,35,64,16,7695,1,1,16,1,1,0.7733283801985802,0.688323165373704
SMAP,D-8,development,ztarget,16,dynamic,0.059601674461102185,11,0,40,7759,1,1,16,1,1,0.7733283801985802,0.688323165373704
SMAP,D-8,development,ztarget,64,cal995,1e-06,35,318,16,7441,1,1,16,1,1,0.7733283801985802,0.688323165373704
SMAP,D-8,development,ztarget,64,dynamic,0.03265463103014257,21,0,30,7759,1,1,16,1,1,0.7733283801985802,0.688323165373704
SMAP,D-8,development,pca,1,cal995,2.0790430426131934e-05,0,67,51,7692,1,0,0,17,0,0.4956824333032607,0.006530089628681178
SMAP,D-8,development,pca,1,dynamic,1.2439566778029945,0,5,51,7754,1,0,0,4,0,0.4956824333032607,0.006530089628681178
SMAP,D-8,development,pca,16,cal995,2.0790430426131934e-05,0,672,51,7087,1,0,0,1,0,0.45669545044464493,0.006530089628681178
SMAP,D-8,development,pca,16,dynamic,1.1017966256316887,0,12,51,7747,1,0,0,2,0,0.45669545044464493,0.006530089628681178
SMAP,D-8,development,pca,64,cal995,2.0790430426131934e-05,51,7759,0,0,1,1,0,1,1,0.3894831808222709,0.006530089628681178
SMAP,D-8,development,pca,64,dynamic,0.6497436948842561,0,19,51,7740,1,0,0,1,0,0.3894831808222709,0.006530089628681178
SMAP,D-8,development,iforest,1,cal995,0.3931209603051279,0,67,51,7692,1,0,0,17,0,0.4956824333032607,0.006530089628681178
SMAP,D-8,development,iforest,1,dynamic,0.47003864774424153,0,66,51,7693,1,0,0,16,0,0.4956824333032607,0.006530089628681178
SMAP,D-8,development,iforest,16,cal995,0.3931209603051279,0,561,51,7198,1,0,0,1,0,0.46384843407655624,0.006530089628681178
SMAP,D-8,development,iforest,16,dynamic,0.5043883898168825,0,94,51,7665,1,0,0,6,0,0.46384843407655624,0.006530089628681178
SMAP,D-8,development,iforest,64,cal995,0.3931209603051279,51,7759,0,0,1,1,0,1,1,0.41487305065085706,0.006530089628681178
SMAP,D-8,development,iforest,64,dynamic,0.6589761827279582,0,9,51,7750,1,0,0,1,0,0.41487305065085706,0.006530089628681178
SMAP,D-8,development,subsequence_knn,1,cal995,1e-06,35,29,16,7730,1,1,16,1,1,0.8412684573765065,0.37735502811880195
SMAP,D-8,development,subsequence_knn,1,dynamic,0.05839395832442542,35,29,16,7730,1,1,16,1,1,0.8412684573765065,0.37735502811880195
SMAP,D-8,development,subsequence_knn,16,cal995,1e-06,35,128,16,7631,1,1,16,1,1,0.7705687765504449,0.23212300911091607
SMAP,D-8,development,subsequence_knn,16,dynamic,0.1601221946253822,27,32,24,7727,1,1,24,1,1,0.7705687765504449,0.23212300911091607
SMAP,D-8,development,subsequence_knn,64,cal995,1e-06,35,422,16,7337,1,1,16,1,1,0.768117480269592,0.1507642376383851
SMAP,D-8,development,subsequence_knn,64,dynamic,0.18826741430303728,0,24,51,7735,1,0,0,1,0,0.768117480269592,0.1507642376383851
SMAP,D-8,development,gru_target,1,cal995,1.12093985080719e-05,22,1,29,7758,1,1,16,2,2,0.5883351149455787,0.4326312287647043
SMAP,D-8,development,gru_target,1,dynamic,0.0568548755435841,1,0,50,7759,1,1,16,1,1,0.5883351149455787,0.4326312287647043
SMAP,D-8,development,gru_target,16,cal995,1.12093985080719e-05,35,3453,16,4306,1,1,16,1,1,0.7733283801985803,0.688323165373704
SMAP,D-8,development,gru_target,16,dynamic,0.0638557479663799,11,0,40,7759,1,1,16,1,1,0.7733283801985803,0.688323165373704
SMAP,D-8,development,gru_target,64,cal995,1.12093985080719e-05,35,3453,16,4306,1,1,16,1,1,0.7733283801985802,0.6883231653737039
SMAP,D-8,development,gru_target,64,dynamic,0.03362338948461938,21,0,30,7759,1,1,16,1,1,0.7733283801985802,0.6883231653737039
SMAP,D-8,development,gru_context,1,cal995,6.601214408874512e-06,35,287,16,7472,1,1,16,22,1,0.8240815852052897,0.08193129044208868
SMAP,D-8,development,gru_context,1,dynamic,0.2645318045052554,1,2,50,7757,1,1,16,2,1,0.8240815852052897,0.08193129044208868
SMAP,D-8,development,gru_context,16,cal995,6.601214408874512e-06,51,7759,0,0,1,1,0,1,1,0.8190968615826276,0.3528018496847667
SMAP,D-8,development,gru_context,16,dynamic,0.07880073232628697,9,1,42,7758,1,1,16,2,1,0.8190968615826276,0.3528018496847667
SMAP,D-8,development,gru_context,64,cal995,6.601214408874512e-06,51,7759,0,0,1,1,0,1,1,0.7837324902895815,0.641048041108163
SMAP,D-8,development,gru_context,64,dynamic,0.042458585068857135,13,0,38,7759,1,1,16,1,1,0.7837324902895815,0.641048041108163
SMAP,D-9,development,zmax,1,cal995,0.2409566342830658,915,81,241,6105,1,1,223,24,2,0.8840425612248666,0.7592683335908013
SMAP,D-9,development,zmax,1,dynamic,10.64591029512815,1,9,1155,6177,1,1,1155,9,1,0.8840425612248666,0.7592683335908013
SMAP,D-9,development,zmax,16,cal995,0.2409566342830658,933,579,223,5607,1,1,223,2,1,0.8754720308275076,0.6938002677689292
SMAP,D-9,development,zmax,16,dynamic,7.186142221491443,0,7,1156,6179,1,0,0,1,0,0.8754720308275076,0.6938002677689292
SMAP,D-9,development,zmax,64,cal995,0.2409566342830658,1156,6155,0,31,1,1,0,1,1,0.8591981195399366,0.5657000309349267
SMAP,D-9,development,zmax,64,dynamic,4.255250138813267,0,9,1156,6177,1,0,0,1,0,0.8591981195399366,0.5657000309349267
SMAP,D-9,development,ztarget,1,cal995,1e-06,914,0,242,6186,1,1,223,1,1,0.8953287197231834,0.8236184854828691
SMAP,D-9,development,ztarget,1,dynamic,1.899672796894873,914,0,242,6186,1,1,223,1,1,0.8953287197231834,0.8236184854828691
SMAP,D-9,development,ztarget,16,cal995,1e-06,933,0,223,6186,1,1,223,1,1,0.9035467128027681,0.8374666209201644
SMAP,D-9,development,ztarget,16,dynamic,1.8913918615721155,891,0,265,6186,1,1,246,1,1,0.9035467128027681,0.8374666209201644
SMAP,D-9,development,ztarget,64,cal995,1e-06,933,0,223,6186,1,1,223,1,1,0.9035467128027681,0.8374666209201644
SMAP,D-9,development,ztarget,64,dynamic,1.8611395190282092,831,0,325,6186,1,1,308,1,1,0.9035467128027681,0.8374666209201644
SMAP,D-9,development,pca,1,cal995,6.928409857209772e-05,1,80,1155,6106,1,1,1155,23,1,0.49405133480333424,0.15741415395500688
SMAP,D-9,development,pca,1,dynamic,1.6080170702801122,1,10,1155,6176,1,1,1155,9,1,0.49405133480333424,0.15741415395500688
SMAP,D-9,development,pca,16,cal995,6.928409857209772e-05,1156,6155,0,31,1,1,0,1,1,0.45205065965451624,0.1579960390211813
SMAP,D-9,development,pca,16,dynamic,0.5571578990806861,0,12,1156,6174,1,0,0,3,0,0.45205065965451624,0.1579960390211813
SMAP,D-9,development,pca,64,cal995,6.928409857209772e-05,1156,6155,0,31,1,1,0,1,1,0.37295721335262005,0.1579841702906019
SMAP,D-9,development,pca,64,dynamic,0.30369253653019784,0,6,1156,6180,1,0,0,1,0,0.37295721335262005,0.1579841702906019
SMAP,D-9,development,iforest,1,cal995,0.3703951069942342,1,81,1155,6105,1,1,1155,23,1,0.4938874420082405,0.1573449780668593
SMAP,D-9,development,iforest,1,dynamic,0.5059949702325119,1,78,1155,6108,1,1,1155,22,1,0.4938874420082405,0.1573449780668593
SMAP,D-9,development,iforest,16,cal995,0.3703951069942342,1,546,1155,5640,1,1,1155,2,1,0.4563150187330024,0.15731914213909293
SMAP,D-9,development,iforest,16,dynamic,0.4708011010482276,0,110,1156,6076,1,0,0,6,0,0.4563150187330024,0.15731914213909293
SMAP,D-9,development,iforest,64,cal995,0.3703951069942342,1156,6155,0,31,1,1,0,1,1,0.3974182829404941,0.1579836317300172
SMAP,D-9,development,iforest,64,dynamic,0.41380289474913545,0,281,1156,5905,1,0,0,5,0,0.3974182829404941,0.1579836317300172
SMAP,D-9,development,subsequence_knn,1,cal995,1e-06,933,0,223,6186,1,1,223,1,1,0.9035467128027681,0.8374666209201644
SMAP,D-9,development,subsequence_knn,1,dynamic,1.8835936163111147,865,0,291,6186,1,1,279,1,1,0.9035467128027681,0.8374666209201644
SMAP,D-9,development,subsequence_knn,16,cal995,1e-06,933,0,223,6186,1,1,223,1,1,0.9035467128027681,0.8374666209201644
SMAP,D-9,development,subsequence_knn,16,dynamic,1.8761037320437066,863,0,293,6186,1,1,287,1,1,0.9035467128027681,0.8374666209201644
SMAP,D-9,development,subsequence_knn,64,cal995,1e-06,933,0,223,6186,1,1,223,1,1,0.9035467128027681,0.8374666209201644
SMAP,D-9,development,subsequence_knn,64,dynamic,1.8427739527306566,825,0,331,6186,1,1,331,1,1,0.9035467128027681,0.8374666209201644
SMAP,D-9,development,gru_target,1,cal995,1.1187046766281128e-05,932,0,224,6186,1,1,223,1,1,0.902681660899654,0.8367156311909023
SMAP,D-9,development,gru_target,1,dynamic,1.8312658793982135,914,0,242,6186,1,1,223,1,1,0.902681660899654,0.8367156311909023
SMAP,D-9,development,gru_target,16,cal995,1.1187046766281128e-05,933,0,223,6186,1,1,223,1,1,0.9035467128027681,0.8374666209201644
SMAP,D-9,development,gru_target,16,dynamic,1.8232722417612217,891,0,265,6186,1,1,246,1,1,0.9035467128027681,0.8374666209201644
SMAP,D-9,development,gru_target,64,cal995,1.1187046766281128e-05,933,0,223,6186,1,1,223,1,1,0.9035467128027681,0.8374666209201644
SMAP,D-9,development,gru_target,64,dynamic,1.794075905738515,831,0,325,6186,1,1,308,1,1,0.9035467128027681,0.8374666209201644
SMAP,D-9,development,gru_context,1,cal995,0.00011232495307922363,928,299,228,5887,1,1,223,11,1,0.8955515551915978,0.8326596380852672
SMAP,D-9,development,gru_context,1,dynamic,1.8756876934887605,914,0,242,6186,1,1,223,1,1,0.8955515551915978,0.8326596380852672
SMAP,D-9,development,gru_context,16,cal995,0.00011232495307922363,1156,6186,0,0,1,1,0,1,1,0.8935833034075158,0.8374666209201644
SMAP,D-9,development,gru_context,16,dynamic,1.8675070843190378,891,0,265,6186,1,1,246,1,1,0.8935833034075158,0.8374666209201644
SMAP,D-9,development,gru_context,64,cal995,0.00011232495307922363,1156,6186,0,0,1,1,0,1,1,0.8793164495786333,0.8374666209201644
SMAP,D-9,development,gru_context,64,dynamic,1.8376375589339315,831,0,325,6186,1,1,308,1,1,0.8793164495786333,0.8374666209201644
SMAP,E-6,development,zmax,1,cal995,25.129782423972884,2,16,64,8154,1,1,4,15,2,0.598203887096176,0.02792156753233887
SMAP,E-6,development,zmax,1,dynamic,12.096204422247572,2,16,64,8154,1,1,4,15,2,0.598203887096176,0.02792156753233887
SMAP,E-6,development,zmax,16,cal995,8.801357414809921,2,4,64,8166,1,1,19,3,1,0.8234876302807759,0.12242402650688658
SMAP,E-6,development,zmax,16,dynamic,10.858070139956842,0,1,66,8169,1,0,0,1,0,0.8234876302807759,0.12242402650688658
SMAP,E-6,development,zmax,64,cal995,3.884723153454951,10,14,56,8156,1,1,19,3,1,0.9579225548013799,0.30721095168029106
SMAP,E-6,development,zmax,64,dynamic,4.492696177187342,4,0,62,8170,1,1,19,1,1,0.9579225548013799,0.30721095168029106
SMAP,E-6,development,ztarget,1,cal995,0.008686482906341553,12,0,54,8170,1,1,5,1,1,0.6369181410185083,0.19138555527579326
SMAP,E-6,development,ztarget,1,dynamic,0.19443459425834544,12,0,54,8170,1,1,5,1,1,0.6369181410185083,0.19138555527579326
SMAP,E-6,development,ztarget,16,cal995,0.006297102211961016,56,61,10,8109,1,1,5,54,1,0.9718129891324505,0.863588091042464
SMAP,E-6,development,ztarget,16,dynamic,0.5860591029485253,17,0,49,8170,1,1,7,1,1,0.9718129891324505,0.863588091042464
SMAP,E-6,development,ztarget,64,cal995,0.003556861370738713,61,150,5,8020,1,1,5,6,1,0.9649530803753571,0.9206272132562552
SMAP,E-6,development,ztarget,64,dynamic,0.359855613904165,23,0,43,8170,1,1,11,1,1,0.9649530803753571,0.9206272132562552
SMAP,E-6,development,pca,1,cal995,1.0013582941889752,6,46,60,8124,1,1,0,46,4,0.6277558324987945,0.03851115644141601
SMAP,E-6,development,pca,1,dynamic,4.363030283330661,0,6,66,8164,1,0,0,4,0,0.6277558324987945,0.03851115644141601
SMAP,E-6,development,pca,16,cal995,0.2661663142785197,27,136,39,8034,1,1,1,23,2,0.8895701198026779,0.08418134070608228
SMAP,E-6,development,pca,16,dynamic,2.625542620826427,0,20,66,8150,1,0,0,3,0,0.8895701198026779,0.08418134070608228
SMAP,E-6,development,pca,64,cal995,0.08281668992783812,65,572,1,7598,1,1,1,33,1,0.969192537368792,0.11222964711807605
SMAP,E-6,development,pca,64,dynamic,1.5856321066813004,0,9,66,8161,1,0,0,1,0,0.969192537368792,0.11222964711807605
SMAP,E-6,development,iforest,1,cal995,0.7547621904947799,3,30,63,8140,1,1,3,30,2,0.5252577797559438,0.0393351620544311
SMAP,E-6,development,iforest,1,dynamic,0.7758647416358606,0,1,66,8169,1,0,0,1,0,0.5252577797559438,0.0393351620544311
SMAP,E-6,development,iforest,16,cal995,0.5463602052212602,14,265,52,7905,1,1,5,85,2,0.7199250769630207,0.09810684293825331
SMAP,E-6,development,iforest,16,dynamic,0.59842328393593,3,0,63,8170,1,1,23,1,1,0.7199250769630207,0.09810684293825331
SMAP,E-6,development,iforest,64,cal995,0.4576928032929585,43,1371,23,6799,1,1,5,112,2,0.8493842958347242,0.22795863506341363
SMAP,E-6,development,iforest,64,dynamic,0.5107877775304774,4,0,62,8170,1,1,24,1,1,0.8493842958347242,0.22795863506341363
SMAP,E-6,development,subsequence_knn,1,cal995,0.003307185834273696,61,152,5,8018,1,1,5,55,1,0.99035365898891,0.9105220261709313
SMAP,E-6,development,subsequence_knn,1,dynamic,0.1977408375286615,61,14,5,8156,1,1,5,1,1,0.99035365898891,0.9105220261709313
SMAP,E-6,development,subsequence_knn,16,cal995,0.002538806144000211,61,541,5,7629,1,1,5,19,1,0.9776436333963873,0.7105157599411148
SMAP,E-6,development,subsequence_knn,16,dynamic,0.5510149998548884,49,14,17,8156,1,1,17,1,1,0.9776436333963873,0.7105157599411148
SMAP,E-6,development,subsequence_knn,64,cal995,0.0018150964709719255,66,8170,0,0,1,1,0,1,1,0.9685434516523869,0.43257960234069526
SMAP,E-6,development,subsequence_knn,64,dynamic,0.6290140518770294,16,16,50,8154,1,1,50,1,1,0.9685434516523869,0.43257960234069526
SMAP,E-6,development,gru_target,1,cal995,0.008881010115146637,19,0,47,8170,1,1,5,1,1,0.5865435258336116,0.3044501371531676
SMAP,E-6,development,gru_target,1,dynamic,0.2800120023119466,13,0,53,8170,1,1,5,1,1,0.5865435258336116,0.3044501371531676
SMAP,E-6,development,gru_target,16,cal995,0.004312175191943428,57,7,9,8163,1,1,5,2,1,0.9738325729757797,0.8820782425182878
SMAP,E-6,development,gru_target,16,dynamic,0.41632704685217803,18,0,48,8170,1,1,7,1,1,0.9738325729757797,0.8820782425182878
SMAP,E-6,development,gru_target,64,cal995,0.0027641919456762028,61,125,5,8045,1,1,5,1,1,0.9664329958087607,0.9225497828984421
SMAP,E-6,development,gru_target,64,dynamic,0.271853215234617,24,0,42,8170,1,1,11,1,1,0.9664329958087607,0.9225497828984421
SMAP,E-6,development,gru_context,1,cal995,0.047561263311654264,16,51,50,8119,1,1,4,28,2,0.5816744556952635,0.22856590200343874
SMAP,E-6,development,gru_context,1,dynamic,0.3862770091439334,12,0,54,8170,1,1,5,1,1,0.5816744556952635,0.22856590200343874
SMAP,E-6,development,gru_context,16,cal995,0.03273647487109458,44,63,22,8107,1,1,5,8,1,0.9617892511405364,0.6697643841207427
SMAP,E-6,development,gru_context,16,dynamic,0.617851397252128,16,0,50,8170,1,1,8,1,1,0.9617892511405364,0.6697643841207427
SMAP,E-6,development,gru_context,64,cal995,0.012919864699279488,61,287,5,7883,1,1,5,7,1,0.9642761766996774,0.920197553531749
SMAP,E-6,development,gru_context,64,dynamic,0.3658005664774838,24,0,42,8170,1,1,11,1,1,0.9642761766996774,0.920197553531749
SMAP,E-8,development,zmax,1,cal995,11.958260536193848,0,15,623,7830,1,0,0,13,0,0.6619586756652518,0.12801149332885456
SMAP,E-8,development,zmax,1,dynamic,12.202103328973477,0,15,623,7830,1,0,0,13,0,0.6619586756652518,0.12801149332885456
SMAP,E-8,development,zmax,16,cal995,5.993096433961758,0,36,623,7809,1,0,0,11,0,0.6993615260356404,0.12674204790738308
SMAP,E-8,development,zmax,16,dynamic,8.633699731640698,0,1,623,7844,1,0,0,1,0,0.6993615260356404,0.12674204790738308
SMAP,E-8,development,zmax,64,cal995,2.9053561931097867,0,67,623,7778,1,0,0,9,0,0.7674502064989099,0.1960404123857403
SMAP,E-8,development,zmax,64,dynamic,3.911860583969404,0,8,623,7837,1,0,0,1,0,0.7674502064989099,0.1960404123857403
SMAP,E-8,development,ztarget,1,cal995,2.0054688453674316,165,0,458,7845,1,1,271,1,1,0.6941337327248341,0.44906577743449777
SMAP,E-8,development,ztarget,1,dynamic,1.9712809850260702,165,0,458,7845,1,1,271,1,1,0.6941337327248341,0.44906577743449777
SMAP,E-8,development,ztarget,16,cal995,1.4648612741615323,205,27,418,7818,1,1,259,2,1,0.6910802905818696,0.4573084035513299
SMAP,E-8,development,ztarget,16,dynamic,2.003259894267027,160,0,463,7845,1,1,279,1,1,0.6910802905818696,0.4573084035513299
SMAP,E-8,development,ztarget,64,cal995,1.3308381224731247,204,22,419,7823,1,1,274,2,1,0.6906084684502198,0.4731527010774471
SMAP,E-8,development,ztarget,64,dynamic,2.1051611543411854,103,0,520,7845,1,1,339,1,1,0.6906084684502198,0.4731527010774471
SMAP,E-8,development,pca,1,cal995,0.8476839274168014,7,80,616,7765,1,1,58,60,4,0.7212031464357072,0.14371407042491635
SMAP,E-8,development,pca,1,dynamic,5.472294370350665,0,6,623,7839,1,0,0,4,0,0.7212031464357072,0.14371407042491635
SMAP,E-8,development,pca,16,cal995,0.1817186203855105,34,258,589,7587,1,1,59,43,2,0.5632402272357586,0.08258318630051117
SMAP,E-8,development,pca,16,dynamic,2.522238089500162,0,20,623,7825,1,0,0,3,0,0.5632402272357586,0.08258318630051117
SMAP,E-8,development,pca,64,cal995,0.07881843672518268,78,499,545,7346,1,1,0,18,3,0.5851067073014782,0.09476145916868968
SMAP,E-8,development,pca,64,dynamic,1.5258213871703894,0,9,623,7836,1,0,0,1,0,0.5851067073014782,0.09476145916868968
SMAP,E-8,development,iforest,1,cal995,0.7453755727297605,5,16,618,7829,1,1,60,18,3,0.7230150375401412,0.16103667925581097
SMAP,E-8,development,iforest,1,dynamic,0.7578192232366677,1,0,622,7845,1,1,213,1,1,0.7230150375401412,0.16103667925581097
SMAP,E-8,development,iforest,16,cal995,0.5419871054439277,4,7,619,7838,1,1,62,8,3,0.7363758290391585,0.25214755280642687
SMAP,E-8,development,iforest,16,dynamic,0.5568879632534872,1,1,622,7844,1,1,62,2,1,0.7363758290391585,0.25214755280642687
SMAP,E-8,development,iforest,64,cal995,0.47128831228283935,175,0,448,7845,1,1,70,2,2,0.796808141693956,0.4763212917969646
SMAP,E-8,development,iforest,64,dynamic,0.5163821348824573,69,0,554,7845,1,1,355,1,1,0.796808141693956,0.4763212917969646
SMAP,E-8,development,subsequence_knn,1,cal995,0.699561958014965,221,36,402,7809,1,1,256,13,3,0.662325023248391,0.45054790728037586
SMAP,E-8,development,subsequence_knn,1,dynamic,1.3000467765578922,117,0,506,7845,1,1,325,1,1,0.662325023248391,0.45054790728037586
SMAP,E-8,development,subsequence_knn,16,cal995,0.6235399459598384,242,127,381,7718,1,1,259,12,1,0.6690063397262572,0.4562972943571102
SMAP,E-8,development,subsequence_knn,16,dynamic,1.3483606991888408,100,0,523,7845,1,1,344,1,1,0.6690063397262572,0.4562972943571102
SMAP,E-8,development,subsequence_knn,64,cal995,0.4551141287889645,336,1984,287,5861,1,1,167,38,2,0.7379721674047839,0.5023129493421491
SMAP,E-8,development,subsequence_knn,64,dynamic,1.295198099953545,92,0,531,7845,1,1,371,1,1,0.7379721674047839,0.5023129493421491
SMAP,E-8,development,gru_target,1,cal995,0.6609793078899383,0,0,623,7845,1,0,0,0,0,0.6522363980288229,0.35724961158170515
SMAP,E-8,development,gru_target,1,dynamic,0.4723465567259657,1,0,622,7845,1,1,347,1,1,0.6522363980288229,0.35724961158170515
SMAP,E-8,development,gru_target,16,cal995,0.2655377550494929,164,0,459,7845,1,1,274,1,1,0.6533819887118704,0.4152110109471656
SMAP,E-8,development,gru_target,16,dynamic,0.3652834504987764,60,0,563,7845,1,1,339,1,1,0.6533819887118704,0.4152110109471656
SMAP,E-8,development,gru_target,64,cal995,0.16838134013627074,205,0,418,7845,1,1,272,1,1,0.6829756303664396,0.46502644355488293
SMAP,E-8,development,gru_target,64,dynamic,0.318760085172051,102,0,521,7845,1,1,337,1,1,0.6829756303664396,0.46502644355488293
SMAP,E-8,development,gru_context,1,cal995,0.4780103027820587,289,1321,334,6524,1,1,14,138,8,0.6554315300356937,0.338559539657314
SMAP,E-8,development,gru_context,1,dynamic,1.2042204915340444,20,5,603,7840,1,1,337,6,1,0.6554315300356937,0.338559539657314
SMAP,E-8,development,gru_context,16,cal995,0.28598176224634747,333,2029,290,5816,1,1,16,116,6,0.6514828330197742,0.42404804266374474
SMAP,E-8,development,gru_context,16,dynamic,1.1779748356949582,55,0,568,7845,1,1,344,1,1,0.6514828330197742,0.42404804266374474
SMAP,E-8,development,gru_context,64,cal995,0.17922571953998373,537,5441,86,2404,1,1,14,72,3,0.7109311939698431,0.48431707176915617
SMAP,E-8,development,gru_context,64,dynamic,1.046532253060451,106,0,517,7845,1,1,335,1,1,0.7109311939698431,0.48431707176915617
MSL,F-5,development,zmax,1,cal995,14.399580097198527,0,31,151,3676,1,0,0,29,0,0.6736592842965787,0.11154660325808692
MSL,F-5,development,zmax,1,dynamic,28.893449717829352,0,2,151,3705,1,0,0,2,0,0.6736592842965787,0.11154660325808692
MSL,F-5,development,zmax,16,cal995,3.490800931194738,81,85,70,3622,1,1,35,34,1,0.7653106615906545,0.5297138836150227
MSL,F-5,development,zmax,16,dynamic,5.957415454167677,51,4,100,3703,1,1,61,4,1,0.7653106615906545,0.5297138836150227
MSL,F-5,development,zmax,64,cal995,2.480161075411136,109,67,42,3640,1,1,42,15,1,0.8607467168789313,0.7386122065018201
MSL,F-5,development,zmax,64,dynamic,5.785452878114663,23,0,128,3707,1,1,90,1,1,0.8607467168789313,0.7386122065018201
MSL,F-5,development,ztarget,1,cal995,0.3960706338286406,85,1831,66,1876,1,1,26,24,1,0.7017750559617834,0.5744867468228277
MSL,F-5,development,ztarget,1,dynamic,4.686559431888336,80,0,71,3707,1,1,31,1,1,0.7017750559617834,0.5744867468228277
MSL,F-5,development,ztarget,16,cal995,0.36573255556028383,113,1935,38,1772,1,1,27,20,1,0.8077987412395021,0.6524894951284397
MSL,F-5,development,ztarget,16,dynamic,4.914801959612222,71,0,80,3707,1,1,42,1,1,0.8077987412395021,0.6524894951284397
MSL,F-5,development,ztarget,64,cal995,0.36623802194650135,123,1988,28,1719,1,1,28,14,1,0.8660633096147078,0.7837105422874175
MSL,F-5,development,ztarget,64,dynamic,5.261193720159464,30,0,121,3707,1,1,85,1,1,0.8660633096147078,0.7837105422874175
MSL,F-5,development,pca,1,cal995,1e-06,0,0,151,3707,1,0,0,0,0,0.692387053667931,0.13076876883668323
MSL,F-5,development,pca,1,dynamic,1e-06,0,0,151,3707,1,0,0,0,0,0.692387053667931,0.13076876883668323
MSL,F-5,development,pca,16,cal995,1e-06,0,0,151,3707,1,0,0,0,0,0.742829477791256,0.11303599306027473
MSL,F-5,development,pca,16,dynamic,1e-06,0,0,151,3707,1,0,0,0,0,0.742829477791256,0.11303599306027473
MSL,F-5,development,pca,64,cal995,1e-06,0,0,151,3707,1,0,0,0,0,0.8147624772892523,0.3447531083678634
MSL,F-5,development,pca,64,dynamic,1e-06,0,0,151,3707,1,0,0,0,0,0.8147624772892523,0.3447531083678634
MSL,F-5,development,iforest,1,cal995,0.6229821231935231,8,41,143,3666,1,1,61,36,7,0.6175197451751385,0.16865446060687891
MSL,F-5,development,iforest,1,dynamic,0.6823671113780734,2,0,149,3707,1,1,109,1,1,0.6175197451751385,0.16865446060687891
MSL,F-5,development,iforest,16,cal995,0.44393304460728844,80,38,71,3669,1,1,36,15,1,0.7521495934843155,0.5705039452005548
MSL,F-5,development,iforest,16,dynamic,0.4989350157165068,64,3,87,3704,1,1,49,3,1,0.7521495934843155,0.5705039452005548
MSL,F-5,development,iforest,64,cal995,0.38575193626261495,112,269,39,3438,1,1,39,31,1,0.8286649385358289,0.6731490478348001
MSL,F-5,development,iforest,64,dynamic,0.5067606156723077,10,0,141,3707,1,1,103,1,1,0.8286649385358289,0.6731490478348001
MSL,F-5,development,subsequence_knn,1,cal995,0.22975186370313166,123,1176,28,2531,1,1,28,57,1,0.8679552019894347,0.7825276590836551
MSL,F-5,development,subsequence_knn,1,dynamic,1.9072729395158066,63,0,88,3707,1,1,81,2,2,0.8679552019894347,0.7825276590836551
MSL,F-5,development,subsequence_knn,16,cal995,0.22241921561180386,120,1217,31,2490,1,1,31,16,1,0.8639516790321515,0.7355539774383005
MSL,F-5,development,subsequence_knn,16,dynamic,2.036986397085597,47,0,104,3707,1,1,97,1,1,0.8639516790321515,0.7355539774383005
MSL,F-5,development,subsequence_knn,64,cal995,0.1972541003063314,126,1350,25,2357,1,1,0,10,2,0.8961602981293669,0.5938644577587472
MSL,F-5,development,subsequence_knn,64,dynamic,1.8499914954262207,38,11,113,3696,1,1,113,1,1,0.8961602981293669,0.5938644577587472
MSL,F-5,development,gru_target,1,cal995,0.45827642306685473,90,39,61,3668,1,1,26,20,2,0.8435937379970236,0.6561690529976494
MSL,F-5,development,gru_target,1,dynamic,1.909084596523597,85,1,66,3706,1,1,28,2,1,0.8435937379970236,0.6561690529976494
MSL,F-5,development,gru_target,16,cal995,0.20955412379022592,119,74,32,3633,1,1,27,12,2,0.8606556059147096,0.7873120414645486
MSL,F-5,development,gru_target,16,dynamic,1.7677732893964124,82,0,69,3707,1,1,36,1,1,0.8606556059147096,0.7873120414645486
MSL,F-5,development,gru_target,64,cal995,0.12270899028225207,123,165,28,3542,1,1,28,7,1,0.8713548914975605,0.8139326768587011
MSL,F-5,development,gru_target,64,dynamic,2.2801492770111675,26,0,125,3707,1,1,92,1,1,0.8713548914975605,0.8139326768587011
MSL,F-5,development,gru_context,1,cal995,0.3121339417994028,92,43,59,3664,1,1,26,30,2,0.8146034797242375,0.6543530380797329
MSL,F-5,development,gru_context,1,dynamic,1.2249410987142477,87,0,64,3707,1,1,27,1,1,0.8146034797242375,0.6543530380797329
MSL,F-5,development,gru_context,16,cal995,0.17355992290520725,124,192,27,3515,1,1,27,15,1,0.851678496204603,0.8047104620048523
MSL,F-5,development,gru_context,16,dynamic,2.361904441562087,43,0,108,3707,1,1,72,1,1,0.851678496204603,0.8047104620048523
MSL,F-5,development,gru_context,64,cal995,0.11426382534345415,123,392,28,3315,1,1,28,9,1,0.8839871587135132,0.813094963426466
MSL,F-5,development,gru_context,64,dynamic,2.1569653975934724,27,0,124,3707,1,1,92,1,1,0.8839871587135132,0.813094963426466
SMAP,G-1,development,zmax,1,cal995,12.969193458557129,0,39,121,8245,1,0,0,31,0,0.4443710069395948,0.017008668648285964
SMAP,G-1,development,zmax,1,dynamic,30.31469936642752,0,18,121,8266,1,0,0,15,0,0.4443710069395948,0.017008668648285964
SMAP,G-1,development,zmax,16,cal995,5.7594159555526385,0,127,121,8157,1,0,0,26,0,0.3904130635178438,0.010931223073368936
SMAP,G-1,development,zmax,16,dynamic,11.283585324802136,0,2,121,8282,1,0,0,1,0,0.3904130635178438,0.010931223073368936
SMAP,G-1,development,zmax,64,cal995,3.446691253560803,0,236,121,8048,1,0,0,17,0,0.23097796808345072,0.008698550018905866
SMAP,G-1,development,zmax,64,dynamic,5.428061937917696,0,7,121,8277,1,0,0,1,0,0.23097796808345072,0.008698550018905866
SMAP,G-1,development,ztarget,1,cal995,2.9287917232513427,0,4,121,8280,1,0,0,2,0,0.43361792722005177,0.01608582139733689
SMAP,G-1,development,ztarget,1,dynamic,2.7390562272693604,0,69,121,8215,1,0,0,16,0,0.43361792722005177,0.01608582139733689
SMAP,G-1,development,ztarget,16,cal995,2.6484843180076827,0,67,121,8217,1,0,0,5,0,0.4349627480635777,0.012050142023081764
SMAP,G-1,development,ztarget,16,dynamic,2.6711776435861334,0,55,121,8229,1,0,0,5,0,0.4349627480635777,0.012050142023081764
SMAP,G-1,development,ztarget,64,cal995,2.133646992546351,0,541,121,7743,1,0,0,8,0,0.4031808803987374,0.011814359103091863
SMAP,G-1,development,ztarget,64,dynamic,2.5619054666968837,0,15,121,8269,1,0,0,2,0,0.4031808803987374,0.011814359103091863
SMAP,G-1,development,pca,1,cal995,1.388985087275505,0,60,121,8224,1,0,0,49,0,0.21715863698217416,0.012787629992411568
SMAP,G-1,development,pca,1,dynamic,6.950756784117871,0,20,121,8264,1,0,0,15,0,0.21715863698217416,0.012787629992411568
SMAP,G-1,development,pca,16,cal995,0.2786393211865068,0,310,121,7974,1,0,0,30,0,0.16286299188717873,0.008023986397059257
SMAP,G-1,development,pca,16,dynamic,3.1919642639045502,0,49,121,8235,1,0,0,6,0,0.16286299188717873,0.008023986397059257
SMAP,G-1,development,pca,64,cal995,0.1266298331043118,0,641,121,7643,1,0,0,7,0,0.24852149518538175,0.008894688258440935
SMAP,G-1,development,pca,64,dynamic,0.6740148838890613,0,310,121,7974,1,0,0,7,0,0.24852149518538175,0.008894688258440935
SMAP,G-1,development,iforest,1,cal995,0.7557338473470318,0,50,121,8234,1,0,0,41,0,0.6425924115391215,0.025922078648959773
SMAP,G-1,development,iforest,1,dynamic,0.7640546596285771,0,25,121,8259,1,0,0,20,0,0.6425924115391215,0.025922078648959773
SMAP,G-1,development,iforest,16,cal995,0.6032401762410206,0,23,121,8261,1,0,0,8,0,0.5696134338423966,0.015121995603324966
SMAP,G-1,development,iforest,16,dynamic,0.6193576063100517,0,2,121,8282,1,0,0,2,0,0.5696134338423966,0.015121995603324966
SMAP,G-1,development,iforest,64,cal995,0.5239897628461783,0,478,121,7806,1,0,0,11,0,0.5032543068186807,0.013211894378066663
SMAP,G-1,development,iforest,64,dynamic,0.5700491140590066,0,4,121,8280,1,0,0,1,0,0.5032543068186807,0.013211894378066663
SMAP,G-1,development,subsequence_knn,1,cal995,1.162365191578865,0,593,121,7691,1,0,0,7,0,0.4649997406131904,0.01237725327060564
SMAP,G-1,development,subsequence_knn,1,dynamic,1.538388592561624,0,10,121,8274,1,0,0,1,0,0.4649997406131904,0.01237725327060564
SMAP,G-1,development,subsequence_knn,16,cal995,1.1398287298549374,0,644,121,7640,1,0,0,7,0,0.48600608162304315,0.01281747336065544
SMAP,G-1,development,subsequence_knn,16,dynamic,1.3903104310380123,0,113,121,8171,1,0,0,3,0,0.48600608162304315,0.01281747336065544
SMAP,G-1,development,subsequence_knn,64,cal995,1.0643786595796392,0,810,121,7474,1,0,0,3,0,0.5875071331372635,0.01622718018405189
SMAP,G-1,development,subsequence_knn,64,dynamic,1.3525037872300874,0,126,121,8158,1,0,0,3,0,0.5875071331372635,0.01622718018405189
SMAP,G-1,development,gru_target,1,cal995,0.9547964993119238,0,0,121,8284,1,0,0,0,0,0.20232969260667782,0.008517609272631546
SMAP,G-1,development,gru_target,1,dynamic,0.8054490389143938,0,1,121,8283,1,0,0,1,0,0.20232969260667782,0.008517609272631546
SMAP,G-1,development,gru_target,16,cal995,0.6296617377480531,0,3,121,8281,1,0,0,2,0,0.12427621103710827,0.007713594912963974
SMAP,G-1,development,gru_target,16,dynamic,0.6179291976651449,0,7,121,8277,1,0,0,2,0,0.12427621103710827,0.007713594912963974
SMAP,G-1,development,gru_target,64,cal995,0.47258988963176435,0,51,121,8233,1,0,0,2,0,0.06558096659496948,0.0074594266891390365
SMAP,G-1,development,gru_target,64,dynamic,0.5186066662122844,0,5,121,8279,1,0,0,1,0,0.06558096659496948,0.0074594266891390365
SMAP,G-1,development,gru_context,1,cal995,0.9431985682249069,0,32,121,8252,1,0,0,14,0,0.2393062799541883,0.008832783090953674
SMAP,G-1,development,gru_context,1,dynamic,1.74021822842604,0,4,121,8280,1,0,0,2,0,0.2393062799541883,0.008832783090953674
SMAP,G-1,development,gru_context,16,cal995,0.6644937382387575,0,17,121,8267,1,0,0,3,0,0.20669636978183575,0.00827173398570237
SMAP,G-1,development,gru_context,16,dynamic,0.7561299712788543,0,7,121,8277,1,0,0,2,0,0.20669636978183575,0.00827173398570237
SMAP,G-1,development,gru_context,64,cal995,0.49761115164716185,0,32,121,8252,1,0,0,4,0,0.1503425901169635,0.007841436591261058
SMAP,G-1,development,gru_context,64,dynamic,0.5234766486685567,0,4,121,8280,1,0,0,1,0,0.1503425901169635,0.007841436591261058
SMAP,G-4,development,zmax,1,cal995,0.2630254626274109,2,0,29,7537,1,1,16,1,1,0.532258064516129,0.06834805292232149
SMAP,G-4,development,zmax,1,dynamic,0.33384996207330586,2,0,29,7537,1,1,16,1,1,0.532258064516129,0.06834805292232149
SMAP,G-4,development,zmax,16,cal995,0.2630254626274109,15,2911,16,4626,1,1,16,1,1,0.6422637568639872,0.4859851326467981
SMAP,G-4,development,zmax,16,dynamic,0.3743969159270275,11,0,20,7537,1,1,16,1,1,0.6422637568639872,0.4859851326467981
SMAP,G-4,development,zmax,64,cal995,0.2630254626274109,15,1020,16,6517,1,1,16,1,1,0.7069767640928409,0.4747649362933618
SMAP,G-4,development,zmax,64,dynamic,0.3200247688107043,14,6,17,7531,1,1,17,1,1,0.7069767640928409,0.4747649362933618
SMAP,G-4,development,ztarget,1,cal995,0.014679789543151855,2,0,29,7537,1,1,16,1,1,0.47693743125312976,0.06821919860802483
SMAP,G-4,development,ztarget,1,dynamic,0.08962325140338645,2,0,29,7537,1,1,16,1,1,0.47693743125312976,0.06821919860802483
SMAP,G-4,development,ztarget,16,cal995,0.014679789543151855,15,22,16,7515,1,1,16,1,1,0.5335955522647412,0.4856322531432144
SMAP,G-4,development,ztarget,16,dynamic,0.1338711528700972,11,0,20,7537,1,1,16,1,1,0.5335955522647412,0.4856322531432144
SMAP,G-4,development,ztarget,64,cal995,0.014679789543151855,15,71,16,7466,1,1,16,1,1,0.545198525981502,0.472772897486865
SMAP,G-4,development,ztarget,64,dynamic,0.07466217153421921,14,6,17,7531,1,1,17,1,1,0.545198525981502,0.472772897486865
SMAP,G-4,development,pca,1,cal995,2.6526500732870772e-05,2,0,29,7537,1,1,16,1,1,0.47693743125312976,0.06821919860802483
SMAP,G-4,development,pca,1,dynamic,0.012536648472272236,2,0,29,7537,1,1,16,1,1,0.47693743125312976,0.06821919860802483
SMAP,G-4,development,pca,16,cal995,2.6526500732870772e-05,15,54,16,7483,1,1,16,1,1,0.5326026013601716,0.4856286559547397
SMAP,G-4,development,pca,16,dynamic,0.019704519835802032,11,0,20,7537,1,1,16,1,1,0.5326026013601716,0.4856286559547397
SMAP,G-4,development,pca,64,cal995,2.6526500732870772e-05,15,225,16,7312,1,1,16,1,1,0.5420998343655173,0.47444400471181414
SMAP,G-4,development,pca,64,dynamic,0.010091886059105427,14,6,17,7531,1,1,17,1,1,0.5420998343655173,0.47444400471181414
SMAP,G-4,development,iforest,1,cal995,0.4605595279302892,0,0,31,7537,1,0,0,0,0,0.4686728269569051,0.0039029130317262753
SMAP,G-4,development,iforest,1,dynamic,0.7674559900518585,0,0,31,7537,1,0,0,0,0,0.4686728269569051,0.0039029130317262753
SMAP,G-4,development,iforest,16,cal995,0.4605595279302892,0,0,31,7537,1,0,0,0,0,0.33623800005991944,0.0029357608695941653
SMAP,G-4,development,iforest,16,dynamic,0.6708940242595962,0,0,31,7537,1,0,0,0,0,0.33623800005991944,0.0029357608695941653
SMAP,G-4,development,iforest,64,cal995,0.4605595279302892,0,0,31,7537,1,0,0,0,0,0.17370648884856213,0.0024396612100919153
SMAP,G-4,development,iforest,64,dynamic,0.4595574945143767,0,15,31,7522,1,0,0,1,0,0.17370648884856213,0.0024396612100919153
SMAP,G-4,development,subsequence_knn,1,cal995,0.004999995231628418,15,67,16,7470,1,1,16,18,1,0.6180990982122603,0.07322794832570817
SMAP,G-4,development,subsequence_knn,1,dynamic,0.0848523382799896,15,50,16,7487,1,1,16,1,1,0.6180990982122603,0.07322794832570817
SMAP,G-4,development,subsequence_knn,16,cal995,0.00404063407851119,15,524,16,7013,1,1,16,63,1,0.6248357565044705,0.06026813928773195
SMAP,G-4,development,subsequence_knn,16,dynamic,0.22951528193843893,7,53,24,7484,1,1,24,1,1,0.6248357565044705,0.06026813928773195
SMAP,G-4,development,subsequence_knn,64,cal995,0.0035028155374763888,15,320,16,7217,1,1,16,15,1,0.6994654328966347,0.03559853629732835
SMAP,G-4,development,subsequence_knn,64,dynamic,0.2575087943429914,0,28,31,7509,1,0,0,1,0,0.6994654328966347,0.03559853629732835
SMAP,G-4,development,gru_target,1,cal995,0.01688483703881502,7,52,24,7485,1,1,16,53,1,0.5894811403527543,0.23654312996065918
SMAP,G-4,development,gru_target,1,dynamic,0.23449755324183746,3,0,28,7537,1,1,16,1,1,0.5894811403527543,0.23654312996065918
SMAP,G-4,development,gru_target,16,cal995,0.011401999567273478,15,24,16,7513,1,1,16,1,1,0.5353845758772849,0.4856388992948323
SMAP,G-4,development,gru_target,16,dynamic,0.14337241051249902,12,0,19,7537,1,1,16,1,1,0.5353845758772849,0.4856388992948323
SMAP,G-4,development,gru_target,64,cal995,0.011659278025053609,15,78,16,7459,1,1,16,1,1,0.5451343265695685,0.46954732361639107
SMAP,G-4,development,gru_target,64,dynamic,0.0806167608122699,14,7,17,7530,1,1,17,1,1,0.5451343265695685,0.46954732361639107
SMAP,G-4,development,gru_context,1,cal995,0.01646413281559944,8,76,23,7461,1,1,16,78,2,0.6662550771034936,0.265965528855506
SMAP,G-4,development,gru_context,1,dynamic,0.17729196476885975,3,0,28,7537,1,1,16,1,1,0.6662550771034936,0.265965528855506
SMAP,G-4,development,gru_context,16,cal995,0.01276502624613591,15,23,16,7514,1,1,16,1,1,0.5354915748971739,0.48563929179953336
SMAP,G-4,development,gru_context,16,dynamic,0.1410502896428683,12,0,19,7537,1,1,16,1,1,0.5354915748971739,0.48563929179953336
SMAP,G-4,development,gru_context,64,cal995,0.012944030383865181,15,74,16,7463,1,1,16,1,1,0.5446892106468305,0.47069741760226347
SMAP,G-4,development,gru_context,64,dynamic,0.07904573231862108,14,6,17,7531,1,1,17,1,1,0.5446892106468305,0.47069741760226347
MSL,M-1,development,zmax,1,cal995,19.040669860839913,2,3,1139,1069,1,1,267,5,2,0.24416916294949442,0.441057949667514
MSL,M-1,development,zmax,1,dynamic,27.006645004155576,1,2,1140,1070,1,1,610,3,1,0.24416916294949442,0.441057949667514
MSL,M-1,development,zmax,16,cal995,6.1754417597142375,3,6,1138,1066,1,1,305,5,3,0.20202640391382265,0.36765466493653626
MSL,M-1,development,zmax,16,dynamic,7.003514728528925,0,2,1141,1070,1,0,0,1,0,0.20202640391382265,0.36765466493653626
MSL,M-1,development,zmax,64,cal995,3.9143675779424343,0,28,1141,1044,1,0,0,3,0,0.15628311117506244,0.3466354635825168
MSL,M-1,development,zmax,64,dynamic,12.612536958140321,0,0,1141,1072,1,0,0,0,0,0.15628311117506244,0.3466354635825168
MSL,M-1,development,ztarget,1,cal995,3.256189832687378,27,421,1114,651,1,1,0,18,1,0.15779518816958155,0.3599323201056362
MSL,M-1,development,ztarget,1,dynamic,16.258901182000134,0,0,1141,1072,1,0,0,0,0,0.15779518816958155,0.3599323201056362
MSL,M-1,development,ztarget,16,cal995,3.1659769993134232,9,151,1132,921,1,1,18,16,1,0.1242568380708203,0.34044701519256904
MSL,M-1,development,ztarget,16,dynamic,14.121673561336817,0,0,1141,1072,1,0,0,0,0,0.1242568380708203,0.34044701519256904
MSL,M-1,development,ztarget,64,cal995,3.1286365200976314,0,0,1141,1072,1,0,0,0,0,0.1020690805394587,0.33544057857927895
MSL,M-1,development,ztarget,64,dynamic,12.603610576253342,0,0,1141,1072,1,0,0,0,0,0.1020690805394587,0.33544057857927895
MSL,M-1,development,pca,1,cal995,0.6728048595786099,1,17,1140,1055,1,1,26,18,1,0.19030668306146742,0.3573235045845785
MSL,M-1,development,pca,1,dynamic,0.8594317490507336,0,1,1141,1071,1,0,0,1,0,0.19030668306146742,0.3573235045845785
MSL,M-1,development,pca,16,cal995,0.25117760931598615,1,208,1140,864,1,1,26,23,1,0.10187777152798672,0.3347221120022031
MSL,M-1,development,pca,16,dynamic,0.47339998375871506,0,25,1141,1047,1,0,0,2,0,0.10187777152798672,0.3347221120022031
MSL,M-1,development,pca,64,cal995,0.19218564572211846,1,405,1140,667,1,1,26,14,1,0.052682740983949664,0.32533304373039557
MSL,M-1,development,pca,64,dynamic,0.3268856853113941,0,19,1141,1053,1,0,0,1,0,0.052682740983949664,0.32533304373039557
MSL,M-1,development,iforest,1,cal995,0.6688351118113486,1,4,1140,1068,1,1,7,5,1,0.4405973255981268,0.48820984881276336
MSL,M-1,development,iforest,1,dynamic,0.6614803988357907,6,16,1135,1056,1,1,7,22,6,0.4405973255981268,0.48820984881276336
MSL,M-1,development,iforest,16,cal995,0.5376330669910132,20,3,1121,1069,1,1,115,6,4,0.465421304956375,0.4710998659041248
MSL,M-1,development,iforest,16,dynamic,0.5524956210414363,6,0,1135,1072,1,1,119,4,4,0.465421304956375,0.4710998659041248
MSL,M-1,development,iforest,64,cal995,0.5217992296655082,7,0,1134,1072,1,1,132,1,1,0.5146498554554135,0.4874965522074219
MSL,M-1,development,iforest,64,dynamic,0.794548454542158,0,0,1141,1072,1,0,0,0,0,0.5146498554554135,0.4874965522074219
MSL,M-1,development,subsequence_knn,1,cal995,1.6167016857862473,28,528,1113,544,1,1,10,38,5,0.15871535181236673,0.349275176220241
MSL,M-1,development,subsequence_knn,1,dynamic,2.701738844953389,0,1,1141,1071,1,0,0,1,0,0.15871535181236673,0.349275176220241
MSL,M-1,development,subsequence_knn,16,cal995,1.550163872461755,38,645,1103,427,1,1,12,9,1,0.15565604274857092,0.3484254560014619
MSL,M-1,development,subsequence_knn,16,dynamic,8.965007973270293,0,0,1141,1072,1,0,0,0,0,0.15565604274857092,0.3484254560014619
MSL,M-1,development,subsequence_knn,64,cal995,1.4728839637903777,82,745,1059,327,1,1,0,1,1,0.1289618951692022,0.34160149920918764
MSL,M-1,development,subsequence_knn,64,dynamic,8.618467169707724,0,0,1141,1072,1,0,0,0,0,0.1289618951692022,0.34160149920918764
MSL,M-1,development,gru_target,1,cal995,3.827204457521439,0,7,1141,1065,1,0,0,7,0,0.19124033644224103,0.35366824041852624
MSL,M-1,development,gru_target,1,dynamic,4.11808560857637,0,2,1141,1070,1,0,0,2,0,0.19124033644224103,0.35366824041852624
MSL,M-1,development,gru_target,16,cal995,3.47837416498719,0,0,1141,1072,1,0,0,0,0,0.1252019372898871,0.34045870596624794
MSL,M-1,development,gru_target,16,dynamic,1.4819601559789755,0,2,1141,1070,1,0,0,2,0,0.1252019372898871,0.34045870596624794
MSL,M-1,development,gru_target,64,cal995,3.7516540709941353,0,0,1141,1072,1,0,0,0,0,0.1139768401637736,0.3386069889635465
MSL,M-1,development,gru_target,64,dynamic,4.816686336837055,0,0,1141,1072,1,0,0,0,0,0.1139768401637736,0.3386069889635465
MSL,M-1,development,gru_context,1,cal995,3.7990034127235415,0,9,1141,1063,1,0,0,9,0,0.20750732533650768,0.358771563104746
MSL,M-1,development,gru_context,1,dynamic,4.1605382948487994,0,1,1141,1071,1,0,0,1,0,0.20750732533650768,0.358771563104746
MSL,M-1,development,gru_context,16,cal995,3.4523777414151975,0,0,1141,1072,1,0,0,0,0,0.12247455753659398,0.3402935097568551
MSL,M-1,development,gru_context,16,dynamic,1.539525671211161,0,34,1141,1038,1,0,0,2,0,0.12247455753659398,0.3402935097568551
MSL,M-1,development,gru_context,64,cal995,3.7158149896127943,0,0,1141,1072,1,0,0,0,0,0.09642709982079087,0.33497809147263286
MSL,M-1,development,gru_context,64,dynamic,4.921360509993052,0,0,1141,1072,1,0,0,0,0,0.09642709982079087,0.33497809147263286
MSL,M-3,development,zmax,1,cal995,14.55280766010304,0,7,251,1805,1,0,0,7,0,0.5233184260749496,0.137393830306343
MSL,M-3,development,zmax,1,dynamic,20.67917368894779,0,3,251,1809,1,0,0,3,0,0.5233184260749496,0.137393830306343
MSL,M-3,development,zmax,16,cal995,3.5978769756592057,6,22,245,1790,1,1,108,11,3,0.5263647397166301,0.16297585104254692
MSL,M-3,development,zmax,16,dynamic,4.273194709769462,0,5,251,1807,1,0,0,4,0,0.5263647397166301,0.16297585104254692
MSL,M-3,development,zmax,64,cal995,2.3654429421450436,57,277,194,1535,1,1,41,17,3,0.5406387694256087,0.13810890116533422
MSL,M-3,development,zmax,64,dynamic,8.025344699710033,0,0,251,1812,1,0,0,0,0,0.5406387694256087,0.13810890116533422
MSL,M-3,development,ztarget,1,cal995,2.957343845367433,31,60,220,1752,1,1,173,8,1,0.5469314793804914,0.23501482861257067
MSL,M-3,development,ztarget,1,dynamic,2.818687245428118,35,92,216,1720,1,1,172,11,2,0.5469314793804914,0.23501482861257067
MSL,M-3,development,ztarget,16,cal995,2.318781519270041,63,129,188,1683,1,1,181,5,2,0.6199242764043165,0.1971233264061408
MSL,M-3,development,ztarget,16,dynamic,2.6058970198482503,47,106,204,1706,1,1,185,4,2,0.6199242764043165,0.1971233264061408
MSL,M-3,development,ztarget,64,cal995,1.3137100947563174,68,254,183,1558,1,1,183,4,1,0.6270920732082705,0.17507647250652036
MSL,M-3,development,ztarget,64,dynamic,2.513009737556848,0,45,251,1767,1,0,0,2,0,0.6270920732082705,0.17507647250652036
MSL,M-3,development,pca,1,cal995,0.1251928210258484,13,64,238,1748,1,1,180,43,7,0.4627714308329596,0.14617971359276383
MSL,M-3,development,pca,1,dynamic,0.4244855652520374,1,1,250,1811,1,1,195,2,1,0.4627714308329596,0.14617971359276383
MSL,M-3,development,pca,16,cal995,0.06591271445916884,33,142,218,1670,1,1,180,9,1,0.4541063120586088,0.15016037567868132
MSL,M-3,development,pca,16,dynamic,0.2191370143246499,1,0,250,1812,1,1,195,1,1,0.4541063120586088,0.15016037567868132
MSL,M-3,development,pca,64,cal995,0.04393129522307796,68,306,183,1506,1,1,183,9,1,0.5025373121201727,0.14440280418314252
MSL,M-3,development,pca,64,dynamic,0.1106736481975431,3,23,248,1789,1,1,202,2,1,0.5025373121201727,0.14440280418314252
MSL,M-3,development,iforest,1,cal995,0.5545188172998753,13,67,238,1745,1,1,40,52,7,0.5615671969956817,0.15378168315513946
MSL,M-3,development,iforest,1,dynamic,0.5926250048114415,7,17,244,1795,1,1,180,22,6,0.5615671969956817,0.15378168315513946
MSL,M-3,development,iforest,16,cal995,0.4549780344684597,24,99,227,1713,1,1,183,11,1,0.5573863486451545,0.16694588600733642
MSL,M-3,development,iforest,16,dynamic,0.4737811185157727,21,64,230,1748,1,1,184,13,1,0.5573863486451545,0.16694588600733642
MSL,M-3,development,iforest,64,cal995,0.40531189499841247,61,323,190,1489,1,1,185,17,1,0.634561093374845,0.1688110320128647
MSL,M-3,development,iforest,64,dynamic,0.4568409105786878,0,14,251,1798,1,0,0,2,0,0.634561093374845,0.1688110320128647
MSL,M-3,development,subsequence_knn,1,cal995,0.9065931510925294,26,30,225,1782,1,1,182,6,3,0.5672893415301268,0.22229291680181545
MSL,M-3,development,subsequence_knn,1,dynamic,1.011331468977248,10,10,241,1802,1,1,186,3,2,0.5672893415301268,0.22229291680181545
MSL,M-3,development,subsequence_knn,16,cal995,0.8413128961102776,39,47,212,1765,1,1,186,4,2,0.5484947626711696,0.21581244489464482
MSL,M-3,development,subsequence_knn,16,dynamic,0.9753046559976599,3,6,248,1806,1,1,242,2,1,0.5484947626711696,0.21581244489464482
MSL,M-3,development,subsequence_knn,64,cal995,0.7102398924662516,59,131,192,1681,1,1,192,4,1,0.4670325321231629,0.16802775945353704
MSL,M-3,development,subsequence_knn,64,dynamic,0.8661838520808989,6,22,245,1790,1,1,245,1,1,0.4670325321231629,0.16802775945353704
MSL,M-3,development,gru_target,1,cal995,1.4555339145660513,1,9,250,1803,1,1,172,6,1,0.5915795977238947,0.14026960040367215
MSL,M-3,development,gru_target,1,dynamic,1.967743441174468,1,2,250,1810,1,1,172,3,1,0.5915795977238947,0.14026960040367215
MSL,M-3,development,gru_target,16,cal995,0.6489553874780333,5,22,246,1790,1,1,173,8,2,0.5288778660193663,0.14592028318697975
MSL,M-3,development,gru_target,16,dynamic,0.7478948000210517,0,1,251,1811,1,0,0,1,0,0.5288778660193663,0.14592028318697975
MSL,M-3,development,gru_target,64,cal995,0.3263310752617279,76,368,175,1444,1,1,175,14,1,0.40748485088344194,0.15177187143916931
MSL,M-3,development,gru_target,64,dynamic,0.547801725336261,0,2,251,1810,1,0,0,1,0,0.40748485088344194,0.15177187143916931
MSL,M-3,development,gru_context,1,cal995,1.5216783666610831,1,11,250,1801,1,1,172,8,1,0.5720297617477111,0.1345853346667557
MSL,M-3,development,gru_context,1,dynamic,2.099299433702601,0,2,251,1810,1,0,0,2,0,0.5720297617477111,0.1345853346667557
MSL,M-3,development,gru_context,16,cal995,0.694605681860812,2,25,249,1787,1,1,174,8,1,0.5169256747843065,0.1328836544543084
MSL,M-3,development,gru_context,16,dynamic,0.7861620308270174,0,6,251,1806,1,0,0,2,0,0.5169256747843065,0.1328836544543084
MSL,M-3,development,gru_context,64,cal995,0.3522800589161579,77,341,174,1471,1,1,174,17,1,0.40662735371977876,0.13758135298372287
MSL,M-3,development,gru_context,64,dynamic,0.5741405688709798,0,4,251,1808,1,0,0,1,0,0.40662735371977876,0.13758135298372287
MSL,M-4,development,zmax,1,cal995,16.14839420795446,0,7,251,1716,1,0,0,7,0,0.5995807830777875,0.15419763129932507
MSL,M-4,development,zmax,1,dynamic,20.48919995351011,0,5,251,1718,1,0,0,5,0,0.5995807830777875,0.15419763129932507
MSL,M-4,development,zmax,16,cal995,4.13419464866341,4,16,247,1707,1,1,41,8,1,0.5979564042148297,0.21338334099126238
MSL,M-4,development,zmax,16,dynamic,4.767465076858636,0,1,251,1722,1,0,0,1,0,0.5979564042148297,0.21338334099126238
MSL,M-4,development,zmax,64,cal995,2.5724358411983883,70,125,181,1598,1,1,145,12,2,0.6261246366825213,0.26367211143944325
MSL,M-4,development,zmax,64,dynamic,7.870343669249754,0,0,251,1723,1,0,0,0,0,0.6261246366825213,0.26367211143944325
MSL,M-4,development,ztarget,1,cal995,3.11937774181366,0,45,251,1678,1,0,0,5,0,0.748761194340456,0.34900686514773893
MSL,M-4,development,ztarget,1,dynamic,3.2110945711358316,0,42,251,1681,1,0,0,5,0,0.748761194340456,0.34900686514773893
MSL,M-4,development,ztarget,16,cal995,2.316646149900861,94,47,157,1676,1,1,117,4,2,0.8246087038959657,0.4048937951782362
MSL,M-4,development,ztarget,16,dynamic,3.263585435479408,0,11,251,1712,1,0,0,1,0,0.8246087038959657,0.4048937951782362
MSL,M-4,development,ztarget,64,cal995,1.2890708706065606,134,245,117,1478,1,1,117,5,1,0.8270065414488303,0.5013598964078224
MSL,M-4,development,ztarget,64,dynamic,2.4949656238159634,37,15,214,1708,1,1,189,2,1,0.8270065414488303,0.5013598964078224
MSL,M-4,development,pca,1,cal995,0.0824800580739975,38,97,213,1626,1,1,36,73,18,0.45479602194819096,0.16003653864972295
MSL,M-4,development,pca,1,dynamic,0.4867979327203802,0,1,251,1722,1,0,0,1,0,0.45479602194819096,0.16003653864972295
MSL,M-4,development,pca,16,cal995,0.044599145565948295,97,235,154,1488,1,1,40,14,3,0.5264421131492601,0.23049754343474232
MSL,M-4,development,pca,16,dynamic,0.2617052034650814,0,1,251,1722,1,0,0,1,0,0.5264421131492601,0.23049754343474232
MSL,M-4,development,pca,64,cal995,0.04123396844030491,137,417,114,1306,1,1,55,8,3,0.6094553879664164,0.2648681066493583
MSL,M-4,development,pca,64,dynamic,0.12519292622908393,0,22,251,1701,1,0,0,1,0,0.6094553879664164,0.2648681066493583
MSL,M-4,development,iforest,1,cal995,0.5051548705296615,30,91,221,1632,1,1,36,80,18,0.6258240398822585,0.19811128752381402
MSL,M-4,development,iforest,1,dynamic,0.6373938467423799,0,7,251,1716,1,0,0,6,0,0.6258240398822585,0.19811128752381402
MSL,M-4,development,iforest,16,cal995,0.4232390318300163,73,162,178,1561,1,1,43,18,7,0.641154476695655,0.26336173607127666
MSL,M-4,development,iforest,16,dynamic,0.5340155210958334,0,2,251,1721,1,0,0,2,0,0.641154476695655,0.26336173607127666
MSL,M-4,development,iforest,64,cal995,0.38881868571999256,145,436,106,1287,1,1,48,22,4,0.6807268893086967,0.292682076769922
MSL,M-4,development,iforest,64,dynamic,0.44579270485455635,17,25,234,1698,1,1,207,2,1,0.6807268893086967,0.292682076769922
MSL,M-4,development,subsequence_knn,1,cal995,0.9212979993224144,116,146,135,1577,1,1,120,8,1,0.601716176501192,0.4154154949391754
MSL,M-4,development,subsequence_knn,1,dynamic,1.2724459920583397,30,13,221,1710,1,1,150,9,4,0.601716176501192,0.4154154949391754
MSL,M-4,development,subsequence_knn,16,cal995,0.8805567769383921,124,161,127,1562,1,1,127,6,1,0.5797864837804902,0.434992004566547
MSL,M-4,development,subsequence_knn,16,dynamic,1.2402661881007817,38,7,213,1716,1,1,156,2,1,0.5797864837804902,0.434992004566547
MSL,M-4,development,subsequence_knn,64,cal995,0.7506209785074942,113,316,138,1407,1,1,138,6,1,0.5288723226652299,0.4622639294197256
MSL,M-4,development,subsequence_knn,64,dynamic,1.118391519729038,65,0,186,1723,1,1,171,1,1,0.5288723226652299,0.4622639294197256
MSL,M-4,development,gru_target,1,cal995,1.3779275351762772,4,27,247,1696,1,1,145,28,4,0.6684162941964006,0.1787942292868793
MSL,M-4,development,gru_target,1,dynamic,1.963175172281317,0,1,251,1722,1,0,0,1,0,0.6684162941964006,0.1787942292868793
MSL,M-4,development,gru_target,16,cal995,0.7057570206749425,16,68,235,1655,1,1,145,6,3,0.670536657779792,0.23551186204179786
MSL,M-4,development,gru_target,16,dynamic,1.0648207693980216,0,7,251,1716,1,0,0,1,0,0.670536657779792,0.23551186204179786
MSL,M-4,development,gru_target,64,cal995,0.4015008124284289,126,263,125,1460,1,1,122,12,2,0.6026965845266641,0.27229087182143696
MSL,M-4,development,gru_target,64,dynamic,0.7336915800107892,0,40,251,1683,1,0,0,1,0,0.6026965845266641,0.27229087182143696
MSL,M-4,development,gru_context,1,cal995,1.4844117391109468,6,28,245,1695,1,1,145,27,5,0.6591440390498365,0.17689876475082544
MSL,M-4,development,gru_context,1,dynamic,2.2481630223910347,0,1,251,1722,1,0,0,1,0,0.6591440390498365,0.17689876475082544
MSL,M-4,development,gru_context,16,cal995,0.7579078487314808,20,64,231,1659,1,1,145,8,4,0.6557727303207368,0.22395861853769938
MSL,M-4,development,gru_context,16,dynamic,1.0904616218018321,0,17,251,1706,1,0,0,1,0,0.6557727303207368,0.22395861853769938
MSL,M-4,development,gru_context,64,cal995,0.4515337218617693,117,197,134,1526,1,1,129,13,2,0.5963123709457007,0.26941920113811185
MSL,M-4,development,gru_context,64,dynamic,0.7571485626941934,0,44,251,1679,1,0,0,1,0,0.5963123709457007,0.26941920113811185
MSL,P-11,development,zmax,1,cal995,16.234394073486328,1,4,227,3239,2,1,79,5,1,0.755920308789241,0.16937780125672017
MSL,P-11,development,zmax,1,dynamic,18.88893238629814,0,4,228,3239,2,0,0,4,0,0.755920308789241,0.16937780125672017
MSL,P-11,development,zmax,16,cal995,5.483226487693868,7,1,221,3242,2,1,28,2,1,0.8174272792681673,0.3207624157755675
MSL,P-11,development,zmax,16,dynamic,5.132185045322263,18,5,210,3238,2,1,2,6,2,0.8174272792681673,0.3207624157755675
MSL,P-11,development,zmax,64,cal995,3.463114525800627,47,0,181,3243,2,1,18,2,2,0.9094000032458575,0.590864104049583
MSL,P-11,development,zmax,64,dynamic,4.179514380182957,20,0,208,3243,2,1,30,1,1,0.9094000032458575,0.590864104049583
MSL,P-11,development,ztarget,1,cal995,1.9854788708686837,108,125,120,3118,2,2,27,86,22,0.7920155963451645,0.4684263474491545
MSL,P-11,development,ztarget,1,dynamic,6.792472063488315,1,0,227,3243,2,1,72,1,1,0.7920155963451645,0.4684263474491545
MSL,P-11,development,ztarget,16,cal995,1.3767116399841395,155,383,73,2860,2,2,26,22,8,0.9042336800991068,0.6190393764907417
MSL,P-11,development,ztarget,16,dynamic,4.896798152405617,14,0,214,3243,2,1,28,1,1,0.9042336800991068,0.6190393764907417
MSL,P-11,development,ztarget,64,cal995,1.1355178976955291,186,558,42,2685,2,2,34,12,3,0.9162190088233226,0.652368117999453
MSL,P-11,development,ztarget,64,dynamic,3.4554809367951393,15,0,213,3243,2,1,37,1,1,0.9162190088233226,0.652368117999453
MSL,P-11,development,pca,1,cal995,1e-06,0,0,228,3243,2,0,0,0,0,0.7960255827666608,0.16616990870025738
MSL,P-11,development,pca,1,dynamic,1e-06,0,0,228,3243,2,0,0,0,0,0.7960255827666608,0.16616990870025738
MSL,P-11,development,pca,16,cal995,1e-06,0,0,228,3243,2,0,0,0,0,0.6642796089823696,0.09042173568403153
MSL,P-11,development,pca,16,dynamic,1e-06,0,0,228,3243,2,0,0,0,0,0.6642796089823696,0.09042173568403153
MSL,P-11,development,pca,64,cal995,1e-06,0,0,228,3243,2,0,0,0,0,0.7123115374003928,0.11504502965897223
MSL,P-11,development,pca,64,dynamic,1e-06,0,0,228,3243,2,0,0,0,0,0.7123115374003928,0.11504502965897223
MSL,P-11,development,iforest,1,cal995,0.6432146359847908,6,15,222,3228,2,1,2,19,6,0.7979122374236547,0.2074761256968642
MSL,P-11,development,iforest,1,dynamic,0.663097125510203,5,0,223,3243,2,1,2,5,5,0.7979122374236547,0.2074761256968642
MSL,P-11,development,iforest,16,cal995,0.4647582623588026,62,6,166,3237,2,1,2,9,3,0.8862083515912816,0.51839703542654
MSL,P-11,development,iforest,16,dynamic,0.5308433145620537,30,0,198,3243,2,1,18,1,1,0.8862083515912816,0.51839703542654
MSL,P-11,development,iforest,64,cal995,0.41109386490094885,103,53,125,3190,2,2,79,5,3,0.947045187745806,0.6621185213779412
MSL,P-11,development,iforest,64,dynamic,0.493332690471855,11,0,217,3243,2,1,39,1,1,0.947045187745806,0.6621185213779412
MSL,P-11,development,subsequence_knn,1,cal995,0.7917415162920953,143,310,85,2933,2,2,85,38,2,0.8787401745189368,0.6416044577535915
MSL,P-11,development,subsequence_knn,1,dynamic,2.12962375605831,45,0,183,3243,2,1,45,1,1,0.8787401745189368,0.6416044577535915
MSL,P-11,development,subsequence_knn,16,cal995,0.7549656144592312,137,376,91,2867,2,2,91,9,2,0.8403268037500474,0.5925267034341433
MSL,P-11,development,subsequence_knn,16,dynamic,2.0699824430156353,44,0,184,3243,2,1,51,1,1,0.8403268037500474,0.5925267034341433
MSL,P-11,development,subsequence_knn,64,cal995,0.6278371973076332,132,692,96,2551,2,2,96,10,2,0.7417352354058133,0.424165648545318
MSL,P-11,development,subsequence_knn,64,dynamic,1.823758865434037,33,0,195,3243,2,1,74,1,1,0.7417352354058133,0.424165648545318
MSL,P-11,development,gru_target,1,cal995,1.637568234205246,37,29,191,3214,2,2,17,45,18,0.7855272624979037,0.3035701634723987
MSL,P-11,development,gru_target,1,dynamic,3.757583772462688,1,0,227,3243,2,1,72,1,1,0.7855272624979037,0.3035701634723987
MSL,P-11,development,gru_target,16,cal995,0.6130238688158969,145,146,83,3097,2,2,51,24,10,0.9211919329622238,0.6127528320689235
MSL,P-11,development,gru_target,16,dynamic,2.2219004697595586,4,0,224,3243,2,1,29,1,1,0.9211919329622238,0.6127528320689235
MSL,P-11,development,gru_target,64,cal995,0.42357720679196864,176,273,52,2970,2,2,52,10,2,0.9275835673055596,0.6884916882580279
MSL,P-11,development,gru_target,64,dynamic,1.3412503068869601,16,0,212,3243,2,1,34,1,1,0.9275835673055596,0.6884916882580279
MSL,P-11,development,gru_context,1,cal995,1.5289473974704781,41,35,187,3208,2,2,17,47,17,0.7943505850658097,0.31147167559281197
MSL,P-11,development,gru_context,1,dynamic,4.003293415805451,1,0,227,3243,2,1,72,1,1,0.7943505850658097,0.31147167559281197
MSL,P-11,development,gru_context,16,cal995,0.625501171958347,146,148,82,3095,2,2,34,30,12,0.927406397585082,0.6266746553681669
MSL,P-11,development,gru_context,16,dynamic,1.858743191818189,18,0,210,3243,2,2,99,2,2,0.927406397585082,0.6266746553681669
MSL,P-11,development,gru_context,64,cal995,0.4519395056022632,177,290,51,2953,2,2,51,8,2,0.9378756403806309,0.7066095918809254
MSL,P-11,development,gru_context,64,dynamic,1.3633008599955783,12,0,216,3243,2,1,36,1,1,0.9378756403806309,0.7066095918809254
MSL,P-15,development,zmax,1,cal995,12.289906425476048,14,1474,7,1297,1,1,7,24,1,0.6399013593167328,0.021204991692489114
MSL,P-15,development,zmax,1,dynamic,323.4040559091144,0,0,21,2771,1,0,0,0,0,0.6399013593167328,0.021204991692489114
MSL,P-15,development,zmax,16,cal995,5.1737378706498385,14,1493,7,1278,1,1,7,10,1,0.3341753879465897,0.005688259586237707
MSL,P-15,development,zmax,16,dynamic,321.7499412508066,0,0,21,2771,1,0,0,0,0,0.3341753879465897,0.005688259586237707
MSL,P-15,development,zmax,64,cal995,3.0287264123260003,13,1868,8,903,1,1,8,11,1,0.30929181488546337,0.005450439116562277
MSL,P-15,development,zmax,64,dynamic,318.79378124324734,0,0,21,2771,1,0,0,0,0,0.30929181488546337,0.005450439116562277
MSL,P-15,development,ztarget,1,cal995,1.8851626205444334,14,2093,7,678,1,1,7,21,1,0.6421697513361172,0.021222534915040326
MSL,P-15,development,ztarget,1,dynamic,325.89260416825124,0,0,21,2771,1,0,0,0,0,0.6421697513361172,0.021222534915040326
MSL,P-15,development,ztarget,16,cal995,1.6739369160190587,14,2154,7,617,1,1,7,7,1,0.3468577615095118,0.0057821322797868575
MSL,P-15,development,ztarget,16,dynamic,324.93180299969396,0,0,21,2771,1,0,0,0,0,0.3468577615095118,0.0057821322797868575
MSL,P-15,development,ztarget,64,cal995,1.603080402280573,14,2170,7,601,1,1,7,6,1,0.32865907099035935,0.005601689608155821
MSL,P-15,development,ztarget,64,dynamic,321.99781989305797,0,0,21,2771,1,0,0,0,0,0.32865907099035935,0.005601689608155821
MSL,P-15,development,pca,1,cal995,0.5445202493667597,14,1480,7,1291,1,1,7,29,1,0.6043030709216202,0.01609102766177345
MSL,P-15,development,pca,1,dynamic,475.7157411799658,0,0,21,2771,1,0,0,0,0,0.6043030709216202,0.01609102766177345
MSL,P-15,development,pca,16,cal995,0.16726227601850696,14,1946,7,825,1,1,7,10,1,0.3271296248560774,0.005641182936872051
MSL,P-15,development,pca,16,dynamic,473.52563983456844,0,0,21,2771,1,0,0,0,0,0.3271296248560774,0.005641182936872051
MSL,P-15,development,pca,64,cal995,0.10352946149363418,14,2204,7,567,1,1,7,11,1,0.31901840490797545,0.005588370767728464
MSL,P-15,development,pca,64,dynamic,469.2074434001057,0,0,21,2771,1,0,0,0,0,0.31901840490797545,0.005588370767728464
MSL,P-15,development,iforest,1,cal995,0.5967197750568549,0,98,21,2673,1,0,0,94,0,0.5005499132168205,0.008492064297362618
MSL,P-15,development,iforest,1,dynamic,0.6406912606484454,0,51,21,2720,1,0,0,50,0,0.5005499132168205,0.008492064297362618
MSL,P-15,development,iforest,16,cal995,0.4377602213276504,0,684,21,2087,1,0,0,19,0,0.1615370074410132,0.004480384371026933
MSL,P-15,development,iforest,16,dynamic,0.9232821280272175,0,0,21,2771,1,0,0,0,0,0.1615370074410132,0.004480384371026933
MSL,P-15,development,iforest,64,cal995,0.38554491836318683,0,2124,21,647,1,0,0,9,0,0.0678627279132512,0.004109601234461597
MSL,P-15,development,iforest,64,dynamic,0.8692420271280901,0,0,21,2771,1,0,0,0,0,0.0678627279132512,0.004109601234461597
MSL,P-15,development,subsequence_knn,1,cal995,0.4733111655712128,14,2336,7,435,1,1,7,8,1,0.32197418844838543,0.005607131903178075
MSL,P-15,development,subsequence_knn,1,dynamic,317.7533939562731,0,0,21,2771,1,0,0,0,0,0.32197418844838543,0.005607131903178075
MSL,P-15,development,subsequence_knn,16,cal995,0.44222535705206995,14,2396,7,375,1,1,7,6,1,0.3090684126411301,0.00545446589429785
MSL,P-15,development,subsequence_knn,16,dynamic,317.46165865622527,0,0,21,2771,1,0,0,0,0,0.3090684126411301,0.00545446589429785
MSL,P-15,development,subsequence_knn,64,cal995,0.4024976010604851,21,2588,0,183,1,1,0,2,1,0.3093433692495403,0.005347532810446837
MSL,P-15,development,subsequence_knn,64,dynamic,315.3514583928492,0,0,21,2771,1,0,0,0,0,0.3093433692495403,0.005347532810446837
MSL,P-15,development,gru_target,1,cal995,0.7124994158744808,14,1778,7,993,1,1,7,70,1,0.683817085116255,0.2342931682631795
MSL,P-15,development,gru_target,1,dynamic,324.5394203689897,0,0,21,2771,1,0,0,0,0,0.683817085116255,0.2342931682631795
MSL,P-15,development,gru_target,16,cal995,0.31106345864116947,14,2084,7,687,1,1,7,9,1,0.3319241807152309,0.005673483753049635
MSL,P-15,development,gru_target,16,dynamic,323.59074095155256,0,0,21,2771,1,0,0,0,0,0.3319241807152309,0.005673483753049635
MSL,P-15,development,gru_target,64,cal995,0.21902198837519365,14,2502,7,269,1,1,7,7,1,0.3347081163753845,0.005692993210083272
MSL,P-15,development,gru_target,64,dynamic,320.70881490173815,0,0,21,2771,1,0,0,0,0,0.3347081163753845,0.005692993210083272
MSL,P-15,development,gru_context,1,cal995,0.6214171934127807,14,1883,7,888,1,1,7,55,1,0.6525407709095907,0.07087449915009485
MSL,P-15,development,gru_context,1,dynamic,318.6628597546613,0,0,21,2771,1,0,0,0,0,0.6525407709095907,0.07087449915009485
MSL,P-15,development,gru_context,16,cal995,0.31056529695801494,14,2096,7,675,1,1,7,12,1,0.3385231393170765,0.005718737732796625
MSL,P-15,development,gru_context,16,dynamic,317.7347192802717,0,0,21,2771,1,0,0,0,0,0.3385231393170765,0.005718737732796625
MSL,P-15,development,gru_context,64,cal995,0.23667370918522895,14,2452,7,319,1,1,7,7,1,0.3465999896891272,0.005779721036440237
MSL,P-15,development,gru_context,64,dynamic,314.91423536088655,0,0,21,2771,1,0,0,0,0,0.3465999896891272,0.005779721036440237
SMAP,P-3,development,zmax,1,cal995,11.90588092803955,0,16,1336,7077,1,0,0,13,0,0.5962689030510809,0.1828438963680263
SMAP,P-3,development,zmax,1,dynamic,12.474085488237126,0,16,1336,7077,1,0,0,13,0,0.5962689030510809,0.1828438963680263
SMAP,P-3,development,zmax,16,cal995,6.204201116238359,0,34,1336,7059,1,0,0,10,0,0.6301685012886956,0.1939530231371521
SMAP,P-3,development,zmax,16,dynamic,9.148781346284641,0,2,1336,7091,1,0,0,1,0,0.6301685012886956,0.1939530231371521
SMAP,P-3,development,zmax,64,cal995,3.107728047949762,0,86,1336,7007,1,0,0,6,0,0.6018003116845402,0.18162040094138818
SMAP,P-3,development,zmax,64,dynamic,4.384357430972715,0,4,1336,7089,1,0,0,1,0,0.6018003116845402,0.18162040094138818
SMAP,P-3,development,ztarget,1,cal995,2.5807136201858456,113,0,1223,7093,1,1,14,74,74,0.7028230476872281,0.5025514912395577
SMAP,P-3,development,ztarget,1,dynamic,3.7915873251968897,1,0,1335,7093,1,1,835,1,1,0.7028230476872281,0.5025514912395577
SMAP,P-3,development,ztarget,16,cal995,1.9646901840162538,6,0,1330,7093,1,1,449,3,3,0.8933180094062545,0.8182356430203479
SMAP,P-3,development,ztarget,16,dynamic,2.0305325088162163,2,0,1334,7093,1,1,450,2,2,0.8933180094062545,0.8182356430203479
SMAP,P-3,development,ztarget,64,cal995,1.3221832004888807,29,0,1307,7093,1,1,448,10,10,0.9465047769961276,0.9065944827481669
SMAP,P-3,development,ztarget,64,dynamic,1.203140632115313,106,0,1230,7093,1,1,435,9,9,0.9465047769961276,0.9065944827481669
SMAP,P-3,development,pca,1,cal995,0.803629509806632,4,80,1332,7013,1,1,10,63,3,0.623824640300676,0.20261856915120496
SMAP,P-3,development,pca,1,dynamic,5.740657465370853,0,6,1336,7087,1,0,0,4,0,0.623824640300676,0.20261856915120496
SMAP,P-3,development,pca,16,cal995,0.1768986768314327,16,261,1320,6832,1,1,11,41,2,0.4237108399864588,0.12702446604175244
SMAP,P-3,development,pca,16,dynamic,2.485628230983378,0,20,1336,7073,1,0,0,3,0,0.4237108399864588,0.12702446604175244
SMAP,P-3,development,pca,64,cal995,0.0767302270958731,31,578,1305,6515,1,1,11,25,2,0.34500806648369686,0.11451047354618041
SMAP,P-3,development,pca,64,dynamic,1.558402198904466,0,8,1336,7085,1,0,0,1,0,0.34500806648369686,0.11451047354618041
SMAP,P-3,development,iforest,1,cal995,0.7436859208260942,5,21,1331,7072,1,1,2,21,3,0.6499897955393317,0.23107084517828308
SMAP,P-3,development,iforest,1,dynamic,0.74888049749738,4,20,1332,7073,1,1,2,20,2,0.6499897955393317,0.23107084517828308
SMAP,P-3,development,iforest,16,cal995,0.5353903735256726,8,20,1328,7073,1,1,11,13,3,0.6868342829356091,0.23847110707497976
SMAP,P-3,development,iforest,16,dynamic,0.5497780012649822,3,6,1333,7087,1,1,13,7,2,0.6868342829356091,0.23847110707497976
SMAP,P-3,development,iforest,64,cal995,0.4563631879678061,96,63,1240,7030,1,1,11,14,6,0.7296985051467626,0.3498816000574574
SMAP,P-3,development,iforest,64,dynamic,0.5036918712459676,0,1,1336,7092,1,0,0,1,0,0.7296985051467626,0.3498816000574574
SMAP,P-3,development,subsequence_knn,1,cal995,0.3498545435070991,1336,7093,0,0,1,1,0,1,1,0.9277973729687109,0.8944210215531366
SMAP,P-3,development,subsequence_knn,1,dynamic,1.7093285522174828,59,0,1277,7093,1,1,447,3,3,0.9277973729687109,0.8944210215531366
SMAP,P-3,development,subsequence_knn,16,cal995,0.32193730640810014,1336,7093,0,0,1,1,0,1,1,0.937039216364958,0.8992502883033269
SMAP,P-3,development,subsequence_knn,16,dynamic,1.6968800749948103,58,0,1278,7093,1,1,453,2,2,0.937039216364958,0.8992502883033269
SMAP,P-3,development,subsequence_knn,64,cal995,0.30162025737690207,1336,7093,0,0,1,1,0,1,1,0.9616014692734931,0.9420098034592709
SMAP,P-3,development,subsequence_knn,64,dynamic,1.5015941427346766,193,0,1143,7093,1,1,466,4,4,0.9616014692734931,0.9420098034592709
SMAP,P-3,development,gru_target,1,cal995,1.1743081760406493,352,0,984,7093,1,1,14,116,116,0.8119675635335841,0.689063344511499
SMAP,P-3,development,gru_target,1,dynamic,4.386999063533326,3,0,1333,7093,1,1,520,3,3,0.8119675635335841,0.689063344511499
SMAP,P-3,development,gru_target,16,cal995,0.3673548957214592,930,0,406,7093,1,1,15,18,18,0.8781724581289979,0.845268193186918
SMAP,P-3,development,gru_target,16,dynamic,2.0863847541954597,3,0,1333,7093,1,1,436,2,2,0.8781724581289979,0.845268193186918
SMAP,P-3,development,gru_target,64,cal995,0.2544662118460086,1091,0,245,7093,1,1,16,2,2,0.9497503653344657,0.9329101326574692
SMAP,P-3,development,gru_target,64,dynamic,1.4106840577732531,17,0,1319,7093,1,1,451,4,4,0.9497503653344657,0.9329101326574692
SMAP,P-3,development,gru_context,1,cal995,1.2471180033683753,335,0,1001,7093,1,1,14,116,116,0.7398586444761682,0.5963518518018401
SMAP,P-3,development,gru_context,1,dynamic,4.336570909830076,3,0,1333,7093,1,1,520,3,3,0.7398586444761682,0.5963518518018401
SMAP,P-3,development,gru_context,16,cal995,0.6121685423746108,769,0,567,7093,1,1,15,31,31,0.8496744703177881,0.8259726228073104
SMAP,P-3,development,gru_context,16,dynamic,2.027790789672962,5,0,1331,7093,1,1,435,3,3,0.8496744703177881,0.8259726228073104
SMAP,P-3,development,gru_context,64,cal995,0.3678425485814936,1054,0,282,7093,1,1,18,3,3,0.9298029135581931,0.9131480799963739
SMAP,P-3,development,gru_context,64,dynamic,1.3625538867357452,27,0,1309,7093,1,1,447,5,5,0.9298029135581931,0.9131480799963739
MSL,T-4,development,zmax,1,cal995,26.627339744567994,0,4,69,2080,1,0,0,4,0,0.46200867896186265,0.03145364740571945
MSL,T-4,development,zmax,1,dynamic,19.071872796619562,0,4,69,2080,1,0,0,4,0,0.46200867896186265,0.03145364740571945
MSL,T-4,development,zmax,16,cal995,6.007548829387345,0,6,69,2078,1,0,0,3,0,0.4183704692759187,0.026850368721442502
MSL,T-4,development,zmax,16,dynamic,6.313989749648668,0,3,69,2081,1,0,0,2,0,0.4183704692759187,0.026850368721442502
MSL,T-4,development,zmax,64,cal995,3.908821034585244,0,0,69,2084,1,0,0,0,0,0.33810398063923885,0.02215845849134659
MSL,T-4,development,zmax,64,dynamic,3.3602147806104194,0,7,69,2077,1,0,0,1,0,0.33810398063923885,0.02215845849134659
MSL,T-4,development,ztarget,1,cal995,1.0200093984603882,4,0,65,2084,1,1,40,1,1,0.46912987843889953,0.08639712323146964
MSL,T-4,development,ztarget,1,dynamic,1.223853148013939,4,0,65,2084,1,1,40,1,1,0.46912987843889953,0.08639712323146964
MSL,T-4,development,ztarget,16,cal995,1.0184884256992708,29,61,40,2023,1,1,40,8,1,0.5884099696792678,0.4308588574309419
MSL,T-4,development,ztarget,16,dynamic,1.4693065627448847,6,0,63,2084,1,1,42,1,1,0.5884099696792678,0.4308588574309419
MSL,T-4,development,ztarget,64,cal995,1.0064518045598632,29,209,40,1875,1,1,40,9,1,0.5216139531002254,0.43185330129128807
MSL,T-4,development,ztarget,64,dynamic,1.1841490194796602,9,0,60,2084,1,1,43,1,1,0.5216139531002254,0.43185330129128807
MSL,T-4,development,pca,1,cal995,1e-06,0,0,69,2084,1,0,0,0,0,0.4553082144148655,0.029817192099035227
MSL,T-4,development,pca,1,dynamic,1e-06,0,0,69,2084,1,0,0,0,0,0.4553082144148655,0.029817192099035227
MSL,T-4,development,pca,16,cal995,1e-06,0,0,69,2084,1,0,0,0,0,0.31657347909538514,0.021874952158667343
MSL,T-4,development,pca,16,dynamic,1e-06,0,0,69,2084,1,0,0,0,0,0.31657347909538514,0.021874952158667343
MSL,T-4,development,pca,64,cal995,1e-06,0,0,69,2084,1,0,0,0,0,0.3724512503824863,0.023489984702564175
MSL,T-4,development,pca,64,dynamic,1e-06,0,0,69,2084,1,0,0,0,0,0.3724512503824863,0.023489984702564175
MSL,T-4,development,iforest,1,cal995,0.6673726531434072,0,0,69,2084,1,0,0,0,0,0.44884767309243645,0.02919145881038246
MSL,T-4,development,iforest,1,dynamic,0.652539806211871,0,23,69,2061,1,0,0,23,0,0.44884767309243645,0.02919145881038246
MSL,T-4,development,iforest,16,cal995,0.48837459557635227,0,2,69,2082,1,0,0,2,0,0.3940652034827117,0.024491742380145995
MSL,T-4,development,iforest,16,dynamic,0.4898936587819771,0,2,69,2082,1,0,0,2,0,0.3940652034827117,0.024491742380145995
MSL,T-4,development,iforest,64,cal995,0.44262211703038457,0,12,69,2072,1,0,0,5,0,0.29565495563158917,0.020948229368164855
MSL,T-4,development,iforest,64,dynamic,0.44682742496571676,0,3,69,2081,1,0,0,2,0,0.29565495563158917,0.020948229368164855
MSL,T-4,development,subsequence_knn,1,cal995,1.0608683824539185,0,3,69,2081,1,0,0,2,0,0.6031704637124816,0.038820705127293686
MSL,T-4,development,subsequence_knn,1,dynamic,1.0565418842220322,0,5,69,2079,1,0,0,1,0,0.6031704637124816,0.038820705127293686
MSL,T-4,development,subsequence_knn,16,cal995,0.9888010769998972,0,0,69,2084,1,0,0,0,0,0.6168599961055939,0.03805073669334293
MSL,T-4,development,subsequence_knn,16,dynamic,0.9832405645997333,0,2,69,2082,1,0,0,1,0,0.6168599961055939,0.03805073669334293
MSL,T-4,development,subsequence_knn,64,cal995,0.8644585552961502,0,16,69,2068,1,0,0,3,0,0.49118195221007543,0.029209117729338506
MSL,T-4,development,subsequence_knn,64,dynamic,0.8691259509011232,0,6,69,2078,1,0,0,1,0,0.49118195221007543,0.029209117729338506
MSL,T-4,development,gru_target,1,cal995,1.9223441362380982,3,11,66,2073,1,1,29,14,3,0.6055975131436201,0.07469168836761503
MSL,T-4,development,gru_target,1,dynamic,2.2384601130134,1,0,68,2084,1,1,44,1,1,0.6055975131436201,0.07469168836761503
MSL,T-4,development,gru_target,16,cal995,0.7169533306994426,14,72,55,2012,1,1,32,29,3,0.6078750452029263,0.15940236450257161
MSL,T-4,development,gru_target,16,dynamic,0.9283370397839418,2,0,67,2084,1,1,44,1,1,0.6078750452029263,0.15940236450257161
MSL,T-4,development,gru_target,64,cal995,0.5310031682013419,19,61,50,2023,1,1,41,11,1,0.8003073798993017,0.2882991453468525
MSL,T-4,development,gru_target,64,dynamic,0.603173607411811,8,0,61,2084,1,1,44,2,2,0.8003073798993017,0.2882991453468525
MSL,T-4,development,gru_context,1,cal995,1.7945061922073366,2,21,67,2063,1,1,40,21,2,0.5460652591170825,0.053178124975047106
MSL,T-4,development,gru_context,1,dynamic,2.6145819836468163,1,0,68,2084,1,1,44,1,1,0.5460652591170825,0.053178124975047106
MSL,T-4,development,gru_context,16,cal995,0.7697606619840479,8,23,61,2061,1,1,33,10,2,0.5447648056969596,0.10437624457478605
MSL,T-4,development,gru_context,16,dynamic,1.026777930396109,1,0,68,2084,1,1,44,1,1,0.5447648056969596,0.10437624457478605
MSL,T-4,development,gru_context,64,cal995,0.49813558986635614,18,143,51,1941,1,1,41,19,1,0.6253303290773039,0.08989098777425038
MSL,T-4,development,gru_context,64,dynamic,0.6490718241198636,0,2,69,2082,1,0,0,1,0,0.6253303290773039,0.08989098777425038
SMAP,A-1,development,multi_target,1,cal995,3.5106161764512417e-06,85,8491,0,0,1,1,0,1,1,0.6486369650910653,0.3007057591689756
SMAP,A-1,development,multi_target,1,dynamic,0.055166067985235746,1,0,84,8491,1,1,60,1,1,0.6486369650910653,0.3007057591689756
SMAP,A-1,development,multi_target,16,cal995,8.056747495797734e-06,85,8491,0,0,1,1,0,1,1,0.6236568823737245,0.30111391571554
SMAP,A-1,development,multi_target,16,dynamic,0.06187318152325379,12,0,73,8491,1,1,60,1,1,0.6236568823737245,0.30111391571554
SMAP,A-1,development,multi_target,64,cal995,9.044593583844448e-06,85,8491,0,0,1,1,0,1,1,0.5563607141125205,0.30111391571553997
SMAP,A-1,development,multi_target,64,dynamic,0.03359851967697195,23,0,62,8491,1,1,60,1,1,0.5563607141125205,0.30111391571553997
SMAP,A-1,development,multi_context,1,cal995,0.021950277983851265,22,158,63,8333,1,1,7,68,7,0.7736295177592885,0.07441120349872249
SMAP,A-1,development,multi_context,1,dynamic,0.06015994634881095,1,0,84,8491,1,1,60,1,1,0.7736295177592885,0.07441120349872249
SMAP,A-1,development,multi_context,16,cal995,0.012787943384093687,37,406,48,8085,1,1,7,35,3,0.8871192335136857,0.3367164661407233
SMAP,A-1,development,multi_context,16,dynamic,0.07734215341977663,10,0,75,8491,1,1,60,1,1,0.8871192335136857,0.3367164661407233
SMAP,A-1,development,multi_context,64,cal995,0.007142181222487785,68,1106,17,7385,1,1,7,37,4,0.9304287584778346,0.3395527977095242
SMAP,A-1,development,multi_context,64,dynamic,0.05172863417511191,12,0,73,8491,1,1,60,1,1,0.9304287584778346,0.3395527977095242
SMAP,A-1,development,hankel_pca,1,cal995,1e-06,25,38,60,8453,1,1,60,1,1,0.6451987225228097,0.18917619945256417
SMAP,A-1,development,hankel_pca,1,dynamic,0.013789108913457741,25,38,60,8453,1,1,60,1,1,0.6451987225228097,0.18917619945256417
SMAP,A-1,development,hankel_pca,16,cal995,1e-06,25,159,60,8332,1,1,60,1,1,0.4849813297124291,0.07269853373924733
SMAP,A-1,development,hankel_pca,16,dynamic,0.045285488316340126,15,40,70,8451,1,1,70,1,1,0.4849813297124291,0.07269853373924733
SMAP,A-1,development,hankel_pca,64,cal995,1e-06,25,519,60,7972,1,1,60,1,1,0.4837869855279292,0.04689931209766093
SMAP,A-1,development,hankel_pca,64,dynamic,0.046337788245039556,0,24,85,8467,1,0,0,1,0,0.4837869855279292,0.04689931209766093
SMAP,A-7,development,multi_target,1,cal995,2.4965791756287214,0,46,2401,6120,1,0,0,12,0,0.6129334017626724,0.30483666873841436
SMAP,A-7,development,multi_target,1,dynamic,3.077786510662459,0,7,2401,6159,1,0,0,3,0,0.6129334017626724,0.30483666873841436
SMAP,A-7,development,multi_target,16,cal995,1.7787349334982951,0,45,2401,6121,1,0,0,4,0,0.6557339134426501,0.37250308786226194
SMAP,A-7,development,multi_target,16,dynamic,1.921604531307092,0,31,2401,6135,1,0,0,3,0,0.6557339134426501,0.37250308786226194
SMAP,A-7,development,multi_target,64,cal995,1.0688650788346648,40,340,2361,5826,1,1,2263,20,2,0.674434968238853,0.3410847921771748
SMAP,A-7,development,multi_target,64,dynamic,1.484888698276782,0,5,2401,6161,1,0,0,1,0,0.674434968238853,0.3410847921771748
SMAP,A-7,development,multi_context,1,cal995,2.57802429985255,0,43,2401,6123,1,0,0,10,0,0.6130835581401035,0.304603545246402
SMAP,A-7,development,multi_context,1,dynamic,3.107658492503235,0,5,2401,6161,1,0,0,2,0,0.6130835581401035,0.304603545246402
SMAP,A-7,development,multi_context,16,cal995,1.8396083559814866,0,43,2401,6123,1,0,0,4,0,0.6571163923346353,0.3711315411876763
SMAP,A-7,development,multi_context,16,dynamic,2.070889772709169,0,25,2401,6141,1,0,0,3,0,0.6571163923346353,0.3711315411876763
SMAP,A-7,development,multi_context,64,cal995,1.0964482482078572,1,296,2400,5870,1,1,2368,20,1,0.6751261063647526,0.34125411403349065
SMAP,A-7,development,multi_context,64,dynamic,1.5011012791157192,0,7,2401,6159,1,0,0,1,0,0.6751261063647526,0.34125411403349065
SMAP,A-7,development,hankel_pca,1,cal995,0.09286309335380787,0,717,2401,5449,1,0,0,221,0,0.00701108023024787,0.15567303070203292
SMAP,A-7,development,hankel_pca,1,dynamic,0.15401193079697093,0,2,2401,6164,1,0,0,2,0,0.00701108023024787,0.15567303070203292
SMAP,A-7,development,hankel_pca,16,cal995,0.07031512441808183,0,2101,2401,4065,1,0,0,50,0,0.004736444148379616,0.15559709540277125
SMAP,A-7,development,hankel_pca,16,dynamic,0.11994692350907657,0,12,2401,6154,1,0,0,3,0,0.004736444148379616,0.15559709540277125
SMAP,A-7,development,hankel_pca,64,cal995,0.05998077778891022,0,3183,2401,2983,1,0,0,21,0,0.005932764256648916,0.15558745274915023
SMAP,A-7,development,hankel_pca,64,dynamic,0.371319350949863,0,0,2401,6166,1,0,0,0,0,0.005932764256648916,0.15558745274915023
SMAP,D-11,development,multi_target,1,cal995,4.574218116402626,13,0,48,7306,1,1,32,1,1,0.4562138462435995,0.22066713097299398
SMAP,D-11,development,multi_target,1,dynamic,25.568856931423262,0,0,61,7306,1,0,0,0,0,0.4562138462435995,0.22066713097299398
SMAP,D-11,development,multi_target,16,cal995,4.549056291574129,0,0,61,7306,1,0,0,0,0,0.4190896321460466,0.008636592505800534
SMAP,D-11,development,multi_target,16,dynamic,25.491343344447145,0,0,61,7306,1,0,0,0,0,0.4190896321460466,0.008636592505800534
SMAP,D-11,development,multi_target,64,cal995,4.547591264609556,0,0,61,7306,1,0,0,0,0,0.32897730587480306,0.00591151289352998
SMAP,D-11,development,multi_target,64,dynamic,25.33741160971894,0,0,61,7306,1,0,0,0,0,0.32897730587480306,0.00591151289352998
SMAP,D-11,development,multi_context,1,cal995,4.718224746882916,13,0,48,7306,1,1,32,1,1,0.5133934381352852,0.22212173101331378
SMAP,D-11,development,multi_context,1,dynamic,26.35187999187619,0,0,61,7306,1,0,0,0,0,0.5133934381352852,0.22212173101331378
SMAP,D-11,development,multi_context,16,cal995,4.696114659303163,0,0,61,7306,1,0,0,0,0,0.4715549312714006,0.00924384161854073
SMAP,D-11,development,multi_context,16,dynamic,26.273197793061886,0,0,61,7306,1,0,0,0,0,0.4715549312714006,0.00924384161854073
SMAP,D-11,development,multi_context,64,cal995,4.694630106970429,0,0,61,7306,1,0,0,0,0,0.3687312920438175,0.0062289759964002135
SMAP,D-11,development,multi_context,64,dynamic,26.112127465609593,0,0,61,7306,1,0,0,0,0,0.3687312920438175,0.0062289759964002135
SMAP,D-11,development,hankel_pca,1,cal995,1.8328681552410124,27,32,34,7274,1,1,34,1,1,0.786766322761889,0.20638844895255462
SMAP,D-11,development,hankel_pca,1,dynamic,8.542274877034384,12,17,49,7289,1,1,49,1,1,0.786766322761889,0.20638844895255462
SMAP,D-11,development,hankel_pca,16,cal995,1.7152593335102044,22,41,39,7265,1,1,39,1,1,0.7912584760784982,0.1426811562377592
SMAP,D-11,development,hankel_pca,16,dynamic,8.098836350192734,5,24,56,7282,1,1,56,1,1,0.7912584760784982,0.1426811562377592
SMAP,D-11,development,hankel_pca,64,cal995,1.157379083467675,18,86,43,7220,1,1,43,1,1,0.7799944352945928,0.07457960776963646
SMAP,D-11,development,hankel_pca,64,dynamic,6.214934305234122,0,23,61,7283,1,0,0,1,0,0.7799944352945928,0.07457960776963646
SMAP,D-13,development,multi_target,1,cal995,0.00013234152819495654,139,2434,22,5004,1,1,22,3,1,0.7242855639748212,0.2940381572544135
SMAP,D-13,development,multi_target,1,dynamic,11.602009729507634,0,0,161,7438,1,0,0,0,0,0.7242855639748212,0.2940381572544135
SMAP,D-13,development,multi_target,16,cal995,9.792517812455753e-05,161,7206,0,232,1,1,0,1,1,0.629563814489636,0.02694207006792627
SMAP,D-13,development,multi_target,16,dynamic,11.586087089940632,0,0,161,7438,1,0,0,0,0,0.629563814489636,0.02694207006792627
SMAP,D-13,development,multi_target,64,cal995,9.787092834853381e-05,161,7206,0,232,1,1,0,1,1,0.6368572330436787,0.027307207090987204
SMAP,D-13,development,multi_target,64,dynamic,11.531425391733894,0,0,161,7438,1,0,0,0,0,0.6368572330436787,0.027307207090987204
SMAP,D-13,development,multi_context,1,cal995,9.384116856381297e-05,139,3466,22,3972,1,1,22,30,1,0.6815496719047229,0.20027296294565522
SMAP,D-13,development,multi_context,1,dynamic,11.96071565380936,0,0,161,7438,1,0,0,0,0,0.6815496719047229,0.20027296294565522
SMAP,D-13,development,multi_context,16,cal995,9.384116856376631e-05,161,7417,0,21,1,1,0,1,1,0.614554436760032,0.02684179776900457
SMAP,D-13,development,multi_context,16,dynamic,11.944339240560954,0,0,161,7438,1,0,0,0,0,0.614554436760032,0.02684179776900457
SMAP,D-13,development,multi_context,64,cal995,9.378286260405358e-05,161,7417,0,21,1,1,0,1,1,0.6053888125272437,0.02676531094473299
SMAP,D-13,development,multi_context,64,dynamic,11.887981352594931,0,0,161,7438,1,0,0,0,0,0.6053888125272437,0.02676531094473299
SMAP,D-13,development,hankel_pca,1,cal995,1e-06,139,2432,22,5006,1,1,22,1,1,0.6270469420918934,0.0273926058277063
SMAP,D-13,development,hankel_pca,1,dynamic,23.267667234550164,0,0,161,7438,1,0,0,0,0,0.6270469420918934,0.0273926058277063
SMAP,D-13,development,hankel_pca,16,cal995,1e-06,139,2432,22,5006,1,1,22,1,1,0.6270469420918934,0.026833774877298083
SMAP,D-13,development,hankel_pca,16,dynamic,23.24254106225082,0,0,161,7438,1,0,0,0,0,0.6270469420918934,0.026833774877298083
SMAP,D-13,development,hankel_pca,64,cal995,1e-06,139,2432,22,5006,1,1,22,1,1,0.6270469420918934,0.026833774877298086
SMAP,D-13,development,hankel_pca,64,dynamic,23.134851485638766,0,0,161,7438,1,0,0,0,0,0.6270469420918934,0.026833774877298086
MSL,D-15,development,multi_target,1,cal995,2.999173376709223,30,0,611,1453,1,1,43,18,18,0.7495010055047763,0.5542506075328931
MSL,D-15,development,multi_target,1,dynamic,3.3878140025416283,8,0,633,1453,1,1,178,4,4,0.7495010055047763,0.5542506075328931
MSL,D-15,development,multi_target,16,cal995,1.3557945940143095,36,17,605,1436,1,1,58,23,16,0.746126417665103,0.5314092026521696
MSL,D-15,development,multi_target,16,dynamic,1.546859993078567,1,2,640,1451,1,1,634,2,1,0.746126417665103,0.5314092026521696
MSL,D-15,development,multi_target,64,cal995,0.9497613660511742,177,57,464,1396,1,1,85,21,15,0.8631965925574394,0.6790527220676184
MSL,D-15,development,multi_target,64,dynamic,3.608802985105875,0,0,641,1453,1,0,0,0,0,0.8631965925574394,0.6790527220676184
MSL,D-15,development,multi_context,1,cal995,2.819482831284404,29,2,612,1451,1,1,1,19,17,0.7827390315158373,0.5631838256800318
MSL,D-15,development,multi_context,1,dynamic,3.2245441600900895,3,0,638,1453,1,1,384,2,2,0.7827390315158373,0.5631838256800318
MSL,D-15,development,multi_context,16,cal995,1.3273761061112639,39,17,602,1436,1,1,58,23,16,0.7793805489315238,0.5792634762923828
MSL,D-15,development,multi_context,16,dynamic,1.532640173057836,0,1,641,1452,1,0,0,1,0,0.7793805489315238,0.5792634762923828
MSL,D-15,development,multi_context,64,cal995,0.9472741467331195,220,45,421,1408,1,1,66,15,11,0.9013671214432886,0.7652310225329664
MSL,D-15,development,multi_context,64,dynamic,1.2454000104244454,2,0,639,1453,1,1,551,1,1,0.9013671214432886,0.7652310225329664
MSL,D-15,development,hankel_pca,1,cal995,0.17379648238420486,125,8,516,1445,1,1,84,51,44,0.8241102114834766,0.6893621427022587
MSL,D-15,development,hankel_pca,1,dynamic,0.34849779691330157,1,0,640,1453,1,1,136,1,1,0.8241102114834766,0.6893621427022587
MSL,D-15,development,hankel_pca,16,cal995,0.14743650493731972,178,25,463,1428,1,1,114,5,4,0.8548841334245249,0.735913339582341
MSL,D-15,development,hankel_pca,16,dynamic,0.2701010923139666,5,0,636,1453,1,1,137,1,1,0.8548841334245249,0.735913339582341
MSL,D-15,development,hankel_pca,64,cal995,0.09785992615475884,398,140,243,1313,1,1,100,7,2,0.9131003368145738,0.8387635025159006
MSL,D-15,development,hankel_pca,64,dynamic,0.19327634208363012,47,0,594,1453,1,1,137,2,2,0.9131003368145738,0.8387635025159006
SMAP,D-3,development,multi_target,1,cal995,0.01733558726788033,3276,349,0,4951,1,1,0,2,1,0.9737741608496325,0.8643073402795322
SMAP,D-3,development,multi_target,1,dynamic,1.7168211547311536,0,12,3276,5288,1,0,0,1,0,0.9737741608496325,0.8643073402795322
SMAP,D-3,development,multi_target,16,cal995,0.017258942808753997,3276,365,0,4935,1,1,0,1,1,0.9737735849056603,0.8643089961787298
SMAP,D-3,development,multi_target,16,dynamic,1.7118890231526582,0,11,3276,5289,1,0,0,1,0,0.9737735849056603,0.8643089961787298
SMAP,D-3,development,multi_target,64,cal995,0.017034204704216203,3276,378,0,4922,1,1,0,1,1,0.9737735849056603,0.8643089961787298
SMAP,D-3,development,multi_target,64,dynamic,1.696081734534404,0,22,3276,5278,1,0,0,1,0,0.9737735849056603,0.8643089961787298
SMAP,D-3,development,multi_context,1,cal995,0.0406767681671772,3181,158,95,5142,1,1,95,10,1,0.9722529200359389,0.8622144004258244
SMAP,D-3,development,multi_context,1,dynamic,1.8690319734726755,0,6,3276,5294,1,0,0,2,0,0.9722529200359389,0.8622144004258244
SMAP,D-3,development,multi_context,16,cal995,0.03150994082097836,3179,166,97,5134,1,1,97,3,1,0.9724741977100467,0.8624943146208469
SMAP,D-3,development,multi_context,16,dynamic,1.863649443916152,0,5,3276,5295,1,0,0,1,0,0.9724741977100467,0.8624943146208469
SMAP,D-3,development,multi_context,64,cal995,0.02440473483289493,3181,173,95,5127,1,1,95,2,1,0.9725384730573409,0.8625755109903851
SMAP,D-3,development,multi_context,64,dynamic,1.8466207103552121,0,5,3276,5295,1,0,0,1,0,0.9725384730573409,0.8625755109903851
SMAP,D-3,development,hankel_pca,1,cal995,1e-06,3199,139,77,5161,1,1,77,1,1,0.9690641774368189,0.9499623958660377
SMAP,D-3,development,hankel_pca,1,dynamic,0.002236793701793628,35,0,3241,5300,1,1,141,1,1,0.9690641774368189,0.9499623958660377
SMAP,D-3,development,hankel_pca,16,cal995,1e-06,3196,139,80,5161,1,1,80,1,1,0.968540730757712,0.9462234992561703
SMAP,D-3,development,hankel_pca,16,dynamic,0.002183829353455333,33,0,3243,5300,1,1,149,1,1,0.968540730757712,0.9462234992561703
SMAP,D-3,development,hankel_pca,64,cal995,1e-06,3191,139,85,5161,1,1,85,1,1,0.9672993411200959,0.9405946625729946
SMAP,D-3,development,hankel_pca,64,dynamic,0.0017028294679915707,32,0,3244,5300,1,1,164,1,1,0.9672993411200959,0.9405946625729946
SMAP,D-5,development,multi_target,1,cal995,0.0003791055071633309,51,7513,0,0,1,1,0,1,1,0.6797068088515854,0.32379698649230676
SMAP,D-5,development,multi_target,1,dynamic,2.4237887232870685,0,0,51,7513,1,0,0,0,0,0.6797068088515854,0.32379698649230676
SMAP,D-5,development,multi_target,16,cal995,0.00034758893983329546,51,7513,0,0,1,1,0,1,1,0.02911293626994256,0.003476547324332608
SMAP,D-5,development,multi_target,16,dynamic,1.9839957297532467,0,4,51,7509,1,0,0,1,0,0.02911293626994256,0.003476547324332608
SMAP,D-5,development,multi_target,64,cal995,0.0002752327604382652,51,7513,0,0,1,1,0,1,1,0.03246660037634113,0.0034811835850367444
SMAP,D-5,development,multi_target,64,dynamic,1.9902772380242368,0,6,51,7507,1,0,0,1,0,0.03246660037634113,0.0034811835850367444
SMAP,D-5,development,multi_context,1,cal995,0.02709867089521137,51,7513,0,0,1,1,0,1,1,0.4153636963903091,0.011595275240706852
SMAP,D-5,development,multi_context,1,dynamic,2.5556203509741735,0,0,51,7513,1,0,0,0,0,0.4153636963903091,0.011595275240706852
SMAP,D-5,development,multi_context,16,cal995,0.01802772476826427,51,7513,0,0,1,1,0,1,1,0.06168915057038387,0.0035103798870132997
SMAP,D-5,development,multi_context,16,dynamic,2.26807141311404,0,0,51,7513,1,0,0,0,0,0.06168915057038387,0.0035103798870132997
SMAP,D-5,development,multi_context,64,cal995,0.010622516510655655,51,7513,0,0,1,1,0,1,1,0.05955167905043024,0.0035142248813089597
SMAP,D-5,development,multi_context,64,dynamic,2.1545233346438857,0,0,51,7513,1,0,0,0,0,0.05955167905043024,0.0035142248813089597
SMAP,D-5,development,hankel_pca,1,cal995,1e-06,51,7513,0,0,1,1,0,1,1,0.8298178581961202,0.4986191841171852
SMAP,D-5,development,hankel_pca,1,dynamic,0.042368188775026655,37,30,14,7483,1,1,14,1,1,0.8298178581961202,0.4986191841171852
SMAP,D-5,development,hankel_pca,16,cal995,1e-06,51,7513,0,0,1,1,0,1,1,0.8080842878879223,0.2950094573851197
SMAP,D-5,development,hankel_pca,16,dynamic,0.10836262623786386,27,31,24,7482,1,1,24,1,1,0.8080842878879223,0.2950094573851197
SMAP,D-5,development,hankel_pca,64,cal995,1e-06,51,7513,0,0,1,1,0,1,1,0.7666684935654018,0.16225462698746193
SMAP,D-5,development,hankel_pca,64,dynamic,0.1296080168842832,0,29,51,7484,1,0,0,1,0,0.7666684935654018,0.16225462698746193
SMAP,D-7,development,multi_target,1,cal995,6.828419864177705e-06,2604,3,98,4873,1,1,98,3,1,0.9818541274381872,0.9766729893882289
SMAP,D-7,development,multi_target,1,dynamic,1.8682063304481047,294,0,2408,4876,1,1,2408,1,1,0.9818541274381872,0.9766729893882289
SMAP,D-7,development,multi_target,16,cal995,9.140933513948704e-06,2604,3,98,4873,1,1,98,2,1,0.9808313533134694,0.9766627420252517
SMAP,D-7,development,multi_target,16,dynamic,1.8608178342595123,287,0,2415,4876,1,1,2415,1,1,0.9808313533134694,0.9766627420252517
SMAP,D-7,development,multi_target,64,cal995,9.56520961116287e-06,2604,3,98,4873,1,1,98,2,1,0.9778820446556465,0.9766627420252517
SMAP,D-7,development,multi_target,64,dynamic,1.8370794103733683,270,0,2432,4876,1,1,2432,1,1,0.9778820446556465,0.9766627420252517
SMAP,D-7,development,multi_context,1,cal995,0.03312608531443403,2604,55,98,4821,1,1,98,22,1,0.9824843005120626,0.9841620340154332
SMAP,D-7,development,multi_context,1,dynamic,1.935381043908908,294,0,2408,4876,1,1,2408,1,1,0.9824843005120626,0.9841620340154332
SMAP,D-7,development,multi_context,16,cal995,0.02430898470416794,2604,53,98,4823,1,1,98,10,1,0.981155604969187,0.9833989466041254
SMAP,D-7,development,multi_context,16,dynamic,1.9277354004703016,286,0,2416,4876,1,1,2416,1,1,0.981155604969187,0.9833989466041254
SMAP,D-7,development,multi_context,64,cal995,0.013778567685359965,2603,143,99,4733,1,1,99,9,1,0.9819856649193106,0.9830789231127902
SMAP,D-7,development,multi_context,64,dynamic,1.9031405613932644,271,0,2431,4876,1,1,2431,1,1,0.9819856649193106,0.9830789231127902
SMAP,D-7,development,hankel_pca,1,cal995,1e-06,2604,0,98,4876,1,1,98,1,1,0.9818652849740932,0.9766627420252517
SMAP,D-7,development,hankel_pca,1,dynamic,3.5208776301971616,260,0,2442,4876,1,1,2442,1,1,0.9818652849740932,0.9766627420252517
SMAP,D-7,development,hankel_pca,16,cal995,1e-06,2604,0,98,4876,1,1,98,1,1,0.9818652849740932,0.9766627420252517
SMAP,D-7,development,hankel_pca,16,dynamic,3.4993816528971786,254,0,2448,4876,1,1,2448,1,1,0.9818652849740932,0.9766627420252517
SMAP,D-7,development,hankel_pca,64,cal995,1e-06,2604,0,98,4876,1,1,98,1,1,0.9818652849740932,0.9766627420252517
SMAP,D-7,development,hankel_pca,64,dynamic,3.426771622592639,241,0,2461,4876,1,1,2461,1,1,0.9818652849740932,0.9766627420252517
SMAP,D-8,development,multi_target,1,cal995,6.7997459943095804e-06,29,3,22,7756,1,1,16,3,1,0.8423336340593719,0.6689637316260428
SMAP,D-8,development,multi_target,1,dynamic,0.056860968403984,1,0,50,7759,1,1,16,1,1,0.8423336340593719,0.6689637316260428
SMAP,D-8,development,multi_target,16,cal995,9.14896690318352e-06,35,57,16,7702,1,1,16,2,1,0.830825177087203,0.6883231653737041
SMAP,D-8,development,multi_target,16,dynamic,0.06690047281187952,11,0,40,7759,1,1,16,1,1,0.830825177087203,0.6883231653737041
SMAP,D-8,development,multi_target,64,cal995,9.583499733228056e-06,35,274,16,7485,1,1,16,2,1,0.7944347993095936,0.6883231653737041
SMAP,D-8,development,multi_target,64,dynamic,0.034351720264551716,22,0,29,7759,1,1,16,1,1,0.7944347993095936,0.6883231653737041
SMAP,D-8,development,multi_context,1,cal995,0.00020799913189627895,26,248,25,7511,1,1,16,7,1,0.6679529654367226,0.05447834576126857
SMAP,D-8,development,multi_context,1,dynamic,0.081238312043449,1,0,50,7759,1,1,16,1,1,0.6679529654367226,0.05447834576126857
SMAP,D-8,development,multi_context,16,cal995,0.00029714298639852115,35,365,16,7394,1,1,16,3,1,0.8178459423465223,0.3996210957950457
SMAP,D-8,development,multi_context,16,dynamic,0.07296717446305834,10,0,41,7759,1,1,16,1,1,0.8178459423465223,0.3996210957950457
SMAP,D-8,development,multi_context,64,cal995,0.0003205780242644605,35,641,16,7118,1,1,16,2,1,0.7872148472741333,0.6877785030643359
SMAP,D-8,development,multi_context,64,dynamic,0.04738542731066614,10,0,41,7759,1,1,16,1,1,0.7872148472741333,0.6877785030643359
SMAP,D-8,development,hankel_pca,1,cal995,1e-06,35,28,16,7731,1,1,16,1,1,0.8413328986704877,0.38331227212751656
SMAP,D-8,development,hankel_pca,1,dynamic,0.014480906432490425,35,28,16,7731,1,1,16,1,1,0.8413328986704877,0.38331227212751656
SMAP,D-8,development,hankel_pca,16,cal995,1e-06,35,116,16,7643,1,1,16,1,1,0.770657225385321,0.23673719536627563
SMAP,D-8,development,hankel_pca,16,dynamic,0.04228205308448391,26,31,25,7728,1,1,25,1,1,0.770657225385321,0.23673719536627563
SMAP,D-8,development,hankel_pca,64,cal995,1e-06,35,376,16,7383,1,1,16,1,1,0.7682160375427396,0.15304387920290102
SMAP,D-8,development,hankel_pca,64,dynamic,0.04650547554881275,0,24,51,7735,1,0,0,1,0,0.7682160375427396,0.15304387920290102
SMAP,D-9,development,multi_target,1,cal995,6.828419864177705e-06,933,3,223,6183,1,1,223,3,1,0.9034999362328374,0.8374914626829624
SMAP,D-9,development,multi_target,1,dynamic,1.8532422853792305,914,0,242,6186,1,1,223,1,1,0.9034999362328374,0.8374914626829624
SMAP,D-9,development,multi_target,16,cal995,9.140933513948704e-06,933,3,223,6183,1,1,223,2,1,0.8992120839891841,0.8374666209201644
SMAP,D-9,development,multi_target,16,dynamic,1.8453493634078335,892,0,264,6186,1,1,245,1,1,0.8992120839891841,0.8374666209201644
SMAP,D-9,development,multi_target,64,cal995,9.56520961116287e-06,933,3,223,6183,1,1,223,2,1,0.886847477337486,0.8374666209201644
SMAP,D-9,development,multi_target,64,dynamic,1.8157355232399324,831,0,325,6186,1,1,308,1,1,0.886847477337486,0.8374666209201644
SMAP,D-9,development,multi_context,1,cal995,0.00023597688414156437,933,308,223,5878,1,1,223,14,1,0.8999449868382339,0.8371933120146245
SMAP,D-9,development,multi_context,1,dynamic,1.9180875360946303,914,0,242,6186,1,1,223,1,1,0.8999449868382339,0.8371933120146245
SMAP,D-9,development,multi_context,16,cal995,0.0002359768841415643,1156,6186,0,0,1,1,0,1,1,0.8935677112175389,0.8374666209201644
SMAP,D-9,development,multi_context,16,dynamic,1.909946868183874,891,0,265,6186,1,1,246,1,1,0.8935677112175389,0.8374666209201644
SMAP,D-9,development,multi_context,64,cal995,0.00023597671065556537,1156,6186,0,0,1,1,0,1,1,0.8795191480483333,0.8374666209201644
SMAP,D-9,development,multi_context,64,dynamic,1.8793947442308774,831,0,325,6186,1,1,308,1,1,0.8795191480483333,0.8374666209201644
SMAP,D-9,development,hankel_pca,1,cal995,1e-06,933,0,223,6186,1,1,223,1,1,0.9035467128027681,0.8374666209201644
SMAP,D-9,development,hankel_pca,1,dynamic,3.682412969646321,860,0,296,6186,1,1,281,1,1,0.9035467128027681,0.8374666209201644
SMAP,D-9,development,hankel_pca,16,cal995,1e-06,933,0,223,6186,1,1,223,1,1,0.9035467128027681,0.8374666209201644
SMAP,D-9,development,hankel_pca,16,dynamic,3.670026283433752,856,0,300,6186,1,1,290,1,1,0.9035467128027681,0.8374666209201644
SMAP,D-9,development,hankel_pca,64,cal995,1e-06,933,0,223,6186,1,1,223,1,1,0.9035467128027681,0.8374666209201644
SMAP,D-9,development,hankel_pca,64,dynamic,3.6057304168555246,818,0,338,6186,1,1,338,1,1,0.9035467128027681,0.8374666209201644
SMAP,E-6,development,multi_target,1,cal995,0.00865861977217719,28,0,38,8170,1,1,5,1,1,0.6966080634991284,0.4407886357806412
SMAP,E-6,development,multi_target,1,dynamic,0.1917837356398691,12,0,54,8170,1,1,5,1,1,0.6966080634991284,0.4407886357806412
SMAP,E-6,development,multi_target,16,cal995,0.006178041666273613,58,61,8,8109,1,1,5,54,1,0.974142279589036,0.8844913734693363
SMAP,E-6,development,multi_target,16,dynamic,0.6131518307245581,17,0,49,8170,1,1,7,1,1,0.974142279589036,0.8844913734693363
SMAP,E-6,development,multi_target,64,cal995,0.0035403855998787106,61,145,5,8025,1,1,5,4,1,0.9650198434776158,0.9202801960211757
SMAP,E-6,development,multi_target,64,dynamic,0.36468076352560935,24,0,42,8170,1,1,11,1,1,0.9650198434776158,0.9202801960211757
SMAP,E-6,development,multi_context,1,cal995,0.02340667598647996,30,141,36,8029,1,1,5,47,1,0.8006639219613516,0.4587706532744451
SMAP,E-6,development,multi_context,1,dynamic,0.1979462686484963,12,0,54,8170,1,1,5,1,1,0.8006639219613516,0.4587706532744451
SMAP,E-6,development,multi_context,16,cal995,0.015358579734541963,52,244,14,7926,1,1,5,14,1,0.9575052854122622,0.7361128121380861
SMAP,E-6,development,multi_context,16,dynamic,0.6297350484182023,17,0,49,8170,1,1,8,1,1,0.9575052854122622,0.7361128121380861
SMAP,E-6,development,multi_context,64,cal995,0.007929467540984215,61,715,5,7455,1,1,5,15,1,0.9691795556544638,0.919824659559352
SMAP,E-6,development,multi_context,64,dynamic,0.37938488404171583,25,0,41,8170,1,1,11,1,1,0.9691795556544638,0.919824659559352
SMAP,E-6,development,hankel_pca,1,cal995,1.7709645300101328e-06,61,14,5,8156,1,1,5,1,1,0.9740643893030674,0.8803614410904712
SMAP,E-6,development,hankel_pca,1,dynamic,0.007967874754786155,61,14,5,8156,1,1,5,1,1,0.9740643893030674,0.8803614410904712
SMAP,E-6,development,hankel_pca,16,cal995,1.3656299078650162e-06,61,90,5,8080,1,1,5,1,1,0.9690738474092208,0.8072841705467347
SMAP,E-6,development,hankel_pca,16,dynamic,0.0282018043405123,40,5,26,8165,1,1,26,1,1,0.9690738474092208,0.8072841705467347
SMAP,E-6,development,hankel_pca,64,cal995,1.0141668769979938e-06,61,354,5,7816,1,1,5,1,1,0.972259931011461,0.47016482920203617
SMAP,E-6,development,hankel_pca,64,dynamic,0.02516351846599814,16,14,50,8156,1,1,50,1,1,0.972259931011461,0.47016482920203617
SMAP,E-8,development,multi_target,1,cal995,1.243141926303506,25,0,598,7845,1,1,275,4,4,0.6653105360992013,0.4611754591904852
SMAP,E-8,development,multi_target,1,dynamic,1.1391117370928934,116,0,507,7845,1,1,268,3,3,0.6653105360992013,0.4611754591904852
SMAP,E-8,development,multi_target,16,cal995,0.9400895858470614,177,0,446,7845,1,1,263,1,1,0.6594391536664937,0.4811181176919816
SMAP,E-8,development,multi_target,16,dynamic,1.0404133516513872,168,0,455,7845,1,1,270,1,1,0.6594391536664937,0.4811181176919816
SMAP,E-8,development,multi_target,64,cal995,0.7233230281597347,206,0,417,7845,1,1,268,1,1,0.6479011997090499,0.4935357107551784
SMAP,E-8,development,multi_target,64,dynamic,1.091833397404483,109,0,514,7845,1,1,331,1,1,0.6479011997090499,0.4935357107551784
SMAP,E-8,development,multi_context,1,cal995,0.945227492339909,231,505,392,7340,1,1,234,86,3,0.6522767054702518,0.4201837736428692
SMAP,E-8,development,multi_context,1,dynamic,2.0321113561055477,10,0,613,7845,1,1,347,1,1,0.6522767054702518,0.4201837736428692
SMAP,E-8,development,multi_context,16,cal995,0.6160676842971711,278,1275,345,6570,1,1,22,111,5,0.6510597071879216,0.4402356268827743
SMAP,E-8,development,multi_context,16,dynamic,1.7642589449902426,156,0,467,7845,1,1,282,1,1,0.6510597071879216,0.4402356268827743
SMAP,E-8,development,multi_context,64,cal995,0.44735022109344924,302,1565,321,6280,1,1,27,101,3,0.6949346640927194,0.4865961051961651
SMAP,E-8,development,multi_context,64,dynamic,1.6881264560104143,126,0,497,7845,1,1,319,1,1,0.6949346640927194,0.4865961051961651
SMAP,E-8,development,hankel_pca,1,cal995,0.08510352920740842,0,0,623,7845,1,0,0,0,0,0.6325416092490233,0.15523562582291456
SMAP,E-8,development,hankel_pca,1,dynamic,0.03841600077332903,4,0,619,7845,1,1,452,1,1,0.6325416092490233,0.15523562582291456
SMAP,E-8,development,hankel_pca,16,cal995,0.05948185440509468,0,0,623,7845,1,0,0,0,0,0.6652448574763654,0.2523813115652702
SMAP,E-8,development,hankel_pca,16,dynamic,0.025422025303048826,5,0,618,7845,1,1,455,1,1,0.6652448574763654,0.2523813115652702
SMAP,E-8,development,hankel_pca,64,cal995,0.039978382887384555,0,0,623,7845,1,0,0,0,0,0.725146012172029,0.3794570568061286
SMAP,E-8,development,hankel_pca,64,dynamic,0.018836239796128525,7,0,616,7845,1,1,456,1,1,0.725146012172029,0.3794570568061286
MSL,F-5,development,multi_target,1,cal995,0.48936809743754633,100,157,51,3550,1,1,26,22,1,0.8150804724192819,0.6933149819486734
MSL,F-5,development,multi_target,1,dynamic,4.539721637029158,6,0,145,3707,1,1,31,1,1,0.8150804724192819,0.6933149819486734
MSL,F-5,development,multi_target,16,cal995,0.32002448497731795,124,315,27,3392,1,1,27,23,1,0.8250526567778517,0.7639861129555073
MSL,F-5,development,multi_target,16,dynamic,2.475349288946248,89,0,62,3707,1,1,33,1,1,0.8250526567778517,0.7639861129555073
MSL,F-5,development,multi_target,64,cal995,0.20178521585781536,123,843,28,2864,1,1,28,19,1,0.8408273590147152,0.8041615689069891
MSL,F-5,development,multi_target,64,dynamic,2.732939005415415,45,0,106,3707,1,1,81,1,1,0.8408273590147152,0.8041615689069891
MSL,F-5,development,multi_context,1,cal995,0.5688065301161265,99,97,52,3610,1,1,26,14,1,0.8140996896867749,0.6903134372906533
MSL,F-5,development,multi_context,1,dynamic,4.864931158008936,6,0,145,3707,1,1,31,1,1,0.8140996896867749,0.6903134372906533
MSL,F-5,development,multi_context,16,cal995,0.38136370010535686,119,166,32,3541,1,1,28,13,1,0.8352034900858764,0.7672853971407513
MSL,F-5,development,multi_context,16,dynamic,2.673677172871776,87,0,64,3707,1,1,33,1,1,0.8352034900858764,0.7672853971407513
MSL,F-5,development,multi_context,64,cal995,0.23409799451425978,123,463,28,3244,1,1,28,13,1,0.8649824834705059,0.8078703215250448
MSL,F-5,development,multi_context,64,dynamic,2.9704166994573113,46,0,105,3707,1,1,78,1,1,0.8649824834705059,0.8078703215250448
MSL,F-5,development,hankel_pca,1,cal995,0.03798541789874435,124,470,27,3237,1,1,27,14,1,0.886631163165445,0.564937592747299
MSL,F-5,development,hankel_pca,1,dynamic,0.9882989747058784,47,22,104,3685,1,1,32,2,2,0.886631163165445,0.564937592747299
MSL,F-5,development,hankel_pca,16,cal995,0.03134926919456616,122,554,29,3153,1,1,29,10,1,0.8990633435580082,0.5328729971193878
MSL,F-5,development,hankel_pca,16,dynamic,1.1884393543870253,32,24,119,3683,1,1,119,1,1,0.8990633435580082,0.5328729971193878
MSL,F-5,development,hankel_pca,64,cal995,0.022436264717193417,129,934,22,2773,1,1,0,11,2,0.9295229894400606,0.39888232718096533
MSL,F-5,development,hankel_pca,64,dynamic,1.0831022843940714,10,28,141,3679,1,1,141,1,1,0.9295229894400606,0.39888232718096533
SMAP,G-1,development,multi_target,1,cal995,1.4254134502261877,0,0,121,8284,1,0,0,0,0,0.41683061243221026,0.011256639567700333
SMAP,G-1,development,multi_target,1,dynamic,1.285881586036487,0,1,121,8283,1,0,0,1,0,0.41683061243221026,0.011256639567700333
SMAP,G-1,development,multi_target,16,cal995,1.1342503400749593,0,0,121,8284,1,0,0,0,0,0.3937661368524807,0.011138486419520605
SMAP,G-1,development,multi_target,16,dynamic,1.0479462599559544,0,26,121,8258,1,0,0,5,0,0.3937661368524807,0.011138486419520605
SMAP,G-1,development,multi_target,64,cal995,0.900696100772817,0,3,121,8281,1,0,0,1,0,0.292339908456409,0.009793827491735192
SMAP,G-1,development,multi_target,64,dynamic,2.7218632123711757,0,0,121,8284,1,0,0,0,0,0.292339908456409,0.009793827491735192
SMAP,G-1,development,multi_context,1,cal995,1.701658372208476,0,0,121,8284,1,0,0,0,0,0.38222841203395175,0.010768761779166396
SMAP,G-1,development,multi_context,1,dynamic,1.5102116350455455,0,21,121,8263,1,0,0,9,0,0.38222841203395175,0.010768761779166396
SMAP,G-1,development,multi_context,16,cal995,1.4451914420411118,0,0,121,8284,1,0,0,0,0,0.3483475064946467,0.010371226700789386
SMAP,G-1,development,multi_context,16,dynamic,1.406726726416826,0,5,121,8279,1,0,0,3,0,0.3483475064946467,0.010371226700789386
SMAP,G-1,development,multi_context,64,cal995,1.1730439563777542,0,156,121,8128,1,0,0,10,0,0.27984045715927547,0.009353956566479566
SMAP,G-1,development,multi_context,64,dynamic,3.842545852096394,0,0,121,8284,1,0,0,0,0,0.27984045715927547,0.009353956566479566
SMAP,G-1,development,hankel_pca,1,cal995,0.08196126639842986,0,0,121,8284,1,0,0,0,0,0.2884121935743902,0.009593070066871977
SMAP,G-1,development,hankel_pca,1,dynamic,0.019371487669390848,0,1,121,8283,1,0,0,1,0,0.2884121935743902,0.009593070066871977
SMAP,G-1,development,hankel_pca,16,cal995,0.07245375290266724,0,0,121,8284,1,0,0,0,0,0.32367782562023373,0.010107017559671647
SMAP,G-1,development,hankel_pca,16,dynamic,0.015849033225429875,0,5,121,8279,1,0,0,1,0,0.32367782562023373,0.010107017559671647
SMAP,G-1,development,hankel_pca,64,cal995,0.06621102068303891,0,0,121,8284,1,0,0,0,0,0.3871577590575879,0.011492841836832851
SMAP,G-1,development,hankel_pca,64,dynamic,0.014119901134048148,0,10,121,8274,1,0,0,1,0,0.3871577590575879,0.011492841836832851
SMAP,G-4,development,multi_target,1,cal995,0.015087660721037536,15,81,16,7456,1,1,16,76,1,0.7071543824658566,0.46671300578353403
SMAP,G-4,development,multi_target,1,dynamic,0.0891469348192051,2,0,29,7537,1,1,16,1,1,0.7071543824658566,0.46671300578353403
SMAP,G-4,development,multi_target,16,cal995,0.013561966470084438,15,24,16,7513,1,1,16,1,1,0.5336212320295145,0.4856323533584358
SMAP,G-4,development,multi_target,16,dynamic,0.1442460045798337,12,0,19,7537,1,1,16,1,1,0.5336212320295145,0.4856323533584358
SMAP,G-4,development,multi_target,64,cal995,0.013565900582702925,15,77,16,7460,1,1,16,1,1,0.5408843254995784,0.47008666061557386
SMAP,G-4,development,multi_target,64,dynamic,0.07902276155239793,14,7,17,7530,1,1,17,1,1,0.5408843254995784,0.47008666061557386
SMAP,G-4,development,multi_context,1,cal995,0.014957182225771248,15,43,16,7494,1,1,16,42,1,0.6075061952432516,0.48595426610205206
SMAP,G-4,development,multi_context,1,dynamic,0.08932741552759745,2,0,29,7537,1,1,16,1,1,0.6075061952432516,0.48595426610205206
SMAP,G-4,development,multi_context,16,cal995,0.014006509390952881,15,23,16,7514,1,1,16,1,1,0.5336212320295145,0.4856323533584358
SMAP,G-4,development,multi_context,16,dynamic,0.13642773491850335,12,0,19,7537,1,1,16,1,1,0.5336212320295145,0.4856323533584358
SMAP,G-4,development,multi_context,64,cal995,0.014035970134257482,15,74,16,7463,1,1,16,1,1,0.5427717882104199,0.4713298076257337
SMAP,G-4,development,multi_context,64,dynamic,0.07713251944221838,14,6,17,7531,1,1,17,1,1,0.5427717882104199,0.4713298076257337
SMAP,G-4,development,hankel_pca,1,cal995,8.411363487539343e-06,15,100,16,7437,1,1,16,26,1,0.6509306774749943,0.08062619762097337
SMAP,G-4,development,hankel_pca,1,dynamic,0.0064947500970094305,15,50,16,7487,1,1,16,1,1,0.6509306774749943,0.08062619762097337
SMAP,G-4,development,hankel_pca,16,cal995,7.054752051667861e-06,15,188,16,7349,1,1,16,11,1,0.6994568729750437,0.059967318223155014
SMAP,G-4,development,hankel_pca,16,dynamic,0.024559698657216782,0,39,31,7498,1,0,0,1,0,0.6994568729750437,0.059967318223155014
SMAP,G-4,development,hankel_pca,64,cal995,6.036553676641531e-06,15,462,16,7075,1,1,16,7,1,0.7981741687246144,0.03458943725072609
SMAP,G-4,development,hankel_pca,64,dynamic,0.020512529643173957,0,26,31,7511,1,0,0,1,0,0.7981741687246144,0.03458943725072609
MSL,M-1,development,multi_target,1,cal995,3.4729800458997495,2,19,1139,1053,1,1,0,14,1,0.162611024631444,0.34803228762473476
MSL,M-1,development,multi_target,1,dynamic,3.161883590292049,4,52,1137,1020,1,1,0,17,1,0.162611024631444,0.34803228762473476
MSL,M-1,development,multi_target,16,cal995,3.5108402188385246,0,0,1141,1072,1,0,0,0,0,0.13372908681831858,0.34300870240281
MSL,M-1,development,multi_target,16,dynamic,9.766056044875574,0,0,1141,1072,1,0,0,0,0,0.13372908681831858,0.34300870240281
MSL,M-1,development,multi_target,64,cal995,3.6617339202804677,0,0,1141,1072,1,0,0,0,0,0.12216633746255576,0.3516604727413732
MSL,M-1,development,multi_target,64,dynamic,8.990715445000951,0,0,1141,1072,1,0,0,0,0,0.12216633746255576,0.3516604727413732
MSL,M-1,development,multi_context,1,cal995,3.0513438846915966,2,84,1139,988,1,1,0,15,1,0.19458497390348867,0.3560096187035058
MSL,M-1,development,multi_context,1,dynamic,3.7039736055731245,0,3,1141,1069,1,0,0,3,0,0.19458497390348867,0.3560096187035058
MSL,M-1,development,multi_context,16,cal995,3.3028364543436317,0,0,1141,1072,1,0,0,0,0,0.14107486232291652,0.3436039692685948
MSL,M-1,development,multi_context,16,dynamic,2.8758600434307793,0,23,1141,1049,1,0,0,2,0,0.14107486232291652,0.3436039692685948
MSL,M-1,development,multi_context,64,cal995,3.4079355299295053,0,0,1141,1072,1,0,0,0,0,0.12320790874723667,0.3394321170234382
MSL,M-1,development,multi_context,64,dynamic,8.970646178753821,0,0,1141,1072,1,0,0,0,0,0.12320790874723667,0.3394321170234382
MSL,M-1,development,hankel_pca,1,cal995,0.3612583012878896,6,95,1135,977,1,1,0,34,1,0.15899413973079388,0.3474170905972668
MSL,M-1,development,hankel_pca,1,dynamic,0.5823308953902079,0,7,1141,1065,1,0,0,1,0,0.15899413973079388,0.3474170905972668
MSL,M-1,development,hankel_pca,16,cal995,0.3044587416530064,13,251,1128,821,1,1,0,11,1,0.15765007129122138,0.3469511304913914
MSL,M-1,development,hankel_pca,16,dynamic,0.5010852867218628,0,6,1141,1066,1,0,0,1,0,0.15765007129122138,0.3469511304913914
MSL,M-1,development,hankel_pca,64,cal995,0.3085727634885149,18,207,1123,865,1,1,0,4,1,0.1575805787015841,0.34616619999557274
MSL,M-1,development,hankel_pca,64,dynamic,1.5927935344596678,0,0,1141,1072,1,0,0,0,0,0.1575805787015841,0.34616619999557274
MSL,M-3,development,multi_target,1,cal995,2.663612801246353,0,7,251,1805,1,0,0,3,0,0.5117191279033975,0.14230912872421772
MSL,M-3,development,multi_target,1,dynamic,3.2807076437235847,0,1,251,1811,1,0,0,1,0,0.5117191279033975,0.14230912872421772
MSL,M-3,development,multi_target,16,cal995,1.680491984777117,0,0,251,1812,1,0,0,0,0,0.47822836688565823,0.14289060197214237
MSL,M-3,development,multi_target,16,dynamic,1.5256651695566297,3,13,248,1799,1,1,181,3,1,0.47822836688565823,0.14289060197214237
MSL,M-3,development,multi_target,64,cal995,0.8581798634854114,67,202,184,1610,1,1,184,5,1,0.35009410481693537,0.12214157317433164
MSL,M-3,development,multi_target,64,dynamic,1.0726150251798772,0,31,251,1781,1,0,0,3,0,0.35009410481693537,0.12214157317433164
MSL,M-3,development,multi_context,1,cal995,2.796174500174828,0,4,251,1808,1,0,0,3,0,0.5497524251778757,0.14292215322249488
MSL,M-3,development,multi_context,1,dynamic,2.6438736278103274,0,6,251,1806,1,0,0,3,0,0.5497524251778757,0.14292215322249488
MSL,M-3,development,multi_context,16,cal995,1.7807702175171713,0,0,251,1812,1,0,0,0,0,0.49588401361441653,0.14473897040324335
MSL,M-3,development,multi_context,16,dynamic,1.5856180182076396,0,10,251,1802,1,0,0,1,0,0.49588401361441653,0.14473897040324335
MSL,M-3,development,multi_context,64,cal995,0.8823493288858884,67,224,184,1588,1,1,184,6,1,0.3732399321038143,0.11700510074731862
MSL,M-3,development,multi_context,64,dynamic,1.1475344083022423,0,45,251,1767,1,0,0,4,0,0.3732399321038143,0.11700510074731862
MSL,M-3,development,hankel_pca,1,cal995,0.11308735322207225,25,314,226,1498,1,1,172,43,2,0.2893041520452407,0.10317659309084617
MSL,M-3,development,hankel_pca,1,dynamic,0.2214453139851376,0,4,251,1808,1,0,0,2,0,0.2893041520452407,0.10317659309084617
MSL,M-3,development,hankel_pca,16,cal995,0.11698360212147238,24,248,227,1564,1,1,218,10,1,0.25929175131702775,0.1081472262847326
MSL,M-3,development,hankel_pca,16,dynamic,0.16504148427864912,2,1,249,1811,1,1,231,2,1,0.25929175131702775,0.1081472262847326
MSL,M-3,development,hankel_pca,64,cal995,0.11742773529680876,0,96,251,1716,1,0,0,3,0,0.22605823944838746,0.078843872913707
MSL,M-3,development,hankel_pca,64,dynamic,0.14256658244413828,0,35,251,1777,1,0,0,1,0,0.22605823944838746,0.078843872913707
MSL,M-4,development,multi_target,1,cal995,2.5643345024809268,0,11,251,1712,1,0,0,2,0,0.5903119963558419,0.1897487587430513
MSL,M-4,development,multi_target,1,dynamic,3.0755004623484337,0,3,251,1720,1,0,0,1,0,0.5903119963558419,0.1897487587430513
MSL,M-4,development,multi_target,16,cal995,1.824629446288396,0,13,251,1710,1,0,0,2,0,0.6195045702275055,0.2665474786750906
MSL,M-4,development,multi_target,16,dynamic,1.994819412038686,0,5,251,1718,1,0,0,1,0,0.6195045702275055,0.2665474786750906
MSL,M-4,development,multi_target,64,cal995,0.9341325539403124,102,87,149,1636,1,1,136,3,2,0.569952343845743,0.2741183914771549
MSL,M-4,development,multi_target,64,dynamic,1.4148168091722266,0,13,251,1710,1,0,0,1,0,0.569952343845743,0.2741183914771549
MSL,M-4,development,multi_context,1,cal995,2.61789315145463,0,10,251,1713,1,0,0,2,0,0.645052985966754,0.20018734422212686
MSL,M-4,development,multi_context,1,dynamic,3.0709829926725156,0,4,251,1719,1,0,0,1,0,0.645052985966754,0.20018734422212686
MSL,M-4,development,multi_context,16,cal995,1.8736421815985074,0,15,251,1708,1,0,0,2,0,0.6508221322487184,0.27856904239323843
MSL,M-4,development,multi_context,16,dynamic,2.007777858059952,0,7,251,1716,1,0,0,1,0,0.6508221322487184,0.27856904239323843
MSL,M-4,development,multi_context,64,cal995,0.9527266762337003,116,88,135,1635,1,1,133,3,2,0.5864736064447954,0.2820364731594723
MSL,M-4,development,multi_context,64,dynamic,1.4441500412842507,0,21,251,1702,1,0,0,1,0,0.5864736064447954,0.2820364731594723
MSL,M-4,development,hankel_pca,1,cal995,0.2075346309691668,1,56,250,1667,1,1,163,8,1,0.261789753348764,0.08282005339216535
MSL,M-4,development,hankel_pca,1,dynamic,0.4107384862204672,0,3,251,1720,1,0,0,1,0,0.261789753348764,0.08282005339216535
MSL,M-4,development,hankel_pca,16,cal995,0.1698436621947815,0,147,251,1576,1,0,0,6,0,0.25593736487595753,0.08286501721615368
MSL,M-4,development,hankel_pca,16,dynamic,0.24709405285294728,0,37,251,1686,1,0,0,1,0,0.25593736487595753,0.08286501721615368
MSL,M-4,development,hankel_pca,64,cal995,0.1692274392294234,0,95,251,1628,1,0,0,2,0,0.2239584898941668,0.0772635248180102
MSL,M-4,development,hankel_pca,64,dynamic,0.22016523284260112,0,17,251,1706,1,0,0,1,0,0.2239584898941668,0.0772635248180102
MSL,P-11,development,multi_target,1,cal995,2.1940683469772346,51,24,177,3219,2,2,19,30,11,0.7544630540272977,0.37736546907395113
MSL,P-11,development,multi_target,1,dynamic,4.940307351395431,1,0,227,3243,2,1,72,1,1,0.7544630540272977,0.37736546907395113
MSL,P-11,development,multi_target,16,cal995,1.2241135328260255,115,65,113,3178,2,2,24,19,5,0.9007024576550844,0.632151516952234
MSL,P-11,development,multi_target,16,dynamic,3.1250964631643967,12,0,216,3243,2,1,27,1,1,0.9007024576550844,0.632151516952234
MSL,P-11,development,multi_target,64,cal995,0.8430091266129686,198,258,30,2985,2,2,30,15,2,0.9223604416530071,0.7898031184945882
MSL,P-11,development,multi_target,64,dynamic,2.282209451938999,14,0,214,3243,2,1,34,1,1,0.9223604416530071,0.7898031184945882
MSL,P-11,development,multi_context,1,cal995,2.060926833152771,54,31,174,3212,2,2,31,36,13,0.7812873611719708,0.3870209455453526
MSL,P-11,development,multi_context,1,dynamic,4.507153106352186,1,0,227,3243,2,1,72,1,1,0.7812873611719708,0.3870209455453526
MSL,P-11,development,multi_context,16,cal995,1.2808556358834253,106,32,122,3211,2,2,32,13,8,0.899521776998772,0.6638555338595744
MSL,P-11,development,multi_context,16,dynamic,2.975487011076752,9,0,219,3243,2,1,28,1,1,0.899521776998772,0.6638555338595744
MSL,P-11,development,multi_context,64,cal995,0.8997895572189739,177,110,51,3133,2,2,36,9,3,0.9312513862516296,0.8071444881247428
MSL,P-11,development,multi_context,64,dynamic,2.065096844874044,17,0,211,3243,2,1,31,1,1,0.9312513862516296,0.8071444881247428
MSL,P-11,development,hankel_pca,1,cal995,0.12886590048670768,148,345,80,2898,2,2,74,16,4,0.9002750864209553,0.34432758577593325
MSL,P-11,development,hankel_pca,1,dynamic,1.184460884659726,48,15,180,3228,2,1,73,1,1,0.9002750864209553,0.34432758577593325
MSL,P-11,development,hankel_pca,16,cal995,0.11565790510030402,143,376,85,2867,2,2,85,5,2,0.888153161194692,0.2992238178355018
MSL,P-11,development,hankel_pca,16,dynamic,1.4673908004308394,32,16,196,3227,2,1,89,1,1,0.888153161194692,0.2992238178355018
MSL,P-11,development,hankel_pca,64,cal995,0.09290682295246201,129,547,99,2696,2,2,99,6,2,0.7988582696333804,0.19701118935528183
MSL,P-11,development,hankel_pca,64,dynamic,1.3974495961057742,0,16,228,3227,2,0,0,1,0,0.7988582696333804,0.19701118935528183
MSL,P-15,development,multi_target,1,cal995,1.249007738828657,14,1612,7,1159,1,1,7,27,1,0.6259902734099774,0.021863485605243246
MSL,P-15,development,multi_target,1,dynamic,325.790660608942,0,0,21,2771,1,0,0,0,0,0.6259902734099774,0.021863485605243246
MSL,P-15,development,multi_target,16,cal995,0.8003863352189116,14,1995,7,776,1,1,7,8,1,0.3302916258527951,0.005662010952687093
MSL,P-15,development,multi_target,16,dynamic,324.83965603466027,0,0,21,2771,1,0,0,0,0,0.3302916258527951,0.005662010952687093
MSL,P-15,development,multi_target,64,cal995,0.5203860176917342,14,2322,7,449,1,1,7,7,1,0.332680311388359,0.00567862409376595
MSL,P-15,development,multi_target,64,dynamic,321.9750687005587,0,0,21,2771,1,0,0,0,0,0.332680311388359,0.00567862409376595
MSL,P-15,development,multi_context,1,cal995,1.1020749805867656,14,1700,7,1071,1,1,7,31,1,0.6909144025708444,0.48423345513274696
MSL,P-15,development,multi_context,1,dynamic,320.5503091992349,0,0,21,2771,1,0,0,0,0,0.6909144025708444,0.48423345513274696
MSL,P-15,development,multi_context,16,cal995,0.7339472720372061,14,2018,7,753,1,1,7,8,1,0.34788884879105014,0.0057865746433220285
MSL,P-15,development,multi_context,16,dynamic,319.6008936011665,0,0,21,2771,1,0,0,0,0,0.34788884879105014,0.0057865746433220285
MSL,P-15,development,multi_context,64,cal995,0.5115767550496808,14,2266,7,505,1,1,7,6,1,0.3504665669948961,0.005809535713160653
MSL,P-15,development,multi_context,64,dynamic,316.76066174029944,0,0,21,2771,1,0,0,0,0,0.3504665669948961,0.005809535713160653
MSL,P-15,development,hankel_pca,1,cal995,0.10382789254188526,14,1767,7,1004,1,1,7,8,1,0.7330686875977384,0.3177204963618602
MSL,P-15,development,hankel_pca,1,dynamic,23.751712219801405,14,49,7,2722,1,1,7,1,1,0.7330686875977384,0.3177204963618602
MSL,P-15,development,hankel_pca,16,cal995,0.07412214832945731,14,1925,7,846,1,1,7,7,1,0.7281710230104311,0.08031308856681152
MSL,P-15,development,hankel_pca,16,dynamic,33.9132668292097,10,53,11,2718,1,1,11,1,1,0.7281710230104311,0.08031308856681152
MSL,P-15,development,hankel_pca,64,cal995,0.06107101431215241,21,2162,0,609,1,1,0,8,1,0.7288927841075079,0.04694323975971237
MSL,P-15,development,hankel_pca,64,dynamic,43.46957727561546,0,23,21,2748,1,0,0,1,0,0.7288927841075079,0.04694323975971237
SMAP,P-3,development,multi_target,1,cal995,1.3980190405994648,344,0,992,7093,1,1,14,106,106,0.8849413818633703,0.8028541816489742
SMAP,P-3,development,multi_target,1,dynamic,3.9250940845997286,2,0,1334,7093,1,1,835,2,2,0.8849413818633703,0.8028541816489742
SMAP,P-3,development,multi_target,16,cal995,0.9066960836367892,775,0,561,7093,1,1,16,29,29,0.9162187397374996,0.8694083150261421
SMAP,P-3,development,multi_target,16,dynamic,2.1021448379725727,2,0,1334,7093,1,1,435,1,1,0.9162187397374996,0.8694083150261421
SMAP,P-3,development,multi_target,64,cal995,0.5298394929333243,1070,0,266,7093,1,1,22,3,3,0.9674546297226498,0.9483312904241133
SMAP,P-3,development,multi_target,64,dynamic,1.6273739107647978,1,0,1335,7093,1,1,530,1,1,0.9674546297226498,0.9483312904241133
SMAP,P-3,development,multi_context,1,cal995,1.4197772781550875,332,0,1004,7093,1,1,14,105,105,0.8775767582275178,0.7763056505268394
SMAP,P-3,development,multi_context,1,dynamic,3.8998141499573626,1,0,1335,7093,1,1,835,1,1,0.8775767582275178,0.7763056505268394
SMAP,P-3,development,multi_context,16,cal995,0.9027744862017427,770,0,566,7093,1,1,16,30,30,0.9165119992638436,0.8637408883323962
SMAP,P-3,development,multi_context,16,dynamic,2.06316626708601,3,0,1333,7093,1,1,435,2,2,0.9165119992638436,0.8637408883323962
SMAP,P-3,development,multi_context,64,cal995,0.5495661612716359,1059,0,277,7093,1,1,21,3,3,0.9666190669556137,0.9386317183298822
SMAP,P-3,development,multi_context,64,dynamic,1.5943269126139807,1,0,1335,7093,1,1,530,1,1,0.9666190669556137,0.9386317183298822
SMAP,P-3,development,hankel_pca,1,cal995,0.07505512312054634,1120,0,216,7093,1,1,15,2,2,0.8613279221903015,0.8694833972229882
SMAP,P-3,development,hankel_pca,1,dynamic,1.908865213452123,57,0,1279,7093,1,1,435,19,19,0.8613279221903015,0.8694833972229882
SMAP,P-3,development,hankel_pca,16,cal995,0.06806789111687822,1135,0,201,7093,1,1,17,2,2,0.9080527440818349,0.912501842171663
SMAP,P-3,development,hankel_pca,16,dynamic,2.10612995485795,32,0,1304,7093,1,1,458,1,1,0.9080527440818349,0.912501842171663
SMAP,P-3,development,hankel_pca,64,cal995,0.05512987604694678,1211,45,125,7048,1,1,22,2,2,0.9960733404191195,0.9869199962168842
SMAP,P-3,development,hankel_pca,64,dynamic,1.8371065149107073,36,0,1300,7093,1,1,479,1,1,0.9960733404191195,0.9869199962168842
MSL,T-4,development,multi_target,1,cal995,1.5967482153326273,5,62,64,2022,1,1,40,24,1,0.4431625358146262,0.09009024935063434
MSL,T-4,development,multi_target,1,dynamic,1.9481405682870783,4,0,65,2084,1,1,40,1,1,0.4431625358146262,0.09009024935063434
MSL,T-4,development,multi_target,16,cal995,1.096583531086255,9,108,60,1976,1,1,42,21,2,0.5027608556566248,0.0864559159005989
MSL,T-4,development,multi_target,16,dynamic,1.3341666341924803,1,0,68,2084,1,1,44,1,1,0.5027608556566248,0.0864559159005989
MSL,T-4,development,multi_target,64,cal995,0.9795757315664089,0,41,69,2043,1,0,0,5,0,0.5016829397201591,0.03518679764634434
MSL,T-4,development,multi_target,64,dynamic,2.189463331377716,0,0,69,2084,1,0,0,0,0,0.5016829397201591,0.03518679764634434
MSL,T-4,development,multi_context,1,cal995,1.74936495108737,4,21,65,2063,1,1,40,11,1,0.4278561295168154,0.0870857846828523
MSL,T-4,development,multi_context,1,dynamic,2.035615746021274,4,0,65,2084,1,1,40,1,1,0.4278561295168154,0.0870857846828523
MSL,T-4,development,multi_context,16,cal995,1.3846306599966325,0,1,69,2083,1,0,0,1,0,0.45579153801218397,0.04553230528836148
MSL,T-4,development,multi_context,16,dynamic,1.3460696707581525,1,5,68,2079,1,1,44,2,1,0.45579153801218397,0.04553230528836148
MSL,T-4,development,multi_context,64,cal995,1.0733241341831201,0,0,69,2084,1,0,0,0,0,0.3785849397757935,0.025388532179493314
MSL,T-4,development,multi_context,64,dynamic,1.0192606371814754,0,8,69,2076,1,0,0,1,0,0.3785849397757935,0.025388532179493314
MSL,T-4,development,hankel_pca,1,cal995,0.10770851969718936,34,81,35,2003,1,1,1,46,10,0.9038916242454589,0.25464917928107283
MSL,T-4,development,hankel_pca,1,dynamic,0.14109164275128655,2,6,67,2078,1,1,51,8,2,0.9038916242454589,0.25464917928107283
MSL,T-4,development,hankel_pca,16,cal995,0.092134033883144,58,179,11,1905,1,1,0,20,6,0.9492405908370191,0.2463394489981917
MSL,T-4,development,hankel_pca,16,dynamic,0.12146437861977546,14,38,55,2046,1,1,55,1,1,0.9492405908370191,0.2463394489981917
MSL,T-4,development,hankel_pca,64,cal995,0.0755324321149673,69,585,0,1499,1,1,0,6,1,0.8993504687195749,0.14440035371090193
MSL,T-4,development,hankel_pca,64,dynamic,0.11171760077150208,1,43,68,2041,1,1,68,1,1,0.8993504687195749,0.14440035371090193
SMAP,A-1,development,dae,1,cal995,1e-06,85,8491,0,0,1,1,0,1,1,0.6447477259659016,0.11652001668495963
SMAP,A-1,development,dae,1,dynamic,0.013905793762789624,25,39,60,8452,1,1,60,1,1,0.6447477259659016,0.11652001668495963
SMAP,A-1,development,dae,16,cal995,1e-06,85,8491,0,0,1,1,0,1,1,0.4849466909599784,0.071554964064856
SMAP,A-1,development,dae,16,dynamic,0.04319595971702978,16,41,69,8450,1,1,69,1,1,0.4849466909599784,0.071554964064856
SMAP,A-1,development,dae,64,cal995,1e-06,85,8491,0,0,1,1,0,1,1,0.4837495756752825,0.0464221857115666
SMAP,A-1,development,dae,64,dynamic,0.04691153612370262,0,24,85,8467,1,0,0,1,0,0.4837495756752825,0.0464221857115666
SMAP,A-1,development,usad,1,cal995,0.027678443118929863,25,39,60,8452,1,1,60,1,1,0.6447366415651173,0.1138309020905682
SMAP,A-1,development,usad,1,dynamic,0.041885615627937495,25,39,60,8452,1,1,60,1,1,0.6447366415651173,0.1138309020905682
SMAP,A-1,development,usad,16,cal995,0.027678443118929863,25,99,60,8392,1,1,60,1,1,0.4849688597615468,0.0718869156474055
SMAP,A-1,development,usad,16,dynamic,0.05882830948755502,20,44,65,8447,1,1,65,1,1,0.4849688597615468,0.0718869156474055
SMAP,A-1,development,usad,64,cal995,0.027678443118929863,25,274,60,8217,1,1,60,1,1,0.4837426479247923,0.046391412344658774
SMAP,A-1,development,usad,64,dynamic,0.06921553536718801,0,40,85,8451,1,0,0,1,0,0.4837426479247923,0.046391412344658774
SMAP,A-1,development,trajectory_gaussian,1,cal995,1e-06,0,0,85,8491,1,0,0,0,0,0.5,0.009911380597014926
SMAP,A-1,development,trajectory_gaussian,1,dynamic,1e-06,0,0,85,8491,1,0,0,0,0,0.5,0.009911380597014926
SMAP,A-1,development,trajectory_gaussian,16,cal995,1e-06,0,0,85,8491,1,0,0,0,0,0.5,0.009911380597014926
SMAP,A-1,development,trajectory_gaussian,16,dynamic,1e-06,0,0,85,8491,1,0,0,0,0,0.5,0.009911380597014926
SMAP,A-1,development,trajectory_gaussian,64,cal995,1e-06,0,0,85,8491,1,0,0,0,0,0.5,0.009911380597014926
SMAP,A-1,development,trajectory_gaussian,64,dynamic,1e-06,0,0,85,8491,1,0,0,0,0,0.5,0.009911380597014926
SMAP,A-7,development,dae,1,cal995,1.8128724694252014,0,144,2401,6022,1,0,0,18,0,0.8235418721494436,0.4798090116138944
SMAP,A-7,development,dae,1,dynamic,2.593522656558748,0,1,2401,6165,1,0,0,1,0,0.8235418721494436,0.4798090116138944
SMAP,A-7,development,dae,16,cal995,1.712442313022559,0,147,2401,6019,1,0,0,5,0,0.822319411457249,0.48043479757783203
SMAP,A-7,development,dae,16,dynamic,2.106784085086538,0,31,2401,6135,1,0,0,2,0,0.822319411457249,0.48043479757783203
SMAP,A-7,development,dae,64,cal995,1.3334301208167503,0,198,2401,5968,1,0,0,4,0,0.8077615378931068,0.46399591571709004
SMAP,A-7,development,dae,64,dynamic,1.7571802102816145,0,32,2401,6134,1,0,0,1,0,0.8077615378931068,0.46399591571709004
SMAP,A-7,development,usad,1,cal995,2.420655159950256,0,164,2401,6002,1,0,0,4,0,0.08702180124699367,0.16032353220685286
SMAP,A-7,development,usad,1,dynamic,2.3429345943582023,0,170,2401,5996,1,0,0,3,0,0.08702180124699367,0.16032353220685286
SMAP,A-7,development,usad,16,cal995,2.3277012435222817,0,157,2401,6009,1,0,0,3,0,0.07967008286497558,0.15966464044509257
SMAP,A-7,development,usad,16,dynamic,2.7835166085183887,0,35,2401,6131,1,0,0,1,0,0.07967008286497558,0.15966464044509257
SMAP,A-7,development,usad,64,cal995,2.0527776607930184,0,139,2401,6027,1,0,0,3,0,0.060404945339160895,0.1576933987154059
SMAP,A-7,development,usad,64,dynamic,2.538226990966912,0,11,2401,6155,1,0,0,1,0,0.060404945339160895,0.1576933987154059
SMAP,A-7,development,trajectory_gaussian,1,cal995,104.60827689670114,0,314,2401,5852,1,0,0,65,0,0.0367021903918021,0.15633440210115063
SMAP,A-7,development,trajectory_gaussian,1,dynamic,126.84360510545054,0,7,2401,6159,1,0,0,5,0,0.0367021903918021,0.15633440210115063
SMAP,A-7,development,trajectory_gaussian,16,cal995,97.36925200914708,0,539,2401,5627,1,0,0,13,0,0.03209253145279639,0.1561309156777498
SMAP,A-7,development,trajectory_gaussian,16,dynamic,106.69912810247266,0,200,2401,5966,1,0,0,9,0,0.03209253145279639,0.1561309156777498
SMAP,A-7,development,trajectory_gaussian,64,cal995,88.0759867217357,0,843,2401,5323,1,0,0,7,0,0.016948419832097744,0.15571232147168867
SMAP,A-7,development,trajectory_gaussian,64,dynamic,104.35796999192445,0,125,2401,6041,1,0,0,5,0,0.016948419832097744,0.15571232147168867
SMAP,D-11,development,dae,1,cal995,2.1960488033294676,26,32,35,7274,1,1,35,1,1,0.4838264529939461,0.18370683565318818
SMAP,D-11,development,dae,1,dynamic,9.17512464539953,10,16,51,7290,1,1,51,1,1,0.4838264529939461,0.18370683565318818
SMAP,D-11,development,dae,16,cal995,2.082658122985988,21,42,40,7264,1,1,40,1,1,0.4708885129222332,0.11159205711613347
SMAP,D-11,development,dae,16,dynamic,8.80040967071503,2,22,59,7284,1,1,59,1,1,0.4708885129222332,0.11159205711613347
SMAP,D-11,development,dae,64,cal995,1.508865379324351,16,93,45,7213,1,1,45,1,1,0.4290948827148582,0.04356756968080301
SMAP,D-11,development,dae,64,dynamic,6.325385201621925,0,24,61,7282,1,0,0,1,0,0.4290948827148582,0.04356756968080301
SMAP,D-11,development,usad,1,cal995,31.520326614379883,0,0,61,7306,1,0,0,0,0,0.27181117698007023,0.006461783473793941
SMAP,D-11,development,usad,1,dynamic,167.36362749971687,0,0,61,7306,1,0,0,0,0,0.27181117698007023,0.006461783473793941
SMAP,D-11,development,usad,16,cal995,31.520326591332992,0,0,61,7306,1,0,0,0,0,0.23464657389165877,0.006169639899888568
SMAP,D-11,development,usad,16,dynamic,167.16318482814552,0,0,61,7306,1,0,0,0,0,0.23464657389165877,0.006169639899888568
SMAP,D-11,development,usad,64,cal995,31.482055022097644,0,0,61,7306,1,0,0,0,0,0.18882975142819958,0.004738596626136507
SMAP,D-11,development,usad,64,dynamic,166.3169814938441,0,0,61,7306,1,0,0,0,0,0.18882975142819958,0.004738596626136507
SMAP,D-11,development,trajectory_gaussian,1,cal995,2401.8272990553387,29,34,32,7272,1,1,32,1,1,0.485240067673998,0.27283360562331244
SMAP,D-11,development,trajectory_gaussian,1,dynamic,3889.771294734974,29,34,32,7272,1,1,32,1,1,0.485240067673998,0.27283360562331244
SMAP,D-11,development,trajectory_gaussian,16,cal995,2312.421404725635,28,49,33,7257,1,1,33,1,1,0.4743956236284572,0.13199005353180013
SMAP,D-11,development,trajectory_gaussian,16,dynamic,11324.95466088527,20,36,41,7270,1,1,41,1,1,0.4743956236284572,0.13199005353180013
SMAP,D-11,development,trajectory_gaussian,64,cal995,1946.7409429541053,25,97,36,7209,1,1,36,1,1,0.47091992658178994,0.08193642864618636
SMAP,D-11,development,trajectory_gaussian,64,dynamic,11880.534130059941,0,27,61,7279,1,0,0,1,0,0.47091992658178994,0.08193642864618636
SMAP,D-13,development,dae,1,cal995,1e-06,139,2432,22,5006,1,1,22,1,1,0.6270469420918934,0.027342073629325035
SMAP,D-13,development,dae,1,dynamic,23.61000087890722,0,0,161,7438,1,0,0,0,0,0.6270469420918934,0.027342073629325035
SMAP,D-13,development,dae,16,cal995,1e-06,139,2432,22,5006,1,1,22,1,1,0.6270469420918934,0.026833774877298083
SMAP,D-13,development,dae,16,dynamic,23.5845435450243,0,0,161,7438,1,0,0,0,0,0.6270469420918934,0.026833774877298083
SMAP,D-13,development,dae,64,cal995,1e-06,139,2432,22,5006,1,1,22,1,1,0.6270469420918934,0.026833774877298086
SMAP,D-13,development,dae,64,dynamic,23.475434604012573,0,0,161,7438,1,0,0,0,0,0.6270469420918934,0.026833774877298086
SMAP,D-13,development,usad,1,cal995,0.037412334233522415,139,2432,22,5006,1,1,22,1,1,0.6270469420918934,0.027342073629325035
SMAP,D-13,development,usad,1,dynamic,23.100672772949665,0,0,161,7438,1,0,0,0,0,0.6270469420918934,0.027342073629325035
SMAP,D-13,development,usad,16,cal995,0.037412334233522415,139,2432,22,5006,1,1,22,1,1,0.6270469420918934,0.026833774877298083
SMAP,D-13,development,usad,16,dynamic,23.07576213048161,0,0,161,7438,1,0,0,0,0,0.6270469420918934,0.026833774877298083
SMAP,D-13,development,usad,64,cal995,0.037412334233522415,139,2432,22,5006,1,1,22,1,1,0.6270469420918934,0.026833774877298086
SMAP,D-13,development,usad,64,dynamic,22.968891216742414,0,0,161,7438,1,0,0,0,0,0.6270469420918934,0.026833774877298086
SMAP,D-13,development,trajectory_gaussian,1,cal995,1e-06,0,0,161,7438,1,0,0,0,0,0.5,0.021186998289248585
SMAP,D-13,development,trajectory_gaussian,1,dynamic,1e-06,0,0,161,7438,1,0,0,0,0,0.5,0.021186998289248585
SMAP,D-13,development,trajectory_gaussian,16,cal995,1e-06,0,0,161,7438,1,0,0,0,0,0.5,0.021186998289248585
SMAP,D-13,development,trajectory_gaussian,16,dynamic,1e-06,0,0,161,7438,1,0,0,0,0,0.5,0.021186998289248585
SMAP,D-13,development,trajectory_gaussian,64,cal995,1e-06,0,0,161,7438,1,0,0,0,0,0.5,0.021186998289248585
SMAP,D-13,development,trajectory_gaussian,64,dynamic,1e-06,0,0,161,7438,1,0,0,0,0,0.5,0.021186998289248585
MSL,D-15,development,dae,1,cal995,1.5626784563064575,167,80,474,1373,1,1,85,23,15,0.8017303486358311,0.602563652717751
MSL,D-15,development,dae,1,dynamic,2.1922455040056215,12,1,629,1452,1,1,545,2,1,0.8017303486358311,0.602563652717751
MSL,D-15,development,dae,16,cal995,1.4076922097248468,228,100,413,1353,1,1,91,7,4,0.8203566133010082,0.6373073782532658
MSL,D-15,development,dae,16,dynamic,2.1171034883121895,17,0,624,1453,1,1,552,1,1,0.8203566133010082,0.6373073782532658
MSL,D-15,development,dae,64,cal995,1.2828088186378483,268,75,373,1378,1,1,100,7,4,0.909179243976366,0.7947531673147156
MSL,D-15,development,dae,64,dynamic,5.572777665202939,0,0,641,1453,1,0,0,0,0,0.909179243976366,0.7947531673147156
MSL,D-15,development,usad,1,cal995,1.7686689496040344,144,120,497,1333,1,1,89,30,19,0.7843441886333402,0.5049565810413886
MSL,D-15,development,usad,1,dynamic,2.571205509580538,1,3,640,1450,1,1,554,4,1,0.7843441886333402,0.5049565810413886
MSL,D-15,development,usad,16,cal995,1.6459683492837605,217,140,424,1313,1,1,93,10,6,0.8023573799111635,0.5215529215227201
MSL,D-15,development,usad,16,dynamic,7.729051573760511,0,0,641,1453,1,0,0,0,0,0.8023573799111635,0.5215529215227201
MSL,D-15,development,usad,64,cal995,1.4719143994408728,333,137,308,1316,1,1,100,7,5,0.8820558465834848,0.6443850167551737
MSL,D-15,development,usad,64,dynamic,6.323838817219245,0,0,641,1453,1,0,0,0,0,0.8820558465834848,0.6443850167551737
MSL,D-15,development,trajectory_gaussian,1,cal995,133.2261628282474,180,56,461,1397,1,1,86,45,37,0.8321907549392134,0.6475352380409575
MSL,D-15,development,trajectory_gaussian,1,dynamic,182.44922896172068,2,4,639,1449,1,1,552,6,2,0.8321907549392134,0.6475352380409575
MSL,D-15,development,trajectory_gaussian,16,cal995,121.26417393392136,226,66,415,1387,1,1,93,6,4,0.8533863446760858,0.6900887234041878
MSL,D-15,development,trajectory_gaussian,16,dynamic,570.4731335584414,0,0,641,1453,1,0,0,0,0,0.8533863446760858,0.6900887234041878
MSL,D-15,development,trajectory_gaussian,64,cal995,108.2738943652931,289,67,352,1386,1,1,103,6,4,0.9326585589232242,0.8350139728436577
MSL,D-15,development,trajectory_gaussian,64,dynamic,478.56287903088486,0,0,641,1453,1,0,0,0,0,0.9326585589232242,0.8350139728436577
SMAP,D-3,development,dae,1,cal995,0.00041350264771608633,3276,382,0,4918,1,1,0,1,1,0.9737735849056603,0.8643089961787298
SMAP,D-3,development,dae,1,dynamic,3.5727337690915126,19,139,3257,5161,1,1,3257,1,1,0.9737735849056603,0.8643089961787298
SMAP,D-3,development,dae,16,cal995,0.0004102529819360453,3276,389,0,4911,1,1,0,1,1,0.9737735849056603,0.8643089961787298
SMAP,D-3,development,dae,16,dynamic,3.555266222845063,18,139,3258,5161,1,1,3258,1,1,0.9737735849056603,0.8643089961787298
SMAP,D-3,development,dae,64,cal995,0.0004005981323172457,3276,405,0,4895,1,1,0,1,1,0.9737735849056603,0.8643089961787298
SMAP,D-3,development,dae,64,dynamic,3.4999483617216063,21,139,3255,5161,1,1,3255,1,1,0.9737735849056603,0.8643089961787298
SMAP,D-3,development,usad,1,cal995,0.027161001861095428,3275,4231,1,1069,1,1,0,13,2,0.9524193390466975,0.8482094000804087
SMAP,D-3,development,usad,1,dynamic,3.5368403791389844,23,139,3253,5161,1,1,3253,1,1,0.9524193390466975,0.8482094000804087
SMAP,D-3,development,usad,16,cal995,0.027158422248002273,3276,4388,0,912,1,1,0,4,1,0.951497223950054,0.8474963178050723
SMAP,D-3,development,usad,16,dynamic,3.5195342519986323,23,139,3253,5161,1,1,3253,1,1,0.951497223950054,0.8474963178050723
SMAP,D-3,development,usad,64,cal995,0.027157445870274546,3276,4433,0,867,1,1,0,2,1,0.9495743198101689,0.8461596191254956
SMAP,D-3,development,usad,64,dynamic,3.4647325899823724,26,139,3250,5161,1,1,3250,1,1,0.9495743198101689,0.8461596191254956
SMAP,D-3,development,trajectory_gaussian,1,cal995,20.571516671859985,3276,258,0,5042,1,1,0,1,1,0.9762444421406686,0.9137211514011249
SMAP,D-3,development,trajectory_gaussian,1,dynamic,1377170.6657753293,35,0,3241,5300,1,1,141,1,1,0.9762444421406686,0.9137211514011249
SMAP,D-3,development,trajectory_gaussian,16,cal995,20.267697622741412,3276,280,0,5020,1,1,0,4,1,0.976119865459488,0.9120294917683067
SMAP,D-3,development,trajectory_gaussian,16,dynamic,1352209.6535923863,30,0,3246,5300,1,1,151,1,1,0.976119865459488,0.9120294917683067
SMAP,D-3,development,trajectory_gaussian,64,cal995,19.79218837459887,3276,329,0,4971,1,1,0,2,1,0.9761626005022231,0.911458930630446
SMAP,D-3,development,trajectory_gaussian,64,dynamic,1088350.0728547396,21,0,3255,5300,1,1,170,1,1,0.9761626005022231,0.911458930630446
SMAP,D-5,development,dae,1,cal995,1e-06,51,7513,0,0,1,1,0,1,1,0.03107424255473518,0.0034801279557829393
SMAP,D-5,development,dae,1,dynamic,4.277401891716777,0,0,51,7513,1,0,0,0,0,0.03107424255473518,0.0034801279557829393
SMAP,D-5,development,dae,16,cal995,1e-06,51,7513,0,0,1,1,0,1,1,0.035762847665353904,0.003492818998569912
SMAP,D-5,development,dae,16,dynamic,4.262150886841908,0,0,51,7513,1,0,0,0,0,0.035762847665353904,0.003492818998569912
SMAP,D-5,development,dae,64,cal995,1e-06,51,7513,0,0,1,1,0,1,1,0.047875186278424575,0.0035188512942462627
SMAP,D-5,development,dae,64,dynamic,4.212534369316057,0,0,51,7513,1,0,0,0,0,0.047875186278424575,0.0035188512942462627
SMAP,D-5,development,usad,1,cal995,0.028944348022341727,51,7513,0,0,1,1,0,1,1,0.03137046113533926,0.0034842523298137568
SMAP,D-5,development,usad,1,dynamic,4.374808829800438,0,0,51,7513,1,0,0,0,0,0.03137046113533926,0.0034842523298137568
SMAP,D-5,development,usad,16,cal995,0.02894237345681238,51,7513,0,0,1,1,0,1,1,0.03563496475390368,0.003491640803484123
SMAP,D-5,development,usad,16,dynamic,4.359116352563499,0,0,51,7513,1,0,0,0,0,0.03563496475390368,0.003491640803484123
SMAP,D-5,development,usad,64,cal995,0.02894217305452025,51,7513,0,0,1,1,0,1,1,0.04799784947920335,0.0035191187768899975
SMAP,D-5,development,usad,64,dynamic,4.3085115021747225,0,0,51,7513,1,0,0,0,0,0.04799784947920335,0.0035191187768899975
SMAP,D-5,development,trajectory_gaussian,1,cal995,177.04461738144252,51,7513,0,0,1,1,0,1,1,0.7565735731268415,0.5532072640469522
SMAP,D-5,development,trajectory_gaussian,1,dynamic,1785025689.4715796,37,30,14,7483,1,1,14,1,1,0.7565735731268415,0.5532072640469522
SMAP,D-5,development,trajectory_gaussian,16,cal995,164.9717931295025,51,7513,0,0,1,1,0,1,1,0.7524526115517415,0.4708226831702647
SMAP,D-5,development,trajectory_gaussian,16,dynamic,4086618896.3821344,29,32,22,7481,1,1,22,1,1,0.7524526115517415,0.4708226831702647
SMAP,D-5,development,trajectory_gaussian,64,cal995,129.94826117440255,51,7513,0,0,1,1,0,1,1,0.7510772177898178,0.1648637370754555
SMAP,D-5,development,trajectory_gaussian,64,dynamic,4997244434.253767,0,34,51,7479,1,0,0,1,0,0.7510772177898178,0.1648637370754555
SMAP,D-7,development,dae,1,cal995,1e-06,2604,0,98,4876,1,1,98,1,1,0.9818652849740932,0.9766627420252517
SMAP,D-7,development,dae,1,dynamic,3.5726025096423166,260,0,2442,4876,1,1,2442,1,1,0.9818652849740932,0.9766627420252517
SMAP,D-7,development,dae,16,cal995,1e-06,2604,0,98,4876,1,1,98,1,1,0.9818652849740932,0.9766627420252517
SMAP,D-7,development,dae,16,dynamic,3.550781923139497,254,0,2448,4876,1,1,2448,1,1,0.9818652849740932,0.9766627420252517
SMAP,D-7,development,dae,64,cal995,1e-06,2604,0,98,4876,1,1,98,1,1,0.9818652849740932,0.9766627420252517
SMAP,D-7,development,dae,64,dynamic,3.477083777124305,240,0,2462,4876,1,1,2462,1,1,0.9818652849740932,0.9766627420252517
SMAP,D-7,development,usad,1,cal995,0.028918663039803505,2604,0,98,4876,1,1,98,1,1,0.9818652849740932,0.9766627420252517
SMAP,D-7,development,usad,1,dynamic,3.51972846546083,260,0,2442,4876,1,1,2442,1,1,0.9818652849740932,0.9766627420252517
SMAP,D-7,development,usad,16,cal995,0.028918663039803505,2604,0,98,4876,1,1,98,1,1,0.9818652849740932,0.9766627420252516
SMAP,D-7,development,usad,16,dynamic,3.498214765326238,254,0,2448,4876,1,1,2448,1,1,0.9818652849740932,0.9766627420252516
SMAP,D-7,development,usad,64,cal995,0.028918663039803505,2604,0,98,4876,1,1,98,1,1,0.9818652849740932,0.9766627420252517
SMAP,D-7,development,usad,64,dynamic,3.425523613221341,241,0,2461,4876,1,1,2461,1,1,0.9818652849740932,0.9766627420252517
SMAP,D-7,development,trajectory_gaussian,1,cal995,1e-06,0,0,2702,4876,1,0,0,0,0,0.5,0.35655845869622593
SMAP,D-7,development,trajectory_gaussian,1,dynamic,1e-06,0,0,2702,4876,1,0,0,0,0,0.5,0.35655845869622593
SMAP,D-7,development,trajectory_gaussian,16,cal995,1e-06,0,0,2702,4876,1,0,0,0,0,0.5,0.35655845869622593
SMAP,D-7,development,trajectory_gaussian,16,dynamic,1e-06,0,0,2702,4876,1,0,0,0,0,0.5,0.35655845869622593
SMAP,D-7,development,trajectory_gaussian,64,cal995,1e-06,0,0,2702,4876,1,0,0,0,0,0.5,0.35655845869622593
SMAP,D-7,development,trajectory_gaussian,64,dynamic,1e-06,0,0,2702,4876,1,0,0,0,0,0.5,0.35655845869622593
SMAP,D-8,development,dae,1,cal995,1e-06,35,29,16,7730,1,1,16,1,1,0.8412747751504261,0.39652007044214155
SMAP,D-8,development,dae,1,dynamic,0.014597950110707837,35,29,16,7730,1,1,16,1,1,0.8412747751504261,0.39652007044214155
SMAP,D-8,development,dae,16,cal995,1e-06,35,118,16,7641,1,1,16,1,1,0.7705713036600128,0.2322814563281868
SMAP,D-8,development,dae,16,dynamic,0.04002893439451828,27,32,24,7727,1,1,24,1,1,0.7705713036600128,0.2322814563281868
SMAP,D-8,development,dae,64,cal995,1e-06,35,382,16,7377,1,1,16,1,1,0.768117480269592,0.1507642376383851
SMAP,D-8,development,dae,64,dynamic,0.0470650002252136,0,24,51,7735,1,0,0,1,0,0.768117480269592,0.1507642376383851
SMAP,D-8,development,usad,1,cal995,0.028918659314513206,35,29,16,7730,1,1,16,1,1,0.841049862398884,0.3582761570596166
SMAP,D-8,development,usad,1,dynamic,0.04333496846400515,35,29,16,7730,1,1,16,1,1,0.841049862398884,0.3582761570596166
SMAP,D-8,development,usad,16,cal995,0.028918659314513206,35,3453,16,4306,1,1,16,1,1,0.7706016289748274,0.2330650424452886
SMAP,D-8,development,usad,16,dynamic,0.05524547425567021,31,35,20,7724,1,1,20,1,1,0.7706016289748274,0.2330650424452886
SMAP,D-8,development,usad,64,cal995,0.028918659314513206,35,3453,16,4306,1,1,16,1,1,0.7681225344887279,0.1508110965767437
SMAP,D-8,development,usad,64,dynamic,0.07090585322882068,0,34,51,7725,1,0,0,1,0,0.7681225344887279,0.1508110965767437
SMAP,D-8,development,trajectory_gaussian,1,cal995,1e-06,0,0,51,7759,1,0,0,0,0,0.5,0.006530089628681178
SMAP,D-8,development,trajectory_gaussian,1,dynamic,1e-06,0,0,51,7759,1,0,0,0,0,0.5,0.006530089628681178
SMAP,D-8,development,trajectory_gaussian,16,cal995,1e-06,0,0,51,7759,1,0,0,0,0,0.5,0.006530089628681178
SMAP,D-8,development,trajectory_gaussian,16,dynamic,1e-06,0,0,51,7759,1,0,0,0,0,0.5,0.006530089628681178
SMAP,D-8,development,trajectory_gaussian,64,cal995,1e-06,0,0,51,7759,1,0,0,0,0,0.5,0.006530089628681178
SMAP,D-8,development,trajectory_gaussian,64,dynamic,1e-06,0,0,51,7759,1,0,0,0,0,0.5,0.006530089628681178
SMAP,D-9,development,dae,1,cal995,1e-06,933,0,223,6186,1,1,223,1,1,0.9035467128027681,0.8374666209201644
SMAP,D-9,development,dae,1,dynamic,3.736631448715876,859,0,297,6186,1,1,282,1,1,0.9035467128027681,0.8374666209201644
SMAP,D-9,development,dae,16,cal995,1e-06,933,0,223,6186,1,1,223,1,1,0.9035467128027681,0.8374666209201644
SMAP,D-9,development,dae,16,dynamic,3.7240282647442724,855,0,301,6186,1,1,291,1,1,0.9035467128027681,0.8374666209201644
SMAP,D-9,development,dae,64,cal995,1e-06,933,0,223,6186,1,1,223,1,1,0.9035467128027681,0.8374666209201644
SMAP,D-9,development,dae,64,dynamic,3.6588210510484878,818,0,338,6186,1,1,338,1,1,0.9035467128027681,0.8374666209201644
SMAP,D-9,development,usad,1,cal995,0.028918663039803505,933,0,223,6186,1,1,223,1,1,0.9035467128027681,0.8374666209201644
SMAP,D-9,development,usad,1,dynamic,3.6939148060397438,858,0,298,6186,1,1,282,1,1,0.9035467128027681,0.8374666209201644
SMAP,D-9,development,usad,16,cal995,0.028918663039803505,933,0,223,6186,1,1,223,1,1,0.9035467128027681,0.8374666209201644
SMAP,D-9,development,usad,16,dynamic,3.681549144275663,855,0,301,6186,1,1,291,1,1,0.9035467128027681,0.8374666209201644
SMAP,D-9,development,usad,64,cal995,0.028918663039803505,933,0,223,6186,1,1,223,1,1,0.9035467128027681,0.8374666209201644
SMAP,D-9,development,usad,64,dynamic,3.6175801650303465,818,0,338,6186,1,1,338,1,1,0.9035467128027681,0.8374666209201644
SMAP,D-9,development,trajectory_gaussian,1,cal995,1e-06,0,0,1156,6186,1,0,0,0,0,0.5,0.1574502860256061
SMAP,D-9,development,trajectory_gaussian,1,dynamic,1e-06,0,0,1156,6186,1,0,0,0,0,0.5,0.1574502860256061
SMAP,D-9,development,trajectory_gaussian,16,cal995,1e-06,0,0,1156,6186,1,0,0,0,0,0.5,0.1574502860256061
SMAP,D-9,development,trajectory_gaussian,16,dynamic,1e-06,0,0,1156,6186,1,0,0,0,0,0.5,0.1574502860256061
SMAP,D-9,development,trajectory_gaussian,64,cal995,1e-06,0,0,1156,6186,1,0,0,0,0,0.5,0.1574502860256061
SMAP,D-9,development,trajectory_gaussian,64,dynamic,1e-06,0,0,1156,6186,1,0,0,0,0,0.5,0.1574502860256061
SMAP,E-6,development,dae,1,cal995,2.2161783763294808e-05,61,310,5,7860,1,1,5,29,1,0.9876877712251029,0.8026835739377318
SMAP,E-6,development,dae,1,dynamic,0.4484017778983346,54,7,12,8163,1,1,12,1,1,0.9876877712251029,0.8026835739377318
SMAP,E-6,development,dae,16,cal995,2.1391623826138687e-05,61,244,5,7926,1,1,5,12,1,0.9796706353621898,0.7107639131574841
SMAP,E-6,development,dae,16,dynamic,0.5195267353887506,46,11,20,8159,1,1,20,1,1,0.9796706353621898,0.7107639131574841
SMAP,E-6,development,dae,64,cal995,1.6135143429279162e-05,61,744,5,7426,1,1,5,15,1,0.9721412410518897,0.4373799814244638
SMAP,E-6,development,dae,64,dynamic,0.5432083681129302,14,14,52,8156,1,1,52,1,1,0.9721412410518897,0.4373799814244638
SMAP,E-6,development,usad,1,cal995,0.02807467430830002,61,14,5,8156,1,1,5,1,1,0.938830162085976,0.886071852600539
SMAP,E-6,development,usad,1,dynamic,0.3556969337674973,56,9,10,8161,1,1,10,1,1,0.938830162085976,0.886071852600539
SMAP,E-6,development,usad,16,cal995,0.02790085762329639,61,77,5,8093,1,1,5,1,1,0.96346574681948,0.7597787880187832
SMAP,E-6,development,usad,16,dynamic,0.4334745577306707,49,14,17,8156,1,1,17,1,1,0.96346574681948,0.7597787880187832
SMAP,E-6,development,usad,64,cal995,0.027833082736565252,61,288,5,7882,1,1,5,1,1,0.954671562627499,0.4392172675519334
SMAP,E-6,development,usad,64,dynamic,0.5307116637552809,22,17,44,8153,1,1,44,1,1,0.954671562627499,0.4392172675519334
SMAP,E-6,development,trajectory_gaussian,1,cal995,171.0046139425818,61,14,5,8156,1,1,5,1,1,0.9817792366751974,0.8753422844489192
SMAP,E-6,development,trajectory_gaussian,1,dynamic,795190.9822073942,61,14,5,8156,1,1,5,1,1,0.9817792366751974,0.8753422844489192
SMAP,E-6,development,trajectory_gaussian,16,cal995,135.83943286438952,61,91,5,8079,1,1,5,1,1,0.9753477244909313,0.8138385913753636
SMAP,E-6,development,trajectory_gaussian,16,dynamic,2878925.668516636,40,6,26,8164,1,1,26,1,1,0.9753477244909313,0.8138385913753636
SMAP,E-6,development,trajectory_gaussian,64,cal995,100.61537522758604,61,357,5,7813,1,1,5,1,1,0.9740310077519381,0.45878391017900416
SMAP,E-6,development,trajectory_gaussian,64,dynamic,2575643.3127545794,14,14,52,8156,1,1,52,1,1,0.9740310077519381,0.45878391017900416
SMAP,E-8,development,dae,1,cal995,0.3991374963521957,0,0,623,7845,1,0,0,0,0,0.619378262831117,0.4342755777928486
SMAP,E-8,development,dae,1,dynamic,0.26309589853731025,127,0,496,7845,1,1,338,2,2,0.619378262831117,0.4342755777928486
SMAP,E-8,development,dae,16,cal995,0.31193278152315596,5,0,618,7845,1,1,450,1,1,0.596541335076579,0.4456743884194414
SMAP,E-8,development,dae,16,dynamic,0.23249629502186298,150,0,473,7845,1,1,333,1,1,0.596541335076579,0.4456743884194414
SMAP,E-8,development,dae,64,cal995,0.2053341550955273,160,0,463,7845,1,1,339,1,1,0.6179656609243909,0.5013990789007912
SMAP,E-8,development,dae,64,dynamic,0.2509236424491575,127,0,496,7845,1,1,359,1,1,0.6179656609243909,0.5013990789007912
SMAP,E-8,development,usad,1,cal995,1.7249936842918396,199,25,424,7820,1,1,283,2,1,0.7046688088946451,0.4623839673376346
SMAP,E-8,development,usad,1,dynamic,3.254916333209515,113,0,510,7845,1,1,330,1,1,0.7046688088946451,0.4623839673376346
SMAP,E-8,development,usad,16,cal995,1.680995447313966,202,27,421,7818,1,1,289,2,1,0.6912476585366353,0.45960614377810577
SMAP,E-8,development,usad,16,dynamic,3.235049813677093,112,0,511,7845,1,1,338,1,1,0.6912476585366353,0.45960614377810577
SMAP,E-8,development,usad,64,cal995,1.5098412488449329,215,31,408,7814,1,1,303,2,1,0.6554804309417925,0.47372779316284364
SMAP,E-8,development,usad,64,dynamic,3.339916340230536,74,0,549,7845,1,1,384,1,1,0.6554804309417925,0.47372779316284364
SMAP,E-8,development,trajectory_gaussian,1,cal995,64.65486726067623,0,0,623,7845,1,0,0,0,0,0.7747720430041525,0.4911019247944703
SMAP,E-8,development,trajectory_gaussian,1,dynamic,23.113966207685003,23,0,600,7845,1,1,403,2,2,0.7747720430041525,0.4911019247944703
SMAP,E-8,development,trajectory_gaussian,16,cal995,60.762363027076084,0,0,623,7845,1,0,0,0,0,0.7825857530586084,0.5005986287527506
SMAP,E-8,development,trajectory_gaussian,16,dynamic,19.55925173483015,163,0,460,7845,1,1,336,1,1,0.7825857530586084,0.5005986287527506
SMAP,E-8,development,trajectory_gaussian,64,cal995,51.093059513207876,0,0,623,7845,1,0,0,0,0,0.8370560426890589,0.5350518358877768
SMAP,E-8,development,trajectory_gaussian,64,dynamic,21.01826012480238,117,0,506,7845,1,1,384,1,1,0.8370560426890589,0.5350518358877768
MSL,F-5,development,dae,1,cal995,0.06991077885031703,123,759,28,2948,1,1,28,21,1,0.8613684152230343,0.6088883711587538
MSL,F-5,development,dae,1,dynamic,2.836092812648111,58,18,93,3689,1,1,93,1,1,0.8613684152230343,0.6088883711587538
MSL,F-5,development,dae,16,cal995,0.07024472320485317,121,766,30,2941,1,1,30,15,1,0.8592103359136198,0.5917272595477955
MSL,F-5,development,dae,16,dynamic,3.006825491855689,38,22,113,3685,1,1,113,1,1,0.8592103359136198,0.5917272595477955
MSL,F-5,development,dae,64,cal995,0.07025030092993241,120,890,31,2817,1,1,31,9,1,0.9106540873986391,0.4341370553915651
MSL,F-5,development,dae,64,dynamic,2.6902425062346134,31,27,120,3680,1,1,120,1,1,0.9106540873986391,0.4341370553915651
MSL,F-5,development,usad,1,cal995,0.10503267496824265,124,2419,27,1288,1,1,27,19,1,0.8523645081705098,0.7857988152805798
MSL,F-5,development,usad,1,dynamic,29.73605696432479,29,0,122,3707,1,1,91,1,1,0.8523645081705098,0.7857988152805798
MSL,F-5,development,usad,16,cal995,0.10152501324589822,122,2497,29,1210,1,1,29,14,1,0.8383227007433584,0.7433432932423258
MSL,F-5,development,usad,16,dynamic,27.299838757320916,39,0,112,3707,1,1,93,1,1,0.8383227007433584,0.7433432932423258
MSL,F-5,development,usad,64,cal995,0.09413966797604194,151,2859,0,848,1,1,0,8,1,0.868333937762279,0.622417412204463
MSL,F-5,development,usad,64,dynamic,22.40508532752192,46,3,105,3704,1,1,105,1,1,0.868333937762279,0.622417412204463
MSL,F-5,development,trajectory_gaussian,1,cal995,19.27553789617334,124,542,27,3165,1,1,27,56,1,0.8925926786087535,0.6202122528144054
MSL,F-5,development,trajectory_gaussian,1,dynamic,372.62261706141845,40,23,111,3684,1,1,111,1,1,0.8925926786087535,0.6202122528144054
MSL,F-5,development,trajectory_gaussian,16,cal995,15.64261334442733,123,676,28,3031,1,1,28,11,1,0.9013429041530522,0.47752113372751254
MSL,F-5,development,trajectory_gaussian,16,dynamic,786.4467262277258,30,25,121,3682,1,1,121,1,1,0.9013429041530522,0.47752113372751254
MSL,F-5,development,trajectory_gaussian,64,cal995,11.598060809250446,140,1085,11,2622,1,1,0,12,2,0.9264859572993281,0.34872626022810477
MSL,F-5,development,trajectory_gaussian,64,dynamic,761.6385798627508,3,28,148,3679,1,1,148,1,1,0.9264859572993281,0.34872626022810477
SMAP,G-1,development,dae,1,cal995,0.2752869234979153,0,0,121,8284,1,0,0,0,0,0.16378481270277068,0.008279758558160122
SMAP,G-1,development,dae,1,dynamic,0.2105248851298745,0,2,121,8282,1,0,0,2,0,0.16378481270277068,0.008279758558160122
SMAP,G-1,development,dae,16,cal995,0.24959191457316848,0,0,121,8284,1,0,0,0,0,0.14715512528382904,0.00819945701837724
SMAP,G-1,development,dae,16,dynamic,0.18968342129264718,0,17,121,8267,1,0,0,2,0,0.14715512528382904,0.00819945701837724
SMAP,G-1,development,dae,64,cal995,0.23006416329039134,0,0,121,8284,1,0,0,0,0,0.13091651336241125,0.008111446821037696
SMAP,G-1,development,dae,64,dynamic,0.167974147629309,0,15,121,8269,1,0,0,1,0,0.13091651336241125,0.008111446821037696
SMAP,G-1,development,usad,1,cal995,3.643505679368973,0,711,121,7573,1,0,0,7,0,0.3985508258476961,0.011670872244977405
SMAP,G-1,development,usad,1,dynamic,5.0899834654497935,0,25,121,8259,1,0,0,2,0,0.3985508258476961,0.011670872244977405
SMAP,G-1,development,usad,16,cal995,3.5479000682098456,0,753,121,7531,1,0,0,6,0,0.39110941733741433,0.01141658426462898
SMAP,G-1,development,usad,16,dynamic,5.058649598175523,0,16,121,8268,1,0,0,1,0,0.39110941733741433,0.01141658426462898
SMAP,G-1,development,usad,64,cal995,3.29824944338862,0,916,121,7368,1,0,0,3,0,0.3874031788851156,0.011501175024731077
SMAP,G-1,development,usad,64,dynamic,4.363714567129538,0,220,121,8064,1,0,0,3,0,0.3874031788851156,0.011501175024731077
SMAP,G-1,development,trajectory_gaussian,1,cal995,100.99355412435546,0,0,121,8284,1,0,0,0,0,0.23416742819973585,0.008762607180014533
SMAP,G-1,development,trajectory_gaussian,1,dynamic,49.938370500026465,0,4,121,8280,1,0,0,4,0,0.23416742819973585,0.008762607180014533
SMAP,G-1,development,trajectory_gaussian,16,cal995,97.19083306063553,0,0,121,8284,1,0,0,0,0,0.2508749316615521,0.008984826964232131
SMAP,G-1,development,trajectory_gaussian,16,dynamic,44.69664187451704,0,175,121,8109,1,0,0,5,0,0.2508749316615521,0.008984826964232131
SMAP,G-1,development,trajectory_gaussian,64,cal995,92.13019467741424,0,0,121,8284,1,0,0,0,0,0.29840556923433,0.009710180718376498
SMAP,G-1,development,trajectory_gaussian,64,dynamic,44.16916925259554,0,225,121,8059,1,0,0,4,0,0.29840556923433,0.009710180718376498
SMAP,G-4,development,dae,1,cal995,0.00010308246433851309,15,215,16,7322,1,1,16,40,1,0.5708183713037189,0.07601442723636342
SMAP,G-4,development,dae,1,dynamic,0.029458493711707646,15,50,16,7487,1,1,16,1,1,0.5708183713037189,0.07601442723636342
SMAP,G-4,development,dae,16,cal995,0.00010174237444731384,15,262,16,7275,1,1,16,29,1,0.6561308298415987,0.06031683656872598
SMAP,G-4,development,dae,16,dynamic,0.0862242863876582,5,52,26,7485,1,1,26,1,1,0.6561308298415987,0.06031683656872598
SMAP,G-4,development,dae,64,cal995,9.273272529635079e-05,15,398,16,7139,1,1,16,8,1,0.8206225630973221,0.03793676210603112
SMAP,G-4,development,dae,64,dynamic,0.09511591696537432,0,22,31,7515,1,0,0,1,0,0.8206225630973221,0.03793676210603112
SMAP,G-4,development,usad,1,cal995,0.044132255837321284,15,117,16,7420,1,1,16,59,1,0.6611341040116072,0.11644204087668024
SMAP,G-4,development,usad,1,dynamic,0.07382244822941114,15,50,16,7487,1,1,16,1,1,0.6611341040116072,0.11644204087668024
SMAP,G-4,development,usad,16,cal995,0.043847508964277755,15,230,16,7307,1,1,16,45,1,0.7445163002306899,0.06174379202138438
SMAP,G-4,development,usad,16,dynamic,0.10453172035940972,10,55,21,7482,1,1,21,1,1,0.7445163002306899,0.06174379202138438
SMAP,G-4,development,usad,64,cal995,0.04368278315016075,15,387,16,7150,1,1,16,24,1,0.8392831921659598,0.03938035061363534
SMAP,G-4,development,usad,64,dynamic,0.1276635757492882,0,40,31,7497,1,0,0,1,0,0.8392831921659598,0.03938035061363534
SMAP,G-4,development,trajectory_gaussian,1,cal995,100.83702203502457,15,176,16,7361,1,1,16,83,1,0.632984801859215,0.07890115440527284
SMAP,G-4,development,trajectory_gaussian,1,dynamic,103164.40318113726,15,50,16,7487,1,1,16,1,1,0.632984801859215,0.07890115440527284
SMAP,G-4,development,trajectory_gaussian,16,cal995,95.53203208613388,15,273,16,7264,1,1,16,11,1,0.6807919639456103,0.06014732145133867
SMAP,G-4,development,trajectory_gaussian,16,dynamic,322122.0495869244,3,51,28,7486,1,1,28,1,1,0.6807919639456103,0.06014732145133867
SMAP,G-4,development,trajectory_gaussian,64,cal995,85.0178397084419,15,466,16,7071,1,1,16,6,1,0.7845039739435986,0.03552561010053878
SMAP,G-4,development,trajectory_gaussian,64,dynamic,333934.1549722999,0,23,31,7514,1,0,0,1,0,0.7845039739435986,0.03552561010053878
MSL,M-1,development,dae,1,cal995,2.0181052899360656,20,260,1121,812,1,1,56,8,1,0.16058838149306054,0.3480796619468629
MSL,M-1,development,dae,1,dynamic,9.131418595532924,0,16,1141,1056,1,0,0,2,0,0.16058838149306054,0.3480796619468629
MSL,M-1,development,dae,16,cal995,1.7674022266032785,27,296,1114,776,1,1,58,5,1,0.15523745209099113,0.346436209932494
MSL,M-1,development,dae,16,dynamic,7.774686736627764,0,20,1141,1052,1,0,0,2,0,0.15523745209099113,0.346436209932494
MSL,M-1,development,dae,64,cal995,1.3015376777523249,39,542,1102,530,1,1,58,4,1,0.10575791070938034,0.33420023358892664
MSL,M-1,development,dae,64,dynamic,4.53711612014413,0,132,1141,940,1,0,0,2,0,0.10575791070938034,0.33420023358892664
MSL,M-1,development,usad,1,cal995,7.556964540481568,20,279,1121,793,1,1,15,16,1,0.11858051983727287,0.3386391341008342
MSL,M-1,development,usad,1,dynamic,40.39766756338342,0,0,1141,1072,1,0,0,0,0,0.11858051983727287,0.3386391341008342
MSL,M-1,development,usad,16,cal995,7.157290077668835,21,310,1120,762,1,1,20,16,1,0.1178586144649234,0.33825469459293844
MSL,M-1,development,usad,16,dynamic,39.669992981925496,0,0,1141,1072,1,0,0,0,0,0.1178586144649234,0.33825469459293844
MSL,M-1,development,usad,64,cal995,6.333240950886606,54,585,1087,487,1,1,0,5,1,0.07837946551205412,0.32831618314624256
MSL,M-1,development,usad,64,dynamic,38.169263473368865,0,0,1141,1072,1,0,0,0,0,0.07837946551205412,0.32831618314624256
MSL,M-1,development,trajectory_gaussian,1,cal995,525.4116077178059,3,129,1138,943,1,1,1,25,3,0.14980885450050357,0.34550994734798823
MSL,M-1,development,trajectory_gaussian,1,dynamic,738.3477260605212,0,13,1141,1059,1,0,0,3,0,0.14980885450050357,0.34550994734798823
MSL,M-1,development,trajectory_gaussian,16,cal995,395.3613663346031,11,273,1130,799,1,1,1,9,1,0.15017839156539825,0.3455669669538651
MSL,M-1,development,trajectory_gaussian,16,dynamic,627.8597170020989,0,34,1141,1038,1,0,0,4,0,0.15017839156539825,0.3455669669538651
MSL,M-1,development,trajectory_gaussian,64,cal995,364.98593637618586,30,428,1111,644,1,1,0,6,2,0.13649652700563789,0.341258624086948
MSL,M-1,development,trajectory_gaussian,64,dynamic,2239.4032534416347,0,0,1141,1072,1,0,0,0,0,0.13649652700563789,0.341258624086948
MSL,M-3,development,dae,1,cal995,0.9175390809774401,21,36,230,1776,1,1,179,5,2,0.3490321275603986,0.19039819708983421
MSL,M-3,development,dae,1,dynamic,1.1298947100317678,12,0,239,1812,1,1,181,1,1,0.3490321275603986,0.19039819708983421
MSL,M-3,development,dae,16,cal995,0.8613264893420532,21,38,230,1774,1,1,186,5,2,0.31176618031186515,0.17456053496143997
MSL,M-3,development,dae,16,dynamic,0.9516492665309286,11,7,240,1805,1,1,188,3,1,0.31176618031186515,0.17456053496143997
MSL,M-3,development,dae,64,cal995,0.6310541611792111,17,142,234,1670,1,1,234,4,1,0.2743441246053314,0.10000927353872999
MSL,M-3,development,dae,64,dynamic,0.7322274322898555,1,29,250,1783,1,1,250,2,1,0.2743441246053314,0.10000927353872999
MSL,M-3,development,usad,1,cal995,2.0165555512905122,68,331,183,1481,1,1,183,4,1,0.6282002233890047,0.18593400930590706
MSL,M-3,development,usad,1,dynamic,5.445822786196677,0,7,251,1805,1,0,0,1,0,0.6282002233890047,0.18593400930590706
MSL,M-3,development,usad,16,cal995,1.9178748629667468,61,345,190,1467,1,1,190,4,1,0.602187277380544,0.16217578176992084
MSL,M-3,development,usad,16,dynamic,4.651356453908278,21,87,230,1725,1,1,230,2,1,0.602187277380544,0.16217578176992084
MSL,M-3,development,usad,64,cal995,1.5650206248691223,52,408,199,1404,1,1,199,4,1,0.5377716507040272,0.12193034435876525
MSL,M-3,development,usad,64,dynamic,4.148526520516233,4,101,247,1711,1,1,247,2,1,0.5377716507040272,0.12193034435876525
MSL,M-3,development,trajectory_gaussian,1,cal995,87.77928493582571,39,231,212,1581,1,1,212,18,1,0.30905297133760756,0.10344293332600454
MSL,M-3,development,trajectory_gaussian,1,dynamic,132.4384398201444,13,51,238,1761,1,1,217,6,4,0.30905297133760756,0.10344293332600454
MSL,M-3,development,trajectory_gaussian,16,cal995,84.11397238174274,36,237,215,1575,1,1,215,8,1,0.274660738942684,0.10090651814561188
MSL,M-3,development,trajectory_gaussian,16,dynamic,142.0799603271755,0,27,251,1785,1,0,0,1,0,0.274660738942684,0.10090651814561188
MSL,M-3,development,trajectory_gaussian,64,cal995,66.79886749885257,33,458,218,1354,1,1,218,7,1,0.26102873275111477,0.08724889451756515
MSL,M-3,development,trajectory_gaussian,64,dynamic,119.01443775483199,0,9,251,1803,1,0,0,1,0,0.26102873275111477,0.08724889451756515
MSL,M-4,development,dae,1,cal995,1.3645992696285247,10,42,241,1681,1,1,177,3,1,0.5559630312181338,0.21666394186389404
MSL,M-4,development,dae,1,dynamic,1.5346533488180951,0,19,251,1704,1,0,0,1,0,0.5559630312181338,0.21666394186389404
MSL,M-4,development,dae,16,cal995,1.2625975040957977,12,42,239,1681,1,1,182,2,1,0.5443923666910998,0.21810403364582784
MSL,M-4,development,dae,16,dynamic,1.4579495592326315,0,23,251,1700,1,0,0,1,0,0.5443923666910998,0.21810403364582784
MSL,M-4,development,dae,64,cal995,0.8532471911953715,31,98,220,1625,1,1,183,3,1,0.4821850150182786,0.17888921677278655
MSL,M-4,development,dae,64,dynamic,1.149455882299157,0,28,251,1695,1,0,0,1,0,0.4821850150182786,0.17888921677278655
MSL,M-4,development,usad,1,cal995,1.9139847683906555,131,286,120,1437,1,1,120,5,1,0.7686260182716609,0.34830187650830624
MSL,M-4,development,usad,1,dynamic,6.096436449019178,0,16,251,1707,1,0,0,1,0,0.7686260182716609,0.34830187650830624
MSL,M-4,development,usad,16,cal995,1.8035747344361837,125,306,126,1417,1,1,126,5,1,0.7621169414044344,0.32991674265187376
MSL,M-4,development,usad,16,dynamic,5.998925729922471,0,14,251,1709,1,0,0,1,0,0.7621169414044344,0.32991674265187376
MSL,M-4,development,usad,64,cal995,1.4801757547814116,117,395,134,1328,1,1,134,5,1,0.7282489311471467,0.28869669342422777
MSL,M-4,development,usad,64,dynamic,4.138203483183462,61,67,190,1656,1,1,190,2,1,0.7282489311471467,0.28869669342422777
MSL,M-4,development,trajectory_gaussian,1,cal995,175.7691987373496,0,249,251,1474,1,0,0,18,0,0.28383737250649177,0.08561990334881195
MSL,M-4,development,trajectory_gaussian,1,dynamic,238.7374982025442,0,28,251,1695,1,0,0,4,0,0.28383737250649177,0.08561990334881195
MSL,M-4,development,trajectory_gaussian,16,cal995,171.9120170701392,0,259,251,1464,1,0,0,6,0,0.27273147687832533,0.08395620455132775
MSL,M-4,development,trajectory_gaussian,16,dynamic,264.72728773833114,0,14,251,1709,1,0,0,1,0,0.27273147687832533,0.08395620455132775
MSL,M-4,development,trajectory_gaussian,64,cal995,170.66967633560884,0,178,251,1545,1,0,0,6,0,0.2228948396778527,0.07727613779877492
MSL,M-4,development,trajectory_gaussian,64,dynamic,244.0397443641818,0,28,251,1695,1,0,0,1,0,0.2228948396778527,0.07727613779877492
MSL,P-11,development,dae,1,cal995,0.7113608959317216,149,88,79,3155,2,2,72,8,3,0.9013867926059367,0.58023707987932
MSL,P-11,development,dae,1,dynamic,1.9371268600771454,49,15,179,3228,2,1,72,1,1,0.9013867926059367,0.58023707987932
MSL,P-11,development,dae,16,cal995,0.5693690754592635,151,156,77,3087,2,2,77,3,2,0.87260415145171,0.478014795846885
MSL,P-11,development,dae,16,dynamic,2.720947079756575,36,17,192,3226,2,1,85,1,1,0.87260415145171,0.478014795846885
MSL,P-11,development,dae,64,cal995,0.4238152190171529,137,328,91,2915,2,2,91,5,2,0.782223250077089,0.2966481152871647
MSL,P-11,development,dae,64,dynamic,2.4702894580964907,8,21,220,3222,2,1,113,1,1,0.782223250077089,0.2966481152871647
MSL,P-11,development,usad,1,cal995,1.2033380788564683,195,857,33,2386,2,2,33,12,2,0.9000735727694196,0.7233840584344514
MSL,P-11,development,usad,1,dynamic,9.46094317498306,57,0,171,3243,2,1,32,1,1,0.9000735727694196,0.7233840584344514
MSL,P-11,development,usad,16,cal995,1.1686496700197015,185,885,43,2358,2,2,43,11,2,0.8710407301015413,0.6599410006302456
MSL,P-11,development,usad,16,dynamic,10.061834603123287,48,0,180,3243,2,1,43,1,1,0.8710407301015413,0.6599410006302456
MSL,P-11,development,usad,64,cal995,0.9610502360063053,171,1175,57,2068,2,2,57,9,2,0.7963508447344078,0.48302714925411294
MSL,P-11,development,usad,64,dynamic,8.773978260166684,27,0,201,3243,2,1,73,1,1,0.7963508447344078,0.48302714925411294
MSL,P-11,development,trajectory_gaussian,1,cal995,139.74947537447588,157,322,71,2921,2,2,69,16,4,0.9159038901601831,0.4369091084078875
MSL,P-11,development,trajectory_gaussian,1,dynamic,1117.665791916761,48,15,180,3228,2,1,73,1,1,0.9159038901601831,0.4369091084078875
MSL,P-11,development,trajectory_gaussian,16,cal995,129.276742032881,144,355,84,2888,2,2,84,5,2,0.8951033535117472,0.3504452589342718
MSL,P-11,development,trajectory_gaussian,16,dynamic,1385.2765132990476,34,16,194,3227,2,1,87,1,1,0.8951033535117472,0.3504452589342718
MSL,P-11,development,trajectory_gaussian,64,cal995,105.01373816133712,132,492,96,2751,2,2,96,5,2,0.8006732449378148,0.22819814618569975
MSL,P-11,development,trajectory_gaussian,64,dynamic,1321.0750495791146,1,18,227,3225,2,1,120,1,1,0.8006732449378148,0.22819814618569975
MSL,P-15,development,dae,1,cal995,0.2222579473257063,14,2203,7,568,1,1,7,8,1,0.6644670137993847,0.09439570027199297
MSL,P-15,development,dae,1,dynamic,316.66992978727495,0,12,21,2759,1,0,0,1,0,0.6644670137993847,0.09439570027199297
MSL,P-15,development,dae,16,cal995,0.1748336621365019,14,2346,7,425,1,1,7,6,1,0.5546218487394957,0.035190156793921235
MSL,P-15,development,dae,16,dynamic,284.3401707627406,0,13,21,2758,1,0,0,1,0,0.5546218487394957,0.035190156793921235
MSL,P-15,development,dae,64,cal995,0.14432549625016655,21,2643,0,128,1,1,0,3,1,0.43468921310855635,0.006668896756590853
MSL,P-15,development,dae,64,dynamic,201.3228774941998,0,15,21,2756,1,0,0,1,0,0.43468921310855635,0.006668896756590853
MSL,P-15,development,usad,1,cal995,1.850383768081665,14,2342,7,429,1,1,7,6,1,0.3404134659998969,0.0057344491049420064
MSL,P-15,development,usad,1,dynamic,16111.42342371678,0,0,21,2771,1,0,0,0,0,0.3404134659998969,0.0057344491049420064
MSL,P-15,development,usad,16,cal995,1.8061372125169055,14,2357,7,414,1,1,7,6,1,0.33097901737382074,0.005615945360875866
MSL,P-15,development,usad,16,dynamic,16096.752778501217,0,0,21,2771,1,0,0,0,0,0.33097901737382074,0.005615945360875866
MSL,P-15,development,usad,64,cal995,1.661860513710286,14,2545,7,226,1,1,7,5,1,0.3201526009176677,0.005469986940893191
MSL,P-15,development,usad,64,dynamic,15986.4046759412,0,0,21,2771,1,0,0,0,0,0.3201526009176677,0.005469986940893191
MSL,P-15,development,trajectory_gaussian,1,cal995,92.72796911572816,14,1990,7,781,1,1,7,44,1,0.7390833634067124,0.15422522224242383
MSL,P-15,development,trajectory_gaussian,1,dynamic,29611.122179711292,14,49,7,2722,1,1,7,1,1,0.7390833634067124,0.15422522224242383
MSL,P-15,development,trajectory_gaussian,16,cal995,85.23619986900184,20,2138,1,633,1,1,0,7,2,0.7364884604148407,0.07869016492727772
MSL,P-15,development,trajectory_gaussian,16,dynamic,51849.83855395115,4,51,17,2720,1,1,17,1,1,0.7364884604148407,0.07869016492727772
MSL,P-15,development,trajectory_gaussian,64,cal995,73.79179549258053,21,2276,0,495,1,1,0,4,1,0.7053152549363304,0.03793979138970008
MSL,P-15,development,trajectory_gaussian,64,dynamic,50194.909269253054,0,30,21,2741,1,0,0,1,0,0.7053152549363304,0.03793979138970008
SMAP,P-3,development,dae,1,cal995,0.17351172775030094,1119,0,217,7093,1,1,15,2,2,0.9046489707740869,0.8841432231951455
SMAP,P-3,development,dae,1,dynamic,2.369100975835754,141,0,1195,7093,1,1,435,8,8,0.9046489707740869,0.8841432231951455
SMAP,P-3,development,dae,16,cal995,0.14515349744146944,1133,0,203,7093,1,1,17,2,2,0.9288410349750239,0.9138387799798664
SMAP,P-3,development,dae,16,dynamic,2.648729476687784,65,0,1271,7093,1,1,453,3,3,0.9288410349750239,0.9138387799798664
SMAP,P-3,development,dae,64,cal995,0.11517331560212424,1209,51,127,7042,1,1,21,2,2,0.9902955262462525,0.978752768609944
SMAP,P-3,development,dae,64,dynamic,2.2874255399364163,116,0,1220,7093,1,1,472,2,2,0.9902955262462525,0.978752768609944
SMAP,P-3,development,usad,1,cal995,1.6889616680145259,676,0,660,7093,1,1,114,22,22,0.9312608217936045,0.8988972558016365
SMAP,P-3,development,usad,1,dynamic,2.553181299378954,135,0,1201,7093,1,1,436,11,11,0.9312608217936045,0.8988972558016365
SMAP,P-3,development,usad,16,cal995,1.6052149580969337,760,0,576,7093,1,1,119,6,6,0.9429162259155733,0.9115432075306042
SMAP,P-3,development,usad,16,dynamic,2.855364140994495,50,0,1286,7093,1,1,457,2,2,0.9429162259155733,0.9115432075306042
SMAP,P-3,development,usad,64,cal995,1.2761186336831278,931,0,405,7093,1,1,113,2,2,0.9779354655977766,0.9635833501015084
SMAP,P-3,development,usad,64,dynamic,2.4701710878213956,119,0,1217,7093,1,1,479,3,3,0.9779354655977766,0.9635833501015084
SMAP,P-3,development,trajectory_gaussian,1,cal995,86.06963383334701,1120,0,216,7093,1,1,15,2,2,0.8664173837577911,0.8701821019596443
SMAP,P-3,development,trajectory_gaussian,1,dynamic,1877.460414426996,145,0,1191,7093,1,1,433,22,22,0.8664173837577911,0.8701821019596443
SMAP,P-3,development,trajectory_gaussian,16,cal995,81.89210598692412,1135,0,201,7093,1,1,17,2,2,0.9105605931799169,0.9129832309782252
SMAP,P-3,development,trajectory_gaussian,16,dynamic,2103.5953875187347,60,0,1276,7093,1,1,451,1,1,0.9105605931799169,0.9129832309782252
SMAP,P-3,development,trajectory_gaussian,64,cal995,67.58688236569712,1208,43,128,7050,1,1,22,2,2,0.9951464967991552,0.9862655101465931
SMAP,P-3,development,trajectory_gaussian,64,dynamic,2046.9871103107484,28,0,1308,7093,1,1,487,1,1,0.9951464967991552,0.9862655101465931
MSL,T-4,development,dae,1,cal995,0.9736288458108903,0,6,69,2078,1,0,0,2,0,0.6899566051906869,0.04694300691611182
MSL,T-4,development,dae,1,dynamic,0.9709878729158632,0,6,69,2078,1,0,0,2,0,0.6899566051906869,0.04694300691611182
MSL,T-4,development,dae,16,cal995,0.8916678348678356,0,1,69,2083,1,0,0,1,0,0.6949915157584355,0.04706586351234721
MSL,T-4,development,dae,16,dynamic,0.8391276963235101,0,27,69,2057,1,0,0,3,0,0.6949915157584355,0.04706586351234721
MSL,T-4,development,dae,64,cal995,0.7398541917729804,0,17,69,2067,1,0,0,1,0,0.5551058443906646,0.03292664930659612
MSL,T-4,development,dae,64,dynamic,0.7326734788241105,0,28,69,2056,1,0,0,1,0,0.5551058443906646,0.03292664930659612
MSL,T-4,development,usad,1,cal995,1.093227756023407,28,47,41,2037,1,1,41,8,1,0.6358452251801163,0.40665808760801064
MSL,T-4,development,usad,1,dynamic,1.2501050830047586,27,35,42,2049,1,1,42,1,1,0.6358452251801163,0.40665808760801064
MSL,T-4,development,usad,16,cal995,1.0463944834344334,26,70,43,2014,1,1,43,4,1,0.634725583465465,0.23819670284107056
MSL,T-4,development,usad,16,dynamic,1.2914912865088044,18,38,51,2046,1,1,51,1,1,0.634725583465465,0.23819670284107056
MSL,T-4,development,usad,64,cal995,1.0120763727213256,24,181,45,1903,1,1,45,6,1,0.5282135803499401,0.070960487296333
MSL,T-4,development,usad,64,dynamic,1.2433117348934344,0,44,69,2040,1,0,0,1,0,0.5282135803499401,0.070960487296333
MSL,T-4,development,trajectory_gaussian,1,cal995,125.27388189235351,25,47,44,2037,1,1,44,15,1,0.9202689921833709,0.350272490182199
MSL,T-4,development,trajectory_gaussian,1,dynamic,151.84352500903424,0,1,69,2083,1,0,0,1,0,0.9202689921833709,0.350272490182199
MSL,T-4,development,trajectory_gaussian,16,cal995,115.65737817112179,22,76,47,2008,1,1,47,3,1,0.9469248101477092,0.24840521657717415
MSL,T-4,development,trajectory_gaussian,16,dynamic,133.81782908637726,13,27,56,2057,1,1,56,1,1,0.9469248101477092,0.24840521657717415
MSL,T-4,development,trajectory_gaussian,64,cal995,97.0836382729393,44,249,25,1835,1,1,25,6,1,0.8882861832039834,0.14505371603158526
MSL,T-4,development,trajectory_gaussian,64,dynamic,121.70700273610801,1,41,68,2043,1,1,68,1,1,0.8882861832039834,0.14505371603158526
SMAP,A-1,development,trajectory_lof20,1,cal995,1.0,85,8491,0,0,1,1,0,1,1,0.6447622742419309,0.12188597453906937
SMAP,A-1,development,trajectory_lof20,1,dynamic,4512447791.508441,25,39,60,8452,1,1,60,1,1,0.6447622742419309,0.12188597453906937
SMAP,A-1,development,trajectory_lof20,16,cal995,1.0,85,8491,0,0,1,1,0,1,1,0.4849466909599784,0.071554964064856
SMAP,A-1,development,trajectory_lof20,16,dynamic,13048608819.383575,17,42,68,8449,1,1,68,1,1,0.4849466909599784,0.071554964064856
SMAP,A-1,development,trajectory_lof20,64,cal995,1.0,85,8491,0,0,1,1,0,1,1,0.4837495756752825,0.0464221857115666
SMAP,A-1,development,trajectory_lof20,64,dynamic,15034327858.827415,0,24,85,8467,1,0,0,1,0,0.4837495756752825,0.0464221857115666
SMAP,A-1,development,trajectory_lof50,1,cal995,1.0,85,8491,0,0,1,1,0,1,1,0.6447622742419309,0.12188597453906937
SMAP,A-1,development,trajectory_lof50,1,dynamic,4512447791.508441,25,39,60,8452,1,1,60,1,1,0.6447622742419309,0.12188597453906937
SMAP,A-1,development,trajectory_lof50,16,cal995,1.0,85,8491,0,0,1,1,0,1,1,0.4849466909599784,0.071554964064856
SMAP,A-1,development,trajectory_lof50,16,dynamic,13048608819.383575,17,42,68,8449,1,1,68,1,1,0.4849466909599784,0.071554964064856
SMAP,A-1,development,trajectory_lof50,64,cal995,1.0,85,8491,0,0,1,1,0,1,1,0.4837495756752825,0.0464221857115666
SMAP,A-1,development,trajectory_lof50,64,dynamic,15034327858.827415,0,24,85,8467,1,0,0,1,0,0.4837495756752825,0.0464221857115666
SMAP,A-1,development,trajectory_gaussian_fixed,1,cal995,1e-06,85,8491,0,0,1,1,0,1,1,0.6447622742419309,0.12188597453906937
SMAP,A-1,development,trajectory_gaussian_fixed,1,dynamic,889663.256125084,25,39,60,8452,1,1,60,1,1,0.6447622742419309,0.12188597453906937
SMAP,A-1,development,trajectory_gaussian_fixed,16,cal995,1e-06,85,8491,0,0,1,1,0,1,1,0.4849466909599784,0.071554964064856
SMAP,A-1,development,trajectory_gaussian_fixed,16,dynamic,2763696.683672281,16,41,69,8450,1,1,69,1,1,0.4849466909599784,0.071554964064856
SMAP,A-1,development,trajectory_gaussian_fixed,64,cal995,1e-06,85,8491,0,0,1,1,0,1,1,0.4837495756752825,0.0464221857115666
SMAP,A-1,development,trajectory_gaussian_fixed,64,dynamic,3001421.165821881,0,24,85,8467,1,0,0,1,0,0.4837495756752825,0.0464221857115666
SMAP,A-1,development,hankel_pca_fixed,1,cal995,1e-06,85,8491,0,0,1,1,0,1,1,0.6441027523952697,0.11758450395083406
SMAP,A-1,development,hankel_pca_fixed,1,dynamic,0.013900988376954436,25,39,60,8452,1,1,60,1,1,0.6441027523952697,0.11758450395083406
SMAP,A-1,development,hankel_pca_fixed,16,cal995,1e-06,85,8491,0,0,1,1,0,1,1,0.4849466909599784,0.071554964064856
SMAP,A-1,development,hankel_pca_fixed,16,dynamic,0.043182760682379376,16,41,69,8450,1,1,69,1,1,0.4849466909599784,0.071554964064856
SMAP,A-1,development,hankel_pca_fixed,64,cal995,1e-06,85,8491,0,0,1,1,0,1,1,0.4837495756752825,0.0464221857115666
SMAP,A-1,development,hankel_pca_fixed,64,dynamic,0.04689720571596696,0,24,85,8467,1,0,0,1,0,0.4837495756752825,0.0464221857115666
SMAP,A-7,development,trajectory_lof20,1,cal995,1.7638945523718637,0,0,2401,6166,1,0,0,0,0,0.8825067887839468,0.6230594913799898
SMAP,A-7,development,trajectory_lof20,1,dynamic,1.7103600695103691,0,3,2401,6163,1,0,0,2,0,0.8825067887839468,0.6230594913799898
SMAP,A-7,development,trajectory_lof20,16,cal995,1.686306781551878,0,0,2401,6166,1,0,0,0,0,0.8876254123221173,0.6585539393549741
SMAP,A-7,development,trajectory_lof20,16,dynamic,3.1347768000721974,0,0,2401,6166,1,0,0,0,0,0.8876254123221173,0.6585539393549741
SMAP,A-7,development,trajectory_lof20,64,cal995,1.5057944416862967,122,30,2279,6136,1,1,2268,2,2,0.9212174811473703,0.7607001995763336
SMAP,A-7,development,trajectory_lof20,64,dynamic,3.017194441266478,0,0,2401,6166,1,0,0,0,0,0.9212174811473703,0.7607001995763336
SMAP,A-7,development,trajectory_lof50,1,cal995,1.5571574449596703,0,7,2401,6159,1,0,0,3,0,0.8499779054651113,0.5314817726498644
SMAP,A-7,development,trajectory_lof50,1,dynamic,1.5832329047804465,0,3,2401,6163,1,0,0,1,0,0.8499779054651113,0.5314817726498644
SMAP,A-7,development,trajectory_lof50,16,cal995,1.5300603108337207,0,5,2401,6161,1,0,0,1,0,0.8510571670929091,0.5392017386321577
SMAP,A-7,development,trajectory_lof50,16,dynamic,1.5130220378218768,0,8,2401,6158,1,0,0,1,0,0.8510571670929091,0.5392017386321577
SMAP,A-7,development,trajectory_lof50,64,cal995,1.3960229099011419,0,38,2401,6128,1,0,0,2,0,0.8617134740727961,0.5709970961671476
SMAP,A-7,development,trajectory_lof50,64,dynamic,1.4301044351678385,0,15,2401,6151,1,0,0,1,0,0.8617134740727961,0.5709970961671476
SMAP,A-7,development,trajectory_gaussian_fixed,1,cal995,104.60830708555164,0,314,2401,5852,1,0,0,65,0,0.036702055298345124,0.15633439526387624
SMAP,A-7,development,trajectory_gaussian_fixed,1,dynamic,126.84363996295475,0,7,2401,6159,1,0,0,5,0,0.036702055298345124,0.15633439526387624
SMAP,A-7,development,trajectory_gaussian_fixed,16,cal995,97.36932848728351,0,539,2401,5627,1,0,0,13,0,0.03209259899952488,0.1561309191541153
SMAP,A-7,development,trajectory_gaussian_fixed,16,dynamic,106.69915956966516,0,200,2401,5966,1,0,0,9,0,0.03209259899952488,0.1561309191541153
SMAP,A-7,development,trajectory_gaussian_fixed,64,cal995,88.07604766854092,0,843,2401,5323,1,0,0,7,0,0.016948487378826232,0.1557123228998311
SMAP,A-7,development,trajectory_gaussian_fixed,64,dynamic,104.35799939835061,0,125,2401,6041,1,0,0,5,0,0.016948487378826232,0.1557123228998311
SMAP,A-7,development,hankel_pca_fixed,1,cal995,0.0928630902168118,0,717,2401,5449,1,0,0,221,0,0.007011080230247869,0.15567299013852443
SMAP,A-7,development,hankel_pca_fixed,1,dynamic,0.15401194441810756,0,2,2401,6164,1,0,0,2,0,0.007011080230247869,0.15567299013852443
SMAP,A-7,development,hankel_pca_fixed,16,cal995,0.07031512835574591,0,2101,2401,4065,1,0,0,50,0,0.004736444148379616,0.15559709540277125
SMAP,A-7,development,hankel_pca_fixed,16,dynamic,0.11994693468698935,0,12,2401,6154,1,0,0,3,0,0.004736444148379616,0.15559709540277125
SMAP,A-7,development,hankel_pca_fixed,64,cal995,0.059980781676590815,0,3183,2401,2983,1,0,0,21,0,0.005932764256648916,0.15558745274915023
SMAP,A-7,development,hankel_pca_fixed,64,dynamic,0.3713193860302419,0,0,2401,6166,1,0,0,0,0,0.005932764256648916,0.15558745274915023
SMAP,D-11,development,trajectory_lof20,1,cal995,73774791.91934699,0,11,61,7295,1,0,0,1,0,0.35546799621241015,0.00826799670622938
SMAP,D-11,development,trajectory_lof20,1,dynamic,407718265.0204115,0,0,61,7306,1,0,0,0,0,0.35546799621241015,0.00826799670622938
SMAP,D-11,development,trajectory_lof20,16,cal995,73774791.88317277,0,0,61,7306,1,0,0,0,0,0.4748129765339963,0.009891999799202024
SMAP,D-11,development,trajectory_lof20,16,dynamic,407182145.380095,0,0,61,7306,1,0,0,0,0,0.4748129765339963,0.009891999799202024
SMAP,D-11,development,trajectory_lof20,64,cal995,73708096.96654215,0,0,61,7306,1,0,0,0,0,0.5187292725942747,0.008651777186590565
SMAP,D-11,development,trajectory_lof20,64,dynamic,405264122.6846986,0,0,61,7306,1,0,0,0,0,0.5187292725942747,0.008651777186590565
SMAP,D-11,development,trajectory_lof50,1,cal995,15.174341163374867,37,3397,24,3909,1,1,0,3,1,0.624916417227251,0.10471366792662329
SMAP,D-11,development,trajectory_lof50,1,dynamic,85069096.05531292,1,0,60,7306,1,1,36,1,1,0.624916417227251,0.10471366792662329
SMAP,D-11,development,trajectory_lof50,16,cal995,15.174341155883743,61,3582,0,3724,1,1,0,2,1,0.9646573891658776,0.502795464149215
SMAP,D-11,development,trajectory_lof50,16,dynamic,120679918.76920667,9,0,52,7306,1,1,36,1,1,0.9646573891658776,0.502795464149215
SMAP,D-11,development,trajectory_lof50,64,cal995,15.160663306150694,61,4273,0,3033,1,1,0,2,1,0.9644756387070137,0.48291633023586744
SMAP,D-11,development,trajectory_lof50,64,dynamic,85349812.28038241,8,0,53,7306,1,1,36,1,1,0.9644756387070137,0.48291633023586744
SMAP,D-11,development,trajectory_gaussian_fixed,1,cal995,2399.1739744601496,29,34,32,7272,1,1,32,1,1,0.48501792822427564,0.21439232769553757
SMAP,D-11,development,trajectory_gaussian_fixed,1,dynamic,3889.974207001125,29,34,32,7272,1,1,32,1,1,0.48501792822427564,0.21439232769553757
SMAP,D-11,development,trajectory_gaussian_fixed,16,cal995,2312.1295641839256,28,49,33,7257,1,1,33,1,1,0.47435972230324946,0.13199005353180013
SMAP,D-11,development,trajectory_gaussian_fixed,16,dynamic,11325.520906072485,20,36,41,7270,1,1,41,1,1,0.47435972230324946,0.13199005353180013
SMAP,D-11,development,trajectory_gaussian_fixed,64,cal995,1946.9872506538645,25,97,36,7209,1,1,36,1,1,0.47091992658178994,0.08193642864618636
SMAP,D-11,development,trajectory_gaussian_fixed,64,dynamic,11881.158907560242,0,27,61,7279,1,0,0,1,0,0.47091992658178994,0.08193642864618636
SMAP,D-11,development,hankel_pca_fixed,1,cal995,1.8328661829766715,27,32,34,7274,1,1,34,1,1,0.7866945201114736,0.20638525344543762
SMAP,D-11,development,hankel_pca_fixed,1,dynamic,8.542275385191754,12,17,49,7289,1,1,49,1,1,0.7866945201114736,0.20638525344543762
SMAP,D-11,development,hankel_pca_fixed,16,cal995,1.715257263241587,22,41,39,7265,1,1,39,1,1,0.7910789694524599,0.14266286383368
SMAP,D-11,development,hankel_pca_fixed,16,dynamic,8.09883683756893,5,24,56,7282,1,1,56,1,1,0.7910789694524599,0.14266286383368
SMAP,D-11,development,hankel_pca_fixed,64,cal995,1.157377715183876,18,86,43,7220,1,1,43,1,1,0.7799944352945928,0.07457960776963646
SMAP,D-11,development,hankel_pca_fixed,64,dynamic,6.214934707690138,0,23,61,7283,1,0,0,1,0,0.7799944352945928,0.07457960776963646
SMAP,D-13,development,trajectory_lof20,1,cal995,1.0,139,2432,22,5006,1,1,22,1,1,0.6270469420918934,0.027342073629325035
SMAP,D-13,development,trajectory_lof20,1,dynamic,947098540246.8704,0,0,161,7438,1,0,0,0,0,0.6270469420918934,0.027342073629325035
SMAP,D-13,development,trajectory_lof20,16,cal995,1.0,139,2432,22,5006,1,1,22,1,1,0.6270469420918934,0.026833774877298083
SMAP,D-13,development,trajectory_lof20,16,dynamic,946118301931.04,0,0,161,7438,1,0,0,0,0,0.6270469420918934,0.026833774877298083
SMAP,D-13,development,trajectory_lof20,64,cal995,1.0,139,2432,22,5006,1,1,22,1,1,0.6270469420918934,0.026833774877298086
SMAP,D-13,development,trajectory_lof20,64,dynamic,942067819556.9849,0,0,161,7438,1,0,0,0,0,0.6270469420918934,0.026833774877298086
SMAP,D-13,development,trajectory_lof50,1,cal995,1.0,139,2432,22,5006,1,1,22,1,1,0.6270469420918934,0.027342073629325035
SMAP,D-13,development,trajectory_lof50,1,dynamic,947098540246.8704,0,0,161,7438,1,0,0,0,0,0.6270469420918934,0.027342073629325035
SMAP,D-13,development,trajectory_lof50,16,cal995,1.0,139,2432,22,5006,1,1,22,1,1,0.6270469420918934,0.026833774877298083
SMAP,D-13,development,trajectory_lof50,16,dynamic,946118301931.04,0,0,161,7438,1,0,0,0,0,0.6270469420918934,0.026833774877298083
SMAP,D-13,development,trajectory_lof50,64,cal995,1.0,139,2432,22,5006,1,1,22,1,1,0.6270469420918934,0.026833774877298086
SMAP,D-13,development,trajectory_lof50,64,dynamic,942067819556.9849,0,0,161,7438,1,0,0,0,0,0.6270469420918934,0.026833774877298086
SMAP,D-13,development,trajectory_gaussian_fixed,1,cal995,1e-06,139,2432,22,5006,1,1,22,1,1,0.6270469420918934,0.027342073629325035
SMAP,D-13,development,trajectory_gaussian_fixed,1,dynamic,1512629877.7912717,0,0,161,7438,1,0,0,0,0,0.6270469420918934,0.027342073629325035
SMAP,D-13,development,trajectory_gaussian_fixed,16,cal995,1e-06,139,2432,22,5006,1,1,22,1,1,0.6270469420918934,0.026833774877298083
SMAP,D-13,development,trajectory_gaussian_fixed,16,dynamic,1510998863.8660946,0,0,161,7438,1,0,0,0,0,0.6270469420918934,0.026833774877298083
SMAP,D-13,development,trajectory_gaussian_fixed,64,cal995,1e-06,139,2432,22,5006,1,1,22,1,1,0.6270469420918934,0.026833774877298086
SMAP,D-13,development,trajectory_gaussian_fixed,64,dynamic,1504008434.6696153,0,0,161,7438,1,0,0,0,0,0.6270469420918934,0.026833774877298086
SMAP,D-13,development,hankel_pca_fixed,1,cal995,1e-06,139,2432,22,5006,1,1,22,1,1,0.6270469420918934,0.027342073629325035
SMAP,D-13,development,hankel_pca_fixed,1,dynamic,23.634841840488622,0,0,161,7438,1,0,0,0,0,0.6270469420918934,0.027342073629325035
SMAP,D-13,development,hankel_pca_fixed,16,cal995,1e-06,139,2432,22,5006,1,1,22,1,1,0.6270469420918934,0.026833774877298083
SMAP,D-13,development,hankel_pca_fixed,16,dynamic,23.609357247907734,0,0,161,7438,1,0,0,0,0,0.6270469420918934,0.026833774877298083
SMAP,D-13,development,hankel_pca_fixed,64,cal995,1e-06,139,2432,22,5006,1,1,22,1,1,0.6270469420918934,0.026833774877298086
SMAP,D-13,development,hankel_pca_fixed,64,dynamic,23.500131791712754,0,0,161,7438,1,0,0,0,0,0.6270469420918934,0.026833774877298086
MSL,D-15,development,trajectory_lof20,1,cal995,8.238594803699781,184,8,457,1445,1,1,83,70,64,0.8176187198898829,0.7261960672777327
MSL,D-15,development,trajectory_lof20,1,dynamic,18.72406718977465,60,0,581,1453,1,1,202,7,7,0.8176187198898829,0.7261960672777327
MSL,D-15,development,trajectory_lof20,16,cal995,6.77326239175569,339,44,302,1409,1,1,80,12,10,0.860852741060778,0.7916289204269539
MSL,D-15,development,trajectory_lof20,16,dynamic,24.183643939965947,9,0,632,1453,1,1,463,1,1,0.860852741060778,0.7916289204269539
MSL,D-15,development,trajectory_lof20,64,cal995,6.237174147615468,413,55,228,1398,1,1,100,7,6,0.9003589324577801,0.8439318731216967
MSL,D-15,development,trajectory_lof20,64,dynamic,15.909870802929818,40,0,601,1453,1,1,461,1,1,0.9003589324577801,0.8439318731216967
MSL,D-15,development,trajectory_lof50,1,cal995,5.792126294923279,163,8,478,1445,1,1,73,52,51,0.9656496376854385,0.897703163254226
MSL,D-15,development,trajectory_lof50,1,dynamic,20.095910163285104,0,0,641,1453,1,0,0,0,0,0.9656496376854385,0.897703163254226
MSL,D-15,development,trajectory_lof50,16,cal995,5.217153124727138,339,17,302,1436,1,1,75,7,7,0.9706476352653555,0.9053747943178687
MSL,D-15,development,trajectory_lof50,16,dynamic,19.086771133849425,0,0,641,1453,1,0,0,0,0,0.9706476352653555,0.9053747943178687
MSL,D-15,development,trajectory_lof50,64,cal995,4.949005198611886,547,17,94,1436,1,1,89,2,2,0.9691412570473912,0.9311984518675183
MSL,D-15,development,trajectory_lof50,64,dynamic,17.344362389461494,0,0,641,1453,1,0,0,0,0,0.9691412570473912,0.9311984518675183
MSL,D-15,development,trajectory_gaussian_fixed,1,cal995,133.22618313205095,180,56,461,1397,1,1,86,45,37,0.8321907549392134,0.6475352380409575
MSL,D-15,development,trajectory_gaussian_fixed,1,dynamic,182.44923044298167,2,4,639,1449,1,1,552,6,2,0.8321907549392134,0.6475352380409575
MSL,D-15,development,trajectory_gaussian_fixed,16,cal995,121.26418178127987,226,66,415,1387,1,1,93,6,4,0.8533863446760858,0.6900887234041878
MSL,D-15,development,trajectory_gaussian_fixed,16,dynamic,570.473138417925,0,0,641,1453,1,0,0,0,0,0.8533863446760858,0.6900887234041878
MSL,D-15,development,trajectory_gaussian_fixed,64,cal995,108.27389484855085,289,67,352,1386,1,1,103,6,4,0.9326585589232242,0.8350139728436577
MSL,D-15,development,trajectory_gaussian_fixed,64,dynamic,478.5628891543858,0,0,641,1453,1,0,0,0,0,0.9326585589232242,0.8350139728436577
MSL,D-15,development,hankel_pca_fixed,1,cal995,0.17379638275544654,125,8,516,1445,1,1,84,51,44,0.8241102114834766,0.6893621427022587
MSL,D-15,development,hankel_pca_fixed,1,dynamic,0.3484978207422035,1,0,640,1453,1,1,136,1,1,0.8241102114834766,0.6893621427022587
MSL,D-15,development,hankel_pca_fixed,16,cal995,0.14743645490494156,178,25,463,1428,1,1,114,5,4,0.8548841334245249,0.735913339582341
MSL,D-15,development,hankel_pca_fixed,16,dynamic,0.2701010981224855,5,0,636,1453,1,1,137,1,1,0.8548841334245249,0.735913339582341
MSL,D-15,development,hankel_pca_fixed,64,cal995,0.09785992576743012,398,140,243,1313,1,1,100,7,2,0.9131003368145738,0.8387635025159006
MSL,D-15,development,hankel_pca_fixed,64,dynamic,0.19327634810890182,47,0,594,1453,1,1,137,2,2,0.9131003368145738,0.8387635025159006
SMAP,D-3,development,trajectory_lof20,1,cal995,48.475715443483246,3276,382,0,4918,1,1,0,1,1,0.9737735849056603,0.8643089961787298
SMAP,D-3,development,trajectory_lof20,1,dynamic,7872.1263098978925,0,4,3276,5296,1,0,0,1,0,0.9737735849056603,0.8643089961787298
SMAP,D-3,development,trajectory_lof20,16,cal995,48.153568158409996,3276,389,0,4911,1,1,0,1,1,0.9737735849056603,0.8643089961787298
SMAP,D-3,development,trajectory_lof20,16,dynamic,7849.509331329487,0,7,3276,5293,1,0,0,1,0,0.9737735849056603,0.8643089961787298
SMAP,D-3,development,trajectory_lof20,64,cal995,47.182137026409904,3276,406,0,4894,1,1,0,1,1,0.9737735849056603,0.8643089961787298
SMAP,D-3,development,trajectory_lof20,64,dynamic,7776.965588437746,0,18,3276,5282,1,0,0,1,0,0.9737735849056603,0.8643089961787298
SMAP,D-3,development,trajectory_lof50,1,cal995,20.05901829531228,3276,382,0,4918,1,1,0,1,1,0.9737735849056603,0.8643089961787296
SMAP,D-3,development,trajectory_lof50,1,dynamic,3179.590087420318,0,4,3276,5296,1,0,0,1,0,0.9737735849056603,0.8643089961787296
SMAP,D-3,development,trajectory_lof50,16,cal995,19.92891414787097,3276,389,0,4911,1,1,0,1,1,0.9737735849056603,0.8643089961787298
SMAP,D-3,development,trajectory_lof50,16,dynamic,3170.45620467957,0,7,3276,5293,1,0,0,1,0,0.9737735849056603,0.8643089961787298
SMAP,D-3,development,trajectory_lof50,64,cal995,19.536620141107996,3276,406,0,4894,1,1,0,1,1,0.9737735849056603,0.8643089961787298
SMAP,D-3,development,trajectory_lof50,64,dynamic,3141.1593457412937,0,18,3276,5282,1,0,0,1,0,0.9737735849056603,0.8643089961787298
SMAP,D-3,development,trajectory_gaussian_fixed,1,cal995,16.58125964223599,3276,381,0,4919,1,1,0,1,1,0.9741493883475015,0.8735631128606147
SMAP,D-3,development,trajectory_gaussian_fixed,1,dynamic,157733.3812425003,28,47,3248,5253,1,1,144,2,1,0.9741493883475015,0.8735631128606147
SMAP,D-3,development,trajectory_gaussian_fixed,16,cal995,16.42620551929857,3276,390,0,4910,1,1,0,1,1,0.9740354666298062,0.869625029652368
SMAP,D-3,development,trajectory_gaussian_fixed,16,dynamic,135074.64915115706,275,139,3001,5161,1,1,148,2,2,0.9740354666298062,0.869625029652368
SMAP,D-3,development,trajectory_gaussian_fixed,64,cal995,16.014772266410624,3276,420,0,4880,1,1,0,1,1,0.9737742184440298,0.8643091821008426
SMAP,D-3,development,trajectory_gaussian_fixed,64,dynamic,153106.41798840993,0,67,3276,5233,1,0,0,1,0,0.9737742184440298,0.8643091821008426
SMAP,D-3,development,hankel_pca_fixed,1,cal995,1e-06,3199,139,77,5161,1,1,77,1,1,0.9690620176469233,0.9499615172854317
SMAP,D-3,development,hankel_pca_fixed,1,dynamic,0.0022367921738496452,35,0,3241,5300,1,1,141,1,1,0.9690620176469233,0.9499615172854317
SMAP,D-3,development,hankel_pca_fixed,16,cal995,1e-06,3196,139,80,5161,1,1,80,1,1,0.9685391757089871,0.9462228855456792
SMAP,D-3,development,hankel_pca_fixed,16,dynamic,0.002183827835991039,33,0,3243,5300,1,1,149,1,1,0.9685391757089871,0.9462228855456792
SMAP,D-3,development,hankel_pca_fixed,64,cal995,1e-06,3191,139,85,5161,1,1,85,1,1,0.967299398714493,0.9405946914021668
SMAP,D-3,development,hankel_pca_fixed,64,dynamic,0.0017028279947254646,32,0,3244,5300,1,1,164,1,1,0.967299398714493,0.9405946914021668
SMAP,D-5,development,trajectory_lof20,1,cal995,3.6723673622862143,51,7513,0,0,1,1,0,1,1,0.03149312433611805,0.003482544850030565
SMAP,D-5,development,trajectory_lof20,1,dynamic,34862.548324585114,0,0,51,7513,1,0,0,0,0,0.03149312433611805,0.003482544850030565
SMAP,D-5,development,trajectory_lof20,16,cal995,2.86582039567535,51,7513,0,0,1,1,0,1,1,0.03725307506204929,0.0034988987146138805
SMAP,D-5,development,trajectory_lof20,16,dynamic,34461.89484757403,0,0,51,7513,1,0,0,0,0,0.03725307506204929,0.0034988987146138805
SMAP,D-5,development,trajectory_lof20,64,cal995,1.919967239046619,51,7513,0,0,1,1,0,1,1,0.05045111349477897,0.0035276378262270695
SMAP,D-5,development,trajectory_lof20,64,dynamic,34104.752805047,0,0,51,7513,1,0,0,0,0,0.05045111349477897,0.0035276378262270695
SMAP,D-5,development,trajectory_lof50,1,cal995,3.0871501467927756,51,7513,0,0,1,1,0,1,1,0.0326023128537985,0.0034867687333909395
SMAP,D-5,development,trajectory_lof50,1,dynamic,27639.468168986594,0,0,51,7513,1,0,0,0,0,0.0326023128537985,0.0034867687333909395
SMAP,D-5,development,trajectory_lof50,16,cal995,2.81004850514681,51,7513,0,0,1,1,0,1,1,0.03698686981780598,0.0034983587556812086
SMAP,D-5,development,trajectory_lof50,16,dynamic,27503.742840093175,0,0,51,7513,1,0,0,0,0,0.03698686981780598,0.0034983587556812086
SMAP,D-5,development,trajectory_lof50,64,cal995,1.957528647099576,51,7513,0,0,1,1,0,1,1,0.049501126152577346,0.003524453368766937
SMAP,D-5,development,trajectory_lof50,64,dynamic,27289.095332543726,0,0,51,7513,1,0,0,0,0,0.049501126152577346,0.003524453368766937
SMAP,D-5,development,trajectory_gaussian_fixed,1,cal995,4.187901974131598,51,7513,0,0,1,1,0,1,1,0.4789241132364033,0.2861992454843544
SMAP,D-5,development,trajectory_gaussian_fixed,1,dynamic,121507146.38688387,8,5,43,7508,1,1,43,1,1,0.4789241132364033,0.2861992454843544
SMAP,D-5,development,trajectory_gaussian_fixed,16,cal995,3.9675432488894185,51,7513,0,0,1,1,0,1,1,0.36432797530032907,0.08890146841157683
SMAP,D-5,development,trajectory_gaussian_fixed,16,dynamic,121345734.00801851,0,10,51,7503,1,0,0,1,0,0.36432797530032907,0.08890146841157683
SMAP,D-5,development,trajectory_gaussian_fixed,64,cal995,3.0609180288246365,51,7513,0,0,1,1,0,1,1,0.26359799876292855,0.01927336767893687
SMAP,D-5,development,trajectory_gaussian_fixed,64,dynamic,120466766.39465053,0,8,51,7505,1,0,0,1,0,0.26359799876292855,0.01927336767893687
SMAP,D-5,development,hankel_pca_fixed,1,cal995,1e-06,51,7513,0,0,1,1,0,1,1,0.8298243828344594,0.4986193515265268
SMAP,D-5,development,hankel_pca_fixed,1,dynamic,0.04236824663892766,37,30,14,7483,1,1,14,1,1,0.8298243828344594,0.4986193515265268
SMAP,D-5,development,hankel_pca_fixed,16,cal995,1e-06,51,7513,0,0,1,1,0,1,1,0.8080921174539295,0.29500955827528375
SMAP,D-5,development,hankel_pca_fixed,16,dynamic,0.10836272443161257,27,31,24,7482,1,1,24,1,1,0.8080921174539295,0.29500955827528375
SMAP,D-5,development,hankel_pca_fixed,64,cal995,1e-06,51,7513,0,0,1,1,0,1,1,0.7666919822634232,0.16225482810646746
SMAP,D-5,development,hankel_pca_fixed,64,dynamic,0.1296081087723049,0,29,51,7484,1,0,0,1,0,0.7666919822634232,0.16225482810646746
SMAP,D-7,development,trajectory_lof20,1,cal995,1.0,2604,0,98,4876,1,1,98,1,1,0.9818652849740932,0.9766627420252517
SMAP,D-7,development,trajectory_lof20,1,dynamic,150827734887.4374,261,0,2441,4876,1,1,2441,1,1,0.9818652849740932,0.9766627420252517
SMAP,D-7,development,trajectory_lof20,16,cal995,1.0,2604,0,98,4876,1,1,98,1,1,0.9818652849740932,0.9766627420252517
SMAP,D-7,development,trajectory_lof20,16,dynamic,150245172767.00708,255,0,2447,4876,1,1,2447,1,1,0.9818652849740932,0.9766627420252517
SMAP,D-7,development,trajectory_lof20,64,cal995,1.0,2604,0,98,4876,1,1,98,1,1,0.9818652849740932,0.9766627420252517
SMAP,D-7,development,trajectory_lof20,64,dynamic,148303099670.65005,244,0,2458,4876,1,1,2458,1,1,0.9818652849740932,0.9766627420252517
SMAP,D-7,development,trajectory_lof50,1,cal995,1.0,2604,0,98,4876,1,1,98,1,1,0.9818652849740932,0.9766627420252517
SMAP,D-7,development,trajectory_lof50,1,dynamic,150827734887.4374,261,0,2441,4876,1,1,2441,1,1,0.9818652849740932,0.9766627420252517
SMAP,D-7,development,trajectory_lof50,16,cal995,1.0,2604,0,98,4876,1,1,98,1,1,0.9818652849740932,0.9766627420252517
SMAP,D-7,development,trajectory_lof50,16,dynamic,150245172767.00708,255,0,2447,4876,1,1,2447,1,1,0.9818652849740932,0.9766627420252517
SMAP,D-7,development,trajectory_lof50,64,cal995,1.0,2604,0,98,4876,1,1,98,1,1,0.9818652849740932,0.9766627420252517
SMAP,D-7,development,trajectory_lof50,64,dynamic,148303099670.65005,244,0,2458,4876,1,1,2458,1,1,0.9818652849740932,0.9766627420252517
SMAP,D-7,development,trajectory_gaussian_fixed,1,cal995,1e-06,2604,0,98,4876,1,1,98,1,1,0.9818652849740932,0.9766627420252517
SMAP,D-7,development,trajectory_gaussian_fixed,1,dynamic,228816517.90436658,259,0,2443,4876,1,1,2443,1,1,0.9818652849740932,0.9766627420252517
SMAP,D-7,development,trajectory_gaussian_fixed,16,cal995,1e-06,2604,0,98,4876,1,1,98,1,1,0.9818652849740932,0.9766627420252516
SMAP,D-7,development,trajectory_gaussian_fixed,16,dynamic,227418667.2755757,254,0,2448,4876,1,1,2448,1,1,0.9818652849740932,0.9766627420252516
SMAP,D-7,development,trajectory_gaussian_fixed,64,cal995,1e-06,2604,0,98,4876,1,1,98,1,1,0.9818652849740932,0.9766627420252517
SMAP,D-7,development,trajectory_gaussian_fixed,64,dynamic,222697505.86910763,240,0,2462,4876,1,1,2462,1,1,0.9818652849740932,0.9766627420252517
SMAP,D-7,development,hankel_pca_fixed,1,cal995,1e-06,2604,0,98,4876,1,1,98,1,1,0.9818652849740932,0.9766627420252517
SMAP,D-7,development,hankel_pca_fixed,1,dynamic,3.5752580922557273,259,0,2443,4876,1,1,2443,1,1,0.9818652849740932,0.9766627420252517
SMAP,D-7,development,hankel_pca_fixed,16,cal995,1e-06,2604,0,98,4876,1,1,98,1,1,0.9818652849740932,0.9766627420252517
SMAP,D-7,development,hankel_pca_fixed,16,dynamic,3.553416676180871,254,0,2448,4876,1,1,2448,1,1,0.9818652849740932,0.9766627420252517
SMAP,D-7,development,hankel_pca_fixed,64,cal995,1e-06,2604,0,98,4876,1,1,98,1,1,0.9818652849740932,0.9766627420252517
SMAP,D-7,development,hankel_pca_fixed,64,dynamic,3.4796485292048143,240,0,2462,4876,1,1,2462,1,1,0.9818652849740932,0.9766627420252517
SMAP,D-8,development,trajectory_lof20,1,cal995,1.0,35,29,16,7730,1,1,16,1,1,0.8412684573765065,0.37735502811880195
SMAP,D-8,development,trajectory_lof20,1,dynamic,4671516666.954034,35,29,16,7730,1,1,16,1,1,0.8412684573765065,0.37735502811880195
SMAP,D-8,development,trajectory_lof20,16,cal995,1.0,35,3453,16,4306,1,1,16,1,1,0.770568776550445,0.23212300911091607
SMAP,D-8,development,trajectory_lof20,16,dynamic,12809775571.030567,27,32,24,7727,1,1,24,1,1,0.770568776550445,0.23212300911091607
SMAP,D-8,development,trajectory_lof20,64,cal995,1.0,35,3453,16,4306,1,1,16,1,1,0.768117480269592,0.1507642376383851
SMAP,D-8,development,trajectory_lof20,64,dynamic,15061393145.24298,0,24,51,7735,1,0,0,1,0,0.768117480269592,0.1507642376383851
SMAP,D-8,development,trajectory_lof50,1,cal995,1.0,35,29,16,7730,1,1,16,1,1,0.8412684573765065,0.37735502811880195
SMAP,D-8,development,trajectory_lof50,1,dynamic,4671516666.954034,35,29,16,7730,1,1,16,1,1,0.8412684573765065,0.37735502811880195
SMAP,D-8,development,trajectory_lof50,16,cal995,1.0,35,3453,16,4306,1,1,16,1,1,0.770568776550445,0.23212300911091607
SMAP,D-8,development,trajectory_lof50,16,dynamic,12809775571.030567,27,32,24,7727,1,1,24,1,1,0.770568776550445,0.23212300911091607
SMAP,D-8,development,trajectory_lof50,64,cal995,1.0,35,3453,16,4306,1,1,16,1,1,0.768117480269592,0.1507642376383851
SMAP,D-8,development,trajectory_lof50,64,dynamic,15061393145.24298,0,24,51,7735,1,0,0,1,0,0.768117480269592,0.1507642376383851
SMAP,D-8,development,trajectory_gaussian_fixed,1,cal995,1e-06,35,29,16,7730,1,1,16,1,1,0.8412684573765065,0.37735502811880195
SMAP,D-8,development,trajectory_gaussian_fixed,1,dynamic,934303.3331908067,35,29,16,7730,1,1,16,1,1,0.8412684573765065,0.37735502811880195
SMAP,D-8,development,trajectory_gaussian_fixed,16,cal995,1e-06,35,260,16,7499,1,1,16,1,1,0.7705687765504449,0.23212300911091607
SMAP,D-8,development,trajectory_gaussian_fixed,16,dynamic,2561955.114006114,27,32,24,7727,1,1,24,1,1,0.7705687765504449,0.23212300911091607
SMAP,D-8,development,trajectory_gaussian_fixed,64,cal995,1e-06,35,952,16,6807,1,1,16,1,1,0.768117480269592,0.1507642376383851
SMAP,D-8,development,trajectory_gaussian_fixed,64,dynamic,3012278.6288485955,0,24,51,7735,1,0,0,1,0,0.768117480269592,0.1507642376383851
SMAP,D-8,development,hankel_pca_fixed,1,cal995,1e-06,35,29,16,7730,1,1,16,1,1,0.8412684573765065,0.37735502811880195
SMAP,D-8,development,hankel_pca_fixed,1,dynamic,0.014598489581106355,35,29,16,7730,1,1,16,1,1,0.8412684573765065,0.37735502811880195
SMAP,D-8,development,hankel_pca_fixed,16,cal995,1e-06,35,117,16,7642,1,1,16,1,1,0.7705687765504449,0.23212300911091607
SMAP,D-8,development,hankel_pca_fixed,16,dynamic,0.04003054865634555,27,32,24,7727,1,1,24,1,1,0.7705687765504449,0.23212300911091607
SMAP,D-8,development,hankel_pca_fixed,64,cal995,1e-06,35,377,16,7382,1,1,16,1,1,0.768117480269592,0.1507642376383851
SMAP,D-8,development,hankel_pca_fixed,64,dynamic,0.04706685357575932,0,24,51,7735,1,0,0,1,0,0.768117480269592,0.1507642376383851
SMAP,D-9,development,trajectory_lof20,1,cal995,1.0,933,0,223,6186,1,1,223,1,1,0.9035467128027681,0.8374666209201644
SMAP,D-9,development,trajectory_lof20,1,dynamic,150687489303.591,865,0,291,6186,1,1,279,1,1,0.9035467128027681,0.8374666209201644
SMAP,D-9,development,trajectory_lof20,16,cal995,1.0,933,0,223,6186,1,1,223,1,1,0.9035467128027681,0.8374666209201644
SMAP,D-9,development,trajectory_lof20,16,dynamic,150088298560.82916,863,0,293,6186,1,1,287,1,1,0.9035467128027681,0.8374666209201644
SMAP,D-9,development,trajectory_lof20,64,cal995,1.0,933,0,223,6186,1,1,223,1,1,0.9035467128027681,0.8374666209201644
SMAP,D-9,development,trajectory_lof20,64,dynamic,147421916215.80923,825,0,331,6186,1,1,331,1,1,0.9035467128027681,0.8374666209201644
SMAP,D-9,development,trajectory_lof50,1,cal995,1.0,933,0,223,6186,1,1,223,1,1,0.9035467128027681,0.8374666209201644
SMAP,D-9,development,trajectory_lof50,1,dynamic,150687489303.591,865,0,291,6186,1,1,279,1,1,0.9035467128027681,0.8374666209201644
SMAP,D-9,development,trajectory_lof50,16,cal995,1.0,933,0,223,6186,1,1,223,1,1,0.9035467128027681,0.8374666209201644
SMAP,D-9,development,trajectory_lof50,16,dynamic,150088298560.82916,863,0,293,6186,1,1,287,1,1,0.9035467128027681,0.8374666209201644
SMAP,D-9,development,trajectory_lof50,64,cal995,1.0,933,0,223,6186,1,1,223,1,1,0.9035467128027681,0.8374666209201644
SMAP,D-9,development,trajectory_lof50,64,dynamic,147421916215.80923,825,0,331,6186,1,1,331,1,1,0.9035467128027681,0.8374666209201644
SMAP,D-9,development,trajectory_gaussian_fixed,1,cal995,1e-06,933,0,223,6186,1,1,223,1,1,0.9035467128027681,0.8374666209201644
SMAP,D-9,development,trajectory_gaussian_fixed,1,dynamic,239335025.07438138,859,0,297,6186,1,1,282,1,1,0.9035467128027681,0.8374666209201644
SMAP,D-9,development,trajectory_gaussian_fixed,16,cal995,1e-06,933,0,223,6186,1,1,223,1,1,0.9035467128027681,0.8374666209201644
SMAP,D-9,development,trajectory_gaussian_fixed,16,dynamic,238526617.75802416,855,0,301,6186,1,1,291,1,1,0.9035467128027681,0.8374666209201644
SMAP,D-9,development,trajectory_gaussian_fixed,64,cal995,1e-06,933,0,223,6186,1,1,223,1,1,0.9035467128027681,0.8374666209201644
SMAP,D-9,development,trajectory_gaussian_fixed,64,dynamic,234348975.66351494,818,0,338,6186,1,1,338,1,1,0.9035467128027681,0.8374666209201644
SMAP,D-9,development,hankel_pca_fixed,1,cal995,1e-06,933,0,223,6186,1,1,223,1,1,0.9035467128027681,0.8374666209201644
SMAP,D-9,development,hankel_pca_fixed,1,dynamic,3.7396097667872086,859,0,297,6186,1,1,282,1,1,0.9035467128027681,0.8374666209201644
SMAP,D-9,development,hankel_pca_fixed,16,cal995,1e-06,933,0,223,6186,1,1,223,1,1,0.9035467128027681,0.8374666209201644
SMAP,D-9,development,hankel_pca_fixed,16,dynamic,3.726978402469129,855,0,301,6186,1,1,291,1,1,0.9035467128027681,0.8374666209201644
SMAP,D-9,development,hankel_pca_fixed,64,cal995,1e-06,933,0,223,6186,1,1,223,1,1,0.9035467128027681,0.8374666209201644
SMAP,D-9,development,hankel_pca_fixed,64,dynamic,3.6617027447424233,818,0,338,6186,1,1,338,1,1,0.9035467128027681,0.8374666209201644
SMAP,E-6,development,trajectory_lof20,1,cal995,62939387.889182016,0,1521,66,6649,1,0,0,51,0,0.77805533919365,0.01920894178267598
SMAP,E-6,development,trajectory_lof20,1,dynamic,746732123.4457933,0,0,66,8170,1,0,0,0,0,0.77805533919365,0.01920894178267598
SMAP,E-6,development,trajectory_lof20,16,cal995,10828003.463673674,0,2538,66,5632,1,0,0,51,0,0.2583787693334817,0.005387033128206699
SMAP,E-6,development,trajectory_lof20,16,dynamic,153709506.56981137,0,179,66,7991,1,0,0,12,0,0.2583787693334817,0.005387033128206699
SMAP,E-6,development,trajectory_lof20,64,cal995,3855577.67947279,0,5842,66,2328,1,0,0,23,0,0.016744556952635294,0.0041364646804874835
SMAP,E-6,development,trajectory_lof20,64,dynamic,154916817.12265813,0,20,66,8150,1,0,0,1,0,0.016744556952635294,0.0041364646804874835
SMAP,E-6,development,trajectory_lof50,1,cal995,96555704.75334117,6,1622,60,6548,1,1,16,53,2,0.7541708393605577,0.10672150500740567
SMAP,E-6,development,trajectory_lof50,1,dynamic,2788881366.6632648,5,0,61,8170,1,1,18,1,1,0.7541708393605577,0.10672150500740567
SMAP,E-6,development,trajectory_lof50,16,cal995,36189794.945423275,50,2136,16,6034,1,1,16,52,1,0.7629501873075925,0.5846276315984038
SMAP,E-6,development,trajectory_lof50,16,dynamic,2729048000.521984,13,0,53,8170,1,1,18,1,1,0.7629501873075925,0.5846276315984038
SMAP,E-6,development,trajectory_lof50,64,cal995,14742504.156080693,50,4693,16,3477,1,1,16,45,1,0.7587441118652869,0.7306133488937375
SMAP,E-6,development,trajectory_lof50,64,dynamic,1601220920.4120445,21,0,45,8170,1,1,19,1,1,0.7587441118652869,0.7306133488937375
SMAP,E-6,development,trajectory_gaussian_fixed,1,cal995,150.44785822968808,61,14,5,8156,1,1,5,1,1,0.9822354512072995,0.8934818099985627
SMAP,E-6,development,trajectory_gaussian_fixed,1,dynamic,742553.7846872458,61,14,5,8156,1,1,5,1,1,0.9822354512072995,0.8934818099985627
SMAP,E-6,development,trajectory_gaussian_fixed,16,cal995,122.55853300064032,61,91,5,8079,1,1,5,1,1,0.9761321909424724,0.8222394022197002
SMAP,E-6,development,trajectory_gaussian_fixed,16,dynamic,2708199.519773497,40,6,26,8164,1,1,26,1,1,0.9761321909424724,0.8222394022197002
SMAP,E-6,development,trajectory_gaussian_fixed,64,cal995,92.03330453626319,61,358,5,7812,1,1,5,1,1,0.9749026371425391,0.46208763826728466
SMAP,E-6,development,trajectory_gaussian_fixed,64,dynamic,2422659.6560092424,15,14,51,8156,1,1,51,1,1,0.9749026371425391,0.46208763826728466
SMAP,E-6,development,hankel_pca_fixed,1,cal995,1.7709679480117838e-06,61,14,5,8156,1,1,5,1,1,0.9740643893030674,0.8803614410904712
SMAP,E-6,development,hankel_pca_fixed,1,dynamic,0.007967904777380406,61,14,5,8156,1,1,5,1,1,0.9740643893030674,0.8803614410904712
SMAP,E-6,development,hankel_pca_fixed,16,cal995,1.3656321562289524e-06,61,90,5,8080,1,1,5,1,1,0.9690738474092208,0.8072841705467347
SMAP,E-6,development,hankel_pca_fixed,16,dynamic,0.028201922186976147,40,5,26,8165,1,1,26,1,1,0.9690738474092208,0.8072841705467347
SMAP,E-6,development,hankel_pca_fixed,64,cal995,1.0141686789930536e-06,61,354,5,7816,1,1,5,1,1,0.972259931011461,0.47016482920203617
SMAP,E-6,development,hankel_pca_fixed,64,dynamic,0.025163621645402562,16,14,50,8156,1,1,50,1,1,0.972259931011461,0.47016482920203617
SMAP,E-8,development,trajectory_lof20,1,cal995,2.179575674378613,21,1175,602,6670,1,1,402,51,2,0.38293296995254156,0.05525409987545084
SMAP,E-8,development,trajectory_lof20,1,dynamic,3.847331084594499,0,4,623,7841,1,0,0,1,0,0.38293296995254156,0.05525409987545084
SMAP,E-8,development,trajectory_lof20,16,cal995,2.0822323085212266,62,1416,561,6429,1,1,351,43,3,0.34810815898318853,0.052765810914915785
SMAP,E-8,development,trajectory_lof20,16,dynamic,2.919452672357247,0,390,623,7455,1,0,0,15,0,0.34810815898318853,0.052765810914915785
SMAP,E-8,development,trajectory_lof20,64,cal995,1.7022086265159355,155,3636,468,4209,1,1,344,50,2,0.2904400774639458,0.05056175869187797
SMAP,E-8,development,trajectory_lof20,64,dynamic,2.9803000245410614,0,45,623,7800,1,0,0,3,0,0.2904400774639458,0.05056175869187797
SMAP,E-8,development,trajectory_lof50,1,cal995,1.7526637332540844,175,962,448,6883,1,1,301,63,2,0.5345247558279547,0.09472509880161012
SMAP,E-8,development,trajectory_lof50,1,dynamic,2.682367038484764,0,9,623,7836,1,0,0,2,0,0.5345247558279547,0.09472509880161012
SMAP,E-8,development,trajectory_lof50,16,cal995,1.6969942626483048,179,976,444,6869,1,1,305,37,2,0.4986329229953953,0.09325947661136269
SMAP,E-8,development,trajectory_lof50,16,dynamic,2.2168078120250305,22,355,601,7490,1,1,399,17,1,0.4986329229953953,0.09325947661136269
SMAP,E-8,development,trajectory_lof50,64,cal995,1.4720229098752116,214,1486,409,6359,1,1,301,30,1,0.47668378198380135,0.11049491818234208
SMAP,E-8,development,trajectory_lof50,64,dynamic,2.3246921526575703,0,12,623,7833,1,0,0,1,0,0.47668378198380135,0.11049491818234208
SMAP,E-8,development,trajectory_gaussian_fixed,1,cal995,64.6561072334098,0,0,623,7845,1,0,0,0,0,0.7747712245789458,0.49110467014472803
SMAP,E-8,development,trajectory_gaussian_fixed,1,dynamic,23.114444813051698,23,0,600,7845,1,1,403,2,2,0.7747712245789458,0.49110467014472803
SMAP,E-8,development,trajectory_gaussian_fixed,16,cal995,60.76265865700591,0,0,623,7845,1,0,0,0,0,0.7825841162081952,0.5005985477628032
SMAP,E-8,development,trajectory_gaussian_fixed,16,dynamic,19.559654915125478,163,0,460,7845,1,1,336,1,1,0.7825841162081952,0.5005985477628032
SMAP,E-8,development,trajectory_gaussian_fixed,64,cal995,51.09361901262387,0,0,623,7845,1,0,0,0,0,0.8370568611142655,0.5350510810598873
SMAP,E-8,development,trajectory_gaussian_fixed,64,dynamic,21.01876580234491,117,0,506,7845,1,1,384,1,1,0.8370568611142655,0.5350510810598873
SMAP,E-8,development,hankel_pca_fixed,1,cal995,0.08510355855394806,0,0,623,7845,1,0,0,0,0,0.6325416092490231,0.15523564727065622
SMAP,E-8,development,hankel_pca_fixed,1,dynamic,0.038416009293894944,4,0,619,7845,1,1,452,1,1,0.6325416092490231,0.15523564727065622
SMAP,E-8,development,hankel_pca_fixed,16,cal995,0.05948187376171222,0,0,623,7845,1,0,0,0,0,0.6652448574763654,0.25238132638329347
SMAP,E-8,development,hankel_pca_fixed,16,dynamic,0.025422031135172087,5,0,618,7845,1,1,455,1,1,0.6652448574763654,0.25238132638329347
SMAP,E-8,development,hankel_pca_fixed,64,cal995,0.03997839892489759,0,0,623,7845,1,0,0,0,0,0.7251462167783306,0.37945713901267736
SMAP,E-8,development,hankel_pca_fixed,64,dynamic,0.018836244165552914,7,0,616,7845,1,1,456,1,1,0.7251462167783306,0.37945713901267736
MSL,F-5,development,trajectory_lof20,1,cal995,3.5807993254653945,4,34,147,3673,1,1,30,10,1,0.48660400852512786,0.053522945100570304
MSL,F-5,development,trajectory_lof20,1,dynamic,4.683059049809485,0,1,151,3706,1,0,0,1,0,0.48660400852512786,0.053522945100570304
MSL,F-5,development,trajectory_lof20,16,cal995,3.164226928689247,0,14,151,3693,1,0,0,2,0,0.5450114960598973,0.06394076977991368
MSL,F-5,development,trajectory_lof20,16,dynamic,3.287908702069351,0,8,151,3699,1,0,0,1,0,0.5450114960598973,0.06394076977991368
MSL,F-5,development,trajectory_lof20,64,cal995,2.6458584079308083,0,0,151,3707,1,0,0,0,0,0.6974401392032614,0.12803624882893616
MSL,F-5,development,trajectory_lof20,64,dynamic,2.4510004832795085,0,6,151,3701,1,0,0,1,0,0.6974401392032614,0.12803624882893616
MSL,F-5,development,trajectory_lof50,1,cal995,2.32841394209247,48,147,103,3560,1,1,27,17,4,0.8251008919942046,0.2319947032654512
MSL,F-5,development,trajectory_lof50,1,dynamic,4.9539419649073615,0,1,151,3706,1,0,0,1,0,0.8251008919942046,0.2319947032654512
MSL,F-5,development,trajectory_lof50,16,cal995,2.1442251450946976,111,231,40,3476,1,1,31,9,1,0.8486825533222451,0.29365517399460905
MSL,F-5,development,trajectory_lof50,16,dynamic,3.124212204496879,8,5,143,3702,1,1,35,2,1,0.8486825533222451,0.29365517399460905
MSL,F-5,development,trajectory_lof50,64,cal995,1.759454357458927,119,570,32,3137,1,1,32,14,1,0.9093981852839714,0.4204443195840151
MSL,F-5,development,trajectory_lof50,64,dynamic,2.6054188102130884,0,6,151,3701,1,0,0,1,0,0.9093981852839714,0.4204443195840151
MSL,F-5,development,trajectory_gaussian_fixed,1,cal995,19.275356665202906,124,542,27,3165,1,1,27,56,1,0.8925926786087535,0.6202122528144054
MSL,F-5,development,trajectory_gaussian_fixed,1,dynamic,372.62146653395337,40,23,111,3684,1,1,111,1,1,0.8925926786087535,0.6202122528144054
MSL,F-5,development,trajectory_gaussian_fixed,16,cal995,15.642587607998681,123,676,28,3031,1,1,28,11,1,0.9013429041530522,0.47752113372751254
MSL,F-5,development,trajectory_gaussian_fixed,16,dynamic,786.4442024062247,30,25,121,3682,1,1,121,1,1,0.9013429041530522,0.47752113372751254
MSL,F-5,development,trajectory_gaussian_fixed,64,cal995,11.59806873053125,140,1085,11,2622,1,1,0,12,2,0.9264859572993281,0.34872626022810477
MSL,F-5,development,trajectory_gaussian_fixed,64,dynamic,761.6356394587447,3,28,148,3679,1,1,148,1,1,0.9264859572993281,0.34872626022810477
MSL,F-5,development,hankel_pca_fixed,1,cal995,0.03798542161879643,124,470,27,3237,1,1,27,14,1,0.886631163165445,0.564937592747299
MSL,F-5,development,hankel_pca_fixed,1,dynamic,0.9882989879229835,47,22,104,3685,1,1,32,2,2,0.886631163165445,0.564937592747299
MSL,F-5,development,hankel_pca_fixed,16,cal995,0.03134927119019012,122,554,29,3153,1,1,29,10,1,0.8990633435580082,0.5328729971193878
MSL,F-5,development,hankel_pca_fixed,16,dynamic,1.1884393808299185,32,24,119,3683,1,1,119,1,1,0.8990633435580082,0.5328729971193878
MSL,F-5,development,hankel_pca_fixed,64,cal995,0.022436266647911835,129,934,22,2773,1,1,0,11,2,0.9295229894400606,0.39888232718096533
MSL,F-5,development,hankel_pca_fixed,64,dynamic,1.0831023068859658,10,28,141,3679,1,1,141,1,1,0.9295229894400606,0.39888232718096533
SMAP,G-1,development,trajectory_lof20,1,cal995,2.064779165800225,0,592,121,7692,1,0,0,11,0,0.35039566464877026,0.010403695453838343
SMAP,G-1,development,trajectory_lof20,1,dynamic,2.5613591432709595,0,21,121,8263,1,0,0,1,0,0.35039566464877026,0.010403695453838343
SMAP,G-1,development,trajectory_lof20,16,cal995,2.02163732598862,0,642,121,7642,1,0,0,6,0,0.34924239098770504,0.010197011091164415
SMAP,G-1,development,trajectory_lof20,16,dynamic,2.5330287111872325,0,24,121,8260,1,0,0,2,0,0.34924239098770504,0.010197011091164415
SMAP,G-1,development,trajectory_lof20,64,cal995,1.9245201379658754,0,807,121,7477,1,0,0,3,0,0.3870779477315626,0.010738745837692718
SMAP,G-1,development,trajectory_lof20,64,dynamic,2.306653868449371,0,167,121,8117,1,0,0,2,0,0.3870779477315626,0.010738745837692718
SMAP,G-1,development,trajectory_lof50,1,cal995,1.874058545753295,0,824,121,7460,1,0,0,9,0,0.4753562578065453,0.013013130505726585
SMAP,G-1,development,trajectory_lof50,1,dynamic,2.306072888274328,0,90,121,8194,1,0,0,3,0,0.4753562578065453,0.013013130505726585
SMAP,G-1,development,trajectory_lof50,16,cal995,1.8501576691764159,0,870,121,7414,1,0,0,6,0,0.4817481473795947,0.013118831971771586
SMAP,G-1,development,trajectory_lof50,16,dynamic,2.1241673282184204,0,332,121,7952,1,0,0,4,0,0.4817481473795947,0.013118831971771586
SMAP,G-1,development,trajectory_lof50,64,cal995,1.779683631881025,0,1006,121,7278,1,0,0,3,0,0.5044814059563193,0.013748836424373152
SMAP,G-1,development,trajectory_lof50,64,dynamic,2.264152360288085,0,90,121,8194,1,0,0,2,0,0.5044814059563193,0.013748836424373152
SMAP,G-1,development,trajectory_gaussian_fixed,1,cal995,100.9935304604398,0,0,121,8284,1,0,0,0,0,0.23416842584131115,0.008762620298504964
SMAP,G-1,development,trajectory_gaussian_fixed,1,dynamic,49.93832304221681,0,4,121,8280,1,0,0,4,0,0.23416842584131115,0.008762620298504964
SMAP,G-1,development,trajectory_gaussian_fixed,16,cal995,97.19085968646375,0,0,121,8284,1,0,0,0,0,0.2508749316615521,0.008984826964232131
SMAP,G-1,development,trajectory_gaussian_fixed,16,dynamic,44.69660038121201,0,175,121,8109,1,0,0,5,0,0.2508749316615521,0.008984826964232131
SMAP,G-1,development,trajectory_gaussian_fixed,64,cal995,92.13019469518464,0,0,121,8284,1,0,0,0,0,0.29840556923433,0.009710180718376498
SMAP,G-1,development,trajectory_gaussian_fixed,64,dynamic,44.169128837378395,0,225,121,8059,1,0,0,4,0,0.29840556923433,0.009710180718376498
SMAP,G-1,development,hankel_pca_fixed,1,cal995,0.08196122388614946,0,0,121,8284,1,0,0,0,0,0.2884131912159655,0.009593085291047835
SMAP,G-1,development,hankel_pca_fixed,1,dynamic,0.01937148210226497,0,1,121,8283,1,0,0,1,0,0.2884131912159655,0.009593085291047835
SMAP,G-1,development,hankel_pca_fixed,16,cal995,0.07245375529856493,0,0,121,8284,1,0,0,0,0,0.3236788232618091,0.010107062202984116
SMAP,G-1,development,hankel_pca_fixed,16,dynamic,0.01584902953772794,0,5,121,8279,1,0,0,1,0,0.3236788232618091,0.010107062202984116
SMAP,G-1,development,hankel_pca_fixed,64,cal995,0.06621102685103993,0,0,121,8284,1,0,0,0,0,0.3871577590575879,0.011492841836832851
SMAP,G-1,development,hankel_pca_fixed,64,dynamic,0.014119897755868955,0,10,121,8274,1,0,0,1,0,0.3871577590575879,0.011492841836832851
SMAP,G-4,development,trajectory_lof20,1,cal995,1.2364406602748779,15,110,16,7427,1,1,16,49,1,0.849978814194062,0.4732460229551078
SMAP,G-4,development,trajectory_lof20,1,dynamic,17.125584050044488,15,50,16,7487,1,1,16,1,1,0.849978814194062,0.4732460229551078
SMAP,G-4,development,trajectory_lof20,16,cal995,1.1515850744275293,15,108,16,7429,1,1,16,3,1,0.7620684194532779,0.08806576578638078
SMAP,G-4,development,trajectory_lof20,16,dynamic,36.03319342369797,11,54,20,7483,1,1,20,1,1,0.7620684194532779,0.08806576578638078
SMAP,G-4,development,trajectory_lof20,64,cal995,1.1625915149025356,15,235,16,7302,1,1,16,1,1,0.6545600842296284,0.03902334481189921
SMAP,G-4,development,trajectory_lof20,64,dynamic,40.65566968680895,0,54,31,7483,1,0,0,1,0,0.6545600842296284,0.03902334481189921
SMAP,G-4,development,trajectory_lof50,1,cal995,1.0677074361417023,15,189,16,7348,1,1,16,39,1,0.7212033537772794,0.46901716923210396
SMAP,G-4,development,trajectory_lof50,1,dynamic,14.478481410137118,15,50,16,7487,1,1,16,1,1,0.7212033537772794,0.46901716923210396
SMAP,G-4,development,trajectory_lof50,16,cal995,1.1185970480209282,15,100,16,7437,1,1,16,2,1,0.7080638741349129,0.08115657161655825
SMAP,G-4,development,trajectory_lof50,16,dynamic,27.83805689221667,11,55,20,7482,1,1,20,1,1,0.7080638741349129,0.08115657161655825
SMAP,G-4,development,trajectory_lof50,64,cal995,1.1287710544412275,15,238,16,7299,1,1,16,1,1,0.6505240811994163,0.03769958132794191
SMAP,G-4,development,trajectory_lof50,64,dynamic,36.10783592696932,0,47,31,7490,1,0,0,1,0,0.6505240811994163,0.03769958132794191
SMAP,G-4,development,trajectory_gaussian_fixed,1,cal995,100.83728986171815,15,176,16,7361,1,1,16,83,1,0.632984801859215,0.07890115440527284
SMAP,G-4,development,trajectory_gaussian_fixed,1,dynamic,103164.1918044064,15,50,16,7487,1,1,16,1,1,0.632984801859215,0.07890115440527284
SMAP,G-4,development,trajectory_gaussian_fixed,16,cal995,95.53203481077215,15,273,16,7264,1,1,16,11,1,0.6807919639456103,0.06014732145133867
SMAP,G-4,development,trajectory_gaussian_fixed,16,dynamic,322121.4012678584,3,51,28,7486,1,1,28,1,1,0.6807919639456103,0.06014732145133867
SMAP,G-4,development,trajectory_gaussian_fixed,64,cal995,85.01795340073237,15,466,16,7071,1,1,16,6,1,0.7845039739435986,0.03552561010053878
SMAP,G-4,development,trajectory_gaussian_fixed,64,dynamic,333933.47407866106,0,23,31,7514,1,0,0,1,0,0.7845039739435986,0.03552561010053878
SMAP,G-4,development,hankel_pca_fixed,1,cal995,8.411375991040033e-06,15,100,16,7437,1,1,16,26,1,0.6509798970241432,0.08062730044242382
SMAP,G-4,development,hankel_pca_fixed,1,dynamic,0.006494752038177538,15,50,16,7487,1,1,16,1,1,0.6509798970241432,0.08062730044242382
SMAP,G-4,development,hankel_pca_fixed,16,cal995,7.054763047864452e-06,15,188,16,7349,1,1,16,11,1,0.6994525930142481,0.059967275542793255
SMAP,G-4,development,hankel_pca_fixed,16,dynamic,0.02455971307024745,0,39,31,7498,1,0,0,1,0,0.6994525930142481,0.059967275542793255
SMAP,G-4,development,hankel_pca_fixed,64,cal995,6.036563823522394e-06,15,462,16,7075,1,1,16,7,1,0.7981741687246144,0.03458943725072609
SMAP,G-4,development,hankel_pca_fixed,64,dynamic,0.02051254099812836,0,26,31,7511,1,0,0,1,0,0.7981741687246144,0.03458943725072609
MSL,M-1,development,trajectory_lof20,1,cal995,5.271104501569352,8,340,1133,732,1,1,85,6,2,0.44276999097413894,0.44714153358860786
MSL,M-1,development,trajectory_lof20,1,dynamic,14.36938994411042,0,48,1141,1024,1,0,0,4,0,0.44276999097413894,0.44714153358860786
MSL,M-1,development,trajectory_lof20,16,cal995,3.52971326694455,181,407,960,665,1,1,88,15,11,0.4390697149659241,0.44397453307557067
MSL,M-1,development,trajectory_lof20,16,dynamic,10.924516480714523,0,128,1141,944,1,0,0,4,0,0.4390697149659241,0.44397453307557067
MSL,M-1,development,trajectory_lof20,64,cal995,2.5386770712677875,1044,969,97,103,1,1,0,8,4,0.34322308265857393,0.4031201335980591
MSL,M-1,development,trajectory_lof20,64,dynamic,10.92975972421327,0,41,1141,1031,1,0,0,1,0,0.34322308265857393,0.4031201335980591
MSL,M-1,development,trajectory_lof50,1,cal995,4.092152222021703,9,359,1132,713,1,1,85,6,2,0.4636553756197104,0.453838447694206
MSL,M-1,development,trajectory_lof50,1,dynamic,11.246409026730175,0,22,1141,1050,1,0,0,2,0,0.4636553756197104,0.453838447694206
MSL,M-1,development,trajectory_lof50,16,cal995,2.928709764507921,108,423,1033,649,1,1,88,8,4,0.457271868091619,0.449711450323308
MSL,M-1,development,trajectory_lof50,16,dynamic,8.605556483036906,0,135,1141,937,1,0,0,4,0,0.457271868091619,0.449711450323308
MSL,M-1,development,trajectory_lof50,64,cal995,2.031515102903969,973,841,168,231,1,1,25,10,6,0.34838597328868365,0.4044483181360536
MSL,M-1,development,trajectory_lof50,64,dynamic,8.672627080718751,0,27,1141,1045,1,0,0,1,0,0.34838597328868365,0.4044483181360536
MSL,M-1,development,trajectory_gaussian_fixed,1,cal995,525.4092280517557,3,129,1138,943,1,1,1,25,3,0.14980721938074743,0.34550950455768364
MSL,M-1,development,trajectory_gaussian_fixed,1,dynamic,738.346498146433,0,13,1141,1059,1,0,0,3,0,0.14980721938074743,0.34550950455768364
MSL,M-1,development,trajectory_gaussian_fixed,16,cal995,395.361672616381,11,273,1130,799,1,1,1,9,1,0.15018002668515443,0.34556734057943994
MSL,M-1,development,trajectory_gaussian_fixed,16,dynamic,627.8586791522953,0,34,1141,1038,1,0,0,4,0,0.15018002668515443,0.34556734057943994
MSL,M-1,development,trajectory_gaussian_fixed,64,cal995,364.9854346488206,30,428,1111,644,1,1,0,6,2,0.13649652700563789,0.341258624086948
MSL,M-1,development,trajectory_gaussian_fixed,64,dynamic,2239.3994744110873,0,0,1141,1072,1,0,0,0,0,0.13649652700563789,0.341258624086948
MSL,M-1,development,hankel_pca_fixed,1,cal995,0.3612582659926889,6,95,1135,977,1,1,0,34,1,0.15899413973079388,0.3474170905972668
MSL,M-1,development,hankel_pca_fixed,1,dynamic,0.582330859184855,0,7,1141,1065,1,0,0,1,0,0.15899413973079388,0.3474170905972668
MSL,M-1,development,hankel_pca_fixed,16,cal995,0.3044585394384086,13,251,1128,821,1,1,0,11,1,0.15765007129122138,0.3469511304913914
MSL,M-1,development,hankel_pca_fixed,16,dynamic,0.5010852540204335,0,6,1141,1066,1,0,0,1,0,0.15765007129122138,0.3469511304913914
MSL,M-1,development,hankel_pca_fixed,64,cal995,0.3085725395951895,18,207,1123,865,1,1,0,4,1,0.1575805787015841,0.34616619999557274
MSL,M-1,development,hankel_pca_fixed,64,dynamic,1.5927934225659808,0,0,1141,1072,1,0,0,0,0,0.1575805787015841,0.34616619999557274
MSL,M-3,development,trajectory_lof20,1,cal995,17744636018.035183,0,183,251,1629,1,0,0,17,0,0.2721388177972437,0.0800870658669899
MSL,M-3,development,trajectory_lof20,1,dynamic,34477737008.55982,0,5,251,1807,1,0,0,2,0,0.2721388177972437,0.0800870658669899
MSL,M-3,development,trajectory_lof20,16,cal995,6136697983.983585,0,449,251,1363,1,0,0,22,0,0.045957450550996884,0.06584855912604307
MSL,M-3,development,trajectory_lof20,16,dynamic,27025194417.3223,0,4,251,1808,1,0,0,1,0,0.045957450550996884,0.06584855912604307
MSL,M-3,development,trajectory_lof20,64,cal995,2444839342.309436,0,972,251,840,1,0,0,12,0,0.08664459161147908,0.06920414049980586
MSL,M-3,development,trajectory_lof20,64,dynamic,13166834051.298866,0,42,251,1770,1,0,0,4,0,0.08664459161147908,0.06920414049980586
MSL,M-3,development,trajectory_lof50,1,cal995,41144626885.41945,0,72,251,1740,1,0,0,9,0,0.23347009313738426,0.0752343314221858
MSL,M-3,development,trajectory_lof50,1,dynamic,50951874588.570404,0,9,251,1803,1,0,0,3,0,0.23347009313738426,0.0752343314221858
MSL,M-3,development,trajectory_lof50,16,cal995,34693988798.458435,0,41,251,1771,1,0,0,4,0,0.16822335382531683,0.0710615598852528
MSL,M-3,development,trajectory_lof50,16,dynamic,38887887706.15192,0,20,251,1792,1,0,0,2,0,0.16822335382531683,0.0710615598852528
MSL,M-3,development,trajectory_lof50,64,cal995,31919983867.30691,0,0,251,1812,1,0,0,0,0,0.09747763911242448,0.06809396551451953
MSL,M-3,development,trajectory_lof50,64,dynamic,114227163131.58502,0,0,251,1812,1,0,0,0,0,0.09747763911242448,0.06809396551451953
MSL,M-3,development,trajectory_gaussian_fixed,1,cal995,87.77994301985865,39,231,212,1581,1,1,212,18,1,0.30905297133760756,0.10344293332600454
MSL,M-3,development,trajectory_gaussian_fixed,1,dynamic,132.43833975235194,13,51,238,1761,1,1,217,6,4,0.30905297133760756,0.10344293332600454
MSL,M-3,development,trajectory_gaussian_fixed,16,cal995,84.11443318930492,36,237,215,1575,1,1,215,8,1,0.274658540232008,0.10090640817828894
MSL,M-3,development,trajectory_gaussian_fixed,16,dynamic,142.0798125665827,0,27,251,1785,1,0,0,1,0,0.274658540232008,0.10090640817828894
MSL,M-3,development,trajectory_gaussian_fixed,64,cal995,66.79894167936172,33,458,218,1354,1,1,218,7,1,0.2610309314617908,0.08724907173662809
MSL,M-3,development,trajectory_gaussian_fixed,64,dynamic,119.01416364820102,0,9,251,1803,1,0,0,1,0,0.2610309314617908,0.08724907173662809
MSL,M-3,development,hankel_pca_fixed,1,cal995,0.11308735809765559,25,314,226,1498,1,1,172,43,2,0.2893041520452407,0.10317659309084617
MSL,M-3,development,hankel_pca_fixed,1,dynamic,0.22144532194481115,0,4,251,1808,1,0,0,2,0,0.2893041520452407,0.10317659309084617
MSL,M-3,development,hankel_pca_fixed,16,cal995,0.11698361675121542,24,248,227,1564,1,1,218,10,1,0.25929175131702775,0.1081472262847326
MSL,M-3,development,hankel_pca_fixed,16,dynamic,0.1650414971934242,2,1,249,1811,1,1,231,2,1,0.25929175131702775,0.1081472262847326
MSL,M-3,development,hankel_pca_fixed,64,cal995,0.11742775108601068,0,96,251,1716,1,0,0,3,0,0.22605823944838746,0.078843872913707
MSL,M-3,development,hankel_pca_fixed,64,dynamic,0.14256659291881096,0,35,251,1777,1,0,0,1,0,0.22605823944838746,0.078843872913707
MSL,M-4,development,trajectory_lof20,1,cal995,31660902218.306557,0,359,251,1364,1,0,0,25,0,0.1443026501076368,0.07234439162356417
MSL,M-4,development,trajectory_lof20,1,dynamic,50827792428.25314,0,64,251,1659,1,0,0,5,0,0.1443026501076368,0.07234439162356417
MSL,M-4,development,trajectory_lof20,16,cal995,13418084201.747614,0,545,251,1178,1,0,0,19,0,0.008215541779486815,0.06688097476722506
MSL,M-4,development,trajectory_lof20,16,dynamic,50964131830.00473,0,12,251,1711,1,0,0,1,0,0.008215541779486815,0.06688097476722506
MSL,M-4,development,trajectory_lof20,64,cal995,4206469676.4253135,0,1106,251,617,1,0,0,10,0,0.07661056297156121,0.07172836770943768
MSL,M-4,development,trajectory_lof20,64,dynamic,33674266955.60401,0,17,251,1706,1,0,0,1,0,0.07661056297156121,0.07172836770943768
MSL,M-4,development,trajectory_lof50,1,cal995,42035776334.310875,0,178,251,1545,1,0,0,21,0,0.21263061509042183,0.0779231272094392
MSL,M-4,development,trajectory_lof50,1,dynamic,238042727562.2808,0,0,251,1723,1,0,0,0,0,0.21263061509042183,0.0779231272094392
MSL,M-4,development,trajectory_lof50,16,cal995,30260033560.47646,0,553,251,1170,1,0,0,18,0,0.1511354466059153,0.07385278307634478
MSL,M-4,development,trajectory_lof50,16,dynamic,215574260474.05026,0,0,251,1723,1,0,0,0,0,0.1511354466059153,0.07385278307634478
MSL,M-4,development,trajectory_lof50,64,cal995,18849034172.824284,0,771,251,952,1,0,0,10,0,0.105019272879463,0.07207238476062218
MSL,M-4,development,trajectory_lof50,64,dynamic,168739579118.50763,0,0,251,1723,1,0,0,0,0,0.105019272879463,0.07207238476062218
MSL,M-4,development,trajectory_gaussian_fixed,1,cal995,175.77553446851744,0,249,251,1474,1,0,0,18,0,0.28383737250649177,0.08561953265430539
MSL,M-4,development,trajectory_gaussian_fixed,1,dynamic,238.73788914316816,0,28,251,1695,1,0,0,4,0,0.28383737250649177,0.08561953265430539
MSL,M-4,development,trajectory_gaussian_fixed,16,cal995,171.91768233569977,0,259,251,1464,1,0,0,6,0,0.27272916459524643,0.08395600163338975
MSL,M-4,development,trajectory_gaussian_fixed,16,dynamic,264.7279313002926,0,14,251,1709,1,0,0,1,0,0.27272916459524643,0.08395600163338975
MSL,M-4,development,trajectory_gaussian_fixed,64,cal995,170.67671137924222,0,178,251,1545,1,0,0,6,0,0.2228948396778527,0.07727613779877492
MSL,M-4,development,trajectory_gaussian_fixed,64,dynamic,244.04032256455753,0,28,251,1695,1,0,0,1,0,0.2228948396778527,0.07727613779877492
MSL,M-4,development,hankel_pca_fixed,1,cal995,0.20753462663681724,1,56,250,1667,1,1,163,8,1,0.26178281649952717,0.08281889085735952
MSL,M-4,development,hankel_pca_fixed,1,dynamic,0.41073898341634685,0,3,251,1720,1,0,0,1,0,0.26178281649952717,0.08281889085735952
MSL,M-4,development,hankel_pca_fixed,16,cal995,0.16984350803841003,0,147,251,1576,1,0,0,6,0,0.25593967715903654,0.08286523500182437
MSL,M-4,development,hankel_pca_fixed,16,dynamic,0.24709448431328596,0,37,251,1686,1,0,0,1,0,0.25593967715903654,0.08286523500182437
MSL,M-4,development,hankel_pca_fixed,64,cal995,0.16922717082189362,0,95,251,1628,1,0,0,2,0,0.2239584898941668,0.0772635248180102
MSL,M-4,development,hankel_pca_fixed,64,dynamic,0.22016559143698278,0,17,251,1706,1,0,0,1,0,0.2239584898941668,0.0772635248180102
MSL,P-11,development,trajectory_lof20,1,cal995,2.1385953612743944,135,219,93,3024,2,2,31,31,3,0.8844596458769495,0.36978058098529526
MSL,P-11,development,trajectory_lof20,1,dynamic,3.252598536387871,3,11,225,3232,2,1,72,4,2,0.8844596458769495,0.36978058098529526
MSL,P-11,development,trajectory_lof20,16,cal995,1.8892976002444122,141,259,87,2984,2,2,32,10,3,0.9028325516226583,0.4094116494655704
MSL,P-11,development,trajectory_lof20,16,dynamic,3.100789561615284,14,8,214,3235,2,1,76,2,1,0.9028325516226583,0.4094116494655704
MSL,P-11,development,trajectory_lof20,64,cal995,1.4954879501858944,179,478,49,2765,2,2,26,6,3,0.9171995282687138,0.38135751553309155
MSL,P-11,development,trajectory_lof20,64,dynamic,2.588995928764187,29,33,199,3210,2,1,76,2,1,0.9171995282687138,0.38135751553309155
MSL,P-11,development,trajectory_lof50,1,cal995,1.3561155380436607,153,62,75,3181,2,2,75,7,2,0.9331637372802961,0.7234413956093688
MSL,P-11,development,trajectory_lof50,1,dynamic,2.376542269256184,17,0,211,3243,2,1,68,1,1,0.9331637372802961,0.7234413956093688
MSL,P-11,development,trajectory_lof50,16,cal995,1.3316391558181924,146,86,82,3157,2,2,82,4,2,0.9180123450779275,0.6909872552610545
MSL,P-11,development,trajectory_lof50,16,dynamic,2.212059084938462,47,0,181,3243,2,1,47,1,1,0.9180123450779275,0.6909872552610545
MSL,P-11,development,trajectory_lof50,64,cal995,1.244897318671069,139,216,89,3027,2,2,89,4,2,0.8549886124500273,0.5373722470694504
MSL,P-11,development,trajectory_lof50,64,dynamic,2.1257309792483485,23,0,205,3243,2,1,76,1,1,0.8549886124500273,0.5373722470694504
MSL,P-11,development,trajectory_gaussian_fixed,1,cal995,139.7495067172041,157,322,71,2921,2,2,69,16,4,0.9159038901601831,0.4369091084078875
MSL,P-11,development,trajectory_gaussian_fixed,1,dynamic,1117.6653660310549,48,15,180,3228,2,1,73,1,1,0.9159038901601831,0.4369091084078875
MSL,P-11,development,trajectory_gaussian_fixed,16,cal995,129.27673396273792,144,355,84,2888,2,2,84,5,2,0.8951033535117472,0.3504452589342718
MSL,P-11,development,trajectory_gaussian_fixed,16,dynamic,1385.2762023478085,34,16,194,3227,2,1,87,1,1,0.8951033535117472,0.3504452589342718
MSL,P-11,development,trajectory_gaussian_fixed,64,cal995,105.01363841714374,132,492,96,2751,2,2,96,5,2,0.8006732449378148,0.22819814618569975
MSL,P-11,development,trajectory_gaussian_fixed,64,dynamic,1321.0746226060078,1,18,227,3225,2,1,120,1,1,0.8006732449378148,0.22819814618569975
MSL,P-11,development,hankel_pca_fixed,1,cal995,0.1288655787745419,148,345,80,2898,2,2,74,16,4,0.9002750864209553,0.34432758577593325
MSL,P-11,development,hankel_pca_fixed,1,dynamic,1.1844608689114817,48,15,180,3228,2,1,73,1,1,0.9002750864209553,0.34432758577593325
MSL,P-11,development,hankel_pca_fixed,16,cal995,0.11565799353072975,143,376,85,2867,2,2,85,5,2,0.888153161194692,0.2992238178355018
MSL,P-11,development,hankel_pca_fixed,16,dynamic,1.4673907986516266,32,16,196,3227,2,1,89,1,1,0.888153161194692,0.2992238178355018
MSL,P-11,development,hankel_pca_fixed,64,cal995,0.09290676057636099,129,547,99,2696,2,2,99,6,2,0.7988596220739947,0.19701232978771724
MSL,P-11,development,hankel_pca_fixed,64,dynamic,1.397449600153981,0,16,228,3227,2,0,0,1,0,0.7988596220739947,0.19701232978771724
MSL,P-15,development,trajectory_lof20,1,cal995,1.304572742746104,21,2494,0,277,1,1,0,5,1,0.35390352460002406,0.005835894439264234
MSL,P-15,development,trajectory_lof20,1,dynamic,537.0340467483358,0,0,21,2771,1,0,0,0,0,0.35390352460002406,0.005835894439264234
MSL,P-15,development,trajectory_lof20,16,cal995,1.2577770394959413,21,2524,0,247,1,1,0,3,1,0.3514460999123576,0.005796968438732766
MSL,P-15,development,trajectory_lof20,16,dynamic,536.4277819984876,0,0,21,2771,1,0,0,0,0,0.3514460999123576,0.005796968438732766
MSL,P-15,development,trajectory_lof20,64,cal995,1.2121808204126916,21,2583,0,188,1,1,0,2,1,0.35055249093502433,0.005735922225582798
MSL,P-15,development,trajectory_lof20,64,dynamic,532.9697574573004,0,0,21,2771,1,0,0,0,0,0.35055249093502433,0.005735922225582798
MSL,P-15,development,trajectory_lof50,1,cal995,1.2643579591961027,21,2499,0,272,1,1,0,8,1,0.3543846986647419,0.005840983286109264
MSL,P-15,development,trajectory_lof50,1,dynamic,712.1754046162631,0,0,21,2771,1,0,0,0,0,0.3543846986647419,0.005840983286109264
MSL,P-15,development,trajectory_lof50,16,cal995,1.2345416263732298,21,2551,0,220,1,1,0,3,1,0.34278496674743514,0.00570712482155309
MSL,P-15,development,trajectory_lof50,16,dynamic,711.4487533612685,0,0,21,2771,1,0,0,0,0,0.34278496674743514,0.00570712482155309
MSL,P-15,development,trajectory_lof50,64,cal995,1.1785856291415968,21,2607,0,164,1,1,0,2,1,0.3338660617621282,0.005577423182743608
MSL,P-15,development,trajectory_lof50,64,dynamic,706.7149623235133,0,0,21,2771,1,0,0,0,0,0.3338660617621282,0.005577423182743608
MSL,P-15,development,trajectory_gaussian_fixed,1,cal995,92.7293192608208,14,1990,7,781,1,1,7,44,1,0.7390833634067124,0.15422522224242383
MSL,P-15,development,trajectory_gaussian_fixed,1,dynamic,29611.159227785167,14,49,7,2722,1,1,7,1,1,0.7390833634067124,0.15422522224242383
MSL,P-15,development,trajectory_gaussian_fixed,16,cal995,85.2363320274608,20,2138,1,633,1,1,0,7,2,0.7364884604148407,0.07869016492727772
MSL,P-15,development,trajectory_gaussian_fixed,16,dynamic,51849.93480566442,4,51,17,2720,1,1,17,1,1,0.7364884604148407,0.07869016492727772
MSL,P-15,development,trajectory_gaussian_fixed,64,cal995,73.79175229652431,21,2276,0,495,1,1,0,4,1,0.7053152549363304,0.03793979138970008
MSL,P-15,development,trajectory_gaussian_fixed,64,dynamic,50195.00367113177,0,30,21,2741,1,0,0,1,0,0.7053152549363304,0.03793979138970008
MSL,P-15,development,hankel_pca_fixed,1,cal995,0.1038278079643229,14,1767,7,1004,1,1,7,8,1,0.7330686875977385,0.3177204963618602
MSL,P-15,development,hankel_pca_fixed,1,dynamic,23.751707626227784,14,49,7,2722,1,1,7,1,1,0.7330686875977385,0.3177204963618602
MSL,P-15,development,hankel_pca_fixed,16,cal995,0.07412208010486597,14,1925,7,846,1,1,7,7,1,0.7281710230104311,0.08031308856681152
MSL,P-15,development,hankel_pca_fixed,16,dynamic,33.913261569461234,10,53,11,2718,1,1,11,1,1,0.7281710230104311,0.08031308856681152
MSL,P-15,development,hankel_pca_fixed,64,cal995,0.06107096753819208,21,2162,0,609,1,1,0,8,1,0.7288927841075079,0.04694323975971237
MSL,P-15,development,hankel_pca_fixed,64,dynamic,43.46957053418153,0,23,21,2748,1,0,0,1,0,0.7288927841075079,0.04694323975971237
SMAP,P-3,development,trajectory_lof20,1,cal995,1.1634248165695793,1336,7093,0,0,1,1,0,1,1,0.9293549514533601,0.895799255652146
SMAP,P-3,development,trajectory_lof20,1,dynamic,5.4021394225144945,8,0,1328,7093,1,1,458,5,5,0.9293549514533601,0.895799255652146
SMAP,P-3,development,trajectory_lof20,16,cal995,1.120610780091659,1336,7093,0,0,1,1,0,1,1,0.9378336236029281,0.900253420407337
SMAP,P-3,development,trajectory_lof20,16,dynamic,4.504786758637838,183,0,1153,7093,1,1,442,4,4,0.9378336236029281,0.900253420407337
SMAP,P-3,development,trajectory_lof20,64,cal995,1.0729346541838645,1336,7093,0,0,1,1,0,1,1,0.9614846508871444,0.9418602709041856
SMAP,P-3,development,trajectory_lof20,64,dynamic,4.783286662736349,14,0,1322,7093,1,1,528,1,1,0.9614846508871444,0.9418602709041856
SMAP,P-3,development,trajectory_lof50,1,cal995,1.1186104613648586,1336,7093,0,0,1,1,0,1,1,0.9269561117438041,0.8950624343441783
SMAP,P-3,development,trajectory_lof50,1,dynamic,4.653143025934075,2,0,1334,7093,1,1,458,2,2,0.9269561117438041,0.8950624343441783
SMAP,P-3,development,trajectory_lof50,16,cal995,1.06534171394094,1336,7093,0,0,1,1,0,1,1,0.9373652947875573,0.8997021851307235
SMAP,P-3,development,trajectory_lof50,16,dynamic,3.296481501145079,492,0,844,7093,1,1,101,10,10,0.9373652947875573,0.8997021851307235
SMAP,P-3,development,trajectory_lof50,64,cal995,1.0314737580191486,1336,7093,0,0,1,1,0,1,1,0.960909634277195,0.9396437865353275
SMAP,P-3,development,trajectory_lof50,64,dynamic,3.80147376925283,43,0,1293,7093,1,1,504,2,2,0.960909634277195,0.9396437865353275
SMAP,P-3,development,trajectory_gaussian_fixed,1,cal995,86.06954386384257,1120,0,216,7093,1,1,15,2,2,0.8664175948117865,0.8701821893880141
SMAP,P-3,development,trajectory_gaussian_fixed,1,dynamic,1877.4615863487538,145,0,1191,7093,1,1,433,22,22,0.8664175948117865,0.8701821893880141
SMAP,P-3,development,trajectory_gaussian_fixed,16,cal995,81.89213688886049,1135,0,201,7093,1,1,17,2,2,0.9105606987069145,0.9129836382416546
SMAP,P-3,development,trajectory_gaussian_fixed,16,dynamic,2103.5966035639467,60,0,1276,7093,1,1,451,1,1,0.9105606987069145,0.9129836382416546
SMAP,P-3,development,trajectory_gaussian_fixed,64,cal995,67.58686917053173,1208,43,128,7050,1,1,22,2,2,0.9951464967991552,0.9862655101465931
SMAP,P-3,development,trajectory_gaussian_fixed,64,dynamic,2046.9884134001516,28,0,1308,7093,1,1,487,1,1,0.9951464967991552,0.9862655101465931
SMAP,P-3,development,hankel_pca_fixed,1,cal995,0.07505512838366203,1120,0,216,7093,1,1,15,2,2,0.8613279221903015,0.8694833972229882
SMAP,P-3,development,hankel_pca_fixed,1,dynamic,1.9088653304387868,57,0,1279,7093,1,1,435,19,19,0.8613279221903015,0.8694833972229882
SMAP,P-3,development,hankel_pca_fixed,16,cal995,0.06806790624269796,1135,0,201,7093,1,1,17,2,2,0.9080527440818349,0.912501842171663
SMAP,P-3,development,hankel_pca_fixed,16,dynamic,2.106130070771944,32,0,1304,7093,1,1,458,1,1,0.9080527440818349,0.912501842171663
SMAP,P-3,development,hankel_pca_fixed,64,cal995,0.055129882022716924,1211,45,125,7048,1,1,22,2,2,0.9960733404191195,0.9869199962168842
SMAP,P-3,development,hankel_pca_fixed,64,dynamic,1.8371066096089486,36,0,1300,7093,1,1,479,1,1,0.9960733404191195,0.9869199962168842
MSL,T-4,development,trajectory_lof20,1,cal995,1.3660701265674062,0,0,69,2084,1,0,0,0,0,0.6571184177584912,0.0556803724229277
MSL,T-4,development,trajectory_lof20,1,dynamic,1.338310831784168,0,4,69,2080,1,0,0,1,0,0.6571184177584912,0.0556803724229277
MSL,T-4,development,trajectory_lof20,16,cal995,1.3090330180480498,0,0,69,2084,1,0,0,0,0,0.6537316754290801,0.048604935434386945
MSL,T-4,development,trajectory_lof20,16,dynamic,1.2489744512613232,0,21,69,2063,1,0,0,1,0,0.6537316754290801,0.048604935434386945
MSL,T-4,development,trajectory_lof20,64,cal995,1.2093631575083386,0,0,69,2084,1,0,0,0,0,0.5435269409441152,0.03227005195170608
MSL,T-4,development,trajectory_lof20,64,dynamic,1.1867515345971298,0,12,69,2072,1,0,0,1,0,0.5435269409441152,0.03227005195170608
MSL,T-4,development,trajectory_lof50,1,cal995,1.2191209558747695,0,0,69,2084,1,0,0,0,0,0.5831942474060475,0.03672267961663217
MSL,T-4,development,trajectory_lof50,1,dynamic,1.1938339878040964,0,13,69,2071,1,0,0,2,0,0.5831942474060475,0.03672267961663217
MSL,T-4,development,trajectory_lof50,16,cal995,1.1909975877188688,0,0,69,2084,1,0,0,0,0,0.5600851205874989,0.03389543227071978
MSL,T-4,development,trajectory_lof50,16,dynamic,1.158324454801113,0,24,69,2060,1,0,0,2,0,0.5600851205874989,0.03389543227071978
MSL,T-4,development,trajectory_lof50,64,cal995,1.1234161160161127,0,0,69,2084,1,0,0,0,0,0.3937174886644969,0.024512009560464967
MSL,T-4,development,trajectory_lof50,64,dynamic,1.1057695795512374,0,19,69,2065,1,0,0,1,0,0.3937174886644969,0.024512009560464967
MSL,T-4,development,trajectory_gaussian_fixed,1,cal995,125.27385625308109,25,47,44,2037,1,1,44,15,1,0.9202689921833709,0.350272490182199
MSL,T-4,development,trajectory_gaussian_fixed,1,dynamic,151.84469584189844,0,1,69,2083,1,0,0,1,0,0.9202689921833709,0.350272490182199
MSL,T-4,development,trajectory_gaussian_fixed,16,cal995,115.65763726140511,22,76,47,2008,1,1,47,3,1,0.9469248101477092,0.24840521657717415
MSL,T-4,development,trajectory_gaussian_fixed,16,dynamic,133.8188766055434,13,27,56,2057,1,1,56,1,1,0.9469248101477092,0.24840521657717415
MSL,T-4,development,trajectory_gaussian_fixed,64,cal995,97.08406161614585,44,249,25,1835,1,1,25,6,1,0.8882861832039834,0.14505371603158526
MSL,T-4,development,trajectory_gaussian_fixed,64,dynamic,121.70796256949696,1,41,68,2043,1,1,68,1,1,0.8882861832039834,0.14505371603158526
MSL,T-4,development,hankel_pca_fixed,1,cal995,0.10770867996111959,34,81,35,2003,1,1,1,46,10,0.9038916242454589,0.25464917928107283
MSL,T-4,development,hankel_pca_fixed,1,dynamic,0.1410916439382333,2,6,67,2078,1,1,51,8,2,0.9038916242454589,0.25464917928107283
MSL,T-4,development,hankel_pca_fixed,16,cal995,0.09213402793241647,58,179,11,1905,1,1,0,20,6,0.9492405908370191,0.2463394489981917
MSL,T-4,development,hankel_pca_fixed,16,dynamic,0.12146437847987981,14,38,55,2046,1,1,55,1,1,0.9492405908370191,0.2463394489981917
MSL,T-4,development,hankel_pca_fixed,64,cal995,0.07553240402525038,69,585,0,1499,1,1,0,6,1,0.8993504687195749,0.14440035371090193
MSL,T-4,development,hankel_pca_fixed,64,dynamic,0.11171759927375792,1,43,68,2041,1,1,68,1,1,0.8993504687195749,0.14440035371090193
