timestep,value,score,threshold,anomaly,evaluation_label
64,-0.3278746822743588,1.129059429831,1.1937026653954,0,0
65,-0.12912905696976595,1.106913113221,1.1937026653954,0,0
66,-0.3351870315980523,1.121799820622,1.1937026653954,0,0
67,-0.33084683138028814,1.112652476041,1.1937026653954,0,0
68,-0.3375731352497021,1.113098251827,1.1937026653954,0,0
69,-0.3335591339304548,1.077142881459,1.1937026653954,0,0
70,-0.33341926066859073,1.106688657684,1.1937026653954,0,0
71,0.2136318336174574,1.083875606804,1.1937026653954,0,0
72,-0.3357579370190674,1.094651379742,1.1937026653954,0,0
73,0.2623189690738441,1.116254421945,1.1937026653954,0,0
74,0.17070766006542093,1.135313278177,1.1937026653954,0,0
75,-0.2484586127118702,1.14239512064,1.2965284422411998,0,0
76,-0.26390832847495016,1.162298158513,1.2965284422411998,0,0
77,-0.257374429194939,1.146285606131,1.2965284422411998,0,0
78,-0.2671578154629518,1.14103635524,1.2965284422411998,0,0
79,-0.26303886618584826,1.139501376251,1.2965284422411998,0,0
80,-0.24933358046761367,1.160613633877,1.2965284422411998,0,0
81,0.2300083029318789,1.123482510852,1.2854671116552252,0,0
82,-0.3300597790449782,1.163836919778,1.2854671116552252,0,0
83,-0.33287232696691116,1.121790543957,1.2965284422411998,0,0
84,-0.29503038730843123,1.147876886922,1.2965284422411998,0,0
85,-0.3369199345721169,1.097811200159,1.2965284422411998,0,0
86,-0.335371464730547,1.083051589162,1.1937026653954,0,0
87,-0.32582269162952293,1.064114064151,1.1937026653954,0,0
88,-0.17372580275725236,1.067376462111,1.1937026653954,0,0
89,-0.3381042980833979,1.045200016479,1.1937026653954,0,0
90,-0.3335222587736779,1.053808014522,1.1937026653954,0,0
91,0.21946189339650246,1.046305168138,1.1937026653954,0,0
92,-0.3339008743025119,1.059496953603,1.1937026653954,0,0
93,-0.3345875665688338,1.037101393728,1.1937026653954,0,0
94,-0.33113019086649964,1.017195448142,1.1937026653954,0,0
95,-0.33748344202233227,1.008308114201,1.1937026653954,0,0
96,-0.32695354888688066,1.015272149026,1.1937026653954,0,0
97,-0.3318992357380026,1.0063569927,1.1937026653954,0,0
98,-0.33401419515755215,1.018526652145,1.1937026653954,0,0
99,-0.32918148506980527,1.009969717566,1.1937026653954,0,0
100,-0.33663955721366956,1.017620081525,1.1937026653954,0,0
101,0.23856379809297512,1.015669169482,1.1937026653954,0,0
102,-0.33408221061002064,1.025784330125,1.1937026653954,0,0
103,-0.32720221246352776,1.01657659234,1.1937026653954,0,0
104,-0.3381616466942483,1.021681381786,1.1937026653954,0,0
105,-0.3330728750590547,1.014103599397,1.1937026653954,0,0
106,-0.32944351087278045,1.021339371521,1.1937026653954,0,0
107,-0.33420889369138906,1.015282913635,1.1937026653954,0,0
108,-0.3325641928808123,1.019565354177,1.1937026653954,0,0
109,-0.336576531090345,1.009478030133,1.1937026653954,0,0
110,-0.33017418952362465,1.019379047262,1.1937026653954,0,0
111,-0.3319589356418978,1.016477309606,1.1937026653954,0,0
112,0.011974160551106339,1.024144077125,1.1937026653954,0,0
113,-0.3328570722364249,1.012746691173,1.1937026653954,0,0
114,-0.32990631416234273,1.007893897551,1.1937026653954,0,0
115,-0.32743980775828063,1.001103272925,1.1937026653954,0,0
116,0.3432325829114673,1.036494011463,1.1937026653954,0,0
117,-0.31751901421867046,1.038549324926,1.1937026653954,0,0
118,0.526456118506087,1.122701116916,1.1937026653954,0,0
119,-0.23804983984253447,1.094947181434,1.1937026653954,0,0
120,-0.3043472426271766,1.119602473328,1.1937026653954,0,0
121,-0.3147542376895759,1.10679709935,1.1937026653954,0,0
122,-0.30481818941947947,1.152815496559,1.1937026653954,0,0
123,-0.31305276175425734,1.113002537766,1.1937026653954,0,0
124,-0.31779256709242654,1.154130374852,1.1937026653954,0,0
125,-0.3228707292346128,1.101667266062,1.1937026653954,0,0
126,0.5353605226155966,1.190656761369,1.1937026653954,0,0
127,-0.2926721550816547,1.160081444635,1.1937026653954,0,0
128,-0.32788580790486366,1.188986824013,1.1937026653954,0,0
129,-0.3154430518544993,1.167114549853,1.1937026653954,0,0
130,-0.3234610184860953,1.175797994203,1.1937026653954,0,0
131,-0.3255187439920162,1.152528310668,1.1937026653954,0,0
132,-0.3272226859176013,1.19017776312,1.1937026653954,0,0
133,-0.16421361806995083,1.162487923906,1.1937026653954,0,0
134,-0.32636228470901374,1.182803411972,1.1937026653954,0,0
135,-0.3268070805347689,1.16027324385,1.1937026653954,0,0
136,0.23187305036228834,1.194290001074,1.1937026653954,1,0
137,-0.3108432918240265,1.144099346197,1.1937026653954,0,0
138,-0.3208952416366514,1.152746213476,1.1937026653954,0,0
139,-0.32208815009094915,1.121776679698,1.1937026653954,0,0
140,-0.3195979587106059,1.131221851784,1.1937026653954,0,0
141,-0.3264212390809679,1.110236532247,1.1937026653954,0,0
142,-0.3204039360874965,1.14110452908,1.1937026653954,0,0
143,-0.3207841000288234,1.115785899048,1.1937026653954,0,0
144,-0.31878957269205965,1.153471002978,1.1937026653954,0,0
145,-0.31811905273399754,1.099205649735,1.1937026653954,0,0
146,0.2468971247356373,1.178389029623,1.1937026653954,0,0
147,-0.3245009208466444,1.12702738893,1.1937026653954,0,0
148,-0.32200694445798506,1.177586023355,1.1937026653954,0,0
149,-0.316323697122717,1.14854671757,1.1937026653954,0,0
150,-0.31675719527213464,1.160071035808,1.1937026653954,0,0
151,-0.3127032793197354,1.130689894547,1.1937026653954,0,0
152,-0.33246761782014034,1.158037475312,1.1937026653954,0,0
153,-0.3292060302752493,1.130178575978,1.1937026653954,0,0
154,-0.3251832546185417,1.135490236422,1.1937026653954,0,0
155,-0.32798685615718204,1.11423372035,1.1937026653954,0,0
156,0.2413098789749326,1.166273069363,1.1937026653954,0,0
157,-0.32743613744718625,1.155044186391,1.1937026653954,0,0
158,-0.3292692857930172,1.182786526444,1.1937026653954,0,0
159,-0.3198685294565978,1.1361055365,1.1937026653954,0,0
160,-0.3253695229065836,1.166663961959,1.1937026653954,0,0
161,-0.12791481483223177,1.161351852553,1.1937026653954,0,0
162,-0.3343910902280606,1.167548106935,1.1937026653954,0,0
163,-0.3341784989276383,1.167575247367,1.1937026653954,0,0
164,-0.3313375634433344,1.166203308524,1.1937026653954,0,0
165,-0.33181309812450543,1.101830240856,1.1937026653954,0,0
166,-0.33349146256965134,1.108144852469,1.1937026653954,0,0
167,0.22226841971429612,1.112226317341,1.1937026653954,0,0
168,-0.3296533494398819,1.104461741863,1.1937026653954,0,0
169,-0.3345354940301817,1.082363693374,1.1937026653954,0,0
170,-0.3329479697846227,1.099031089845,1.1937026653954,0,0
171,-0.33549912273829985,1.092722438738,1.1937026653954,0,0
172,-0.3322458507419821,1.123784397196,1.1937026653954,0,0
173,-0.338213489838457,1.075581520254,1.1937026653954,0,0
174,-0.3374027525268658,1.115781299093,1.1937026653954,0,0
175,-0.3371464042363649,1.066575162267,1.1937026653954,0,0
176,-0.3362444826335216,1.109901105192,1.1937026653954,0,0
177,-0.015487565846241225,1.049250433319,1.1937026653954,0,0
178,-0.05147238543955479,1.097072760686,1.1937026653954,0,0
179,-0.3377240767934603,1.047639072922,1.1937026653954,0,0
180,-0.33295817783735404,1.086900468514,1.1937026653954,0,0
181,-0.33661202988046146,1.041316691293,1.1937026653954,0,0
182,-0.34268461693479246,1.017397560558,1.1937026653954,0,0
183,-0.3330979937506072,1.003230093506,1.1937026653954,0,0
184,-0.3354085692817671,1.024758278364,1.1937026653954,0,0
185,-0.3332613799429198,1.007667644285,1.1937026653954,0,0
186,-0.3334696127489174,1.019051178179,1.1937026653954,0,0
187,-0.0163378163507083,1.007270610185,1.1937026653954,0,0
188,-0.3336680962910704,1.023974584393,1.1937026653954,0,0
189,-0.3307304710488729,1.002047483375,1.1937026653954,0,0
190,-0.3361023154272237,0.983780795861,1.1937026653954,0,0
191,-0.3328786926627155,0.97391486892,1.1937026653954,0,0
192,-0.3281964653298399,0.981504469419,1.1937026653954,0,0
193,-0.32645398513776347,0.982205325626,1.1937026653954,0,0
194,-0.3334660571350446,0.987831279342,1.1937026653954,0,0
195,-0.3346306927241932,0.984514776407,1.1937026653954,0,0
196,-0.32934561679405894,0.98433202531,1.1937026653954,0,0
197,0.18887443831336825,0.982865004724,1.1937026653954,0,0
198,-0.33303290307729205,0.990778713673,1.1937026653954,0,0
199,-0.336457016585333,0.987458335234,1.1937026653954,0,0
200,-0.33210792733288697,0.983268163917,1.1937026653954,0,0
201,-0.3324411227619275,0.982455980232,1.1937026653954,0,0
202,-0.33041442285447664,0.984091563232,1.1937026653954,0,0
203,-0.33128738340884045,0.985964345329,1.1937026653954,0,0
204,-0.33539486296377397,0.988674257349,1.1937026653954,0,0
205,-0.3313122153573387,0.982661103593,1.1937026653954,0,0
206,-0.3334793046641511,0.987060475296,1.1937026653954,0,0
207,-0.33463723046583016,0.981949993565,1.1937026653954,0,0
208,0.22443998221275474,1.006246569178,1.1937026653954,0,0
209,-0.3364429661756746,0.987958317693,1.1937026653954,0,0
210,-0.33345097445039096,0.984142282296,1.1937026653954,0,0
211,-0.3335385457791594,0.984984018857,1.1937026653954,0,0
212,-0.3308850829037253,0.984305253478,1.1937026653954,0,0
213,0.36957887882777607,1.001088389059,1.1937026653954,0,0
214,-0.3347071384224567,1.023076014219,1.1937026653954,0,0
215,0.5851663000752299,1.102294279943,1.1937026653954,0,0
216,0.18534990738772827,1.091187763321,1.1937026653954,0,0
217,-0.24225658984284992,1.143243266511,1.1937026653954,0,0
218,0.023511554081976582,1.109369188593,1.1937026653954,0,0
219,0.18436523173942798,1.172839817913,1.1937026653954,0,0
220,-0.21156556316851993,1.096073949913,1.1937026653954,0,0
221,-0.24503547413021365,1.13493964234,1.1937026653954,0,0
222,-0.2518174635007634,1.093633357583,1.1937026653954,0,0
223,0.336021339188703,1.163894032515,1.1937026653954,0,0
224,-0.3015555122509823,1.11930810498,1.1937026653954,0,0
225,-0.3140290645053734,1.130672708224,1.1937026653954,0,0
226,-0.3340469985629585,1.130180119915,1.1937026653954,0,0
227,-0.3301140881794534,1.174663036186,1.1937026653954,0,0
228,-0.3273180566574454,1.131149680643,1.1937026653954,0,0
229,-0.31628515885622555,1.180259264784,1.1937026653954,0,0
230,-0.32110886521206883,1.120867218132,1.1937026653954,0,0
231,-0.3237650234722129,1.165120353853,1.1937026653954,0,0
232,-0.3226418509287091,1.11010986919,1.1937026653954,0,0
233,-0.3275363828189526,1.154521474299,1.1937026653954,0,0
234,0.18183420814815943,1.136301513874,1.1937026653954,0,0
235,-0.32157270077662636,1.188698774014,1.1937026653954,0,0
236,-0.31983813469284716,1.135472385786,1.1937026653954,0,0
237,-0.32649544818340825,1.175309908643,1.1937026653954,0,0
238,-0.3283912212122877,1.123306166025,1.1937026653954,0,0
239,-0.320306042008775,1.167023913241,1.1937026653954,0,0
240,-0.32071958284161683,1.133588711647,1.1937026653954,0,0
241,-0.3245930800642809,1.165241414226,1.1937026653954,0,0
242,-0.3216584942984585,1.112572414378,1.1937026653954,0,0
243,-0.31338790703606667,1.162967251947,1.1937026653954,0,0
244,0.2342316840293408,1.124032377381,1.1937026653954,0,0
245,-0.31969935105458935,1.167159656167,1.1937026653954,0,0
246,-0.3173794276998608,1.124034571483,1.1937026653954,0,0
247,-0.31801536644558015,1.159399686054,1.1937026653954,0,0
248,-0.3233073242090164,1.132545702686,1.1937026653954,0,0
249,-0.31119036561689273,1.152873279989,1.1937026653954,0,0
250,-0.3172608881212331,1.126846875843,1.1937026653954,0,0
251,-0.3109355657388847,1.15706825891,1.1937026653954,0,0
252,-0.3114623700781558,1.129579266605,1.1937026653954,0,0
253,-0.32019776783148957,1.163539874336,1.1937026653954,0,0
254,0.23793525731805554,1.134556071155,1.1937026653954,0,0
255,-0.3122735661786338,1.163859206592,1.1937026653954,0,0
256,-0.31564623798274194,1.117312201438,1.1937026653954,0,0
257,-0.3198687015024304,1.14331461217,1.1937026653954,0,0
258,-0.12285620856634549,1.133792327359,1.1937026653954,0,0
259,-0.3137573467871645,1.164405817395,1.1937026653954,0,0
260,-0.3190662797394125,1.112756100037,1.1937026653954,0,0
261,-0.3289978548178626,1.128508950025,1.1937026653954,0,0
262,-0.33130762746847064,1.099055577672,1.1937026653954,0,0
263,-0.3341512009888735,1.114519514285,1.1937026653954,0,0
264,-0.01394924670879194,1.094304854877,1.1937026653954,0,0
265,-0.33157383972003784,1.107700091554,1.1937026653954,0,0
266,-0.3379873069172633,1.095329564594,1.1937026653954,0,0
267,-0.33117779021350546,1.098857324365,1.1937026653954,0,0
268,-0.04919461331380115,1.086466698557,1.2965284422411998,0,0
269,-0.33233485578602184,1.122871564027,1.2965284422411998,0,0
270,-0.338533839178667,1.088662972777,1.2965284422411998,0,0
271,-0.3365980368194139,1.125109638741,1.2965284422411998,0,0
272,-0.33747042388766924,1.070862600925,1.1937026653954,0,0
273,0.0966814996937011,1.109994053712,1.2965284422411998,0,0
274,-0.33638389710649874,1.096525426272,1.2965284422411998,0,0
275,-0.3318510629048884,1.134790191045,1.2965284422411998,0,0
276,-0.3283138005876397,1.111044120005,1.2965284422411998,0,0
277,0.5637987811585039,1.222565349903,1.2965284422411998,0,0
278,-0.25585560858517886,1.203598935417,1.2965284422411998,0,0
279,0.11396453584844468,1.171902075843,1.2965284422411998,0,0
280,-0.04002829809853803,1.131237743512,1.2965284422411998,0,0
281,-0.25624701285423235,1.175491310882,1.2965284422411998,0,0
282,-0.32755823263968664,1.127920796193,1.2965284422411998,0,0
283,0.24107165284546017,1.173993346163,1.2965284422411998,0,0
284,-0.33232132151386107,1.110640673465,1.1937026653954,0,0
285,-0.29640543495078975,1.224328243367,1.1937026653954,1,0
286,-0.33349484613769154,1.113644484523,1.1937026653954,0,0
287,-0.3350247350293458,1.18271743369,1.1937026653954,0,0
288,-0.3298138682016519,1.068437868126,1.1937026653954,0,0
289,-0.3386155609491287,1.156062415373,1.1937026653954,0,0
290,-0.3342772532355226,1.068860810946,1.1937026653954,0,0
291,-0.3344684535040976,1.168863140116,1.1937026653954,0,0
292,-0.3366585969524719,1.072026767845,1.1937026653954,0,0
293,0.22689427336270573,1.209228610048,1.1937026653954,1,0
294,-0.328365815777681,1.088582299446,1.1937026653954,0,0
295,-0.33624046823076215,1.233151008293,1.1937026653954,1,0
296,-0.3323965628912967,1.104961247719,1.1937026653954,0,0
297,-0.3320910094926862,1.1983224729,1.1937026653954,1,0
298,-0.33486370013007816,1.092307740338,1.1937026653954,0,0
299,-0.32905084493428827,1.203393208337,1.1937026653954,1,0
300,-0.33518938289109723,1.085747879362,1.1937026653954,0,0
301,-0.330714700180889,1.181225422421,1.1937026653954,0,0
302,-0.32754699231195994,1.084646918217,1.1937026653954,0,0
303,-0.33560630729197916,1.175033170516,1.1937026653954,0,0
304,-0.014626189711269277,1.076113715491,1.1937026653954,0,0
305,-0.33304683878972874,1.177240353338,1.1937026653954,0,0
306,-0.32995316797740737,1.092709219977,1.1937026653954,0,0
307,-0.3319233221545598,1.170546054472,1.1937026653954,0,0
308,-0.33077824244171117,1.076174547713,1.1937026653954,0,0
309,-0.33562809976410224,1.16198646089,1.1937026653954,0,0
310,-0.33157510138947655,1.079102399814,1.1937026653954,0,0
311,-0.3202877478019138,1.151407416843,1.1937026653954,0,0
312,-0.33003804392146585,1.056596656114,1.1937026653954,0,0
313,-0.3320622204900393,1.145729387939,1.1937026653954,0,0
314,0.24292722449813375,1.069078301967,1.1937026653954,0,0
315,-0.3338792538762213,1.131629167061,1.1937026653954,0,0
316,-0.33217204307981774,1.0659520316,1.1937026653954,0,0
317,-0.32247829269056405,1.138885892772,1.1937026653954,0,0
318,-0.3300737721060256,1.046219649933,1.1937026653954,0,0
319,-0.3158421408374067,1.068828081698,1.1937026653954,0,0
320,-0.3279620242086838,1.068170245921,1.1937026653954,0,0
321,-0.3240634656430781,1.110974785446,1.1937026653954,0,0
322,0.3739774025827749,1.124905923074,1.1937026653954,0,0
323,-0.33083461612617704,1.120297792502,1.1937026653954,0,0
324,0.5358053184413518,1.13523710816,1.1937026653954,0,0
325,0.17259867315959987,1.15404873758,1.1937026653954,0,0
326,0.10388654976649359,1.175591942091,1.1937026653954,0,0
327,-0.23075698904653008,1.117798304683,1.1937026653954,0,0
328,-0.24838945028718462,1.136825081985,1.1937026653954,0,0
329,-0.23275965988603453,1.120748179666,1.1937026653954,0,0
330,-0.24954175592500039,1.154497753006,1.1937026653954,0,0
331,-0.3043212637064614,1.146178936637,1.1937026653954,0,0
332,0.38149706713469245,1.178203692471,1.1937026653954,0,0
333,-0.2733148196724545,1.15666962461,1.1937026653954,0,0
334,-0.31550533244588275,1.185937984806,1.1937026653954,0,0
335,-0.32407728665829305,1.180344402561,1.1937026653954,0,0
336,-0.3211273314647627,1.20270884495,1.1937026653954,1,0
337,-0.3253981972120088,1.152937561669,1.1937026653954,0,0
338,-0.32596072973583967,1.187347331257,1.1937026653954,0,0
339,-0.3242186509840391,1.158706511899,1.1937026653954,0,0
340,-0.328392654927559,1.18172242876,1.1937026653954,0,0
341,-0.3275015148635556,1.069940160809,1.1937026653954,0,0
342,0.23973910052374192,1.123359410675,1.1937026653954,0,0
343,-0.3212732836793768,1.066865773511,1.1937026653954,0,0
344,-0.32684074416933806,1.087444601419,1.1937026653954,0,0
345,-0.32105461342620445,1.075064136154,1.1937026653954,0,0
346,-0.3230926683586036,1.097541414772,1.1937026653954,0,0
347,-0.32240775389921805,1.077054000671,1.1937026653954,0,0
348,-0.3128096609928628,1.10999232917,1.1937026653954,0,0
349,-0.3151134120393315,1.060501968047,1.1937026653954,0,0
350,-0.32400433922529137,1.108378163907,1.1937026653954,0,0
351,-0.33395868170224896,1.06423635086,1.1937026653954,0,0
352,0.2344015506146795,1.113744991516,1.1937026653954,0,0
353,-0.3204873783162838,1.072455709957,1.1937026653954,0,0
354,-0.32910452323404416,1.1235947078,1.1937026653954,0,0
355,-0.3354104044373144,1.082571221335,1.1937026653954,0,0
356,-0.3318809988797522,1.131297908637,1.1937026653954,0,0
357,-0.327814810324631,1.065573489946,1.1937026653954,0,0
358,-0.3374665241821314,1.100669647776,1.1937026653954,0,0
359,-0.3369339276331643,1.056071325899,1.1937026653954,0,0
360,0.44355606348582977,1.160299000692,1.1937026653954,0,0
361,-0.3321775485464593,1.11382992389,1.1937026653954,0,0
362,-0.32839661198170766,1.161946600915,1.1937026653954,0,0
363,-0.00045603615348188686,1.113657452009,1.1937026653954,0,0
364,-0.2648978214065618,1.154900959131,1.1937026653954,0,0
365,-0.24428047966836908,1.117548428445,1.1937026653954,0,0
366,-0.20025429521023252,1.166143049891,1.1937026653954,0,0
367,-0.04996583743251648,1.118464777409,1.1937026653954,0,0
368,-0.2567072928049171,1.153033378272,1.1937026653954,0,0
369,0.2000558116680795,1.147358363043,1.1937026653954,0,0
370,-0.3236353582630803,1.15298919408,1.1937026653954,0,0
371,-0.3233403570088662,1.143861934412,1.1937026653954,0,0
372,-0.3329445862165825,1.186973443462,1.1937026653954,0,0
373,-0.002179361909534383,1.139287647185,1.1937026653954,0,0
374,-0.3255279771183631,1.20510106185,1.1937026653954,1,0
375,-0.32012740108597626,1.129162067475,1.1937026653954,0,0
376,-0.3258347921864123,1.179535720038,1.1937026653954,0,0
377,-0.3225148811042865,1.119401966331,1.1937026653954,0,0
378,-0.32046891206358996,1.181955866738,1.1937026653954,0,0
379,-0.3189944792786279,1.128263801282,1.1937026653954,0,0
380,-0.32049913478150815,1.147967083045,1.1937026653954,0,0
381,-0.3164603015137625,1.120491531985,1.1937026653954,0,0
382,-0.31896247875377337,1.151009695289,1.1937026653954,0,0
383,0.22987192793527678,1.139182014189,1.1937026653954,0,0
384,-0.3286196407293046,1.152892873218,1.1937026653954,0,0
385,-0.32337402064343534,1.122661844934,1.1937026653954,0,0
386,-0.3157566914072397,1.15508073294,1.1937026653954,0,0
387,-0.31545136740307256,1.113270278899,1.1937026653954,0,0
388,-0.3151758073279367,1.072493476312,1.1937026653954,0,0
389,0.2481024778384895,1.096913583547,1.1937026653954,0,0
390,-0.31881331501695165,1.05369908493,1.1937026653954,0,0
391,-0.3164775060970175,1.085657303436,1.1937026653954,0,0
392,-0.3233024495770942,1.055091583903,1.1937026653954,0,0
393,0.2332273951561299,1.10876106836,1.1937026653954,0,0
394,-0.3278024230246873,1.070246058421,1.1937026653954,0,0
395,-0.15572608101271224,1.109608016928,1.1937026653954,0,0
396,-0.3371420457419402,1.038071199097,1.1937026653954,0,0
397,-0.33257973435435273,1.097062982081,1.1937026653954,0,0
398,-0.32510858672721454,1.052011936778,1.1937026653954,0,0
399,-0.32859205604748554,1.097589556212,1.1937026653954,0,0
400,-0.3211885797811508,1.084265780323,1.1937026653954,0,0
401,-0.33237557329972556,1.083838000295,1.1937026653954,0,0
402,-0.3273960507682019,1.078083039307,1.1937026653954,0,0
403,-0.3287497073787131,1.106732402321,1.1937026653954,0,0
404,0.2257892803288415,1.105779970808,1.1937026653954,0,0
405,-0.33266862470117076,1.124262588285,1.1937026653954,0,0
406,-0.3367611362686723,1.075631794567,1.1937026653954,0,0
407,-0.3280721908901273,1.13699487687,1.1937026653954,0,0
408,-0.3316202920948266,1.066157807041,1.1937026653954,0,0
409,-0.336612947458235,1.136965441069,1.1937026653954,0,0
410,-0.32723186169533736,1.059331728854,1.1937026653954,0,0
411,-0.3315429861674004,1.10260704966,1.1937026653954,0,0
412,-0.1360891711256168,1.094264267515,1.1937026653954,0,0
413,-0.329772462504618,1.120551105316,1.1937026653954,0,0
414,0.22837157357821036,1.108612567626,1.1937026653954,0,0
415,-0.32684556145264954,1.121023254922,1.1937026653954,0,0
416,-0.322353788856408,1.076576652463,1.1937026653954,0,0
417,-0.314489401804669,1.099244933471,1.1937026653954,0,0
418,-0.32373170392930894,1.083174877532,1.1937026653954,0,0
419,-0.3292066037613578,1.094815235206,1.1937026653954,0,0
420,0.3160792773432728,1.054270040212,1.1937026653954,0,0
421,-0.3183860678661167,1.100091326752,1.1937026653954,0,0
422,0.5796834287862729,1.168637381365,1.1937026653954,0,0
423,-0.24103403215674246,1.162255028994,1.1937026653954,0,0
424,0.27461049683739613,1.124679982332,1.1937026653954,0,0
425,0.27560595402453614,1.095939826317,1.1937026653954,0,0
426,0.135940408829071,1.161328205566,1.1937026653954,0,0
427,0.26270687507763557,1.156999890009,1.1937026653954,0,0
428,0.012983266707628838,1.200487333581,1.1937026653954,1,0
429,-0.24668894927825058,1.161096912897,1.1937026653954,0,0
430,0.41417820530275073,1.210646600051,1.1937026653954,1,0
431,-0.3155812620066486,1.133243191956,1.1937026653954,0,0
432,-0.3174508267203694,1.197937653178,1.1937026653954,1,0
433,-0.32551753967118835,1.15802641556,1.1937026653954,0,0
434,-0.32499016184580864,1.208422633866,1.1937026653954,1,0
435,-0.3290319772413185,1.149176803536,1.1937026653954,0,0
436,-0.32618232476816533,1.211011580795,1.1937026653954,1,0
437,-0.3246302993127228,1.147155601438,1.1937026653954,0,0
438,-0.32595654328724766,1.222414981974,1.1937026653954,1,0
439,-0.33315861123227597,1.131416323368,1.1937026653954,0,0
440,0.22597772786409576,1.245768307463,1.1937026653954,1,0
441,-0.32472675967617304,1.154689393664,1.1937026653954,0,0
442,-0.3171940196409816,1.249594992243,1.1937026653954,1,0
443,-0.3166420392615472,1.168093188833,1.1937026653954,0,0
444,-0.3159880930520208,1.189897634247,1.1937026653954,0,0
445,-0.31203786338803896,1.15751974335,1.1937026653954,0,0
446,-0.3201149564374217,1.202529236527,1.1937026653954,1,0
447,-0.3332136085500814,1.160074204363,1.1937026653954,0,0
448,-0.12867376634822514,1.230840672194,1.1937026653954,1,0
449,-0.33270223098712903,1.170003903521,1.1937026653954,0,0
450,0.2269051695987674,1.243448760003,1.1937026653954,1,0
451,-0.3348355419621506,1.18790854802,1.1937026653954,0,0
452,-0.33747042388766924,1.24323137218,1.1937026653954,1,0
453,-0.3325011094088769,1.170160426528,1.1937026653954,0,0
454,-0.32687544007890257,1.216207175518,1.1937026653954,1,0
455,-0.32823855921020406,1.159800930681,1.1937026653954,0,0
456,-0.31081427342693624,1.224788490765,1.1937026653954,1,0
457,-0.33475972709860646,1.150682459568,1.1937026653954,0,0
458,-0.3318688983228628,1.200927995846,1.1937026653954,1,0
459,-0.3277255758861479,1.1385850707,1.1937026653954,0,0
460,0.22456764022050768,1.246041192986,1.1937026653954,1,0
461,-0.334804344317848,1.156659918605,1.1937026653954,0,0
462,-0.32366162392684983,1.255437317433,1.1937026653954,1,0
463,-0.3371056293740502,1.156936026982,1.1937026653954,0,0
464,-0.3340805475003059,1.230858878891,1.1937026653954,1,0
465,-0.14062131714389692,1.164980105598,1.1937026653954,0,0
466,-0.3402690934457764,1.250746589461,1.1937026653954,1,0
467,-0.3364231809049313,1.177624263228,1.1937026653954,0,0
468,-0.33609812897863156,1.240778097256,1.1937026653954,1,0
469,-0.33685633496268386,1.149303853627,1.1937026653954,0,0
470,-0.34428361090252146,1.248841109455,1.1937026653954,1,0
471,0.22340977176743948,1.156317807597,1.1937026653954,0,0
472,-0.33850986745933154,1.206401534392,1.1937026653954,1,0
473,-0.33584373054089944,1.153088983512,1.1937026653954,0,0
474,-0.3336332283356733,1.227034989165,1.1937026653954,1,0
475,-0.33774196956004554,1.149396947503,1.1937026653954,0,0
476,-0.34159040543976804,1.264837258073,1.1937026653954,1,0
477,-0.3372666069247071,1.148677689275,1.1937026653954,0,0
478,-0.33229941434451626,1.231816213736,1.1937026653954,1,0
479,-0.3366073272943717,1.124029980059,1.1937026653954,0,0
480,-0.33776009172107424,1.243658285143,1.1937026653954,1,0
481,0.22700231814554783,1.119319084236,1.1937026653954,0,0
482,-0.33480004317203427,1.217152319509,1.1937026653954,1,0
483,-0.33254796322394164,1.099015368382,1.1937026653954,0,0
484,-0.3357362018955551,1.183955388257,1.1937026653954,0,0
485,-0.3285487004976827,1.087509777787,1.1937026653954,0,0
486,-0.31276177490280277,1.082853969167,1.1937026653954,0,0
487,-0.33215076674519217,1.045243801187,1.1937026653954,0,0
488,-0.32011140082354905,1.070767915657,1.1937026653954,0,0
489,-0.31856396325697445,1.020351431118,1.1937026653954,0,0
490,-0.3285273668144464,1.033817323473,1.1937026653954,0,0
491,0.2327301827000574,1.002991128997,1.1937026653954,0,0
492,-0.3294588803004884,1.01697393143,1.1937026653954,0,0
493,-0.043789047952270344,1.000240476,1.1937026653954,0,0
494,-0.32890110771135805,0.990756412546,1.1937026653954,0,0
495,-0.3285716399420229,0.987010098855,1.1937026653954,0,0
496,-0.31531596733285494,0.989493662822,1.1937026653954,0,0
497,-0.3266698453090041,0.98751214182,1.1937026653954,0,0
498,-0.33166359029601866,0.993979427817,1.1937026653954,0,0
499,-0.3317561509539311,0.989831938957,1.1937026653954,0,0
500,-0.3275931005950836,0.992423108358,1.1937026653954,0,0
501,-0.009261915349550676,0.988801241295,1.1937026653954,0,0
502,-0.3362564111445785,0.995923419433,1.1937026653954,0,0
503,-0.3319732727946104,0.987707610044,1.1937026653954,0,0
504,-0.32770303788208366,0.987861834855,1.1937026653954,0,0
505,-0.32748218838169907,0.987631345843,1.1937026653954,0,0
506,-0.33122642183550655,0.988099126984,1.1937026653954,0,0
507,-0.32821556241725314,0.991047898899,1.1937026653954,0,0
508,-0.3210232437360693,0.986069645141,1.1937026653954,0,0
509,-0.32428184915319613,0.989099577788,1.1937026653954,0,0
510,-0.1356710997525178,0.988675887239,1.1937026653954,0,0
511,-0.323541994724616,0.991284793814,1.1937026653954,0,0
512,0.23206734745584923,0.998395731165,1.1937026653954,0,0
513,-0.32067559645709454,0.992981811972,1.1937026653954,0,0
514,-0.31367791896113684,0.984177176658,1.1937026653954,0,0
515,-0.3201732799746565,0.988517430008,1.1937026653954,0,0
516,-0.31173540681441425,0.981930713811,1.1937026653954,0,0
517,0.335947703572371,1.003842919401,1.1937026653954,0,0
518,-0.29766813666449243,1.020502350828,1.1937026653954,0,0
519,0.5552487914640492,1.088658590236,1.1937026653954,0,0
520,0.1843246289229461,1.086720143081,1.1937026653954,0,0
521,-0.23181025363340724,1.124558457605,1.1937026653954,0,0
522,0.17565409244848396,1.097881054336,1.1937026653954,0,0
523,-0.02271991385779859,1.130824989687,1.1937026653954,0,0
524,-0.24188835441257994,1.084760624405,1.1937026653954,0,0
525,-0.2423255802217028,1.106597273669,1.1937026653954,0,0
526,0.6053523229112174,1.180551091314,1.1937026653954,0,0
527,-0.31777106136335775,1.160326820664,1.1937026653954,0,0
528,-0.3118267631514988,1.185990603905,1.1937026653954,0,0
529,-0.3224949237877106,1.173980594926,1.1937026653954,0,0
530,-0.32054845458683945,1.20263703949,1.1937026653954,1,0
531,-0.33228719909040516,1.193837167734,1.1937026653954,1,0
532,-0.33292726693610575,1.221718420755,1.1937026653954,1,0
533,-0.3285571307434777,1.202471112145,1.1937026653954,1,0
534,-0.336967419221901,1.206087475218,1.1937026653954,1,0
535,-0.3326579005109417,1.207011781516,1.1937026653954,1,0
536,-0.3317386596276217,1.19419922487,1.1937026653954,1,0
537,0.22450123052914295,1.174241341201,1.1937026653954,0,0
538,-0.3222628339595993,1.199382300356,1.1937026653954,1,0
539,-0.31587070044561016,1.198797508838,1.1937026653954,1,0
540,-0.32823787102687396,1.18639437335,1.1937026653954,0,0
541,-0.32799218957799103,1.188112057592,1.1937026653954,0,0
542,-0.32730870883387675,1.200820789233,1.1937026653954,1,0
543,-0.3183742540522815,1.197502365147,1.1937026653954,1,0
544,-0.3140373227053358,1.18977125087,1.1937026653954,0,0
545,-0.3219537822957268,1.199081738523,1.1937026653954,1,0
546,-0.3220373965703466,1.186805371552,1.1937026653954,0,0
547,0.2310629438854166,1.22085259593,1.1937026653954,1,0
548,-0.32548777574215704,1.203018734757,1.1937026653954,1,0
549,-0.32557597790564485,1.226690109601,1.1937026653954,1,0
550,-0.327443535417986,1.186957167208,1.1937026653954,0,0
551,-0.32499887883465783,1.227230848626,1.1937026653954,1,0
552,-0.3216517271623781,1.203914100087,1.1937026653954,1,0
553,-0.3224848304322009,1.230240934037,1.1937026653954,1,0
554,-0.324580406021283,1.194444431848,1.1937026653954,1,0
555,-0.31320530905911925,1.217041488357,1.1937026653954,1,0
556,-0.3098987602033215,1.186643235425,1.1937026653954,0,0
557,0.23297173504895907,1.215766590496,1.1937026653954,1,0
558,-0.32302430881447,1.195054917708,1.1937026653954,1,0
559,-0.317662156351353,1.2184639533,1.1937026653954,1,0
560,-0.33133079630725415,1.168162071069,1.1937026653954,0,0
561,-0.13060217073667846,1.177194615966,1.1937026653954,0,0
562,-0.3343444084588284,1.187786530485,1.1937026653954,0,0
563,-0.3321406160410717,1.19971102008,1.1937026653954,1,0
564,-0.3337418466046239,1.191999785432,1.1937026653954,0,0
565,-0.34017527111842527,1.190047118166,1.1937026653954,0,0
566,0.45999251944720077,1.260984934973,1.1937026653954,1,0
567,-0.34008987903686905,1.227456934524,1.1937026653954,1,0
568,0.546513909848213,1.264739440712,1.1937026653954,1,0
569,0.1192540276216143,1.241500807625,1.1937026653954,1,0
570,-0.23991355499794864,1.337124850197,1.1937026653954,1,0
571,-0.2642066559485936,1.316956851481,1.1937026653954,1,0
572,-0.26664162061668795,1.356885909241,1.2965284422411998,1,0
573,-0.2640283591174599,1.339538466001,1.2965284422411998,1,0
574,-0.26297681498890824,1.362133478954,1.2965284422411998,1,0
575,-0.2565464299514819,1.353613617718,1.2965284422411998,1,0
576,0.060798244490203546,1.322131688369,1.2965284422411998,1,0
577,-0.3238559783690216,1.252892774739,1.2965284422411998,0,0
578,-0.3171373018648507,1.238285930245,1.2965284422411998,0,0
579,-0.3325360920614956,1.244099791996,1.2965284422411998,0,0
580,-0.2918998413393332,1.323935024288,1.2965284422411998,1,0
581,-0.32873198665796044,1.256822049104,1.2965284422411998,0,0
582,-0.1896880430555019,1.303658170726,1.2965284422411998,1,0
583,-0.33400673983814155,1.184946431401,1.2965284422411998,0,0
584,-0.3295575199111509,1.226840992628,1.1937026653954,1,0
585,-0.33395460995087867,1.155726089225,1.1937026653954,0,0
586,0.2405606767227837,1.1929878895,1.1937026653954,0,0
587,-0.32160814221813183,1.134554035668,1.1937026653954,0,0
588,-0.32818447947017226,1.204237703039,1.1937026653954,1,0
589,-0.32587562439733775,1.151802139665,1.1937026653954,0,0
590,-0.32276262710315995,1.130926180926,1.1937026653954,0,0
591,-0.32337751890869726,1.081119337281,1.1937026653954,0,0
592,-0.3171035235330598,1.129676822055,1.1937026653954,0,0
593,-0.32891108636964594,1.08732737885,1.1937026653954,0,0
594,-0.3247873771578419,1.13330383976,1.1937026653954,0,0
595,-0.3245597605213769,1.087235272741,1.1937026653954,0,0
596,-0.3270064816546956,1.124268266901,1.1937026653954,0,0
597,0.2320127515783197,1.112015840469,1.1937026653954,0,0
598,-0.324701124847123,1.144070572583,1.1937026653954,0,0
599,-0.31882203200580095,1.093977773447,1.1937026653954,0,0
600,-0.31751706436590155,1.139728245028,1.1937026653954,0,0
601,-0.3249396377196495,1.103819609737,1.1937026653954,0,0
602,-0.3271657387470269,1.135475073436,1.1937026653954,0,0
603,-0.32312352191124105,1.101303896421,1.1937026653954,0,0
604,-0.3159347014953191,1.11999570481,1.1937026653954,0,0
605,-0.3133231031058058,1.104875082932,1.1937026653954,0,0
606,-0.31971913632533266,1.119687118258,1.1937026653954,0,0
607,0.24634646337425226,1.088631471504,1.1937026653954,0,0
608,-0.31945447248625847,1.095878813839,1.1937026653954,0,0
609,-0.31949341219302585,1.084947073866,1.1937026653954,0,0
610,-0.3247622011176785,1.111868794942,1.1937026653954,0,0
611,-0.13073940596244338,1.098502733332,1.1937026653954,0,0
612,-0.31351436072299166,1.097294465921,1.1937026653954,0,0
613,0.3863167590877763,1.133754074961,1.1937026653954,0,0
614,-0.30844049972661913,1.11356299391,1.2965284422411998,0,0
615,-0.3098654980090283,1.145131646491,1.2965284422411998,0,0
616,0.1742983712879822,1.172772526715,1.2965284422411998,0,0
617,0.05095573180440405,1.168207187945,1.2965284422411998,0,0
618,-0.2350473533214652,1.138506005216,1.2965284422411998,0,0
619,-0.24423442873385626,1.163300614804,1.2965284422411998,0,0
620,-0.2540403530059332,1.145187836729,1.2965284422411998,0,0
621,-0.24825978507805202,1.103484290992,1.2965284422411998,0,0
622,-0.25386004897341974,1.107683226155,1.2965284422411998,0,0
623,-0.3092940191019047,1.083376813597,1.2965284422411998,0,0
624,0.3804037732174417,1.139703238807,1.2965284422411998,0,0
625,-0.31331673741000143,1.127399517982,1.2965284422411998,0,0
626,-0.3209377943059023,1.166356118499,1.2965284422411998,0,0
627,-0.16048223070497392,1.135989476948,1.2854671116552252,0,0
628,-0.32879839634932506,1.149946582007,1.2854671116552252,0,0
629,-0.32446880562456826,1.149461414558,1.2854671116552252,0,0
630,-0.316558195592484,1.142168449692,1.2854671116552252,0,0
631,-0.314427694699394,1.147497947836,1.2854671116552252,0,0
632,-0.319968832176975,1.046046927767,1.2854671116552252,0,0
633,-0.33006264647552075,1.054871448911,1.2965284422411998,0,0
634,0.2250358342794898,1.057121012531,1.2965284422411998,0,0
635,-0.32003048193363914,1.051384160332,1.2965284422411998,0,0
636,-0.31585091517486685,1.051169385855,1.2965284422411998,0,0
637,-0.31702650434868784,1.055981357312,1.2965284422411998,0,0
638,-0.3213244386402553,1.066839405575,1.2965284422411998,0,0
639,-0.3208471835007588,1.062529756369,1.2965284422411998,0,0
640,-0.3198763288676735,1.078932721883,1.2965284422411998,0,0
641,-0.31595402797717576,1.090492457303,1.2965284422411998,0,0
642,-0.3217177354134668,1.075804798351,1.2965284422411998,0,0
643,-0.3162493733230549,1.092688118167,1.2965284422411998,0,0
644,0.23708718606080081,1.088550858014,1.2965284422411998,0,0
645,-0.3180305064788447,1.105246421705,1.2965284422411998,0,0
646,-0.32532054719291736,1.080996084355,1.2965284422411998,0,0
647,-0.3179881832040371,1.08975237843,1.2965284422411998,0,0
648,-0.3154914540820569,1.079138038246,1.2965284422411998,0,0
649,-0.31346154265239845,1.106184443094,1.2965284422411998,0,0
650,-0.31870475409661203,1.0571770562,1.2965284422411998,0,0
651,-0.31864557033021446,1.069335647194,1.2965284422411998,0,0
652,-0.3292216290974005,1.055663055849,1.2965284422411998,0,0
653,-0.3244343391094472,1.067279178967,1.2965284422411998,0,0
654,0.23277525870818572,1.076518320129,1.2965284422411998,0,0
655,-0.31902923253680315,1.055270278604,1.2965284422411998,0,0
656,-0.3208610618645845,1.075646113052,1.2965284422411998,0,0
657,-0.3238080349303507,1.068049734028,1.2965284422411998,0,0
658,-0.1405131576638332,1.070864822,1.2965284422411998,0,0
659,-0.33157550282975257,1.080344488416,1.2965284422411998,0,0
660,-0.33852896454674464,1.069313543906,1.2965284422411998,0,0
661,-0.33385138245134804,1.069967886217,1.2965284422411998,0,0
662,-0.3329503784262784,1.049262706731,1.2965284422411998,0,0
663,0.47038993729158807,1.143282816733,1.2965284422411998,0,0
664,-0.3315884062671939,1.121490046322,1.2965284422411998,0,0
665,-0.33561250094195094,1.153094067323,1.2965284422411998,0,0
666,0.5313418760588704,1.248864320197,1.2965284422411998,0,0
667,0.12404240723317383,1.259652111695,1.2965284422411998,0,0
668,-0.24613868935714156,1.232045304328,1.2965284422411998,0,0
669,-0.26233170046545284,1.241596799527,1.2965284422411998,0,0
670,-0.26323993041548954,1.22551315657,1.2854671116552252,0,0
671,-0.26162464944227903,1.222093348981,1.2854671116552252,0,0
672,-0.14870827415434595,1.206271009005,1.2854671116552252,0,0
673,-0.2666613485388205,1.228093666834,1.2854671116552252,0,0
674,0.23439076907583978,1.225482910942,1.2854671116552252,0,0
675,-0.325021818278998,1.239549730056,1.2854671116552252,0,0
676,-0.323716735941877,1.200754972024,1.2854671116552252,0,0
677,-0.3292606835013896,1.223674905919,1.2854671116552252,0,0
678,-0.3371392356600086,1.181421896709,1.2965284422411998,0,0
679,-0.3273571110614345,1.205674362158,1.2965284422411998,0,0
680,-0.34231139217537854,1.15362617623,1.2965284422411998,0,0
681,-0.3330713266465618,1.187780008165,1.2965284422411998,0,0
682,-0.3261427542266786,1.142530367878,1.2965284422411998,0,0
683,-0.33714462642942844,1.191697544615,1.2965284422411998,0,0
684,0.11267969757095364,1.145598561308,1.2965284422411998,0,0
685,-0.33505954563613205,1.19482161433,1.2965284422411998,0,0
686,-0.318290926520716,1.14163840238,1.2965284422411998,0,0
687,-0.3296263955927822,1.188280002371,1.2965284422411998,0,0
688,-0.3372569150094734,1.100791546101,1.1937026653954,0,0
689,-0.33414667044861635,1.172685526341,1.1937026653954,0,0
690,-0.32897273612631006,1.094254722228,1.1937026653954,0,0
691,-0.3358470567603288,1.177296421755,1.1937026653954,0,0
692,-0.328139346113433,1.094517291946,1.1937026653954,0,0
693,-0.32900840696225897,1.172996562641,1.1937026653954,0,0
694,0.22957532091995891,1.10142075384,1.1937026653954,0,0
695,-0.3245372798659235,1.178713225405,1.1937026653954,0,0
696,-0.33149332227040396,1.117437597832,1.1937026653954,0,0
697,-0.3299053965845691,1.168960124789,1.1937026653954,0,0
698,-0.3246544430778908,1.089734195262,1.1937026653954,0,0
699,-0.3180872242549756,1.161974471923,1.1937026653954,0,0
700,-0.32229454774139954,1.086959138523,1.1937026653954,0,0
701,-0.3240668492111183,1.170085035197,1.1937026653954,0,0
702,-0.31987833606905325,1.090726460209,1.1937026653954,0,0
703,-0.3196455007090009,1.154459990012,1.1937026653954,0,0
704,0.2046496647916347,1.108793420762,1.1937026653954,0,0
705,-0.3168441931147946,1.137553432914,1.1937026653954,0,0
706,-0.3108903176849238,1.101911269253,1.1937026653954,0,0
707,-0.31150406251824403,1.174757272742,1.1937026653954,0,0
708,-0.11776554442699394,1.081208811742,1.1937026653954,0,0
709,-0.3182035272377801,1.143211561901,1.1937026653954,0,0
710,-0.3184575242352362,1.07345866518,1.1937026653954,0,0
711,-0.31293456626729477,1.158187550456,1.1937026653954,0,0
712,-0.32235126551753046,1.066578319981,1.1937026653954,0,0
713,-0.3239598940518824,1.131938272968,1.1937026653954,0,0
714,0.2323813884488657,1.061937987406,1.1937026653954,0,0
715,-0.33352093975562835,1.125478684347,1.1937026653954,0,0
716,-0.32847064903831547,1.112283745054,1.1937026653954,0,0
717,-0.03856091919271054,1.157794719584,1.1937026653954,0,0
718,-0.32106287162616687,1.067918438335,1.1937026653954,0,0
719,-0.27885870988335637,1.105878657927,1.1937026653954,0,0
720,-0.32053916411188166,1.081530643105,1.1937026653954,0,0
721,-0.3164615631832012,1.099753538896,1.1937026653954,0,0
722,-0.31701635364456726,1.074769231362,1.1937026653954,0,0
723,-0.3236670146962697,1.059836032862,1.1937026653954,0,0
724,-0.3225710827429198,1.050491374936,1.1937026653954,0,0
725,0.23943985547232494,1.084634792852,1.1937026653954,0,0
726,-0.3247696564370891,1.107023810967,1.1937026653954,0,0
727,-0.31790692022246214,1.034237363237,1.1937026653954,0,0
728,0.6268703245828147,1.14876830087,1.1937026653954,0,0
729,-0.22583160360364907,1.116011577925,1.1937026653954,0,0
730,0.6693788354034078,1.17319026525,1.1937026653954,0,0
731,0.2819903454760606,1.140886952385,1.1937026653954,0,0
732,0.19911644142235096,1.195604159523,1.1937026653954,1,0
733,-0.07676277873288706,1.145873178117,1.1937026653954,0,0
734,-0.2133464095812554,1.218249619725,1.1937026653954,1,0
735,0.251277296935164,1.153392301486,1.1937026653954,0,0
736,-0.3137760424343017,1.247629458442,1.1937026653954,1,0
737,-0.3198739202260178,1.149043121947,1.1937026653954,0,0
738,-0.3064858870230073,1.206883751385,1.1937026653954,1,0
739,-0.3172163282506024,1.160398203701,1.1937026653954,0,0
740,-0.32916955655874847,1.169652160212,1.1937026653954,0,0
741,-0.3345860181563408,1.166016348028,1.1937026653954,0,0
742,-0.3323123177819576,1.174331557022,1.1937026653954,0,0
743,-0.33006390814495945,1.172485400448,1.1937026653954,0,0
744,-0.3341307275348,1.210803240012,1.1937026653954,1,0
745,-0.3342331521537787,1.182506217367,1.1937026653954,0,0
746,0.22383116935996772,1.272714639115,1.2965284422411998,0,0
747,-0.3377561920155364,1.202944818752,1.2965284422411998,0,0
748,-0.3296982534021776,1.279006749222,1.1937026653954,1,0
749,-0.33376415521424463,1.219341158073,1.1937026653954,1,0
750,-0.33662057482347807,1.282580334635,1.1937026653954,1,0
751,-0.3297519317019336,1.220675987141,1.1937026653954,1,0
752,-0.33198588948899754,1.254318450674,1.1937026653954,1,0
753,-0.3309859591102111,1.22053733121,1.1937026653954,1,0
754,-0.3369717777163256,1.251416710356,1.1937026653954,1,0
755,-0.3352803377879058,1.22186609852,1.1937026653954,1,0
756,0.22748874906278038,1.265144417202,1.1937026653954,1,0
757,-0.329187736068388,1.239896652347,1.1937026653954,1,0
758,-0.338590155514522,1.257804293687,1.1937026653954,1,0
759,-0.3313218499239615,1.225641627589,1.1937026653954,1,0
760,-0.3314117725457748,1.264739105889,1.1937026653954,1,0
761,-0.3358617953533174,1.229462222341,1.1937026653954,1,0
762,-0.09152167312966397,1.289411046221,1.1937026653954,1,0
763,-0.3324747290478858,1.227121901658,1.1937026653954,1,0
764,-0.33945715181335734,1.278769591565,1.1937026653954,1,0
765,-0.33513822793021864,1.254825968779,1.1937026653954,1,0
766,-0.011349060692837809,1.269163841166,1.1937026653954,1,0
767,-0.33661724860404885,1.251814331417,1.1937026653954,1,0
768,-0.33153111500495436,1.257322265176,1.1937026653954,1,0
769,-0.336816821769808,1.236251445767,1.1937026653954,1,0
770,-0.1383630435458325,1.249007753844,1.1937026653954,1,0
771,-0.3420293517072165,1.244039835193,1.1937026653954,1,0
772,-0.3335599368110066,1.275451712622,1.1937026653954,1,0
773,-0.341425642880795,1.241441207322,1.1937026653954,1,0
774,-0.3297507273811058,1.269636211182,1.1937026653954,1,0
775,-0.33638940257314043,1.194581180498,1.1937026653954,1,0
776,0.21814356353027486,1.27555719021,1.1937026653954,1,0
777,-0.3305670275079494,1.220428581166,1.1937026653954,1,0
778,-0.33597580439168784,1.235167030423,1.1937026653954,1,0
779,-0.3394677613063647,1.188436561625,1.1937026653954,0,0
780,-0.3279758452238988,1.164234446822,1.1937026653954,0,0
781,-0.334454517791661,1.172567564234,1.1937026653954,0,0
782,-0.330077843857396,1.202058209002,1.1937026653954,1,0
783,-0.33631433324153737,1.170492183595,1.1937026653954,0,0
784,-0.3298036601489206,1.208202717019,1.1937026653954,1,0
785,-0.3328489287336842,1.165803539666,1.1937026653954,0,0
786,0.22921907134935648,1.240903183811,1.1937026653954,1,0
787,-0.3352745455782099,1.195442780186,1.1937026653954,1,0
788,-0.33380418454461824,1.219359035268,1.1937026653954,1,0
789,-0.33872366308058155,1.182416389216,1.1937026653954,0,0
790,-0.32839718546781616,1.227530416073,1.1937026653954,1,0
791,-0.33404424582963765,1.168121147391,1.1937026653954,0,0
792,-0.3321626952562491,1.120726155393,1.1937026653954,0,0
793,-0.32902853632466744,1.130324570356,1.1937026653954,0,0
794,-0.3333936258395407,1.031879963699,1.1937026653954,0,0
795,-0.3320306214054608,1.014001144897,1.1937026653954,0,0
796,-0.3357625822565463,0.979395493068,1.1937026653954,0,0
797,0.21131093533634449,0.998298667515,1.1937026653954,0,0
798,-0.33231122815835146,0.995386537022,1.1937026653954,0,0
799,-0.3241866504591846,0.975820315191,1.1937026653954,0,0
800,-0.31988200638014763,0.989695162858,1.1937026653954,0,0
801,-0.3142083362628916,0.976348092193,1.1937026653954,0,0
802,-0.3138409037131734,0.989476908402,1.1937026653954,0,0
803,-0.32088027364921945,0.988711313204,1.1937026653954,0,0
804,-0.31531596733285494,0.991081114029,1.1937026653954,0,0
805,-0.31938548210740547,0.98617035517,1.1937026653954,0,0
806,-0.3178139581242737,0.989432648643,1.1937026653954,0,0
807,0.003920006946063648,0.98637032627,1.1937026653954,0,0
808,0.13513420205773685,1.002009420767,1.1937026653954,0,0
809,-0.3091619452511164,0.990853748197,1.1937026653954,0,0
810,0.46410533242294316,1.049453419219,1.1937026653954,0,0
811,0.17808142975133534,1.048373231186,1.1937026653954,0,0
812,-0.22859540520635924,1.069413571729,1.1937026653954,0,0
813,0.1636390996864523,1.057342434194,1.1937026653954,0,0
814,-0.22922463416460914,1.1015491587,1.1937026653954,0,0
815,-0.2565651255986191,1.062872247028,1.1937026653954,0,0
816,-0.25127569117406023,1.108071096487,1.1937026653954,0,0
817,-0.3091692285246944,1.090527539472,1.1937026653954,0,0
818,0.2574796638958494,1.144981489659,1.1937026653954,0,0
819,-0.2986132417713059,1.098016327132,1.1937026653954,0,0
820,-0.31090362256264104,1.078359613242,1.1937026653954,0,0
821,-0.3173052759460313,1.093670768112,1.1937026653954,0,0
822,-0.31742123483717066,1.116897447454,1.1937026653954,0,0
823,-0.318738475079792,1.089856628122,1.1937026653954,0,0
824,-0.3222982754011048,1.116240767915,1.1937026653954,0,0
825,-0.31818787106701796,1.087627450288,1.1937026653954,0,0
826,-0.31103512292732083,1.106614460061,1.1937026653954,0,0
827,-0.31091876259590556,1.08733983183,1.1937026653954,0,0
828,-0.03201165048499144,1.099708089999,1.1937026653954,0,0
829,-0.3251764874824614,1.095193000659,1.1937026653954,0,0
830,-0.3163878128696477,1.083873903323,1.1937026653954,0,0
831,-0.31686845157718435,1.089805606852,1.2965284422411998,0,0
832,-0.3172019910978898,1.071399331537,1.2965284422411998,0,0
833,-0.30992496851848006,1.088657028873,1.2965284422411998,0,0
834,-0.3119697905869596,1.073900462318,1.2965284422411998,0,0
835,-0.33012670487384055,1.081923663439,1.2965284422411998,0,0
836,-0.3254493521728873,1.073607121421,1.2965284422411998,0,0
837,-0.3368866150292128,1.066358068835,1.2965284422411998,0,0
838,-0.011152125563177684,1.081925828156,1.2965284422411998,0,0
839,-0.3336898887631935,1.080668480497,1.2965284422411998,0,0
840,-0.3295743804027409,1.050100341201,1.2965284422411998,0,0
841,-0.33732372614111406,1.064494791265,1.2965284422411998,0,0
842,-0.3340982682210587,1.036419230416,1.2965284422411998,0,0
843,-0.33253351137400733,1.063602392304,1.2965284422411998,0,0
844,-0.3356099202544627,1.039599214378,1.2965284422411998,0,0
845,-0.3285583924129164,1.069706373205,1.2965284422411998,0,0
846,-0.3309539585853566,1.021208966556,1.2965284422411998,0,0
847,-0.334872187724484,1.049372377636,1.2965284422411998,0,0
848,-0.3284529283175627,1.028463060325,1.2965284422411998,0,0
849,0.2265735799308306,1.073000465099,1.2965284422411998,0,0
850,-0.3334580856781364,0.999258637912,1.2965284422411998,0,0
851,-0.33503310792652996,1.027405636694,1.2965284422411998,0,0
852,-0.049529815944221345,1.003653719749,1.2965284422411998,0,0
853,-0.3439760503025311,1.02609945463,1.2965284422411998,0,0
854,-0.3356077410072503,1.021966211455,1.2965284422411998,0,0
855,-0.3301570996375912,1.039244110906,1.2965284422411998,0,0
856,-0.3247669610523791,1.010009496035,1.2965284422411998,0,0
857,-0.3372533020469899,1.035690784815,1.2965284422411998,0,0
858,-0.33463178234779933,1.008060709525,1.2965284422411998,0,0
859,0.22544713851650844,1.026254868763,1.2965284422411998,0,0
860,-0.34340927398149723,1.017183194125,1.2965284422411998,0,0
861,-0.33752966500267767,1.01760462912,1.2965284422411998,0,0
862,-0.34044899603801393,1.008850578338,1.2965284422411998,0,0
863,-0.32472911096921786,1.024566598705,1.2965284422411998,0,0
864,-0.3412546866718502,1.014639314147,1.2965284422411998,0,0
865,-0.3363282116053631,1.026465021518,1.2965284422411998,0,0
866,-0.33821314574679195,1.019407243491,1.2965284422411998,0,0
867,-0.3283261878875834,1.022677731309,1.2965284422411998,0,0
868,-0.343481418533947,1.018538522549,1.1937026653954,0,0
869,0.22053958849160193,1.03325112668,1.1937026653954,0,0
870,-0.33121489476472565,1.030838959461,1.1937026653954,0,0
871,-0.337715359804611,1.022103129637,1.1937026653954,0,0
872,-0.33024805453439987,1.023808738501,1.1937026653954,0,0
873,-0.33917562748269303,1.021023810208,1.1937026653954,0,0
874,-0.3285888445252779,0.993165194508,1.1937026653954,0,0
875,-0.3340202741103022,0.99175242926,1.1937026653954,0,0
876,-0.33481099675670667,0.986329788899,1.1937026653954,0,0
877,-0.32716946640673217,0.986470542116,1.1937026653954,0,0
878,-0.331998334137552,0.985316144016,1.1937026653954,0,0
879,0.22691790099037612,0.986867347636,1.1937026653954,0,0
880,-0.3339957289048583,0.984967280812,1.1937026653954,0,0
881,-0.3331291913949098,0.987984426071,1.1937026653954,0,0
882,-0.3349158873659519,0.983167520507,1.1937026653954,0,0
883,-0.32802728692783145,0.983231553435,1.1937026653954,0,0
884,-0.3314117725457748,0.978660397758,1.1937026653954,0,0
885,-0.3246194604252721,0.984524107817,1.1937026653954,0,0
886,-0.3237598620972364,0.979447091337,1.1937026653954,0,0
887,-0.3222166683278648,0.982207112982,1.1937026653954,0,0
888,-0.3354664340301151,0.979557561325,1.1937026653954,0,0
889,0.22361622676650073,0.988134413523,1.1937026653954,0,0
890,-0.3287934070201811,0.984607195676,1.1937026653954,0,0
891,-0.3156493921563387,0.985504520027,1.1937026653954,0,0
892,-0.32931218255393324,0.980663234376,1.1937026653954,0,0
893,-0.31964664768121787,0.988074443662,1.1937026653954,0,0
894,-0.322695529228465,0.979302631482,1.1937026653954,0,0
895,-0.325734890906311,0.987684792901,1.1937026653954,0,0
896,-0.32325416204675816,0.982117796987,1.1937026653954,0,0
897,-0.031166561355501,0.990406755216,1.1937026653954,0,0
898,-0.31729099614192957,0.98765887526,1.1937026653954,0,0
899,-0.3255108872323297,0.980395147439,1.1937026653954,0,0
900,0.22801578279649481,0.991294212818,1.1937026653954,0,0
901,-0.3214269779564557,0.993659377831,1.1937026653954,0,0
902,-0.3307230157294623,0.991697481841,1.1937026653954,0,0
903,-0.3289167638821202,0.993574657049,1.1937026653954,0,0
904,-0.3274374564652358,0.994158989393,1.1937026653954,0,0
905,-0.323130461093154,0.997684016316,1.1937026653954,0,0
906,-0.32281137342238275,0.991934173587,1.1937026653954,0,0
907,-0.32007148619039716,1.005431585547,1.1937026653954,0,0
908,-0.3196657447686311,0.990279951925,1.1937026653954,0,0
909,-0.3242589670574668,1.0052782414,1.1937026653954,0,0
910,0.2476131794907146,0.994496737866,1.1937026653954,0,0
911,-0.33334155330088855,1.013013601848,1.1937026653954,0,0
912,-0.32945572612689156,0.989595480468,1.1937026653954,0,0
913,-0.325546386022446,0.997361172376,1.1937026653954,0,0
914,-0.31631452134498095,0.98941470798,1.1937026653954,0,0
915,-0.31825812311530965,0.994228006772,1.1937026653954,0,0
916,0.34677248326481513,1.006661709401,1.1937026653954,0,0
917,-0.32744726307769123,1.016976728841,1.1937026653954,0,0
918,0.57833573643129,1.081855585545,1.1937026653954,0,0
919,0.1813397484254078,1.070258778123,1.1937026653954,0,0
920,0.10284945748787622,1.107898849709,1.1937026653954,0,0
921,0.1836342663455297,1.076120401365,1.1937026653954,0,0
922,0.20218482149728745,1.137952710743,1.1937026653954,0,0
923,-0.03961481461430705,1.08972878784,1.1937026653954,0,0
924,-0.24510893770071296,1.14502223665,1.1937026653954,0,0
925,-0.2441528790092271,1.100473155542,1.1937026653954,0,0
926,0.38907018059192255,1.160535818605,1.1937026653954,0,0
927,-0.3271455520360076,1.12627128846,1.1937026653954,0,0
928,-0.31896179057044316,1.16466852782,1.1937026653954,0,0
929,-0.2697374133276107,1.133059847903,1.1937026653954,0,0
930,-0.3367875739782743,1.176195485353,1.1937026653954,0,0
931,-0.33245047058549604,1.132929450524,1.1937026653954,0,0
932,-0.32913067420059194,1.181550316799,1.1937026653954,0,0
933,-0.3355958698448044,1.128681512377,1.1937026653954,0,0
934,-0.33070282901844295,1.188519548768,1.1937026653954,0,0
935,-0.33671290608694715,1.129266004775,1.1937026653954,0,0
936,0.182634450663965,1.195692758648,1.1937026653954,1,0
937,-0.3300056993049463,1.141763971017,1.1937026653954,0,0
938,-0.33835055301838934,1.195127146484,1.1937026653954,1,0
939,-0.33461142359094753,1.135144853623,1.1937026653954,0,0
940,-0.32971998852568996,1.152412765209,1.1937026653954,0,0
941,-0.33720432633332365,1.139749338948,1.1937026653954,0,0
942,-0.1320907112799098,1.178004404261,1.1937026653954,0,0
943,-0.3343417130741184,1.142464062313,1.1937026653954,0,0
944,-0.32971735048959083,1.191294019521,1.1937026653954,0,0
945,-0.3355568154408153,1.149082927021,1.1937026653954,0,0
946,0.16182447494192598,1.19547484728,1.1937026653954,1,0
947,-0.33059747962031094,1.145298123355,1.1937026653954,0,0
948,-0.3371719243681932,1.191620756875,1.1937026653954,0,0
949,-0.332734403557816,1.152243491378,1.1937026653954,0,0
950,-0.3301967275276888,1.170795521244,1.1937026653954,0,0
951,-0.33368266283822634,1.143225243925,1.1937026653954,0,0
952,-0.3273731113238617,1.165967003213,1.1937026653954,0,0
953,-0.33646705259223175,1.140397412283,1.1937026653954,0,0
954,-0.3329796262178121,1.12090756562,1.1937026653954,0,0
955,-0.32849972478401657,1.136832321662,1.1937026653954,0,0
956,-0.33664058948866493,1.144184107194,1.1937026653954,0,0
957,0.22391008104849774,1.134460774849,1.1937026653954,0,0
958,-0.3364977914476476,1.149868503676,1.1937026653954,0,0
959,-0.3372020323888897,1.149026715786,1.1937026653954,0,0
960,-0.337312256418944,1.133486721799,1.1937026653954,0,0
961,-0.3351080625609114,1.137389223523,1.1937026653954,0,0
962,-0.3367481181340093,1.153019297382,1.1937026653954,0,0
963,-0.33166078021408696,1.153323317951,1.1937026653954,0,0
964,-0.33795352858547245,1.136792115447,1.1937026653954,0,0
965,-0.3342929667548956,1.135972187451,1.1937026653954,0,0
966,-0.3417309668849623,1.140587572642,1.1937026653954,0,0
967,0.22188039901328271,1.113425615228,1.1937026653954,0,0
968,-0.33872240141114285,1.12960364215,1.1937026653954,0,0
969,-0.33821176938013153,1.133302557312,1.1937026653954,0,0
970,-0.3369364509720417,1.132299411842,1.1937026653954,0,0
971,-0.3329644288359368,1.127172704696,1.1937026653954,0,0
972,-0.3308109311498959,1.142384717244,1.1937026653954,0,0
973,-0.33856113711743174,1.122662128825,1.1937026653954,0,0
974,-0.33071085782396203,1.124185341463,1.1937026653954,0,0
975,-0.3318547332159828,1.080866386214,1.1937026653954,0,0
976,-0.3314405615484217,1.114113547735,1.1937026653954,0,0
977,0.2286529258630421,1.087796908881,1.1937026653954,0,0
978,-0.33327887126922917,1.118777870142,1.1937026653954,0,0
979,-0.32817174807856353,1.071006558467,1.1937026653954,0,0
980,-0.3324665281965341,1.089210770164,1.1937026653954,0,0
981,-0.3178194635909154,1.061286259858,1.1937026653954,0,0
982,-0.3123464562630246,1.026362516333,1.1937026653954,0,0
983,-0.3200160874323158,1.018342608504,1.1937026653954,0,0
984,-0.31198395569383963,1.015038879727,1.1937026653954,0,0
985,-0.3156684892437519,1.004167112759,1.1937026653954,0,0
986,-0.31629106576314314,0.996561971552,1.1937026653954,0,0
987,0.23690321171719297,0.997017214123,1.1937026653954,0,0
988,-0.3273541289336702,0.996939322224,1.1937026653954,0,0
989,-0.327874969017413,0.993713828813,1.1937026653954,0,0
990,-0.3270345251254013,0.988001338379,1.1937026653954,0,0
991,-0.3191120439308711,0.98753494994,1.1937026653954,0,0
992,-0.31961493389941764,0.981366353192,1.1937026653954,0,0
993,-0.3192501967344096,0.990590592157,1.1937026653954,0,0
994,-0.32431189982528175,0.986403013572,1.1937026653954,0,0
995,-0.313373225791689,0.986804971838,1.1937026653954,0,0
996,-0.3258054870462679,0.985940446152,1.1937026653954,0,0
997,0.24351493306212801,0.994251568,1.1937026653954,0,0
998,-0.32848596111741246,0.993279455653,1.1937026653954,0,0
999,-0.32498746646109866,0.995262107945,1.1937026653954,0,0
1000,-0.3192335656372629,0.992650859898,1.1937026653954,0,0
1001,-0.3147982240740981,0.996869443388,1.1937026653954,0,0
1002,-0.3128094889470302,0.989599119002,1.1937026653954,0,0
1003,-0.3207004857542036,0.993637243296,1.1937026653954,0,0
1004,-0.3246040336489533,0.994083896464,1.1937026653954,0,0
1005,-0.32244795527542414,0.990482123438,1.1937026653954,0,0
1006,-0.31673104430558685,0.988709876783,1.1937026653954,0,0
1007,-0.32868306829290506,0.978160825109,1.1937026653954,0,0
1008,0.23263165778661654,0.991659308332,1.1937026653954,0,0
1009,-0.3307970527860701,0.997332903425,1.1937026653954,0,0
1010,-0.31773619340796067,0.982215350452,1.1937026653954,0,0
1011,-0.3178340874866822,0.99357154329,1.1937026653954,0,0
1012,-0.32637966133810137,0.986266261028,1.1937026653954,0,0
1013,0.05569880601339183,0.999997747257,1.1937026653954,0,0
1014,-0.3182570334917034,1.000097749188,1.1937026653954,0,0
1015,0.6023971489940996,1.071852914174,1.1937026653954,0,0
1016,0.19736490014976016,1.056942961471,1.1937026653954,0,0
1017,0.1919846828742251,1.125558204099,1.1937026653954,0,0
1018,0.029650378781839848,1.072883445991,1.1937026653954,0,0
1019,-0.22712596175054112,1.119937507055,1.1937026653954,0,0
1020,-0.22997928453478866,1.072574154485,1.1937026653954,0,0
1021,-0.24450752281872556,1.111847592333,1.1937026653954,0,0
1022,0.4390821836561736,1.123243731595,1.1937026653954,0,0
1023,-0.24596159684683572,1.157169728192,1.1937026653954,0,0
1024,-0.32531469763461063,1.135025278723,1.1937026653954,0,0
1025,-0.3251569889547723,1.142241611693,1.1937026653954,0,0
1026,-0.2828022297598688,1.132657843978,1.1937026653954,0,0
1027,-0.3347784800943545,1.17402841335,1.1937026653954,0,0
1028,-0.32596050034139634,1.148212953179,1.1937026653954,0,0
1029,-0.3345034361567163,1.197356383416,1.1937026653954,1,0
1030,-0.3236058810771033,1.146548315432,1.1937026653954,0,0
1031,-0.15309521348995314,1.204419801342,1.1937026653954,1,0
1032,0.2309360887582157,1.148075247974,1.2965284422411998,0,0
1033,-0.327917521686664,1.230091104678,1.2965284422411998,0,0
1034,-0.33706032397147845,1.158821593806,1.2965284422411998,0,0
1035,-0.3293163116539144,1.211181335741,1.2965284422411998,0,0
1036,-0.33757336464414556,1.141394433162,1.2965284422411998,0,0
1037,-0.33093560702988445,1.214500983429,1.2965284422411998,0,0
1038,-0.33530413746140875,1.14564479443,1.2965284422411998,0,0
1039,-0.3308201642762427,1.227206143762,1.2965284422411998,0,0
1040,-0.3326484953387623,1.131990153331,1.2965284422411998,0,0
1041,-0.3376001464454127,1.205255962183,1.1937026653954,1,0
1042,0.22075258123230013,1.152464486213,1.2965284422411998,0,0
1043,-0.3317785742607735,1.218654188991,1.2965284422411998,0,0
1044,-0.3290471746231939,1.153843480884,1.2965284422411998,0,0
1045,-0.3341137523459883,1.218591635012,1.1937026653954,1,0
1046,-0.3226447183592517,1.138040297561,1.1937026653954,0,0
1047,-0.3172393823921643,1.215779224896,1.1937026653954,1,0
1048,-0.3170112496182016,1.154906842236,1.1937026653954,0,0
1049,-0.3317758215274528,1.21301105961,1.1937026653954,1,0
1050,-0.33249612007973295,1.146330448612,1.1937026653954,0,0
1051,-0.3264582862835772,1.20957353995,1.1937026653954,1,0
1052,-0.0027257794737164387,1.156641130214,1.1937026653954,0,0
1053,-0.3372899478093232,1.212945772647,1.1937026653954,1,0
1054,-0.3350205485807538,1.163061592299,1.1937026653954,0,0
1055,-0.33300147603854613,1.19852591121,1.1937026653954,1,0
1056,-0.13803437865704926,1.142406998063,1.1937026653954,0,0
1057,-0.33470088742387405,1.18687312385,1.1937026653954,0,0
1058,-0.34200440506149665,1.157030945852,1.1937026653954,0,0
1059,0.376599839859739,1.203491196065,1.1937026653954,1,0
1060,-0.3338712824193131,1.198925287299,1.1937026653954,1,0
1061,-0.3365916137749987,1.179131684109,1.1937026653954,0,0
1062,-0.30823507700255326,1.180546516065,1.1937026653954,0,0
1063,0.5679384332841244,1.232024193956,1.1937026653954,1,0
1064,0.1591765748817442,1.257841740497,1.1937026653954,1,0
1065,-0.2579223378230031,1.23079496654,1.1937026653954,1,0
1066,-0.2653038495713822,1.250908732327,1.1937026653954,1,0
1067,-0.25908691606354084,1.230604765593,1.1937026653954,1,0
1068,-0.26579687557886256,1.252123359872,1.1937026653954,1,0
1069,0.3633907343225815,1.329510259633,1.1937026653954,1,0
1070,-0.24827859542241093,1.246935769293,1.1937026653954,1,0
1071,-0.3328198529879831,1.341421309302,1.1937026653954,1,0
1072,-0.32484937100617106,1.225252371837,1.1937026653954,1,0
1073,-0.292609587747217,1.342798714584,1.1937026653954,1,0
1074,-0.3247435054705413,1.265577179519,1.1937026653954,1,0
1075,-0.18081420575557539,1.295813398151,1.1937026653954,1,0
1076,-0.3340733789239497,1.215791712932,1.1937026653954,1,0
1077,-0.2880421723332638,1.233201998523,1.1937026653954,1,0
1078,-0.33343663729767836,1.211275661996,1.1937026653954,1,0
1079,0.22917491291900194,1.187061027921,1.1937026653954,0,0
1080,-0.3385808650395642,1.1370749508,1.1937026653954,0,0
1081,-0.3296574211912522,1.110867937089,1.1937026653954,0,0
1082,-0.3291634776059983,1.112659217404,1.1937026653954,0,0
1083,-0.33657635904451255,1.125994245894,1.1937026653954,0,0
1084,-0.3321700932270488,1.110429811384,1.1937026653954,0,0
1085,-0.32817690945354006,1.139104412669,1.1937026653954,0,0
1086,-0.329345215353783,1.091051643906,1.1937026653954,0,0
1087,-0.3220852826604067,1.131795222978,1.1937026653954,0,0
1088,-0.3121954000220448,1.10027982132,1.1937026653954,0,0
1089,-0.3212415125489657,1.131459623611,1.1937026653954,0,0
1090,0.23457256417223538,1.109276647806,1.1937026653954,0,0
1091,-0.32092030297959295,1.124092224537,1.1937026653954,0,0
1092,-0.3183919174244234,1.12177580764,1.1937026653954,0,0
1093,-0.3222929419802957,1.133550694084,1.1937026653954,0,0
1094,-0.3240944912415481,1.115729986959,1.1937026653954,0,0
1095,-0.3139037004420546,1.173157011544,1.1937026653954,0,0
1096,-0.31688164175767985,1.114932020068,1.1937026653954,0,0
1097,-0.33059644734531557,1.161592872348,1.1937026653954,0,0
1098,-0.3262634157039077,1.111029542532,1.1937026653954,0,0
1099,-0.3354296162219492,1.145758601032,1.1937026653954,0,0
1100,0.24368399676691466,1.10149769726,1.1937026653954,0,0
1101,-0.33118060029543717,1.127903858447,1.1937026653954,0,0
1102,-0.3257168260938932,1.109427489854,1.1937026653954,0,0
1103,-0.3278263373954119,1.112500983775,1.1937026653954,0,0
1104,-0.12919844878889486,1.083677372321,1.1937026653954,0,0
1105,-0.31942247196140394,1.109846968941,1.1937026653954,0,0
1106,-0.321418777105104,1.08672120821,1.1937026653954,0,0
1107,-0.321383565058042,1.078344388264,1.1937026653954,0,0
1108,-0.32530580859992886,1.079327101313,1.1937026653954,0,0
1109,0.4677782815534637,1.142153629266,1.1937026653954,0,0
1110,-0.32451474186185936,1.19303781827,1.1937026653954,0,0
1111,0.5373938749619063,1.27215740209,1.1937026653954,1,0
1112,0.15207566988625598,1.248618335984,1.1937026653954,1,0
1113,0.2873539316544489,1.331262459992,1.1937026653954,1,0
1114,-0.1267865382623623,1.248833382863,1.1937026653954,1,0
1115,-0.13224377472226934,1.340170175984,1.1937026653954,1,0
1116,-0.3067309949857816,1.271727070365,1.1937026653954,1,0
1117,-0.3081731978514458,1.358297290466,1.1937026653954,1,0
1118,-0.3055874636854259,1.260586730927,1.1937026653954,1,0
1119,0.22298665371658566,1.3631015775,1.2965284422411998,1,0
1120,-0.21090003253960177,1.258040958508,1.2965284422411998,0,0
1121,-0.3258654163446064,1.332756133929,1.2965284422411998,1,0
1122,-0.3272685648062815,1.251797940012,1.2965284422411998,0,0
1123,-0.3333832457409768,1.342970173417,1.1937026653954,1,0
1124,-0.32897244938325587,1.261717055554,1.1937026653954,1,0
1125,-0.33596611247645414,1.33565301275,1.1937026653954,1,0
1126,-0.3300400511228456,1.243882897426,1.1937026653954,1,0
1127,-0.33706170033813887,1.263265869709,1.1937026653954,1,0
1128,-0.33697951977879037,1.13871446246,1.1937026653954,0,0
1129,0.2233094116984513,1.242543417457,1.1937026653954,1,0
1130,-0.3305537226302321,1.147740778831,1.1937026653954,0,0
1131,-0.3341974813178298,1.254630832711,1.1937026653954,1,0
1132,-0.3297448204741882,1.150651763873,1.1937026653954,0,0
1133,-0.3384827989150102,1.240305479256,1.1937026653954,1,0
1134,-0.33439797206136257,1.13085065434,1.1937026653954,0,0
1135,-0.32645989204468095,1.251995260387,1.1937026653954,1,0
1136,-0.3330808465159629,1.12981826798,1.1937026653954,0,0
1137,-0.32931808946085084,1.248435473618,1.1937026653954,1,0
1138,-0.3222346184430609,1.133107390263,1.1937026653954,0,0
1139,0.21575969647444815,1.234808840179,1.1937026653954,1,0
1140,-0.3334463865615229,1.152524395855,1.1937026653954,0,0
1141,-0.32894297219727875,1.252539248376,1.1937026653954,1,0
1142,-0.32938243460222494,1.157879595648,1.1937026653954,0,0
1143,-0.3126208120173326,1.214938765059,1.1937026653954,1,0
1144,-0.330637279556241,1.116819123521,1.1937026653954,0,0
1145,-0.32613415193505113,1.209747383919,1.1937026653954,1,0
1146,-0.3283890993136862,1.108252128203,1.1937026653954,0,0
1147,-0.32894819092086613,1.211168403477,1.1937026653954,1,0
1148,-0.33135270347659895,1.115856741262,1.1937026653954,0,0
1149,0.2232162775544304,1.24396787895,1.1937026653954,1,0
1150,-0.3318566830687517,1.124783524656,1.1937026653954,0,0
1151,-0.3342817837757798,1.220762169411,1.1937026653954,1,0
1152,-0.33174187114982934,1.11607549459,1.1937026653954,0,0
1153,-0.33627980937780544,1.251538605174,1.1937026653954,1,0
1154,-0.1514134081281563,1.117903357422,1.1937026653954,0,0
1155,-0.33609916125362693,1.223558411225,1.1937026653954,1,0
1156,-0.3362662751056448,1.123588242786,1.1937026653954,0,0
1157,-0.3331327470087825,1.228531755793,1.1937026653954,1,0
1158,-0.3368909735236374,1.121798105564,1.1937026653954,0,0
1159,-0.33272706293562726,1.191501996522,1.1937026653954,0,0
1160,0.11818780224868486,1.114659960157,1.1937026653954,0,0
1161,-0.3324502411910527,1.1518537834,1.1937026653954,0,0
1162,-0.3415132142095635,1.09690768694,1.1937026653954,0,0
1163,-0.33522711827703666,1.150954541326,1.1937026653954,0,0
1164,-0.3364262203813063,1.071688879217,1.1937026653954,0,0
1165,-0.05900139781504088,1.168303587543,1.1937026653954,0,0
1166,-0.33490263983684554,1.076919084746,1.1937026653954,0,0
1167,-0.33304162006614135,1.166868473104,1.1937026653954,0,0
1168,-0.3343358061672008,1.072531929284,1.1937026653954,0,0
1169,-0.33606429329822984,1.166957107366,1.1937026653954,0,0
1170,0.23139361597557961,1.059275144533,1.1937026653954,0,0
1171,-0.32993240778027955,1.142230030758,1.1937026653954,0,0
1172,-0.33571744889980704,1.047077576821,1.1937026653954,0,0
1173,-0.3242456621797496,1.090831607792,1.1937026653954,0,0
1174,-0.3311124127971361,1.036977377385,1.1937026653954,0,0
1175,-0.328314087330694,1.017749357914,1.1937026653954,0,0
1176,-0.3372939048634719,0.996741849039,1.1937026653954,0,0
1177,-0.33283722961707074,0.991722571063,1.1937026653954,0,0
1178,-0.32874477539818003,0.984766953735,1.1937026653954,0,0
1179,-0.3366517151191698,0.989625543072,1.1937026653954,0,0
1180,-0.01516136694772463,0.985783750313,1.1937026653954,0,0
1181,-0.33012320660857863,0.987201193851,1.1937026653954,0,0
1182,-0.3323889928746645,0.984664549069,1.1937026653954,0,0
1183,-0.3323075578472571,0.981280913467,1.1937026653954,0,0
1184,-0.32900617036643587,0.981837054419,1.1937026653954,0,0
1185,-0.33619843169900876,0.983228751726,1.1937026653954,0,0
1186,-0.3197964996013698,0.987569337389,1.1937026653954,0,0
1187,-0.3135272068118221,0.987017343258,1.1937026653954,0,0
1188,-0.31101854917878513,0.980100801215,1.1937026653954,0,0
1189,-0.314376769132959,0.985355604322,1.1937026653954,0,0
1190,0.24771789805412725,0.986812563043,1.1937026653954,0,0
1191,-0.31979741717914345,0.988924497929,1.1937026653954,0,0
1192,-0.3293005981345415,0.984075416189,1.1937026653954,0,0
1193,-0.3263821273283679,0.983715354533,1.1937026653954,0,0
1194,-0.31925891372325876,0.981301266635,1.1937026653954,0,0
1195,-0.3236789432073266,0.983768248051,1.1937026653954,0,0
1196,-0.3315827287547196,0.986522924694,1.1937026653954,0,0
1197,-0.33100276225319025,0.985269251277,1.1937026653954,0,0
1198,-0.33584636857699857,0.98182818074,1.1937026653954,0,0
1199,-0.12948788722785654,0.985433248828,1.1937026653954,0,0
1200,-0.33248786187977053,0.985175717692,1.1937026653954,0,0
1201,0.21595663160410838,0.988079535923,1.1937026653954,0,0
1202,-0.3229391461273573,0.986711550109,1.1937026653954,0,0
1203,-0.3270527046350409,0.977347808686,1.1937026653954,0,0
1204,-0.3258807284237035,0.982749409089,1.1937026653954,0,0
1205,-0.326262154034469,0.980079974934,1.1937026653954,0,0
1206,-0.32405365903062266,0.984920756681,1.1937026653954,0,0
1207,-0.32579877725879836,0.985735334555,1.1937026653954,0,0
1208,-0.3232282404746538,0.988266884423,1.1937026653954,0,0
1209,-0.3183704690439654,0.986490971442,1.1937026653954,0,0
1210,-0.3328587926947505,0.984920387529,1.1937026653954,0,0
1211,0.23128316255108183,0.990919682433,1.1937026653954,0,0
1212,-0.3258483264585731,0.999229269868,1.1937026653954,0,0
1213,-0.3313255202350559,0.982959561902,1.1937026653954,0,0
1214,-0.3246035748600665,0.979398874201,1.1937026653954,0,0
1215,-0.32351676133584184,0.982709192404,1.1937026653954,0,0
1216,-0.31853683736404226,0.980372962634,1.1937026653954,0,0
1217,-0.3188291432335464,0.983229232641,1.1937026653954,0,0
1218,-0.31634342504484947,0.983354456337,1.1937026653954,0,0
1219,-0.3206690587154577,0.986447035961,1.1937026653954,0,0
1220,-0.32806674277209646,0.983441190821,1.1937026653954,0,0
1221,0.23308849682065036,0.987593905689,1.1937026653954,0,0
1222,-0.3321441716549445,0.985251846023,1.1937026653954,0,0
1223,-0.3288250634533705,0.9910569339,1.1937026653954,0,0
1224,-0.32945824946576907,0.977083136132,1.1937026653954,0,0
1225,-0.33405313486431953,0.983541297725,1.1937026653954,0,0
1226,-0.33302212153845223,0.982756475296,1.1937026653954,0,0
1227,-0.33223145624065864,0.994098247163,1.1937026653954,0,0
1228,-0.3348526891967949,0.988668338669,1.1937026653954,0,0
1229,-0.33156288613536544,0.988568803052,1.1937026653954,0,0
1230,-0.31798405410405584,0.987546719334,1.1937026653954,0,0
1231,0.23824218708332645,0.995003285009,1.1937026653954,0,0
1232,-0.3289700407416001,0.994030376166,1.1937026653954,0,0
1233,-0.320272321025595,0.990840497915,1.1937026653954,0,0
1234,-0.3205486266326719,0.983983536409,1.1937026653954,0,0
1235,-0.31457674373899414,0.986229155474,1.1937026653954,0,0
1236,-0.31225842614536936,0.983992421113,1.1937026653954,0,0
1237,-0.31355582376863644,0.988963074614,1.1937026653954,0,0
1238,-0.3098083214440105,0.983398928966,1.1937026653954,0,0
1239,-0.3125956933257802,0.988023314479,1.1937026653954,0,0
1240,-0.3179277951168117,0.983087513511,1.1937026653954,0,0
1241,-0.04442728064242374,0.987773770508,1.1937026653954,0,0
1242,-0.3208694921103795,0.985019848554,1.1937026653954,0,0
1243,-0.32535610333164466,0.991319573649,1.1937026653954,0,0
1244,-0.32642771947399396,0.985336252739,1.1937026653954,0,0
1245,-0.33894984600177525,0.989699265865,1.1937026653954,0,0
1246,-0.33406127836706023,0.982167235107,1.1937026653954,0,0
1247,-0.3221136702227776,0.988466564447,1.1937026653954,0,0
1248,-0.32857422062951114,0.987003709355,1.1937026653954,0,0
1249,-0.3333141980135129,0.987025928893,1.1937026653954,0,0
1250,-0.33782472360550253,0.983891183417,1.1937026653954,0,0
1251,-0.3344461448944769,0.980172545928,1.1937026653954,0,0
1252,-0.019438770436607578,0.982173031507,1.1937026653954,0,0
1253,-0.33613970672149807,0.984414836668,1.1937026653954,0,0
1254,0.2563790293564099,0.985424624867,1.1937026653954,0,0
1255,-0.331153417053894,0.98943506478,1.1937026653954,0,0
1256,-0.3351874330383283,0.986678972941,1.1937026653954,0,0
1257,0.6080505750517256,1.054505816661,1.1937026653954,0,0
1258,0.16925570793591227,1.080446982615,1.1937026653954,0,0
1259,-0.2409071196809307,1.069472530089,1.1937026653954,0,0
1260,1.0,1.258619794403,1.1937026653954,1,0
1261,0.2453401099510506,1.209861219448,1.1937026653954,1,0
1262,0.17452375132862397,1.290725588355,1.1937026653954,1,0
1263,0.36954619011959133,1.221491547627,1.1937026653954,1,0
1264,-0.28517365216714097,1.306617057486,1.1937026653954,1,0
1265,0.0014839526543632964,1.228140213968,1.1937026653954,1,0
1266,-0.21678262364618572,1.300570780239,1.1937026653954,1,0
1267,-0.2134710281126332,1.221907804614,1.1937026653954,1,0
1268,-0.20807068147468977,1.281586416059,1.1937026653954,1,0
1269,-0.3347644870333071,1.228612913631,1.1937026653954,1,0
1270,-0.3209914726056582,1.224456049632,1.1937026653954,1,0
1271,-0.32158732467239315,1.236461580262,1.1937026653954,1,0
1272,-0.3143969558439783,1.275995003762,1.1937026653954,1,0
1273,-0.3207638559691932,1.239734219881,1.1937026653954,1,0
1274,0.0013130537940291287,1.249189253278,1.1937026653954,1,0
1275,-0.31063287977081666,1.241616030333,1.1937026653954,1,0
1276,-0.3026903839110996,1.239837926025,1.1937026653954,1,0
1277,-0.25779502390691544,1.224158890994,1.2965284422411998,0,0
1278,-0.20825391028635654,1.243136353378,1.2965284422411998,0,0
1279,-0.20406390608040936,1.243809906688,1.2965284422411998,0,0
1280,-0.301275134892535,1.248611232587,1.2965284422411998,0,0
1281,-0.308606868046696,1.241004601667,1.2965284422411998,0,0
1282,-0.31743333539406005,1.231300865017,1.2965284422411998,0,0
1283,-0.31335911803341976,1.231075216801,1.2854671116552252,0,0
1284,0.30557599396325585,1.254343605318,1.2854671116552252,0,0
1285,-0.2603662488743902,1.272818864515,1.2854671116552252,0,0
1286,-0.206926806082669,1.268155593437,1.2854671116552252,0,0
1287,0.027949648378462255,1.271453411262,1.2854671116552252,0,0
1288,-0.30897659454084814,1.290708962927,1.367001053022495,0,0
1289,0.2531756506515319,1.288645996549,1.367001053022495,0,0
1290,0.017636074203138064,1.329968164072,1.367001053022495,0,0
1291,-0.03395106580672813,1.294877938175,1.367001053022495,0,0
1292,-0.17904052791919622,1.337022388788,1.367001053022495,0,0
1293,-0.19870261384645505,1.311505306308,1.367001053022495,0,0
1294,-0.09193223183474153,1.307427575635,1.367001053022495,0,0
1295,-0.3026447344168627,1.301842558737,1.367001053022495,0,0
1296,-0.2380852239354292,1.266280020937,1.367001053022495,0,0
1297,0.272328366217218,1.322445454848,1.367001053022495,0,0
1298,-0.3059392400643819,1.32340612393,1.367001053022495,0,0
1299,-0.17545010343968936,1.327985087889,1.367001053022495,0,0
1300,-0.26434371912852594,1.298405165071,1.367001053022495,0,0
1301,-0.21099276524334676,1.335664464226,1.367001053022495,0,0
1302,-0.20466337110962796,1.313635426998,1.367001053022495,0,0
1303,-0.16586227593467628,1.336304676652,1.367001053022495,0,0
1304,-0.3112310257819856,1.324003226784,1.367001053022495,0,0
1305,-0.3117331128699803,1.342748735481,1.367001053022495,0,0
1306,-0.3198553966247131,1.27692172154,1.367001053022495,0,0
1307,0.24042957779838003,1.369051532987,1.367001053022495,1,0
1308,-0.26584562189808536,1.363142116914,1.367001053022495,0,0
1309,-0.26324709899184584,1.376706168519,1.367001053022495,1,0
1310,-0.20950267628762254,1.348128133613,1.367001053022495,0,0
1311,-0.2063166742118322,1.405727197707,1.367001053022495,1,0
1312,-0.307833235286325,1.365341855382,1.367001053022495,0,0
1313,-0.2999309981514249,1.393241600805,1.367001053022495,1,0
1314,-0.3092115517995019,1.351869392155,1.367001053022495,0,0
1315,-0.3053648937267157,1.379753194536,1.367001053022495,1,0
1316,-0.3117463030504758,1.326226616507,1.367001053022495,0,0
1317,0.24999475260210713,1.400497424504,1.367001053022495,1,0
1318,-0.30462096754676526,1.32791471361,1.367001053022495,0,0
1319,-0.30096442011894786,1.404205894085,1.367001053022495,1,0
1320,-0.31418235734217637,1.303534363717,1.367001053022495,0,0
1321,-0.31667891441832396,1.290228300137,1.367001053022495,0,0
1322,-0.3057946642164282,1.254086170361,1.367001053022495,0,0
1323,-0.30982483784393544,1.280179248134,1.367001053022495,0,0
1324,-0.3057607711874156,1.090923125154,1.367001053022495,0,0
1325,-0.31357744419492706,1.129375418736,1.367001053022495,0,0
1326,-0.2556254112612256,1.071119433335,1.367001053022495,0,0
1327,-0.20752627111188748,1.052104374425,1.367001053022495,0,0
1328,0.25477051551927965,1.020937840382,1.367001053022495,0,0
1329,-0.30637394253462735,1.039597271046,1.367001053022495,0,0
1330,-0.3100728705858631,1.022310711906,1.367001053022495,0,0
1331,-0.31334506762376146,1.041936346253,1.367001053022495,0,0
1332,-0.12942566398508382,1.019112725676,1.367001053022495,0,0
1333,-0.16833486129148845,1.050602984756,1.367001053022495,0,0
1334,-0.1981005681297483,1.028838747058,1.367001053022495,0,0
1335,-0.31854234283068383,1.050574277613,1.367001053022495,0,0
1336,-0.3067846732855375,1.021342108079,1.367001053022495,0,0
1337,-0.31853133189740057,1.054986322534,1.367001053022495,0,0
1338,0.12481856333242214,1.025902514772,1.367001053022495,0,0
1339,-0.31133700601483705,1.046623654839,1.367001053022495,0,0
1340,-0.32075508163173316,1.017271470949,1.367001053022495,0,0
1341,-0.26548231844834846,1.040527112812,1.367001053022495,0,0
1342,-0.26403059571328313,1.015503059674,1.367001053022495,0,0
1343,-0.2690879403097307,1.037230029425,1.367001053022495,0,0
1344,-0.029654966670707883,1.029651136578,1.367001053022495,0,0
1345,-0.3270492063697791,1.036115204816,1.367001053022495,0,0
1346,-0.3212458710433903,1.033117908468,1.367001053022495,0,0
1347,-0.3120132034853733,1.031757490451,1.367001053022495,0,0
1348,-2.408641655682331e-06,1.00319909995,1.367001053022495,0,0
1349,-0.3264296693267629,0.997431703472,1.367001053022495,0,0
1350,-0.31962290535632587,1.004833577521,1.367001053022495,0,0
1351,-0.32652538415827204,0.995858450915,1.367001053022495,0,0
1352,-0.3276174164060841,0.997330286864,1.367001053022495,0,0
1353,-0.3274746757136776,0.987586131346,1.367001053022495,0,0
1354,-0.3271035155042543,0.989042544816,1.367001053022495,0,0
1355,-0.3266516084507537,0.987151375357,1.367001053022495,0,0
1356,-0.3193931668212594,0.987868518343,1.367001053022495,0,0
1357,-0.33069353854348527,0.984300207792,1.367001053022495,0,0
1358,0.03498001458260469,0.98980739207,1.367001053022495,0,0
1359,0.47105919558021125,1.006512015974,1.367001053022495,0,0
1360,-0.3345427773037597,1.005082206795,1.367001053022495,0,0
1361,-0.32915653842408543,1.002042934597,1.367001053022495,0,0
1362,-0.3337605422517611,1.00067453684,1.367001053022495,0,0
1363,-0.3263754175408985,0.995498827922,1.367001053022495,0,0
1364,-0.33218397159087454,1.002115746546,1.367001053022495,0,0
1365,-0.32810132398443925,1.006076929586,1.367001053022495,0,0
1366,-0.3281547728897518,1.003948127553,1.367001053022495,0,0
1367,-0.31361707208502465,1.007405157282,1.367001053022495,0,0
1368,0.24862389140834074,1.01860908891,1.367001053022495,0,0
1369,-0.3181232965312004,1.005528948662,1.367001053022495,0,0
1370,-0.3162167993120919,1.006147498319,1.367001053022495,0,0
1371,-0.3189159690303738,1.024821746058,1.367001053022495,0,0
1372,-0.3200319729975213,1.015544348003,1.367001053022495,0,0
1373,-0.323761926647227,1.020102642369,1.367001053022495,0,0
1374,-0.32891739471683956,1.020543975278,1.367001053022495,0,0
1375,-0.3232008278386673,1.023481643224,1.2854671116552252,0,0
1376,-0.31645835166099356,1.021693573263,1.2854671116552252,0,0
1377,-0.3256700296274393,1.013558366059,1.2854671116552252,0,0
1378,-0.32625676326504915,1.01119562734,1.2854671116552252,0,0
1379,0.0037048349581532136,1.004730382662,1.2854671116552252,0,0
1380,-0.32211200711306287,1.010056269017,1.2854671116552252,0,0
1381,-0.32399424586978176,0.978206684656,1.2965284422411998,0,0
1382,-0.32647153381268357,1.004649145411,1.2965284422411998,0,0
1383,0.385633278343662,1.031640387767,1.2965284422411998,0,0
1384,-0.3191598153237094,1.057573976812,1.2965284422411998,0,0
1385,0.4472753502939173,1.113104607586,1.2965284422411998,0,0
1386,0.1955173573026059,1.107272986317,1.2965284422411998,0,0
1387,-0.22642137671763396,1.154923157192,1.2965284422411998,0,0
1388,0.21708915197118062,1.120202026697,1.2965284422411998,0,0
1389,0.21504169186660205,1.165370474603,1.2965284422411998,0,0
1390,0.031576489225859206,1.128733806357,1.2965284422411998,0,0
1391,-0.06338059508818328,1.167504397968,1.2965284422411998,0,0
1392,-0.02880861587177863,1.156490175804,1.2965284422411998,0,0
1393,0.4563207172888972,1.176502766093,1.2965284422411998,0,0
1394,-0.2195187258698551,1.189507635017,1.2965284422411998,0,0
1395,-0.3053394882921091,1.203876862271,1.2965284422411998,0,0
1396,-0.31717962513965825,1.190459483733,1.2965284422411998,0,0
1397,-0.3032839420334005,1.212997722508,1.2965284422411998,0,0
1398,-0.31372649323452706,1.192732578054,1.2965284422411998,0,0
1399,-0.31665207526844596,1.205773302798,1.2965284422411998,0,0
1400,-0.3127075231169383,1.165404905708,1.2965284422411998,0,0
1401,-0.32393775748809417,1.196364396335,1.2965284422411998,0,0
1402,-0.33116654988577876,1.160604553377,1.2965284422411998,0,0
1403,-0.3261659804140731,1.208642133511,1.2965284422411998,0,0
1404,0.23926803903421723,1.215239273949,1.2965284422411998,0,0
1405,-0.3240266478349122,1.228250288497,1.2965284422411998,0,0
1406,-0.31661279147001353,1.214088344404,1.2965284422411998,0,0
1407,-0.3324524777868758,1.237262825642,1.2965284422411998,0,0
1408,-0.32772976233473994,1.215617576273,1.2965284422411998,0,0
1409,-0.28661310229948433,1.232105767062,1.2965284422411998,0,0
1410,-0.31871570768128443,1.169127745852,1.2965284422411998,0,0
1411,-0.323381820054511,1.22970556086,1.2965284422411998,0,0
1412,-0.317146362945365,1.178018841985,1.2965284422411998,0,0
1413,-0.31847490086432384,1.231145470864,1.2965284422411998,0,0
1414,0.2570689331449394,1.191661520021,1.2965284422411998,0,0
1415,-0.3190145512924255,1.244082200301,1.2965284422411998,0,0
1416,-0.31743006652324157,1.203504621447,1.2965284422411998,0,0
1417,-0.32085372124239575,1.250178448102,1.2965284422411998,0,0
1418,-0.3243476280098415,1.198516733512,1.2965284422411998,0,0
1419,-0.319415934219767,1.207401863506,1.2965284422411998,0,0
1420,-0.3268714830247539,1.190688999663,1.2965284422411998,0,0
1421,-0.31832063310113645,1.232873003333,1.2965284422411998,0,0
1422,-0.31572744361570604,1.194332055269,1.2965284422411998,0,0
1423,-0.32083703279663833,1.139746471192,1.2965284422411998,0,0
1424,0.24711046156800043,1.116344784114,1.2965284422411998,0,0
1425,-0.3237295246820966,1.1494575285,1.2965284422411998,0,0
1426,-0.32198727388446347,1.123807041393,1.2965284422411998,0,0
1427,-0.323321661361729,1.147906511397,1.2965284422411998,0,0
1428,-0.11887982793581586,1.124901383121,1.2965284422411998,0,0
1429,-0.33001447364240644,1.148540738564,1.2965284422411998,0,0
1430,-0.32906392041756216,1.147232977542,1.2965284422411998,0,0
1431,-0.3368583995126745,1.139525056864,1.2965284422411998,0,0
1432,-0.32904316022043434,1.109361991201,1.2965284422411998,0,0
1433,-0.3329180338097588,1.106234638651,1.2965284422411998,0,0
1434,0.17352187109706851,1.121295799343,1.2965284422411998,0,0
1435,-0.3307196321614221,1.113294560023,1.2965284422411998,0,0
1436,-0.2745001007615093,1.124610684827,1.2965284422411998,0,0
1437,-0.3306580971019797,1.093258366345,1.2965284422411998,0,0
1438,-0.3287702381813976,1.07564107889,1.2965284422411998,0,0
1439,-0.3299258700386426,1.103517475044,1.2965284422411998,0,0
1440,-0.33710947173097716,1.097850632186,1.2965284422411998,0,0
1441,-0.33332916600094487,1.109152980222,1.2965284422411998,0,0
1442,-0.3161992506371718,1.087322762004,1.2965284422411998,0,0
1443,-0.3368846651764439,1.100811171737,1.2965284422411998,0,0
1444,-0.3341305554889674,1.089902603,1.2965284422411998,0,0
1445,0.23798343015116985,1.106426100106,1.2965284422411998,0,0
1446,-0.33006321996162924,1.095536720952,1.2965284422411998,0,0
1447,-0.3360858563759096,1.099223542209,1.2965284422411998,0,0
1448,-0.33311256029776315,1.086461451839,1.2965284422411998,0,0
1449,-0.33623582299328325,1.055876072956,1.2965284422411998,0,0
1450,-0.33536131402642644,1.046804959711,1.1937026653954,0,0
1451,-0.33649188454073,1.042528851318,1.1937026653954,0,0
1452,-0.3353059152683451,1.027543780361,1.1937026653954,0,0
1453,-0.33892105699912844,1.013755107171,1.1937026653954,0,0
1454,-0.33471619950297105,1.012255152359,1.1937026653954,0,0
1455,0.23167932675483582,1.010786032187,1.1937026653954,0,0
1456,-0.33908203454978536,1.014484538758,1.1937026653954,0,0
1457,-0.33206353950808887,0.986991527649,1.1937026653954,0,0
1458,-0.3357589119454518,0.990509600776,1.1937026653954,0,0
1459,-0.33158060685611823,0.982501696676,1.1937026653954,0,0
1460,-0.33454593147735645,0.987376317014,1.1937026653954,0,0
1461,-0.3290318625440968,0.983136080332,1.1937026653954,0,0
1462,-0.3278112547107582,0.990759147409,1.1937026653954,0,0
1463,-0.3327646262757342,0.988486519363,1.1937026653954,0,0
1464,-0.3317784595635519,0.991193172476,1.1937026653954,0,0
1465,0.23919566508732415,0.989742295771,1.1937026653954,0,0
1466,-0.3313162297600981,0.999242801183,1.1937026653954,0,0
1467,-0.3364212310521624,0.988861174719,1.1937026653954,0,0
1468,-0.33091708342857984,0.98878662402,1.1937026653954,0,0
1469,-0.3250296750386845,0.984155949152,1.1937026653954,0,0
1470,-0.3342983575243156,0.986104522704,1.1937026653954,0,0
1471,-0.3296438869190915,0.989286820775,1.1937026653954,0,0
1472,-0.31882329367523965,0.990668044306,1.1937026653954,0,0
1473,-0.12233496704232683,0.990809883963,1.1937026653954,0,0
1474,-0.3344890990040037,0.994756637514,1.1937026653954,0,0
1475,0.24183370118643954,0.993496288811,1.1937026653954,0,0
1476,-0.2517983664133502,0.997352363103,1.1937026653954,0,0
1477,-0.32750317797327033,0.992143585791,1.1937026653954,0,0
1478,-0.3345844697438478,0.98808153377,1.1937026653954,0,0
1479,-0.036453529789793215,0.990035679719,1.1937026653954,0,0
1480,-0.32345815105555276,0.993370525998,1.1937026653954,0,0
1481,-0.33338072240209937,0.991710140056,1.1937026653954,0,0
1482,-0.3307697548473053,0.999899019614,1.1937026653954,0,0
1483,-0.32263789387456043,0.992671564841,1.1937026653954,0,0
1484,-0.31680576954552486,0.998116974818,1.1937026653954,0,0
1485,0.2519483903793347,1.000245835851,1.1937026653954,0,0
1486,-0.31135317832309684,1.009377101417,1.1937026653954,0,0
1487,-0.31528419620244386,1.004002114527,1.1937026653954,0,0
1488,-0.32522167818781145,1.004321915749,1.1937026653954,0,0
1489,-0.3201448924122856,0.995727952395,1.1937026653954,0,0
1490,-0.3253639027427203,0.997884740869,1.1937026653954,0,0
1491,0.34886100497476247,1.040341020808,1.1937026653954,0,0
1492,-0.3177514481384469,1.031924676727,1.1937026653954,0,0
1493,-0.32397405915876243,1.037522477382,1.1937026653954,0,0
1494,0.38458506043453955,1.075521637659,1.1937026653954,0,0
1495,0.29264376751928367,1.075509341439,1.1937026653954,0,0
1496,0.31565363595354157,1.108453986334,1.1937026653954,0,0
1497,0.3257849562435833,1.141497155363,1.1937026653954,0,0
1498,-0.010097025820753225,1.145685766515,1.1937026653954,0,0
1499,-0.2438173896357526,1.13662656316,1.1937026653954,0,0
1500,-0.252338360933117,1.149640425577,1.1937026653954,0,0
1501,0.29855033034520306,1.157626895513,1.1937026653954,0,0
1502,-0.31875189465473097,1.171458445983,1.1937026653954,0,0
1503,-0.32038243035842773,1.172977782394,1.1937026653954,0,0
1504,-0.3244615796996011,1.1487184282,1.1937026653954,0,0
1505,-0.32306003699902974,1.187132816509,1.1937026653954,0,0
1506,-0.3202691095033874,1.187426616915,1.1937026653954,0,0
1507,-0.31839719349662166,1.179679502079,1.1937026653954,0,0
1508,-0.3167004774960037,1.16218707972,1.1937026653954,0,0
1509,-0.3127069496308298,1.156305555588,1.1937026653954,0,0
1510,-0.31522971502213604,1.173769056524,1.1937026653954,0,0
1511,0.24408188142899423,1.169591293768,1.1937026653954,0,0
1512,-0.32093618854479855,1.180694892555,1.1937026653954,0,0
1513,-0.32207885961599136,1.183049093195,1.1937026653954,0,0
1514,-0.3202887227282982,1.176500320613,1.1937026653954,0,0
1515,-0.31711614022744694,1.157799848098,1.1937026653954,0,0
1516,-0.3174637301578108,1.190670461627,1.1937026653954,0,0
1517,-0.3154076104129937,1.179730220018,1.1937026653954,0,0
1518,-0.3096273865767777,1.179538418347,1.1937026653954,0,0
1519,-0.32052918545359366,1.153988046621,1.1937026653954,0,0
1520,-0.3204353057776317,1.171117184335,1.1937026653954,0,0
1521,0.24331214837416115,1.165478180439,1.1937026653954,0,0
1522,-0.3149620117066866,1.187833639611,1.2965284422411998,0,0
1523,-0.3180337180010523,1.190632635766,1.2965284422411998,0,0
1524,-0.32819405668818424,1.180461924933,1.2965284422411998,0,0
1525,-0.3368636182362619,1.18585025316,1.2965284422411998,0,0
1526,-0.33321584514590463,1.184648484657,1.2965284422411998,0,0
1527,-0.3278399863647943,1.176142873147,1.2965284422411998,0,0
1528,-0.29731888362441383,1.178163131898,1.2965284422411998,0,0
1529,-0.32477688236205626,1.177021432359,1.2965284422411998,0,0
1530,-0.3281036752774841,1.16565107654,1.2965284422411998,0,0
1531,0.235198811002721,1.215523346067,1.2965284422411998,0,0
1532,-0.33122808494522116,1.199790052496,1.2965284422411998,0,0
1533,-0.3301864621263466,1.208076987785,1.2965284422411998,0,0
1534,-0.328015989251494,1.199717470564,1.2965284422411998,0,0
1535,-0.12368529743340884,1.223558711442,1.2965284422411998,0,0
1536,-0.33672707119382717,1.198999605517,1.2965284422411998,0,0
1537,-0.3320199545638426,1.203915895688,1.2965284422411998,0,0
1538,-0.3211981569991629,1.197177014675,1.2965284422411998,0,0
1539,-0.32946725319767256,1.198177376224,1.2965284422411998,0,0
1540,-0.32886497808652226,1.179367495503,1.1937026653954,0,0
1541,0.23184299969020272,1.207094191742,1.2965284422411998,0,0
1542,-0.33180701917175537,1.199239050589,1.2965284422411998,0,0
1543,-0.3327942755075438,1.202815739292,1.1937026653954,1,0
1544,-0.3330519428160944,1.174113295329,1.1937026653954,0,0
1545,-0.27087079392384583,1.190237528967,1.2965284422411998,0,0
1546,0.5530537160351419,1.26631440582,1.2965284422411998,0,0
1547,0.18010927663100307,1.30131234403,1.2965284422411998,1,0
1548,-0.15443034649915977,1.315660348522,1.2965284422411998,1,0
1549,-0.26343038515212347,1.270637596152,1.2965284422411998,0,0
1550,-0.25924554232115293,1.267607221984,1.2965284422411998,0,0
1551,-0.253162575168258,1.281800094295,1.2965284422411998,0,0
1552,0.5874551978314884,1.281138057872,1.2965284422411998,0,0
1553,-0.3209677302807662,1.315093966206,1.2965284422411998,1,0
1554,-0.3342836762799378,1.289717627192,1.2965284422411998,0,0
1555,-0.3282060998964629,1.287598803963,1.2965284422411998,0,0
1556,-0.34088180600410134,1.254379351474,1.2965284422411998,0,0
1557,-0.330261760852393,1.293144891798,1.2965284422411998,0,0
1558,-0.3330384658925445,1.214458604946,1.2965284422411998,0,0
1559,-0.33477744781935925,1.243299564255,1.1937026653954,1,0
1560,-0.3207048442486282,1.164846041782,1.1937026653954,0,0
1561,-0.33099978012542597,1.154912805101,1.1937026653954,0,0
1562,0.22680767696032178,1.08757600084,1.1937026653954,0,0
1563,-0.3367694518172456,1.138340572605,1.1937026653954,0,0
1564,-0.32309794443080186,1.071972060382,1.1937026653954,0,0
1565,-0.32584826910996223,1.110621197318,1.1937026653954,0,0
1566,-0.33410268406409416,1.072941527369,1.1937026653954,0,0
1567,-0.3317119925235763,1.110336660008,1.1937026653954,0,0
1568,-0.14234940283465014,1.077839004279,1.1937026653954,0,0
1569,-0.3313269539503272,1.106329174274,1.1937026653954,0,0
1570,-0.3280347995958529,1.072273642287,1.1937026653954,0,0
1571,-0.3323350278318543,1.112195443761,1.1937026653954,0,0
1572,-0.05481179504936973,1.078455601695,1.1937026653954,0,0
1573,-0.33231294861667693,1.130583339484,1.1937026653954,0,0
1574,-0.3276321549990727,1.072802345737,1.1937026653954,0,0
1575,-0.33494433227693365,1.103008733858,1.1937026653954,0,0
1576,-0.3321948104783252,1.078837704627,1.1937026653954,0,0
1577,-0.32491979510029523,1.099805666662,1.1937026653954,0,0
1578,-0.3303595975825038,1.083883417176,1.1937026653954,0,0
1579,-0.32823884595325836,1.103371163573,1.1937026653954,0,0
1580,-0.3265490117859424,1.066630310134,1.1937026653954,0,0
1581,-0.33449001658177735,1.0931074406,1.1937026653954,0,0
1582,-0.3334705876753018,1.081351130953,1.1937026653954,0,0
1583,0.23338716838595897,1.116256622417,1.1937026653954,0,0
1584,-0.3287346820426703,1.096177817798,1.1937026653954,0,0
1585,-0.3326316348471723,1.136926475225,1.1937026653954,0,0
1586,-0.33386399914573506,1.103811391982,1.1937026653954,0,0
1587,0.3320304493596282,1.175186297299,1.1937026653954,0,0
1588,-0.33446570077077686,1.124587123938,1.1937026653954,0,0
1589,0.5202284034594058,1.229993745766,1.1937026653954,1,0
1590,-0.0771926065712103,1.203451998801,1.1937026653954,1,0
1591,-0.24654374259557754,1.291556211449,1.1937026653954,1,0
1592,-0.24781957714116487,1.205311137936,1.1937026653954,1,0
1593,-0.2562501670278291,1.261967154314,1.1937026653954,1,0
1594,-0.24687005619131586,1.224925321187,1.1937026653954,1,0
1595,-0.24927164396789536,1.279982030558,1.1937026653954,1,0
1596,-0.254489908766389,1.243749850145,1.1937026653954,1,0
1597,0.38753564646278926,1.286018510847,1.1937026653954,1,0
1598,-0.3182552556847671,1.297717819452,1.1937026653954,1,0
1599,-0.3154677117571649,1.280085570974,1.1937026653954,1,0
1600,-0.31416888041862656,1.298136513518,1.1937026653954,1,0
1601,-0.31992662359938917,1.292984034995,1.1937026653954,1,0
1602,-0.32508501644815513,1.284209768952,1.1937026653954,1,0
1603,-0.3276594529378375,1.295372462017,1.1937026653954,1,0
1604,-0.32356407393979336,1.286174033645,1.1937026653954,1,0
1605,-0.3169487396323748,1.244441584384,1.1937026653954,1,0
1606,-0.32197012664981917,1.253567787128,1.1937026653954,1,0
1607,0.24719981070370523,1.21787656212,1.1937026653954,1,0
1608,-0.3229201637371658,1.254738004787,1.1937026653954,1,0
1609,-0.3210372941457277,1.212238671717,1.1937026653954,1,0
1610,-0.32102972412909536,1.185837005957,1.1937026653954,0,0
1611,-0.32127884649462923,1.14822224029,1.1937026653954,0,0
1612,-0.3145551806613144,1.148731251413,1.1937026653954,0,0
1613,-0.12065362046941674,1.148778682181,1.1937026653954,0,0
1614,-0.3218183248768983,1.153616263101,1.1937026653954,0,0
1615,-0.3203459566419269,1.16772544216,1.1937026653954,0,0
1616,-0.3261245173684283,1.091378884239,1.1937026653954,0,0
1617,-0.05033223770723927,1.124745296598,1.1937026653954,0,0
1618,-0.3249509927445978,1.092789461126,1.1937026653954,0,0
1619,-0.3232298462357577,1.123023835956,1.1937026653954,0,0
1620,-0.32136412387896374,1.093659074261,1.1937026653954,0,0
1621,-0.32214957045316983,1.111140684763,1.1937026653954,0,0
1622,-0.32256844470682067,1.08325086074,1.1937026653954,0,0
1623,-0.31654506276059924,1.099544501737,1.1937026653954,0,0
1624,-0.31710673505526743,1.085836794295,1.1937026653954,0,0
1625,-0.31331295240168533,1.078573554891,1.1937026653954,0,0
1626,-0.31643082432778535,1.062555775802,1.1937026653954,0,0
1627,-0.3231220881959699,1.076454906423,1.1937026653954,0,0
1628,0.0015470361262985843,1.062439960069,1.1937026653954,0,0
1629,-0.3202997336615815,1.060648621082,1.1937026653954,0,0
1630,-0.31670799016402507,1.049757585832,1.1937026653954,0,0
1631,-0.31749022521602366,1.051857863824,1.1937026653954,0,0
1632,-0.3202278185035752,1.05894600822,1.1937026653954,0,0
1633,-0.32178317017844704,1.061857631469,1.1937026653954,0,0
1634,-0.3329022055931642,1.053784467013,1.1937026653954,0,0
1635,-0.33410520740297156,1.051770752371,1.1937026653954,0,0
1636,-0.3276523990587028,1.048964271422,1.1937026653954,0,0
1637,-0.3328020175700086,1.053015695136,1.1937026653954,0,0
1638,0.23558774928150794,1.056774182467,1.1937026653954,0,0
1639,-0.32868914724565523,1.05764979973,1.1937026653954,0,0
1640,-0.32888677055864546,1.037816643612,1.1937026653954,0,0
1641,0.5207232072738226,1.121079924926,1.1937026653954,0,0
1642,0.1709991057057625,1.117133817107,1.1937026653954,0,0
1643,-0.25813383949981916,1.132187638327,1.1937026653954,0,0
1644,-0.26227773542264265,1.130173345672,1.1937026653954,0,0
1645,-0.25799620283377844,1.145106848739,1.2965284422411998,0,0
1646,-0.2596438857721194,1.118050762247,1.2965284422411998,0,0
1647,-0.26113798913060304,1.099358012984,1.2965284422411998,0,0
1648,-0.2496348900690214,1.101631034747,1.2965284422411998,0,0
1649,0.42237446876548046,1.123295050875,1.2965284422411998,0,0
1650,-0.3294371451769761,1.134783589371,1.2965284422411998,0,0
1651,-0.3127636674069608,1.137150036085,1.2965284422411998,0,0
1652,-0.3337706356072707,1.146296914572,1.2965284422411998,0,0
1653,-0.3159352749814277,1.079672092602,1.2965284422411998,0,0
1654,-0.33905898040822346,1.067420862663,1.2965284422411998,0,0
1655,-0.3315674166756226,1.081565332344,1.2965284422411998,0,0
1656,-0.33720684967220105,1.077273774772,1.2965284422411998,0,0
1657,-0.333080043635411,1.074955629334,1.1937026653954,0,0
1658,-0.32886320027958593,1.083839912408,1.1937026653954,0,0
1659,0.2383717949438482,1.068939626019,1.1937026653954,0,0
1660,-0.32949380560449626,1.090212571988,1.1937026653954,0,0
1661,-0.3335217426361803,1.043818924074,1.1937026653954,0,0
1662,-0.3293248565969311,1.091814540629,1.1937026653954,0,0
1663,-0.33429921775347826,1.046266658162,1.1937026653954,0,0
1664,-0.3321362575466471,1.088610198296,1.1937026653954,0,0
1665,-0.3316637049932404,1.052648305996,1.1937026653954,0,0
1666,-0.33256086666138296,1.086401070879,1.1937026653954,0,0
1667,-0.32907602097445154,1.047526185245,1.1937026653954,0,0
1668,-0.33339872986590635,1.067546825048,1.1937026653954,0,0
1669,0.24039344817354413,1.063360358117,1.1937026653954,0,0
1670,-0.33416353094020634,1.088531033139,1.1937026653954,0,0
1671,-0.33247094403956967,1.041766091472,1.1937026653954,0,0
1672,-0.33481397888447084,1.069423424617,1.1937026653954,0,0
1673,-0.329453260136625,1.02940143489,1.1937026653954,0,0
1674,-0.32811594788020615,1.071412769566,1.1937026653954,0,0
1675,-0.3333202769662631,1.031802833939,1.1937026653954,0,0
1676,-0.32504143150390885,1.073290942616,1.1937026653954,0,0
1677,-0.33501011113357904,1.022106681114,1.1937026653954,0,0
1678,-0.329364771230083,1.065309450686,1.1937026653954,0,0
1679,0.2467198028308879,1.045434581277,1.1937026653954,0,0
1680,-0.3266301027216848,1.064358022113,1.1937026653954,0,0
1681,-0.3352514914366481,1.038001170829,1.1937026653954,0,0
1682,-0.3350174517557679,1.059953329986,1.1937026653954,0,0
1683,-0.32692951981893437,1.039843745076,1.1937026653954,0,0
1684,-0.3331709411836088,1.070067041858,1.1937026653954,0,0
1685,0.3468048278813347,1.056587494298,1.1937026653954,0,0
1686,-0.33200217649447905,1.105486495656,1.1937026653954,0,0
1687,0.5828478104357726,1.150109207224,1.1937026653954,0,0
1688,-0.014773116852267787,1.180349620774,1.1937026653954,0,0
1689,-0.3019861429698575,1.165249401949,1.1937026653954,0,0
1690,-0.3111153536339004,1.209264571022,1.1937026653954,1,0
1691,-0.31502968306749,1.203057442052,1.1937026653954,1,0
1692,-0.3154514247516834,1.231555625359,1.1937026653954,1,0
1693,-0.31731840877791606,1.201706722744,1.1937026653954,1,0
1694,0.2679569110065403,1.285268708893,1.1937026653954,1,0
1695,-0.3074859894476262,1.199159060255,1.1937026653954,1,0
1696,-0.3181531178088426,1.29376187046,1.1937026653954,1,0
1697,-0.32962421634556993,1.214504261822,1.1937026653954,1,0
1698,-0.3200986694319402,1.277114566915,1.1937026653954,1,0
1699,-0.3154792961765567,1.18645713847,1.1937026653954,0,0
1700,-0.3167353454514007,1.283181512088,1.1937026653954,1,0
1701,-0.3314536370316955,1.221394677536,1.1937026653954,1,0
1702,-0.33073878659744615,1.270891215587,1.1937026653954,1,0
1703,-0.32376077967501005,1.216934218736,1.1937026653954,1,0
1704,-0.328678480404037,1.234305588863,1.1937026653954,1,0
1705,0.24917420867806062,1.164309515391,1.1937026653954,0,0
1706,-0.31665264875455446,1.211548019737,1.1937026653954,1,0
1707,-0.3196195217882857,1.150503573602,1.1937026653954,0,0
1708,-0.3215190224768705,1.187695594956,1.1937026653954,0,0
1709,-0.3107610539160671,1.139277195138,1.1937026653954,0,0
1710,-0.3048227773083475,1.212734391976,1.1937026653954,1,0
1711,-0.31290577726464786,1.149251457525,1.1937026653954,0,0
1712,-0.311328174328766,1.207683082927,1.1937026653954,1,0
1713,-0.3237036604586031,1.131446372717,1.1937026653954,0,0
1714,-0.32502135949011124,1.180044562125,1.1937026653954,0,0
1715,0.2617797774346291,1.133683720878,1.1937026653954,0,0
1716,-0.32412867101361487,1.203447106545,1.1937026653954,1,0
1717,-0.3296211195205839,1.149331324213,1.1937026653954,0,0
1718,-0.32641085898240396,1.185101171359,1.1937026653954,0,0
1719,-0.32652154180134507,1.148903081243,1.1937026653954,0,0
1720,-0.3185533537639671,1.186580220821,1.1937026653954,0,0
1721,-0.31994956304372935,1.147079752631,1.1937026653954,0,0
1722,-0.31887416189306383,1.164400534426,1.1937026653954,0,0
1723,-0.3229328377801638,1.123562226067,1.1937026653954,0,0
1724,-0.32474723313024667,1.16203231501,1.1937026653954,0,0
1725,0.008627754410767574,1.123866983773,1.1937026653954,0,0
1726,-0.3274048824542728,1.169465050699,1.1937026653954,0,0
1727,-0.32828455279610613,1.145326498656,1.1937026653954,0,0
1728,-0.3269261362508942,1.144714437552,1.1937026653954,0,0
1729,-0.31899453662723876,1.123926870348,1.1937026653954,0,0
1730,-0.3257344894660351,1.163448527176,1.1937026653954,0,0
1731,-0.3354011139623566,1.116392813166,1.1937026653954,0,0
1732,-0.32914936984772913,1.171733178519,1.1937026653954,0,0
1733,-0.3303727877629993,1.101790610217,1.1937026653954,0,0
1734,-0.33638148846484306,1.138354139079,1.1937026653954,0,0
1735,0.18779766079604232,1.095380422953,1.1937026653954,0,0
1736,-0.3317340717387537,1.12962901048,1.1937026653954,0,0
1737,0.5529546176355924,1.194645830288,1.1937026653954,1,0
1738,-0.011688679166293459,1.238856591793,1.1937026653954,1,0
1739,-0.0704343021769418,1.220831127733,1.1937026653954,1,0
1740,-0.2624444478343846,1.236337996978,1.1937026653954,1,0
1741,-0.26122143135939035,1.220224240786,1.2965284422411998,0,0
1742,-0.2652017116954578,1.242594396978,1.2965284422411998,0,0
1743,-0.25152739422708237,1.206706848317,1.2965284422411998,0,0
1744,-0.26621230891586234,1.175349923446,1.2965284422411998,0,0
1745,0.4333981334403534,1.233155266495,1.2965284422411998,0,0
1746,-0.33369774552288,1.192691737864,1.2965284422411998,0,0
1747,-0.2551743070882768,1.225224934336,1.2965284422411998,0,0
1748,-0.32869952734421914,1.211848247189,1.2965284422411998,0,0
1749,-0.279504512590142,1.18646573393,1.2965284422411998,0,0
1750,-0.3389113077352839,1.176966613625,1.2965284422411998,0,0
1751,-0.32425443651720964,1.078642215107,1.2965284422411998,0,0
1752,-0.34011992970895466,1.085743863566,1.2965284422411998,0,0
1753,-0.328364668805464,1.064251811123,1.2965284422411998,0,0
1754,-0.32526876139731953,1.075868774517,1.2965284422411998,0,0
1755,-0.3338286724014513,1.04814453107,1.1937026653954,0,0
1756,0.23095019651648485,1.074835936273,1.1937026653954,0,0
1757,-0.33225760720720643,1.081739520447,1.1937026653954,0,0
1758,-0.32222160030839786,1.061316611366,1.1937026653954,0,0
1759,-0.33318086249328593,1.087050492406,1.1937026653954,0,0
1760,-0.32922604494043606,1.061619710412,1.1937026653954,0,0
1761,-0.3346228359645067,1.083735455714,1.1937026653954,0,0
1762,-0.33052275438037293,1.062076593882,1.1937026653954,0,0
1763,-0.32256425825822865,1.083109697286,1.1937026653954,0,0
1764,-0.3365872552805741,1.054438699727,1.1937026653954,0,0
1765,-0.33388848700256823,1.078323247074,1.1937026653954,0,0
1766,0.23829701235529943,1.062509741877,1.1937026653954,0,0
1767,-0.3266973726422122,1.080639045055,1.1937026653954,0,0
1768,-0.33343497418796375,1.063740463453,1.1937026653954,0,0
1769,-0.3290520492551161,1.054298791554,1.1937026653954,0,0
1770,-0.33096399459225545,1.049163746641,1.1937026653954,0,0
1771,-0.33523726898115724,1.056540198848,1.1937026653954,0,0
1772,-0.32587717280983075,1.04405001922,1.1937026653954,0,0
1773,-0.32509820662865063,1.059292000984,1.1937026653954,0,0
1774,-0.3327121522968062,1.044901427113,1.1937026653954,0,0
1775,-0.32124948400587383,1.045454088365,1.1937026653954,0,0
1776,0.2369908403945722,1.048264721978,1.1937026653954,0,0
1777,-0.3269823378895276,1.060986886253,1.1937026653954,0,0
1778,-0.33295548245264406,1.049332672774,1.1937026653954,0,0
1779,-0.32894423386671745,1.040583919997,1.1937026653954,0,0
1780,-0.12555853245822413,1.041758531497,1.1937026653954,0,0
1781,-0.33755862605115705,1.043173053546,1.1937026653954,0,0
1782,-0.3311684423899368,1.035323518384,1.1937026653954,0,0
1783,-0.3328929151182064,1.04613685747,1.1937026653954,0,0
1784,-0.33770933820047166,1.026661725863,1.1937026653954,0,0
1785,-0.3348951271688241,1.033514729032,1.1937026653954,0,0
1786,0.2401913516689076,1.038385494322,1.1937026653954,0,0
1787,-0.33476058732776925,1.038023278059,1.1937026653954,0,0
1788,-0.3310282250364077,1.044215833393,1.1937026653954,0,0
1789,-0.32536608198993255,1.02702069011,1.1937026653954,0,0
1790,-0.31832080514696903,1.039467615399,1.1937026653954,0,0
1791,-0.32559719689165945,1.040224308815,1.1937026653954,0,0
1792,0.33690771931800567,1.099845516422,1.1937026653954,0,0
1793,-0.3248503459325556,1.086163887547,1.1937026653954,0,0
1794,0.4528640871185041,1.152051895392,1.1937026653954,0,0
1795,0.1212778600985227,1.157119478328,1.1937026653954,0,0
1796,0.18020401653612783,1.17825582703,1.1937026653954,0,0
1797,-0.29849137597324893,1.193765662875,1.1937026653954,1,0
1798,-0.25153473484927125,1.173696726272,1.1937026653954,0,0
1799,-0.21916098523537075,1.19050238565,1.1937026653954,0,0
1800,-0.17862813405857147,1.217133287153,1.1937026653954,1,0
1801,-0.2326585542851054,1.141706466634,1.1937026653954,0,0
1802,-0.22263837560289157,1.11932113537,1.1937026653954,0,0
1803,0.4392753337775175,1.193046897266,1.1937026653954,0,0
1804,-0.22080293331262668,1.138098194147,1.1937026653954,0,0
1805,-0.297867939224695,1.176121244842,1.1937026653954,0,0
1806,-0.30457038607199527,1.13690849932,1.1937026653954,0,0
1807,-0.31690274604647284,1.19274104263,1.1937026653954,0,0
1808,-0.29706442783807097,1.161005297024,1.1937026653954,0,0
1809,-0.30178811821659124,1.16565741149,1.1937026653954,0,0
1810,-0.3115580275610542,1.143048971667,1.1937026653954,0,0
1811,-0.3023864936222036,1.155426637118,1.1937026653954,0,0
1812,-0.2948768650771849,1.146401759814,1.1937026653954,0,0
1813,0.2680271057062211,1.166229277244,1.1937026653954,0,0
1814,-0.30222752327292657,1.148451763274,1.1937026653954,0,0
1815,-0.30326851525708176,1.171816343186,1.1937026653954,0,0
1816,-0.3068483302435814,1.145721967394,1.1937026653954,0,0
1817,-0.31054272775455993,1.183353970322,1.1937026653954,0,0
1818,-0.30223159502429686,1.132152680373,1.2965284422411998,0,0
1819,-0.2948018530941927,1.169134555631,1.2965284422411998,0,0
1820,-0.31195178312315264,1.135041400785,1.2965284422411998,0,0
1821,-0.30281574797441835,1.149723951027,1.2854671116552252,0,0
1822,-0.31589266496356583,1.1200103429,1.2854671116552252,0,0
1823,0.8028386874187585,1.236538280832,1.367001053022495,0,0
1824,-0.31461493791382045,1.183098011285,1.367001053022495,0,0
1825,-0.32286602664852315,1.234271815747,1.367001053022495,0,0
1826,-0.31245134687226983,1.183255519643,1.367001053022495,0,0
1827,-0.3110368433856464,1.230584720597,1.367001053022495,0,0
1828,-0.3119751813563796,1.196768083056,1.367001053022495,0,0
1829,-0.0049069765387980135,1.263165466331,1.367001053022495,0,0
1830,-0.3210056377125383,1.188532017095,1.367001053022495,0,0
1831,-0.3306271862007314,1.252084068355,1.367001053022495,0,0
1832,-0.32706159366972276,1.181785624316,1.367001053022495,0,0
1833,0.2448783389364837,1.251986121731,1.367001053022495,0,0
1834,0.2955625824171224,1.203623645912,1.367001053022495,0,0
1835,-0.320034783079453,1.270682818585,1.367001053022495,0,0
1836,0.5347887569654188,1.322260505809,1.367001053022495,0,0
1837,-0.2919266804892112,1.33728462784,1.367001053022495,0,0
1838,0.19090526732080026,1.357851895433,1.367001053022495,0,0
1839,0.11771490560361308,1.342491509272,1.367001053022495,0,0
1840,-0.10695533128170587,1.377119469625,1.367001053022495,1,0
1841,-0.12734333592510827,1.33917982575,1.367001053022495,0,0
1842,-0.1315453259907231,1.383900090082,1.367001053022495,1,0
1843,-0.21255654716401373,1.345372831982,1.367001053022495,0,0
1844,0.251300351076726,1.314919441838,1.367001053022495,0,0
1845,-0.33033459358817296,1.322006521481,1.367001053022495,0,0
1846,-0.330813569185995,1.334872544802,1.367001053022495,0,0
1847,-0.32945165437552126,1.252688028293,1.367001053022495,0,0
1848,-0.3413462724033782,1.333685842332,1.367001053022495,0,0
1849,-0.33680684311152,1.282168874147,1.367001053022495,0,0
1850,-0.3400086160552942,1.337750043147,1.367001053022495,0,0
1851,-0.3350873023637836,1.244110745081,1.367001053022495,0,0
1852,-0.32602398525360765,1.331466420007,1.367001053022495,0,0
1853,-0.33426016334948916,1.239169717261,1.367001053022495,0,0
1854,0.22096144487301705,1.283431278767,1.367001053022495,0,0
1855,-0.32925328553058997,1.233969748143,1.367001053022495,0,0
1856,-0.3313057349643126,1.261262204133,1.367001053022495,0,0
1857,-0.319304792611939,1.226584925965,1.367001053022495,0,0
1858,-0.3286220493709603,1.186918931691,1.367001053022495,0,0
1859,-0.32476283195239786,1.148595880061,1.367001053022495,0,0
1860,-0.3303535186297536,1.147415321579,1.367001053022495,0,0
1861,-0.3295853339874134,1.127288381446,1.367001053022495,0,0
1862,-0.32195710851515613,1.150792415374,1.367001053022495,0,0
1863,-0.3328125697144051,1.117097318174,1.367001053022495,0,0
1864,-0.333419145971369,1.18195164399,1.367001053022495,0,0
1865,0.22753153112647473,1.138556706752,1.367001053022495,0,0
1866,-0.33154040547991215,1.20643890825,1.367001053022495,0,0
1867,-0.3338497766902442,1.172769263824,1.367001053022495,0,0
1868,-0.3288831575961618,1.189767275829,1.367001053022495,0,0
1869,-0.33649457992543996,1.176199047663,1.367001053022495,0,0
1870,-0.3312731036047387,1.18215791698,1.2854671116552252,0,0
1871,-0.31960661835084436,1.168084751385,1.2854671116552252,0,0
1872,-0.3321463509021567,1.184294979614,1.2854671116552252,0,0
1873,-0.3283343313903242,1.155521611856,1.2965284422411998,0,0
1874,-0.3360074608248772,1.177131745406,1.2965284422411998,0,0
1875,0.22600032321677066,1.155703928791,1.2965284422411998,0,0
1876,-0.33648838627546807,1.179681964231,1.1937026653954,0,0
1877,-0.3282154477200314,1.143925599766,1.1937026653954,0,0
1878,-0.3417534475404156,1.188544612387,1.1937026653954,0,0
1879,-0.138438342271879,1.152427428147,1.1937026653954,0,0
1880,-0.33615811562558107,1.210735575892,1.1937026653954,1,0
1881,-0.320549372164613,1.166740769823,1.1937026653954,0,0
1882,-0.0544464270496422,1.2048785255,1.1937026653954,1,0
1883,-0.32103872786099885,1.166197807597,1.1937026653954,0,0
1884,-0.32944184776306584,1.217133804935,1.1937026653954,1,0
1885,-0.004216155172494851,1.166897994793,1.1937026653954,0,0
1886,-0.3279836446349744,1.183125540947,1.1937026653954,0,0
1887,-0.32172794346619826,1.074301098284,1.1937026653954,0,0
1888,-0.3168525086633679,1.065365468547,1.1937026653954,0,0
1889,-0.317490454610467,1.064817630384,1.1937026653954,0,0
1890,0.2872234062161536,1.142851900342,1.1937026653954,0,0
1891,-0.32082453079947293,1.101986244056,1.1937026653954,0,0
1892,0.2983168068018205,1.188532958006,1.1937026653954,0,0
1893,0.1839372964052628,1.133752987135,1.1937026653954,0,0
1894,0.004688478331458246,1.211685459938,1.1937026653954,1,0
1895,-0.31377300295792665,1.161970923803,1.1937026653954,0,0
1896,-0.3208178210120034,1.204106650677,1.1937026653954,1,0
1897,-0.3082663893440776,1.126873285456,1.1937026653954,0,0
1898,-0.3218756734877487,1.216040373225,1.1937026653954,1,0
1899,0.38635713250981496,1.218757542032,1.1937026653954,1,0
1900,-0.3243537069625916,1.186826112718,1.1937026653954,0,0
1901,-0.3073728406384185,1.172692936049,1.1937026653954,0,0
1902,-0.30776573597135415,1.167940832522,1.1937026653954,0,0
1903,-0.3207486012387071,1.149046318767,1.1937026653954,0,0
1904,-0.3268020338570141,1.173224928075,1.1937026653954,0,0
1905,-0.3198092883415894,1.136512408057,1.1937026653954,0,0
1906,-0.327974984994736,1.170409444116,1.1937026653954,0,0
1907,-0.3366316431053722,1.155010498118,1.1937026653954,0,0
1908,-0.330555672483001,1.181375485173,1.1937026653954,0,0
1909,-0.32536092061495603,1.124516693805,1.1937026653954,0,0
1910,0.23397074784997196,1.160898292358,1.1937026653954,0,0
1911,-0.3242351100353531,1.131385956198,1.1937026653954,0,0
1912,-0.3239640805004744,1.126740023939,1.1937026653954,0,0
1913,-0.32023039919106344,1.131683279651,1.1937026653954,0,0
1914,-0.32401265477386465,1.136574026407,1.1937026653954,0,0
1915,-0.32560235826663597,1.124589892258,1.1937026653954,0,0
1916,-0.3281318907940225,1.161769996525,1.1937026653954,0,0
1917,-0.32617779422790816,1.139337165893,1.1937026653954,0,0
1918,-0.32882030351866987,1.165995867562,1.1937026653954,0,0
1919,-0.32710644028340763,1.122239626557,1.1937026653954,0,0
1920,0.23756616165862265,1.1672621566,1.1937026653954,0,0
1921,-0.32081369191202225,1.142734635949,1.1937026653954,0,0
1922,-0.31519765714867065,1.157495975036,1.1937026653954,0,0
1923,-0.3145153807253842,1.135870285813,1.1937026653954,0,0
1924,-0.33164856495997586,1.162488863944,1.1937026653954,0,0
1925,-0.323036179976916,1.128824512698,1.1937026653954,0,0
1926,-0.08147895644338599,1.156504548475,1.1937026653954,0,0
1927,-0.3317828180579765,1.108688199788,1.1937026653954,0,0
1928,-0.3275441248814174,1.153500706347,1.1937026653954,0,0
1929,-0.34140574291283,1.103125239836,1.1937026653954,0,0
1930,0.23376073723703805,1.13889644821,1.1937026653954,0,0
1931,-0.33205614153728913,1.122290582522,1.1937026653954,0,0
1932,-0.32752101339124473,1.15318268579,1.1937026653954,0,0
1933,-0.33347655193083026,1.116778389875,1.1937026653954,0,0
1934,-0.3328177884379925,1.145104524247,1.1937026653954,0,0
1935,-0.3227690501475752,1.115853722346,1.1937026653954,0,0
1936,-0.33263857402908514,1.1378003885,1.1937026653954,0,0
1937,-0.3370719083908702,1.10872114522,1.1937026653954,0,0
1938,-0.3406159378441992,1.126825344634,1.1937026653954,0,0
1939,-0.3330380644522686,1.045518374814,1.1937026653954,0,0
1940,-0.014038137055609967,1.073800012918,1.1937026653954,0,0
1941,-0.33995052191250275,1.023990035542,1.1937026653954,0,0
1942,-0.3360817846245392,1.068774644229,1.1937026653954,0,0
1943,-0.3381196675111059,1.062955732277,1.1937026653954,0,0
1944,-0.3336921253590166,1.099961692487,1.1937026653954,0,0
1945,-0.31785266843659776,1.054710658639,1.1937026653954,0,0
1946,-0.3321151532578541,1.105429539457,1.1937026653954,0,0
1947,-0.34004508977179493,1.065855662245,1.1937026653954,0,0
1948,-0.3354799683022758,1.101748233504,1.1937026653954,0,0
1949,-0.3352555631880184,1.060071012953,1.1937026653954,0,0
1950,0.22340621615356682,1.059649681028,1.1937026653954,0,0
1951,-0.3300879945615165,1.059772655746,1.1937026653954,0,0
1952,-0.33667821017738275,1.055178452669,1.1937026653954,0,0
1953,-0.3328468068350827,1.084078029176,1.1937026653954,0,0
1954,-0.32260726971636644,1.042513937277,1.1937026653954,0,0
1955,-0.3325439488211821,1.053403830039,1.1937026653954,0,0
1956,-0.32935639833289887,1.021252062255,1.1937026653954,0,0
1957,-0.31696342087675244,1.014248697357,1.1937026653954,0,0
1958,-0.31162764877462645,0.999642220688,1.1937026653954,0,0
1959,-0.3138406169701192,0.998415246049,1.1937026653954,0,0
1960,-0.32168974929137195,0.981279714688,1.1937026653954,0,0
1961,0.24298893160340862,0.998293177421,1.1937026653954,0,0
1962,-0.31791334326687737,0.996704820514,1.1937026653954,0,0
1963,-0.31173047483388117,0.977222517814,1.1937026653954,0,0
1964,-0.31495077137896,0.984586692514,1.1937026653954,0,0
1965,-0.3237467866139625,0.975468866045,1.1937026653954,0,0
1966,-0.32828397930999753,0.984140120867,1.1937026653954,0,0
1967,-0.32549689417128214,0.987324200767,1.1937026653954,0,0
1968,-0.3278826537312669,0.987862712851,1.1937026653954,0,0
1969,-0.326063670492316,0.988520157536,1.1937026653954,0,0
1970,-0.3367368778062826,0.993502283698,1.1937026653954,0,0
1971,0.24495656244168362,0.98952134134,1.1937026653954,0,0
1972,-0.3295446164737096,1.00124141587,1.1937026653954,0,0
1973,-0.3368954467152838,0.989194277371,1.1937026653954,0,0
1974,-0.33069720885457965,0.983701261163,1.1937026653954,0,0
1975,-0.3267636676363552,0.982264219847,1.1937026653954,0,0
1976,-0.33431120361314604,0.983898672022,1.1937026653954,0,0
1977,-0.3289621266333028,0.98139098105,1.1937026653954,0,0
1978,-0.32131142050559225,0.984842636981,1.1937026653954,0,0
1979,-0.31133528555651147,0.985637317678,1.1937026653954,0,0
1980,-0.32136366509007686,0.986530011486,1.1937026653954,0,0
1981,0.2404312982567054,0.98705554538,1.1937026653954,0,0
1982,-0.32855793362402963,0.996366572897,1.1937026653954,0,0
1983,-0.3222969563830552,0.988868920871,1.1937026653954,0,0
1984,-0.3212662871488531,0.980458045795,1.1937026653954,0,0
1985,-0.32331191209788446,0.981363850553,1.1937026653954,0,0
1986,-0.32389382845218284,0.981508832298,1.1937026653954,0,0
1987,0.29190764075040887,1.003046002102,1.1937026653954,0,0
1988,-0.31922886305117326,1.002707607605,1.1937026653954,0,0
1989,0.5748762388303543,1.055277291109,1.1937026653954,0,0
1990,0.1834642850629693,1.070101312104,1.1937026653954,0,0
1991,0.18517143851076212,1.087524207391,1.1937026653954,0,0
1992,0.1895176603326656,1.053582666804,1.1937026653954,0,0
1993,0.029509759988034734,1.099824687208,1.1937026653954,0,0
1994,-0.235513769573511,1.072268045029,1.1937026653954,0,0
1995,-0.24677199006676187,1.09874505935,1.1937026653954,0,0
1996,-0.23874823122546984,1.081811542814,1.1937026653954,0,0
1997,0.44328056075930466,1.139387154814,1.1937026653954,0,0
1998,-0.2545664691618742,1.127747927264,1.1937026653954,0,0
1999,-0.3128191808622639,1.127478057327,1.1937026653954,0,0
2000,-0.32023670753825695,1.119410174916,1.1937026653954,0,0
2001,-0.32111488681620814,1.149706380127,1.1937026653954,0,0
2002,-0.3372535887900441,1.111472164088,1.1937026653954,0,0
2003,-0.3281337259495697,1.165671097164,1.1937026653954,0,0
2004,-0.3266726553909357,1.130351407207,1.1937026653954,0,0
2005,-0.33472852945430387,1.160407452823,1.1937026653954,0,0
2006,-0.33578695541615766,1.119598712962,1.1937026653954,0,0
2007,0.23517300412783837,1.160985481138,1.1937026653954,0,0
2008,-0.3163430809531844,1.148022280366,1.1937026653954,0,0
2009,-0.3206222622490038,1.159940472525,1.1937026653954,0,0
2010,-0.32686368361367824,1.140439222063,1.1937026653954,0,0
2011,-0.3224041982853454,1.139590393207,1.1937026653954,0,0
2012,-0.3220907307784374,1.145665948894,1.1937026653954,0,0
2013,-0.29759197770928314,1.149904060557,1.1937026653954,0,0
2014,-0.3188285697474379,1.132680672121,1.1937026653954,0,0
2015,-0.3265585890039544,1.123770335886,1.1937026653954,0,0
2016,-0.10264736098323968,1.11574602616,1.1937026653954,0,0
2017,0.2378524459239877,1.148804434494,1.1937026653954,0,0
2018,-0.3112903242456049,1.140669719884,1.1937026653954,0,0
2019,-0.31458953247921373,1.146528677169,1.1937026653954,0,0
2020,-0.32077068045388446,1.14001869954,1.1937026653954,0,0
2021,-0.3258548068515992,1.134732822595,1.1937026653954,0,0
2022,-0.32010142216526105,1.140717781794,1.1937026653954,0,0
2023,-0.32529892676662686,1.142661808167,1.1937026653954,0,0
2024,-0.3261755002834742,1.12930304258,1.1937026653954,0,0
2025,-0.3184186418770797,1.125289816977,1.1937026653954,0,0
2026,-0.3230800516642166,1.124656131739,1.1937026653954,0,0
2027,0.24178323440889127,1.168884615501,1.1937026653954,0,0
2028,-0.3236280749895023,1.153197554227,1.1937026653954,0,0
2029,-0.3270138796254952,1.168263907807,1.1937026653954,0,0
2030,-0.3243587536403465,1.135055102021,1.1937026653954,0,0
2031,-0.32357267623142094,1.17826424914,1.1937026653954,0,0
2032,-0.12879953185181992,1.152077493897,1.1937026653954,0,0
2033,-0.3275999824283856,1.192020661747,1.1937026653954,0,0
2034,-0.3301978171512949,1.165077643106,1.1937026653954,0,0
2035,-0.31340476752765667,1.182373056211,1.1937026653954,0,0
2036,-0.3380769427960224,1.147648232554,1.1937026653954,0,0
2037,-0.336305272161023,1.16817417636,1.1937026653954,0,0
2038,0.2309843762885515,1.156280000483,1.1937026653954,0,0
2039,-0.3320949665468348,1.152196711934,1.1937026653954,0,0
2040,-0.3410044746827102,1.140384057676,1.1937026653954,0,0
2041,-0.3369183861596239,1.166043713276,1.1937026653954,0,0
2042,-0.3351179265219777,1.145473885078,1.1937026653954,0,0
2043,-0.3360435904497129,1.206815159625,1.1937026653954,1,0
2044,-0.33905548214296166,1.139459652805,1.1937026653954,0,0
2045,-0.3362373140571653,1.176321266272,1.1937026653954,0,0
2046,-0.3366168471637728,1.103022335891,1.1937026653954,0,0
2047,-0.3358605336838787,1.17849742963,1.1937026653954,0,0
2048,0.24144212487155348,1.085446113942,1.1937026653954,0,0
2049,-0.33022350932895583,1.175527575528,1.1937026653954,0,0
2050,-0.33414833355833107,1.085544246983,1.1937026653954,0,0
2051,-0.3341503981083217,1.139328242071,1.1937026653954,0,0
2052,-0.3267609149030344,1.077588763576,1.1937026653954,0,0
2053,-0.33685157502798324,1.058479781022,1.1937026653954,0,0
2054,-0.33259894613898755,1.029030530413,1.1937026653954,0,0
2055,-0.3274427898860449,1.046149334238,1.1937026653954,0,0
2056,-0.3308422434914201,1.003332060274,1.1937026653954,0,0
2057,-0.3146416623664767,1.013732360091,1.1937026653954,0,0
2058,0.24043118355948367,1.000350673243,1.1937026653954,0,0
2059,-0.32163492401939897,1.025518546508,1.1937026653954,0,0
2060,-0.3277323430222282,0.998381456672,1.1937026653954,0,0
2061,-0.042083557614192246,0.995118477836,1.1937026653954,0,0
2062,-0.3263429582271572,0.990502398203,1.1937026653954,0,0
2063,-0.31838159467447036,0.994540042359,1.1937026653954,0,0
2064,-0.32133430260132156,0.991327517281,1.1937026653954,0,0
2065,-0.3168967817909444,0.999578619316,1.1937026653954,0,0
2066,-0.31708046939149803,0.991708913751,1.1937026653954,0,0
2067,-0.328622164068182,1.002408689132,1.1937026653954,0,0
2068,0.0038141414104340132,0.990099717599,1.1937026653954,0,0
2069,-0.3313290758489287,1.000496454665,1.1937026653954,0,0
2070,-0.3244185682414633,0.988986141943,1.1937026653954,0,0
2071,-0.3232820334716314,0.993391490145,1.1937026653954,0,0
2072,-0.32298445152992905,0.983510560378,1.1937026653954,0,0
2073,-0.31113370518937256,0.990572400726,1.1937026653954,0,0
2074,-0.3105433012406684,0.988432986641,1.1937026653954,0,0
2075,-0.31977929501811475,0.997633577541,1.1937026653954,0,0
2076,-0.32032341863786273,0.987549683834,1.1937026653954,0,0
2077,-0.3201644482885856,0.997566347271,1.1937026653954,0,0
2078,-0.31480384423796137,0.984906231068,1.1937026653954,0,0
2079,0.002345787578222014,0.992697985406,1.1937026653954,0,0
2080,-0.32728949704924193,0.985248915233,1.1937026653954,0,0
2081,-0.32089856785608073,0.985628473121,1.1937026653954,0,0
2082,-0.31393231739886884,0.982705383876,1.1937026653954,0,0
2083,-0.3132577830380473,0.984706769314,1.1937026653954,0,0
2084,0.30806469427971694,0.996962315817,1.1937026653954,0,0
2085,-0.3198145070651768,1.008446618543,1.1937026653954,0,0
2086,0.5966730694479061,1.093070390735,1.1937026653954,0,0
2087,0.18290662717106065,1.0729775336,1.1937026653954,0,0
2088,0.18596525798215247,1.142635141711,1.1937026653954,0,0
2089,-0.055693357895361006,1.09955290983,1.1937026653954,0,0
2090,-0.23694610847810893,1.14877939932,1.1937026653954,0,0
2091,-0.2363881638431461,1.094945872393,1.1937026653954,0,0
2092,-0.23456052096395674,1.129014846674,1.1937026653954,0,0
2093,0.33587899993657233,1.13833950662,1.1937026653954,0,0
2094,-0.23838888482988163,1.168900546539,1.1937026653954,0,0
2095,-0.30148411323047364,1.138499626844,1.1937026653954,0,0
2096,-0.3124061561669198,1.14397175876,1.1937026653954,0,0
2097,-0.3151610687349482,1.143126064723,1.1937026653954,0,0
2098,-0.3165442598800473,1.167696240979,1.1937026653954,0,0
2099,-0.3158817687275043,1.147944703362,1.1937026653954,0,0
2100,-0.3145238109711792,1.199787025553,1.2965284422411998,0,0
2101,-0.32724327406889653,1.15071902211,1.2965284422411998,0,0
2102,-0.3208128890314703,1.18308895549,1.1937026653954,0,0
2103,0.24952265883758717,1.148032692291,1.2965284422411998,0,0
2104,-0.3277307946097353,1.206275948096,1.2965284422411998,0,0
2105,-0.3271094224111719,1.152102684859,1.2965284422411998,0,0
2106,-0.32618978008757593,1.204177668035,1.2965284422411998,0,0
2107,-0.32043100463181795,1.13817554981,1.2965284422411998,0,0
2108,-0.32588502956951726,1.200874303635,1.2965284422411998,0,0
2109,-0.32062501498232454,1.141545129921,1.2965284422411998,0,0
2110,-0.32485848943529627,1.199588471004,1.2965284422411998,0,0
2111,-0.32350775760393835,1.137020443782,1.2965284422411998,0,0
2112,-0.3199284587549365,1.177084412402,1.1937026653954,0,0
2113,0.25016920707631396,1.13462530771,1.2965284422411998,0,0
2114,-0.31820260966000646,1.192403086331,1.2965284422411998,0,0
2115,-0.32420259337300095,1.147244290903,1.2965284422411998,0,0
2116,-0.3262352001873694,1.199322196376,1.2965284422411998,0,0
2117,-0.32267453963689385,1.135135338438,1.2965284422411998,0,0
2118,-0.32556433613764213,1.190161927366,1.2965284422411998,0,0
2119,-0.33774965427389947,1.142632196973,1.2965284422411998,0,0
2120,-0.3327234499731436,1.187196529178,1.2965284422411998,0,0
2121,-0.3274491555818493,1.134960399812,1.2965284422411998,0,0
2122,-0.3299826451633845,1.167404657936,1.1937026653954,0,0
2123,-0.3365705094862058,1.112654507796,1.1937026653954,0,0
2124,0.23231807558248696,1.184274766159,1.2965284422411998,0,0
2125,-0.32741927695559625,1.110921036969,1.1937026653954,0,0
2126,-0.3317696278774809,1.174846359917,1.1937026653954,0,0
2127,-0.3374334913822816,1.115494898446,1.1937026653954,0,0
2128,-0.13136702915958942,1.170386696685,1.1937026653954,0,0
2129,-0.3303458912645105,1.122055897778,1.1937026653954,0,0
2130,-0.33728989046071234,1.179734092938,1.1937026653954,0,0
2131,-0.33277345796180513,1.125973862578,1.1937026653954,0,0
2132,-0.33140058956665897,1.18656212115,1.1937026653954,0,0
2133,-0.3381877976607961,1.133344421019,1.1937026653954,0,0
2134,-0.0056401211799086415,1.113057720759,1.1937026653954,0,0
2135,-0.3323222964402456,1.108936596306,1.1937026653954,0,0
2136,-0.33644290882706374,1.065897260035,1.1937026653954,0,0
2137,-0.3382112532426338,1.12119927692,1.1937026653954,0,0
2138,-0.3377687513613127,1.099978087735,1.1937026653954,0,0
2139,-0.34107581635460804,1.107109525975,1.1937026653954,0,0
2140,-0.32799821118213035,1.176412092193,1.1937026653954,0,0
2141,-0.33981535123672857,1.108884302091,1.1937026653954,0,0
2142,-0.3348759727328001,1.166491125478,1.1937026653954,0,0
2143,-0.3340261810172198,1.100038011519,1.1937026653954,0,0
2144,0.22426610122465673,1.133033121268,1.1937026653954,0,0
2145,-0.33607690999261697,1.102037234026,1.1937026653954,0,0
2146,-0.3218929354196146,1.10531744231,1.1937026653954,0,0
2147,-0.33187715652282523,1.070120844998,1.1937026653954,0,0
2148,-0.3292587336486207,1.046067179828,1.1937026653954,0,0
2149,-0.3357696361356809,1.052323004812,1.1937026653954,0,0
2150,-0.17829849424340383,1.009959977139,1.1937026653954,0,0
2151,-0.3364630381894722,1.007432332868,1.1937026653954,0,0
2152,-0.3372620190358391,0.99198100839,1.1937026653954,0,0
2153,-0.3345454153398588,0.987125128533,1.1937026653954,0,0
2154,-0.008239274920867512,0.984362243787,1.1937026653954,0,0
2155,-0.325346755508076,0.984614317564,1.1937026653954,0,0
2156,-0.3367894091338215,0.99022266929,1.1937026653954,0,0
2157,-0.3309014272578177,0.976248368216,1.1937026653954,0,0
2158,-0.3281032164885973,0.986538475585,1.1937026653954,0,0
2159,-0.3329035819598245,0.976034127469,1.1937026653954,0,0
2160,-0.3304819221694475,0.988946270561,1.1937026653954,0,0
2161,-0.3289015665002448,0.97664031455,1.1937026653954,0,0
2162,-0.33470214909331275,0.982366242065,1.1937026653954,0,0
2163,-0.3270298798879224,0.977628233056,1.1937026653954,0,0
2164,-0.3276372590254384,0.982674086791,1.1937026653954,0,0
2165,-0.0025431814967689093,0.984729397545,1.1937026653954,0,0
2166,-0.32847082108414793,0.986351501263,1.1937026653954,0,0
2167,-0.3263274741022276,0.976449329833,1.1937026653954,0,0
2168,-0.3151540722044244,0.982458283202,1.1937026653954,0,0
2169,-0.31237788330177063,0.973965334443,1.1937026653954,0,0
2170,-0.3131846062106022,0.983551091014,1.1937026653954,0,0
2171,-0.32282146677789236,0.974448712542,1.1937026653954,0,0
2172,-0.32278189623640563,0.98131894871,1.1937026653954,0,0
2173,-0.12865025341777647,0.972130269671,1.1937026653954,0,0
2174,-0.3106222702778093,0.97970060995,1.1937026653954,0,0
2175,0.2520995613175361,0.978542114514,1.1937026653954,0,0
2176,-0.31902573427154135,0.986501396818,1.1937026653954,0,0
2177,-0.32574555774792924,0.97249595309,1.1937026653954,0,0
2178,-0.32752887015093124,0.976167143343,1.1937026653954,0,0
2179,-0.3247675345384876,0.972641955877,1.1937026653954,0,0
2180,0.2065647643023707,0.97811255837,1.1937026653954,0,0
2181,-0.31227442640779657,0.978464248927,1.1937026653954,0,0
2182,0.5985707349809437,1.059733705166,1.1937026653954,0,0
2183,0.19063148505260075,1.029353815889,1.1937026653954,0,0
2184,-0.2274673580309332,1.077153646351,1.1937026653954,0,0
2185,0.20972559033799776,1.039710072443,1.1937026653954,0,0
2186,-0.0678506325609125,1.079472905129,1.1937026653954,0,0
2187,-0.256152502343551,1.034727493488,1.1937026653954,0,0
2188,-0.2543206156671588,1.074923975267,1.1937026653954,0,0
2189,0.4415716868531865,1.092133763085,1.1937026653954,0,0
2190,-0.24171481751614676,1.113108239772,1.1937026653954,0,0
2191,-0.307266114873626,1.107204092381,1.1937026653954,0,0
2192,-0.28906102775363085,1.121028541956,1.1937026653954,0,0
2193,-0.2998834561530299,1.119854587591,1.1937026653954,0,0
2194,-0.16280117913331793,1.103841055502,1.1937026653954,0,0
2195,-0.3182374202667926,1.136134742711,1.1937026653954,0,0
2196,-0.31454915905717507,1.135750849982,1.1937026653954,0,0
2197,-0.3117764684197831,1.136895652108,1.1937026653954,0,0
2198,-0.31830899133313384,1.137676860746,1.1937026653954,0,0
2199,0.2486066868250858,1.145127289691,1.1937026653954,0,0
2200,-0.313242184215896,1.165128181178,1.1937026653954,0,0
2201,-0.3116490398064736,1.158829925551,1.2965284422411998,0,0
2202,-0.31593166201894407,1.183962871127,1.2965284422411998,0,0
2203,-0.32051754368559104,1.141310007385,1.2965284422411998,0,0
2204,-0.3265727541108344,1.174983322641,1.2965284422411998,0,0
2205,-0.3212381863295364,1.144016746599,1.2965284422411998,0,0
2206,-0.32709617488206544,1.180693815616,1.2965284422411998,0,0
2207,-0.32215966380867955,1.137960176222,1.2965284422411998,0,0
2208,-0.3276803278321869,1.166149057471,1.2965284422411998,0,0
2209,0.23816511055034373,1.156586981142,1.2965284422411998,0,0
2210,-0.3341513730347061,1.171510801922,1.2965284422411998,0,0
2211,-0.329389660527192,1.168385447005,1.2965284422411998,0,0
2212,-0.33550531638827163,1.169585098133,1.2965284422411998,0,0
2213,-0.3308306017234175,1.150767402723,1.2965284422411998,0,0
2214,-0.3292140017321574,1.175018601945,1.2965284422411998,0,0
2215,-0.336088379714787,1.156751443878,1.2965284422411998,0,0
2216,-0.3321696917867728,1.173622471483,1.2965284422411998,0,0
2217,-0.32830754958905706,1.146202436271,1.2965284422411998,0,0
2218,-0.3333590446271979,1.172426847733,1.2965284422411998,0,0
2219,-0.33572599384282376,1.131597821148,1.2965284422411998,0,0
2220,0.23638386269733225,1.194922317988,1.2965284422411998,0,0
2221,-0.32921595158492634,1.143187042603,1.2965284422411998,0,0
2222,-0.33559139665315807,1.178797683375,1.2965284422411998,0,0
2223,-0.3311425781664433,1.130638958368,1.2965284422411998,0,0
2224,-0.13444475705809422,1.163592937563,1.2965284422411998,0,0
2225,-0.32346600781523926,1.162116840245,1.2965284422411998,0,0
2226,-0.3339680295258176,1.203114211916,1.2965284422411998,0,0
2227,-0.3300978011739719,1.16629123459,1.2965284422411998,0,0
2228,-0.3380971868556525,1.196245088901,1.2965284422411998,0,0
2229,-0.33415791077634305,1.154777551423,1.2965284422411998,0,0
2230,0.22887715893146687,1.159367381141,1.2965284422411998,0,0
2231,-0.34255718832148296,1.144842690693,1.2965284422411998,0,0
2232,-0.3357813926009052,1.116555195842,1.2965284422411998,0,0
2233,-0.3406729423633844,1.137621031765,1.2965284422411998,0,0
2234,-0.33289142405432426,1.169192552358,1.1937026653954,0,0
2235,-0.3391124866621469,1.139816301405,1.1937026653954,0,0
2236,-0.33566514696671157,1.220358670852,1.1937026653954,1,0
2237,-0.331520906952223,1.137811507818,1.1937026653954,0,0
2238,-0.33211079476342953,1.198612102855,1.1937026653954,1,0
2239,-0.04279611410400763,1.131054977715,1.1937026653954,0,0
2240,0.2271778048947497,1.177262410878,1.1937026653954,0,0
2241,-0.3376434446466047,1.129870127136,1.1937026653954,0,0
2242,-0.336004077256837,1.143337160538,1.1937026653954,0,0
2243,-0.3240777454471798,1.107506196086,1.1937026653954,0,0
2244,-0.337801554766719,1.09165358644,1.1937026653954,0,0
2245,-0.33233875549155967,1.087659785864,1.1937026653954,0,0
2246,-0.33209261525378997,1.036024750097,1.1937026653954,0,0
2247,-0.3286268093056609,1.028461799564,1.1937026653954,0,0
2248,-0.3333440192911551,1.025304020991,1.1937026653954,0,0
2249,-0.3231706624693601,1.008367407034,1.1937026653954,0,0
2250,0.2488529417600771,1.009383761005,1.1937026653954,0,0
2251,-0.3379538726771375,1.013354801977,1.1937026653954,0,0
2252,-0.33014471233764753,1.005730250994,1.1937026653954,0,0
2253,-0.3329656905053755,0.987344660766,1.1937026653954,0,0
2254,-0.336583470272258,0.989985809575,1.1937026653954,0,0
2255,-0.327727468390306,0.990680058191,1.1937026653954,0,0
2256,-0.33201892228884733,0.991961631614,1.1937026653954,0,0
2257,-0.3281959491923423,0.996881288674,1.1937026653954,0,0
2258,-0.33471918163073533,0.990369656593,1.1937026653954,0,0
2259,-0.3342896405354663,0.991519739319,1.1937026653954,0,0
2260,-0.3269939223089193,0.992973259022,1.1937026653954,0,0
2261,0.1616590815482335,1.000794453066,1.1937026653954,0,0
2262,-0.3370185168341686,0.998915078506,1.1937026653954,0,0
2263,-0.3346633240837671,0.994490819407,1.1937026653954,0,0
2264,-0.3291016558035016,0.992243504961,1.1937026653954,0,0
2265,-0.3296635574926132,0.99289860747,1.1937026653954,0,0
2266,-0.3313533343113183,0.997951658463,1.1937026653954,0,0
2267,-0.31984432834281895,0.997963511139,1.1937026653954,0,0
2268,-0.31289344731331503,0.998443686721,1.1937026653954,0,0
2269,-0.12256740096210328,0.99473213051,1.1937026653954,0,0
2270,-0.32190624029733195,0.996666729734,1.1937026653954,0,0
2271,0.25893643330866967,1.004904176445,1.1937026653954,0,0
2272,-0.3274715788886917,1.01182035414,1.1937026653954,0,0
2273,-0.32505112341914255,0.991787208833,1.1937026653954,0,0
2274,-0.3235385538079649,0.995564298007,1.1937026653954,0,0
2275,-0.31740058933726456,0.990116447096,1.1937026653954,0,0
2276,0.37888827882711085,1.022554164537,1.1937026653954,0,0
2277,-0.30897934727416887,1.019156672914,1.1937026653954,0,0
2278,0.5901000010666841,1.118008640857,1.1937026653954,0,0
2279,0.19093669435954608,1.084511658028,1.1937026653954,0,0
2280,0.18988411795599913,1.150470143947,1.1937026653954,0,0
2281,0.18483778429283482,1.098876263152,1.1937026653954,0,0
2282,-0.05750781059405474,1.155128066814,1.1937026653954,0,0
2283,-0.058355537759644416,1.095789475274,1.1937026653954,0,0
2284,-0.24974339364075016,1.156086573205,1.1937026653954,0,0
2285,0.29522227576033644,1.141116093877,1.1937026653954,0,0
2286,-0.2397677748291671,1.1872280023,1.1937026653954,0,0
2287,-0.3127410720542857,1.137040001429,1.1937026653954,0,0
2288,-0.3167056962195911,1.169694856199,1.1937026653954,0,0
2289,-0.2626394331112757,1.152489001105,1.1937026653954,0,0
2290,-0.32015859873027885,1.184355140374,1.1937026653954,0,0
2291,-0.32098986684455444,1.161424031973,1.1937026653954,0,0
2292,-0.3195913636203581,1.219941134819,1.1937026653954,1,0
2293,-0.3249843122875019,1.154501708835,1.1937026653954,0,0
2294,-0.3243804887638587,1.228716379309,1.1937026653954,1,0
2295,-0.3249408993890882,1.124034995621,1.1937026653954,0,0
2296,0.005433207391960737,1.208537641799,1.1937026653954,1,0
2297,-0.3202883786366332,1.134501060816,1.1937026653954,0,0
2298,-0.32333875124776246,1.212933340698,1.1937026653954,1,0
2299,-0.32077108189416037,1.142116793843,1.1937026653954,0,0
2300,-0.3253871289301147,1.206029483315,1.1937026653954,1,0
2301,-0.3283533137805157,1.143617622005,1.1937026653954,0,0
2302,-0.32839707077059443,1.214327127379,1.1937026653954,1,0
2303,-0.3339218065454722,1.124451620141,1.1937026653954,0,0
2304,-0.3319443690947419,1.210272948496,1.1937026653954,1,0
2305,-0.32105753820535776,1.12486341238,1.1937026653954,0,0
2306,0.25319778721531994,1.235611663344,1.1937026653954,1,0
2307,-0.3368076459920719,1.153358545151,1.1937026653954,0,0
2308,-0.33172782074017104,1.240971834745,1.1937026653954,1,0
2309,-0.322322705909327,1.144642868975,1.1937026653954,0,0
2310,-0.3275279525731576,1.237999757394,1.1937026653954,1,0
2311,-0.32825897531566683,1.148928676399,1.1937026653954,0,0
2312,-0.3350957326095786,1.223770932139,1.1937026653954,1,0
2313,-0.32824727619905336,1.136768137879,1.1937026653954,0,0
2314,-0.32882231072004964,1.213327339336,1.1937026653954,1,0
2315,-0.3333627149382923,1.136000477279,1.1937026653954,0,0
2316,0.2365477650271426,1.22707339224,1.1937026653954,1,0
2317,-0.33077405599311904,1.148210955875,1.1937026653954,0,0
2318,-0.32653914782487614,1.224058768666,1.1937026653954,1,0
2319,-0.334763741501366,1.137701084763,1.1937026653954,0,0
2320,-0.33154585359794286,1.212478352492,1.1937026653954,1,0
2321,-0.33534118466401797,1.159548150855,1.1937026653954,0,0
2322,-0.329552932022283,1.200216626057,1.1937026653954,1,0
2323,-0.33607679529539525,1.161927487299,1.1937026653954,0,0
2324,-0.3277399130388604,1.206539780719,1.1937026653954,1,0
2325,-0.32668647640615067,1.132915069864,1.1937026653954,0,0
2326,0.23714441997442948,1.208876517335,1.1937026653954,1,0
2327,-0.33585709276722764,1.151228208665,1.1937026653954,0,0
2328,-0.09995002642050499,1.174930582645,1.1937026653954,0,0
2329,-0.3329916694260907,1.156067939436,1.1937026653954,0,0
2330,-0.33874063826939327,1.189168399498,1.1937026653954,0,0
2331,-0.34302979822350066,1.138372847037,1.1937026653954,0,0
2332,-0.33398706926461996,1.223760951228,1.1937026653954,1,0
2333,-0.3420559041140403,1.152320636158,1.1937026653954,0,0
2334,-0.33619533487402287,1.211188661151,1.1937026653954,1,0
2335,-0.3392098072547599,1.119527673705,1.1937026653954,0,0
2336,-0.3325660280363595,1.154615797814,1.1937026653954,0,0
2337,-0.004969371827403202,1.124496276997,1.1937026653954,0,0
2338,-0.34031112997752966,1.163289846235,1.1937026653954,0,0
2339,-0.33590062036286306,1.098324533551,1.1937026653954,0,0
2340,-0.3324587861340693,1.087747469778,1.1937026653954,0,0
2341,-0.3239313917922898,1.072792623541,1.1937026653954,0,0
2342,-0.3370865322866371,1.017125500542,1.1937026653954,0,0
2343,-0.33327623323313005,1.005931705503,1.1937026653954,0,0
2344,-0.32905761207036854,0.998237782957,1.1937026653954,0,0
2345,-0.3374133046712623,0.982467889392,1.1937026653954,0,0
2346,-0.33774237100032145,0.985386826022,1.1937026653954,0,0
2347,0.23879778042524458,0.984142723251,1.1937026653954,0,0
2348,-0.3321878139478015,0.993227946914,1.1937026653954,0,0
2349,-0.3367253507355017,0.978892017037,1.1937026653954,0,0
2350,-0.3243569184847992,0.983481063565,1.1937026653954,0,0
2351,-0.32763743107127097,0.976872485923,1.1937026653954,0,0
2352,-0.3315699973631109,0.982808070498,1.1937026653954,0,0
2353,-0.3283652422915725,0.978542935648,1.1937026653954,0,0
2354,-0.31778568525912454,0.981455392001,1.1937026653954,0,0
2355,-0.31757315130731323,0.981232848593,1.1937026653954,0,0
2356,-0.31910441656562794,0.981267324206,1.1937026653954,0,0
2357,0.24778660168992594,0.983345680754,1.1937026653954,0,0
2358,-0.3166182969366551,0.983847064991,1.1937026653954,0,0
2359,-0.3121188396265596,0.978972630142,1.1937026653954,0,0
2360,-0.32126714737801576,0.986854330863,1.1937026653954,0,0
2361,-0.3153917248477882,0.981930578623,1.1937026653954,0,0
2362,-0.3248507473728315,0.983652120426,1.1937026653954,0,0
2363,-0.32410229065262375,0.983498815644,1.1937026653954,0,0
2364,-0.32121943333378833,0.986034059354,1.1937026653954,0,0
2365,-0.11990659746448029,0.987197709624,1.1937026653954,0,0
2366,-0.3174600598467163,0.989129494462,1.1937026653954,0,0
2367,0.004171996742140083,0.984699391051,1.1937026653954,0,0
2368,-0.3212969113070471,0.989559037791,1.1937026653954,0,0
2369,-0.31993058065353785,0.98371764144,1.1937026653954,0,0
2370,-0.31972561671835875,0.983753888087,1.1937026653954,0,0
2371,-0.3271450932471208,0.984451174103,1.1937026653954,0,0
2372,-0.3279855371391325,0.977385063236,1.1937026653954,0,0
2373,-0.02627243090553344,0.992096592118,1.1937026653954,0,0
2374,-0.32022839198968367,0.98120174995,1.1937026653954,0,0
2375,-0.31189162443037055,0.985424440587,1.1937026653954,0,0
2376,-0.3191032122448001,0.9833995364,1.1937026653954,0,0
2377,0.25799534260461554,0.9886277886,1.1937026653954,0,0
2378,-0.33028739568144316,0.985687666064,1.1937026653954,0,0
2379,-0.32986651422641255,0.988995720403,1.1937026653954,0,0
2380,-0.32252382748757913,0.986619225833,1.1937026653954,0,0
2381,-0.32533826791367015,0.98742429254,1.1937026653954,0,0
2382,-0.3278703237799341,0.982622267917,1.1937026653954,0,0
2383,0.3497235280819515,1.009426335624,1.1937026653954,0,0
2384,-0.32714704309988973,1.011611250454,1.1937026653954,0,0
2385,0.6081628636317704,1.079361733123,1.1937026653954,0,0
2386,0.19319772069093144,1.098066372033,1.1937026653954,0,0
2387,0.07615872581480043,1.101239064622,1.1937026653954,0,0
2388,0.1952257969650426,1.07652538908,1.1937026653954,0,0
2389,0.04836839187728037,1.123340797558,1.1937026653954,0,0
2390,-0.011703016319006054,1.093416837356,1.1937026653954,0,0
2391,-0.24135157141502073,1.118598527927,1.1937026653954,0,0
2392,0.32212691775188396,1.137097747862,1.1937026653954,0,0
2393,-0.3276187927727445,1.145715067236,1.1937026653954,0,0
2394,-0.3308942013328505,1.170983174441,1.1937026653954,0,0
2395,-0.3171221044829753,1.166681581454,1.1937026653954,0,0
2396,-0.3294819344420502,1.191212748,1.1937026653954,0,0
2397,-0.3337595673253766,1.141160039609,1.1937026653954,0,0
2398,-0.3310972727638716,1.2003259692,1.1937026653954,1,0
2399,-0.3318831207783537,1.170250663826,1.1937026653954,0,0
2400,-0.33142576560682224,1.181385121374,1.1937026653954,0,0
2401,-0.32797911409471725,1.170998196535,1.1937026653954,0,0
2402,-0.32619058296812786,1.135284369913,1.1937026653954,0,0
2403,0.2353901259685176,1.162050182585,1.1937026653954,0,0
2404,-0.33695170570252797,1.199965270342,1.1937026653954,1,0
2405,-0.33394721198007893,1.186046988981,1.1937026653954,0,0
2406,-0.32085538435211036,1.181448032801,1.1937026653954,0,0
2407,-0.3357395854635953,1.174287933356,1.1937026653954,0,0
2408,-0.3305524036121825,1.208092602044,1.1937026653954,1,0
2409,-0.32973151559647085,1.188742958012,1.1937026653954,0,0
2410,-0.33504549522647364,1.190603429585,1.1937026653954,0,0
2411,-0.3322697077640958,1.164902561006,1.1937026653954,0,0
2412,-0.32836334978741444,1.181696991382,1.1937026653954,0,0
2413,0.24947001281282666,1.180081298248,1.1937026653954,0,0
2414,-0.33186689112148304,1.19128606129,1.1937026653954,0,0
2415,-0.3304546815792936,1.202113167434,1.1937026653954,1,0
2416,-0.33309191479785705,1.181465808336,1.1937026653954,0,0
2417,-0.08832202208449125,1.207466421116,1.1937026653954,1,0
2418,-0.32874557827873196,1.198524893983,1.1937026653954,1,0
2419,-0.3312364578424053,1.207977848894,1.1937026653954,1,0
2420,-0.33481076736226323,1.181740948878,1.1937026653954,0,0
2421,-0.3273538995392269,1.186868910314,1.1937026653954,0,0
2422,-0.3370519510742943,1.186553781297,1.1937026653954,0,0
2423,0.23661933609348362,1.197534018652,1.1937026653954,1,0
2424,-0.3329780778053192,1.205257162824,1.1937026653954,1,0
2425,-0.32943215584783214,1.210060354472,1.1937026653954,1,0
2426,-0.33606360511489963,1.193154470098,1.1937026653954,0,0
2427,-0.33091553501608684,1.201585618509,1.1937026653954,1,0
2428,-0.33992156086402336,1.194583673164,1.1937026653954,1,0
2429,-0.33627476270005063,1.208831334439,1.1937026653954,1,0
2430,-0.3353752497388631,1.208486348772,1.1937026653954,1,0
2431,-0.3351834186355688,1.208548941606,1.1937026653954,1,0
2432,-0.338663733782243,1.204765948037,1.1937026653954,1,0
2433,0.23123888942350534,1.211171782153,1.1937026653954,1,0
2434,-0.33348062368220066,1.214429827702,1.1937026653954,1,0
2435,-0.3376126484425781,1.167349087396,1.1937026653954,0,0
2436,-0.33463596879639146,1.20713705509,1.1937026653954,1,0
2437,-0.33130676723930785,1.219780239712,1.1937026653954,1,0
2438,-0.32893775347369136,1.203895911935,1.1937026653954,1,0
2439,-0.3353014994253096,1.231922082957,1.1937026653954,1,0
2440,-0.33261133343893123,1.195741218072,1.1937026653954,1,0
2441,-0.322680217149368,1.201256257114,1.1937026653954,1,0
2442,-0.3329518121415497,1.133406869945,1.1937026653954,0,0
2443,0.2426506894966134,1.176056127487,1.1937026653954,0,0
2444,-0.3323944983413062,1.161126037223,1.1937026653954,0,0
2445,-0.32677754600018105,1.165171305506,1.1937026653954,0,0
2446,-0.33010703430031885,1.13530056996,1.1937026653954,0,0
2447,-0.3181820788573221,1.134706340045,1.1937026653954,0,0
2448,-0.3242636696435566,1.103147714027,1.1937026653954,0,0
2449,-0.32462949643217087,1.04725876563,1.1937026653954,0,0
2450,-0.32171492533153523,1.03955428302,1.1937026653954,0,0
2451,-0.3207050162944608,1.029453326769,1.1937026653954,0,0
2452,-0.3241310223066598,1.011916951116,1.1937026653954,0,0
2453,-0.32134038155407163,0.994200120819,1.1937026653954,0,0
2454,0.24679412663055,1.013147686687,1.1937026653954,0,0
2455,-0.31573920008093037,1.008722484818,1.1937026653954,0,0
2456,-0.31554301048321143,0.9859138233,1.1937026653954,0,0
2457,-0.31278385411798004,1.000098790613,1.1937026653954,0,0
2458,-0.31569945749361106,0.993097796246,1.1937026653954,0,0
2459,-0.318753443067224,1.005337284807,1.1937026653954,0,0
2460,-0.32329436342296425,0.996408460834,1.1937026653954,0,0
2461,-0.31950832283184694,1.004463328104,1.1937026653954,0,0
2462,-0.024204554695492098,0.998180929843,1.1937026653954,0,0
2463,-0.32178512003121595,1.014664399647,1.1937026653954,0,0
2464,0.016054628910329383,0.987611172478,1.1937026653954,0,0
2465,-0.32643959063644,1.014097608989,1.1937026653954,0,0
2466,-0.32113484413278404,0.981526572687,1.1937026653954,0,0
2467,-0.317788954129943,0.990537220793,1.1937026653954,0,0
2468,-0.32180427446724,0.982584727449,1.1937026653954,0,0
2469,-0.321954470479057,0.99360569534,1.1937026653954,0,0
2470,-0.31351367253966145,0.981381467358,1.1937026653954,0,0
2471,-0.31931821218687806,0.990305586347,1.1937026653954,0,0
2472,-0.12817598040604428,0.983708924446,1.1937026653954,0,0
2473,-0.32070834251389013,0.990577110356,1.1937026653954,0,0
2474,0.2497907062447018,0.985204870937,1.1937026653954,0,0
2475,-0.3243469398265113,1.002834659692,1.1937026653954,0,0
2476,-0.3283935725053325,0.98635004368,1.1937026653954,0,0
2477,-0.31968570208520697,0.9883329392,1.1937026653954,0,0
2478,-0.32300916878120556,0.980126279294,1.1937026653954,0,0
2479,-0.3251575624408808,0.987323801059,1.1937026653954,0,0
2480,0.308393072425446,0.998503959466,1.1937026653954,0,0
2481,-0.32105266357343554,1.008602095219,1.1937026653954,0,0
2482,0.5553188714665083,1.04243344127,1.1937026653954,0,0
2483,-0.2343384671427443,1.047477412969,1.1937026653954,0,0
2484,0.27147329842943946,1.048461421409,1.1937026653954,0,0
2485,0.28366710416010266,1.056083382455,1.1937026653954,0,0
2486,-0.020704224883631106,1.077992141871,1.1937026653954,0,0
2487,-0.23793921437220422,1.064605056898,1.1937026653954,0,0
2488,-0.23719276485337626,1.077906551907,1.1937026653954,0,0
2489,-0.2404516570135573,1.070067472167,1.1937026653954,0,0
2490,0.3327858452617487,1.09957049451,1.1937026653954,0,0
2491,-0.32738131217521327,1.093818577696,1.1937026653954,0,0
2492,-0.3242388950436692,1.094677338913,1.1937026653954,0,0
2493,-0.33035667280335035,1.105060259485,1.1937026653954,0,0
2494,-0.3164038131320749,1.111981265356,1.1937026653954,0,0
2495,-0.3299671610384549,1.093884827941,1.1937026653954,0,0
2496,-0.33443874692367714,1.129341899661,1.1937026653954,0,0
2497,-0.3289228428348703,1.119313983166,1.1937026653954,0,0
2498,-0.3328786926627155,1.125034649148,1.1937026653954,0,0
2499,-0.3357551842857466,1.107195759176,1.1937026653954,0,0
2500,0.2328607081383529,1.1580933498,1.1937026653954,0,0
2501,-0.32904792015513484,1.124994479442,1.1937026653954,0,0
2502,-0.33292388336806555,1.149216715631,1.1937026653954,0,0
2503,-0.3285355103171872,1.129079470441,1.1937026653954,0,0
2504,-0.3324571230243547,1.131843527626,1.1937026653954,0,0
2505,-0.3318957374727408,1.123358896154,1.1937026653954,0,0
2506,-0.33721682833048905,1.136016983409,1.1937026653954,0,0
2507,-0.33511672220114985,1.100003874163,1.1937026653954,0,0
2508,-0.3335084951070739,1.115345536106,1.1937026653954,0,0
2509,-0.28691808221198645,1.08988598613,1.1937026653954,0,0
2510,0.22754334494030992,1.135305116759,1.1937026653954,0,0
2511,-0.33190663370880236,1.107299295101,1.1937026653954,0,0
2512,-0.3339963023909668,1.131334242273,1.1937026653954,0,0
2513,-0.3296829986716915,1.115756764465,1.1937026653954,0,0
2514,-0.32453412569232676,1.123133123916,1.1937026653954,0,0
2515,-0.3150159194008859,1.107097477971,1.1937026653954,0,0
2516,-0.31201062279788505,1.128673911825,1.1937026653954,0,0
2517,-0.3278501944175256,1.102606601797,1.1937026653954,0,0
2518,-0.31373693068170183,1.113671658498,1.1937026653954,0,0
2519,-0.31895255744409634,1.081878268586,1.1937026653954,0,0
2520,-0.3319478673600037,1.119160942502,1.1937026653954,0,0
2521,0.240378193443058,1.098552992527,1.1937026653954,0,0
2522,-0.33584218212840655,1.126530376199,1.1937026653954,0,0
2523,-0.3351915047896986,1.104226909905,1.1937026653954,0,0
2524,-0.33409975928494084,1.117324924091,1.1937026653954,0,0
2525,-0.14275944540222996,1.105259953504,1.1937026653954,0,0
2526,-0.33399830959234655,1.122864425235,1.1937026653954,0,0
2527,-0.3371900465292219,1.092945279718,1.1937026653954,0,0
2528,-0.33446220250551495,1.119743727038,1.1937026653954,0,0
2529,-0.3388958236103543,1.103048108388,1.1937026653954,0,0
2530,-0.33526772109351877,1.133359323941,1.1937026653954,0,0
2531,0.2271171300644701,1.074168743898,1.1937026653954,0,0
2532,-0.33491737842983405,1.14378999073,1.1937026653954,0,0
2533,-0.3329305358069242,1.089297461826,1.1937026653954,0,0
2534,-0.33698513994265367,1.120877652607,1.1937026653954,0,0
2535,-0.3413017698813583,1.08896145179,1.1937026653954,0,0
2536,-0.3353591347792142,1.140588149537,1.1937026653954,0,0
2537,-0.3218600746655974,1.094388358755,1.1937026653954,0,0
2538,-0.3369044504471873,1.123935809811,1.1937026653954,0,0
2539,-0.3290173533455516,1.065532611387,1.1937026653954,0,0
2540,-0.3258970727777958,1.116794669157,1.1937026653954,0,0
2541,0.22798951713272553,1.076168945084,1.1937026653954,0,0
2542,-0.3330518281188727,1.116546284212,1.1937026653954,0,0
2543,-0.3272939128922774,1.064594325826,1.1937026653954,0,0
2544,-0.33340480881865653,1.092859109204,1.1937026653954,0,0
2545,-0.33095091910898156,1.051848853534,1.1937026653954,0,0
2546,-0.3315077167717274,1.031507782226,1.1937026653954,0,0
2547,-0.3363930728842348,1.026178673627,1.1937026653954,0,0
2548,-0.3336197514121235,1.016458507207,1.1937026653954,0,0
2549,-0.330538811991411,0.99735520829,1.1937026653954,0,0
2550,-0.33441259595712935,0.993875480828,1.1937026653954,0,0
2551,0.23313059070101438,1.001786295642,1.1937026653954,0,0
2552,-0.04533677226189914,0.997645375385,1.1937026653954,0,0
2553,-0.32796970892253774,1.00014623087,1.1937026653954,0,0
2554,-0.32755301391609926,0.989039859743,1.1937026653954,0,0
2555,-0.3300662020893934,0.993739826495,1.1937026653954,0,0
2556,-0.3248393349992722,0.989119076518,1.1937026653954,0,0
2557,-0.3181835699212041,0.993059249355,1.1937026653954,0,0
2558,-0.3186593913454294,0.989345369392,1.1937026653954,0,0
2559,-0.30896913922143754,0.988817032762,1.1937026653954,0,0
2560,-0.31493133019988173,0.991397626783,1.1937026653954,0,0
2561,0.24720439859257337,0.999895881248,1.1937026653954,0,0
2562,-0.32259109740810665,0.995050601946,1.1937026653954,0,0
2563,-0.3222687408665169,0.999882162794,1.1937026653954,0,0
2564,-0.3348534920773467,0.998841841019,1.1937026653954,0,0
2565,-0.332326368191616,0.999002085341,1.1937026653954,0,0
2566,-0.3283090406529392,0.991579722651,1.1937026653954,0,0
2567,-0.33063624728124574,0.999973207346,1.1937026653954,0,0
2568,-0.3238227735233392,0.998306092151,1.1937026653954,0,0
2569,-0.3368673458959671,0.998279713305,1.1937026653954,0,0
2570,-0.13741621798069348,0.991058403843,1.1937026653954,0,0
2571,-0.3336818599576744,0.9844780852,1.1937026653954,0,0
2572,0.24109069258426263,0.992136045793,1.1937026653954,0,0
2573,-0.31566516302432257,0.996664704391,1.1937026653954,0,0
2574,-0.31980487249855394,0.974363165811,1.1937026653954,0,0
2575,-0.32640185525050047,0.993128967538,1.1937026653954,0,0
2576,-0.32532266909151886,0.98283768028,1.1937026653954,0,0
2577,0.3124023138099927,1.024555259058,1.1937026653954,0,0
2578,-0.3164995853121949,1.016949386049,1.1937026653954,0,0
2579,0.5586890199317391,1.087504071828,1.1937026653954,0,0
2580,-0.23789757928072686,1.054175647644,1.1937026653954,0,0
2581,0.17766427595600986,1.112533967133,1.1937026653954,0,0
2582,0.1797414426410091,1.072079026651,1.1937026653954,0,0
2583,0.04436740869269595,1.128181006811,1.1937026653954,0,0
2584,-0.07124274554409893,1.069817162377,1.1937026653954,0,0
2585,-0.23558981383149857,1.145773623433,1.1937026653954,0,0
2586,-0.23463191998446542,1.06994808486,1.1937026653954,0,0
2587,0.23586279321914616,1.174660325241,1.1937026653954,0,0
2588,-0.316240541636984,1.089341612195,1.1937026653954,0,0
2589,-0.3255742000987084,1.146996746859,1.1937026653954,0,0
2590,-0.3290288804163326,1.08294467681,1.1937026653954,0,0
2591,-0.33349283893631176,1.166518259252,1.1937026653954,0,0
2592,-0.3327479378299767,1.102692321729,1.1937026653954,0,0
2593,-0.3386880495932435,1.165596216125,1.1937026653954,0,0
2594,-0.3309786758366331,1.105232208054,1.1937026653954,0,0
2595,-0.33166502401128983,1.165495032623,1.1937026653954,0,0
2596,-0.33695594949973084,1.093624361268,1.1937026653954,0,0
2597,0.23407833384392718,1.206537389831,1.1937026653954,1,0
2598,-0.3379219868495048,1.104347793395,1.1937026653954,0,0
2599,-0.3314746839718776,1.20105802971,1.1937026653954,1,0
2600,-0.33306817247296505,1.102794705456,1.1937026653954,0,0
2601,-0.3335710050929007,1.196136187988,1.1937026653954,1,0
2602,-0.328983116224874,1.110956525273,1.1937026653954,0,0
2603,-0.3328392368184505,1.183298352417,1.1937026653954,0,0
2604,-0.32693600021196045,1.101377285068,1.1937026653954,0,0
2605,-0.3136758544111462,1.175799795985,1.1937026653954,0,0
2606,-0.3135353503145629,1.106827571115,1.1937026653954,0,0
2607,-0.315852004798473,1.184635240133,1.1937026653954,0,0
2608,0.23346665356059737,1.120651565728,1.1937026653954,0,0
2609,-0.32756465568410187,1.196952785132,1.1937026653954,1,0
2610,-0.32769563991128403,1.127762486823,1.1937026653954,0,0
2611,-0.31825640265698407,1.185256865446,1.1937026653954,0,0
2612,-0.31709560942476245,1.112994950381,1.1937026653954,0,0
2613,-0.3135772721490945,1.176583358011,1.1937026653954,0,0
2614,-0.32247072267393173,1.118227581402,1.1937026653954,0,0
2615,-0.31220629625810636,1.18414132334,1.1937026653954,0,0
2616,-0.31270488508083916,1.118820791945,1.1937026653954,0,0
2617,-0.33354359245691434,1.177920351303,1.1937026653954,0,0
2618,-0.000264147701576678,1.093431706416,1.1937026653954,0,0
2619,-0.3290790604508266,1.16038760644,1.1937026653954,0,0
2620,-0.3270194997893585,1.082358094006,1.1937026653954,0,0
2621,-0.33870766281815434,1.128489242437,1.1937026653954,0,0
2622,-0.1407042432351866,1.070707295679,1.1937026653954,0,0
2623,-0.34158943051338364,1.168642965496,1.1937026653954,0,0
2624,-0.3346980199933315,1.091152635343,1.1937026653954,0,0
2625,-0.33288035577243014,1.146220993896,1.1937026653954,0,0
2626,-0.33791556380508947,1.064491768479,1.1937026653954,0,0
2627,-0.3276241835421645,1.166141329638,1.1937026653954,0,0
2628,0.2238653491320346,1.069505253331,1.1937026653954,0,0
2629,-0.3374922163597923,1.115328464735,1.1937026653954,0,0
2630,-0.33634598967472673,1.048716789495,1.1937026653954,0,0
2631,-0.33990974705018817,1.090248298069,1.1937026653954,0,0
2632,-0.32941529535624214,1.042235895669,1.1937026653954,0,0
2633,-0.3321660788242893,1.129957004238,1.1937026653954,0,0
2634,-0.3366324459859241,1.057278513013,1.1937026653954,0,0
2635,-0.33101583773646415,1.128275153633,1.1937026653954,0,0
2636,-0.3276372016768275,1.04048547757,1.1937026653954,0,0
2637,-0.33621758613503283,1.094591285053,1.1937026653954,0,0
2638,0.24170306105092254,1.054525574168,1.1937026653954,0,0
2639,-0.33503540187096403,1.081481110673,1.1937026653954,0,0
2640,-0.3316633609015752,1.047094287429,1.1937026653954,0,0
2641,-0.3291688110268074,1.080229591516,1.1937026653954,0,0
2642,-0.04425489071820765,1.053698004649,1.1937026653954,0,0
2643,-0.337310708006451,1.020618675885,1.1937026653954,0,0
2644,-0.33158869301024807,1.011922739017,1.1937026653954,0,0
2645,-0.3302202978067482,1.011557064639,1.1937026653954,0,0
2646,-0.331187138037074,0.997556533447,1.1937026653954,0,0
2647,-0.3313254055378342,0.990405348305,1.1937026653954,0,0
2648,-0.31810121731602303,0.989119334892,1.1937026653954,0,0
2649,0.23388518372258327,0.999311664775,1.1937026653954,0,0
2650,-0.3319390356739328,0.995994962975,1.1937026653954,0,0
2651,-0.32767843532802887,0.986173669235,1.1937026653954,0,0
2652,-0.3191717438347663,0.989633026552,1.1937026653954,0,0
2653,-0.3236077162326505,0.983622070644,1.1937026653954,0,0
2654,-0.32981891487940673,0.988726117718,1.1937026653954,0,0
2655,-0.3253180812026508,0.986813573701,1.1937026653954,0,0
2656,-0.3301369129265719,0.988959177789,1.1937026653954,0,0
2657,-0.3278905678395643,0.984602988727,1.1937026653954,0,0
2658,-0.3240620319278068,0.991908678359,1.1937026653954,0,0
2659,0.007325826247243317,0.982264137149,1.1937026653954,0,0
2660,-0.31159673787337816,0.99428794137,1.1937026653954,0,0
2661,-0.32482098344380017,0.978932911922,1.1937026653954,0,0
2662,-0.33200888628194847,0.979436994453,1.1937026653954,0,0
2663,-0.3267839116959854,0.980568890187,1.1937026653954,0,0
2664,-0.33629156584302977,0.977067217363,1.1937026653954,0,0
2665,-0.3311303629123322,0.977160829326,1.1937026653954,0,0
2666,-0.3288382536338661,0.984016459802,1.1937026653954,0,0
2667,-0.13773823043061817,0.980558257957,1.1937026653954,0,0
2668,-0.3224948090904889,0.987168826231,1.1937026653954,0,0
2669,0.241347270269207,0.980972268702,1.1937026653954,0,0
2670,-0.3303730171574427,0.994147895278,1.1937026653954,0,0
2671,-0.3224625218225802,0.979610542187,1.1937026653954,0,0
2672,-0.31843722282699516,0.981535507247,1.1937026653954,0,0
2673,-0.31897096634817923,0.976706114689,1.1937026653954,0,0
2674,-0.3209288479226097,0.982294147985,1.1937026653954,0,0
2675,-0.3117823753267007,0.97828318957,1.1937026653954,0,0
2676,-0.3296374638746763,0.981212721442,1.1937026653954,0,0
2677,-0.33176096823724255,0.984202625,1.1937026653954,0,0
2678,-0.32599743284678395,0.982857153651,1.1937026653954,0,0
2679,0.23967819629901888,0.988002192636,1.1937026653954,0,0
2680,-0.32621868378744445,0.991356987564,1.1937026653954,0,0
2681,-0.3212475915017158,0.9885944837,1.1937026653954,0,0
2682,-0.33311187211443294,0.988974265808,1.1937026653954,0,0
2683,-0.3252196136378208,0.987425522172,1.1937026653954,0,0
2684,-0.31809588389521404,0.992103604124,1.1937026653954,0,0
2685,-0.3147479293423824,0.986951046137,1.1937026653954,0,0
2686,-0.3203411393586154,0.988691613148,1.1937026653954,0,0
2687,-0.03334271174282777,0.984288321465,1.1937026653954,0,0
2688,-0.32773830727775666,0.996244708975,1.1937026653954,0,0
2689,-0.06719112353613366,0.98504780523,1.1937026653954,0,0
2690,-0.31955116224415203,0.993517663294,1.1937026653954,0,0
2691,-0.325785472381081,0.985856489871,1.1937026653954,0,0
2692,-0.32112090842034746,0.986574679914,1.1937026653954,0,0
2693,-0.31950224387909676,0.984986357595,1.1937026653954,0,0
2694,-0.30820164276242756,0.982002906985,1.1937026653954,0,0
2695,-0.33132150583229636,0.986868248237,1.1937026653954,0,0
2696,-0.33377677190863175,0.986171040073,1.1937026653954,0,0
2697,-0.32874982207593484,0.985167396585,1.1937026653954,0,0
2698,-0.33103424664054704,0.977207596236,1.1937026653954,0,0
2699,-0.33096749285751725,0.980064293686,1.1937026653954,0,0
2700,0.24713317161789727,0.98425648014,1.1937026653954,0,0
2701,-0.32397021680183546,0.984066258405,1.1937026653954,0,0
2702,-0.32492650488776476,0.973092804663,1.1937026653954,0,0
2703,-0.3149235307888061,0.978185803093,1.1937026653954,0,0
2704,-0.3132801489962789,0.975656982365,1.1937026653954,0,0
2705,-0.31060816251954015,0.981631565477,1.1937026653954,0,0
2706,-0.3223621617535921,0.977498384414,1.1937026653954,0,0
2707,-0.3264636197043863,0.982525819769,1.1937026653954,0,0
2708,-0.3253074717096436,0.98150429,1.1937026653954,0,0
2709,-0.32535822523024605,0.978391809742,1.1937026653954,0,0
2710,0.2517941226161473,0.981366544174,1.1937026653954,0,0
2711,-0.32163142575413706,0.988962488782,1.1937026653954,0,0
2712,-0.1276459071959546,0.980983030487,1.1937026653954,0,0
2713,-0.3252381945877363,0.986062334035,1.1937026653954,0,0
2714,-0.33312282569910534,0.976857712979,1.1937026653954,0,0
2715,0.2679140142456242,0.988957669836,1.1937026653954,0,0
2716,-0.3365066231337185,0.993023135659,1.1937026653954,0,0
2717,-0.3412120193053776,0.990778785194,1.1937026653954,0,0
2718,-0.29357562509699087,0.991333726915,1.1937026653954,0,0
2719,0.43156332198480785,1.034012535122,1.1937026653954,0,0
2720,-0.23763910909162445,1.063166550767,1.1937026653954,0,0
2721,0.1772752229800012,1.084272379412,1.1937026653954,0,0
2722,0.17028718005066623,1.087860831799,1.1937026653954,0,0
2723,0.18794619369814458,1.127120019449,1.1937026653954,0,0
2724,0.16549822695299832,1.120215460568,1.1937026653954,0,0
2725,0.5593247866316258,1.236251735433,1.1937026653954,1,0
2726,-0.07260884680316482,1.136355759951,1.1937026653954,0,0
2727,-0.32415860698847876,1.258787874545,1.1937026653954,1,0
2728,-0.32728835007702495,1.158124832231,1.1937026653954,0,0
2729,-0.3304872555902566,1.273679127382,1.1937026653954,1,0
2730,-0.3334127229269538,1.134477011139,1.1937026653954,0,0
2731,-0.3327716801548688,1.250888989958,1.1937026653954,1,0
2732,-0.33414231195419175,1.161002250668,1.1937026653954,0,0
2733,-0.32569170740234077,1.251753055661,1.1937026653954,1,0
2734,-0.3255233892294951,1.163588837317,1.1937026653954,0,0
2735,0.25576264648699043,1.304530593937,1.1937026653954,1,0
2736,-0.32285799784300406,1.16398138607,1.1937026653954,0,0
2737,-0.31303802316126883,1.307977306035,1.1937026653954,1,0
2738,-0.3113518019564364,1.172850203447,1.1937026653954,0,0
2739,-0.3160201509254862,1.287352397732,1.1937026653954,1,0
2740,-0.31937229192690986,1.183829183168,1.1937026653954,0,0
2741,-0.3233245287922716,1.311702442629,1.1937026653954,1,0
2742,-0.32466143960841454,1.186177361569,1.1937026653954,0,0
2743,-0.3237864145040601,1.295423478408,1.1937026653954,1,0
2744,-0.3201241322151578,1.180326989756,1.1937026653954,0,0
2745,0.24522931243488788,1.302153268647,1.1937026653954,1,0
2746,-0.31273086400155437,1.180335932951,1.1937026653954,0,0
2747,0.27522171833183906,1.34572037846,1.1937026653954,1,0
2748,-0.3206829944278943,1.220653004097,1.1937026653954,1,0
2749,0.24383826453010204,1.385067303767,1.1937026653954,1,0
2750,-0.01699021414774171,1.248246099534,1.1937026653954,1,0
2751,-0.23887279240823678,1.377954797042,1.1937026653954,1,0
2752,-0.24522438045435468,1.232006155184,1.1937026653954,1,0
2753,-0.24994629302593863,1.392569609842,1.1937026653954,1,0
2754,-0.23713857041612263,1.225232670623,1.1937026653954,1,0
2755,-0.24234656981327407,1.3943659311,1.2965284422411998,1,0
2756,0.4385638669113081,1.26761861222,1.2965284422411998,0,0
2757,-0.23589496578983316,1.418526497285,1.2854671116552252,1,0
2758,-0.314403608282837,1.267259303031,1.2854671116552252,0,0
2759,-0.315461174015528,1.38647387188,1.2854671116552252,1,0
2760,-0.3116510470078534,1.265415076405,1.2854671116552252,0,0
2761,-0.3176237901306941,1.394411073774,1.2854671116552252,1,0
2762,-0.3233350235880571,1.268305940749,1.2854671116552252,0,0
2763,-0.3262666845747262,1.402406511821,1.2854671116552252,1,0
2764,-0.32865835104162855,1.229473369575,1.2854671116552252,0,0
2765,-0.32599743284678395,1.386511822193,1.2854671116552252,1,0
2766,-0.33032885872708795,1.265783427433,1.2854671116552252,0,0
2767,0.23800281398163725,1.432419644399,1.2854671116552252,1,0
2768,-0.14179008183302677,1.275866937485,1.2854671116552252,0,0
2769,-0.3176247077084676,1.400668937266,1.2854671116552252,1,0
2770,-0.3207317407471171,1.298112248509,1.2854671116552252,1,0
2771,-0.32663090560223673,1.397339865021,1.2854671116552252,1,0
2772,-0.32769506642517554,1.305974732457,1.2854671116552252,1,0
2773,-0.319315918242444,1.383252231171,1.2854671116552252,1,0
2774,-0.32379897384983636,1.263897007803,1.2965284422411998,0,0
2775,-0.3194041204059318,1.330984537635,1.2965284422411998,1,0
2776,-0.32085584314099724,1.292140773591,1.2965284422411998,0,0
2777,0.25645931741160033,1.337323705544,1.2965284422411998,1,0
2778,-0.31123263154308944,1.288835858456,1.2854671116552252,1,0
2779,-0.3181048876271175,1.323382403425,1.2965284422411998,1,0
2780,-0.3208688039270494,1.301356674064,1.2965284422411998,1,0
2781,-0.3204023876750036,1.320184049755,1.2965284422411998,1,0
2782,-0.31841153064933425,1.265771844989,1.2965284422411998,0,0
2783,-0.32447207449538673,1.233655750925,1.2965284422411998,0,0
2784,-0.32265108405505605,1.230305865461,1.2965284422411998,0,0
2785,-0.32432411507939285,1.221504327738,1.2965284422411998,0,0
2786,-0.3224140048978008,1.223213993869,1.2965284422411998,0,0
2787,0.2478219284342098,1.206466172673,1.2965284422411998,0,0
2788,-0.32579527899353644,1.199005132847,1.2965284422411998,0,0
2789,-0.32331219884093876,1.13519955358,1.2965284422411998,0,0
2790,-0.32464343214460756,1.116032905479,1.1937026653954,0,0
2791,-0.325053990849685,1.131552496824,1.1937026653954,0,0
2792,-0.32197804075811653,1.127436678058,1.1937026653954,0,0
2793,-0.32272959430331016,1.12516354777,1.1937026653954,0,0
2794,-0.3209134784949018,1.127819766319,1.1937026653954,0,0
2795,-0.3298249938321569,1.13928833698,1.1937026653954,0,0
2796,-0.33251917422129473,1.108432087518,1.1937026653954,0,0
2797,0.2509005165618774,1.121807613049,1.2965284422411998,0,0
2798,-0.3326128245028134,1.089211825969,1.2965284422411998,0,0
2799,-0.329490823476732,1.105242948986,1.1937026653954,0,0
2800,-0.33775252170444203,1.081396696789,1.1937026653954,0,0
2801,-0.33342413530051307,1.093762876921,1.1937026653954,0,0
2802,-0.3342662996508502,1.07486217044,1.1937026653954,0,0
2803,-0.3356524155751027,1.102965807839,1.1937026653954,0,0
2804,-0.32347982883045423,1.081369504771,1.1937026653954,0,0
2805,-0.32761540920470433,1.093976003502,1.1937026653954,0,0
2806,-0.33241307929122166,1.07142683285,1.1937026653954,0,0
2807,-0.33370950198810434,1.096042161172,1.1937026653954,0,0
2808,0.10893116297133254,1.061009772375,1.1937026653954,0,0
2809,-0.33011603803222234,1.056114250705,1.1937026653954,0,0
2810,0.30844468617521126,1.103832540962,1.1937026653954,0,0
2811,-0.3372961414592951,1.061995870908,1.1937026653954,0,0
2812,-0.3333379976870159,1.083954077383,1.1937026653954,0,0
2813,-0.31833623192328775,1.039742580756,1.1937026653954,0,0
2814,0.6102582671750201,1.149447060936,1.1937026653954,0,0
2815,-0.2434635487068061,1.106971674599,1.1937026653954,0,0
2816,0.1718152911353843,1.134112160535,1.1937026653954,0,0
2817,-0.07976973844560264,1.107369461166,1.1937026653954,0,0
2818,-0.24956073831519188,1.20345034457,1.1937026653954,1,0
2819,-0.25994175445687595,1.13970798364,1.1937026653954,0,0
2820,0.40397898425746215,1.207547338077,1.1937026653954,1,0
2821,-0.31310454754985517,1.137582765929,1.1937026653954,0,0
2822,-0.32624804627619985,1.200154059391,1.1937026653954,1,0
2823,-0.3305822248898247,1.139447493197,1.1937026653954,0,0
2824,-0.3238205369275161,1.213399353082,1.1937026653954,1,0
2825,-0.32628807560657336,1.145763966058,1.1937026653954,0,0
2826,-0.3313941091736329,1.195488616588,1.1937026653954,1,0
2827,-0.32278344464889863,1.142679943009,1.1937026653954,0,0
2828,-0.3234389966195288,1.233726645522,1.1937026653954,1,0
2829,-0.31561756367731686,1.146297879753,1.1937026653954,0,0
2830,-0.3150373104327331,1.210305682674,1.1937026653954,1,0
2831,0.24154626994885753,1.180374254401,1.1937026653954,0,0
2832,-0.3348716142383755,1.233452502402,1.1937026653954,1,0
2833,-0.3267696318918837,1.184906422739,1.1937026653954,0,0
2834,-0.3292539737139202,1.201076012664,1.1937026653954,1,0
2835,-0.33424920976481676,1.178614990858,1.1937026653954,0,0
2836,-0.32893649180425266,1.22127138024,1.1937026653954,1,0
2837,-0.32739381417237867,1.178093915476,1.1937026653954,0,0
2838,-0.33057006698432445,1.221132677683,1.1937026653954,1,0
2839,-0.3300312194367747,1.172440026944,1.1937026653954,0,0
2840,-0.32909907511601333,1.223329970121,1.1937026653954,1,0
2841,0.2459080905929123,1.154881269684,1.1937026653954,0,0
2842,-0.33226729912244013,1.232557863609,1.1937026653954,1,0
2843,-0.31996349875616603,1.151663971043,1.1937026653954,0,0
2844,-0.32510181959113427,1.229577219061,1.1937026653954,1,0
2845,-0.31711315809968266,1.158777160679,1.1937026653954,0,0
2846,-0.3249673370986902,1.233830125214,1.1937026653954,1,0
2847,-0.32260010114001014,1.160622590425,1.1937026653954,0,0
2848,-0.3224616042448065,1.217956355442,1.1937026653954,1,0
2849,-0.3212018846588681,1.150691936755,1.1937026653954,0,0
2850,-0.32181815283106585,1.234429176368,1.1937026653954,1,0
2851,0.24645966953207088,1.146034770513,1.1937026653954,0,0
2852,-0.31987919629821604,1.199669795632,1.1937026653954,1,0
2853,-0.3248074491716395,1.144832099523,1.1937026653954,0,0
2854,-0.32561348389714095,1.185491408333,1.1937026653954,0,0
2855,-0.31971707177534214,1.136196127813,1.1937026653954,0,0
2856,0.35551218216396263,1.25209082926,1.1937026653954,1,0
2857,-0.31094055506802865,1.210903230937,1.1937026653954,1,0
2858,0.5457119468740821,1.332172496264,1.1937026653954,1,0
2859,0.1509704474579483,1.24983723627,1.1937026653954,1,0
2860,-0.23543153166555164,1.314594766784,1.1937026653954,1,0
2861,-0.21547622229101504,1.232645006511,1.1937026653954,1,0
2862,-0.2240547142450623,1.349235728258,1.1937026653954,1,0
2863,-0.2520575821343938,1.240883244668,1.1937026653954,1,0
2864,-0.2608964367817015,1.305439745862,1.1937026653954,1,0
2865,-0.31827033836942076,1.212436708633,1.1937026653954,1,0
2866,0.2701009461717909,1.267409028801,1.1937026653954,1,0
2867,-0.3124843796721196,1.235540058096,1.1937026653954,1,0
2868,-0.308031317388202,1.337706398265,1.1937026653954,1,0
2869,-0.31707060543043175,1.243978700615,1.2965284422411998,0,0
2870,-0.31791844729324303,1.313152341125,1.2965284422411998,1,0
2871,-0.32079780634681665,1.221748969263,1.2965284422411998,0,0
2872,-0.3208123155453618,1.291425667171,1.2965284422411998,0,0
2873,-0.31865652391488686,1.198047784009,1.2965284422411998,0,0
2874,-0.3256146882179688,1.308558049654,1.2965284422411998,1,0
2875,-0.32171785011068854,1.181493210172,1.2965284422411998,0,0
2876,0.16683571125524987,1.298522799976,1.2965284422411998,1,0
2877,-0.3215450013975857,1.191931129096,1.2965284422411998,0,0
2878,-0.3212696133682823,1.170169921635,1.1937026653954,0,0
2879,-0.3100988495065783,1.122714998058,1.1937026653954,0,0
2880,-0.3131664840495735,1.15167315904,1.1937026653954,0,0
2881,-0.31495771056087285,1.09654659608,1.1937026653954,0,0
2882,-0.3152810420288471,1.146391431401,1.1937026653954,0,0
2883,-0.3220184141801552,1.10566920751,1.1937026653954,0,0
2884,-0.31914696923487895,1.140486936368,1.1937026653954,0,0
2885,-0.3249782906833626,1.078249351314,1.1937026653954,0,0
2886,0.009998156815647308,1.129803407635,1.1937026653954,0,0
2887,-0.33049419477216946,1.091038342079,1.1937026653954,0,0
2888,-0.3276628365058776,1.140827318653,1.1937026653954,0,0
2889,-0.3265421299526404,1.085624732306,1.1937026653954,0,0
2890,-0.32731123217275426,1.125547733037,1.1937026653954,0,0
2891,-0.33614578567424824,1.073060157005,1.1937026653954,0,0
2892,-0.33050319850407295,1.114294746057,1.1937026653954,0,0
2893,-0.32312352191124105,1.07871505868,1.1937026653954,0,0
2894,-0.3315189570994541,1.104096438829,1.1937026653954,0,0
2895,-0.33026181820100386,1.062336476248,1.1937026653954,0,0
2896,-0.3329375896860588,1.082312402784,1.1937026653954,0,0
2897,0.24171774229530008,1.078481822179,1.1937026653954,0,0
2898,-0.3347655766569132,1.079200937748,1.1937026653954,0,0
2899,-0.3306113006355258,1.075018908423,1.1937026653954,0,0
2900,-0.3314889064273685,1.068616607799,1.1937026653954,0,0
2901,-0.12580289488905738,1.071279430157,1.1937026653954,0,0
2902,-0.3374334913822816,1.077940545113,1.1937026653954,0,0
2903,-0.052356701018866914,1.065726682645,1.1937026653954,0,0
2904,-0.3338949673955943,1.0712658444,1.1937026653954,0,0
2905,-0.3298896257165852,1.044253314192,1.1937026653954,0,0
2906,-0.33701146295503404,1.056633210026,1.1937026653954,0,0
2907,0.0423124932687069,1.037343891615,1.1937026653954,0,0
2908,-0.33373634113798223,1.052730931889,1.1937026653954,0,0
2909,0.5638373194249953,1.101420033491,1.1937026653954,0,0
2910,0.17269031623973885,1.1565152857,1.1937026653954,0,0
2911,0.544387308660661,1.201221443461,1.2965284422411998,0,0
2912,-0.1571482692131897,1.226141957017,1.2965284422411998,0,0
2913,-0.15989113857293946,1.179720423274,1.2965284422411998,0,0
2914,-0.2583815854986926,1.209562091451,1.2965284422411998,0,0
2915,-0.2624122179150866,1.153495989246,1.2965284422411998,0,0
2916,-0.2590394887623677,1.158910331402,1.2965284422411998,0,0
2917,0.43167457828985745,1.170052611814,1.2965284422411998,0,0
2918,-0.3298427145529097,1.192573976477,1.2965284422411998,0,0
2919,-0.31545303051278717,1.153654112991,1.2854671116552252,0,0
2920,-0.3375917161996177,1.194128086108,1.2965284422411998,0,0
2921,-0.32993407088999427,1.1572600382,1.2965284422411998,0,0
2922,-0.33566096051811944,1.132994169089,1.2965284422411998,0,0
2923,-0.33089110450786463,1.097752952978,1.2965284422411998,0,0
2924,-0.33203589747765905,1.117677495481,1.1937026653954,0,0
2925,-0.33649417848516394,1.094969771127,1.1937026653954,0,0
2926,-0.33323144396805593,1.087203993115,1.1937026653954,0,0
2927,0.23309090546230604,1.108103261368,1.1937026653954,0,0
2928,-0.32274576661156995,1.108743338935,1.1937026653954,0,0
2929,-0.3340409769588192,1.113542498668,1.1937026653954,0,0
2930,-0.3294030227535202,1.109046332664,1.1937026653954,0,0
2931,-0.3371581607015891,1.112215466584,1.1937026653954,0,0
2932,-0.33309260298118726,1.105723154761,1.1937026653954,0,0
2933,-0.3231733005054592,1.111954396655,1.1937026653954,0,0
2934,-0.33377115174476846,1.10740660344,1.1937026653954,0,0
2935,-0.3317450253234261,1.102784093891,1.1937026653954,0,0
2936,-0.3365096626100935,1.099866155445,1.1937026653954,0,0
2937,-0.014635136094561907,1.097920313996,1.1937026653954,0,0
2938,-0.3342186429552335,1.109517899534,1.1937026653954,0,0
2939,-0.32830881125849576,1.099911427116,1.1937026653954,0,0
2940,-0.3352245375895484,1.109995945711,1.1937026653954,0,0
2941,-0.3277945662650008,1.105399419983,1.1937026653954,0,0
2942,-0.3280769508248279,1.101758606478,1.1937026653954,0,0
2943,-0.3361975141212352,1.102687483823,1.1937026653954,0,0
2944,-0.32469894559991064,1.092107064204,1.1937026653954,0,0
2945,-0.3172335328338576,1.10831066383,1.1937026653954,0,0
2946,-0.3308085225082401,1.093980236613,1.1937026653954,0,0
2947,-0.3298997190720949,1.108493498274,1.1937026653954,0,0
2948,0.2424339117475991,1.094099647061,1.1937026653954,0,0
2949,-0.3126990928711433,1.100347335384,1.1937026653954,0,0
2950,-0.3162249428148327,1.10430552694,1.1937026653954,0,0
2951,0.27715803682858975,1.151949469031,1.1937026653954,0,0
2952,-0.31545291581556545,1.147493851939,1.1937026653954,0,0
2953,-0.31329861524897273,1.157857781191,1.1937026653954,0,0
2954,0.53114356456255,1.183910141275,1.1937026653954,0,0
2955,-0.027231873165059484,1.21532997972,1.1937026653954,1,0
2956,-0.24016124364821123,1.195360765022,1.1937026653954,1,0
2957,-0.24338853672381378,1.238611719326,1.1937026653954,1,0
2958,-0.24644401336130872,1.177707186693,1.1937026653954,0,0
2959,-0.2498079681765677,1.284267959027,1.1937026653954,1,0
2960,-0.2430156560560649,1.182130680616,1.1937026653954,0,0
2961,-0.2526326740040009,1.228252288498,1.1937026653954,1,0
2962,0.4361170310807678,1.192898967733,1.1937026653954,0,0
2963,-0.3283695434373862,1.313754458539,1.1937026653954,1,0
2964,-0.3160582304030908,1.175908052218,1.1937026653954,0,0
2965,-0.31659885575757685,1.307403491559,1.1937026653954,1,0
2966,-0.3209142240268428,1.177339888528,1.2965284422411998,0,0
2967,-0.3198556260191565,1.318565093081,1.1937026653954,1,0
2968,-0.32831586513763034,1.208016730535,1.1937026653954,1,0
2969,-0.31937470056856565,1.322979507574,1.2965284422411998,1,0
2970,-0.3219060109028885,1.209241928683,1.2965284422411998,0,0
2971,-0.3196476226076024,1.304194486774,1.2965284422411998,1,0
2972,0.24119311720324133,1.226383284962,1.2965284422411998,0,0
2973,-0.3125936861244004,1.262925731188,1.2965284422411998,0,0
2974,-0.3159782290909545,1.170737303124,1.2965284422411998,0,0
2975,-0.3257545614798327,1.169446604523,1.2965284422411998,0,0
2976,-0.3257765259977884,1.11834177907,1.1937026653954,0,0
2977,-0.3200452778752385,1.161638431385,1.1937026653954,0,0
2978,-0.32100798900558314,1.121393483973,1.1937026653954,0,0
2979,-0.32650628707085894,1.16329668458,1.1937026653954,0,0
2980,-0.32654895443733156,1.130583350987,1.1937026653954,0,0
2981,-0.32564273168867464,1.108410152149,1.1937026653954,0,0
2982,0.24481009408957188,1.117085162436,1.1937026653954,0,0
2983,-0.32868754148455137,1.138696934349,1.1937026653954,0,0
2984,-0.32953922570428973,1.127253191222,1.1937026653954,0,0
2985,-0.32477550599539584,1.153500986048,1.1937026653954,0,0
2986,-0.32955195709589846,1.112786665749,1.1937026653954,0,0
2987,-0.3347014035613717,1.147050230547,1.1937026653954,0,0
2988,-0.3306757604741216,1.099810007079,1.1937026653954,0,0
2989,-0.32886010345460004,1.14419618258,1.1937026653954,0,0
2990,-0.3318152200231069,1.095370446811,1.1937026653954,0,0
2991,-0.331258823800637,1.110750252892,1.1937026653954,0,0
2992,0.23895560380230463,1.097957329977,1.1937026653954,0,0
2993,-0.058659370699929436,1.105238024117,1.1937026653954,0,0
2994,-0.32450998192715874,1.080554941701,1.1937026653954,0,0
2995,-0.32855397656988095,1.119054171119,1.1937026653954,0,0
2996,-0.14173267587356564,1.081870793612,1.1937026653954,0,0
2997,-0.3348253912580301,1.140177167623,1.1937026653954,0,0
2998,-0.3338712250707022,1.084479657964,1.1937026653954,0,0
2999,-0.33737654421170726,1.141960241956,1.1937026653954,0,0
3000,-0.32614212339195925,1.072452885527,1.1937026653954,0,0
3001,-0.3343812262669943,1.12130970208,1.1937026653954,0,0
3002,-0.33407349362117134,1.088067690007,1.1937026653954,0,0
3003,0.0752244022468267,1.127979168394,1.1937026653954,0,0
3004,-0.329490823476732,1.083743379245,1.1937026653954,0,0
3005,-0.3320188075916256,1.126764023691,1.1937026653954,0,0
3006,-0.3330073829454636,1.059166416632,1.1937026653954,0,0
3007,-0.2847204260955908,1.126554116532,1.1937026653954,0,0
3008,0.5682431838021831,1.192823074932,1.1937026653954,0,0
3009,0.16516170530452867,1.20602814956,1.1937026653954,1,0
3010,-0.02291283458469917,1.216621603246,1.1937026653954,1,0
3011,-0.2638201836600732,1.181918184162,1.2965284422411998,0,0
3012,-0.2528660255015509,1.213993369344,1.2965284422411998,0,0
3013,0.30153509614551965,1.15984574875,1.2965284422411998,0,0
3014,-0.2470381449697182,1.203169228913,1.2965284422411998,0,0
3015,-0.3367181821591454,1.150983325024,1.1937026653954,0,0
3016,-0.3330762586270949,1.188630215314,1.1937026653954,0,0
3017,-0.33182152837030043,1.10990789163,1.1937026653954,0,0
3018,-0.3363579755343944,1.064744111583,1.1937026653954,0,0
3019,-0.33022110068730015,1.071248048328,1.1937026653954,0,0
3020,-0.3298660554375258,1.077439827351,1.1937026653954,0,0
3021,-0.33647364768247956,1.062801269622,1.1937026653954,0,0
3022,-0.3326727538011519,1.069015342461,1.1937026653954,0,0
3023,0.24000026609755443,1.082446580396,1.1937026653954,0,0
3024,-0.330959177308944,1.074364515776,1.1937026653954,0,0
3025,-0.33722296463185,1.054357319025,1.1937026653954,0,0
3026,-0.33005083266168556,1.051177605237,1.1937026653954,0,0
3027,-0.32781194289408844,1.049584474112,1.1937026653954,0,0
3028,-0.3336788204812994,1.04492603543,1.1937026653954,0,0
3029,-0.3203268022059028,1.048518667294,1.1937026653954,0,0
3030,-0.3356502363278905,1.052109555025,1.1937026653954,0,0
3031,-0.3308506737372151,1.041469997526,1.1937026653954,0,0
3032,-0.3276069216102986,1.042059213171,1.1937026653954,0,0
3033,-0.3342056248205706,1.048238972352,1.1937026653954,0,0
3034,-0.007299789977917359,1.047300967112,1.1937026653954,0,0
3035,-0.33136996540846486,1.057802631069,1.1937026653954,0,0
3036,-0.32864137585281683,1.03582725163,1.1937026653954,0,0
3037,-0.33506092200279247,1.049119122549,1.1937026653954,0,0
3038,-0.09542912072995147,1.045625987084,1.1937026653954,0,0
3039,-0.3275161387593225,1.058350735409,1.1937026653954,0,0
3040,-0.3276454025281791,1.068781871357,1.1937026653954,0,0
3041,-0.33325656265960835,1.050063879387,1.1937026653954,0,0
3042,-0.33162975461561695,1.073667694181,1.1937026653954,0,0
3043,-0.33151935853973,1.04634717057,1.1937026653954,0,0
3044,0.24260962789124463,1.081046363648,1.1937026653954,0,0
3045,-0.33242208302312515,1.061482329475,1.1937026653954,0,0
3046,-0.32465002723485525,1.071274162183,1.1937026653954,0,0
3047,-0.3271203759958443,1.034849856007,1.1937026653954,0,0
3048,0.2353206194521671,1.099880183566,1.1937026653954,0,0
3049,-0.3291786176392628,1.097188535454,1.1937026653954,0,0
3050,-0.32121364112409245,1.093098390167,1.1937026653954,0,0
3051,0.5224154500827942,1.165710087105,1.1937026653954,0,0
3052,-0.07772554721184244,1.167856022214,1.1937026653954,0,0
3053,-0.2529236608554555,1.183091143555,1.1937026653954,0,0
3054,-0.23766944650676425,1.186393785823,1.1937026653954,0,0
3055,-0.24240902245049012,1.197794643942,1.1937026653954,1,0
3056,-0.2493800328424025,1.181857421347,1.1937026653954,0,0
3057,-0.25493040344633033,1.16369134514,1.1937026653954,0,0
3058,-0.3157330064309586,1.135653333504,1.1937026653954,0,0
3059,0.5589809243609674,1.238168508999,1.1937026653954,1,0
3060,-0.30095071380095473,1.172447706849,1.1937026653954,0,0
3061,-0.32478015123287474,1.23787598497,1.1937026653954,1,0
3062,-0.31260991578127106,1.249541239632,1.1937026653954,1,0
3063,-0.3222621457762691,1.245554608646,1.1937026653954,1,0
3064,-0.31854601314177833,1.244222943093,1.1937026653954,1,0
3065,-0.32743544926385604,1.219940439554,1.1937026653954,1,0
3066,-0.32524909082379794,1.224351036355,1.1937026653954,1,0
3067,-0.325875567048727,1.217196718814,1.1937026653954,1,0
3068,-0.3203742868556869,1.225437700536,1.1937026653954,1,0
3069,0.007521385010243131,1.230236070693,1.1937026653954,1,0
3070,-0.31799173881790976,1.195574399218,1.1937026653954,1,0
3071,-0.3195950339314526,1.172727762619,1.1937026653954,0,0
3072,-0.32679595490426394,1.166396750529,1.1937026653954,0,0
3073,-0.3192093071748733,1.105505195413,1.1937026653954,0,0
3074,-0.32411731598866655,1.124638649409,1.1937026653954,0,0
3075,-0.31814365528805233,1.113528877833,1.1937026653954,0,0
3076,-0.3146049019069216,1.143863060267,1.1937026653954,0,0
3077,-0.3195364809997744,1.091854633936,1.1937026653954,0,0
3078,-0.31982718110817476,1.108149904555,1.1937026653954,0,0
3079,0.23854464365695116,1.090039190392,1.1937026653954,0,0
3080,-0.3232121255150049,1.125735014061,1.1937026653954,0,0
3081,-0.31463122491930196,1.089538587962,1.1937026653954,0,0
3082,-0.3227654945337025,1.127633178103,1.1937026653954,0,0
3083,-0.08206666500738025,1.059067018036,1.1937026653954,0,0
3084,-0.3252671556362158,1.120292920887,1.1937026653954,0,0
3085,-0.31990878818141477,1.0876518554,1.1937026653954,0,0
3086,-0.31740747117056656,1.124670549852,1.1937026653954,0,0
3087,-0.32159225665292634,1.062507856773,1.1937026653954,0,0
3088,-0.3173446170930746,1.101145229709,1.1937026653954,0,0
3089,0.25200252746797736,1.091625760346,1.1937026653954,0,0
3090,-0.32369924461556765,1.112133027771,1.1937026653954,0,0
3091,-0.3215876687640583,1.090362746021,1.1937026653954,0,0
3092,-0.31989559800091916,1.115442738728,1.1937026653954,0,0
3093,-0.10744267977671207,1.099098466794,1.1937026653954,0,0
3094,-0.32704387294896997,1.123963799234,1.1937026653954,0,0
3095,-0.32416353896901196,1.070717772955,1.1937026653954,0,0
3096,-0.32393173588395485,1.119992631285,1.1937026653954,0,0
3097,-0.3230709332350914,1.077787746903,1.1937026653954,0,0
3098,-0.3289000754363627,1.122469442953,1.1937026653954,0,0
3099,-0.33244513716468693,1.081454599039,1.1937026653954,0,0
3100,0.23242818491531958,1.122441272699,1.1937026653954,0,0
3101,-0.3314314431192965,1.090645460828,1.1937026653954,0,0
3102,-0.3309278076188088,1.124657512841,1.1937026653954,0,0
3103,-0.3349456512949832,1.092789148634,1.1937026653954,0,0
3104,-0.3302130718817812,1.12112562579,1.1937026653954,0,0
3105,-0.3402992588150836,1.131732046366,1.1937026653954,0,0
3106,-0.3300209540354325,1.110278956914,1.1937026653954,0,0
3107,-0.33536228895281095,1.11421396462,1.1937026653954,0,0
3108,-0.3360878062286785,1.082958995471,1.1937026653954,0,0
3109,-0.34412813881850624,1.090394641511,1.1937026653954,0,0
3110,-0.01442581366495821,1.077457576425,1.1937026653954,0,0
3111,-0.3333763065590638,1.097579349011,1.1937026653954,0,0
3112,-0.3408608164125301,1.065025875903,1.1937026653954,0,0
3113,-0.33461434837010084,1.089158030122,1.1937026653954,0,0
3114,-0.33633767412615345,1.036897129067,1.1937026653954,0,0
3115,-0.33783212157630227,1.020269640939,1.1937026653954,0,0
3116,-0.33212891692445823,0.995035880332,1.1937026653954,0,0
3117,-0.3318167684355998,1.026356631215,1.1937026653954,0,0
3118,-0.3192862690106344,0.991598932801,1.1937026653954,0,0
3119,-0.3359456390223805,1.015436671615,1.1937026653954,0,0
3120,0.12779736487721038,0.99373677455,1.1937026653954,0,0
3121,-0.3325200344504575,1.027487993759,1.1937026653954,0,0
3122,-0.3222861748442154,0.99128221751,1.1937026653954,0,0
3123,-0.32748488376640905,0.979893611985,1.1937026653954,0,0
3124,-0.3314874727120972,0.973681331811,1.1937026653954,0,0
3125,-0.3365851333819726,0.98263148192,1.1937026653954,0,0
3126,-0.33125566962704023,0.978799908947,1.1937026653954,0,0
3127,-0.32809105858309706,0.983301490944,1.1937026653954,0,0
3128,-0.0450547317937372,0.978428628468,1.1937026653954,0,0
3129,-0.3287974787715515,0.984109707615,1.1937026653954,0,0
3130,-0.0649927792364079,0.975643217587,1.1937026653954,0,0
3131,-0.3355623782560677,0.982535678327,1.1937026653954,0,0
3132,-0.3312658203311607,0.977110659832,1.1937026653954,0,0
3133,-0.32754894216472885,0.97729675076,1.1937026653954,0,0
3134,-0.3335671053873629,0.976220115074,1.1937026653954,0,0
3135,-0.3289037457474572,0.981221024126,1.1937026653954,0,0
3136,-0.33572180739423163,0.980569520474,1.1937026653954,0,0
3137,-0.3347339775723347,0.982362847529,1.1937026653954,0,0
3138,-0.1275691747546368,0.980180815656,1.1937026653954,0,0
3139,-0.3285964718905211,0.984268949306,1.1937026653954,0,0
3140,-0.003896494015615093,0.981453236534,1.1937026653954,0,0
3141,-0.3366108255596335,0.98573501866,1.1937026653954,0,0
3142,-0.33230772989308954,0.981668653454,1.1937026653954,0,0
3143,-0.32851280026729046,0.98140126357,1.1937026653954,0,0
3144,-0.3340808915919711,0.976032855744,1.1937026653954,0,0
3145,-0.32360341508683665,0.977277045307,1.1937026653954,0,0
3146,-0.33697670969685867,0.979745838562,1.1937026653954,0,0
3147,-0.3324559760521377,0.980211668565,1.1937026653954,0,0
3148,0.10334173796341539,0.98641085561,1.1937026653954,0,0
3149,-0.3352453551352871,0.986529958479,1.1937026653954,0,0
3150,0.5541710963689497,1.031200076034,1.1937026653954,0,0
3151,0.19270222869318454,1.027585272126,1.1937026653954,0,0
3152,0.18464222552983522,1.070604722164,1.1937026653954,0,0
3153,0.17318282610972147,1.033125472549,1.1937026653954,0,0
3154,-0.1792899370277844,1.050780748754,1.1937026653954,0,0
3155,-0.23384429416304697,1.02904604117,1.1937026653954,0,0
3156,-0.3217910842867444,1.073044271191,1.1937026653954,0,0
3157,0.2570147960562965,1.072288907726,1.1937026653954,0,0
3158,-0.3245791443518443,1.100446820796,1.1937026653954,0,0
3159,-0.33156638440062736,1.081974495101,1.1937026653954,0,0
3160,-0.3242391817867235,1.094090976261,1.1937026653954,0,0
3161,-0.3199597137478498,1.113943957044,1.1937026653954,0,0
3162,-0.31828960750266644,1.124481500069,1.1937026653954,0,0
3163,-0.3214969432616931,1.102666643751,1.1937026653954,0,0
3164,-0.32852954606165874,1.097348488056,1.1937026653954,0,0
3165,-0.32653100432213544,1.076368653771,1.1937026653954,0,0
3166,-0.3235937805202138,1.109291648779,1.1937026653954,0,0
3167,0.24038151966248744,1.098263258334,1.1937026653954,0,0
3168,-0.3250829518981645,1.120985872836,1.1937026653954,0,0
3169,-0.32101854114997963,1.100637156005,1.1937026653954,0,0
3170,-0.3168264723940418,1.118837154146,1.1937026653954,0,0
3171,-0.31757986109478265,1.116447544216,1.1937026653954,0,0
3172,-0.21806929707922384,1.124552218848,1.1937026653954,0,0
3173,-0.32107497218305636,1.107960759382,1.1937026653954,0,0
3174,-0.3178208973061867,1.117024411956,1.1937026653954,0,0
3175,-0.3182221081876956,1.100811345459,1.1937026653954,0,0
3176,-0.3107578423938595,1.11650189612,1.1937026653954,0,0
3177,-0.016074815621348715,1.103369403909,1.1937026653954,0,0
3178,-0.3192241604650835,1.116792329154,1.1937026653954,0,0
3179,-0.3110027209621904,1.103753870578,1.1937026653954,0,0
3180,-0.31526876942612503,1.113280820942,1.1937026653954,0,0
3181,-0.31439661175231315,1.103065273305,1.1937026653954,0,0
3182,-0.3133729963972456,1.111296501918,1.1937026653954,0,0
3183,-0.31833692010661796,1.103191255552,1.1937026653954,0,0
3184,-0.31282795519972395,1.097566930812,1.1937026653954,0,0
3185,-0.325111855598033,1.081998444917,1.1937026653954,0,0
3186,-0.3270112415893961,1.094307996135,1.1937026653954,0,0
3187,-0.32975651959080166,1.087713681253,1.1937026653954,0,0
3188,0.2391940593262203,1.125627027183,1.1937026653954,0,0
3189,-0.32403020344878486,1.113625456467,1.1937026653954,0,0
3190,-0.3229588167008789,1.124120673287,1.1937026653954,0,0
3191,-0.33457133691196317,1.116373059114,1.1937026653954,0,0
3192,-0.13419012922591878,1.126378203249,1.1937026653954,0,0
3193,-0.3341533802360859,1.119379827933,1.1937026653954,0,0
3194,-0.32729202038811933,1.137565763409,1.1937026653954,0,0
3195,-0.3335901595289248,1.120772270357,1.1937026653954,0,0
3196,-0.3254287066729812,1.134492100778,1.1937026653954,0,0
3197,0.4336236281782171,1.163052334352,1.1937026653954,0,0
3198,-0.332458556739626,1.100347630446,1.1937026653954,0,0
3199,0.5379040482040307,1.241128283334,1.1937026653954,1,0
3200,0.17559915247928948,1.175399428775,1.1937026653954,0,0
3201,-0.2315456471429438,1.30727438952,1.2965284422411998,1,0
3202,-0.08910116031150395,1.233862993026,1.2965284422411998,0,0
3203,-0.2702087042115787,1.304708930672,1.2965284422411998,1,0
3204,-0.2648537203248179,1.277975975233,1.2965284422411998,0,0
3205,-0.26057213038734284,1.306429140442,1.2965284422411998,1,0
3206,-0.2563174369483565,1.265071672696,1.2965284422411998,0,0
3207,0.3124128659543892,1.303889626818,1.2965284422411998,1,0
3208,-0.32255330467355625,1.279814917739,1.2965284422411998,0,0
3209,-0.3289277748154035,1.271458705921,1.2965284422411998,0,0
3210,-0.3258397241669455,1.277388620092,1.2965284422411998,0,0
3211,-0.33603676596502174,1.257420538912,1.2965284422411998,0,0
3212,-0.33512698760249204,1.22697413717,1.2965284422411998,0,0
3213,-0.33489558595771096,1.25078933447,1.2965284422411998,0,0
3214,-0.33646579092279305,1.184051438261,1.2965284422411998,0,0
3215,-0.3266032635718068,1.187584222507,1.2965284422411998,0,0
3216,-0.3355334745561992,1.151331879719,1.2965284422411998,0,0
3217,0.24355542118138818,1.167382280312,1.2965284422411998,0,0
3218,-0.33759251908016963,1.137717790718,1.1937026653954,0,0
3219,0.44220240687531853,1.183862004926,1.1937026653954,0,0
3220,-0.32830995823071274,1.192468659595,1.1937026653954,0,0
3221,-0.3369635768649739,1.172969954738,1.1937026653954,0,0
3222,-0.3335475495110629,1.167912483338,1.1937026653954,0,0
3223,-0.2651237175847013,1.173946970485,1.1937026653954,0,0
3224,-0.2465207458026265,1.157177742055,1.2965284422411998,0,0
3225,-0.2034441969915607,1.19535068471,1.2965284422411998,0,0
3226,-0.243186899008064,1.168263818186,1.2965284422411998,0,0
3227,-0.24321763786347983,1.189943846293,1.2965284422411998,0,0
3228,0.19561576751882503,1.18095352608,1.2965284422411998,0,0
3229,-0.32245483710872624,1.121649582304,1.2965284422411998,0,0
3230,-0.32715042666792993,1.149527893434,1.2965284422411998,0,0
3231,-0.3214270926536774,1.151201369384,1.2965284422411998,0,0
3232,-0.32384548357323595,1.160414855433,1.2965284422411998,0,0
3233,-0.325280460513933,1.136436266627,1.2965284422411998,0,0
3234,-0.3212048667866323,1.16089209915,1.2965284422411998,0,0
3235,-0.3202974970657584,1.16255439402,1.2965284422411998,0,0
3236,-0.3191987550304768,1.159599241076,1.2965284422411998,0,0
3237,-0.31995644487703134,1.154107960384,1.2965284422411998,0,0
3238,0.2592503596044644,1.139236549983,1.2965284422411998,0,0
3239,-0.3254682772144679,1.139452612655,1.1937026653954,0,0
3240,-0.32477223712457737,1.092312569713,1.1937026653954,0,0
3241,-0.3241586643370896,1.145545047058,1.1937026653954,0,0
3242,-0.12903058940493595,1.16063236381,1.1937026653954,0,0
3243,-0.31346377924822166,1.142714450579,1.1937026653954,0,0
3244,-0.31712594683990225,1.167943810846,1.1937026653954,0,0
3245,-0.31988888821344974,1.143444199612,1.1937026653954,0,0
3246,-0.32696989324097303,1.1520101989,1.1937026653954,0,0
3247,-0.3260784090853046,1.130877954633,1.1937026653954,0,0
3248,0.6298384592859845,1.169535127025,1.1937026653954,0,0
3249,-0.30529716501730153,1.158769026755,1.1937026653954,0,0
3250,-0.306015054927926,1.153402632274,1.1937026653954,0,0
3251,-0.3057702337082059,1.14299641146,1.1937026653954,0,0
3252,-0.31015734508964565,1.136343702884,1.1937026653954,0,0
3253,-0.3033367027553828,1.13362887484,1.1937026653954,0,0
3254,0.38732127735543065,1.217509561118,1.1937026653954,1,0
3255,-0.3219796465192203,1.201115820381,1.1937026653954,1,0
3256,0.26453067559989796,1.241365145022,1.1937026653954,1,0
3257,0.18798576423963143,1.264012103382,1.2965284422411998,0,0
3258,0.2680787194559864,1.260194723712,1.2965284422411998,0,0
3259,0.23427561306525235,1.237164625998,1.2854671116552252,0,0
3260,0.44727890590778996,1.294450492271,1.367001053022495,0,0
3261,0.0030893696665075243,1.276311225098,1.367001053022495,0,0
3262,-0.21421478224675117,1.301485194239,1.367001053022495,0,0
3263,-0.3107069741760352,1.246208025971,1.367001053022495,0,0
3264,0.2314597962725009,1.249722689242,1.367001053022495,0,0
3265,-0.2859180371359783,1.249228146009,1.367001053022495,0,0
3266,-0.3134902743064345,1.267305998623,1.367001053022495,0,0
3267,-0.30882049162211345,1.25641787512,1.367001053022495,0,0
3268,-0.3147719584103287,1.270658223862,1.2854671116552252,0,0
3269,-0.3153323116869472,1.20172179442,1.2854671116552252,0,0
3270,-0.3216766164594872,1.274237117669,1.2854671116552252,0,0
3271,-0.32691518266622177,1.224387894894,1.2854671116552252,0,0
3272,-0.3255101417003886,1.253068206373,1.2854671116552252,0,0
3273,-0.3227115294908923,1.240185510837,1.2854671116552252,0,0
3274,-0.32435852424590306,1.253828134975,1.2854671116552252,0,0
3275,0.23795360887352768,1.263627334301,1.2854671116552252,0,0
3276,-0.3272168937079054,1.265039458582,1.2854671116552252,0,0
3277,-0.3207108085041567,1.289432963826,1.2854671116552252,1,0
3278,-0.3167106282001242,1.282431328308,1.2854671116552252,0,0
3279,-0.31619919328856094,1.26501337811,1.2854671116552252,0,0
3280,-0.3205567701354127,1.263487051909,1.2854671116552252,0,0
3281,-0.31607101914331037,1.284899176771,1.2854671116552252,0,0
3282,-0.3191607902500938,1.254451047296,1.2854671116552252,0,0
3283,-0.3354150496747932,1.193943127403,1.2854671116552252,0,0
3284,-0.33608591372452046,1.192021484792,1.2854671116552252,0,0
3285,0.23575578071129932,1.198980586007,1.2854671116552252,0,0
3286,-0.332323672806906,1.194270918293,1.2854671116552252,0,0
3287,-0.334762594529149,1.187309962392,1.2854671116552252,0,0
3288,-0.33157722328807804,1.183910671486,1.2965284422411998,0,0
3289,-0.3267256455073615,1.197560226575,1.2965284422411998,0,0
3290,-0.3322323738184323,1.190561716253,1.2965284422411998,0,0
3291,-0.3215038250949951,1.203981493217,1.2965284422411998,0,0
3292,-0.3337497033643104,1.195721957638,1.2965284422411998,0,0
3293,-0.32866259483883153,1.19387495576,1.2965284422411998,0,0
3294,-0.3275709066826845,1.191297133156,1.2965284422411998,0,0
3295,0.23097393884137674,1.20408548349,1.2965284422411998,0,0
3296,-0.33664477593725695,1.20750270674,1.2965284422411998,0,0
3297,-0.32823689610048945,1.202417804462,1.2965284422411998,0,0
3298,-0.33215392091878904,1.191245868792,1.2965284422411998,0,0
3299,-0.14282098046167235,1.192379204183,1.2965284422411998,0,0
3300,-0.3383423521670377,1.207780546711,1.2965284422411998,0,0
3301,-0.33170436515833324,1.203709986395,1.2965284422411998,0,0
3302,-0.33937623292344754,1.204266911091,1.2965284422411998,0,0
3303,-0.3354617887926362,1.187923723544,1.2965284422411998,0,0
3304,0.44847485383846286,1.253469530497,1.2965284422411998,0,0
3305,-0.33729396221208274,1.257735133893,1.2965284422411998,0,0
3306,-0.32968793065222457,1.259997888261,1.2965284422411998,0,0
3307,0.6117669944292705,1.351318197746,1.2965284422411998,1,0
3308,-0.03353792641416231,1.356138473351,1.2965284422411998,1,0
3309,-0.2278259015459695,1.333026800885,1.2965284422411998,1,0
3310,-0.24032807075717488,1.341073435914,1.2965284422411998,1,0
3311,-0.25047109016383007,1.325713303128,1.2854671116552252,1,0
3312,-0.3228249650431543,1.302621893619,1.2965284422411998,1,0
3313,-0.31882059829052967,1.241467333939,1.2965284422411998,0,0
3314,0.5537636918374689,1.359256124315,1.2965284422411998,1,0
3315,-0.31562501899672735,1.254130851196,1.2965284422411998,0,0
3316,-0.32233039062318103,1.366478833442,1.2965284422411998,1,0
3317,-0.31920259738740375,1.266373974075,1.2965284422411998,0,0
3318,-0.27203147245884574,1.374278236737,1.2965284422411998,1,0
3319,-0.3185235898349358,1.266038481702,1.2965284422411998,0,0
3320,-0.32713603216660647,1.358389790511,1.2965284422411998,1,0
3321,-0.32247800594750975,1.249918962659,1.1937026653954,1,0
3322,-0.33110191800135047,1.329255650798,1.1937026653954,1,0
3323,-0.33446753592632406,1.213346430468,1.1937026653954,1,0
3324,0.23673380392074095,1.264580897784,1.1937026653954,1,0
3325,-0.3213075208000544,1.164435849315,1.1937026653954,0,0
3326,-0.3342436469495643,1.269566773098,1.1937026653954,1,0
3327,-0.3258190786670394,1.170022383862,1.1937026653954,0,0
3328,-0.3333162052148927,1.266739494438,1.1937026653954,1,0
3329,-0.3291433482435898,1.139548373476,1.1937026653954,0,0
3330,-0.3203787026987224,1.26166574883,1.1937026653954,1,0
3331,-0.32724631354527167,1.12662845485,1.1937026653954,0,0
3332,-0.3354887999883468,1.254754115115,1.1937026653954,1,0
3333,-0.33268818057747074,1.127986491712,1.1937026653954,0,0
3334,0.24406731488183842,1.249747819609,1.1937026653954,1,0
3335,-0.32868759883316223,1.150479222374,1.1937026653954,0,0
3336,-0.33139909850277693,1.268515495354,1.1937026653954,1,0
3337,-0.3280706424776343,1.159583821961,1.1937026653954,0,0
3338,-0.3341400180097578,1.254102743219,1.1937026653954,1,0
3339,-0.3293788216397413,1.152159571884,1.1937026653954,0,0
3340,-0.3304191254405664,1.250462664542,1.1937026653954,1,0
3341,-0.3249945776888441,1.147388835342,1.1937026653954,0,0
3342,-0.33039308917124033,1.233350445305,1.1937026653954,1,0
3343,-0.32746744978871056,1.138319231059,1.1937026653954,0,0
3344,-0.3236049061507188,1.22452339082,1.1937026653954,1,0
3345,-0.01697851503112824,1.133831539516,1.1937026653954,0,0
3346,-0.3248421450812039,1.217736150287,1.1937026653954,1,0
3347,-0.3220096971913059,1.110905887979,1.1937026653954,0,0
3348,-0.31771910352192734,1.195703207812,1.1937026653954,1,0
3349,-0.1242415216100462,1.109878340651,1.1937026653954,0,0
3350,-0.32362687066867446,1.160921535147,1.1937026653954,0,0
3351,-0.3204487827011815,1.103096453815,1.1937026653954,0,0
3352,0.4127490779203604,1.23831470739,1.1937026653954,1,0
3353,-0.3168631755049861,1.137618772086,1.1937026653954,0,0
3354,0.5357259479639351,1.344501292343,1.1937026653954,1,0
3355,-0.1505764051527957,1.213461404174,1.1937026653954,1,0
3356,-0.24649178475414713,1.330499445864,1.1937026653954,1,0
3357,-0.2496908049646004,1.214838631876,1.1937026653954,1,0
3358,-0.31184247667087184,1.316143920459,1.1937026653954,1,0
3359,-0.31069837188440774,1.154667951355,1.1937026653954,0,0
3360,-0.312483863534622,1.264719812354,1.1937026653954,1,0
3361,-0.3019948026100958,1.195990122971,1.1937026653954,1,0
3362,0.23427641594580417,1.272698476524,1.1937026653954,1,0
3363,-0.3092033509481503,1.213142793835,1.1937026653954,1,0
3364,-0.3201036014124734,1.237754300476,1.1937026653954,1,0
3365,-0.32193915839996,1.222044868185,1.1937026653954,1,0
3366,-0.29542838666773263,1.246783251694,1.1937026653954,1,0
3367,-0.3295395124473439,1.199599349849,1.1937026653954,1,0
3368,-0.337259782440016,1.217752414841,1.1937026653954,1,0
3369,-0.3333736685229648,1.217140156243,1.1937026653954,1,0
3370,-0.32853751751856686,1.20199109178,1.1937026653954,1,0
3371,-0.3367956027837934,1.133224057563,1.1937026653954,0,0
3372,-0.006015754580978361,1.122362672283,1.1937026653954,0,0
3373,-0.32848274959520485,1.130759271063,1.1937026653954,0,0
3374,-0.32047327055801456,1.116843628509,1.1937026653954,0,0
3375,-0.31432045279710397,1.142768005667,1.1937026653954,0,0
3376,-0.3126455292686091,1.111711435086,1.1937026653954,0,0
3377,-0.31321528771740714,1.120302819102,1.1937026653954,0,0
3378,-0.32490362279203544,1.064016882092,1.1937026653954,0,0
3379,-0.31290549052159367,1.057299373979,1.1937026653954,0,0
3380,-0.3234658357694068,1.064159482055,1.1937026653954,0,0
3381,-0.31719017728405463,1.04864488214,1.1937026653954,0,0
3382,0.24533219584275323,1.096144044556,1.1937026653954,0,0
3383,-0.3242136043062842,1.073025742678,1.1937026653954,0,0
3384,-0.317665195827728,1.101066874294,1.1937026653954,0,0
3385,-0.3205211566480747,1.089875413774,1.1937026653954,0,0
3386,-0.318249922263958,1.08844527023,1.1937026653954,0,0
3387,-0.31869013020084513,1.072183716116,1.1937026653954,0,0
3388,-0.31000152891396526,1.072649266116,1.1937026653954,0,0
3389,-0.3198764435648952,1.052373427897,1.1937026653954,0,0
3390,-0.32626507881362243,1.066618029985,1.1937026653954,0,0
3391,-0.3299036761262436,1.0610971011,1.1937026653954,0,0
3392,-0.3310268486697474,1.068411356691,1.1937026653954,0,0
3393,0.20161752903875585,1.064544590384,1.1937026653954,0,0
3394,-0.3298703565833395,1.083900256015,1.1937026653954,0,0
3395,-0.3197115089600896,1.064968123596,1.1937026653954,0,0
3396,-0.3165709269840927,1.060320135341,1.1937026653954,0,0
3397,-0.05131760153886966,1.076623435186,1.2965284422411998,0,0
3398,-0.33291952487364096,1.056886196315,1.1937026653954,0,0
3399,-0.3375165895194038,1.050320942612,1.1937026653954,0,0
3400,-0.33752587999436146,1.060729143593,1.1937026653954,0,0
3401,-0.33195073479054626,1.049903874827,1.1937026653954,0,0
3402,-0.3436129188986268,1.062442323533,1.1937026653954,0,0
3403,0.23128648877051106,1.061586444552,1.2965284422411998,0,0
3404,-0.3367814950255241,1.060454657553,1.2965284422411998,0,0
3405,-0.30872317102950053,1.037200013648,1.2965284422411998,0,0
3406,-0.33684807676272144,1.054859439967,1.2965284422411998,0,0
3407,-0.3351131092386662,1.050893757846,1.2965284422411998,0,0
3408,-0.32756018249245555,1.058567462006,1.2965284422411998,0,0
3409,-0.3368956187611163,1.034408106537,1.2965284422411998,0,0
3410,-0.33322266963059577,1.045422821374,1.2965284422411998,0,0
3411,-0.34414511400731795,1.031865008615,1.2965284422411998,0,0
3412,-0.33268519844970645,1.040942915817,1.1937026653954,0,0
3413,0.0015156090875525496,1.030340707296,1.1937026653954,0,0
3414,-0.33843129986246656,1.033652197991,1.1937026653954,0,0
3415,-0.3316118045004208,1.020950523139,1.1937026653954,0,0
3416,-0.3270106681032876,1.007602987833,1.1937026653954,0,0
3417,-0.33561812110581424,1.017741044915,1.1937026653954,0,0
3418,-0.3283053703418447,0.983333104549,1.1937026653954,0,0
3419,-0.3302563127343623,0.987186980876,1.1937026653954,0,0
3420,-0.331060684350149,0.984202013176,1.1937026653954,0,0
3421,-0.32434797210150657,0.986670679365,1.1937026653954,0,0
3422,-0.3185429163167923,0.983897786391,1.1937026653954,0,0
3423,0.24147263433252575,0.986838273486,1.1937026653954,0,0
3424,-0.31825192946533776,0.987100234808,1.1937026653954,0,0
3425,-0.32050194486343975,0.988233406057,1.1937026653954,0,0
3426,-0.31886446997783013,0.9800414157,1.1937026653954,0,0
3427,-0.31485935769326456,0.983518339862,1.1937026653954,0,0
3428,-0.3233028510173701,0.979349288941,1.1937026653954,0,0
3429,-0.3188337311224144,0.985427112284,1.1937026653954,0,0
3430,-0.32823815776992815,0.981914854008,1.1937026653954,0,0
3431,-0.327922855107473,0.984149985196,1.1937026653954,0,0
3432,-0.32435192915565525,0.978710918746,1.1937026653954,0,0
3433,0.24136963622743868,0.990625596952,1.1937026653954,0,0
3434,-0.32060689282129584,0.985772909767,1.1937026653954,0,0
3435,-0.3227202464797415,0.98994162444,1.1937026653954,0,0
3436,-0.33060447615083466,0.990427694026,1.1937026653954,0,0
3437,-0.33200120156809454,0.993847774674,1.1937026653954,0,0
3438,-0.32395943526299553,0.986219711906,1.1937026653954,0,0
3439,-0.30729903297625416,0.993746498746,1.1937026653954,0,0
3440,-0.31787153612956753,0.989789260718,1.1937026653954,0,0
3441,-0.3176454105569846,0.995319293814,1.1937026653954,0,0
3442,-0.13016052908452003,0.987132767094,1.1937026653954,0,0
3443,-0.3265914497579717,0.976328813976,1.1937026653954,0,0
3444,0.24900858588992492,0.99261036593,1.1937026653954,0,0
3445,-0.3178160800228752,0.996178333291,1.1937026653954,0,0
3446,-0.3200964328361171,0.974552385197,1.1937026653954,0,0
3447,-0.3102074677755289,0.98619313474,1.1937026653954,0,0
3448,-0.3165268259023488,0.974673307878,1.1937026653954,0,0
3449,0.03940824491802419,0.99362490565,1.1937026653954,0,0
3450,-0.3157710285599523,0.990172351417,1.1937026653954,0,0
3451,0.6083640425586334,1.081340632532,1.1937026653954,0,0
3452,0.18996543828618484,1.061095676735,1.1937026653954,0,0
3453,0.1892595915838391,1.115222356165,1.1937026653954,0,0
3454,-0.2418927702556154,1.094084826996,1.1937026653954,0,0
3455,0.030059159679981073,1.136122194333,1.1937026653954,0,0
3456,-0.0051676833237236375,1.103321430847,1.1937026653954,0,0
3457,-0.2543129883019156,1.14313845054,1.1937026653954,0,0
3458,-0.24933558766899344,1.096444014825,1.1937026653954,0,0
3459,0.3151951911584041,1.19194326355,1.1937026653954,0,0
3460,-0.23683387724667482,1.125604003929,1.1937026653954,0,0
3461,-0.3131833445411635,1.184163000483,1.1937026653954,0,0
3462,-0.316721409738964,1.12576893424,1.2965284422411998,0,0
3463,-0.32548508035744705,1.212041642387,1.2965284422411998,0,0
3464,-0.32957443775135176,1.133301128671,1.2965284422411998,0,0
3465,-0.3265807829163535,1.20370785063,1.2965284422411998,0,0
3466,-0.32314531438336425,1.136484784246,1.2965284422411998,0,0
3467,-0.3251825090866006,1.181917929315,1.1937026653954,0,0
3468,-0.31660332894922316,1.103453055963,1.2965284422411998,0,0
3469,0.23018837756994892,1.198478289526,1.2965284422411998,0,0
3470,-0.3332688352623303,1.117563230949,1.2965284422411998,0,0
3471,-0.3326681085636731,1.179392503382,1.2965284422411998,0,0
3472,-0.3229891541160188,1.110730228622,1.2965284422411998,0,0
3473,-0.3236345553825284,1.1887891952,1.2965284422411998,0,0
3474,-0.31671057085151333,1.116737203522,1.2965284422411998,0,0
3475,-0.3118773446262688,1.166348625652,1.2965284422411998,0,0
3476,-0.3127044262919524,1.115640304506,1.2965284422411998,0,0
3477,-0.314157582742289,1.187836608715,1.2965284422411998,0,0
3478,-0.3150133960620085,1.11394483137,1.2965284422411998,0,0
3479,-0.31842701477426383,1.187095934982,1.2965284422411998,0,0
3480,0.006884586035361018,1.112990063908,1.2965284422411998,0,0
3481,-0.31444960186873894,1.181734612608,1.2965284422411998,0,0
3482,-0.3233152383173138,1.106623686551,1.2965284422411998,0,0
3483,-0.3130743248319371,1.187338034594,1.2965284422411998,0,0
3484,-0.31586720218034836,1.1153851849,1.2965284422411998,0,0
3485,-0.31131125648856517,1.158464192713,1.2965284422411998,0,0
3486,-0.3099293843615155,1.099363556495,1.2965284422411998,0,0
3487,-0.06287030714883701,1.184749450562,1.2965284422411998,0,0
3488,-0.3180083125664456,1.101179721259,1.2965284422411998,0,0
3489,-0.3226335927287467,1.180267096478,1.2965284422411998,0,0
3490,0.25616018705740484,1.113758169332,1.2854671116552252,0,0
3491,-0.3206071222157393,1.173802556481,1.2965284422411998,0,0
3492,-0.314239189815529,1.103591315229,1.2854671116552252,0,0
3493,-0.3140224120665147,1.15404247694,1.2854671116552252,0,0
3494,-0.13232733164827826,1.114954587219,1.2854671116552252,0,0
3495,-0.32057529373671734,1.156831365202,1.2854671116552252,0,0
3496,-0.335787586250877,1.102059893063,1.2854671116552252,0,0
3497,-0.3339542658592135,1.131029301143,1.2854671116552252,0,0
3498,-0.33477480978326013,1.084330182697,1.2854671116552252,0,0
3499,-0.32777317523315364,1.145080494117,1.2854671116552252,0,0
3500,-0.01363646738521418,1.074325301465,1.2854671116552252,0,0
3501,-0.34785837921126617,1.109815768841,1.2854671116552252,0,0
3502,-0.3341134656029341,1.074122952846,1.2854671116552252,0,0
3503,-0.3384461531526768,1.091007221381,1.2854671116552252,0,0
3504,-0.3351593895676225,1.084676254512,1.2854671116552252,0,0
3505,-0.3350390721820584,1.127467390604,1.2854671116552252,0,0
3506,-0.3344987909192374,1.083398739767,1.2854671116552252,0,0
3507,-0.33656529076261843,1.111017108152,1.2854671116552252,0,0
3508,-0.33055756498715905,1.055756588606,1.2965284422411998,0,0
3509,-0.33966957106794704,1.074798523531,1.2965284422411998,0,0
3510,0.23764186182494518,1.068518164331,1.2854671116552252,0,0
3511,-0.3333168933982229,1.08735464288,1.2965284422411998,0,0
3512,-0.3275375297911697,1.06536974073,1.2965284422411998,0,0
3513,-0.33709501988104296,1.078439566423,1.2965284422411998,0,0
3514,-0.3334541286239877,1.057056590926,1.2965284422411998,0,0
3515,-0.3288178948770142,1.013694040747,1.2965284422411998,0,0
3516,-0.3349482319824715,0.995608972609,1.2965284422411998,0,0
3517,-0.3308862298759423,0.99216889032,1.1937026653954,0,0
3518,-0.32624902120258437,0.995052113798,1.1937026653954,0,0
3519,-0.3311163125026739,0.991725598048,1.1937026653954,0,0
3520,-0.32646396379605136,0.98842975009,1.1937026653954,0,0
3521,0.23872815921167212,0.994583390471,1.1937026653954,0,0
3522,-0.32444816012466215,0.988567197405,1.1937026653954,0,0
3523,-0.32373818432233503,0.981902021661,1.1937026653954,0,0
3524,-0.32741692566255143,0.986077044533,1.1937026653954,0,0
3525,-0.33550869995631183,0.984330457792,1.1937026653954,0,0
3526,-0.3281531097800371,0.986403228463,1.1937026653954,0,0
3527,-0.3206464060141717,0.986082236134,1.1937026653954,0,0
3528,-0.3177934846702002,0.98540647992,1.1937026653954,0,0
3529,-0.31181420380572267,0.980626387981,1.1937026653954,0,0
3530,-0.3168269311829287,0.98533696803,1.1937026653954,0,0
3531,0.24521795740993935,0.98881573,1.1937026653954,0,0
3532,-0.03165758016160147,0.995160813689,1.1937026653954,0,0
3533,-0.321929179741672,0.982758995265,1.1937026653954,0,0
3534,-0.3181859785628599,0.982274647852,1.1937026653954,0,0
3535,-0.3116211110329896,0.983001950726,1.1937026653954,0,0
3536,-0.3204945468926401,0.982263475311,1.1937026653954,0,0
3537,-0.31947035805146395,0.983194642975,1.1937026653954,0,0
3538,-0.3105020102408561,0.98122751088,1.1937026653954,0,0
3539,-0.12242953490161901,0.991518824795,1.1937026653954,0,0
3540,-0.32519569926709624,0.98304819992,1.1937026653954,0,0
3541,0.025550755986592844,0.98748848531,1.1937026653954,0,0
3542,-0.3222673644998565,0.983888276385,1.1937026653954,0,0
3543,-0.3240782042360666,0.986106657799,1.1937026653954,0,0
3544,-0.31942017801696987,0.981760011315,1.1937026653954,0,0
3545,-0.3238334403649574,0.978242937155,1.1937026653954,0,0
3546,0.030058586193872472,0.988008065949,1.1937026653954,0,0
3547,-0.3176359480361943,0.984878855887,1.1937026653954,0,0
3548,0.5914996512630974,1.074058526586,1.1937026653954,0,0
3549,0.17804897043759405,1.035010828165,1.1937026653954,0,0
3550,0.18439608529206564,1.118287128911,1.1937026653954,0,0
3551,0.17298669386061327,1.044171765379,1.1937026653954,0,0
3552,-0.09554903667523951,1.099499713682,1.1937026653954,0,0
3553,-0.2361891068148846,1.052413565574,1.1937026653954,0,0
3554,-0.2440098515737663,1.113854546327,1.1937026653954,0,0
3555,0.45590276061301993,1.125910797349,1.1937026653954,0,0
3556,-0.24424830709768197,1.177506348294,1.1937026653954,0,0
3557,-0.2979456465923972,1.141171317205,1.1937026653954,0,0
3558,-0.298220805227257,1.182041432128,1.1937026653954,0,0
3559,-0.3188708356736346,1.14600375715,1.1937026653954,0,0
3560,-0.3098005793815457,1.179440149489,1.1937026653954,0,0
3561,-0.3137730603065375,1.146339624136,1.1937026653954,0,0
3562,-0.3148011488532515,1.192151569539,1.1937026653954,0,0
3563,-0.3190318705729023,1.144550870022,1.2965284422411998,0,0
3564,-0.321158643806287,1.224395536708,1.1937026653954,1,0
3565,-0.3267038530352383,1.11689321655,1.1937026653954,0,0
3566,0.2449876453887645,1.248298831382,1.2965284422411998,0,0
3567,-0.3100568703234359,1.167078740929,1.2965284422411998,0,0
3568,-0.3117419445560512,1.241090527178,1.2965284422411998,0,0
3569,-0.31108524561320405,1.164761286978,1.2965284422411998,0,0
3570,-0.3144627347006236,1.198925951869,1.2965284422411998,0,0
3571,-0.3247628893010087,1.156708908548,1.2965284422411998,0,0
3572,-0.31851785497385077,1.249839059407,1.2965284422411998,0,0
3573,-0.32213764194211303,1.163267924608,1.2965284422411998,0,0
3574,-0.3225519856555067,1.226384437165,1.2965284422411998,0,0
3575,-0.3208213766258762,1.137776856571,1.2965284422411998,0,0
3576,0.23710978141347572,1.231110035794,1.2965284422411998,0,0
3577,-0.32915384303937545,1.167767409351,1.2965284422411998,0,0
3578,-0.3202130225619758,1.237779449896,1.2965284422411998,0,0
3579,-0.33343749752684115,1.154168942933,1.2965284422411998,0,0
3580,-0.33010422421838714,1.219794747432,1.2965284422411998,0,0
3581,-0.3304531331668006,1.168230430869,1.2965284422411998,0,0
3582,-0.3354381038163551,1.2254479508,1.2965284422411998,0,0
3583,-0.3261614498738159,1.148366514119,1.2965284422411998,0,0
3584,-0.3273362935156958,1.217615376282,1.2965284422411998,0,0
3585,-0.3339743378730111,1.142034672881,1.2965284422411998,0,0
3586,0.23561263857861703,1.218142846456,1.2965284422411998,0,0
3587,-0.33222749918650996,1.163187669694,1.2965284422411998,0,0
3588,-0.3263225994703053,1.209712959549,1.2965284422411998,0,0
3589,-0.33327342315119834,1.141671396175,1.2965284422411998,0,0
3590,-0.33517263709672884,1.195443529218,1.2965284422411998,0,0
3591,-0.3327933005811594,1.162494821982,1.2965284422411998,0,0
3592,-0.3258406990933299,1.198341335269,1.2965284422411998,0,0
3593,-0.3328821335793666,1.163836841375,1.2965284422411998,0,0
3594,-0.33602242881230915,1.196739598154,1.2965284422411998,0,0
3595,-0.33800749362828264,1.11182552481,1.2965284422411998,0,0
3596,-0.011682600213543282,1.14014221037,1.2965284422411998,0,0
3597,-0.3402724196652057,1.113359536742,1.2965284422411998,0,0
3598,-0.3407983064267033,1.135980706613,1.2965284422411998,0,0
3599,-0.3338307943000528,1.100473125356,1.1937026653954,0,0
3600,-0.33643757540625474,1.128308906064,1.1937026653954,0,0
3601,-0.3343558208323876,1.099363606661,1.1937026653954,0,0
3602,-0.3391885882687452,1.170234425798,1.1937026653954,0,0
3603,-0.3408449308473246,1.095116163601,1.1937026653954,0,0
3604,-0.3370325672438269,1.149220343607,1.1937026653954,0,0
3605,-0.3298494243403791,1.092951825471,1.1937026653954,0,0
3606,0.22401996098688692,1.134847427337,1.1937026653954,0,0
3607,-0.33976884151332887,1.109688489306,1.1937026653954,0,0
3608,-0.32802183880980074,1.103249182104,1.1937026653954,0,0
3609,-0.33156087893398567,1.121988561222,1.1937026653954,0,0
3610,-0.334372910718421,1.107419988529,1.1937026653954,0,0
3611,-0.32686116027480083,1.106949838951,1.1937026653954,0,0
3612,-0.3309695574075079,1.045639670075,1.1937026653954,0,0
3613,-0.3315332942521667,1.039459200757,1.1937026653954,0,0
3614,-0.32632265681891615,1.01558550768,1.1937026653954,0,0
3615,-0.3358495800992062,1.003869241409,1.1937026653954,0,0
3616,-0.3343507168060219,0.986361790548,1.1937026653954,0,0
3617,0.23978257077076637,1.006969115809,1.1937026653954,0,0
3618,-0.3312316979077048,0.998580673177,1.1937026653954,0,0
3619,-0.33391825093159955,0.97693716194,1.1937026653954,0,0
3620,-0.3344617437166282,0.983451137283,1.1937026653954,0,0
3621,-0.04531956767864409,0.981347173697,1.1937026653954,0,0
3622,-0.3258220607948036,0.989777958916,1.1937026653954,0,0
3623,-0.3208569901132142,0.992215112918,1.1937026653954,0,0
3624,-0.33182290473696086,0.993263510009,1.1937026653954,0,0
3625,-0.32179314883673504,0.992286066405,1.1937026653954,0,0
3626,-0.3352519502255349,0.996674283306,1.1937026653954,0,0
3627,0.25199449866245827,0.99975907359,1.1937026653954,0,0
3628,-0.3210791012830375,1.00051664485,1.1937026653954,0,0
3629,-0.32287921682901866,0.994381386744,1.1937026653954,0,0
3630,-0.3191476000695983,0.981871835641,1.1937026653954,0,0
3631,-0.32368829103089525,0.983831633029,1.1937026653954,0,0
3632,-0.3189601848093394,0.978355442058,1.1937026653954,0,0
3633,-0.3204163233874402,0.985988890437,1.1937026653954,0,0
3634,-0.32043381471374954,0.986232937649,1.1937026653954,0,0
3635,-0.11762865329289418,0.99134945264,1.1937026653954,0,0
3636,-0.311603677055291,0.989707977415,1.1937026653954,0,0
3637,0.2436035940145025,0.997265729383,1.1937026653954,0,0
3638,-0.3257232491383084,0.99667520793,1.1937026653954,0,0
3639,-0.31710163102890176,0.99219010879,1.1937026653954,0,0
3640,-0.31476777196173655,0.983106390684,1.1937026653954,0,0
3641,-0.31386894718387925,0.983748033494,1.1937026653954,0,0
3642,0.34798792972317716,1.010248024294,1.1937026653954,0,0
3643,-0.3209241453365199,1.007508183962,1.1937026653954,0,0
3644,0.5875179372117587,1.093459008162,1.1937026653954,0,0
3645,0.26245224724546024,1.067242148849,1.1937026653954,0,0
3646,0.26292032660722064,1.153951318515,1.1937026653954,0,0
3647,0.019185633668314273,1.080065688245,1.1937026653954,0,0
3648,-0.23549822809997056,1.142764447372,1.1937026653954,0,0
3649,-0.24182894125173893,1.101612358864,1.1937026653954,0,0
3650,-0.22240250076646417,1.18443784008,1.1937026653954,0,0
3651,0.40969365863147633,1.189099880985,1.1937026653954,0,0
3652,-0.2259933840348579,1.228504599257,1.1937026653954,1,0
3653,-0.22254742070608302,1.196584930734,1.1937026653954,1,0
3654,-0.3149399324915093,1.212624789877,1.1937026653954,1,0
3655,-0.3087086044823445,1.205276245155,1.1937026653954,1,0
3656,-0.3098759928048139,1.225381741828,1.1937026653954,1,0
3657,-0.31538168884088935,1.176938537959,1.1937026653954,0,0
3658,-0.3287608330092181,1.214679247345,1.1937026653954,1,0
3659,-0.31923488465531247,1.197389447985,1.1937026653954,1,0
3660,-0.32028000573944904,1.283992919875,1.1937026653954,1,0
3661,-0.32141327163846245,1.170379307585,1.1937026653954,0,0
3662,0.24131263170825346,1.272821050834,1.1937026653954,1,0
3663,-0.3197760261472963,1.199659659709,1.1937026653954,1,0
3664,-0.31150526683907187,1.249704433514,1.1937026653954,1,0
3665,-0.13280642194332193,1.190283562732,1.1937026653954,0,0
3666,-0.3163318979740686,1.245646894277,1.2965284422411998,0,0
3667,-0.3161981036649547,1.173197069038,1.2965284422411998,0,0
3668,-0.3162635957785458,1.272709100725,1.2965284422411998,0,0
3669,-0.31714745256897114,1.1903090445,1.2965284422411998,0,0
3670,-0.3300293842812275,1.273114763459,1.2965284422411998,0,0
3671,-0.33195073479054626,1.180202677314,1.2965284422411998,0,0
3672,-0.004037686295528697,1.264037614996,1.2965284422411998,0,0
3673,-0.32201973319820476,1.189638351456,1.2965284422411998,0,0
3674,-0.3343334548741559,1.265803583838,1.2965284422411998,0,0
3675,-0.33280912879775404,1.174949636863,1.2965284422411998,0,0
3676,-0.3334062425339277,1.249228799107,1.2965284422411998,0,0
3677,-0.3218485475948165,1.184692029122,1.2965284422411998,0,0
3678,-0.32265951430085105,1.263299713505,1.2965284422411998,0,0
3679,-0.3366732208482387,1.172011016395,1.2965284422411998,0,0
3680,-0.33284101462538684,1.255475049885,1.2965284422411998,0,0
3681,-0.32827130526699966,1.156171110093,1.2965284422411998,0,0
3682,0.23349268982992344,1.254300418811,1.2965284422411998,0,0
3683,-0.33489139950911884,1.176630460068,1.2965284422411998,0,0
3684,-0.32711120021810824,1.248398680387,1.2965284422411998,0,0
3685,-0.3311935037328785,1.159272811192,1.2965284422411998,0,0
3686,-0.13468997971809027,1.237905546713,1.2965284422411998,0,0
3687,-0.33601933198732326,1.190285581588,1.2965284422411998,0,0
3688,-0.323760034143069,1.224874541054,1.2965284422411998,0,0
3689,-0.33228989447511514,1.193318656014,1.2965284422411998,0,0
3690,-0.3290163784191672,1.224415275362,1.2965284422411998,0,0
3691,-0.33746560660435776,1.137401040669,1.2965284422411998,0,0
3692,0.23659203815471908,1.222797418523,1.2965284422411998,0,0
3693,-0.3332112572570366,1.152084263614,1.2965284422411998,0,0
3694,-0.33770475031160374,1.161211687996,1.2965284422411998,0,0
3695,-0.3325940715070653,1.141929228043,1.2965284422411998,0,0
3696,-0.3402300390417873,1.17817484289,1.2965284422411998,0,0
3697,-0.33240252714682517,1.120818672848,1.2965284422411998,0,0
3698,-0.3411085624114035,1.224177334181,1.2965284422411998,0,0
3699,-0.335264566919922,1.127194429962,1.2965284422411998,0,0
3700,-0.3352692121574008,1.210641627885,1.1937026653954,1,0
3701,-0.31101625523435106,1.108127014704,1.1937026653954,0,0
3702,-0.3332103970278738,1.17233091791,1.1937026653954,0,0
3703,0.22167761432531585,1.101153205988,1.1937026653954,0,0
3704,-0.3326355345527101,1.152852348421,1.1937026653954,0,0
3705,-0.3383084591380252,1.104278149954,1.1937026653954,0,0
3706,-0.3316564790682732,1.110123565942,1.1937026653954,0,0
3707,-0.32962094747475146,1.0826878835,1.1937026653954,0,0
3708,-0.3367800039616421,1.038510476333,1.1937026653954,0,0
3709,-0.32803611861390247,1.008179161881,1.1937026653954,0,0
3710,-0.044048378370535546,1.007236267695,1.1937026653954,0,0
3711,-0.3221834634821824,0.997147704486,1.1937026653954,0,0
3712,-0.337047477882648,1.007509437452,1.1937026653954,0,0
3713,0.23947518221660857,1.002532047884,1.1937026653954,0,0
3714,-0.3344267610640095,1.013707247446,1.1937026653954,0,0
3715,-0.32869276020813876,0.983562383786,1.1937026653954,0,0
3716,-0.33612244478963216,0.986928234665,1.1937026653954,0,0
3717,-0.3332731937567549,0.981250722459,1.1937026653954,0,0
3718,-0.3279024963506212,0.990268827484,1.1937026653954,0,0
3719,-0.33459720113545666,0.981559015204,1.1937026653954,0,0
3720,-0.326914723877335,0.994544556317,1.1937026653954,0,0
3721,-0.33611670992854703,0.982919713447,1.1937026653954,0,0
3722,-0.3350116021974612,0.997012062609,1.1937026653954,0,0
3723,0.2292228563576728,0.98509612586,1.1937026653954,0,0
3724,-0.3322268683517906,1.007912052326,1.1937026653954,0,0
3725,-0.328685362237339,0.985678278026,1.1937026653954,0,0
3726,-0.3268579487525932,0.988375302212,1.1937026653954,0,0
3727,-0.32685295942344916,0.982748145931,1.1937026653954,0,0
3728,-0.31374392721222555,0.988740202143,1.1937026653954,0,0
3729,-0.3162358963995051,0.986808231786,1.1937026653954,0,0
3730,-0.3160828903057564,0.988113087468,1.1937026653954,0,0
3731,-0.3111024501964591,0.987379749296,1.1937026653954,0,0
3732,-0.31971408964757786,0.986075299972,1.1937026653954,0,0
3733,0.003462020939813071,0.986694401834,1.1937026653954,0,0
3734,-0.32478869617589146,0.984108009324,1.1937026653954,0,0
3735,-0.32669788877970984,0.98763879236,1.1937026653954,0,0
3736,-0.31376222141908683,0.984246631177,1.1937026653954,0,0
3737,-0.32270321394231904,0.985284327296,1.1937026653954,0,0
3738,-0.3270355574003967,0.983914371534,1.1937026653954,0,0
3739,0.34351772020461513,1.005215966674,1.1937026653954,0,0
3740,-0.3199482440256798,1.009720190539,1.1937026653954,0,0
3741,0.5448592877279592,1.059463030536,1.1937026653954,0,0
3742,0.18494227346180425,1.076608729075,1.1937026653954,0,0
3743,0.18361901161504357,1.088205499755,1.1937026653954,0,0
3744,0.18550394575647222,1.077243971119,1.1937026653954,0,0
3745,-0.0398434635257674,1.109666314115,1.1937026653954,0,0
3746,-0.24221357838471214,1.088785830673,1.1937026653954,0,0
3747,-0.2504645524221931,1.133922783079,1.1937026653954,0,0
3748,-0.23023655040306323,1.082349505608,1.1937026653954,0,0
3749,0.29476612490963294,1.141294112577,1.1937026653954,0,0
3750,-0.23587569665658747,1.093434830298,1.1937026653954,0,0
3751,-0.3089943726102117,1.113580495681,1.1937026653954,0,0
3752,-0.3113900534798736,1.08299737042,1.1937026653954,0,0
3753,-0.30860388591893173,1.117785343693,1.1937026653954,0,0
3754,-0.3198316542998211,1.107414894193,1.1937026653954,0,0
3755,-0.16887657626958064,1.1405741811,1.1937026653954,0,0
3756,-0.31762465035985676,1.10020563567,1.1937026653954,0,0
3757,-0.32374546759591294,1.134135327532,1.1937026653954,0,0
3758,-0.3206370581906032,1.087798068716,1.1937026653954,0,0
3759,0.24354154281756246,1.142363182798,1.1937026653954,0,0
3760,-0.3200427545363611,1.102428854439,1.1937026653954,0,0
3761,-0.3247396057650035,1.124271777077,1.1937026653954,0,0
3762,-0.3313651481251535,1.103306632106,1.1937026653954,0,0
3763,-0.33066589651305534,1.111625606071,1.1937026653954,0,0
3764,-0.32925018870560396,1.104162912277,1.1937026653954,0,0
3765,-0.33635665651634483,1.117726817827,1.1937026653954,0,0
3766,-0.3319949505695119,1.097116099761,1.1937026653954,0,0
3767,-0.323209028690019,1.112949680486,1.1937026653954,0,0
3768,-0.3321788675645089,1.084165636113,1.1937026653954,0,0
3769,-0.0030948751331491,1.123226760838,1.1937026653954,0,0
3770,-0.3321626952562491,1.088143331348,1.1937026653954,0,0
3771,-0.32929784540122065,1.119373804939,1.1937026653954,0,0
3772,-0.3318377580271711,1.086360886817,1.1937026653954,0,0
3773,-0.32970633955630757,1.111320931439,1.1937026653954,0,0
3774,-0.3326587033914936,1.082313901948,1.1937026653954,0,0
3775,-0.3307734251583997,1.107882572985,1.1937026653954,0,0
3776,-0.32551880134062705,1.075418466242,1.1937026653954,0,0
3777,-0.33619046024210064,1.089107226087,1.1937026653954,0,0
3778,-0.33208395561355153,1.068608555169,1.1937026653954,0,0
3779,-0.32782249503848493,1.093215839542,1.1937026653954,0,0
3780,0.23585464971640535,1.07969271611,1.1937026653954,0,0
3781,-0.33649698856709565,1.102725178159,1.1937026653954,0,0
3782,-0.332778103199284,1.083475860385,1.1937026653954,0,0
3783,-0.3284381323759633,1.085571649592,1.1937026653954,0,0
3784,-0.3301859459888489,1.081512610255,1.1937026653954,0,0
3785,-0.3355306644742675,1.095689466716,1.1937026653954,0,0
3786,-0.3327212707259314,1.088639853156,1.1937026653954,0,0
3787,-0.3288045326506861,1.076412157793,1.1937026653954,0,0
3788,-0.33485796526899314,1.064558951402,1.1937026653954,0,0
3789,-0.3292074066419096,1.077453606332,1.1937026653954,0,0
3790,-0.008984577467478494,1.050014961855,1.1937026653954,0,0
3791,-0.3376186700467173,1.075102043843,1.1937026653954,0,0
3792,-0.33275281246189903,1.050753422629,1.1937026653954,0,0
3793,-0.34168984793098256,1.072051917935,1.1937026653954,0,0
3794,-0.3355993107614553,1.04870873727,1.1937026653954,0,0
3795,-0.33855058497303525,1.077927979393,1.1937026653954,0,0
3796,-0.33710821006153846,1.049804595802,1.1937026653954,0,0
3797,-0.32823523299077484,1.070251801114,1.1937026653954,0,0
3798,-0.3275715948660147,1.032503333416,1.1937026653954,0,0
3799,-0.3310247267711459,1.073605339992,1.1937026653954,0,0
3800,0.22506026478771202,1.049210152654,1.1937026653954,0,0
3801,-0.33517923218697665,1.08453360383,1.1937026653954,0,0
3802,-0.33685925974183717,1.033779178728,1.1937026653954,0,0
3803,-0.33160108031019175,1.05964621371,1.1937026653954,0,0
3804,-0.3342997338909759,1.024894179972,1.1937026653954,0,0
3805,-0.3293019745012019,1.016852069045,1.1937026653954,0,0
3806,-0.3353693428319455,0.996003650583,1.1937026653954,0,0
3807,-0.3284778749632825,0.996124511953,1.1937026653954,0,0
3808,-0.32910934051735563,0.988308441605,1.1937026653954,0,0
3809,-0.3357332197677909,0.983053643837,1.1937026653954,0,0
3810,0.23345896884674344,0.986816815465,1.1937026653954,0,0
3811,-0.3325308733379082,0.98688993037,1.1937026653954,0,0
3812,-0.32619763684726244,0.99159969384,1.1937026653954,0,0
3813,-0.3335794353386957,0.982085171881,1.1937026653954,0,0
3814,-0.3232926429646388,0.987418956195,1.1937026653954,0,0
3815,-0.32325077847871797,0.979581427987,1.1937026653954,0,0
3816,-0.32277065590867904,0.984359587815,1.1937026653954,0,0
3817,-0.31832218151362945,0.978649623269,1.1937026653954,0,0
3818,-0.3178735433309473,0.981286410641,1.1937026653954,0,0
3819,-0.3169269471602516,0.980653533465,1.1937026653954,0,0
3820,-0.3226502811745041,0.980177227832,1.1937026653954,0,0
3821,0.2446445859986579,0.988251853876,1.1937026653954,0,0
3822,-0.31990517521893125,0.985770788414,1.1937026653954,0,0
3823,-0.31934533807981025,0.979165244844,1.1937026653954,0,0
3824,-0.32661840360507133,0.980721056529,1.1937026653954,0,0
3825,-0.32520974967675453,0.981172623148,1.1937026653954,0,0
3826,-0.31828633863184796,0.983942631584,1.1937026653954,0,0
3827,-0.3180373883121467,0.976696918663,1.1937026653954,0,0
3828,-0.3246429733557207,0.981060052584,1.1937026653954,0,0
3829,-0.31221983053026703,0.979090255977,1.1937026653954,0,0
3830,-0.3102992829015002,0.983071020626,1.1937026653954,0,0
3831,0.00013947182158791094,0.977725504405,1.1937026653954,0,0
3832,-0.32322370993439664,0.98644584945,1.1937026653954,0,0
3833,-0.330490925901351,0.979586369536,1.1937026653954,0,0
3834,-0.3271241610041604,0.974727736337,1.1937026653954,0,0
3835,-0.323518252399724,0.979264804435,1.1937026653954,0,0
3836,-0.31621054831350925,0.975739280214,1.1937026653954,0,0
3837,-0.31765252178473,0.97884959674,1.1937026653954,0,0
3838,-0.32051008836618056,0.981053655573,1.1937026653954,0,0
3839,-0.31865824437321233,0.981772182891,1.1937026653954,0,0
3840,-0.32657453191777086,0.981698167682,1.1937026653954,0,0
3841,0.23786643898503512,0.981397464268,1.1937026653954,0,0
3842,-0.33613127647570307,0.988166178142,1.1937026653954,0,0
3843,-0.328122887062119,0.980696095296,1.1937026653954,0,0
3844,-0.32361660526733227,0.985477269124,1.1937026653954,0,0
3845,-0.04276531789998106,0.979791063734,1.1937026653954,0,0
3846,-0.3230096849187032,0.983811412371,1.1937026653954,0,0
3847,0.22396008903715914,0.986140917096,1.1937026653954,0,0
3848,-0.3122651359328388,0.998757164747,1.1937026653954,0,0
3849,0.585098055228318,1.03501143061,1.1937026653954,0,0
3850,0.18424193222609997,1.065444476883,1.1937026653954,0,0
3851,0.19651556722306673,1.078729626499,1.1937026653954,0,0
3852,0.1979575406942875,1.055534176634,1.1937026653954,0,0
3853,0.19267905985440104,1.104802720995,1.1937026653954,0,0
3854,-0.024497491399715576,1.087514070942,1.1937026653954,0,0
3855,-0.21923800441974273,1.106121229354,1.1937026653954,0,0
3856,-0.22989435124211932,1.093083357469,1.1937026653954,0,0
3857,0.4181751740845756,1.144718332317,1.1937026653954,0,0
3858,-0.2528349999030809,1.131146354767,1.1937026653954,0,0
3859,-0.32669100694640785,1.140391945556,1.1937026653954,0,0
3860,-0.33061204616746687,1.128207619981,1.1937026653954,0,0
3861,-0.27778841275905664,1.160526189587,1.1937026653954,0,0
3862,-0.3303724436713342,1.113219708775,1.1937026653954,0,0
3863,-0.33009860405452385,1.169151894884,1.1937026653954,0,0
3864,-0.3271729646719941,1.139484795486,1.1937026653954,0,0
3865,-0.3244962756091656,1.164866473317,1.1937026653954,0,0
3866,-0.323614024579844,1.121503477957,1.1937026653954,0,0
3867,0.23896248563560674,1.174091881615,1.1937026653954,0,0
3868,-0.33737264450616944,1.151484365964,1.1937026653954,0,0
3869,-0.3355850309573536,1.160898321122,1.1937026653954,0,0
3870,-0.33246085068405995,1.150527050258,1.1937026653954,0,0
3871,-0.3306346415201419,1.150755754206,1.1937026653954,0,0
3872,-0.3296212915664165,1.140267450643,1.1937026653954,0,0
3873,-0.33693811408175645,1.150019313966,1.1937026653954,0,0
3874,-0.3356957137762948,1.139089427357,1.1937026653954,0,0
3875,-0.32825897531566683,1.123845903786,1.1937026653954,0,0
3876,-0.3316069298684985,1.117753023768,1.1937026653954,0,0
3877,0.24322211105512603,1.138392351178,1.1937026653954,0,0
3878,-0.33411340825432323,1.141575201049,1.1937026653954,0,0
3879,-0.3269846891825724,1.14361131816,1.1937026653954,0,0
3880,-0.3326201077763914,1.134902692126,1.1937026653954,0,0
3881,-0.32840280563167945,1.134857514713,1.1937026653954,0,0
3882,-0.32568585784403403,1.128922981595,1.1937026653954,0,0
3883,-0.32792864731716886,1.135352088007,1.1937026653954,0,0
3884,-0.3318780741005989,1.124429571776,1.1937026653954,0,0
3885,-0.3231050556585473,1.114587034114,1.1937026653954,0,0
3886,-0.3269782087895463,1.107002621805,1.1937026653954,0,0
3887,-0.33278056918955057,1.125423300385,1.1937026653954,0,0
3888,0.23397063315275024,1.120388703355,1.1937026653954,0,0
3889,-0.3335641232595987,1.122393975523,1.1937026653954,0,0
3890,-0.05484895694920078,1.129835312174,1.1937026653954,0,0
3891,-0.14077891112651364,1.135551187107,1.1937026653954,0,0
3892,-0.3371975018486325,1.122305887123,1.1937026653954,0,0
3893,-0.3365010029698552,1.160680429692,1.1937026653954,0,0
3894,-0.33530654610306443,1.151225340736,1.1937026653954,0,0
3895,-0.3324495530077225,1.16071122402,1.1937026653954,0,0
3896,-0.33819726018158636,1.146400860149,1.1937026653954,0,0
3897,0.23093218905267787,1.178818342843,1.1937026653954,0,0
3898,-0.33697573477047427,1.150681159219,1.1937026653954,0,0
3899,-0.3304947109096671,1.201746282399,1.1937026653954,1,0
3900,-0.33680649901985493,1.199604985577,1.1937026653954,1,0
3901,-0.3332415946721764,1.189996458496,1.1937026653954,0,0
3902,-0.33160079356713756,1.188118590612,1.1937026653954,0,0
3903,-0.3330033685427042,1.208593741648,1.1937026653954,1,0
3904,-0.32334047170608793,1.203261118179,1.1937026653954,1,0
3905,-0.33679818347128165,1.18592486881,1.1937026653954,0,0
3906,-0.33514115270937206,1.145486225379,1.1937026653954,0,0
3907,0.15001433141785148,1.195422376391,1.1937026653954,1,0
3908,-0.3289945859470441,1.190134711995,1.1937026653954,0,0
3909,-0.3383908117432063,1.186749766158,1.1937026653954,0,0
3910,-0.33325415401795266,1.166058757819,1.1937026653954,0,0
3911,-0.3281210519065718,1.166567824665,1.1937026653954,0,0
3912,-0.32848510088824967,1.185120691605,1.1937026653954,0,0
3913,-0.3322003159449669,1.106984145217,1.1937026653954,0,0
3914,-0.32148673520896176,1.121868707024,1.1937026653954,0,0
3915,-0.3343208381797689,1.07347534726,1.1937026653954,0,0
3916,-0.31849566106145166,1.087598657582,1.1937026653954,0,0
3917,0.23519995797493798,1.061084736596,1.1937026653954,0,0
3918,-0.33316750026695774,1.084390817045,1.1937026653954,0,0
3919,-0.3309997227768151,1.053556372371,1.1937026653954,0,0
3920,-0.31729638691134954,1.0845292095,1.1937026653954,0,0
3921,-0.32494210370991605,1.024796252702,1.1937026653954,0,0
3922,-0.31924658377192594,1.031102552694,1.1937026653954,0,0
3923,-0.31430812284577114,1.027088024206,1.1937026653954,0,0
3924,-0.315227822517978,1.029402910036,1.1937026653954,0,0
3925,-0.3174411348051357,1.032406949615,1.1937026653954,0,0
3926,-0.31007195300808954,1.031856560725,1.1937026653954,0,0
3927,0.25534916300275956,1.049808817102,1.1937026653954,0,0
3928,-0.32001293325871893,1.055707179264,1.1937026653954,0,0
3929,-0.3116673340133349,1.061944482111,1.1937026653954,0,0
3930,-0.31265711368800087,1.047540340058,1.1937026653954,0,0
3931,-0.3234789112526806,1.032189086801,1.1937026653954,0,0
3932,-0.32758575997289474,1.021967628404,1.1937026653954,0,0
3933,-0.3304389107113097,1.031013845204,1.1937026653954,0,0
3934,-0.04068247370250777,1.027971557791,1.1937026653954,0,0
3935,-0.3317283368776687,1.031831415975,1.1937026653954,0,0
3936,-0.031062416278196725,1.033815681882,1.1937026653954,0,0
3937,-0.33339408462842746,1.045841284508,1.1937026653954,0,0
3938,0.23514994998627636,1.059104973062,1.1937026653954,0,0
3939,-0.32551484428647837,1.056049119208,1.1937026653954,0,0
3940,-0.32851394723950744,1.043982219127,1.1937026653954,0,0
3941,-0.3224606293184221,1.038147508863,1.1937026653954,0,0
3942,-0.32284618402916887,1.002873745627,1.1937026653954,0,0
3943,0.029943200788841606,1.042661904581,1.1937026653954,0,0
3944,-0.32552275839477574,1.024390828284,1.1937026653954,0,0
3945,0.6052541420894415,1.131953999314,1.1937026653954,0,0
3946,-0.3055062580524618,1.098064822408,1.1937026653954,0,0
3947,0.291875410831111,1.193108069143,1.1937026653954,0,0
3948,0.26333335130256463,1.146084519646,1.1937026653954,0,0
3949,0.03301077798322605,1.198257285012,1.1937026653954,1,0
3950,-0.22556573544374692,1.137650052285,1.1937026653954,0,0
3951,-0.2295868479907398,1.187779240804,1.1937026653954,0,0
3952,-0.24465227071251172,1.089131540743,1.1937026653954,0,0
3953,0.6082650588563059,1.253889660547,1.1937026653954,1,0
3954,-0.2471039238263636,1.154660403399,1.1937026653954,0,0
3955,-0.32439729190683786,1.244049553476,1.1937026653954,1,0
3956,-0.3275889141464915,1.151786331892,1.1937026653954,0,0
3957,-0.27023003789481503,1.247331539726,1.1937026653954,1,0
3958,-0.3367323472660254,1.180442800282,1.1937026653954,0,0
3959,-0.3341371505792152,1.252281398992,1.1937026653954,1,0
3960,-0.3329180338097588,1.200933165093,1.1937026653954,1,0
3961,-0.3367624552867219,1.232782991055,1.1937026653954,1,0
3962,-0.3281938272937408,1.185968468609,1.1937026653954,0,0
3963,-0.33243905821193687,1.240939989444,1.1937026653954,1,0
3964,0.23111822794627623,1.19488045162,1.1937026653954,1,0
3965,-0.3328221469324171,1.269638928785,1.1937026653954,1,0
3966,-0.3273442076239932,1.191615347656,1.1937026653954,0,0
3967,-0.33475668762223143,1.268850901018,1.1937026653954,1,0
3968,-0.32701663235881606,1.187582249673,1.1937026653954,0,0
3969,-0.3354495735385251,1.278882840552,1.1937026653954,1,0
3970,-0.32945698779633037,1.190648336185,1.1937026653954,0,0
3971,-0.3279631711809008,1.262222028129,1.1937026653954,1,0
3972,-0.3364126287605348,1.191137409408,1.1937026653954,0,0
3973,-0.3326022723584169,1.261367215956,1.1937026653954,1,0
3974,0.09680686375701986,1.202184721094,1.1937026653954,1,0
3975,-0.32977619016432325,1.241053812096,1.1937026653954,1,0
3976,-0.318774490007406,1.203681984065,1.1937026653954,1,0
3977,-0.3104322169814513,1.251082831434,1.1937026653954,1,0
3978,-0.32500983241933035,1.21105217056,1.1937026653954,1,0
3979,-0.08683829882457139,1.256464780408,1.1937026653954,1,0
3980,-0.3230380724810741,1.201225375186,1.1937026653954,1,0
3981,-0.33196426906270693,1.241125032629,1.1937026653954,1,0
3982,-0.3257818594185975,1.184311098381,1.1937026653954,0,0
3983,-0.333836815904192,1.25144485235,1.1937026653954,1,0
3984,0.23108599802697838,1.192009435411,1.1937026653954,0,0
3985,-0.32323495026212334,1.252447648972,1.1937026653954,1,0
3986,-0.33585651928111915,1.162261880677,1.1937026653954,0,0
3987,-0.3356474262459588,1.21817009083,1.1937026653954,1,0
3988,-0.13879900768551678,1.163938270128,1.1937026653954,0,0
3989,-0.3393426839861001,1.262338410999,1.1937026653954,1,0
3990,-0.33090796499945463,1.174017194174,1.1937026653954,0,0
3991,0.318276761413836,1.274980985327,1.1937026653954,1,0
3992,-0.33399114101599026,1.18120840879,1.1937026653954,0,0
3993,-0.32847965277021896,1.265952241958,1.1937026653954,1,0
3994,0.5313870667642204,1.206594204115,1.1937026653954,1,0
3995,-0.06735783594787559,1.279450752346,1.1937026653954,1,0
3996,-0.2497989644446642,1.204505809999,1.1937026653954,1,0
3997,-0.2669583569944144,1.221756090748,1.1937026653954,1,0
3998,-0.2543358130490341,1.201895634065,1.1937026653954,1,0
3999,-0.26438799225610243,1.260369390998,1.1937026653954,1,0
4000,-0.25364367266468146,1.174032948192,1.1937026653954,0,0
4001,0.599186773758698,1.331093317115,1.1937026653954,1,0
4002,-0.26648781164238733,1.223248502105,1.1937026653954,1,0
4003,-0.31312748699419535,1.319301843813,1.1937026653954,1,0
4004,-0.32634863573963135,1.239988369183,1.1937026653954,1,0
4005,-0.3285930883224809,1.375445154253,1.1937026653954,1,0
4006,-0.3355402416922795,1.256454165918,1.1937026653954,1,0
4007,-0.3328766281127249,1.358218279014,1.1937026653954,1,0
4008,-0.32723398359393885,1.276442077012,1.1937026653954,1,0
4009,-0.3361948760851361,1.310293722849,1.1937026653954,1,0
4010,-0.3283564106055016,1.199644200208,1.1937026653954,1,0
4011,-0.33753798055125095,1.229048735376,1.1937026653954,1,0
4012,0.2349077094540446,1.196024924289,1.1937026653954,1,0
4013,-0.3342474319578804,1.213938269148,1.1937026653954,1,0
4014,-0.33283413279208485,1.185167291102,1.1937026653954,0,0
4015,-0.3347786521401871,1.214445511878,1.1937026653954,1,0
4016,-0.327841248034233,1.188600848681,1.1937026653954,0,0
4017,-0.3318543317757069,1.155945819134,1.1937026653954,0,0
4018,-0.33586844779217595,1.121018970156,1.1937026653954,0,0
4019,-0.32939694380077,1.152455201697,1.1937026653954,0,0
4020,-0.3275509493661086,1.133833584727,1.1937026653954,0,0
4021,-0.3294884148350763,1.124624576291,1.1937026653954,0,0
4022,0.24889021835712977,1.137760216741,1.1937026653954,0,0
4023,-0.3135129270077204,1.166755180469,1.1937026653954,0,0
4024,-0.08794438148204176,1.153521221601,1.1937026653954,0,0
4025,-0.3183452930038021,1.167733406162,1.1937026653954,0,0
4026,-0.3249041389295332,1.16016439777,1.1937026653954,0,0
4027,-0.32519696093653494,1.157155996353,1.1937026653954,0,0
4028,-0.3337503341990298,1.133162045004,1.1937026653954,0,0
4029,-0.3333842206673612,1.140609302208,1.1937026653954,0,0
4030,-0.33176194316362695,1.119279654159,1.1937026653954,0,0
4031,-0.3357918300480799,1.159500776373,1.1937026653954,0,0
4032,-0.008059888466127707,1.128300051158,1.1937026653954,0,0
4033,-0.3019950893531501,1.171883428587,1.1937026653954,0,0
4034,-0.3275882259631613,1.127499134897,1.1937026653954,0,0
4035,-0.3309689839213994,1.159552594928,1.1937026653954,0,0
4036,-0.13142621292598688,1.130830168534,1.1937026653954,0,0
4037,-0.33036424281998256,1.166653829199,1.1937026653954,0,0
4038,-0.3237865292012818,1.122600376214,1.1937026653954,0,0
4039,-0.3283678803276716,1.136947119835,1.1937026653954,0,0
4040,0.39308733608476665,1.161301061611,1.1937026653954,0,0
4041,-0.3159922795006129,1.170727419923,1.1937026653954,0,0
4042,-0.3168597919369459,1.178487582568,1.1937026653954,0,0
4043,0.5014843540946392,1.260365169843,1.1937026653954,1,0
4044,-0.21179793973968553,1.228526883575,1.1937026653954,1,0
4045,-0.2410841548426257,1.230946811951,1.1937026653954,1,0
4046,-0.25074882948617827,1.204017072887,1.1937026653954,1,0
4047,-0.24277800341270117,1.224926254247,1.1937026653954,1,0
4048,-0.23888489296512616,1.211088651248,1.1937026653954,1,0
4049,-0.24218530551956297,1.213017457293,1.1937026653954,1,0
4050,-0.2732102158062636,1.209802050771,1.1937026653954,1,0
4051,0.25096222366715226,1.224977380209,1.1937026653954,1,0
4052,-0.2712519901401681,1.22358942676,1.1937026653954,1,0
4053,-0.3177255839149534,1.172546335485,1.2965284422411998,0,0
4054,-0.31891476470954594,1.191391492544,1.2965284422411998,0,0
4055,-0.332021330930503,1.248967162285,1.2965284422411998,0,0
4056,-0.3262825701399318,1.232415191599,1.2965284422411998,0,0
4057,-0.3312553828839859,1.19454421215,1.2965284422411998,0,0
4058,-0.3292742751221611,1.145240663181,1.1937026653954,0,0
4059,-0.33361665458713763,1.156147350053,1.1937026653954,0,0
4060,-0.33462954575197623,1.139996534421,1.1937026653954,0,0
4061,0.23022680113921856,1.185495607849,1.1937026653954,0,0
4062,-0.3270184101657524,1.133947888211,1.1937026653954,0,0
4063,-0.33478966307347036,1.1861621139,1.1937026653954,0,0
4064,-0.33360002348999096,1.145437243272,1.1937026653954,0,0
4065,-0.3341187990237431,1.098592262862,1.1937026653954,0,0
4066,-0.33242403287589406,1.063099296147,1.1937026653954,0,0
4067,-0.32526577926955536,1.085305954527,1.1937026653954,0,0
4068,-0.31468432973294935,1.067669526437,1.1937026653954,0,0
4069,-0.11019248831837469,1.089099960485,1.1937026653954,0,0
4070,-0.32408560220686633,1.069177530709,1.1937026653954,0,0
4071,0.23822670295839687,1.090044083985,1.1937026653954,0,0
4072,-0.3247513622302278,1.075621001379,1.1937026653954,0,0
4073,-0.31105926669248884,1.095500777322,1.1937026653954,0,0
4074,-0.3219708148331494,1.068770909079,1.1937026653954,0,0
4075,-0.31175828891014357,1.086456576371,1.1937026653954,0,0
4076,-0.3164005442612564,1.062274003492,1.1937026653954,0,0
4077,-0.3061918033465667,1.054754510401,1.1937026653954,0,0
4078,-0.31704238991389333,1.061312255389,1.1937026653954,0,0
4079,-0.33256115340443726,1.05860092243,1.1937026653954,0,0
4080,-0.33125985607563224,1.067589030865,1.1937026653954,0,0
4081,0.23335597074165637,1.065701952902,1.1937026653954,0,0
4082,-0.3266206975495053,1.058296143935,1.1937026653954,0,0
4083,-0.33648236467132886,1.068559612286,1.1937026653954,0,0
4084,-0.3349687054365451,1.080331851105,1.1937026653954,0,0
4085,-0.1451865533106378,1.077135773647,1.2965284422411998,0,0
4086,-0.3324994462991623,1.06451759032,1.1937026653954,0,0
4087,-0.33752605204019404,1.061244405151,1.1937026653954,0,0
4088,-0.3409756856800633,1.074172329807,1.1937026653954,0,0
4089,0.3577994741591173,1.107461004477,1.1937026653954,0,0
4090,-0.33359130650114177,1.097602409544,1.1937026653954,0,0
4091,0.5815276454139979,1.141678699051,1.1937026653954,0,0
4092,0.177250792471779,1.142681096482,1.1937026653954,0,0
4093,-0.06785349999145507,1.188748885141,1.2965284422411998,0,0
4094,-0.2659424837018115,1.145642392588,1.2965284422411998,0,0
4095,-0.25067622614484175,1.174942727371,1.2965284422411998,0,0
4096,-0.24227327828860734,1.137064188967,1.2965284422411998,0,0
4097,-0.312891554809157,1.187104228845,1.2965284422411998,0,0
4098,0.5577947256941389,1.266000712012,1.2965284422411998,0,0
4099,-0.3167874753386636,1.225107318791,1.2965284422411998,0,0
4100,-0.3267222619393213,1.228848540852,1.2965284422411998,0,0
4101,-0.3345600392356256,1.204597648632,1.2965284422411998,0,0
4102,-0.3000256807079388,1.291636399204,1.2965284422411998,0,0
4103,-0.33094375053262526,1.282605332506,1.2965284422411998,0,0
4104,-0.33026829859402995,1.259779135157,1.2965284422411998,0,0
4105,-0.3370555066881671,1.280926195095,1.2965284422411998,0,0
4106,-0.3291040070965465,1.220622359861,1.2965284422411998,0,0
4107,-0.33290128801539054,1.175043084563,1.2965284422411998,0,0
4108,-0.005844741023422695,1.159000384875,1.2965284422411998,0,0
4109,-0.33345521824759394,1.157044552003,1.1937026653954,0,0
4110,-0.33019311456520517,1.152583099645,1.1937026653954,0,0
4111,-0.32117418527982744,1.135090443561,1.1937026653954,0,0
4112,-0.31952415104844156,1.187384749039,1.1937026653954,0,0
4113,-0.11948950101776579,1.159576617753,1.1937026653954,0,0
4114,-0.32035375605300254,1.166483724074,1.1937026653954,0,0
4115,-0.3261394280072494,1.165198869906,1.1937026653954,0,0
4116,-0.3188367132501786,1.173853286688,1.1937026653954,0,0
4117,-0.3311142479526833,1.170644065357,1.1937026653954,0,0
4118,0.2500927040294396,1.18094705763,1.1937026653954,0,0
4119,-0.33073362522246963,1.180632814601,1.1937026653954,0,0
4120,-0.32717198974560957,1.187095025566,1.1937026653954,0,0
4121,-0.3163803002016262,1.181636841384,1.1937026653954,0,0
4122,-0.3177122790372361,1.182006589956,1.1937026653954,0,0
4123,-0.32600781294534786,1.171075932743,1.1937026653954,0,0
4124,-0.32425231461860826,1.191728924954,1.1937026653954,0,0
4125,-0.32622780221656966,1.155886005357,1.1937026653954,0,0
4126,-0.334033406942187,1.16002185639,1.1937026653954,0,0
4127,-0.32201176174129653,1.170059751526,1.1937026653954,0,0
4128,-0.3275720536549015,1.178580377181,1.1937026653954,0,0
4129,0.2408693269463802,1.182087385366,1.1937026653954,0,0
4130,-0.31573765166843737,1.176248327597,1.1937026653954,0,0
4131,-0.32791505569639734,1.195944261063,1.1937026653954,1,0
4132,-0.33164305949333417,1.183116729917,1.1937026653954,0,0
4133,-0.12451501713519142,1.198509247494,1.1937026653954,1,0
4134,-0.3250212447928895,1.21236277139,1.1937026653954,1,0
4135,-0.3287936937632353,1.186836156173,1.1937026653954,0,0
4136,-0.32819870192566314,1.183801371089,1.1937026653954,0,0
4137,-0.3138041432536184,1.199649674059,1.1937026653954,1,0
4138,-0.3244423679149663,1.176876184189,1.1937026653954,0,0
4139,0.24539275597581134,1.124310698778,1.1937026653954,0,0
4140,-0.3271677459484067,1.143278476239,1.1937026653954,0,0
4141,-0.3298022837822602,1.130538593236,1.1937026653954,0,0
4142,-0.3295857927763002,1.154674149717,1.1937026653954,0,0
4143,-0.32793656142546623,1.158051662948,1.1937026653954,0,0
4144,-0.3260875275144298,1.156604736879,1.1937026653954,0,0
4145,-0.3131460679441108,1.188216498537,1.1937026653954,0,0
4146,-0.31464177706369834,1.124030077469,1.1937026653954,0,0
4147,-0.3111578489545406,1.17665174109,1.1937026653954,0,0
4148,-0.3243405167820961,1.12017992955,1.1937026653954,0,0
4149,0.013253722756399133,1.150363456812,1.1937026653954,0,0
4150,-0.3159351029355951,1.110997808837,1.1937026653954,0,0
4151,-0.31777811524249233,1.124090686691,1.1937026653954,0,0
4152,-0.3122037155706181,1.098792619199,1.1937026653954,0,0
4153,-0.3115496546638701,1.046975818766,1.1937026653954,0,0
4154,-0.3248311914965315,1.051903093307,1.1937026653954,0,0
4155,-0.32861706004181634,1.01192500866,1.1937026653954,0,0
4156,-0.32686804210810283,0.994995446699,1.1937026653954,0,0
4157,-0.32490138619621234,1.003264018119,1.1937026653954,0,0
4158,-0.03991967982958744,0.998748516757,1.1937026653954,0,0
4159,0.24576953634909793,1.018146974711,1.1937026653954,0,0
4160,-0.3204227464318554,1.009023826523,1.1937026653954,0,0
4161,-0.3198768450051711,1.020687389557,1.1937026653954,0,0
4162,-0.3289190578265542,0.979361300317,1.1937026653954,0,0
4163,-0.3215850307279592,0.988484996918,1.1937026653954,0,0
4164,-0.3196723398588789,0.980737899186,1.1937026653954,0,0
4165,-0.31709434775532375,0.990495067118,1.1937026653954,0,0
4166,-0.3149458393984268,0.985697160063,1.1937026653954,0,0
4167,-0.312496881669285,0.991037968059,1.1937026653954,0,0
4168,-0.3201587707761113,0.981786763934,1.1937026653954,0,0
4169,0.24118772643382136,0.996983693529,1.1937026653954,0,0
4170,-0.3200512994793778,0.985965619545,1.1937026653954,0,0
4171,-0.31535611136045016,0.998204610838,1.1937026653954,0,0
4172,-0.3259968020120646,0.996581685839,1.1937026653954,0,0
4173,-0.3193647792588885,1.001425457862,1.1937026653954,0,0
4174,-0.32787124135770773,0.99398104985,1.1937026653954,0,0
4175,-0.3309100868980561,1.005330823653,1.1937026653954,0,0
4176,-0.32276331528649016,0.998889653133,1.1937026653954,0,0
4177,-0.32751057594406996,1.001674389814,1.1937026653954,0,0
4178,-0.3292059155780276,0.990583480696,1.1937026653954,0,0
4179,-0.33509464298597247,0.981014495699,1.1937026653954,0,0
4180,0.23691491083380645,1.000749191627,1.1937026653954,0,0
4181,-0.33022809721782387,1.006245217469,1.1937026653954,0,0
4182,-0.3416983928739993,0.981591660096,1.1937026653954,0,0
4183,-0.3346578186171254,0.990902964574,1.1937026653954,0,0
4184,-0.331188686449567,0.991490809648,1.1937026653954,0,0
4185,0.3069210482821396,1.014277549409,1.1937026653954,0,0
4186,-0.33625411720014453,1.018150816998,1.1937026653954,0,0
4187,-0.33099112048518764,1.015846580311,1.1937026653954,0,0
4188,-0.2626290530127118,1.011518349355,1.1937026653954,0,0
4189,0.6382575794504788,1.077103467361,1.1937026653954,0,0
4190,-0.24656610855380912,1.067411871464,1.1937026653954,0,0
4191,0.17378016924033846,1.126323040362,1.1937026653954,0,0
4192,0.17749303300401076,1.100370005745,1.1937026653954,0,0
4193,-0.06210671039536475,1.137433172613,1.1937026653954,0,0
4194,-0.24180170066158502,1.108825673517,1.1937026653954,0,0
4195,0.4261100425790496,1.177879019853,1.1937026653954,0,0
4196,-0.3245139389813074,1.126300229195,1.1937026653954,0,0
4197,-0.32170867433295247,1.203671102734,1.1937026653954,1,0
4198,-0.26795163493434215,1.129328907882,1.1937026653954,0,0
4199,-0.3315903561199628,1.210189251595,1.1937026653954,1,0
4200,-0.33257761245575124,1.141518067648,1.1937026653954,0,0
4201,-0.3314137797471546,1.203555747536,1.1937026653954,1,0
4202,-0.3240540604708986,1.154295835302,1.1937026653954,0,0
4203,-0.17782169789279412,1.200402007778,1.1937026653954,1,0
4204,-0.3238723800717248,1.164799289486,1.1937026653954,0,0
4205,0.24367092128364076,1.243313122384,1.1937026653954,1,0
4206,-0.3220481781091865,1.163255287167,1.1937026653954,0,0
4207,-0.32243556797548045,1.2507564476,1.1937026653954,1,0
4208,-0.3245808648101698,1.165087064766,1.1937026653954,0,0
4209,-0.325557511652951,1.239543393798,1.1937026653954,1,0
4210,-0.31993958438544134,1.179505462622,1.1937026653954,0,0
4211,-0.31821430877661994,1.242334590542,1.1937026653954,1,0
4212,-0.31785421684909065,1.185575350793,1.1937026653954,0,0
4213,-0.31835785234957836,1.224654899533,1.1937026653954,1,0
4214,-0.31405114372055076,1.18404829528,1.1937026653954,0,0
4215,0.25968563556081836,1.266759123059,1.1937026653954,1,0
4216,-0.3259434104553629,1.192539946877,1.1937026653954,0,0
4217,-0.32034050852389606,1.268047497524,1.1937026653954,1,0
4218,-0.3214443545855433,1.208130248108,1.1937026653954,1,0
4219,-0.31732265257511894,1.251988610629,1.1937026653954,1,0
4220,-0.314537287894729,1.201322245599,1.1937026653954,1,0
4221,-0.31500559665093286,1.258855628242,1.1937026653954,1,0
4222,-0.32195412638739196,1.185645063588,1.1937026653954,0,0
4223,-0.3225193542959328,1.240661183235,1.1937026653954,1,0
4224,-0.31631773286718856,1.184847843861,1.1937026653954,0,0
4225,-0.32190228324318326,1.238161098581,1.1937026653954,1,0
4226,0.007124073834271938,1.188702608806,1.1937026653954,0,0
4227,-0.3202601057714839,1.254078915295,1.1937026653954,1,0
4228,-0.3214039238148938,1.187253322966,1.1937026653954,0,0
4229,-0.3212677782127351,1.239425243296,1.1937026653954,1,0
4230,-0.13082107038429425,1.169415876788,1.1937026653954,0,0
4231,-0.3276322123476836,1.195474529279,1.1937026653954,1,0
4232,-0.3257176289744451,1.165035658652,1.1937026653954,0,0
4233,-0.3180033805859124,1.197305957653,1.1937026653954,1,0
4234,-0.3179308919417976,1.135577771731,1.1937026653954,0,0
4235,-0.31712915836211,1.205724648292,1.1937026653954,1,0
4236,0.25783923968588107,1.13467748078,1.1937026653954,0,0
4237,-0.32765165352676184,1.206203428177,1.1937026653954,1,0
4238,-0.335708674562347,1.124467344475,1.1937026653954,0,0
4239,-0.33101652591979436,1.171213873596,1.1937026653954,0,0
4240,-0.32500249179714147,1.114952940321,1.1937026653954,0,0
4241,-0.32131325566113944,1.170214376546,1.1937026653954,0,0
4242,-0.3184945140892347,1.108979819052,1.1937026653954,0,0
4243,-0.32161318889588675,1.173765087695,1.1937026653954,0,0
4244,-0.3195442230622392,1.065818429165,1.1937026653954,0,0
4245,-0.31746097742449,1.090566826066,1.1937026653954,0,0
4246,0.25269231655928515,1.084265068653,1.1937026653954,0,0
4247,-0.31432635970402156,1.108185188579,1.2965284422411998,0,0
4248,-0.01518040668652687,1.069030650377,1.2965284422411998,0,0
4249,-0.3194714476750701,1.087617376358,1.2965284422411998,0,0
4250,-0.31925965925519983,1.064130959646,1.2965284422411998,0,0
4251,-0.3200697083834608,1.078215337071,1.2965284422411998,0,0
4252,-0.32171475328570265,1.066689974232,1.2965284422411998,0,0
4253,-0.31696651770173834,1.025576854933,1.2965284422411998,0,0
4254,-0.3121531340958481,1.024258184857,1.2965284422411998,0,0
4255,-0.31045882673688585,1.013155102596,1.2965284422411998,0,0
4256,0.2531544316655172,1.002387536695,1.2965284422411998,0,0
4257,-0.324785427305073,1.004227134273,1.2965284422411998,0,0
4258,-0.3287828548757846,0.997272532534,1.1937026653954,0,0
4259,-0.3220237476009642,0.985001540962,1.1937026653954,0,0
4260,-0.32366890720042774,0.992598580678,1.1937026653954,0,0
4261,-0.31694375030323074,0.988867933637,1.1937026653954,0,0
4262,-0.3150318049660915,0.993043038194,1.1937026653954,0,0
4263,-0.31738866082620765,0.989631082044,1.2965284422411998,0,0
4264,-0.31105685805083316,0.991315637413,1.2965284422411998,0,0
4265,-0.32472549800673434,0.989779113835,1.2965284422411998,0,0
4266,-0.3335728402484479,0.992566326977,1.2965284422411998,0,0
4267,0.23972246942659536,0.998349879047,1.2965284422411998,0,0
4268,-0.3317315483998763,1.001234233559,1.2965284422411998,0,0
4269,-0.32466436438756785,0.987712125288,1.2965284422411998,0,0
4270,-0.30257213107552616,0.99386648904,1.2965284422411998,0,0
4271,-0.32250977707792083,0.988235869345,1.2965284422411998,0,0
4272,-0.33291688683754184,0.996067164153,1.2965284422411998,0,0
4273,-0.331886446997783,0.990788115827,1.2965284422411998,0,0
4274,-0.3290331242135355,0.998733703911,1.2965284422411998,0,0
4275,-0.3236322614380944,0.983965446142,1.1937026653954,0,0
4276,-0.32726346077991586,0.996917401722,1.1937026653954,0,0
4277,0.23329885152524943,0.988177332982,1.1937026653954,0,0
4278,-0.33640144578141895,1.003123537328,1.1937026653954,0,0
4279,-0.33009413086287753,0.986194955548,1.1937026653954,0,0
4280,-0.338345678386467,0.989184719774,1.1937026653954,0,0
4281,0.31862830839834855,0.99685901162,1.1937026653954,0,0
4282,-0.3364329875173867,1.009405858438,1.1937026653954,0,0
4283,-0.3333187285537701,0.993355586093,1.1937026653954,0,0
4284,0.5994337168770194,1.064837522,1.1937026653954,0,0
4285,-0.24624983096496955,1.050315534903,1.1937026653954,0,0
4286,0.1808799272636099,1.087554357067,1.1937026653954,0,0
4287,0.18309323955076762,1.074438231118,1.1937026653954,0,0
4288,-0.09848195933134729,1.101962222033,1.1937026653954,0,0
4289,-0.2376919845108284,1.08009678651,1.1937026653954,0,0
4290,-0.25749841689159747,1.099268632085,1.1937026653954,0,0
4291,-0.2581018963235756,1.095988189148,1.2965284422411998,0,0
4292,0.26971441653465966,1.131714623279,1.2965284422411998,0,0
4293,-0.20011728937891116,1.094605210485,1.2965284422411998,0,0
4294,-0.3303579918213999,1.123454739486,1.2965284422411998,0,0
4295,-0.2786353943927051,1.116078564277,1.2965284422411998,0,0
4296,-0.33743062395173906,1.119206429568,1.2965284422411998,0,0
4297,-0.33026044183434355,1.134490924845,1.2965284422411998,0,0
4298,-0.2881573283438512,1.122048299943,1.2965284422411998,0,0
4299,-0.3229121922802576,1.126459534551,1.2965284422411998,0,0
4300,-0.3351839347730664,1.120192125523,1.1937026653954,0,0
4301,-0.3303415327700858,1.120795372124,1.1937026653954,0,0
4302,0.1654201181450201,1.170748580768,1.2965284422411998,0,0
4303,-0.3297476305561198,1.124352667773,1.2965284422411998,0,0
4304,-0.33603366914003585,1.16747538328,1.2965284422411998,0,0
4305,-0.33230067601395497,1.125714735047,1.2965284422411998,0,0
4306,-0.32826442343369766,1.161213343986,1.1937026653954,0,0
4307,-0.32854147457271554,1.129786179747,1.1937026653954,0,0
4308,-0.32938495794110234,1.160941258664,1.1937026653954,0,0
4309,-0.33743882480309073,1.139052470343,1.1937026653954,0,0
4310,-0.32601641523697533,1.1550618936,1.1937026653954,0,0
4311,-0.3215109363227405,1.128691209625,1.1937026653954,0,0
4312,0.24399780836548768,1.157284247815,1.1937026653954,0,0
4313,-0.3374252331823192,1.15599619472,1.1937026653954,0,0
4314,-0.3293145911955889,1.156138392855,1.1937026653954,0,0
4315,-0.3250629945815886,1.147185568597,1.1937026653954,0,0
4316,-0.32717284997477236,1.15366281022,1.1937026653954,0,0
4317,-0.3289503128194676,1.144036833997,1.1937026653954,0,0
4318,-0.32253713236529646,1.149259460586,1.1937026653954,0,0
4319,-0.32073770500264553,1.138324989091,1.1937026653954,0,0
4320,-0.3176428872181072,1.128576419057,1.1937026653954,0,0
4321,-0.31513354140174,1.11392741619,1.1937026653954,0,0
4322,-0.0553687074093373,1.125202573461,1.1937026653954,0,0
4323,-0.3230143301561821,1.106687560958,1.1937026653954,0,0
4324,-0.3190653048130281,1.116040907245,1.1937026653954,0,0
4325,-0.3173376205625509,1.130627861669,1.1937026653954,0,0
4326,0.29757678032740786,1.19024126588,1.1937026653954,0,0
4327,-0.32287629204986534,1.165603442267,1.1937026653954,0,0
4328,-0.3180411159718519,1.190635977575,1.1937026653954,0,0
4329,0.5414344286879773,1.261744039741,1.1937026653954,1,0
4330,0.035267445820186705,1.274619137692,1.1937026653954,1,0
4331,-0.1269717169267981,1.26452012208,1.1937026653954,1,0
4332,-0.15542763884184707,1.236236621771,1.1937026653954,1,0
4333,-0.24035284535706225,1.249446760094,1.1937026653954,1,0
4334,-0.25360519174680085,1.27555245755,1.1937026653954,1,0
4335,-0.24033231455437776,1.257698962969,1.1937026653954,1,0
4336,-0.267478852986492,1.212752055982,1.1937026653954,1,0
4337,0.5557434805812442,1.275451498896,1.1937026653954,1,0
4338,-0.3021726406523427,1.314819457489,1.2965284422411998,1,0
4339,-0.3156123449537295,1.273030599258,1.2965284422411998,0,0
4340,-0.3152375144332117,1.321445952141,1.2965284422411998,1,0
4341,-0.3183444327746393,1.248437859895,1.2965284422411998,0,0
4342,-0.3196268050618637,1.301688379084,1.2965284422411998,1,0
4343,-0.32042635939433906,1.263167314484,1.2965284422411998,0,0
4344,-0.31721277263672976,1.294703245203,1.2965284422411998,0,0
4345,-0.3197217170128209,1.252070799818,1.2965284422411998,0,0
4346,-0.31324533838949276,1.290774563926,1.2965284422411998,0,0
4347,0.2511674169967748,1.242972323412,1.2965284422411998,0,0
4348,-0.32593039232069987,1.181686140635,1.2965284422411998,0,0
4349,-0.3169695571781135,1.185458377266,1.2965284422411998,0,0
4350,-0.32584092848777335,1.167597680797,1.2965284422411998,0,0
4351,-0.31883917924044514,1.139589818684,1.2965284422411998,0,0
4352,-0.31960466849807545,1.139640602353,1.2965284422411998,0,0
4353,-0.31417237868388836,1.141993052124,1.2965284422411998,0,0
4354,-0.32086719816594556,1.136261539994,1.2965284422411998,0,0
4355,-0.3143952927342636,1.133666972919,1.2965284422411998,0,0
4356,-0.3199465235673543,1.097569527246,1.2965284422411998,0,0
4357,0.24591829864564363,1.146437602645,1.2965284422411998,0,0
4358,-0.32594828508728513,1.117287299068,1.2965284422411998,0,0
4359,-0.31397418188478965,1.145268546018,1.2965284422411998,0,0
4360,-0.32137198063865025,1.118111038297,1.2965284422411998,0,0
4361,-0.3354969434910875,1.128303341856,1.2965284422411998,0,0
4362,-0.3295496631514645,1.122717411608,1.2965284422411998,0,0
4363,-0.3309756937088689,1.11818521997,1.2965284422411998,0,0
4364,-0.332842505689269,1.126255624338,1.2965284422411998,0,0
4365,-0.3289012224085798,1.112928195252,1.2965284422411998,0,0
4366,-0.3348441442537782,1.112982676022,1.2965284422411998,0,0
4367,0.05688488998299834,1.097306906696,1.2965284422411998,0,0
4368,-0.3336897167173609,1.094096514893,1.2965284422411998,0,0
4369,-0.3279599023100823,1.095767351973,1.2965284422411998,0,0
4370,-0.33447298404435477,1.11146424274,1.2965284422411998,0,0
4371,-0.12577622778501196,1.110196317475,1.2965284422411998,0,0
4372,-0.33274140008833986,1.127605900728,1.2965284422411998,0,0
4373,-0.3296970490813498,1.096795350081,1.2965284422411998,0,0
4374,-0.33532759304324644,1.145059799498,1.2965284422411998,0,0
4375,-0.3224013882034137,1.089120432386,1.2965284422411998,0,0
4376,-0.33743653085865666,1.098395491659,1.2965284422411998,0,0
4377,-0.3367018951536639,1.072144786627,1.2965284422411998,0,0
4378,0.23377369802309023,1.100667990855,1.2965284422411998,0,0
4379,-0.33056771569127963,1.070835987992,1.2965284422411998,0,0
4380,-0.3402057232307868,1.107924200467,1.2965284422411998,0,0
4381,-0.33200441309030215,1.057351955565,1.2965284422411998,0,0
4382,-0.3363151361220892,1.113860361617,1.2965284422411998,0,0
4383,-0.17922926219750468,1.097028833639,1.2965284422411998,0,0
4384,-0.3363842411981639,1.104277758895,1.2965284422411998,0,0
4385,-0.33628932924720656,1.087981850515,1.2965284422411998,0,0
4386,-0.332779651611777,1.08576174955,1.2965284422411998,0,0
4387,-0.33764063456467297,1.084992420703,1.2965284422411998,0,0
4388,0.2290941660749246,1.087641928756,1.2965284422411998,0,0
4389,-0.33395294684116394,1.10016529875,1.1937026653954,0,0
4390,-0.34792811512206023,1.068554198423,1.1937026653954,0,0
4391,-0.33601204871374524,1.080290482454,1.1937026653954,0,0
4392,-0.3356486305667866,1.038537470337,1.1937026653954,0,0
4393,-0.3358145400979766,1.014448807957,1.1937026653954,0,0
4394,-0.3324419829910902,1.000555445148,1.1937026653954,0,0
4395,-0.3334577989350822,1.015046661837,1.1937026653954,0,0
4396,-0.3284116946663612,1.002554248787,1.1937026653954,0,0
4397,-0.3389864344154978,1.013091005411,1.1937026653954,0,0
4398,-0.06341156333804243,1.000848523337,1.1937026653954,0,0
4399,-0.3311960270717559,1.013094896075,1.1937026653954,0,0
4400,-0.3276636393864295,0.994974062589,1.1937026653954,0,0
4401,-0.33339563304092046,0.981271980261,1.1937026653954,0,0
4402,-0.33073597651551445,0.977601263499,1.1937026653954,0,0
4403,-0.3282962519127196,0.981116883837,1.1937026653954,0,0
4404,-0.3368938983027908,0.984505163802,1.1937026653954,0,0
4405,-0.3332016800390246,0.985722560429,1.1937026653954,0,0
4406,-0.3265546319498057,0.981838946957,1.1937026653954,0,0
4407,-0.3313270686475489,0.982700497711,1.1937026653954,0,0
4408,0.2353131641327566,0.98838399574,1.1937026653954,0,0
4409,-0.3343431467893896,0.992251904093,1.1937026653954,0,0
4410,-0.33228048930293563,0.987047195524,1.1937026653954,0,0
4411,-0.3329113240222894,0.985591314315,1.1937026653954,0,0
4412,-0.33178046676493156,0.985083584274,1.1937026653954,0,0
4413,-0.32480372151193415,0.985021671171,1.1937026653954,0,0
4414,-0.3331535072059103,0.986052223981,1.1937026653954,0,0
4415,-0.3275678098576986,0.983986115049,1.1937026653954,0,0
4416,-0.11834304493825676,0.985848502156,1.1937026653954,0,0
4417,-0.3399844149415153,0.982464492144,1.1937026653954,0,0
4418,0.23843831933243465,0.99267020785,1.1937026653954,0,0
4419,-0.33422925244824087,0.995454090988,1.1937026653954,0,0
4420,-0.3335841379247855,0.994882834551,1.1937026653954,0,0
4421,-0.3322925898598251,0.985576027469,1.1937026653954,0,0
4422,0.3298420263695794,1.008660845012,1.1937026653954,0,0
4423,-0.3141814971130136,1.009245162713,1.1937026653954,0,0
4424,-0.323577264120289,1.01788279372,1.1937026653954,0,0
4425,0.5705950503331552,1.123514224334,1.1937026653954,0,0
4426,0.18052769209576702,1.096814944911,1.1937026653954,0,0
4427,0.1975831689626566,1.132580803992,1.1937026653954,0,0
4428,0.19654401213404848,1.106573256925,1.1937026653954,0,0
4429,0.07755241175568517,1.149528833684,1.1937026653954,0,0
4430,-0.24444231744818867,1.125926975147,1.1937026653954,0,0
4431,-0.24163395597484782,1.126410827673,1.1937026653954,0,0
4432,-0.2510671142763976,1.130088968822,1.1937026653954,0,0
4433,0.5971425251763269,1.251306124833,1.1937026653954,1,0
4434,-0.29659256346799434,1.186436417277,1.1937026653954,0,0
4435,-0.3089488378131966,1.231879878761,1.1937026653954,1,0
4436,-0.3212701868543909,1.21410711629,1.1937026653954,1,0
4437,-0.3318457294840793,1.226149993556,1.1937026653954,1,0
4438,-0.32893339497926677,1.217701480156,1.1937026653954,1,0
4439,-0.3247826172231413,1.228870772183,1.1937026653954,1,0
4440,-0.3186550901996156,1.223352119446,1.1937026653954,1,0
4441,-0.3112279289569997,1.216847169803,1.1937026653954,1,0
4442,-0.31919433918744133,1.192272720201,1.1937026653954,0,0
4443,0.24690263020227876,1.22542382317,1.1937026653954,1,0
4444,-0.32028866537968737,1.202026416582,1.1937026653954,1,0
4445,-0.31243224978485673,1.209545478865,1.1937026653954,1,0
4446,-0.3116886676965712,1.188494425273,1.1937026653954,0,0
4447,-0.31746413159808673,1.202264801751,1.1937026653954,1,0
4448,-0.3209381957461783,1.18788119349,1.1937026653954,0,0
4449,-0.31686718990774554,1.210217584288,1.1937026653954,1,0
4450,-0.32699151366726364,1.193595122235,1.1937026653954,0,0
4451,-0.32613048162395664,1.1839069136,1.1937026653954,0,0
4452,-0.3215788370779874,1.148028219383,1.1937026653954,0,0
4453,0.24219625910423526,1.191288171181,1.1937026653954,0,0
4454,-0.3116391184967966,1.173650708843,1.1937026653954,0,0
4455,-0.3049399405203148,1.192702980353,1.1937026653954,0,0
4456,-0.31268228972816414,1.174548270098,1.1937026653954,0,0
4457,-0.3229079484830547,1.178255418036,1.1937026653954,0,0
4458,-0.31991217174945497,1.173380450157,1.1937026653954,0,0
4459,-0.32191707918478263,1.169952154697,1.1937026653954,0,0
4460,-0.3183096221678532,1.164328574231,1.1937026653954,0,0
4461,-0.3216108376028418,1.166725390961,1.1937026653954,0,0
4462,-0.32867549827627285,1.163312293223,1.1937026653954,0,0
4463,0.24941323768808488,1.191413071414,1.1937026653954,0,0
4464,-0.32809260699559006,1.159209254543,1.1937026653954,0,0
4465,-0.31648335565532426,1.192335248159,1.1937026653954,0,0
4466,-0.32157849298632224,1.165118903308,1.1937026653954,0,0
4467,-0.12394382497112211,1.194604180042,1.2965284422411998,0,0
4468,-0.32879547157017175,1.176886604247,1.2965284422411998,0,0
4469,-0.32100007489728577,1.174322459321,1.2965284422411998,0,0
4470,-0.3373143783175455,1.196411975682,1.2965284422411998,0,0
4471,-0.3329011733181688,1.182807550523,1.2965284422411998,0,0
4472,-0.3321545517535084,1.168043840734,1.1937026653954,0,0
4473,-0.34193965847984664,1.172277885362,1.1937026653954,0,0
4474,0.17057851099378607,1.162883390658,1.2965284422411998,0,0
4475,-0.3330130604579379,1.169939538875,1.2965284422411998,0,0
4476,-0.3279184966130484,1.181771598884,1.2965284422411998,0,0
4477,-0.3264627594752235,1.131373971149,1.2965284422411998,0,0
4478,-0.31979936703191236,1.175865405903,1.2965284422411998,0,0
4479,0.5603532766186157,1.253666025308,1.2965284422411998,0,0
4480,0.17235322110516038,1.244670303063,1.2965284422411998,0,0
4481,-0.25196192465149536,1.285198875179,1.2965284422411998,0,0
4482,-0.26236542144863284,1.20528040318,1.2965284422411998,0,0
4483,-0.2641777522487251,1.267822578014,1.2965284422411998,0,0
4484,0.30908022348065467,1.222964094858,1.2965284422411998,0,0
4485,-0.25970954993154294,1.271497828342,1.2965284422411998,0,0
4486,-0.32493132217107623,1.206550281447,1.2965284422411998,0,0
4487,-0.33585370919918744,1.247815007712,1.2965284422411998,0,0
4488,-0.31449846288518335,1.181249288483,1.2965284422411998,0,0
4489,-0.33351606512370613,1.141012879586,1.2965284422411998,0,0
4490,-0.33070885062258226,1.131789435718,1.2965284422411998,0,0
4491,-0.3300417715811712,1.128704708138,1.2965284422411998,0,0
4492,-0.33429852957014805,1.096054342929,1.2965284422411998,0,0
4493,-0.3278304091467823,1.084672162952,1.1937026653954,0,0
4494,-0.33652703923918126,1.102981488704,1.1937026653954,0,0
4495,0.23570164362265666,1.146594568472,1.1937026653954,0,0
4496,-0.3281657264744242,1.092605457465,1.1937026653954,0,0
4497,-0.3281572962286292,1.077664565915,1.1937026653954,0,0
4498,-0.33500730105164733,1.098523038067,1.1937026653954,0,0
4499,-0.33263897546936116,1.094041848605,1.1937026653954,0,0
4500,-0.32965736384264144,1.106321309359,1.1937026653954,0,0
4501,-0.3331220801671644,1.10359961683,1.1937026653954,0,0
4502,-0.33259670954316445,1.097088826284,1.1937026653954,0,0
4503,-0.33379558225299066,1.083532438019,1.1937026653954,0,0
4504,-0.3347907526970765,1.108656264054,1.1937026653954,0,0
4505,0.09135335495681818,1.099696093029,1.1937026653954,0,0
4506,-0.32978548063928104,1.11275876169,1.1937026653954,0,0
4507,-0.33571096850678095,1.07569621137,1.1937026653954,0,0
4508,-0.3312989678282322,1.105485397359,1.1937026653954,0,0
4509,-0.3262462684692635,1.081421745131,1.1937026653954,0,0
4510,-0.3329672389178684,1.117965283439,1.1937026653954,0,0
4511,-0.32670465591579023,1.11699478272,1.1937026653954,0,0
4512,-0.33410480596269565,1.109990786118,1.1937026653954,0,0
4513,-0.3294254460603626,1.097103081019,1.1937026653954,0,0
4514,-0.327113207419488,1.116932153214,1.1937026653954,0,0
4515,0.2350501634033968,1.114929129201,1.1937026653954,0,0
4516,-0.3333462558869783,1.115343839467,1.1937026653954,0,0
4517,-0.33126662321171263,1.094030899191,1.1937026653954,0,0
4518,-0.04658657053816051,1.097786964686,1.1937026653954,0,0
4519,-0.14174477643045502,1.091198275628,1.1937026653954,0,0
4520,0.2298296046604693,1.140739227135,1.1937026653954,0,0
4521,-0.32697843818398975,1.100707499358,1.1937026653954,0,0
4522,-0.3216052174389785,1.104793174545,1.1937026653954,0,0
4523,0.5294732289229231,1.113840973129,1.1937026653954,0,0
4524,0.01027560939494121,1.168586314915,1.1937026653954,0,0
4525,-0.24704043891415228,1.144251812554,1.1937026653954,0,0
4526,-0.24102944426787443,1.209817610889,1.1937026653954,1,0
4527,-0.24726214864369966,1.119208167139,1.1937026653954,0,0
4528,-0.25169106716244927,1.166507919832,1.1937026653954,0,0
4529,-0.2505107754025385,1.082789543408,1.1937026653954,0,0
4530,-0.24914536232680295,1.179313806781,1.1937026653954,0,0
4531,0.3865266550034885,1.146893491868,1.1937026653954,0,0
4532,-0.3291362370158444,1.211101955829,1.1937026653954,1,0
4533,-0.3237528082181018,1.147808041885,1.1937026653954,0,0
4534,-0.3214845559617494,1.227011933659,1.1937026653954,1,0
4535,-0.32462559672663305,1.13765791112,1.1937026653954,0,0
4536,-0.32455127292697106,1.219188592058,1.1937026653954,1,0
4537,-0.32343721881259246,1.152730330269,1.1937026653954,0,0
4538,-0.3230411119574492,1.241629929095,1.1937026653954,1,0
4539,-0.32022391879803735,1.130125516098,1.1937026653954,0,0
4540,-0.297347213838174,1.236268959806,1.1937026653954,1,0
4541,0.09772272107229973,1.123660986054,1.1937026653954,0,0
4542,-0.3219413949957831,1.194941326387,1.1937026653954,1,0
4543,-0.32040823723331036,1.07694154538,1.1937026653954,0,0
4544,-0.31545194088918105,1.138386907322,1.1937026653954,0,0
4545,-0.3165628408299629,1.069263412795,1.1937026653954,0,0
4546,-0.31306469026531414,1.127929154996,1.1937026653954,0,0
4547,-0.3114070286686853,1.077843822452,1.1937026653954,0,0
4548,-0.31091130727649496,1.120928300731,1.1937026653954,0,0
4549,-0.3118742478012829,1.02578354042,1.1937026653954,0,0
4550,-0.31116381321006903,1.099128182479,1.1937026653954,0,0
4551,0.2443939725692419,1.04896470426,1.1937026653954,0,0
4552,-0.3122276299413427,1.105999805563,1.1937026653954,0,0
4553,-0.3159119914454225,1.059894087081,1.1937026653954,0,0
4554,-0.31960593016751415,1.129583625379,1.1937026653954,0,0
4555,-0.32371128782384617,1.041100162642,1.1937026653954,0,0
4556,-0.31897389112733265,1.127453374235,1.1937026653954,0,0
4557,-0.32663216727167543,1.054355058537,1.1937026653954,0,0
4558,-0.32585635526409207,1.120652538782,1.1937026653954,0,0
4559,-0.3191458796112727,1.048495513824,1.1937026653954,0,0
4560,-0.31943187713358334,1.093701313853,1.1937026653954,0,0
4561,0.02626612255833982,1.059000604295,1.1937026653954,0,0
4562,-0.31038731301915545,1.074151153191,1.1937026653954,0,0
4563,-0.03549179358583321,1.067731006962,1.2965284422411998,0,0
4564,-0.32220376489042346,1.100351163183,1.2965284422411998,0,0
4565,-0.12113643842416566,1.081098959909,1.2965284422411998,0,0
4566,-0.32682388367774806,1.125526050106,1.2965284422411998,0,0
4567,-0.32621914257633133,1.086136700117,1.2965284422411998,0,0
4568,-0.3275580032452432,1.136195737507,1.2965284422411998,0,0
4569,-0.32228846878864936,1.073698921863,1.2965284422411998,0,0
4570,-0.33115381849417,1.122515173918,1.2965284422411998,0,0
4571,0.0010381245536126293,1.070290230608,1.2965284422411998,0,0
4572,-0.33389898179835376,1.11367150868,1.2965284422411998,0,0
4573,-0.3333166066551687,1.085353763688,1.2965284422411998,0,0
4574,-0.33465523792963714,1.120880267021,1.2965284422411998,0,0
4575,-0.3300161941007319,1.059656269371,1.2965284422411998,0,0
4576,-0.3357208898164581,1.11849234479,1.2965284422411998,0,0
4577,-0.33312242425882943,1.066786382585,1.2965284422411998,0,0
4578,-0.34151917846509194,1.12280134906,1.2965284422411998,0,0
4579,-0.33502416154323733,1.040018083269,1.2965284422411998,0,0
4580,0.4246379037385215,1.125896060633,1.2965284422411998,0,0
4581,-0.3308967820203388,1.056844285705,1.2965284422411998,0,0
4582,-0.32900565422893824,1.134397799787,1.2965284422411998,0,0
4583,-0.33569972817905425,1.099955490213,1.1937026653954,0,0
4584,0.6111490057987474,1.193353751322,1.1937026653954,0,0
4585,0.17466425542520714,1.201133746274,1.2965284422411998,0,0
4586,-0.07274854801919617,1.288618461029,1.2965284422411998,0,0
4587,-0.26291608281001766,1.132499563014,1.2965284422411998,0,0
4588,-0.2650807634751744,1.232261145349,1.2965284422411998,0,0
4589,0.5676249657772166,1.190355046326,1.2965284422411998,0,0
4590,-0.32877792289525154,1.312981957481,1.2965284422411998,1,0
4591,-0.3333354169995276,1.17862648533,1.1937026653954,0,0
4592,-0.3321593116882089,1.354783426298,1.1937026653954,1,0
4593,-0.3266274646855857,1.200726801604,1.1937026653954,1,0
4594,-0.33460299334515253,1.348650847135,1.1937026653954,1,0
4595,-0.3289277174667926,1.188074602154,1.1937026653954,0,0
4596,-0.3359945573874359,1.300491516635,1.1937026653954,1,0
4597,-0.3266173139814652,1.181184332782,1.1937026653954,0,0
4598,-0.33100121384069725,1.295773266166,1.1937026653954,1,0
4599,-0.33709180835883534,1.179389103448,1.1937026653954,0,0
4600,0.23596384147146443,1.283018832448,1.1937026653954,1,0
4601,-0.3334715626016863,1.159900314511,1.1937026653954,0,0
4602,-0.3261274421475816,1.265084916526,1.1937026653954,1,0
4603,-0.32358712808135526,1.214833008808,1.1937026653954,1,0
4604,-0.3372436101317562,1.275967413752,1.1937026653954,1,0
4605,-0.33261861671250925,1.199533753868,1.1937026653954,1,0
4606,-0.3223701905591111,1.303711104457,1.1937026653954,1,0
4607,-0.12108040883136495,1.19069443694,1.1937026653954,0,0
4608,-0.32467193440420017,1.285836416624,1.1937026653954,1,0
4609,-0.3357906830758629,1.221037113464,1.1937026653954,1,0
4610,0.24252291679163873,1.318818097458,1.1937026653954,1,0
4611,-0.3321177339453424,1.228608042092,1.1937026653954,1,0
4612,-0.33677811145748393,1.292350541417,1.1937026653954,1,0
4613,-0.3326817575330555,1.248759382772,1.1937026653954,1,0
4614,-0.3296239869511265,1.296318564376,1.1937026653954,1,0
4615,-0.33434670240326236,1.231474719606,1.1937026653954,1,0
4616,-0.3315478034507118,1.277751230812,1.1937026653954,1,0
4617,-0.3211024421676536,1.210408399073,1.1937026653954,1,0
4618,-0.32960454577204823,1.291022324845,1.1937026653954,1,0
4619,-0.33040559116840573,1.228563274541,1.1937026653954,1,0
4620,0.23607842399594348,1.297338550252,1.1937026653954,1,0
4621,-0.33110966006381526,1.240327062677,1.1937026653954,1,0
4622,-0.33289847793345884,1.266764118075,1.1937026653954,1,0
4623,-0.3260152109161475,1.237787733906,1.1937026653954,1,0
4624,-0.1278615379727519,1.254851713469,1.1937026653954,1,0
4625,-0.3198903219287209,1.23341316906,1.1937026653954,1,0
4626,-0.3297124758576686,1.217496822279,1.1937026653954,1,0
4627,-0.32780506106078644,1.194359046042,1.1937026653954,1,0
4628,0.10445762723334129,1.221189310076,1.1937026653954,1,0
4629,-0.32371513018077314,1.207752873939,1.1937026653954,1,0
4630,0.21771929850720428,1.182889749692,1.1937026653954,0,0
4631,0.18154769448835117,1.216725031477,1.1937026653954,1,0
4632,-0.08810885729796059,1.220487087676,1.1937026653954,1,0
4633,-0.2413166461110129,1.261279207455,1.1937026653954,1,0
4634,-0.24606172752138045,1.160676053547,1.1937026653954,0,0
4635,-0.24107004708435653,1.233150419351,1.1937026653954,1,0
4636,-0.32082969217444945,1.195218328611,1.1937026653954,1,0
4637,-0.312647077681102,1.239900476216,1.1937026653954,1,0
4638,0.5657773082328403,1.313779555163,1.1937026653954,1,0
4639,-0.29991350682511553,1.296334750795,1.1937026653954,1,0
4640,-0.3089291672396749,1.270760670888,1.1937026653954,1,0
4641,-0.3192516877982916,1.308027916627,1.1937026653954,1,0
4642,-0.270045776808153,1.316409771002,1.1937026653954,1,0
4643,-0.31764082266811655,1.312292118154,1.1937026653954,1,0
4644,-0.3204279651554428,1.265394654658,1.1937026653954,1,0
4645,-0.3159414686313995,1.251238563126,1.1937026653954,1,0
4646,-0.3106788733567186,1.257108032258,1.1937026653954,1,0
4647,-0.32107709408165774,1.223846196137,1.1937026653954,1,0
4648,0.2365953643741483,1.138727420183,1.1937026653954,0,0
4649,-0.31855822839588943,1.100371300341,1.1937026653954,0,0
4650,-0.3162898614423153,1.118627463119,1.1937026653954,0,0
4651,-0.3149735387774676,1.118560149111,1.1937026653954,0,0
4652,-0.12266581117832243,1.124041751651,1.1937026653954,0,0
4653,-0.325524937641988,1.067222724144,1.1937026653954,0,0
4654,0.1529619353183369,1.120724881291,1.1937026653954,0,0
4655,-0.3271657387470269,1.082358815279,1.1937026653954,0,0
4656,-0.32938604756470846,1.127171075018,1.1937026653954,0,0
4657,-0.3289228428348703,1.091640629389,1.1937026653954,0,0
4658,0.14916683364670535,1.132889237086,1.1937026653954,0,0
4659,-0.24700390784904058,1.091251886034,1.1937026653954,0,0
4660,-0.19900271912703482,1.136589828906,1.1937026653954,0,0
4661,-0.2436279098255031,1.086206618459,1.1937026653954,0,0
4662,-0.24450729342428212,1.125000594126,1.2965284422411998,0,0
4663,0.0025840137076944547,1.100105103544,1.2965284422411998,0,0
4664,-0.2966109150234665,1.112404015897,1.2965284422411998,0,0
4665,-0.3265282515888146,1.083168691643,1.2965284422411998,0,0
4666,-0.3215390371420572,1.118189943579,1.2965284422411998,0,0
4667,-0.31557919745665797,1.078619842352,1.2965284422411998,0,0
4668,-0.31656066158275054,1.127601727276,1.2965284422411998,0,0
4669,0.5180359660665976,1.143505199166,1.2965284422411998,0,0
4670,-0.31753788191164023,1.157200860251,1.2965284422411998,0,0
4671,0.5739495999762347,1.217266898496,1.2965284422411998,0,0
4672,-0.22109294523769685,1.19305018468,1.2854671116552252,0,0
4673,0.25698818630086206,1.237636597552,1.2854671116552252,0,0
4674,-0.09761966561860169,1.195106790141,1.2854671116552252,0,0
4675,-0.12100757609558499,1.234290342462,1.2854671116552252,0,0
4676,-0.23875993034208332,1.202756850969,1.2854671116552252,0,0
4677,-0.2340010279165009,1.23306330229,1.367001053022495,0,0
4678,-0.3068470112255318,1.202710236767,1.367001053022495,0,0
4679,0.26055423762075747,1.2058747916,1.367001053022495,0,0
4680,-0.31577670607242647,1.190255934224,1.367001053022495,0,0
4681,-0.32032003506982254,1.211624596887,1.367001053022495,0,0
4682,-0.3139272133725032,1.163596144011,1.367001053022495,0,0
4683,-0.317662500443018,1.134164772821,1.367001053022495,0,0
4684,-0.31754109343384784,1.117108496583,1.367001053022495,0,0
4685,-0.33066939477831725,1.213091913702,1.367001053022495,0,0
4686,-0.3282365520088244,1.128863075966,1.367001053022495,0,0
4687,-0.32635425590349465,1.199395853273,1.367001053022495,0,0
4688,-0.327699482268211,1.124974212348,1.367001053022495,0,0
4689,0.4475603728898434,1.190794705565,1.367001053022495,0,0
4690,0.2291909705300399,1.149624371631,1.367001053022495,0,0
4691,-0.3327108332787566,1.223671945078,1.367001053022495,0,0
4692,-0.32818281636045754,1.171860751106,1.367001053022495,0,0
4693,-0.3303367728353853,1.232444221221,1.367001053022495,0,0
4694,-0.31633660056015833,1.150676203771,1.367001053022495,0,0
4695,-0.33280029711168313,1.214888727538,1.367001053022495,0,0
4696,-0.3341245338848282,1.122036957729,1.2854671116552252,0,0
4697,-0.33036326789359816,1.211172459637,1.2854671116552252,0,0
4698,-0.3277244862625417,1.119581733048,1.2854671116552252,0,0
4699,-0.3283022735168588,1.212531413642,1.2854671116552252,0,0
4700,0.22612522849120276,1.146899442649,1.2854671116552252,0,0
4701,-0.33416972459017824,1.222916381144,1.2854671116552252,0,0
4702,-0.3287974787715515,1.123176503394,1.2854671116552252,0,0
4703,-0.33671697783831755,1.198269374704,1.2854671116552252,0,0
4704,-0.3337768292572426,1.116781084622,1.2965284422411998,0,0
4705,-0.33279026110478427,1.193386230183,1.2965284422411998,0,0
4706,-0.3357862098842166,1.128308431076,1.2965284422411998,0,0
4707,-0.3297616236171673,1.193308991148,1.2965284422411998,0,0
4708,-0.3311784783968357,1.148692528987,1.2965284422411998,0,0
4709,-0.3323259094027291,1.162701060596,1.2965284422411998,0,0
4710,0.22914566512746815,1.129786356386,1.2965284422411998,0,0
4711,-0.3276450010879032,1.183384573785,1.2965284422411998,0,0
4712,-0.3275429779092004,1.127422581003,1.2965284422411998,0,0
4713,-0.3326325524249458,1.173765756217,1.2965284422411998,0,0
4714,-0.14030784963698906,1.117277074103,1.2965284422411998,0,0
4715,-0.3371898171347786,1.179853477368,1.2965284422411998,0,0
4716,-0.33189258329914406,1.112920216251,1.1937026653954,0,0
4717,-0.3292911356137511,1.164801711131,1.1937026653954,0,0
4718,-0.33704908364375186,1.089354010513,1.1937026653954,0,0
4719,-0.3287256783107668,1.142132241925,1.1937026653954,0,0
4720,0.2394984657526138,1.089194910087,1.1937026653954,0,0
4721,-0.3179283686029202,1.109610683961,1.2965284422411998,0,0
4722,-0.324473508210658,1.060397862167,1.1937026653954,0,0
4723,-0.32045853196502605,1.06957984017,1.1937026653954,0,0
4724,-0.31961269730359454,1.050242837683,1.1937026653954,0,0
4725,-0.324529423106237,1.097916643573,1.1937026653954,0,0
4726,0.224445258284953,1.090190419538,1.1937026653954,0,0
4727,-0.3096285908976055,1.152048877335,1.1937026653954,0,0
4728,0.5364426909023425,1.138757010023,1.1937026653954,0,0
4729,-0.2320362071601576,1.231795476755,1.1937026653954,1,0
4730,0.167739984151138,1.166001954331,1.1937026653954,0,0
4731,0.3440823746270476,1.214775532835,1.1937026653954,1,0
4732,-0.28783755248974985,1.174401804661,1.1937026653954,0,0
4733,-0.3026604479362357,1.197368514069,1.1937026653954,1,0
4734,-0.3021007254943364,1.16714495141,1.1937026653954,0,0
4735,-0.31026315327666454,1.107456182296,1.1937026653954,0,0
4736,0.3446352152356449,1.160027904571,1.1937026653954,0,0
4737,-0.3113037438205438,1.102829285596,1.1937026653954,0,0
4738,-0.3182663239666612,1.108226132837,1.1937026653954,0,0
4739,-0.31116220744896517,1.088237873672,1.1937026653954,0,0
4740,-0.304962822616044,1.122527583205,1.1937026653954,0,0
4741,-0.3242799566490381,1.108311976483,1.1937026653954,0,0
4742,-0.16975710684057677,1.154517017613,1.1937026653954,0,0
4743,-0.32775098132075453,1.120427509912,1.1937026653954,0,0
4744,-0.3257041520508953,1.149141517084,1.1937026653954,0,0
4745,-0.33410325755020265,1.105050563972,1.1937026653954,0,0
4746,-0.0015023042098353256,1.136844871467,1.1937026653954,0,0
4747,-0.3296379226635632,1.11568588124,1.1937026653954,0,0
4748,-0.3173178926404183,1.140450577117,1.1937026653954,0,0
4749,-0.3170973872316988,1.121457020622,1.1937026653954,0,0
4750,-0.3175799184433935,1.111977603662,1.1937026653954,0,0
4751,-0.3226007319747295,1.121593311953,1.1937026653954,0,0
4752,-0.31630058563254426,1.126764721179,1.1937026653954,0,0
4753,-0.33401998736724803,1.092698527365,1.1937026653954,0,0
4754,-0.3350930372248686,1.079641340983,1.1937026653954,0,0
4755,-0.32769168285713535,1.07886441849,1.1937026653954,0,0
4756,0.24524995793479398,1.109910280266,1.1937026653954,0,0
4757,-0.33745998644049446,1.100962544162,1.1937026653954,0,0
4758,-0.33436023667542303,1.087028030492,1.1937026653954,0,0
4759,-0.3299663008092921,1.10582686976,1.1937026653954,0,0
4760,-0.3271921764566289,1.086807291941,1.1937026653954,0,0
4761,-0.3292005248086076,1.103091841612,1.1937026653954,0,0
4762,-0.3238385443913231,1.090173697641,1.1937026653954,0,0
4763,-0.33426371896336193,1.095348457306,1.1937026653954,0,0
4764,-0.3286554836110861,1.088768047106,1.1937026653954,0,0
4765,-0.33064324381176946,1.089461653638,1.1937026653954,0,0
4766,-0.33558422807680177,1.096582813031,1.1937026653954,0,0
4767,0.23686444405625795,1.096022792657,1.1937026653954,0,0
4768,-0.3274769123095008,1.109392526104,1.1937026653954,0,0
4769,-0.33235085604844905,1.120128193127,1.1937026653954,0,0
4770,-0.346194696010498,1.093250002394,1.1937026653954,0,0
4771,-0.13715568324160043,1.119809535681,1.1937026653954,0,0
4772,-0.3309642239866988,1.109194211637,1.1937026653954,0,0
4773,-0.34620324095351473,1.119602639285,1.1937026653954,0,0
4774,-0.33632614705537245,1.097162126106,1.1937026653954,0,0
4775,0.4627415824569223,1.167628499671,1.1937026653954,0,0
4776,-0.33505191827088887,1.140622260367,1.1937026653954,0,0
4777,-0.32983210505990235,1.171548220984,1.1937026653954,0,0
4778,0.5432241641353945,1.272505899354,1.1937026653954,1,0
4779,-0.08369404653748014,1.246713885856,1.1937026653954,1,0
4780,-0.25570667424280047,1.274154271833,1.1937026653954,1,0
4781,-0.2620880262179497,1.256646919677,1.1937026653954,1,0
4782,-0.273671011894446,1.277925703822,1.2965284422411998,0,0
4783,-0.3196279520340807,1.240333130397,1.2965284422411998,0,0
4784,-0.32242272188665,1.244477554064,1.2965284422411998,0,0
4785,-0.3235412491926749,1.197399995415,1.1937026653954,1,0
4786,0.5486705617078509,1.318322489505,1.2965284422411998,1,0
4787,-0.20559735058593653,1.290128762761,1.2965284422411998,0,0
4788,-0.3151845243167859,1.330099344163,1.2965284422411998,1,0
4789,-0.31877512084212534,1.28402265081,1.2965284422411998,0,0
4790,-0.3321816776464406,1.337594006276,1.2965284422411998,1,0
4791,-0.32871621578997656,1.27559858835,1.2965284422411998,0,0
4792,-0.32621220339441837,1.270185726661,1.1937026653954,1,0
4793,-0.33125870910341526,1.195651915892,1.1937026653954,1,0
4794,-0.32290422082334946,1.249214579571,1.1937026653954,1,0
4795,-0.3203828891473145,1.176685284383,1.1937026653954,0,0
4796,0.23878332857531026,1.201253989924,1.1937026653954,1,0
4797,-0.31852123854189096,1.165592454113,1.1937026653954,0,0
4798,-0.3208602589840327,1.18764914671,1.1937026653954,0,0
4799,-0.33016168752645925,1.16203323184,1.1937026653954,0,0
4800,-0.32591594047076555,1.179691585273,1.1937026653954,0,0
4801,-0.3249059740850804,1.12596611298,1.1937026653954,0,0
4802,-0.32032169817953715,1.167318237865,1.1937026653954,0,0
4803,-0.3207947668704416,1.141868000388,1.1937026653954,0,0
4804,-0.317156341603653,1.164297099769,1.1937026653954,0,0
4805,-0.3358170060882433,1.139483010175,1.1937026653954,0,0
4806,0.22914360057747762,1.175168579976,1.1937026653954,0,0
4807,-0.3318249692869515,1.174665173242,1.1937026653954,0,0
4808,-0.32403639709875676,1.171678067288,1.1937026653954,0,0
4809,-0.3372500905247823,1.157805406561,1.1937026653954,0,0
4810,-0.3133700142694814,1.166821841563,1.1937026653954,0,0
4811,-0.3308335838511818,1.176704613371,1.1937026653954,0,0
4812,-0.3303255325076586,1.138761496918,1.1937026653954,0,0
4813,-0.3154045135880078,1.161908276407,1.1937026653954,0,0
4814,-0.3174465829231665,1.126170342328,1.1937026653954,0,0
4815,-0.32274100667686934,1.154791697541,1.1937026653954,0,0
4816,0.24062548065304457,1.149797757454,1.1937026653954,0,0
4817,-0.3187448407755964,1.160053306517,1.1937026653954,0,0
4818,-0.31508020719364915,1.146609605218,1.1937026653954,0,0
4819,-0.31364236282240965,1.147614671326,1.1937026653954,0,0
4820,-0.11372934919534738,1.123740562953,1.1937026653954,0,0
4821,-0.3227551144351386,1.135547940654,1.1937026653954,0,0
4822,-0.32320363792059903,1.115303777193,1.1937026653954,0,0
4823,0.180900572763516,1.161042135462,1.1937026653954,0,0
4824,-0.3098701432465072,1.150767298321,1.1937026653954,0,0
4825,0.523061195440969,1.265629124872,1.1937026653954,1,0
4826,0.07157370437731614,1.214107908147,1.1937026653954,1,0
4827,0.07157370437731614,1.264950512919,1.1937026653954,1,0
4828,-0.25936987410947643,1.227574345789,1.1937026653954,1,0
4829,-0.23162002829121675,1.236184653061,1.1937026653954,1,0
4830,-0.24487128505734923,1.176938440054,1.2965284422411998,0,0
4831,-0.31154896648053987,1.225950534536,1.2965284422411998,0,0
4832,-0.19652313723969894,1.167523197017,1.2965284422411998,0,0
4833,0.5619024919921267,1.296466312408,1.2965284422411998,0,0
4834,-0.3139277295100008,1.228162717253,1.2965284422411998,0,0
4835,-0.31151834232234576,1.292621338136,1.2965284422411998,0,0
4836,-0.3229068588594486,1.23283461573,1.2965284422411998,0,0
4837,-0.2752879559773712,1.305533966743,1.2965284422411998,1,0
4838,-0.33174984260673757,1.238953924972,1.2965284422411998,0,0
4839,-0.32892978201678325,1.265556439232,1.2965284422411998,0,0
4840,-0.3350200324432562,1.197637403002,1.2965284422411998,0,0
4841,-0.33202855685547017,1.217421979895,1.2965284422411998,0,0
4842,-0.3207353537096006,1.104541358112,1.2965284422411998,0,0
4843,-0.3331403170254147,1.169687981541,1.2965284422411998,0,0
4844,0.22602647418331845,1.128024099593,1.2965284422411998,0,0
4845,-0.3261452775655561,1.204234260787,1.2965284422411998,0,0
4846,-0.3175531366421265,1.132790346278,1.2965284422411998,0,0
4847,-0.3139482603126853,1.210696072443,1.2965284422411998,0,0
4848,-0.31150262880297275,1.140077135542,1.2965284422411998,0,0
4849,-0.3172747664850589,1.19786599558,1.2965284422411998,0,0
4850,-0.3289450367472694,1.108783282055,1.2965284422411998,0,0
4851,-0.3247280786942226,1.148739222805,1.2965284422411998,0,0
4852,-0.3166234009630208,1.104540105802,1.2965284422411998,0,0
4853,-0.31383339104515207,1.146441206035,1.2965284422411998,0,0
4854,0.2400382308779372,1.122492080913,1.2965284422411998,0,0
4855,-0.3186613985468092,1.141357468739,1.2965284422411998,0,0
4856,-0.32413698656218826,1.127450219514,1.2965284422411998,0,0
4857,-0.31493844142762717,1.151146352621,1.2965284422411998,0,0
4858,-0.31510102473938784,1.121942561871,1.2965284422411998,0,0
4859,-0.31343923404277774,1.144197783529,1.2965284422411998,0,0
4860,-0.3145284562086581,1.114516087841,1.2965284422411998,0,0
4861,-0.30908980069866665,1.144853601425,1.2965284422411998,0,0
4862,-0.30955352156600247,1.110369869418,1.2854671116552252,0,0
4863,-0.307409830492417,1.151579586832,1.2854671116552252,0,0
4864,0.2443745887387745,1.121469518126,1.2854671116552252,0,0
4865,-0.3151268889628813,1.152615427559,1.2854671116552252,0,0
4866,-0.31452363892534674,1.102816598985,1.2854671116552252,0,0
4867,-0.32315443281248946,1.142691917854,1.2854671116552252,0,0
4868,-0.321584342544629,1.126441223564,1.2854671116552252,0,0
4869,-0.32189987460152747,1.152936782246,1.2854671116552252,0,0
4870,-0.3347783653971328,1.10996157045,1.2854671116552252,0,0
4871,-0.3359206350280498,1.133751815622,1.2854671116552252,0,0
4872,-0.33169381301393674,1.103052674562,1.2854671116552252,0,0
4873,0.4620785178182707,1.189697882558,1.2854671116552252,0,0
4874,-0.3312908243254915,1.167344053507,1.2854671116552252,0,0
4875,0.20655123003021014,1.228309124187,1.2854671116552252,0,0
4876,0.1302632404465529,1.20216540869,1.2854671116552252,0,0
4877,-0.11067031694397966,1.235943683083,1.2854671116552252,0,0
4878,-0.265099688516755,1.179376069273,1.2854671116552252,0,0
4879,-0.2593067332889303,1.219629198931,1.2854671116552252,0,0
4880,-0.25631669141641555,1.150144750158,1.2854671116552252,0,0
4881,-0.26009235190896896,1.206261693354,1.2854671116552252,0,0
4882,-0.26373960886182846,1.150029047217,1.2854671116552252,0,0
4883,0.07663816020150915,1.186176750685,1.2854671116552252,0,0
4884,-0.31091061909316475,1.126179477217,1.2854671116552252,0,0
4885,-0.33208544667743367,1.193359075318,1.2854671116552252,0,0
4886,-0.305073964223872,1.154727393011,1.367001053022495,0,0
4887,-0.32555842923072464,1.230223528068,1.2854671116552252,0,0
4888,-0.3347338055265021,1.198950696604,1.2854671116552252,0,0
4889,-0.33399704792290785,1.176936969858,1.2854671116552252,0,0
4890,-0.3306063686549927,1.121127779758,1.2854671116552252,0,0
4891,-0.33210190572874776,1.15438746111,1.2854671116552252,0,0
4892,-0.32822508228665426,1.091588277227,1.2854671116552252,0,0
4893,0.24426688804759755,1.147471537182,1.2854671116552252,0,0
4894,-0.32610725543656227,1.094199766173,1.2854671116552252,0,0
4895,-0.31734215110280806,1.157944218257,1.2854671116552252,0,0
4896,-0.3184225415826175,1.104727843723,1.2854671116552252,0,0
4897,-0.3204681665316489,1.090305020952,1.2965284422411998,0,0
4898,-0.3162535024230362,1.038777445164,1.2965284422411998,0,0
4899,-0.32367395387818265,1.098555848804,1.2965284422411998,0,0
4900,-0.33082394928455894,1.03996804926,1.2965284422411998,0,0
4901,-0.31672920915003966,1.098975112211,1.2965284422411998,0,0
4902,-0.3188087271280836,1.043195115395,1.2965284422411998,0,0
4903,-0.3197314662766655,1.094856479541,1.2965284422411998,0,0
4904,0.2434330392458337,1.064128535833,1.2965284422411998,0,0
4905,-0.32251975573620884,1.109275610641,1.2965284422411998,0,0
4906,-0.3239239364728792,1.060588284944,1.2965284422411998,0,0
4907,-0.33177180712469323,1.106914841993,1.2965284422411998,0,0
4908,-0.31988114615098495,1.060176128308,1.2965284422411998,0,0
4909,-0.31300539180169495,1.102686844238,1.2965284422411998,0,0
4910,-0.3214254295439627,1.055446772068,1.2965284422411998,0,0
4911,-0.31057346660997565,1.092592594892,1.2965284422411998,0,0
4912,-0.30773511181316004,1.058419320298,1.2965284422411998,0,0
4913,-0.31526102736366024,1.091835714622,1.2965284422411998,0,0
4914,0.24699415858519602,1.047614954688,1.2965284422411998,0,0
4915,-0.32155027746978393,1.06872962939,1.2965284422411998,0,0
4916,-0.31830824580119277,1.044864126644,1.2965284422411998,0,0
4917,-0.31827372193746084,1.087324766099,1.2965284422411998,0,0
4918,-0.1251396582045733,1.045952431701,1.2965284422411998,0,0
4919,-0.32367383918096093,1.07396291787,1.2965284422411998,0,0
4920,-0.3222239516014428,1.045227929461,1.2965284422411998,0,0
4921,-0.32230142957470154,1.067938226516,1.2965284422411998,0,0
4922,-0.1726737998398139,1.043894963405,1.2965284422411998,0,0
4923,-0.3289631589082981,1.060757510276,1.2965284422411998,0,0
4924,0.24392428744637762,1.037716981773,1.2965284422411998,0,0
4925,-0.3154233812809776,1.052480297447,1.2965284422411998,0,0
4926,-0.33027489368427776,1.04688377844,1.2965284422411998,0,0
4927,-0.3256717500857649,1.049680282008,1.2965284422411998,0,0
4928,-0.3156375783425036,1.007484957708,1.2965284422411998,0,0
4929,-0.31918602363886805,1.016619548862,1.2965284422411998,0,0
4930,-0.3159889532811836,1.007406716935,1.2965284422411998,0,0
4931,-0.321858698298937,1.016523704215,1.2965284422411998,0,0
4932,-0.3212405376225812,1.009711286539,1.2965284422411998,0,0
4933,-0.32475514723854393,1.01924240198,1.2965284422411998,0,0
4934,0.2462291281164526,1.016697609948,1.2965284422411998,0,0
4935,-0.312050881522702,1.019465094967,1.2965284422411998,0,0
4936,-0.31710277800111875,1.014162544656,1.2965284422411998,0,0
4937,0.5803327297583203,1.051363356197,1.2965284422411998,0,0
4938,0.1788055133119315,1.097966595228,1.2965284422411998,0,0
4939,0.18425936620379835,1.117520614937,1.2965284422411998,0,0
4940,-0.24383459421900766,1.0697608539,1.2965284422411998,0,0
4941,-0.2540560665253062,1.106900723422,1.2965284422411998,0,0
4942,-0.24663171536462192,1.068111935381,1.2965284422411998,0,0
4943,-0.2497351927893986,1.10424670239,1.2965284422411998,0,0
4944,-0.25865209889607366,1.086873325311,1.2965284422411998,0,0
4945,0.3221352906490682,1.129480153385,1.2965284422411998,0,0
4946,-0.3123461695199703,1.095370657609,1.2965284422411998,0,0
4947,-0.3184964639420036,1.100364038876,1.2965284422411998,0,0
4948,-0.27020038866300544,1.095450856202,1.2965284422411998,0,0
4949,-0.32136762214422554,1.094489480173,1.2965284422411998,0,0
4950,-0.32212129758802066,1.097034582975,1.2965284422411998,0,0
4951,-0.322024607830127,1.098006144436,1.2965284422411998,0,0
4952,-0.3217823672978952,1.101605571856,1.2965284422411998,0,0
4953,-0.317271268219797,1.097115163492,1.2965284422411998,0,0
4954,-0.3189100047748453,1.093869257359,1.2965284422411998,0,0
4955,0.24956452332350798,1.088737385991,1.2965284422411998,0,0
4956,-0.331256128415927,1.106953036452,1.2965284422411998,0,0
4957,-0.324888081318495,1.07051725477,1.2965284422411998,0,0
4958,-0.33215753388127256,1.089967450424,1.2965284422411998,0,0
4959,-0.33314542105178047,1.069131970426,1.2965284422411998,0,0
4960,-0.3270828700043482,1.089194425431,1.2965284422411998,0,0
4961,-0.3257288693021718,1.059727067607,1.2965284422411998,0,0
4962,-0.3329918414719232,1.093895042225,1.2965284422411998,0,0
4963,-0.33022448425534034,1.059310974136,1.2965284422411998,0,0
4964,-0.3240440244639998,1.083186696583,1.2965284422411998,0,0
4965,0.2469142146216705,1.06626110414,1.2965284422411998,0,0
4966,-0.33766844864093537,1.093963100296,1.2965284422411998,0,0
4967,-0.11273268768737943,1.071755427918,1.2965284422411998,0,0
4968,-0.33271542116762465,1.067071644179,1.2965284422411998,0,0
4969,-0.3337716105336552,1.058098982746,1.2965284422411998,0,0
4970,-0.33799315647557004,1.073255113371,1.2965284422411998,0,0
4971,-0.33443157834732085,1.069401837284,1.2965284422411998,0,0
4972,-0.3336459023786713,1.06529800984,1.2965284422411998,0,0
4973,-0.3352939294086773,1.063541739317,1.2965284422411998,0,0
4974,-0.3378209385971864,1.065560735576,1.2965284422411998,0,0
4975,-0.33482888952329193,1.064273861861,1.1937026653954,0,0
4976,0.23155189814152655,1.088155423314,1.1937026653954,0,0
4977,-0.34023095661956093,1.069758495895,1.1937026653954,0,0
4978,-0.3264539277891526,1.128626272919,1.1937026653954,0,0
4979,-0.3398480399449132,1.078433832229,1.1937026653954,0,0
4980,-0.34142053885442936,1.111050695392,1.1937026653954,0,0
4981,-0.3325034607019218,1.083242438441,1.1937026653954,0,0
4982,-0.33511603401781964,1.129844845894,1.1937026653954,0,0
4983,-0.32595568305808487,1.067433558776,1.1937026653954,0,0
4984,-0.330554525510784,1.118230447128,1.1937026653954,0,0
4985,-0.33527884672402375,1.079870115948,1.1937026653954,0,0
4986,-0.0011597036086155033,1.072669027516,1.1937026653954,0,0
4987,-0.3331863679599275,1.081463764028,1.1937026653954,0,0
4988,-0.3309785037908005,1.108149629843,1.1937026653954,0,0
4989,-0.32854428465464725,1.075779479372,1.1937026653954,0,0
4990,-0.3326651837845197,1.121377105807,1.1937026653954,0,0
4991,-0.3343181427950589,1.086363815374,1.1937026653954,0,0
4992,-0.3221820297669111,1.119838760271,1.1937026653954,0,0
4993,-0.3365545092237785,1.078978246192,1.1937026653954,0,0
4994,-0.33336334577301163,1.099569553687,1.1937026653954,0,0
4995,-0.3219515456999037,1.069793647985,1.1937026653954,0,0
4996,0.23946290961388672,1.118603661236,1.1937026653954,0,0
4997,-0.3366334782609195,1.092023194396,1.1937026653954,0,0
4998,-0.33182737792860717,1.085981882615,1.1937026653954,0,0
4999,-0.329360183341215,1.072579100508,1.1937026653954,0,0
5000,-0.3351956338896799,1.034659799099,1.1937026653954,0,0
5001,-0.32857347509757007,1.024158179027,1.1937026653954,0,0
5002,-0.32832073976955267,0.991568363746,1.1937026653954,0,0
5003,-0.3322036995130071,0.988652528557,1.1937026653954,0,0
5004,-0.32648564157095283,0.988918148913,1.1937026653954,0,0
5005,-0.33173906106789763,0.988905447409,1.1937026653954,0,0
5006,0.25486101162720143,0.996484752748,1.1937026653954,0,0
5007,-0.3140357742928429,0.998073097733,1.1937026653954,0,0
5008,-0.31517253845711823,0.996458740158,1.1937026653954,0,0
5009,-0.31004763719708894,0.985864583368,1.1937026653954,0,0
5010,-0.307666178782918,0.988803066342,1.1937026653954,0,0
5011,-0.31861230813592123,0.983689496507,1.1937026653954,0,0
5012,-0.022210887587891026,0.991485448856,1.1937026653954,0,0
5013,-0.323777238726324,0.984771441728,1.1937026653954,0,0
5014,-0.27182243677229634,0.988268542251,1.1937026653954,0,0
5015,-0.3242940070586964,0.986336947189,1.1937026653954,0,0
5016,-0.3242281135048294,0.991143011443,1.1937026653954,0,0
5017,0.002971002133712375,0.990490378359,1.1937026653954,0,0
5018,-0.3121007748141418,0.994433569335,1.1937026653954,0,0
5019,-0.3123706000281926,0.981308074355,1.1937026653954,0,0
5020,-0.314489803244945,0.989037439325,1.1937026653954,0,0
5021,-0.3210359751276781,0.980003664597,1.1937026653954,0,0
5022,-0.3343663156281732,0.987099565045,1.1937026653954,0,0
5023,-0.32276474900176144,0.977684105904,1.1937026653954,0,0
5024,-0.3276584206628421,0.984251308609,1.1937026653954,0,0
5025,-0.13371981326833515,0.976974542722,1.1937026653954,0,0
5026,-0.32676011202248245,0.985647917963,1.1937026653954,0,0
5027,0.24213134047675267,0.98229782672,1.1937026653954,0,0
5028,-0.31785484768381,0.993817015384,1.1937026653954,0,0
5029,-0.3193820411907544,0.978824208791,1.1937026653954,0,0
5030,-0.31231686437982586,0.97818212969,1.1937026653954,0,0
5031,-0.3164619072748662,0.976915226909,1.1937026653954,0,0
5032,0.07219329876894331,0.976923136697,1.1937026653954,0,0
5033,-0.3094059635902846,0.981192330937,1.1937026653954,0,0
5034,-0.32162483066388936,0.986429742481,1.1937026653954,0,0
5035,0.6205895047224861,1.043648560049,1.1937026653954,0,0
5036,-0.22038354292147821,1.035209323766,1.1937026653954,0,0
5037,0.2770683436012198,1.046167106942,1.1937026653954,0,0
5038,0.28313846466528414,1.049090371108,1.1937026653954,0,0
5039,0.23979002609017708,1.095116302374,1.1937026653954,0,0
5040,-0.003715157708106376,1.065120965321,1.1937026653954,0,0
5041,-0.24122569121420434,1.096557337431,1.1937026653954,0,0
5042,-0.25360306984819936,1.064866205069,1.1937026653954,0,0
5043,0.23323588275053564,1.121147686975,1.1937026653954,0,0
5044,-0.30671900912611383,1.080932127079,1.1937026653954,0,0
5045,-0.3065389918366547,1.130169683595,1.2965284422411998,0,0
5046,-0.31286379808150544,1.095225669241,1.2965284422411998,0,0
5047,-0.32152085763241767,1.155080261096,1.2965284422411998,0,0
5048,-0.33358006617341507,1.093135585265,1.2965284422411998,0,0
5049,-0.3317816710857595,1.156360489136,1.2965284422411998,0,0
5050,-0.3291918651683692,1.100474700426,1.2965284422411998,0,0
5051,-0.33783464491517967,1.16062841831,1.2965284422411998,0,0
5052,-0.3333788298979413,1.104555232614,1.2965284422411998,0,0
5053,0.22651772238386236,1.16487903816,1.2965284422411998,0,0
5054,-0.32872309762327856,1.112231621952,1.2965284422411998,0,0
5055,-0.33388326827898085,1.143246190837,1.2965284422411998,0,0
5056,-0.32956543401944827,1.12792351117,1.2965284422411998,0,0
5057,-0.14356496399023377,1.14523843,1.2965284422411998,0,0
5058,-0.33567460948750183,1.125413553991,1.2965284422411998,0,0
5059,-0.334690163233645,1.147313156117,1.2965284422411998,0,0
5060,-0.32637375443118377,1.110490824879,1.2965284422411998,0,0
5061,-0.3251786093810628,1.150651134965,1.2965284422411998,0,0
5062,-0.3327391061439058,1.098323346202,1.2965284422411998,0,0
5063,-0.002749865890273595,1.14759135777,1.2965284422411998,0,0
5064,-0.32949673038364957,1.111916673305,1.2965284422411998,0,0
5065,-0.3321529459924045,1.134524542396,1.2965284422411998,0,0
5066,-0.3284654303147281,1.106024758302,1.2965284422411998,0,0
5067,-0.33646424251030016,1.119409623574,1.2965284422411998,0,0
5068,-0.333684727388217,1.103450753794,1.2965284422411998,0,0
5069,-0.3316885369417385,1.123180565819,1.2965284422411998,0,0
5070,-0.33574061773859054,1.075874901038,1.2965284422411998,0,0
5071,-0.3299358486969306,1.111006073337,1.2965284422411998,0,0
5072,-0.3373384073854917,1.067294490176,1.1937026653954,0,0
5073,0.22406446350890685,1.16058441044,1.1937026653954,0,0
5074,-0.33622601638082783,1.079961878894,1.1937026653954,0,0
5075,-0.33535879068754904,1.164115716292,1.1937026653954,0,0
5076,-0.3349934800364325,1.093225766068,1.1937026653954,0,0
5077,-0.15296428661138184,1.14671831694,1.1937026653954,0,0
5078,-0.3377845795779073,1.103146533067,1.1937026653954,0,0
5079,-0.33652606431279675,1.172349631694,1.1937026653954,0,0
5080,-0.33417672112070196,1.130434685348,1.1937026653954,0,0
5081,-0.3228522056333082,1.166940932577,1.1937026653954,0,0
5082,-0.33673114294519757,1.127591304138,1.1937026653954,0,0
5083,0.2391029897321899,1.185057989695,1.1937026653954,0,0
5084,-0.33179962120095563,1.13029129223,1.1937026653954,0,0
5085,-0.32932806811913873,1.189412898258,1.1937026653954,0,0
5086,-0.33344214276432005,1.16515499936,1.1937026653954,0,0
5087,-0.329506938436381,1.172685895761,1.1937026653954,0,0
5088,-0.33705160698262926,1.155073731855,1.1937026653954,0,0
5089,-0.33339224947288026,1.193740375196,1.1937026653954,1,0
5090,-0.32607410793949076,1.167702249539,1.1937026653954,0,0
5091,-0.33245437029103386,1.174566041841,1.1937026653954,0,0
5092,-0.2747153874466415,1.121165126277,1.1937026653954,0,0
5093,-0.34299062912228984,1.168860734116,1.1937026653954,0,0
5094,0.23285313812172048,1.133802352585,1.1937026653954,0,0
5095,-0.3344010115377376,1.201327863499,1.1937026653954,1,0
5096,-0.3229705731661032,1.119943544368,1.1937026653954,0,0
5097,-0.33755862605115705,1.166704792047,1.1937026653954,0,0
5098,-0.32764092933653277,1.105244205607,1.1937026653954,0,0
5099,-0.3320706507358343,1.069702934883,1.1937026653954,0,0
5100,-0.3333246354606877,1.039549935909,1.1937026653954,0,0
5101,-0.33192515731010697,1.034534152834,1.1937026653954,0,0
5102,-0.04921881442758003,1.007603752108,1.1937026653954,0,0
5103,-0.33369361642289874,1.007029154361,1.1937026653954,0,0
5104,0.23635392672246835,0.990848051871,1.1937026653954,0,0
5105,-0.3315763057103044,1.009166537418,1.1937026653954,0,0
5106,-0.3236127629104053,0.984385387152,1.1937026653954,0,0
5107,-0.3260372901313249,0.990447491432,1.1937026653954,0,0
5108,-0.31766427824995436,0.979206222341,1.1937026653954,0,0
5109,-0.3205630211339954,0.992180890577,1.1937026653954,0,0
5110,-0.31441008867586306,0.97935677996,1.1937026653954,0,0
5111,-0.31496069268863713,0.991641649857,1.1937026653954,0,0
5112,-0.31556589257894063,0.97920311572,1.1937026653954,0,0
5113,-0.3150924797963711,0.986311692823,1.1937026653954,0,0
5114,0.23641448685552624,0.981593411474,1.1937026653954,0,0
5115,0.15327173251415038,1.016301865008,1.1937026653954,0,0
5116,-0.306253797194896,0.99199850556,1.1937026653954,0,0
5117,0.5517225400800838,1.075924773913,1.1937026653954,0,0
5118,0.18144997245546213,1.033134987251,1.1937026653954,0,0
5119,0.18184865999809374,1.132534129343,1.1937026653954,0,0
5120,0.17290583231931422,1.056219699221,1.1937026653954,0,0
5121,-0.23769754732608084,1.149639177255,1.1937026653954,0,0
5122,-0.2571114858141903,1.06816320806,1.1937026653954,0,0
5123,-0.24564784259687356,1.161081886467,1.1937026653954,0,0
5124,-0.2344127909424063,1.085222287016,1.1937026653954,0,0
5125,0.6084928475386033,1.242034867895,1.1937026653954,1,0
5126,-0.23081731978514464,1.139048808039,1.1937026653954,0,0
5127,-0.31110789831448993,1.20997062837,1.1937026653954,1,0
5128,-0.31128349976091363,1.134263498186,1.1937026653954,0,0
5129,-0.31908572091849075,1.23127218358,1.1937026653954,1,0
5130,-0.32378199866102464,1.136914662888,1.1937026653954,0,0
5131,-0.3171202693274281,1.231564448599,1.1937026653954,1,0
5132,-0.31326558244912295,1.156480854435,1.1937026653954,0,0
5133,-0.3219871018386309,1.234905111763,1.1937026653954,1,0
5134,-0.319438529572442,1.151427710489,1.1937026653954,0,0
5135,0.004882775425019137,1.166278254615,1.1937026653954,0,0
5136,-0.3228644208874193,1.156364231523,1.1937026653954,0,0
5137,-0.32245495180594785,1.191449413093,1.1937026653954,0,0
5138,-0.3203104005031997,1.137209308233,1.1937026653954,0,0
5139,-0.3162541906063664,1.184776762568,1.1937026653954,0,0
5140,-0.3192716451148676,1.150554072279,1.2965284422411998,0,0
5141,-0.3199296630757643,1.177083636973,1.2965284422411998,0,0
5142,-0.3232757824730488,1.138428941971,1.2965284422411998,0,0
5143,-0.33577376523566205,1.157849527628,1.2965284422411998,0,0
5144,-0.32905336827316567,1.131704064079,1.2965284422411998,0,0
5145,0.10923499591161745,1.143305530621,1.2965284422411998,0,0
5146,-0.34316904065064524,1.137796946899,1.2965284422411998,0,0
5147,-0.10589839638373422,1.098426607422,1.2965284422411998,0,0
5148,-0.33744599337944703,1.096558491034,1.2965284422411998,0,0
5149,-0.32801748031537603,1.0941966637,1.2965284422411998,0,0
5150,-0.33335938871886306,1.100466268615,1.2965284422411998,0,0
5151,-0.33599163260828246,1.088020006434,1.2965284422411998,0,0
5152,-0.33314966484898334,1.0926352362,1.2965284422411998,0,0
5153,-0.3272582420563285,1.087516156273,1.2965284422411998,0,0
5154,-0.3322507827225152,1.090110639235,1.2965284422411998,0,0
5155,-0.3205724263061749,1.093122105376,1.2965284422411998,0,0
5156,0.23192867851481314,1.103342855322,1.2965284422411998,0,0
5157,-0.3313225954559026,1.106531225874,1.2965284422411998,0,0
5158,-0.32907223596613544,1.137826817742,1.2965284422411998,0,0
5159,-0.33155135906458455,1.104617350603,1.2965284422411998,0,0
5160,-0.1415259341314501,1.132141261244,1.2965284422411998,0,0
5161,-0.33697728318296716,1.114632320637,1.2965284422411998,0,0
5162,-0.3263096386842531,1.141178505297,1.2965284422411998,0,0
5163,-0.3339625814077868,1.100722742987,1.2965284422411998,0,0
5164,-0.3346129720034404,1.142337825264,1.2965284422411998,0,0
5165,-0.32531045383740775,1.098230969134,1.2965284422411998,0,0
5166,0.2442203209755871,1.087836960785,1.2965284422411998,0,0
5167,-0.3360906163106102,1.084403448381,1.2965284422411998,0,0
5168,-0.33126811427559477,1.105139202557,1.2965284422411998,0,0
5169,-0.3367611362686723,1.065824630866,1.2965284422411998,0,0
5170,-0.3325862147473788,1.112906826621,1.2965284422411998,0,0
5171,-0.3399844722901262,1.066865693785,1.2965284422411998,0,0
5172,-0.3367259242216102,1.111957159723,1.1937026653954,0,0
5173,-0.33757296320386965,1.077772648405,1.1937026653954,0,0
5174,-0.3324432446605289,1.107764196733,1.1937026653954,0,0
5175,-0.3461736490703159,1.073747257596,1.1937026653954,0,0
5176,-0.07905614968079189,1.117148541719,1.1937026653954,0,0
5177,-0.33549212620777613,1.072792684067,1.1937026653954,0,0
5178,-0.33663061083037693,1.08702021249,1.1937026653954,0,0
5179,-0.33145598832474044,1.065389182746,1.1937026653954,0,0
5180,-0.33528446688788704,1.071479321809,1.1937026653954,0,0
5181,-0.3319127700101633,1.029201499335,1.1937026653954,0,0
5182,-0.3257555937548281,1.028333583251,1.1937026653954,0,0
5183,-0.3342488656731517,1.013417973952,1.1937026653954,0,0
5184,-0.3288125041075942,1.001930304434,1.1937026653954,0,0
5185,-0.33288414078074624,0.990251078718,1.1937026653954,0,0
5186,-0.013801172595576339,1.002340305375,1.1937026653954,0,0
5187,-0.3350837467499108,0.997456526346,1.1937026653954,0,0
5188,-0.32860312432937966,1.004548774709,1.1937026653954,0,0
5189,-0.3384344540360633,0.977489665865,1.1937026653954,0,0
5190,-0.3301065181628212,0.978798226568,1.1937026653954,0,0
5191,-0.3173416349653104,0.97352443094,1.1937026653954,0,0
5192,-0.039262808840907715,0.979803013485,1.1937026653954,0,0
5193,-0.3275444116244717,0.976306229077,1.1937026653954,0,0
5194,-0.3229016401358612,0.977239531822,1.1937026653954,0,0
5195,-0.3329152237278272,0.976875784624,1.1937026653954,0,0
5196,-0.33341937536581245,0.97800063299,1.1937026653954,0,0
5197,0.23508961924766192,0.97928774656,1.1937026653954,0,0
5198,-0.32005519918491565,0.984866070583,1.1937026653954,0,0
5199,-0.3205342894799593,0.974246792695,1.1937026653954,0,0
5200,-0.3115460990499973,0.983702311106,1.1937026653954,0,0
5201,-0.3117422312991055,0.975190628325,1.1937026653954,0,0
5202,-0.3119368151357207,0.986252767853,1.1937026653954,0,0
5203,-0.31629852108255363,0.977662485284,1.1937026653954,0,0
5204,-0.32474992851495654,0.983647727224,1.1937026653954,0,0
5205,-0.1231683570552039,0.977757280184,1.1937026653954,0,0
5206,-0.3186205089872729,0.978012115161,1.1937026653954,0,0
5207,0.0024665637526728457,0.976060115922,1.1937026653954,0,0
5208,-0.31730453041409024,0.985539878542,1.1937026653954,0,0
5209,-0.32267299122440085,0.977535470957,1.1937026653954,0,0
5210,-0.32258719770256883,0.978414486127,1.1937026653954,0,0
5211,-0.3242352820811857,0.973865876279,1.1937026653954,0,0
5212,-0.3222076645959613,0.976459517002,1.1937026653954,0,0
5213,-0.32325909402729125,0.974022506149,1.1937026653954,0,0
5214,-0.3187069333438243,0.979073639986,1.1937026653954,0,0
5215,-0.31932171045213986,0.972310781633,1.1937026653954,0,0
5216,-0.31478446040749397,0.976209106774,1.1937026653954,0,0
5217,0.23509030743099202,0.979807966226,1.1937026653954,0,0
5218,-0.32615433864607046,0.986935147244,1.1937026653954,0,0
5219,-0.33032903077292053,0.975541464059,1.1937026653954,0,0
5220,-0.32678018403628006,0.979539186856,1.1937026653954,0,0
5221,-0.31750553729512065,0.970375927614,1.1937026653954,0,0
5222,-0.3168179274510251,0.9790381714,1.1937026653954,0,0
5223,0.3864204453761937,0.990826718132,1.1937026653954,0,0
5224,-0.3081332832182939,0.999930224376,1.1937026653954,0,0
5225,0.5851445076031068,1.02771973831,1.1937026653954,0,0
5226,0.1813379132698607,1.07339629316,1.1937026653954,0,0
5227,0.19178878001956035,1.059626719409,1.1937026653954,0,0
5228,0.1996739846170381,1.061858871759,1.1937026653954,0,0
5229,-0.23416263630187717,1.074908877823,1.1937026653954,0,0
5230,0.029471565813208533,1.076486553365,1.1937026653954,0,0
5231,-0.23193297966062698,1.076781421841,1.1937026653954,0,0
5232,-0.24983922316948115,1.086139948212,1.1937026653954,0,0
5233,0.6233697653765102,1.137624482128,1.1937026653954,0,0
5234,-0.3276072083533528,1.139849645726,1.1937026653954,0,0
5235,-0.33040754102117464,1.140418643663,1.1937026653954,0,0
5236,-0.31738413028595047,1.153563715201,1.1937026653954,0,0
5237,-0.25872097457770493,1.141516164591,1.2965284422411998,0,0
5238,-0.33599501617632266,1.125798697012,1.2965284422411998,0,0
5239,-0.333216475980624,1.155274013517,1.2965284422411998,0,0
5240,-0.3284166839955053,1.146010193308,1.1937026653954,0,0
5241,-0.33306381397854035,1.152921112585,1.1937026653954,0,0
5242,-0.32278298586001186,1.124854191848,1.1937026653954,0,0
5243,-0.009978084801849696,1.130468021714,1.2965284422411998,0,0
5244,-0.336457016585333,1.150988449628,1.2965284422411998,0,0
5245,-0.33064915071868706,1.146635816818,1.2965284422411998,0,0
5246,-0.32816371927304444,1.154041720088,1.2965284422411998,0,0
5247,-0.33471803465851824,1.129828099405,1.2965284422411998,0,0
5248,-0.3259532170678183,1.144715338768,1.2965284422411998,0,0
5249,-0.3301586480500841,1.12313870067,1.2965284422411998,0,0
5250,-0.3216698493234068,1.152970200664,1.1937026653954,0,0
5251,-0.3313749547376089,1.117168307296,1.1937026653954,0,0
5252,-0.33462937370614365,1.115379377775,1.1937026653954,0,0
5253,0.24379341791641718,1.124056326211,1.2965284422411998,0,0
5254,-0.33235590272620386,1.14816500759,1.2965284422411998,0,0
5255,-0.33748894748897384,1.126539150946,1.1937026653954,0,0
5256,-0.33126731139504284,1.146939802924,1.1937026653954,0,0
5257,-0.32743109076943144,1.126310657301,1.1937026653954,0,0
5258,-0.33475766254861583,1.14727932596,1.1937026653954,0,0
5259,-0.3253852937745675,1.12465704936,1.1937026653954,0,0
5260,-0.32663606697721326,1.142778206137,1.1937026653954,0,0
5261,-0.33412275607789177,1.107863894855,1.1937026653954,0,0
5262,-0.33040094593092684,1.134934993839,1.1937026653954,0,0
5263,-0.329789322996208,1.128614636696,1.1937026653954,0,0
5264,0.2404306100733753,1.140462118839,1.1937026653954,0,0
5265,-0.3345584908231326,1.133726107303,1.1937026653954,0,0
5266,-0.3307448655501962,1.147193293772,1.1937026653954,0,0
5267,-0.3399029799141079,1.118086705585,1.1937026653954,0,0
5268,-0.13605975128825054,1.150741647427,1.1937026653954,0,0
5269,-0.3350384986959499,1.129714421513,1.1937026653954,0,0
5270,-0.3350209500210297,1.154266682512,1.1937026653954,0,0
5271,-0.3327008546204686,1.130154051023,1.1937026653954,0,0
5272,-0.33760272713290096,1.159657188038,1.1937026653954,0,0
5273,-0.3347935627790082,1.117936441115,1.1937026653954,0,0
5274,0.23545229186267935,1.134171901226,1.1937026653954,0,0
5275,-0.33173934781095193,1.129364310198,1.1937026653954,0,0
5276,-0.33852546628148283,1.145978931727,1.1937026653954,0,0
5277,-0.33180157105372454,1.119054163814,1.1937026653954,0,0
5278,-0.32772173352922085,1.137842134565,1.1937026653954,0,0
5279,-0.3343702726823219,1.132445714396,1.1937026653954,0,0
5280,-0.32946994858238254,1.134100816711,1.1937026653954,0,0
5281,-0.3324187568036958,1.120174624478,1.1937026653954,0,0
5282,-0.1791258626521416,1.111688097291,1.1937026653954,0,0
5283,-0.33728891553432794,1.124441381906,1.1937026653954,0,0
5284,0.23250686720940617,1.113804766726,1.1937026653954,0,0
5285,-0.32993705301775844,1.132700572168,1.1937026653954,0,0
5286,-0.3327814867673242,1.099930252342,1.1937026653954,0,0
5287,-0.32961676102615933,1.100729526216,1.1937026653954,0,0
5288,-0.32124621513505547,1.091925301019,1.1937026653954,0,0
5289,-0.316722958151457,1.044946854021,1.1937026653954,0,0
5290,-0.3054743722248291,1.044955216958,1.1937026653954,0,0
5291,-0.3143205674943257,1.036904216865,1.1937026653954,0,0
5292,-0.32078822912880467,1.02324000751,1.1937026653954,0,0
5293,-0.31283472233580434,1.020004166529,1.1937026653954,0,0
5294,0.24480986469512844,1.024861140359,1.1937026653954,0,0
5295,-0.31211316211408546,1.017361049122,1.1937026653954,0,0
5296,-0.3109160098625847,1.017461791082,1.1937026653954,0,0
5297,-0.3157784838793628,0.982754968172,1.1937026653954,0,0
5298,-0.3195547178580248,0.987867118171,1.1937026653954,0,0
5299,-0.32419456456748197,0.983728677298,1.1937026653954,0,0
5300,-0.3189228508636758,0.990082990795,1.1937026653954,0,0
5301,-0.3237343993140188,0.981557826227,1.1937026653954,0,0
5302,-0.31985178366222955,0.988167621899,1.1937026653954,0,0
5303,-0.32110249951626446,0.982195681921,1.1937026653954,0,0
5304,0.24839094135106676,0.99234572506,1.1937026653954,0,0
5305,-0.3217606321743829,0.987344085213,1.1937026653954,0,0
5306,-0.31400383111659924,0.993307912939,1.1937026653954,0,0
5307,-0.31937607693522596,0.997417489943,1.1937026653954,0,0
5308,-0.3262999467690194,0.99707027781,1.1937026653954,0,0
5309,-0.3226979378701208,0.991540564059,1.1937026653954,0,0
5310,-0.3147685748422885,1.000381392858,1.1937026653954,0,0
5311,-0.3190080708993994,0.997331033029,1.1937026653954,0,0
5312,-0.31191731660803157,0.99769149671,1.1937026653954,0,0
5313,-0.12418790065890117,0.993000288149,1.1937026653954,0,0
5314,-0.33327525830674554,0.981823605098,1.1937026653954,0,0
5315,0.23873263240331855,0.99559861997,1.1937026653954,0,0
5316,-0.32841811771077656,0.997727901009,1.1937026653954,0,0
5317,-0.3213762244358531,0.9833037131,1.1937026653954,0,0
5318,-0.3163845439988292,0.992014676336,1.1937026653954,0,0
5319,-0.32686293808173716,0.986668746303,1.1937026653954,0,0
5320,0.3744803498999323,1.025636421525,1.1937026653954,0,0
5321,-0.3096140243504496,1.027130473427,1.1937026653954,0,0
5322,0.5821972477942863,1.111349828796,1.1937026653954,0,0
5323,0.18599886426811074,1.07937723829,1.1937026653954,0,0
5324,-0.23655831717153897,1.13193341895,1.1937026653954,0,0
5325,-0.007922825286195367,1.111488522298,1.1937026653954,0,0
5326,0.18588646099084394,1.164780751872,1.1937026653954,0,0
5327,-0.12052510223250112,1.117838919545,1.2965284422411998,0,0
5328,-0.22821690437474706,1.167805738187,1.2965284422411998,0,0
5329,-0.2446929308776047,1.118531876549,1.2965284422411998,0,0
5330,0.5427394536764876,1.219009667576,1.2965284422411998,0,0
5331,-0.23783088284630793,1.161384098656,1.2965284422411998,0,0
5332,-0.3230666894378884,1.189341903696,1.2965284422411998,0,0
5333,-0.3316874473181324,1.161457829007,1.2965284422411998,0,0
5334,-0.3122079020192102,1.213148985215,1.2965284422411998,0,0
5335,-0.33244875012717057,1.177404400934,1.2965284422411998,0,0
5336,-0.3325679778891284,1.219260951765,1.2965284422411998,0,0
5337,-0.33582474815070806,1.179317210957,1.2965284422411998,0,0
5338,-0.32367636251983833,1.216388807096,1.2965284422411998,0,0
5339,-0.3302835533245162,1.158948563484,1.2965284422411998,0,0
5340,-0.3335862024747761,1.22297949939,1.2965284422411998,0,0
5341,0.2329194331158635,1.193272231358,1.2965284422411998,0,0
5342,-0.3287198287524601,1.26146139835,1.2965284422411998,0,0
5343,-0.3344015850238461,1.176029633703,1.2965284422411998,0,0
5344,-0.32950126092390675,1.241525170734,1.2965284422411998,0,0
5345,-0.33779180550287446,1.165631603029,1.2965284422411998,0,0
5346,-0.3310441679502242,1.242906584207,1.2965284422411998,0,0
5347,-0.3281735832341107,1.17513597975,1.2965284422411998,0,0
5348,-0.33611642318549284,1.222788052043,1.2965284422411998,0,0
5349,-0.3215580768808596,1.173964616811,1.2965284422411998,0,0
5350,-0.3312954695629703,1.211184515856,1.2965284422411998,0,0
5351,0.24541535132848624,1.184312835678,1.2965284422411998,0,0
5352,-0.3301476944654117,1.218407242971,1.2965284422411998,0,0
5353,-0.3197373731835831,1.187533986722,1.2965284422411998,0,0
5354,-0.32505404819829586,1.221324447066,1.2965284422411998,0,0
5355,-0.3223018883635884,1.181202199194,1.2965284422411998,0,0
5356,-0.33047016570422316,1.205261430349,1.2965284422411998,0,0
5357,-0.3282865599974858,1.177224798594,1.1937026653954,0,0
5358,-0.32283385407783605,1.209116494236,1.1937026653954,1,0
5359,-0.31756162423653234,1.165954855025,1.1937026653954,0,0
5360,-0.3344518797555619,1.222774756277,1.1937026653954,1,0
5361,0.23542797605167887,1.172025672256,1.1937026653954,0,0
5362,-0.33101738614895704,1.212997025877,1.1937026653954,1,0
5363,-0.32930512867479866,1.159975502753,1.1937026653954,0,0
5364,-0.3354360966149753,1.178089732546,1.1937026653954,0,0
5365,-0.13507673874966497,1.179383239934,1.1937026653954,0,0
5366,-0.34122698729280954,1.205046644778,1.1937026653954,1,0
5367,-0.3376289354480595,1.155456079801,1.1937026653954,0,0
5368,-0.33942973917737085,1.154026293913,1.1937026653954,0,0
5369,-0.33580456143968873,1.126346979087,1.1937026653954,0,0
5370,-0.3318590917104074,1.159733678535,1.1937026653954,0,0
5371,0.23811452907557373,1.131134634416,1.1937026653954,0,0
5372,-0.05336225156151664,1.151399516596,1.1937026653954,0,0
5373,-0.338552592174415,1.131538893243,1.1937026653954,0,0
5374,-0.29232771932488755,1.136095510349,1.1937026653954,0,0
5375,-0.33218322605893347,1.109635270355,1.1937026653954,0,0
5376,-0.3354022609345736,1.144260648743,1.1937026653954,0,0
5377,-0.3276673096975239,1.107914868663,1.1937026653954,0,0
5378,-0.3317344731790296,1.138920933712,1.1937026653954,0,0
5379,-0.32250398486822496,1.090687727159,1.1937026653954,0,0
5380,-0.3342031014816931,1.103815587545,1.1937026653954,0,0
5381,-0.3370989195865808,1.090401155009,1.1937026653954,0,0
5382,0.23521750664985808,1.107794598325,1.1937026653954,0,0
5383,-0.3271554159970739,1.08823041143,1.1937026653954,0,0
5384,-0.33250202698665055,1.102760972667,1.1937026653954,0,0
5385,-0.33502158085574907,1.09349864881,1.1937026653954,0,0
5386,-0.3276667362114154,1.034115510054,1.1937026653954,0,0
5387,-0.33258816460014773,1.026002557343,1.1937026653954,0,0
5388,-0.33259653749733187,1.025727389465,1.1937026653954,0,0
5389,-0.3221393624004385,1.020499618505,1.1937026653954,0,0
5390,-0.33468161829062837,1.011169237791,1.1937026653954,0,0
5391,-0.3310282823850186,1.009610325577,1.1937026653954,0,0
5392,0.23522175044706106,1.020138732313,1.1937026653954,0,1
5393,-0.3290466011370853,1.013620646936,1.1937026653954,0,1
5394,-0.3368678046848539,0.983850149169,1.1937026653954,0,1
5395,-0.3274578152220876,0.990691671721,1.1937026653954,0,1
5396,-0.31722825676165933,0.979716005076,1.1937026653954,0,1
5397,-0.3119015457400477,0.990316380127,1.1937026653954,0,1
5398,-0.31401380977488724,0.980353675273,1.1937026653954,0,1
5399,-0.318731191806214,0.98734372751,1.1937026653954,0,1
5400,-0.3230403090768973,0.988331987863,1.1937026653954,0,1
5401,-0.31845930204217254,0.987616968452,1.1937026653954,0,1
5402,0.01230597961348634,0.987657416468,1.1937026653954,0,1
5403,-0.3219896251775083,0.986999048121,1.1937026653954,0,1
5404,-0.326803582269507,0.989028803237,1.1937026653954,0,1
5405,-0.3330821081854016,0.988014125057,1.1937026653954,0,1
5406,-0.3219510869110169,0.982608142233,1.1937026653954,0,1
5407,-0.32131463202779986,0.982199491588,1.1937026653954,0,1
5408,-0.33274168683139405,0.987785179403,1.1937026653954,0,1
5409,-0.3258276809586669,0.987988578197,1.1937026653954,0,1
5410,-0.13648367221965618,0.987076809242,1.1937026653954,0,1
5411,-0.32896390444023915,0.98585760338,1.1937026653954,0,1
5412,0.23287596286883905,0.989211572734,1.1937026653954,0,1
5413,-0.32233767389675894,0.993109151289,1.1937026653954,0,1
5414,-0.32982579671270884,0.988403912779,1.1937026653954,0,1
5415,-0.3182209612154786,0.988016713923,1.1937026653954,0,1
5416,-0.31527869073580217,0.986921517518,1.1937026653954,0,1
5417,-0.3154348510031476,0.985993962607,1.1937026653954,0,1
5418,0.255093388198367,0.992769231646,1.1937026653954,0,1
5419,-0.3141763930866479,0.995231934038,1.1937026653954,0,1
5420,0.5938203201497669,1.062763579776,1.1937026653954,0,1
5421,0.1762467329930113,1.06024553467,1.1937026653954,0,1
5422,-1.0,1.217383318504,1.1937026653954,1,1
5423,0.18485292432609923,1.19738966276,1.1937026653954,1,1
5424,-0.0222700713542886,1.256192351533,1.1937026653954,1,1
5425,-0.22825527059540596,1.196409206455,1.1937026653954,1,1
5426,-0.2507225064737979,1.242996334451,1.1937026653954,1,1
5427,-0.24542108618957137,1.233631005337,1.1937026653954,1,1
5428,0.40546373979237726,1.254968511818,1.1937026653954,1,1
5429,-0.30458827883858053,1.260944760177,1.1937026653954,1,1
5430,-0.3340246326047269,1.269922425098,1.1937026653954,1,1
5431,-0.33328168135116076,1.244856980783,1.1937026653954,1,1
5432,-0.3299431893191195,1.221929835674,1.1937026653954,1,1
5433,-0.335435809871921,1.221190754625,1.1937026653954,1,1
5434,-0.32824968484070904,1.240820550732,1.1937026653954,1,1
5435,-0.3286273827917694,1.209803416396,1.1937026653954,1,1
5436,-0.3339300073968239,1.20913803233,1.1937026653954,1,1
5437,-0.331287154014397,1.19917887462,1.1937026653954,1,1
5438,0.23732495340138615,1.208554396823,1.1937026653954,1,1
5439,-0.3283507904416382,1.229309037165,1.1937026653954,1,1
5440,-0.3314145826277065,1.189133557511,1.1937026653954,0,1
5441,-0.32907711059805766,1.236258543321,1.1937026653954,1,1
5442,-0.33528068187957094,1.174457566204,1.1937026653954,0,1
5443,-0.33346800698781354,1.224564986393,1.1937026653954,1,1
5444,-0.32964371487325905,1.179072474817,1.1937026653954,0,1
5445,-0.3293965423604941,1.240659793859,1.1937026653954,1,1
5446,-0.33346491016282764,1.16620255726,1.1937026653954,0,1
5447,-0.32758237640485455,1.230992978408,1.1937026653954,1,1
5448,0.2379007334543235,1.200439434414,1.1937026653954,1,1
5449,-0.3246403926682324,1.233933634477,1.1937026653954,1,1
5450,-0.32856395522816895,1.210782010118,1.1937026653954,1,1
5451,-0.3232593234217347,1.246525675157,1.1937026653954,1,1
5452,-0.3287379509134888,1.19278591176,1.1937026653954,0,1
5453,-0.3242832828684674,1.263747045587,1.1937026653954,1,1
5454,-0.3195807541273509,1.186339163788,1.1937026653954,0,1
5455,-0.32277174553228516,1.258745975988,1.1937026653954,1,1
5456,-0.32590343847360026,1.168477752167,1.1937026653954,0,1
5457,-0.326083226368616,1.248238749836,1.1937026653954,1,1
5458,0.23909714017388328,1.216260956619,1.1937026653954,1,1
5459,-0.33350734813485683,1.260133546279,1.1937026653954,1,1
5460,-0.3264035183602151,1.248638211114,1.1937026653954,1,1
5461,-0.33161272207819437,1.249520741437,1.1937026653954,1,1
5462,-0.050715441124941196,1.249774462622,1.1937026653954,1,1
5463,-0.3381605570706422,1.263216680914,1.1937026653954,1,1
5464,-0.33958188504195685,1.241884025623,1.1937026653954,1,1
5465,-0.3325197477074032,1.298878191765,1.1937026653954,1,1
5466,-0.3357227249720053,1.263705587309,1.1937026653954,1,1
5467,-0.3334280350060509,1.295022825389,1.1937026653954,1,1
5468,-0.34205091478489624,1.250271073641,1.1937026653954,1,1
5469,0.2350526867422742,1.300210758303,1.1937026653954,1,1
5470,-0.33186522801176843,1.240677450536,1.1937026653954,1,1
5471,-0.34252966098827486,1.285476652286,1.1937026653954,1,1
5472,-0.3328253584546247,1.297472842326,1.1937026653954,1,1
5473,-0.33729774722039885,1.28138197756,1.1937026653954,1,1
5474,-0.32982493648354605,1.317484035509,1.1937026653954,1,1
5475,-0.33682209784200623,1.293236045833,1.1937026653954,1,1
5476,-0.33041803581696017,1.275136236218,1.1937026653954,1,1
5477,-0.32360639721460094,1.234433667528,1.1937026653954,1,1
5478,-0.3281141700732697,1.285077994193,1.1937026653954,1,1
5479,0.23329013453640002,1.223027445563,1.1937026653954,1,1
5480,-0.33614223006037547,1.26453535137,1.1937026653954,1,1
5481,-0.33130103237822284,1.196892934323,1.1937026653954,1,1
5482,-0.3274528832415545,1.233852319142,1.1937026653954,1,1
5483,-0.3282195768200127,1.195727628782,1.1937026653954,1,1
5484,-0.33279616801170187,1.140363313731,1.1937026653954,0,1
5485,-0.33541975226088294,1.071056740467,1.1937026653954,0,1
5486,-0.3268249159527433,1.03466401494,1.1937026653954,0,1
5487,-0.3362819886250178,0.994974342407,1.1937026653954,0,1
5488,-0.3339971626201296,1.00742873226,1.1937026653954,0,1
5489,0.2355937135370363,0.995458121185,1.1937026653954,0,1
5490,-0.32795537176982514,1.015534510331,1.1937026653954,0,1
5491,-0.3336699314466176,0.99439562081,1.1937026653954,0,1
5492,-0.33363684129815696,0.991108677014,1.1937026653954,0,1
5493,-0.32711412499726167,0.984368226826,1.1937026653954,0,0
5494,-0.3344127106543511,0.987398296505,1.1937026653954,0,0
5495,-0.32476162763157,0.988656640367,1.1937026653954,0,0
5496,-0.31646833031928157,0.989286702971,1.1937026653954,0,0
5497,-0.3117379875019025,0.988106228688,1.1937026653954,0,0
5498,-0.3087661824876382,0.991282986058,1.1937026653954,0,0
5499,0.2525260055878191,0.997296273291,1.1937026653954,0,0
5500,-0.3172488449129546,0.996893434377,1.1937026653954,0,0
5501,-0.3239122947048766,0.995582304813,1.1937026653954,0,0
5502,-0.3276313521185208,0.991938479898,1.1937026653954,0,0
5503,-0.3335380296416618,0.991391512689,1.1937026653954,0,0
5504,-0.3300229612368123,0.990489497818,1.1937026653954,0,0
5505,-0.3249771437111456,0.991585781029,1.1937026653954,0,0
5506,-0.3281808091590779,0.995136295253,1.1937026653954,0,0
5507,-0.043550535079743824,0.992352002274,1.1937026653954,0,0
5508,-0.32045910545113454,1.000791334718,1.1937026653954,0,0
5509,-0.3281080337719088,0.992001249816,1.1937026653954,0,0
5510,0.23956843105785142,1.011532561768,1.1937026653954,0,0
5511,-0.3279167761547229,0.999133119608,1.1937026653954,0,0
5512,-0.31852066505578247,0.998389157563,1.1937026653954,0,0
5513,-0.3162751228493268,0.99021384743,1.1937026653954,0,0
5514,-0.3219546425248896,0.996634530533,1.1937026653954,0,0
5515,-0.31871289759935273,0.996076220471,1.1937026653954,0,0
5516,-0.3134074055637558,1.001564003146,1.1937026653954,0,0
5517,-0.33102747950446676,1.001009589638,1.1937026653954,0,0
5518,-0.3252852204486336,0.990652429204,1.1937026653954,0,0
5519,-0.3229860572910328,0.998098184095,1.1937026653954,0,0
5520,0.008675009666108346,0.991550977793,1.1937026653954,0,0
5521,-0.32333737488110204,1.002511750051,1.1937026653954,0,0
5522,-0.3156153844301045,0.989749747205,1.1937026653954,0,0
5523,-0.31478296934361194,0.986360373058,1.1937026653954,0,0
5524,-0.322361014781375,0.98661680208,1.1937026653954,0,0
5525,-0.31990093142172826,0.988519720047,1.1937026653954,0,0
5526,-0.3245099245785479,0.980878551608,1.1937026653954,0,0
5527,-0.32537829724404366,0.988186042095,1.1937026653954,0,0
5528,-0.32519667419348064,0.983244639943,1.1937026653954,0,0
5529,-0.31656851834243704,0.98569587687,1.1937026653954,0,0
5530,0.24644877329600923,0.983257616183,1.1937026653954,0,0
5531,-0.3274969269746876,0.994054189442,1.1937026653954,0,0
5532,-0.3219639329998474,0.982202418059,1.1937026653954,0,0
5533,-0.31805442084956925,0.985193235418,1.1937026653954,0,0
5534,-0.3275788207909819,0.978057959587,1.1937026653954,0,0
5535,-0.32196410504567985,0.985739174881,1.1937026653954,0,0
5536,-0.3321522578090743,0.984904427964,1.1937026653954,0,0
5537,-0.3350753165041158,0.985597437602,1.1937026653954,0,0
5538,-0.32973415363256997,0.987112826911,1.1937026653954,0,0
5539,-0.2907736293194544,0.985761521475,1.1937026653954,0,0
5540,0.2542524281688576,0.995707719858,1.1937026653954,0,0
5541,-0.3279017508186801,0.991432180111,1.1937026653954,0,0
5542,-0.3240697739902716,0.993976695957,1.1937026653954,0,0
5543,-0.322995175720158,0.981197772066,1.1937026653954,0,0
5544,-0.32197563211646085,0.989401091099,1.1937026653954,0,0
5545,-0.3217541517813568,0.983746806278,1.1937026653954,0,0
5546,-0.3245349285728787,0.988534997568,1.1937026653954,0,0
5547,-0.31607342778496617,0.986782004382,1.1937026653954,0,0
5548,-0.31721518127838544,0.987422296839,1.1937026653954,0,0
5549,-0.31287262976757646,0.990342385395,1.1937026653954,0,0
5550,-0.31294299651308977,0.994172614026,1.1937026653954,0,0
5551,0.03495019330496252,0.993237128434,1.1937026653954,0,0
5552,-0.04486811941403024,0.99725537944,1.1937026653954,0,0
5553,-0.3334718493447405,0.983399324569,1.1937026653954,0,0
5554,-0.32806238427767187,0.991006087584,1.1937026653954,0,0
5555,-0.3335458864013483,0.976502955484,1.1937026653954,0,0
5556,-0.3317712909871956,0.98924615999,1.1937026653954,0,0
5557,-0.33695847283860825,0.974365990322,1.1937026653954,0,0
5558,-0.3283163239265172,0.989026423946,1.1937026653954,0,0
5559,-0.33176532673166714,0.982326303895,1.1937026653954,0,0
5560,-0.33692475185542825,0.995208705559,1.1937026653954,0,0
5561,0.2281057054183082,0.988362579866,1.1937026653954,0,0
5562,-0.3343690110128832,0.999685927109,1.1937026653954,0,0
5563,0.17876594277044489,0.992574771771,1.1937026653954,0,0
5564,-0.33321595984312635,1.003080089898,1.1937026653954,0,0
5565,-0.32955981385558497,0.991394592359,1.1937026653954,0,0
5566,-0.2624643478023496,1.004120420271,1.1937026653954,0,0
5567,0.6628108136999409,1.068053119566,1.1937026653954,0,0
5568,0.17776899451942274,1.098137370546,1.1937026653954,0,0
5569,0.18484661597890573,1.154739999573,1.1937026653954,0,0
5570,0.18103224517402827,1.107160816486,1.1937026653954,0,0
5571,0.1732023246374106,1.179251373021,1.1937026653954,0,0
5572,0.16918734839177874,1.109598142548,1.1937026653954,0,0
5573,0.22755183253471567,1.201042077726,1.1937026653954,1,0
5574,-0.23411532369792565,1.111274139234,1.1937026653954,0,0
5575,-0.07917790078162712,1.201015343135,1.1937026653954,1,0
5576,-0.32590739552774883,1.125611373088,1.1937026653954,0,0
5577,-0.2953233240126548,1.165669736718,1.1937026653954,0,0
5578,-0.32562741960957753,1.136863064007,1.1937026653954,0,0
5579,-0.32701015196579,1.188585371629,1.1937026653954,0,0
5580,-0.32793822453518096,1.104617156077,1.1937026653954,0,0
5581,-0.33102157259754916,1.189580303118,1.1937026653954,0,0
5582,-0.33114911590808027,1.137388307683,1.1937026653954,0,0
5583,-0.3273399638267902,1.200017360906,1.1937026653954,1,0
5584,0.24716161652887902,1.18550061562,1.1937026653954,0,0
5585,-0.3161518806846094,1.235860484819,1.1937026653954,1,0
5586,-0.321816547069962,1.18290870223,1.1937026653954,0,0
5587,-0.31011817598843483,1.206400865067,1.1937026653954,1,0
5588,-0.3099205526754446,1.190703003066,1.1937026653954,0,0
5589,-0.3190252181340437,1.222523491163,1.1937026653954,1,0
5590,-0.30394368045262277,1.177039467293,1.1937026653954,0,0
5591,-0.31368141722639864,1.193240566756,1.1937026653954,0,0
5592,-0.3187093993340909,1.18630112218,1.1937026653954,0,0
5593,-0.3273331966907099,1.218716526203,1.1937026653954,1,0
5594,0.2516460485029317,1.192594268915,1.1937026653954,0,0
5595,-0.31462938976375465,1.237301324068,1.1937026653954,1,0
5596,0.33567655934027063,1.236430037856,1.2965284422411998,0,0
5597,-0.3235417079815618,1.271213883328,1.1937026653954,1,0
5598,-0.30957829616588983,1.233716278116,1.2965284422411998,0,0
5599,0.21891214961289118,1.295665068393,1.2965284422411998,0,0
5600,-0.24221529884303772,1.254491285152,1.2965284422411998,0,0
5601,-0.24058872019348965,1.299389842693,1.2854671116552252,1,0
5602,-0.2598014797547361,1.255813776063,1.2854671116552252,0,0
5603,-0.24554547532650572,1.31570726162,1.2854671116552252,1,0
5604,-0.24943996214074105,1.252090914988,1.2854671116552252,0,0
5605,-0.24204933196323675,1.263791979106,1.2854671116552252,0,0
5606,-0.23848104404751813,1.271650611403,1.367001053022495,0,0
5607,0.2856075517568346,1.304760061965,1.367001053022495,0,0
5608,-0.3154429945058884,1.268172409889,1.367001053022495,0,0
5609,-0.3169381874879783,1.265982918613,1.367001053022495,0,0
5610,-0.3167438903944174,1.286577918011,1.367001053022495,0,0
5611,-0.3154503351280772,1.292159229239,1.367001053022495,0,0
5612,-0.3130867694804915,1.297182314636,1.367001053022495,0,0
5613,-0.31477522728114715,1.240283682774,1.367001053022495,0,0
5614,-0.3272278472925778,1.291610635532,1.2854671116552252,1,0
5615,-0.329686611634175,1.305649879005,1.2854671116552252,1,0
5616,-0.3178433206130291,1.320469240209,1.2854671116552252,1,0
5617,0.24251098828058204,1.282065296226,1.2854671116552252,0,0
5618,-0.3220096971913059,1.331967821976,1.2854671116552252,1,0
5619,-0.319914064253613,1.301654620166,1.2854671116552252,1,0
5620,-0.3315857108824839,1.328535326929,1.2854671116552252,1,0
5621,-0.3218218804907711,1.342695278332,1.2854671116552252,1,0
5622,-0.32368714405867816,1.333184866398,1.2854671116552252,1,0
5623,-0.31889239875131425,1.315364696129,1.2854671116552252,1,0
5624,-0.32444311344690735,1.320240251484,1.2854671116552252,1,0
5625,-0.31503060064526367,1.310846639233,1.2854671116552252,1,0
5626,-0.317046346968042,1.259380526943,1.2854671116552252,0,0
5627,0.25195068432376866,1.306029768419,1.2854671116552252,1,0
5628,-0.3245130214035339,1.284929565037,1.2854671116552252,0,0
5629,-0.3193109862619109,1.313601905709,1.2854671116552252,1,0
5630,-0.32229506387889717,1.266184005544,1.2854671116552252,0,0
5631,-0.31822847388349995,1.202144356064,1.2854671116552252,0,0
5632,-0.3231728990651832,1.173230174542,1.2854671116552252,0,0
5633,-0.3231330417806423,1.181443943314,1.2854671116552252,0,0
5634,-0.3202634893395241,1.150723141075,1.2965284422411998,0,0
5635,-0.31938479392407526,1.167704964214,1.2965284422411998,0,0
5636,-0.3196527839825789,1.11088857983,1.2965284422411998,0,0
5637,0.004396803296673468,1.085713600651,1.2965284422411998,0,0
5638,-0.32078559109270555,1.059094812468,1.2965284422411998,0,0
5639,-0.31152201263344015,1.075328750088,1.2965284422411998,0,0
5640,-0.3162755242896027,1.057302067099,1.2965284422411998,0,0
5641,-0.32592494420266904,1.067051498904,1.2965284422411998,0,0
5642,-0.037048120187089584,1.083627000374,1.2965284422411998,0,0
5643,-0.31394676924880316,1.081080731068,1.2965284422411998,0,0
5644,-0.31999240245603455,1.083375450757,1.2965284422411998,0,0
5645,-0.32939097954524155,1.074669357532,1.2965284422411998,0,0
5646,-0.32457346683937005,1.078434927999,1.2965284422411998,0,0
5647,0.2451489096824757,1.086794245404,1.2965284422411998,0,0
5648,-0.3200187254684148,1.05702809358,1.2965284422411998,0,0
5649,-0.3319209135129041,1.057396288789,1.2965284422411998,0,0
5650,-0.31435950720109307,1.065195614304,1.2965284422411998,0,0
5651,-0.33342528227273005,1.053061683198,1.2965284422411998,0,0
5652,-0.33255822862528384,1.062891229949,1.2965284422411998,0,0
5653,-0.3271958467677233,1.059313011497,1.2965284422411998,0,0
5654,-0.3361184303868726,1.068020235895,1.2965284422411998,0,0
5655,-0.3331462239323323,1.055569995061,1.2965284422411998,0,0
5656,-0.3272204493217782,1.054344729472,1.2965284422411998,0,0
5657,-0.33618621644489766,1.013956708811,1.2965284422411998,0,0
5658,0.24196571768861697,1.03635858326,1.2965284422411998,0,0
5659,-0.34565292368379485,1.023054819511,1.2965284422411998,0,0
5660,0.2496677508230385,1.022823793155,1.2965284422411998,0,0
5661,-0.32738595741269216,1.029840877206,1.2965284422411998,0,0
5662,-0.33347867382943175,1.027580002777,1.2965284422411998,0,0
5663,-0.32141006011625484,1.014123446479,1.2965284422411998,0,0
5664,0.4655209255331729,1.07301556991,1.2965284422411998,0,0
5665,0.18480784831797092,1.070660057411,1.2965284422411998,0,0
5666,-0.24147137266308716,1.116687358677,1.2965284422411998,0,0
5667,-0.02016468915275116,1.073098572624,1.2965284422411998,0,0
5668,-0.2548580868480481,1.136442100991,1.2965284422411998,0,0
5669,-0.26360013704024055,1.085393805707,1.2965284422411998,0,0
5670,0.4264144490054431,1.195028972916,1.2965284422411998,0,0
5671,-0.3210503696290016,1.138160691063,1.2965284422411998,0,0
5672,-0.33252490908237975,1.162095272992,1.1937026653954,0,0
5673,-0.3157123035824415,1.147963556988,1.1937026653954,0,0
5674,-0.32665659777989764,1.16320282529,1.1937026653954,0,0
5675,-0.32733893155179494,1.161149361579,1.1937026653954,0,0
5676,-0.32731151891580845,1.188609913443,1.1937026653954,0,0
5677,-0.32187659106552224,1.157336864054,1.1937026653954,0,0
5678,-0.3211985584394388,1.190835787549,1.1937026653954,0,0
5679,-0.3227142248756023,1.152407598541,1.1937026653954,0,0
5680,0.2546671733225274,1.218485121968,1.1937026653954,1,0
5681,-0.3282705023864477,1.149297189573,1.1937026653954,0,0
5682,-0.319254211137169,1.218951356411,1.1937026653954,1,0
5683,-0.31732993584869695,1.171071954957,1.1937026653954,0,0
5684,-0.3295216770293695,1.17778006089,1.1937026653954,0,0
5685,-0.3268987236149078,1.164867443544,1.1937026653954,0,0
5686,-0.3273426592115002,1.19897596592,1.1937026653954,1,0
5687,-0.11124982465662236,1.168674818409,1.1937026653954,0,0
5688,-0.3270404893809298,1.205913804005,1.1937026653954,1,0
5689,-0.32422633569789305,1.163044631376,1.1937026653954,0,0
5690,-0.3218089197047189,1.199283698096,1.1937026653954,1,0
5691,0.25017230390129974,1.148532520333,1.1937026653954,0,0
5692,-0.3251995416240232,1.170575388925,1.1937026653954,0,0
5693,-0.3160831770488107,1.174260542526,1.1937026653954,0,0
5694,-0.31058837724879673,1.200407259061,1.1937026653954,1,0
5695,-0.31226760192310543,1.171110948576,1.1937026653954,0,0
5696,-0.30972900831520445,1.231292610176,1.1937026653954,1,0
5697,-0.31787795917398276,1.184557696717,1.1937026653954,0,0
5698,-0.31275099336396284,1.222460238226,1.1937026653954,1,0
5699,-0.31297098263518475,1.171841159242,1.1937026653954,0,0
5700,-0.31382708269795856,1.205532494406,1.1937026653954,1,0
5701,0.05064306717804801,1.158601807142,1.1937026653954,0,0
5702,-0.31369994082770336,1.155560879711,1.1937026653954,0,0
5703,-0.31493832673040545,1.153531360696,1.1937026653954,0,0
5704,-0.31334340451404685,1.178229743731,1.1937026653954,0,0
5705,-0.10965845805413643,1.128990728022,1.2965284422411998,0,0
5706,0.05734884024477771,1.168884500999,1.2965284422411998,0,0
5707,-0.32117217807844767,1.139348770734,1.1937026653954,0,0
5708,0.5601314521918468,1.258237311876,1.2965284422411998,0,0
5709,0.0026988256266167188,1.214074570788,1.2965284422411998,0,0
5710,0.0026988256266167188,1.217090806571,1.2965284422411998,0,0
5711,-0.21913093456328514,1.237011775248,1.2965284422411998,0,0
5712,-0.24357038916882023,1.197432792482,1.2965284422411998,0,0
5713,-0.23077631552838662,1.241079398733,1.2854671116552252,0,0
5714,-0.26128606324381864,1.166425636289,1.2854671116552252,0,0
5715,-0.3000643910202627,1.22094085712,1.2854671116552252,0,0
5716,0.25974665448276313,1.208385500105,1.2854671116552252,0,0
5717,-0.32453246258261215,1.222819622542,1.2854671116552252,0,0
5718,-0.321044462722084,1.255586442077,1.2854671116552252,0,0
5719,-0.31694765000876857,1.247265910868,1.2854671116552252,0,0
5720,-0.3129380071839458,1.261622694411,1.2854671116552252,0,0
5721,-0.31070227158994557,1.224349298046,1.2854671116552252,0,0
5722,-0.311509051847388,1.20267126144,1.2854671116552252,0,0
5723,-0.3109098162126128,1.179485998374,1.367001053022495,0,0
5724,-0.31404724401501294,1.195289099596,1.2854671116552252,0,0
5725,-0.3190821079560072,1.166218484676,1.2854671116552252,0,0
5726,0.2520009217068735,1.213285818388,1.367001053022495,0,0
5727,-0.3173133047515504,1.162168291434,1.367001053022495,0,0
5728,-0.31471902564251375,1.13931732646,1.2854671116552252,0,0
5729,-0.32022409084386994,1.091968940292,1.2854671116552252,0,0
5730,-0.3112173768126032,1.121905613123,1.2854671116552252,0,0
5731,-0.3191069972531162,1.090257901792,1.2854671116552252,0,0
5732,-0.10521204820907748,1.11807219329,1.2854671116552252,0,0
5733,-0.31647383578592314,1.094904606125,1.2854671116552252,0,0
5734,-0.26517917369139365,1.10497828144,1.2854671116552252,0,0
5735,-0.32257957033732565,1.064342289317,1.2854671116552252,0,0
5736,0.04769993646920878,1.10659859704,1.2854671116552252,0,0
5737,-0.3220294824620493,1.064443163046,1.2854671116552252,0,0
5738,-0.3301578451695323,1.107278728819,1.2854671116552252,0,0
5739,-0.3284119814094155,1.068388008076,1.2854671116552252,0,0
5740,-0.3362875514402702,1.089937397264,1.2854671116552252,0,0
5741,-0.3287942672493439,1.053031969499,1.2854671116552252,0,0
5742,-0.3253891934801053,1.090631885926,1.2854671116552252,0,0
5743,-0.32776807120678797,1.053187632936,1.2854671116552252,0,0
5744,-0.33255387013085924,1.048981941031,1.2854671116552252,0,0
5745,-0.32779898210803626,1.029433840442,1.2854671116552252,0,0
5746,-0.3349477731935847,1.048652646736,1.2854671116552252,0,0
5747,0.05604610920070141,1.026787451232,1.2854671116552252,0,0
5748,-0.331126979344292,1.041634848776,1.2854671116552252,0,0
5749,-0.3275594369605145,1.039713182205,1.2854671116552252,0,0
5750,-0.3346312662103017,1.037578711366,1.2854671116552252,0,0
5751,-0.11981604400794765,1.040069649897,1.2854671116552252,0,0
5752,-0.3327709919715386,1.041788566423,1.2854671116552252,0,0
5753,-0.329472816012925,1.043614700641,1.2854671116552252,0,0
5754,-0.3343512902921304,1.044095756077,1.2854671116552252,0,0
5755,-0.32837034631793816,1.014659376753,1.2854671116552252,0,0
5756,0.4849147346588738,1.102119173867,1.2854671116552252,0,0
5757,-0.33893648377544716,1.084556248844,1.2854671116552252,0,0
5758,-0.33548409740225704,1.122100675872,1.2854671116552252,0,0
5759,0.5290267126388424,1.155716839141,1.2854671116552252,0,0
5760,0.1749245034212461,1.191016485637,1.2854671116552252,0,0
5761,0.01496867561526738,1.191303449692,1.2854671116552252,0,0
5762,-0.2480819470358051,1.200286520001,1.2854671116552252,0,0
5763,-0.25360501970096827,1.190909265656,1.2854671116552252,0,0
5764,-0.2606229412565563,1.210517119627,1.2854671116552252,0,0
5765,-0.254599501961724,1.169984649346,1.2854671116552252,0,0
5766,-0.24969155049654146,1.18332325463,1.2854671116552252,0,0
5767,0.5911611797618588,1.176215162121,1.367001053022495,0,0
5768,-0.33383578362919675,1.228146873653,1.2854671116552252,0,0
5769,-0.32422295212985286,1.176886240784,1.2854671116552252,0,0
5770,-0.3237980562720627,1.251175026818,1.2854671116552252,0,0
5771,-0.33546006833431075,1.191252288225,1.2854671116552252,0,0
5772,-0.32801449818761186,1.173230276473,1.2965284422411998,0,0
5773,-0.32795072653234625,1.127905554108,1.2965284422411998,0,0
5774,-0.3330575629799577,1.150232339394,1.2965284422411998,0,0
5775,-0.3275835807256825,1.121314945715,1.2965284422411998,0,0
5776,-0.3404203790811996,1.164907341678,1.2965284422411998,0,0
5777,0.241439945624341,1.111078377155,1.2965284422411998,0,0
5778,-0.32830978618488027,1.159960112186,1.1937026653954,0,0
5779,-0.3284376162384657,1.110563292421,1.1937026653954,0,0
5780,-0.3357827116189548,1.15253641936,1.1937026653954,0,0
5781,-0.3359453522793263,1.100077681281,1.1937026653954,0,0
5782,-0.32909597829102744,1.166149624944,1.1937026653954,0,0
5783,-0.3319018164254909,1.091132025192,1.1937026653954,0,0
5784,-0.33247753912981737,1.14752899915,1.1937026653954,0,0
5785,-0.3254060539716953,1.093812056067,1.1937026653954,0,0
5786,-0.3330312973161883,1.133257389863,1.1937026653954,0,0
5787,0.24389779238816467,1.088358305508,1.1937026653954,0,0
5788,-0.33432410705058735,1.155472517908,1.1937026653954,0,0
5789,-0.3332383831499688,1.103473016395,1.1937026653954,0,0
5790,-0.33402583692555476,1.142481648459,1.1937026653954,0,0
5791,-0.3301408126321097,1.097134911135,1.1937026653954,0,0
5792,-0.325667104848286,1.141980990566,1.1937026653954,0,0
5793,-0.3208790693283916,1.085589459122,1.1937026653954,0,0
5794,-0.3247363942427959,1.149560889041,1.1937026653954,0,0
5795,-0.3153018022259748,1.087873231168,1.1937026653954,0,0
5796,-0.31399918587912035,1.139534248362,1.1937026653954,0,0
5797,0.014814751943745152,1.078805409017,1.1937026653954,0,0
5798,-0.32382609974276855,1.078902392379,1.1937026653954,0,0
5799,-0.3234838432332138,1.083802831874,1.1937026653954,0,0
5800,-0.3126953078628272,1.150036077853,1.1937026653954,0,0
5801,0.40538161658163974,1.172086450686,1.1937026653954,0,0
5802,-0.32137995209555836,1.226372335722,1.1937026653954,1,0
5803,0.550452612441414,1.213714375075,1.1937026653954,1,0
5804,-0.007421369032920011,1.262184950464,1.1937026653954,1,0
5805,-0.09821947473948534,1.245705784863,1.1937026653954,1,0
5806,-0.1128518581007264,1.255225336081,1.1937026653954,1,0
5807,-0.10984019580192117,1.219049422423,1.1937026653954,1,0
5808,-0.1329068967095317,1.242196092264,1.1937026653954,1,0
5809,-0.13228139541098716,1.275301219034,1.1937026653954,1,0
5810,0.4213423084673962,1.347103166698,1.1937026653954,1,0
5811,-0.2958601643588248,1.285292038439,1.1937026653954,1,0
5812,-0.3191269545696922,1.311372513672,1.1937026653954,1,0
5813,-0.3221138422686102,1.300236551319,1.1937026653954,1,0
5814,-0.3240982762498642,1.286689132397,1.1937026653954,1,0
5815,-0.30168133510318795,1.307985851593,1.1937026653954,1,0
5816,-0.3144755234408433,1.308655559056,1.1937026653954,1,0
5817,-0.3087371067419371,1.27884297011,1.1937026653954,1,0
5818,-0.31491613281800634,1.313345547354,1.1937026653954,1,0
5819,-0.3137628522538062,1.307262073525,1.1937026653954,1,0
5820,-0.32473111817059763,1.284519190599,1.1937026653954,1,0
5821,0.23709498547187646,1.267243253522,1.1937026653954,1,0
5822,-0.32633022683554835,1.269264616147,1.1937026653954,1,0
5823,-0.3163415898893023,1.228350012138,1.1937026653954,1,0
5824,-0.31194948917871856,1.223444289133,1.1937026653954,1,0
5825,-0.3166338957588064,1.196043434153,1.1937026653954,1,0
5826,-0.31242026392518896,1.22021758938,1.1937026653954,1,0
5827,-0.3208315846786075,1.206226591138,1.1937026653954,1,0
5828,-0.31659283415343764,1.209928202653,1.1937026653954,1,0
5829,-0.3173754132971013,1.213080763263,1.1937026653954,1,0
5830,-0.3267011576505283,1.220967811492,1.1937026653954,1,0
5831,0.108853512952241,1.173151092866,1.1937026653954,0,0
5832,-0.31469866688566195,1.183648745086,1.1937026653954,0,0
5833,-0.33376105838925874,1.180356513145,1.1937026653954,0,0
5834,-0.33352684666254595,1.179980077087,1.1937026653954,0,0
5835,-0.3283486685430368,1.174102999631,1.1937026653954,0,0
5836,-0.33582434671043204,1.185521731403,1.1937026653954,0,0
5837,-0.33195750192662654,1.171663571047,1.1937026653954,0,0
5838,-0.3303161273354792,1.172746514602,1.1937026653954,0,0
5839,-0.33397502605634133,1.174455568723,1.1937026653954,0,0
5840,-0.3324476031549536,1.181165243361,1.1937026653954,0,0
5841,0.09117316562152644,1.153857380631,1.1937026653954,0,0
5842,-0.325353637341378,1.169847251352,1.1937026653954,0,0
5843,-0.33473122483901385,1.1652909989,1.1937026653954,0,0
5844,-0.32637857171449525,1.147104299509,1.1937026653954,0,0
5845,-0.1459642578223792,1.141865439701,1.1937026653954,0,0
5846,-0.3372124124874536,1.177529265824,1.1937026653954,0,0
5847,-0.3362680529125811,1.153309231736,1.1937026653954,0,0
5848,-0.3289710156679846,1.173846811475,1.1937026653954,0,0
5849,-0.33756871940666666,1.150695484533,1.1937026653954,0,0
5850,-0.3337285417269066,1.149238090892,1.1937026653954,0,0
5851,-0.011623531144367427,1.108548840522,1.1937026653954,0,0
5852,-0.3300328825464893,1.085428548878,1.1937026653954,0,0
5853,-0.3349184107048293,1.080793072407,1.1937026653954,0,0
5854,-0.33378027017389367,1.089498131351,1.1937026653954,0,0
5855,-0.3289062690863346,1.091640173862,1.1937026653954,0,0
5856,0.5584610018549983,1.197654637427,1.2965284422411998,0,0
5857,0.03798393481894524,1.243924941225,1.2965284422411998,0,0
5858,-0.07505545323926177,1.209100252263,1.2965284422411998,0,0
5859,-0.24743889706234035,1.240541632615,1.2965284422411998,0,0
5860,-0.253976409304835,1.207019249101,1.2965284422411998,0,0
5861,-0.26638005360259964,1.203394610966,1.2965284422411998,0,0
5862,0.3642471784770205,1.225624013642,1.2965284422411998,0,0
5863,-0.32200430642188593,1.194631458358,1.2965284422411998,0,0
5864,-0.321491609840884,1.215450494866,1.2965284422411998,0,0
5865,-0.32933758798853996,1.179598410403,1.2965284422411998,0,0
5866,-0.20086804004355285,1.139028931318,1.2965284422411998,0,0
5867,-0.33452838280243624,1.088965810966,1.2965284422411998,0,0
5868,-0.33314094786013404,1.109220266762,1.2965284422411998,0,0
5869,-0.32194454916938,1.089113967036,1.1937026653954,0,0
5870,-0.3338134750195759,1.105618214462,1.1937026653954,0,0
5871,-0.3237069293294216,1.0782890766,1.1937026653954,0,0
5872,0.2312278784902222,1.091884509285,1.1937026653954,0,0
5873,-0.3326618002164795,1.074055747934,1.1937026653954,0,0
5874,-0.3334771827655496,1.042501957977,1.1937026653954,0,0
5875,-0.3290427587801583,1.041704490153,1.1937026653954,0,0
5876,-0.335171834216177,1.041805845414,1.1937026653954,0,0
5877,-0.3317657855205539,1.046236830323,1.1937026653954,0,0
5878,-0.31989685967035786,1.041231398309,1.1937026653954,0,0
5879,-0.33773032779204293,1.042880464838,1.1937026653954,0,0
5880,-0.3275568562730262,1.032258885629,1.1937026653954,0,0
5881,-0.3363203548456766,1.045005204318,1.1937026653954,0,0
5882,0.2392991219812981,1.039895827798,1.1937026653954,0,0
5883,-0.33337796966877853,1.054675606202,1.1937026653954,0,0
5884,-0.333029863600917,1.037149496154,1.1937026653954,0,0
5885,-0.335200967310489,1.03388039344,1.1937026653954,0,0
5886,-0.3315112723856002,1.030785502514,1.1937026653954,0,0
5887,-0.3279753864350119,1.030799415642,1.1937026653954,0,0
5888,-0.32627459868302355,1.037724670849,1.1937026653954,0,0
5889,-0.3185406797209692,1.037475567339,1.1937026653954,0,0
5890,-0.32568207283571793,1.023889917006,1.1937026653954,0,0
5891,-0.3350095949960814,1.026606292959,1.1937026653954,0,0
5892,-0.33169255134449804,1.034918598809,1.1937026653954,0,0
5893,0.23249929719277396,1.062153091804,1.1937026653954,0,0
5894,-0.33354129851248027,1.048724781653,1.1937026653954,0,0
5895,-0.3341152434098704,1.072727622452,1.1937026653954,0,0
5896,-0.3255726516862155,1.047903387918,1.1937026653954,0,0
5897,0.28792982640460796,1.100239904199,1.1937026653954,0,0
5898,-0.3308117913790586,1.069511379267,1.1937026653954,0,0
5899,0.5322844578268064,1.165497052912,1.1937026653954,0,0
5900,0.17243626189367167,1.158236381155,1.1937026653954,0,0
5901,-0.25294361817203137,1.227302264612,1.1937026653954,1,0
5902,-0.24419336712848738,1.173657710829,1.1937026653954,0,0
5903,-0.3111434544532171,1.209871714747,1.1937026653954,1,0
5904,-0.3153102324717698,1.208899917842,1.1937026653954,1,0
5905,-0.3090345166378069,1.239466524668,1.1937026653954,1,0
5906,-0.3128278978511132,1.225502683125,1.1937026653954,1,0
5907,0.3726121615528719,1.257015238316,1.1937026653954,1,0
5908,-0.3239961957225507,1.251090574433,1.1937026653954,1,0
5909,-0.31603804369207145,1.247728363846,1.1937026653954,1,0
5910,-0.3290588163911965,1.266492394673,1.1937026653954,1,0
5911,-0.31587603386641927,1.243634068561,1.1937026653954,1,0
5912,-0.32299810049931144,1.250369058341,1.1937026653954,1,0
5913,-0.32310964354741534,1.243099443487,1.1937026653954,1,0
5914,-0.3131863840175386,1.252430418907,1.1937026653954,1,0
5915,-0.310619288150045,1.228595480404,1.1937026653954,1,0
5916,-0.319622848007715,1.242077288302,1.1937026653954,1,0
5917,0.25054908427458655,1.20863378558,1.1937026653954,1,0
5918,-0.3220338983050848,1.239050845507,1.1937026653954,1,0
5919,-0.31379731876892725,1.189542000456,1.1937026653954,0,0
5920,-0.32627935861772417,1.18349841923,1.1937026653954,0,0
5921,-0.3254348429743421,1.139666391,1.1937026653954,0,0
5922,-0.320668944018236,1.15287717627,1.1937026653954,0,0
5923,-0.3223755239799202,1.146112531712,1.1937026653954,0,0
5924,-0.31818534772814056,1.151483518682,1.1937026653954,0,0
5925,-0.317521881649213,1.15540242394,1.1937026653954,0,0
5926,-0.3180269508649719,1.118462380323,1.1937026653954,0,0
5927,-0.3184661265268638,1.144407210458,1.1937026653954,0,0
5928,-0.00015598822151297043,1.13320148148,1.1937026653954,0,0
5929,-0.32677708721129417,1.139984664848,1.1937026653954,0,0
5930,-0.3276661627253069,1.135335654818,1.1937026653954,0,0
5931,-0.3229137406927506,1.139377138186,1.1937026653954,0,0
5932,-0.31923001002339024,1.130851282771,1.1937026653954,0,0
5933,-0.3242516837838889,1.136088553651,1.1937026653954,0,0
5934,-0.31792435420016063,1.120230356732,1.1937026653954,0,0
5935,-0.3109959538261101,1.105721880464,1.1937026653954,0,0
5936,-0.3118564697319194,1.112152365784,1.1937026653954,0,0
5937,-0.311955453434247,1.09907701023,1.1937026653954,0,0
5938,0.24062272791972394,1.111805185905,1.1937026653954,0,0
5939,-0.31591864388428104,1.103698609733,1.2965284422411998,0,0
5940,-0.31537452026453305,1.105999701599,1.2965284422411998,0,0
5941,-0.31797057718050603,1.107272504204,1.2965284422411998,0,0
5942,-0.11364745537905308,1.124913656889,1.2965284422411998,0,0
5943,-0.3213914218177285,1.10681250617,1.2965284422411998,0,0
5944,-0.32251734709455304,1.103180579377,1.2965284422411998,0,0
5945,-0.32486061133389776,1.058998440468,1.2965284422411998,0,0
5946,-0.33575707678990463,1.068628333413,1.2965284422411998,0,0
5947,-0.33049775038604223,1.067085974891,1.2965284422411998,0,0
5948,0.23263337824494212,1.071105896805,1.2965284422411998,0,0
5949,0.14771155529776725,1.105061916169,1.2965284422411998,0,0
5950,-0.33304121862586533,1.091345094425,1.2965284422411998,0,0
5951,0.5333551563913823,1.170862735696,1.2965284422411998,0,0
5952,0.17672926420470603,1.135657109159,1.2965284422411998,0,0
5953,-0.23964608107694274,1.158157607091,1.2965284422411998,0,0
5954,-0.26338766043704,1.161784383636,1.2965284422411998,0,0
5955,-0.2623682888791753,1.173110573962,1.2965284422411998,0,0
5956,-0.1579571713692337,1.144694720514,1.2854671116552252,0,0
5957,-0.2624071712373318,1.168227208189,1.2854671116552252,0,0
5958,-0.26001183445933507,1.124033170474,1.2854671116552252,0,0
5959,0.430393410323461,1.185609556836,1.2854671116552252,0,0
5960,-0.32920637436691436,1.151451475285,1.2854671116552252,0,0
5961,-0.32379559028179616,1.168428568109,1.2854671116552252,0,0
5962,-0.33122711001883676,1.153887756652,1.2854671116552252,0,0
5963,-0.2904136520891468,1.125275917573,1.2854671116552252,0,0
5964,-0.33485286124262736,1.054860158352,1.2854671116552252,0,0
5965,-0.3336325401523431,1.120400125233,1.2965284422411998,0,0
5966,-0.3284444407231568,1.058110370067,1.2965284422411998,0,0
5967,-0.33742167756844643,1.108187545734,1.2965284422411998,0,0
5968,-0.3339760583313367,1.056355343241,1.2965284422411998,0,0
5969,0.23446360181161974,1.08969495054,1.2965284422411998,0,0
5970,-0.33215472379934086,1.061933870131,1.2965284422411998,0,0
5971,-0.3366330768206435,1.073075622865,1.2965284422411998,0,0
5972,-0.32833513427087613,1.059171752095,1.2965284422411998,0,0
5973,-0.33264614404571735,1.076506661912,1.2965284422411998,0,0
5974,-0.3350653378458279,1.062426046181,1.2965284422411998,0,0
5975,-0.32081827980089017,1.072780774298,1.2965284422411998,0,0
5976,-0.32747306995257386,1.059280592002,1.2965284422411998,0,0
5977,-0.3303459486131214,1.071442646618,1.2965284422411998,0,0
5978,-0.3286945380150751,1.054536080179,1.1937026653954,0,0
5979,0.23135278376465407,1.07597011989,1.1937026653954,0,0
5980,-0.3361375848228966,1.066754658172,1.1937026653954,0,0
5981,-0.3294070945048905,1.047311815971,1.1937026653954,0,0
5982,-0.33008243174626406,1.040317918436,1.1937026653954,0,0
5983,-0.3325172243685258,1.035842375374,1.1937026653954,0,0
5984,-0.32749904887328907,1.043048675399,1.1937026653954,0,0
5985,-0.32803204686253207,1.031840686756,1.1937026653954,0,0
5986,-0.33250976904911533,1.039048287468,1.1937026653954,0,0
5987,-0.3184535671810875,1.026765861384,1.1937026653954,0,0
5988,-0.3311268646470703,1.033817558742,1.1937026653954,0,0
5989,0.24566206505236443,1.037800177718,1.1937026653954,0,0
5990,-0.33572616588865634,1.040013310533,1.1937026653954,0,0
5991,-0.3285532310379399,1.044486684057,1.1937026653954,0,0
5992,-0.32801168810568015,1.040968890674,1.1937026653954,0,0
5993,-0.13908689771198546,1.053022515979,1.1937026653954,0,0
5994,-0.33758884876907513,1.058608579841,1.1937026653954,0,0
5995,-0.33107490680564,1.062821580198,1.1937026653954,0,0
5996,0.3646928918805492,1.102941126087,1.1937026653954,0,0
5997,-0.33518554053417016,1.098633896655,1.1937026653954,0,0
5998,0.5461204983777799,1.207824710949,1.1937026653954,1,0
5999,-0.1300832805057046,1.144225153391,1.1937026653954,0,0
6000,-0.31377271621487246,1.243536982196,1.1937026653954,1,0
6001,-0.21840008386660847,1.165921087949,1.1937026653954,0,0
6002,-0.3107634625577228,1.230987080991,1.1937026653954,1,0
6003,-0.29931627839172015,1.185033614072,1.1937026653954,0,0
6004,-0.30279091602592023,1.239322633526,1.1937026653954,1,0
6005,-0.3049001979329955,1.188866072607,1.1937026653954,0,0
6006,0.24302896093378212,1.244630173942,1.1937026653954,1,0
6007,-0.32817983423269337,1.210347976853,1.1937026653954,1,0
6008,-0.3186371974330303,1.23448557968,1.1937026653954,1,0
6009,-0.32959342014154325,1.201536463401,1.1937026653954,1,0
6010,-0.3202741561811423,1.256599173857,1.1937026653954,1,0
6011,-0.3242252460742868,1.194146523318,1.1937026653954,1,0
6012,-0.31944707451545873,1.239645280063,1.1937026653954,1,0
6013,-0.32876765749390935,1.187721582727,1.1937026653954,0,0
6014,-0.3245613089338698,1.204764558335,1.1937026653954,1,0
6015,-0.3243739510222218,1.115861829372,1.1937026653954,0,0
6016,0.06440317816825547,1.145161921134,1.1937026653954,0,0
6017,-0.31138477740767534,1.097717299217,1.1937026653954,0,0
6018,-0.31576168073638367,1.14331852251,1.1937026653954,0,0
6019,-0.32629467069682117,1.103752238604,1.1937026653954,0,0
6020,-0.3202793749047296,1.122373134295,1.1937026653954,0,0
6021,-0.3233104783826132,1.094272822137,1.1937026653954,0,0
6022,-0.31285244305655713,1.118176193455,1.1937026653954,0,0
6023,-0.32139503478021203,1.056810112487,1.1937026653954,0,0
6024,-0.31814571983804296,1.101613736962,1.1937026653954,0,0
6025,-0.3178988340683323,1.051153181025,1.1937026653954,0,0
6026,0.24550515925307792,1.127775143717,1.1937026653954,0,0
6027,-0.3191816077958325,1.079822999872,1.1937026653954,0,0
6028,-0.32382214268861986,1.12932552817,1.1937026653954,0,0
6029,-0.3141009223147688,1.101191116994,1.1937026653954,0,0
6030,-0.3160629903377914,1.12700896436,1.1937026653954,0,0
6031,-0.31532325060643285,1.086256176775,1.1937026653954,0,0
6032,-0.3168592184508374,1.116657901268,1.1937026653954,0,0
6033,-0.3185689525861184,1.077377355731,1.1937026653954,0,0
6034,-0.3086671414366997,1.104779915121,1.1937026653954,0,0
6035,-0.31103282898288687,1.077522053539,1.1937026653954,0,0
6036,0.2328475179578573,1.140046994974,1.1937026653954,0,0
6037,-0.3252147390058986,1.113254962085,1.1937026653954,0,0
6038,-0.31402843367065403,1.151632663696,1.2965284422411998,0,0
6039,-0.31428168513616916,1.104769979613,1.2965284422411998,0,0
6040,-0.3224379192685254,1.128394836293,1.2965284422411998,0,0
6041,-0.3266356081883264,1.121623539344,1.2965284422411998,0,0
6042,-0.3335106170056753,1.150855298726,1.2965284422411998,0,0
6043,-0.3331581524433892,1.107387745041,1.2965284422411998,0,0
6044,-0.32245397687956345,1.12607216389,1.2965284422411998,0,0
6045,-0.3345968570437915,1.095305043176,1.2965284422411998,0,0
6046,0.5314987818581569,1.179126234418,1.2965284422411998,0,0
6047,-0.3291844098489587,1.158582319367,1.2965284422411998,0,0
6048,0.541969835318876,1.296398867127,1.2965284422411998,0,0
6049,0.15750956546154682,1.209452438036,1.2965284422411998,0,0
6050,-0.032356315636202004,1.293603414659,1.2965284422411998,0,0
6051,-0.24726908782561252,1.227215377378,1.2965284422411998,0,0
6052,-0.2528424552224914,1.291703961931,1.2965284422411998,0,0
6053,-0.25917454474092017,1.197798377158,1.2965284422411998,0,0
6054,-0.2526571045122231,1.242653491569,1.2965284422411998,0,0
6055,-0.2597676440743344,1.201983700228,1.2854671116552252,0,0
6056,0.2954920436257764,1.246423063261,1.2854671116552252,0,0
6057,-0.31774026515933107,1.218084556545,1.2854671116552252,0,0
6058,-0.3212318779823429,1.242831252872,1.2854671116552252,0,0
6059,-0.3334622721267285,1.211124540415,1.2854671116552252,0,0
6060,-0.32850379653538686,1.226189200872,1.2965284422411998,0,0
6061,-0.3425738767672405,1.192945680944,1.2965284422411998,0,0
6062,-0.33518754773554993,1.12288677,1.2965284422411998,0,0
6063,-0.3265585890039544,1.111381332716,1.2965284422411998,0,0
6064,-0.3230403090768973,1.124196662483,1.2965284422411998,0,0
6065,-0.331645812226655,1.095962282226,1.2965284422411998,0,0
6066,-0.33942962448014924,1.125124716072,1.2965284422411998,0,0
6067,0.15675933093440264,1.103196187453,1.2965284422411998,0,0
6068,-0.3246773825222309,1.12844613741,1.2965284422411998,0,0
6069,-0.3324303985716984,1.101652673974,1.2965284422411998,0,0
6070,-0.3301424757418243,1.093554183189,1.1937026653954,0,0
6071,-0.33058440413703705,1.06970117592,1.1937026653954,0,0
6072,-0.3312257910007872,1.093401080304,1.1937026653954,0,0
6073,-0.3334097981478005,1.064707494916,1.1937026653954,0,0
6074,-0.3272177539370682,1.092005998383,1.1937026653954,0,0
6075,-0.3321504226535271,1.066600436011,1.1937026653954,0,0
6076,-0.3348286601288486,1.087795557652,1.1937026653954,0,0
6077,0.2449075867280175,1.063373791717,1.1937026653954,0,0
6078,-0.32900393377061266,1.084679729211,1.1937026653954,0,0
6079,-0.33308560645066354,1.061073745796,1.1937026653954,0,0
6080,-0.3354859899064151,1.06660131395,1.1937026653954,0,0
6081,-0.3222110481640015,1.061250945507,1.1937026653954,0,0
6082,-0.3312072673994825,1.072191552771,1.1937026653954,0,0
6083,-0.329140595510269,1.058425526761,1.1937026653954,0,0
6084,-0.32952110354326103,1.069038395376,1.1937026653954,0,0
6085,-0.33273337128282077,1.057373231627,1.1937026653954,0,0
6086,-0.32691701782176896,1.062679291129,1.1937026653954,0,0
6087,0.23268315683916008,1.059368103715,1.1937026653954,0,0
6088,-0.33700991454254103,1.068599613499,1.1937026653954,0,0
6089,-0.33256637212802453,1.055913329809,1.1937026653954,0,0
6090,-0.3294553820352265,1.056496793011,1.1937026653954,0,0
6091,-0.046260199593811224,1.054224190923,1.1937026653954,0,0
6092,-0.33884547153002764,1.066377529563,1.1937026653954,0,0
6093,0.4488639068144715,1.109048814009,1.1937026653954,0,0
6094,-0.33379093701551177,1.098878422028,1.1937026653954,0,0
6095,-0.32738767787101775,1.109677113085,1.1937026653954,0,0
6096,-0.3347707953805006,1.119676974097,1.1937026653954,0,0
6097,0.30184626970799355,1.124270155391,1.1937026653954,0,0
6098,-0.2518549694922595,1.116240805603,1.1937026653954,0,0
6099,-0.20162326389984087,1.126033448443,1.1937026653954,0,0
6100,-0.2268725382391935,1.117147895163,1.1937026653954,0,0
6101,-0.23968203865594584,1.112600081846,1.1937026653954,0,0
6102,0.16685062189407085,1.179966358263,1.1937026653954,0,0
6103,0.11459949966777949,1.133594415761,1.1937026653954,0,0
6104,-0.2540140873421637,1.184464780404,1.1937026653954,0,0
6105,-0.3150440202202026,1.123032962915,1.1937026653954,0,0
6106,0.5400385634998801,1.253005186015,1.1937026653954,1,0
6107,0.6648525389434343,1.25247277867,1.1937026653954,1,0
6108,-0.14813020015697465,1.328307204996,1.1937026653954,1,0
6109,-0.2826021404566119,1.2511772608,1.1937026653954,1,0
6110,-0.2994150900482153,1.350435568316,1.1937026653954,1,0
6111,-0.2933809839117648,1.242961202054,1.1937026653954,1,0
6112,-0.30259810999624137,1.259257851606,1.1937026653954,1,0
6113,-0.2969841397828804,1.176676082876,1.1937026653954,0,0
6114,0.3902624582115011,1.287277961717,1.1937026653954,1,0
6115,-0.2988406863619383,1.196007372706,1.1937026653954,1,0
6116,-0.308644775478468,1.271756553811,1.1937026653954,1,0
6117,-0.29202876101652475,1.193954808672,1.1937026653954,1,0
6118,-0.3083909505268445,1.280932082105,1.1937026653954,1,0
6119,-0.30896409254368273,1.180995464818,1.1937026653954,0,0
6120,-0.31280971834147364,1.239353610453,1.1937026653954,1,0
6121,-0.30009610480206295,1.18347463074,1.1937026653954,0,0
6122,-0.301628058243708,1.223986047862,1.1937026653954,1,0
6123,-0.3101665208673817,1.162887613987,1.2965284422411998,0,0
6124,0.02384819042766817,1.211848808695,1.2854671116552252,0,0
6125,-0.3161635798012229,1.167739547045,1.2854671116552252,0,0
6126,-0.29787493575521873,1.18524209849,1.367001053022495,0,0
6127,-0.3031456745326404,1.16869673865,1.367001053022495,0,0
6128,0.5336796348315733,1.220557747834,1.367001053022495,0,0
6129,-0.31329351122260707,1.183170727214,1.367001053022495,0,0
6130,-0.3164874847553055,1.197802813938,1.367001053022495,0,0
6131,-0.3233509091532627,1.173809806108,1.367001053022495,0,0
6132,-0.3237419119820403,1.183069264738,1.367001053022495,0,0
6133,-0.3360098694665329,1.181488808948,1.367001053022495,0,0
6134,0.2298127441688793,1.191838957787,1.367001053022495,0,0
6135,-0.33030695155774314,1.21215140778,1.367001053022495,0,0
6136,-0.1107726842143476,1.199078056686,1.367001053022495,0,0
6137,-0.33800451150051836,1.201676268778,1.367001053022495,0,0
6138,-0.33565746225285764,1.236435518364,1.367001053022495,0,0
6139,-0.3276132299574921,1.237197617017,1.367001053022495,0,0
6140,-0.3309126675855444,1.251085829915,1.367001053022495,0,0
6141,-0.33221769257405454,1.231077293654,1.367001053022495,0,0
6142,-0.3259834397857364,1.247020701781,1.367001053022495,0,0
6143,-0.33605081637468004,1.194502457113,1.367001053022495,0,0
6144,0.23395767236669807,1.229602831417,1.367001053022495,0,0
6145,-0.3347655766569132,1.240668284115,1.367001053022495,0,0
6146,-0.32788093327294143,1.231214441335,1.367001053022495,0,0
6147,-0.33251045723244554,1.225205169322,1.367001053022495,0,0
6148,-0.3325297263656912,1.243320626276,1.367001053022495,0,0
6149,-0.14338053085773905,1.254350862235,1.367001053022495,0,0
6150,-0.3342861996188152,1.256865836256,1.367001053022495,0,0
6151,-0.33807854855712616,1.256443983971,1.367001053022495,0,0
6152,-0.3378458852429064,1.226484137013,1.367001053022495,0,0
6153,-0.3401480878768822,1.245482856749,1.367001053022495,0,0
6154,-0.3325012814547095,1.252007597687,1.367001053022495,0,0
6155,0.22422343385818388,1.253537470882,1.367001053022495,0,0
6156,-0.3377003344685682,1.218302930824,1.367001053022495,0,0
6157,-0.3371291996531097,1.21715305326,1.367001053022495,0,0
6158,-0.3335017853196044,1.198390146198,1.367001053022495,0,0
6159,-0.341646377683958,1.239876230535,1.367001053022495,0,0
6160,-0.3346364849338891,1.216922576321,1.367001053022495,0,0
6161,-0.33270119871213377,1.260975028778,1.367001053022495,0,0
6162,-0.33372733740607874,1.199518664323,1.367001053022495,0,0
6163,-0.328291491978019,1.242072020048,1.367001053022495,0,0
6164,-0.33221081074075254,1.216286415763,1.2854671116552252,0,0
6165,0.24430737616685794,1.226022601131,1.2854671116552252,0,0
6166,-0.3313517858988254,1.175501762488,1.2854671116552252,0,0
6167,-0.3280673736068158,1.194681064642,1.2854671116552252,0,0
6168,-0.33651482398507016,1.177236531128,1.1937026653954,0,0
6169,-0.33196730853908196,1.195362241119,1.1937026653954,1,0
6170,-0.3259328583109664,1.097611586659,1.1937026653954,0,0
6171,-0.3223133007371476,1.048834334826,1.1937026653954,0,0
6172,-0.3315486063312637,1.053171129499,1.1937026653954,0,0
6173,-0.3305357151664251,1.040738082412,1.1937026653954,0,0
6174,-0.3366580808149743,1.042531502489,1.1937026653954,0,0
6175,0.23145245565031192,1.046420041662,1.1937026653954,0,0
6176,-0.3337876681446933,1.055113933765,1.1937026653954,0,0
6177,-0.32330296571459183,1.031687240434,1.1937026653954,0,0
6178,-0.33616855307275584,1.015053694482,1.1937026653954,0,0
6179,-0.3262336517748764,1.011167391627,1.1937026653954,0,0
6180,-0.32755135080638453,1.029288338212,1.1937026653954,0,0
6181,-0.04964571748674995,1.020430702468,1.1937026653954,0,0
6182,-0.32710741520979214,1.042246986873,1.1937026653954,0,0
6183,-0.337541020027626,1.017069454996,1.1937026653954,0,0
6184,-0.3332071855056662,1.034601589601,1.1937026653954,0,0
6185,0.24328129482152372,1.029132988206,1.1937026653954,0,0
6186,-0.3379361519563848,1.043908914833,1.1937026653954,0,0
6187,-0.3335801808706368,1.024921385091,1.1937026653954,0,0
6188,-0.3280963346552953,1.035357013564,1.1937026653954,0,0
6189,-0.3253801897482017,1.024898517466,1.1937026653954,0,0
6190,-0.3341558462263524,1.042706083636,1.1937026653954,0,0
6191,-0.330879462739862,1.022328394545,1.1937026653954,0,0
6192,-0.3256962952912088,0.99451911899,1.1937026653954,0,0
6193,-0.32976328672688193,0.991995343086,1.1937026653954,0,0
6194,-0.14168083272935694,0.994925026739,1.1937026653954,0,0
6195,-0.3275300744717591,0.994387434784,1.1937026653954,0,0
6196,0.23692936268374054,1.00910738589,1.1937026653954,0,0
6197,-0.32451898565906234,1.002114832796,1.1937026653954,0,0
6198,-0.32435026604594064,0.998590014822,1.1937026653954,0,0
6199,-0.3160389612698451,0.994332110184,1.1937026653954,0,0
6200,-0.3129249890492828,0.994407833852,1.1937026653954,0,0
6201,0.32107101512890757,1.014666927989,1.1937026653954,0,0
6202,-0.32259063861921977,1.0281330257,1.1937026653954,0,0
6203,0.2424339117475991,1.048564751388,1.1937026653954,0,0
6204,0.1842435379872036,1.069819018118,1.1937026653954,0,0
6205,-0.2411772889866466,1.081736450338,1.1937026653954,0,0
6206,0.18081638500278774,1.077320204351,1.1937026653954,0,0
6207,-0.024387840855769727,1.092788432011,1.1937026653954,0,0
6208,0.47566658297592723,1.107748486068,1.1937026653954,0,0
6209,-0.2183777179083769,1.129470279852,1.1937026653954,0,0
6210,-0.2364285946137955,1.109978789799,1.1937026653954,0,0
6211,0.4589517568574888,1.167551799439,1.1937026653954,0,0
6212,-0.31627168193267574,1.151836822693,1.1937026653954,0,0
6213,-0.292995830641294,1.153528988371,1.1937026653954,0,0
6214,-0.3084492740640793,1.149162637554,1.1937026653954,0,0
6215,-0.27000133163474394,1.179449670842,1.1937026653954,0,0
6216,-0.3379900023019733,1.169669583196,1.1937026653954,0,0
6217,-0.3344078933710397,1.179691337968,1.1937026653954,0,0
6218,-0.3287605462661639,1.152736320637,1.1937026653954,0,0
6219,-0.3354398816232914,1.172459065829,1.1937026653954,0,0
6220,-0.3330783805256964,1.151817579778,1.1937026653954,0,0
6221,-0.3325207799823986,1.178067529675,1.1937026653954,0,0
6222,0.23481503409891058,1.173266023091,1.1937026653954,0,0
6223,-0.3233322135061255,1.215362590631,1.1937026653954,1,0
6224,-0.3249433080307439,1.178252535445,1.1937026653954,0,0
6225,-0.3265904748315872,1.202766318886,1.1937026653954,1,0
6226,-0.1348085192967179,1.162484231389,1.1937026653954,0,0
6227,-0.3301031919433919,1.20688274768,1.1937026653954,1,0
6228,-0.33205229918036216,1.175544395574,1.1937026653954,0,0
6229,-0.3326299143888468,1.19280277683,1.1937026653954,0,0
6230,-0.32203716717590325,1.171330738844,1.1937026653954,0,0
6231,-0.31631578301441965,1.189990757575,1.1937026653954,0,0
6232,0.24546891493102052,1.195909776638,1.1937026653954,1,0
6233,-0.3203321356267119,1.194598689234,1.1937026653954,1,0
6234,-0.32852249218252416,1.191069554921,1.1937026653954,0,0
6235,-0.32976913628518867,1.187192849688,1.1937026653954,0,0
6236,-0.319826722319288,1.180800736879,1.1937026653954,0,0
6237,-0.32139245409272377,1.194209862895,1.1937026653954,1,0
6238,-0.32385012881071484,1.177186480435,1.1937026653954,0,0
6239,-0.3184775962490338,1.192435105618,1.1937026653954,0,0
6240,-0.33200991855694384,1.172066675403,1.1937026653954,0,0
6241,-0.33186700581870476,1.188570384566,1.1937026653954,0,0
6242,0.2297570013191328,1.167585004495,1.1937026653954,0,0
6243,-0.322065612086885,1.204920778583,1.1937026653954,1,0
6244,-0.3238430175829694,1.172716943267,1.1937026653954,0,0
6245,-0.3256003510652562,1.177861641528,1.1937026653954,0,0
6246,-0.13629866560105297,1.1886640864,1.1937026653954,0,0
6247,-0.32404597431676874,1.192524318813,1.1937026653954,0,0
6248,-0.33851772421901805,1.175881438054,1.1937026653954,0,0
6249,-0.33551414807434266,1.169039732383,1.1937026653954,0,0
6250,-0.32631422657312115,1.12317118213,1.1937026653954,0,0
6251,-0.33830318306582696,1.152965162307,1.1937026653954,0,0
6252,0.2389980417743338,1.144980770249,1.1937026653954,0,0
6253,-0.34266259506822594,1.151400041987,1.1937026653954,0,0
6254,-0.33378915920857544,1.135114185164,1.1937026653954,0,0
6255,-0.3403591307648114,1.136433773091,1.1937026653954,0,0
6256,-0.33962696105008516,1.11354820885,1.1937026653954,0,0
6257,-0.3306337812909792,1.153982526872,1.1937026653954,0,0
6258,-0.33408937918637693,1.107170317394,1.1937026653954,0,0
6259,-0.33859061430340875,1.153345269118,1.1937026653954,0,0
6260,-0.33200217649447905,1.099676324851,1.1937026653954,0,0
6261,-0.3269031968065541,1.100733801061,1.1937026653954,0,0
6262,-0.3356646881778248,1.114830176322,1.1937026653954,0,0
6263,0.18276589368003404,1.115986465883,1.1937026653954,0,0
6264,-0.3309337145257264,1.108444111647,1.1937026653954,0,0
6265,-0.3317700293177569,1.108581216054,1.1937026653954,0,0
6266,-0.33206411299419736,1.116765281418,1.1937026653954,0,0
6267,-0.32764798321566735,1.081563291233,1.1937026653954,0,0
6268,-0.332739794327236,1.083049729728,1.1937026653954,0,0
6269,-0.3293024332900887,1.07355965588,1.1937026653954,0,0
6270,-0.3265025594111537,1.060629843435,1.1937026653954,0,0
6271,-0.04082527174352513,1.063016204121,1.1937026653954,0,0
6272,-0.31934069284233135,1.010663073581,1.1937026653954,0,0
6273,0.2494058970658959,1.009747280594,1.1937026653954,0,0
6274,-0.3156457218452443,1.02023177998,1.1937026653954,0,0
6275,-0.3182149396113393,0.983220779711,1.1937026653954,0,0
6276,-0.3249319530057956,0.994345144316,1.1937026653954,0,0
6277,-0.32500180361381126,0.983168163436,1.1937026653954,0,0
6278,-0.32540484965086736,0.9962038027,1.1937026653954,0,0
6279,-0.3126998957516952,0.980015586063,1.1937026653954,0,0
6280,-0.32306043843930576,0.992615597447,1.1937026653954,0,0
6281,-0.33127740475055245,0.98139066965,1.1937026653954,0,0
6282,-0.33400381505898824,0.993123815715,1.1937026653954,0,0
6283,0.0004126806036790498,0.982355755197,1.1937026653954,0,0
6284,-0.32873296158434484,0.99352676555,1.1937026653954,0,0
6285,-0.33580117787164854,0.984977524475,1.1937026653954,0,0
6286,-0.32931373096642613,0.986877220727,1.1937026653954,0,0
6287,-0.3239829481934442,0.982657150751,1.1937026653954,0,0
6288,-0.3264249667406731,0.982066357046,1.1937026653954,0,0
6289,-0.32444173708024693,0.988270107468,1.1937026653954,0,0
6290,-0.31466477385664937,0.986533769369,1.1937026653954,0,0
6291,-0.12428487715984904,0.985826324503,1.1937026653954,0,0
6292,-0.32819376994513005,0.989527388612,1.1937026653954,0,0
6293,0.23592897351606745,0.986645167099,1.1937026653954,0,0
6294,-0.3262560177331081,0.990229474803,1.1937026653954,0,0
6295,-0.3217075273607355,0.984099781925,1.1937026653954,0,0
6296,-0.32572726354106796,0.984106682222,1.1937026653954,0,0
6297,-0.3255164500475821,0.982369811541,1.1937026653954,0,0
6298,-0.3204849123260173,0.984604312444,1.1937026653954,0,0
6299,0.0801368842522665,0.993267138331,1.1937026653954,0,0
6300,-0.30779647482677,0.99295530481,1.1937026653954,0,0
6301,0.6161417758593775,1.04737815397,1.1937026653954,0,0
6302,0.1914353978795007,1.055045341514,1.1937026653954,0,0
6303,-0.22957990880882695,1.08706101563,1.1937026653954,0,0
6304,0.18336713651618886,1.074759605066,1.1937026653954,0,0
6305,0.03843068049746945,1.111311045066,1.1937026653954,0,0
6306,-0.06130480476984457,1.078139150529,1.1937026653954,0,0
6307,-0.244897034583621,1.106618598296,1.1937026653954,0,0
6308,-0.24206303828123,1.085120230992,1.1937026653954,0,0
6309,0.4504953600959418,1.151045477898,1.1937026653954,0,0
6310,-0.22241414253446679,1.116853013542,1.1937026653954,0,0
6311,-0.31075044442305977,1.140933468463,1.1937026653954,0,0
6312,-0.3114216525644521,1.118195671839,1.1937026653954,0,0
6313,-0.3157133358574369,1.159660991945,1.1937026653954,0,0
6314,-0.3340285896588756,1.136595165377,1.1937026653954,0,0
6315,-0.32941541005346386,1.158174673315,1.1937026653954,0,0
6316,-0.1609330481348683,1.115286495907,1.1937026653954,0,0
6317,-0.3247687962079263,1.130147431553,1.1937026653954,0,0
6318,-0.3316470738960937,1.104116467925,1.1937026653954,0,0
6319,-0.007480782193761026,1.111864593266,1.1937026653954,0,0
6320,-0.3345033214594946,1.124451423205,1.1937026653954,0,0
6321,-0.31955861756356263,1.101296540281,1.1937026653954,0,0
6322,-0.3153803698228398,1.126470151968,1.1937026653954,0,0
6323,-0.3147769477394726,1.09706005185,1.1937026653954,0,0
6324,-0.3199216916188561,1.120003804622,1.1937026653954,0,0
6325,-0.32602834374803225,1.104860711303,1.1937026653954,0,0
6326,-0.32531848264292684,1.122406593014,1.1937026653954,0,0
6327,-0.32390432324796836,1.093175321615,1.1937026653954,0,0
6328,-0.3241188070525487,1.109887453739,1.1937026653954,0,0
6329,0.2461910486388479,1.108002142526,1.1937026653954,0,0
6330,-0.3144693297908714,1.128685833486,1.2965284422411998,0,0
6331,-0.3251706379241547,1.097872967881,1.2965284422411998,0,0
6332,-0.3253894802231595,1.148201275968,1.2965284422411998,0,0
6333,-0.31930542344665835,1.098626782858,1.2965284422411998,0,0
6334,-0.3251940935059924,1.140851825766,1.2965284422411998,0,0
6335,-0.31863490348859624,1.09673476017,1.2965284422411998,0,0
6336,-0.32573655401602575,1.139015394544,1.2965284422411998,0,0
6337,-0.32156427053083136,1.083426181832,1.1937026653954,0,0
6338,-0.32457392562825693,1.121323472396,1.1937026653954,0,0
6339,-0.3163805869446805,1.079998562756,1.1937026653954,0,0
6340,0.2448826974309084,1.123283911294,1.1937026653954,0,0
6341,-0.3200043883157023,1.093385619725,1.1937026653954,0,0
6342,-0.32332779766308994,1.145192969556,1.1937026653954,0,0
6343,-0.32504561795250086,1.079474440099,1.1937026653954,0,0
6344,-0.13505626529559134,1.134162367503,1.1937026653954,0,0
6345,-0.3330366307369973,1.09209117696,1.1937026653954,0,0
6346,-0.33228805931956795,1.16534850381,1.1937026653954,0,0
6347,-0.33027690088565753,1.099695265784,1.1937026653954,0,0
6348,-0.33754400215539015,1.166850833743,1.1937026653954,0,0
6349,-0.33716441170017186,1.088776703207,1.1937026653954,0,0
6350,0.13738731428082485,1.116226010471,1.1937026653954,0,0
6351,-0.33328999689973415,1.092537147191,1.1937026653954,0,0
6352,-0.33909229995112755,1.151756548581,1.1937026653954,0,0
6353,-0.33642547484936525,1.094432394954,1.1937026653954,0,0
6354,-0.32867503948738597,1.129539289875,1.1937026653954,0,0
6355,-0.33754555056788316,1.092953195057,1.1937026653954,0,0
6356,-0.3378558065525835,1.135541588441,1.1937026653954,0,0
6357,-0.3355368581242394,1.08272899799,1.1937026653954,0,0
6358,-0.3349653218685049,1.098941117992,1.1937026653954,0,0
6359,-0.33733542525772753,1.087412419894,1.1937026653954,0,0
6360,0.23070164763705936,1.10414500674,1.1937026653954,0,0
6361,-0.04100488759270837,1.098720699976,1.1937026653954,0,0
6362,-0.32962995120665495,1.094744899756,1.1937026653954,0,0
6363,-0.3279607625392451,1.078240352869,1.1937026653954,0,0
6364,-0.33465988316711603,1.084213081028,1.1937026653954,0,0
6365,-0.32859446468914133,1.019303366493,1.1937026653954,0,0
6366,-0.33647479465469654,1.025372453577,1.1937026653954,0,0
6367,-0.3314211777179543,1.007436553013,1.1937026653954,0,0
6368,-0.3283392633708573,1.007782150431,1.1937026653954,0,0
6369,-0.3213976154677003,0.994665093014,1.1937026653954,0,0
6370,0.24169136193430907,1.009476572174,1.1937026653954,0,0
6371,-0.3189225067720107,0.997508655736,1.1937026653954,0,0
6372,-0.3328502477517338,1.009250070163,1.1937026653954,0,0
6373,-0.33219085342417665,0.983195131061,1.1937026653954,0,0
6374,-0.33237964505109585,0.988471044975,1.1937026653954,0,0
6375,-0.32388413653694914,0.982573447502,1.1937026653954,0,0
6376,-0.32826488222258443,0.991866310821,1.1937026653954,0,0
6377,-0.31506122480345766,0.986095992689,1.1937026653954,0,0
6378,-0.3121359868612039,0.992318130588,1.1937026653954,0,0
6379,-0.3181860932600816,0.98442453362,1.1937026653954,0,0
6380,0.009227620880262188,0.990001175741,1.1937026653954,0,0
6381,-0.3222916229622461,0.982729353956,1.1937026653954,0,0
6382,-0.3142125227114836,0.990510117007,1.1937026653954,0,0
6383,-0.3149668863386089,0.987181874596,1.1937026653954,0,0
6384,-0.31053733698513997,0.989682354616,1.1937026653954,0,0
6385,-0.31545463627389103,0.981244685998,1.1937026653954,0,0
6386,-0.3104134066370924,0.989535548159,1.1937026653954,0,0
6387,-0.30708087886057944,0.987228530732,1.1937026653954,0,0
6388,-0.30966018998218414,0.987848633688,1.1937026653954,0,0
6389,-0.1152384205412631,0.984821783944,1.1937026653954,0,0
6390,-0.32121226475743203,0.980089818896,1.1937026653954,0,0
6391,0.24406123592908813,0.986408542072,1.1937026653954,0,0
6392,-0.31632140317828294,0.99009314581,1.1937026653954,0,0
6393,-0.3185039192614141,0.974526516107,1.1937026653954,0,0
6394,-0.3130385966473773,0.973698939272,1.1937026653954,0,0
6395,-0.3180332592121654,0.969702885087,1.1937026653954,0,0
6396,-0.31162638710518775,0.979233336728,1.1937026653954,0,0
6397,-0.31240202706693854,0.977573355771,1.1937026653954,0,0
6398,-0.32008903486531737,0.981910116172,1.1937026653954,0,0
6399,-0.32955912567225476,0.97916080654,1.1937026653954,0,0
6400,-0.32270843266590643,0.982613311261,1.1937026653954,0,0
6401,0.2514205537650682,0.982458557101,1.1937026653954,0,0
6402,-0.33262635877497404,0.995241522251,1.1937026653954,0,0
6403,-0.3261687331473938,0.984095338173,1.1937026653954,0,0
6404,-0.3197527999599019,0.978039254277,1.1937026653954,0,0
6405,-0.3244358875219402,0.982716466926,1.1937026653954,0,0
6406,-0.03605954483325147,0.978668388696,1.1937026653954,0,0
6407,-0.3217486463147152,0.981290716995,1.1937026653954,0,0
6408,-0.3138357423381969,0.982154344824,1.1937026653954,0,0
6409,-0.3247287668775528,0.987144026215,1.1937026653954,0,0
6410,0.42711559312169944,1.013764791672,1.1937026653954,0,0
6411,-0.31229524395353525,1.027502230142,1.1937026653954,0,0
6412,0.586053712479528,1.0916848779,1.1937026653954,0,0
6413,0.18499985146709785,1.096078874255,1.1937026653954,0,0
6414,-0.23081416561154777,1.149526279302,1.1937026653954,0,0
6415,0.20591144892756374,1.12757822666,1.2965284422411998,0,0
6416,0.19260680060472968,1.200844464782,1.2965284422411998,0,0
6417,0.15351890502691545,1.140088439388,1.2965284422411998,0,0
6418,-0.22295608690700253,1.220198431308,1.2965284422411998,0,0
6419,-0.24050017393833667,1.150012518888,1.2965284422411998,0,0
6420,0.3140092218860191,1.230487364417,1.2854671116552252,0,0
6421,-0.23997858832265295,1.135858714875,1.2854671116552252,0,0
6422,-0.3163921140154614,1.211935903103,1.2854671116552252,0,0
6423,-0.3089008943745256,1.175155983143,1.2854671116552252,0,0
6424,-0.3097033734861544,1.223998650175,1.2854671116552252,0,0
6425,-0.3126283820339648,1.150809099642,1.2854671116552252,0,0
6426,-0.2841077135372657,1.228207755626,1.2854671116552252,0,0
6427,-0.3228447503138976,1.135066054999,1.2854671116552252,0,0
6428,-0.3281501850008838,1.238855227374,1.2854671116552252,0,0
6429,-0.32007951499591625,1.122449195405,1.2854671116552252,0,0
6430,0.236579765551997,1.232635702826,1.2854671116552252,0,0
6431,-0.327152319172088,1.151633389293,1.2854671116552252,0,0
6432,-0.32891624774462247,1.248001077566,1.2854671116552252,0,0
6433,-0.33357071834984653,1.155434907004,1.2854671116552252,0,0
6434,-0.3294510808894128,1.221024793875,1.2854671116552252,0,0
6435,-0.33774965427389947,1.143798819616,1.2854671116552252,0,0
6436,-0.3359538398737322,1.224404449289,1.2854671116552252,0,0
6437,-0.3318645398284382,1.139019786096,1.2854671116552252,0,0
6438,-0.33087969213430546,1.221590842952,1.2854671116552252,0,0
6439,-0.32680226325145745,1.135039010733,1.2854671116552252,0,0
6440,-0.32571212350780354,1.21993063486,1.2854671116552252,0,0
6441,0.23146920144468042,1.169060958311,1.2854671116552252,0,0
6442,-0.3362759670208785,1.224340182196,1.2854671116552252,0,0
6443,-0.3270648051919304,1.169942342726,1.2854671116552252,0,0
6444,-0.33603911725806657,1.21225699638,1.2854671116552252,0,0
6445,-0.3320075672638989,1.143620401733,1.2854671116552252,0,0
6446,-0.33161570420595865,1.221453061321,1.2854671116552252,0,0
6447,-0.33922351357275304,1.13620100539,1.2965284422411998,0,0
6448,-0.32558394936255297,1.18794531504,1.2965284422411998,0,0
6449,-0.3389740471155541,1.128588510193,1.2965284422411998,0,0
6450,-0.33529077523508055,1.202028238869,1.2965284422411998,0,0
6451,0.23590408421895837,1.132115206356,1.2965284422411998,0,0
6452,-0.3310303469350092,1.188246138392,1.1937026653954,0,0
6453,-0.285673273264869,1.124765506594,1.1937026653954,0,0
6454,-0.3330087019635132,1.174525547335,1.1937026653954,0,0
6455,-0.3385528789174693,1.148508470274,1.1937026653954,0,0
6456,-0.3363720259440528,1.192849646326,1.1937026653954,0,0
6457,-0.33218729781030387,1.150657903666,1.1937026653954,0,0
6458,-0.3299043643095738,1.17446313205,1.1937026653954,0,0
6459,-0.33797308446177243,1.146690527711,1.1937026653954,0,0
6460,-0.33582268360071743,1.185189248674,1.1937026653954,0,0
6461,0.2349200967539884,1.158068067065,1.1937026653954,0,0
6462,-0.3340052487742595,1.152843119788,1.1937026653954,0,0
6463,-0.3344014129780136,1.154485780931,1.1937026653954,0,0
6464,-0.3314362604026079,1.163626542024,1.1937026653954,0,0
6465,-0.3283808411137238,1.093879995871,1.1937026653954,0,0
6466,-0.33470862948633884,1.12061210299,1.1937026653954,0,0
6467,-0.32984151023208186,1.0933768126,1.1937026653954,0,0
6468,-0.3359259684488589,1.110536913149,1.1937026653954,0,0
6469,-0.3357479583607794,1.095950293833,1.1937026653954,0,0
6470,-0.332230940103161,1.118097178176,1.1937026653954,0,0
6471,0.24772535337353774,1.110933642304,1.1937026653954,0,0
6472,-0.3353290841071286,1.100701058605,1.1937026653954,0,0
6473,-0.33662877567482974,1.102324463537,1.1937026653954,0,0
6474,-0.3282969400960497,1.099343156275,1.1937026653954,0,0
6475,-0.333232189499997,1.099642245464,1.1937026653954,0,0
6476,-0.32481341342716785,1.032980535567,1.1937026653954,0,0
6477,-0.33625606705291344,1.02982666154,1.1937026653954,0,0
6478,-0.3321434261230034,1.027975984206,1.1937026653954,0,0
6479,-0.32510170489391255,1.015856352465,1.1937026653954,0,0
6480,-0.3171257174454589,1.002628215654,1.1937026653954,0,0
6481,-0.3179520535792013,0.993815719242,1.1937026653954,0,0
6482,0.24855794050586288,1.005229045659,1.1937026653954,0,0
6483,-0.3204549190025425,0.998503095577,1.1937026653954,0,0
6484,-0.3136401835751973,0.991514259367,1.1937026653954,0,0
6485,-0.32299810049931144,0.99276927266,1.1937026653954,0,0
6486,-0.3249438241682415,0.988412226368,1.1937026653954,0,0
6487,-0.3253224970456863,0.994389626731,1.1937026653954,0,0
6488,-0.3246434894932184,0.989621130398,1.1937026653954,0,0
6489,-0.3200073704434665,0.994606077932,1.1937026653954,0,0
6490,-0.3236327202269812,0.988840319527,1.1937026653954,0,0
6491,-0.31897824962175725,0.995037137008,1.1937026653954,0,0
6492,0.013809201401095317,0.983563986309,1.1937026653954,0,0
6493,0.34681136562297166,1.030752649151,1.1937026653954,0,0
6494,-0.30961041138796597,1.003827258344,1.1937026653954,0,0
6495,0.6050858812652067,1.110267082079,1.1937026653954,0,0
6496,0.19311100959132577,1.079589170519,1.1937026653954,0,0
6497,0.2739161198572202,1.149925434613,1.1937026653954,0,0
6498,0.2742038951864674,1.102274620675,1.1937026653954,0,0
6499,-0.23714138049805433,1.191281650314,1.1937026653954,0,0
6500,-0.24854589729758436,1.115812968115,1.1937026653954,0,0
6501,-0.2542551235535677,1.217320660655,1.1937026653954,1,0
6502,-0.24837224570392957,1.157280693115,1.1937026653954,0,0
6503,0.2830668935989431,1.24219988609,1.1937026653954,1,0
6504,-0.25642978287701235,1.170507193142,1.1937026653954,0,0
6505,-0.3094873412690812,1.186149246138,1.1937026653954,0,0
6506,-0.3110807150729469,1.175208267343,1.1937026653954,0,0
6507,-0.2982300957022148,1.202680735994,1.1937026653954,1,0
6508,-0.311878032809599,1.175302900975,1.1937026653954,0,0
6509,-0.3117577154240351,1.201716818595,1.1937026653954,1,0
6510,-0.3221546744795356,1.169095794764,1.1937026653954,0,0
6511,-0.32288248569983713,1.208884546502,1.1937026653954,1,0
6512,-0.3206205417906782,1.166322872347,1.1937026653954,0,0
6513,0.24233791017303563,1.199086081606,1.1937026653954,1,0
6514,-0.3238348740802286,1.174680321012,1.1937026653954,0,0
6515,-0.3263082623175927,1.19535964979,1.1937026653954,1,0
6516,-0.3199797284130367,1.177911962439,1.1937026653954,0,0
6517,-0.32418137438698635,1.194387499945,1.1937026653954,1,0
6518,-0.32251987043343044,1.166238654204,1.1937026653954,0,0
6519,-0.32268664019378324,1.195727523629,1.1937026653954,1,0
6520,-0.32175719125773194,1.170728490031,1.1937026653954,0,0
6521,-0.32246223507952587,1.181834898431,1.1937026653954,0,0
6522,-0.3261923607750642,1.14201737224,1.1937026653954,0,0
6523,-0.328008705977916,1.194709139009,1.1937026653954,1,0
6524,0.22828761521192553,1.184551330131,1.1937026653954,0,0
6525,-0.3381007998181361,1.206211981222,1.1937026653954,1,0
6526,-0.3294302633436741,1.201915407353,1.1937026653954,1,0
6527,-0.3229841074382639,1.193873048604,1.1937026653954,1,0
6528,-0.3301794655958228,1.206123414172,1.1937026653954,1,0
6529,-0.32969022459665864,1.187826544536,1.1937026653954,0,0
6530,-0.33109016153612614,1.196658990434,1.1937026653954,1,0
6531,-0.33135883977796,1.178778540008,1.1937026653954,0,0
6532,-0.32554873731549094,1.180634911195,1.1937026653954,0,0
6533,-0.33599897323047134,1.165330756761,1.1937026653954,0,0
6534,0.2242258424998398,1.179602086416,1.1937026653954,0,0
6535,-0.3318068471259228,1.111667459337,1.1937026653954,0,0
6536,-0.3206293161281384,1.10179931546,1.1937026653954,0,0
6537,-0.3278664814230071,1.138995778341,1.1937026653954,0,0
6538,-0.1470264687925491,1.106218300534,1.1937026653954,0,0
6539,-0.3309474781923305,1.157748973816,1.1937026653954,0,0
6540,-0.3362845119638952,1.11836086807,1.1937026653954,0,0
6541,-0.18656609937803137,1.135623555051,1.1937026653954,0,0
6542,-0.3318588049673532,1.114173214874,1.1937026653954,0,0
6543,-0.32918475394062374,1.146386973922,1.1937026653954,0,0
6544,0.22367036385514338,1.115897887571,1.1937026653954,0,0
6545,-0.3355989666697903,1.114233338082,1.1937026653954,0,0
6546,-0.33313240291711743,1.094157013048,1.1937026653954,0,0
6547,-0.33750970768610167,1.082857468157,1.1937026653954,0,0
6548,-0.34226235911310143,1.093989254655,1.1937026653954,0,0
6549,-0.33400954992007326,1.106362385663,1.1937026653954,0,0
6550,-0.3350765781735545,1.099365484209,1.1937026653954,0,0
6551,-0.3357148108637079,1.107265809261,1.1937026653954,0,0
6552,-0.33587097113105335,1.091668343194,1.1937026653954,0,0
6553,-0.33377665721141003,1.10695997455,1.1937026653954,0,0
6554,-0.013456966233252654,1.094051614897,1.1937026653954,0,0
6555,-0.34082113117382173,1.100572769654,1.1937026653954,0,0
6556,-0.32909064487021833,1.075762092798,1.1937026653954,0,0
6557,-0.33690118157636884,1.095208302284,1.1937026653954,0,0
6558,-0.3313164018059307,1.075262799218,1.1937026653954,0,0
6559,-0.332014449097201,1.031667144805,1.1937026653954,0,0
6560,-0.33434154102828584,1.012471098591,1.1937026653954,0,0
6561,-0.32712284198611086,1.005543986402,1.1937026653954,0,0
6562,-0.32598774093155025,0.988686005046,1.1937026653954,0,0
6563,-0.32249624280576017,0.986307170813,1.1937026653954,0,0
6564,0.24719866373148824,0.987123243046,1.1937026653954,0,0
6565,-0.3353425610306784,0.994244931804,1.1937026653954,0,0
6566,-0.3329446435651934,0.992041629482,1.1937026653954,0,0
6567,-0.33119281554954827,0.992336471543,1.1937026653954,0,0
6568,-0.3354027770720712,0.984571796,1.1937026653954,0,0
6569,-0.3286726308457303,0.985547091943,1.1937026653954,0,0
6570,-0.331734358481808,0.986017163038,1.1937026653954,0,0
6571,-0.3333433311078249,0.992413606825,1.1937026653954,0,0
6572,-0.32779634407193714,0.986282319949,1.1937026653954,0,0
6573,-0.3340092058284081,0.989386499871,1.1937026653954,0,0
6574,-0.3355265927228971,0.97787999266,1.1937026653954,0,0
6575,0.23359591732945417,0.990029087789,1.1937026653954,0,0
6576,-0.3276678831836325,0.991753849326,1.1937026653954,0,0
6577,-0.3321490462868667,0.973018816226,1.1937026653954,0,0
6578,-0.3268686729428222,0.984388870859,1.1937026653954,0,0
6579,-0.31012758116061434,0.979711039903,1.1937026653954,0,0
6580,-0.32226266191376673,0.987888936649,1.1937026653954,0,0
6581,-0.31552597794578885,0.988301827851,1.1937026653954,0,0
6582,-0.312201478974795,0.992134358859,1.1937026653954,0,0
6583,-0.12943587203781526,0.988766085503,1.1937026653954,0,0
6584,-0.3248180013160359,0.996353134894,1.1937026653954,0,0
6585,0.007662462592934904,0.983537595883,1.1937026653954,0,0
6586,-0.03673178524963905,0.99722650731,1.1937026653954,0,0
6587,-0.3133525802917828,0.983878632488,1.1937026653954,0,0
6588,-0.3139331202794208,0.984242349479,1.1937026653954,0,0
6589,-0.32741027322369276,0.980599674645,1.1937026653954,0,0
6590,0.2576971298281938,0.998071053333,1.1937026653954,0,0
6591,-0.31051892808105697,0.991576237053,1.1937026653954,0,0
6592,0.5467438777777229,1.081145721314,1.1937026653954,0,0
6593,0.17321402375402406,1.062820256364,1.1937026653954,0,0
6594,0.1757213050204005,1.104000430544,1.1937026653954,0,0
6595,0.16855192578355682,1.07877890859,1.1937026653954,0,0
6596,-0.1676775888625327,1.122473287055,1.1937026653954,0,0
6597,-0.23949898189011154,1.076037278326,1.1937026653954,0,0
6598,-0.2511912166702778,1.108663506483,1.1937026653954,0,0
6599,0.44481681534676354,1.123226196593,1.1937026653954,0,0
6600,-0.24468513146652904,1.179111525484,1.1937026653954,0,0
6601,-0.29511354279416424,1.13960219086,1.1937026653954,0,0
6602,-0.30311172415501697,1.175157760724,1.1937026653954,0,0
6603,-0.2522724673792499,1.166453427012,1.1937026653954,0,0
6604,-0.3128418335635498,1.176672427148,1.1937026653954,0,0
6605,-0.31227878490222116,1.171094767682,1.1937026653954,0,0
6606,-0.3164949974233269,1.209860087818,1.1937026653954,1,0
6607,-0.3177315481704819,1.161611658446,1.1937026653954,0,0
6608,-0.31771067327613234,1.203087502058,1.1937026653954,1,0
6609,-0.31899677322306186,1.100545399514,1.1937026653954,0,0
6610,0.003969212054173221,1.188318121421,1.1937026653954,0,0
6611,-0.3184842486878925,1.127946578619,1.2965284422411998,0,0
6612,-0.31796902876801303,1.187206536627,1.2965284422411998,0,0
6613,-0.3033857931662707,1.13550283044,1.2965284422411998,0,0
6614,-0.32946438576713,1.195303947084,1.2965284422411998,0,0
6615,-0.33206893027750883,1.130987537886,1.2965284422411998,0,0
6616,-0.3286738351665581,1.19898260242,1.2965284422411998,0,0
6617,-0.33464933102271954,1.112908741336,1.2965284422411998,0,0
6618,-0.33164294479611256,1.206269315593,1.2965284422411998,0,0
6619,-0.3271594877484443,1.128935536217,1.2965284422411998,0,0
6620,0.24483796551444503,1.21017667075,1.2965284422411998,0,0
6621,-0.3357180797345264,1.156704594649,1.2965284422411998,0,0
6622,-0.32765222701287033,1.2166469344,1.2965284422411998,0,0
6623,-0.3312268806243933,1.140061718286,1.2965284422411998,0,0
6624,-0.32976678499214385,1.212534006081,1.2965284422411998,0,0
6625,-0.3346056887298625,1.151218465326,1.2965284422411998,0,0
6626,-0.33535443219312444,1.219941852621,1.2965284422411998,0,0
6627,-0.3257893147380081,1.122142707018,1.2965284422411998,0,0
6628,-0.33110168860690703,1.189904474623,1.2965284422411998,0,0
6629,-0.33229987313340303,1.127326557123,1.2965284422411998,0,0
6630,0.09329391725077185,1.188719783995,1.2965284422411998,0,0
6631,-0.33541470558312814,1.136416263761,1.2965284422411998,0,0
6632,-0.3314279448540346,1.196559986479,1.2965284422411998,0,0
6633,-0.3221395344462711,1.122612996239,1.2965284422411998,0,0
6634,-0.3362872646972159,1.188100064575,1.2965284422411998,0,0
6635,-0.3342272452468611,1.131866706316,1.2965284422411998,0,0
6636,-0.3329576616998564,1.195302797673,1.2965284422411998,0,0
6637,-0.33575352117603197,1.138495293056,1.2965284422411998,0,0
6638,-0.3215163270921605,1.181253021624,1.2965284422411998,0,0
6639,-0.3202159473411291,1.088036128025,1.2965284422411998,0,0
6640,0.19358505320861452,1.140475542379,1.2965284422411998,0,0
6641,-0.333754061858735,1.105578353708,1.2965284422411998,0,0
6642,-0.33172724725406255,1.12889287153,1.2965284422411998,0,0
6643,-0.33651144041702996,1.100104645948,1.2965284422411998,0,0
6644,-0.3415155655026084,1.127154977913,1.2965284422411998,0,0
6645,-0.3325325937962338,1.094084360612,1.2965284422411998,0,0
6646,-0.34142661780717953,1.162770031949,1.2965284422411998,0,0
6647,-0.3323639888803338,1.094909965909,1.1937026653954,0,0
6648,-0.34004227968986334,1.147051651364,1.1937026653954,0,0
6649,-0.33615071765478133,1.084720611617,1.1937026653954,0,0
6650,-0.3244496511885442,1.107033354822,1.1937026653954,0,0
6651,0.22263659779595524,1.097677949128,1.1937026653954,0,0
6652,-0.3343373545796937,1.122027966308,1.1937026653954,0,0
6653,-0.33257537585992814,1.079518358798,1.1937026653954,0,0
6654,-0.3239562810893988,1.074208333019,1.1937026653954,0,0
6655,-0.33705499055066945,1.059244592291,1.1937026653954,0,0
6656,-0.3327583179285406,1.022681202436,1.1937026653954,0,0
6657,-0.32730171230335303,1.009327764661,1.1937026653954,0,0
6658,-0.3364122273202589,0.998333844814,1.1937026653954,0,0
6659,-0.3321441716549445,0.985510837267,1.1937026653954,0,0
6660,-0.32752474105095,0.990799051344,1.1937026653954,0,0
6661,0.2348057436239528,0.993002757546,1.1937026653954,0,0
6662,-0.3374044729851914,0.997693088159,1.1937026653954,0,0
6663,-0.32891338031408,0.977414485267,1.1937026653954,0,0
6664,-0.3416140330674384,0.979027477217,1.1937026653954,0,0
6665,-0.32878044623412894,0.978819891271,1.1937026653954,0,0
6666,-0.32044178617065777,0.982706287059,1.1937026653954,0,0
6667,-0.3191508689404168,0.976868236219,1.1937026653954,0,0
6668,-0.309652964057217,0.980997784097,1.1937026653954,0,0
6669,-0.32099250488065356,0.982172724027,1.1937026653954,0,0
6670,-0.3264643652363274,0.979774930315,1.1937026653954,0,0
6671,-0.024836880478727896,0.982702953779,1.1937026653954,0,0
6672,-0.31964188774651736,0.977435714876,1.1937026653954,0,0
6673,-0.31859487415822274,0.985756394842,1.1937026653954,0,0
6674,-0.322092049796487,0.978932441866,1.1937026653954,0,0
6675,-0.029160277553512914,0.98637408584,1.1937026653954,0,0
6676,-0.31213438110010006,0.982403942892,1.1937026653954,0,0
6677,-0.31912391509331706,0.983570999324,1.1937026653954,0,0
6678,-0.3135545047505869,0.988507278387,1.1937026653954,0,0
6679,-0.12555727078878542,0.982131777625,1.1937026653954,0,0
6680,-0.3208580223882095,0.987509485513,1.1937026653954,0,0
6681,0.21954826040444297,0.987379807393,1.1937026653954,0,0
6682,-0.3224280553074591,0.988239940876,1.1937026653954,0,0
6683,-0.3207592680803252,0.984252031605,1.1937026653954,0,0
6684,-0.31178134305170535,0.983773767672,1.1937026653954,0,0
6685,-0.3137549381455088,0.983201988346,1.1937026653954,0,0
6686,-0.3204138000485628,0.98122734237,1.1937026653954,0,0
6687,-0.32961395094422763,0.986910918076,1.1937026653954,0,0
6688,-0.31930766004248157,0.983524386641,1.1937026653954,0,0
6689,-0.3271284048013633,0.984890242723,1.1937026653954,0,0
6690,-0.3212742586057612,0.984031275552,1.1937026653954,0,0
6691,0.24076518186907614,0.995369550271,1.1937026653954,0,0
6692,-0.3284244834065809,0.991959219437,1.1937026653954,0,0
6693,-0.3282844380988844,0.989341749168,1.1937026653954,0,0
6694,-0.3220986448867348,0.996514116737,1.1937026653954,0,0
6695,-0.3313143946045509,0.992629657216,1.1937026653954,0,0
6696,-0.31758565330447863,0.991632549278,1.1937026653954,0,0
6697,0.3547671090117952,1.033865024271,1.1937026653954,0,0
6698,-0.32680914508475956,1.030883456815,1.1937026653954,0,0
6699,0.5857247608476905,1.09260603261,1.1937026653954,0,0
6700,0.17908893014675398,1.115073206942,1.1937026653954,0,0
6701,0.19438988361328824,1.149687997428,1.1937026653954,0,0
6702,0.20984177862358067,1.106653929369,1.1937026653954,0,0
6703,-0.006334727554527908,1.16120100861,1.1937026653954,0,0
6704,-0.24743281810959017,1.106132849603,1.1937026653954,0,0
6705,0.44260499412348775,1.189176934372,1.1937026653954,0,0
6706,-0.2442684938087013,1.151909595113,1.1937026653954,0,0
6707,-0.3087656663501406,1.210036561605,1.1937026653954,1,0
6708,-0.31974930169464,1.177434781215,1.1937026653954,0,0
6709,-0.3269915710158744,1.184377803363,1.1937026653954,0,0
6710,-0.335659240059794,1.181101258476,1.1937026653954,0,0
6711,-0.3269443731091446,1.183194182975,1.1937026653954,0,0
6712,-0.33473219976539836,1.19796504903,1.1937026653954,1,0
6713,-0.3302512660566075,1.200578288173,1.1937026653954,1,0
6714,-0.31570760099635187,1.172214040307,1.1937026653954,0,0
6715,-0.31857898859301725,1.17670470914,1.1937026653954,0,0
6716,-0.0006068630000182207,1.146983090039,1.1937026653954,0,0
6717,-0.3377817694959757,1.16709638614,1.1937026653954,0,0
6718,-0.1507480495450707,1.150946969509,1.1937026653954,0,0
6719,-0.3334788458752642,1.186269414648,1.1937026653954,0,0
6720,-0.33162539612119235,1.150911130286,1.1937026653954,0,0
6721,-0.33548828385084917,1.162329209806,1.1937026653954,0,0
6722,-0.3280701836887475,1.157609389517,1.1937026653954,0,0
6723,-0.3307803069917018,1.150304454055,1.1937026653954,0,0
6724,-0.32780769909688556,1.153419550269,1.1937026653954,0,0
6725,-0.3377299837003779,1.156329910629,1.1937026653954,0,0
6726,0.24756718590481253,1.174495319919,1.1937026653954,0,0
6727,-0.33388143312343366,1.157231198857,1.1937026653954,0,0
6728,-0.32537537246489034,1.15763407363,1.1937026653954,0,0
6729,-0.3342293097968517,1.154230228405,1.1937026653954,0,0
6730,-0.32989840005404536,1.156158018931,1.1937026653954,0,0
6731,-0.3309825755421709,1.15696995255,1.1937026653954,0,0
6732,-0.33252743242125726,1.154454106837,1.1937026653954,0,0
6733,-0.331922863365673,1.177909829299,1.1937026653954,0,0
6734,-0.32198337417892564,1.147692093641,1.1937026653954,0,0
6735,-0.3352987466919888,1.161892223274,1.1937026653954,0,0
6736,0.23266801680589566,1.168072312623,1.1937026653954,0,0
6737,-0.33303387800367656,1.173531471448,1.1937026653954,0,0
6738,-0.33285489298921267,1.166464924972,1.1937026653954,0,0
6739,-0.3350670583041534,1.176646447047,1.1937026653954,0,0
6740,-0.1407295339725716,1.166121669369,1.1937026653954,0,0
6741,-0.34169770469066907,1.156417136051,1.1937026653954,0,0
6742,-0.3341501113652674,1.163746494201,1.1937026653954,0,0
6743,-0.3419503826700756,1.177014435239,1.1937026653954,0,0
6744,-0.3354966567480333,1.172598358429,1.1937026653954,0,0
6745,-0.3364848306615954,1.169423279573,1.1937026653954,0,0
6746,0.23452737346688513,1.159009376264,1.1937026653954,0,0
6747,-0.3342845365091006,1.170251798049,1.1937026653954,0,0
6748,-0.33863460068793105,1.182883610351,1.1937026653954,0,0
6749,-0.33368575966321223,1.124528465265,1.1937026653954,0,0
6750,-0.3370814856088823,1.179119198238,1.1937026653954,0,0
6751,-0.3333666146438301,1.174708641543,1.1937026653954,0,0
6752,-0.32819290971596726,1.182253320236,1.1937026653954,0,0
6753,-0.33344099579210307,1.190561939267,1.1937026653954,0,0
6754,-0.3287349687857246,1.174492111484,1.1937026653954,0,0
6755,-0.3367800039616421,1.167163673203,1.1937026653954,0,0
6756,-0.335331607446006,1.123499232964,1.1937026653954,0,0
6757,0.23572389488366663,1.181535476628,1.1937026653954,0,0
6758,-0.31391838168643227,1.123413738593,1.1937026653954,0,0
6759,-0.32268635345072905,1.146368217053,1.1937026653954,0,0
6760,-0.3339087884108092,1.097834036254,1.1937026653954,0,0
6761,-0.32676745264467133,1.117090498717,1.1937026653954,0,0
6762,-0.32327159602445665,1.082323525328,1.1937026653954,0,0
6763,-0.16921963565968734,1.036806529055,1.1937026653954,0,0
6764,-0.3288504688879772,1.03226671195,1.1937026653954,0,0
6765,-0.32561164874159365,1.008994910901,1.1937026653954,0,0
6766,-0.32155457861559766,1.008258583737,1.1937026653954,0,0
6767,-0.0024573879749368865,0.985867440958,1.1937026653954,0,0
6768,-0.31715548137449023,1.002176843468,1.1937026653954,0,0
6769,-0.31897079430234665,0.978434968445,1.1937026653954,0,0
6770,-0.32898976866373264,0.980521320931,1.1937026653954,0,0
6771,-0.32041540580966665,0.979695897676,1.1937026653954,0,0
6772,-0.32037876004733323,0.981930497672,1.1937026653954,0,0
6773,-0.3223920977284559,0.980229743465,1.1937026653954,0,0
6774,-0.32331305907010144,0.979110827061,1.1937026653954,0,0
6775,-0.32348206542627744,0.982106352657,1.1937026653954,0,0
6776,-0.3265830195121767,0.979670699174,1.1937026653954,0,0
6777,0.24728296618943824,0.979693608928,1.1937026653954,0,0
6778,-0.31010578868849115,0.987785998098,1.1937026653954,0,0
6779,-0.3132893821226258,0.980836424908,1.1937026653954,0,0
6780,-0.3195411262372533,0.986458281987,1.1937026653954,0,0
6781,-0.32207455847017763,0.980783368381,1.1937026653954,0,0
6782,-0.32654614435539986,0.984983223813,1.1937026653954,0,0
6783,-0.31962657566742025,0.982751811176,1.1937026653954,0,0
6784,-0.3228953317886676,0.98761623855,1.1937026653954,0,0
6785,-0.1291798678389794,0.984003506273,1.1937026653954,0,0
6786,-0.32893465664870547,0.985581176195,1.1937026653954,0,0
6787,0.23738608702055264,0.987030233369,1.1937026653954,0,0
6788,-0.32110502285514186,0.991834212203,1.1937026653954,0,0
6789,-0.3235567333176045,0.991842190655,1.1937026653954,0,0
6790,-0.3160296707948873,0.978164483408,1.1937026653954,0,0
6791,-0.312790391859617,0.984959737673,1.1937026653954,0,0
6792,-0.31377621448013426,0.982375309597,1.1937026653954,0,0
6793,0.35270060916841417,1.003519276028,1.1937026653954,0,0
6794,-0.3169998945932533,1.007696770728,1.1937026653954,0,0
6795,0.5511904596686146,1.075972180575,1.1937026653954,0,0
6796,0.1763979039312129,1.067253648203,1.1937026653954,0,0
6797,0.20124269851823806,1.103779404708,1.1937026653954,0,0
6798,-0.0005835794640129954,1.068248869392,1.1937026653954,0,0
6799,-0.22945139057191133,1.109785009188,1.1937026653954,0,0
6800,-0.23677268627889758,1.070655577315,1.1937026653954,0,0
6801,-0.236170525864969,1.125591066795,1.1937026653954,0,0
6802,0.4416281178862633,1.152354211273,1.1937026653954,0,0
6803,-0.24377661477343804,1.117013142375,1.1937026653954,0,0
6804,-0.31988366948986235,1.158078346383,1.1937026653954,0,0
6805,-0.32568430943154103,1.143002892354,1.1937026653954,0,0
6806,-0.3315758469214176,1.165193085694,1.1937026653954,0,0
6807,-0.33771765374904505,1.133166791246,1.1937026653954,0,0
6808,-0.3366458082122523,1.176516024065,1.1937026653954,0,0
6809,-0.2861037319379116,1.155353443449,1.1937026653954,0,0
6810,-0.3314609776538844,1.167421744444,1.1937026653954,0,0
6811,-0.327143888926293,1.175523793315,1.1937026653954,0,0
6812,0.23925507824816505,1.180057903004,1.1937026653954,0,0
6813,-0.3334448954976409,1.182636596076,1.1937026653954,0,0
6814,-0.3291834349225742,1.20398287624,1.1937026653954,1,0
6815,-0.3369537702525186,1.173314468613,1.1937026653954,0,0
6816,-0.3331765613474722,1.180356540097,1.1937026653954,0,0
6817,-0.331852381922938,1.160203306432,1.1937026653954,0,0
6818,-0.33471814935573996,1.179856074343,1.1937026653954,0,0
6819,-0.331498311599548,1.18271108256,1.1937026653954,0,0
6820,-0.3268313963457695,1.164672348105,1.1937026653954,0,0
6821,-0.3324139968689952,1.150043097182,1.1937026653954,0,0
6822,0.0008995703097982588,1.158339029853,1.1937026653954,0,0
6823,-0.32697000793819475,1.157797257919,1.1937026653954,0,0
6824,-0.3253296082734317,1.165543131373,1.1937026653954,0,0
6825,-0.32665516406462636,1.151710293287,1.1937026653954,0,0
6826,-0.3185592606708847,1.146827735639,1.1937026653954,0,0
6827,-0.32661318488148394,1.148891760794,1.1937026653954,0,0
6828,-0.32398162917539464,1.154400969038,1.1937026653954,0,0
6829,-0.32757773116737576,1.146773975236,1.1937026653954,0,0
6830,-0.320204879059235,1.143253919745,1.1937026653954,0,0
6831,-0.32495741578901305,1.136404644016,1.1937026653954,0,0
6832,-0.3265499293637161,1.152797222061,1.1937026653954,0,0
6833,0.24243551750870296,1.169507829853,1.1937026653954,0,0
6834,-0.33433012865472667,1.151185141813,1.1937026653954,0,0
6835,-0.3297490069227802,1.168041241062,1.1937026653954,0,0
6836,-0.3345325119024174,1.149359776943,1.1937026653954,0,0
6837,-0.34152393839979256,1.171924618296,1.1937026653954,0,0
6838,-0.30127530693836757,1.175925423989,1.1937026653954,0,0
6839,-0.3386815692002174,1.169740013429,1.1937026653954,0,0
6840,0.38378848822982836,1.226906765813,1.1937026653954,1,0
6841,-0.3311816325704324,1.190150045151,1.1937026653954,0,0
6842,0.5484764940087332,1.306701865916,1.1937026653954,1,0
6843,-0.24419267894515717,1.148511941212,1.1937026653954,0,0
6844,-0.08282779577058585,1.265491063941,1.1937026653954,1,0
6845,-0.26502324281849154,1.19646153919,1.1937026653954,1,0
6846,-0.2653529973308809,1.31665669568,1.1937026653954,1,0
6847,-0.25215117506730145,1.269608220194,1.1937026653954,1,0
6848,-0.24997238664387555,1.327543009157,1.1937026653954,1,0
6849,-0.26349094528518147,1.300555149495,1.1937026653954,1,0
6850,0.283621339968644,1.322666159593,1.1937026653954,1,0
6851,-0.2591263145591951,1.276408409977,1.1937026653954,1,0
6852,-0.3155058485833804,1.268502619518,1.2965284422411998,0,0
6853,-0.32382724671498553,1.233441087664,1.2965284422411998,0,0
6854,-0.3194434615529752,1.28749155394,1.2965284422411998,0,0
6855,-0.33368604640626653,1.209799115651,1.1937026653954,1,0
6856,-0.3277396836444171,1.261866728502,1.1937026653954,1,0
6857,-0.3349985267141873,1.197959103467,1.1937026653954,1,0
6858,-0.33057889867039536,1.234510780472,1.1937026653954,1,0
6859,-0.328424827498246,1.152379916125,1.1937026653954,0,0
6860,0.24002985798075316,1.200523343483,1.1937026653954,1,0
6861,-0.33652027210310087,1.126457576838,1.1937026653954,0,0
6862,-0.3326435633582291,1.149110008758,1.1937026653954,0,0
6863,-0.32343458077649334,1.135951934925,1.1937026653954,0,0
6864,-0.3325545009655786,1.156667515673,1.1937026653954,0,0
6865,-0.33077222083757185,1.122244346524,1.1937026653954,0,0
6866,-0.3355937479462029,1.12522145584,1.1937026653954,0,0
6867,-0.33211050802037523,1.070422788752,1.1937026653954,0,0
6868,-0.3265324953860175,1.127620468943,1.1937026653954,0,0
6869,-0.31194209120791894,1.058231816553,1.1937026653954,0,0
6870,0.25703693262008476,1.160361084233,1.1937026653954,0,0
6871,-0.31117585641834755,1.096771629578,1.1937026653954,0,0
6872,-0.31087649666970885,1.155190163519,1.1937026653954,0,0
6873,-0.3142990617652568,1.097347980246,1.1937026653954,0,0
6874,-0.32392221601455373,1.149122584681,1.1937026653954,0,0
6875,-0.33172541209851525,1.081536111715,1.1937026653954,0,0
6876,-0.3254166061160917,1.127768102483,1.1937026653954,0,0
6877,-0.3302255165303356,1.061667642995,1.1937026653954,0,0
6878,-0.3284429496592747,1.115284465335,1.1937026653954,0,0
6879,-0.3297968930128402,1.05845436079,1.1937026653954,0,0
6880,-0.32057821851587076,1.123076391009,1.1937026653954,0,0
6881,0.18782736737646277,1.07315574137,1.1937026653954,0,0
6882,-0.32594111651092883,1.122750455759,1.1937026653954,0,0
6883,-0.33077956145976073,1.060492600693,1.1937026653954,0,0
6884,-0.32672272072820807,1.093212099139,1.1937026653954,0,0
6885,-0.11315844377433226,1.070665963638,1.1937026653954,0,0
6886,-0.32635213400489327,1.114392301055,1.1937026653954,0,0
6887,-0.3159554043438362,1.081780250873,1.1937026653954,0,0
6888,-0.3233780350461949,1.110225100935,1.1937026653954,0,0
6889,0.4569758678192515,1.151687685034,1.1937026653954,0,0
6890,-0.31695046009070027,1.144758696584,1.1937026653954,0,0
6891,0.5512558370849838,1.193703614285,1.1937026653954,1,0
6892,0.15018545967262886,1.178077709307,1.1937026653954,0,0
6893,-0.1805365811304489,1.15892452859,1.1937026653954,0,0
6894,-0.24197374649413605,1.17788426782,1.1937026653954,0,0
6895,-0.23904661604772415,1.195005438035,1.1937026653954,1,0
6896,-0.2386760866730201,1.182476634459,1.1937026653954,0,0
6897,-0.11839907453105758,1.143253495322,1.1937026653954,0,0
6898,-0.23801554537324598,1.135114456509,1.2965284422411998,0,0
6899,0.3967273671126592,1.160813900152,1.2965284422411998,0,0
6900,-0.31445155172150785,1.153208961375,1.2854671116552252,0,0
6901,-0.32426957655047417,1.156606035555,1.2854671116552252,0,0
6902,-0.32648156981958243,1.146078489886,1.2965284422411998,0,0
6903,-0.33131967067674917,1.172938194133,1.2965284422411998,0,0
6904,-0.33535271173479897,1.129178672716,1.2965284422411998,0,0
6905,-0.32117699536175903,1.166087984362,1.2965284422411998,0,0
6906,-0.3211523354590934,1.074346705145,1.1937026653954,0,0
6907,-0.3330346235356175,1.10244416388,1.1937026653954,0,0
6908,-0.3311742345996327,1.078597539123,1.1937026653954,0,0
6909,0.2335056506159756,1.103793330735,1.1937026653954,0,0
6910,-0.3369238342776547,1.083777493593,1.1937026653954,0,0
6911,-0.32809358192197446,1.099334935379,1.1937026653954,0,0
6912,-0.33764768844380766,1.088163947237,1.1937026653954,0,0
6913,-0.3358494080533737,1.09715555629,1.1937026653954,0,0
6914,-0.3192386123150177,1.09340179057,1.1937026653954,0,0
6915,-0.3198693896857606,1.099370422911,1.1937026653954,0,0
6916,-0.3322533060613926,1.094358721561,1.1937026653954,0,0
6917,-0.32001195833233453,1.103765565674,1.1937026653954,0,0
6918,-0.3192132068804111,1.094674484,1.1937026653954,0,0
6919,-0.31345815908435837,1.095138727665,1.1937026653954,0,0
6920,0.24130460290273437,1.115014925286,1.1937026653954,0,0
6921,-0.3193443058048149,1.107432100526,1.1937026653954,0,0
6922,-0.3137806303231697,1.118406558756,1.1937026653954,0,0
6923,-0.3102601138002894,1.100360147701,1.1937026653954,0,0
6924,-0.3146950539231783,1.107289993481,1.1937026653954,0,0
6925,-0.3192776667190068,1.105559185744,1.1937026653954,0,0
6926,-0.32470410697488716,1.107914548309,1.1937026653954,0,0
6927,-0.3170667630735048,1.096320546401,1.1937026653954,0,0
6928,-0.3273527525670099,1.109052312737,1.1937026653954,0,0
6929,-0.3318970564907904,1.103666410495,1.1937026653954,0,0
6930,0.2418677662612847,1.101692661321,1.2965284422411998,0,0
6931,-0.3274289115222191,1.102229861747,1.2965284422411998,0,0
6932,-0.33154378904795223,1.100258397652,1.2965284422411998,0,0
6933,-0.33663187249981563,1.108820581027,1.1937026653954,0,0
6934,-0.13235491633009722,1.086502191418,1.1937026653954,0,0
6935,-0.32924221724869585,1.085702346482,1.1937026653954,0,0
6936,-0.339432778653746,1.07598090207,1.1937026653954,0,0
6937,-0.3321406160410717,1.069098540789,1.1937026653954,0,0
6938,-0.3368687796112384,1.073646494939,1.1937026653954,0,0
6939,-0.33284422614759446,1.075823424851,1.1937026653954,0,0
6940,0.2345497394251168,1.076148211545,1.1937026653954,0,0
6941,-0.33700681771755514,1.075562064962,1.1937026653954,0,0
6942,-0.17346366225705556,1.06489717568,1.1937026653954,0,0
6943,-0.34089459474432093,1.058128375853,1.1937026653954,0,0
6944,-0.3390383922569282,1.044271184829,1.1937026653954,0,0
6945,-0.32919995132249913,1.05788380961,1.1937026653954,0,0
6946,-0.33652703923918126,1.039934612211,1.1937026653954,0,0
6947,-0.3328870082112888,1.053797447655,1.1937026653954,0,0
6948,-0.32934234792324046,1.037058182399,1.1937026653954,0,0
6949,-0.3355239546867981,1.058499368788,1.1937026653954,0,0
6950,0.24920942072512275,1.043268758053,1.1937026653954,0,0
6951,-0.33280964493525167,1.065206546504,1.1937026653954,0,0
6952,-0.32944396966166734,1.048518837825,1.1937026653954,0,0
6953,-0.3325040341880303,1.044860152979,1.1937026653954,0,0
6954,-0.3323097944430802,1.045566114407,1.1937026653954,0,0
6955,-0.3266788490409076,1.014765897457,1.1937026653954,0,0
6956,-0.3278371189342518,1.001321496657,1.1937026653954,0,0
6957,-0.3282824882461155,1.00035331573,1.1937026653954,0,0
6958,-0.33594753152653856,1.002977762281,1.1937026653954,0,0
6959,-0.3291543591768731,1.001501327235,1.1937026653954,0,0
6960,-0.3242230094784637,1.009217232281,1.1937026653954,0,0
6961,0.15495858455370226,1.005924085967,1.1937026653954,0,0
6962,-0.31591090182181625,1.004125093269,1.1937026653954,0,0
6963,-0.33002301858542316,0.988715982026,1.1937026653954,0,0
6964,-0.32921675446547827,0.993218769033,1.1937026653954,0,0
6965,-0.3294678840323919,0.981919443606,1.1937026653954,0,0
6966,-0.3269286022411608,0.992285314834,1.1937026653954,0,0
6967,-0.3265142011791563,0.985880192079,1.1937026653954,0,0
6968,-0.3236682190170975,0.991098679736,1.1937026653954,0,0
6969,-0.32521731969338685,0.983352153811,1.1937026653954,0,0
6970,-0.32348137724294723,0.991304941692,1.1937026653954,0,0
6971,0.2602437522416139,0.990808133205,1.1937026653954,0,0
6972,-0.32290594128167494,1.001571123117,1.1937026653954,0,0
6973,-0.3256573555844414,0.98384482771,1.1937026653954,0,0
6974,-0.327753103219356,0.987753717236,1.1937026653954,0,0
6975,-0.3275459600369647,0.983024051098,1.1937026653954,0,0
6976,-0.33126140448812524,0.984408727023,1.1937026653954,0,0
6977,-0.32257561328317697,0.984193786585,1.1937026653954,0,0
6978,-0.326422328704574,0.988443636597,1.1937026653954,0,0
6979,-0.12217955230692246,0.989368401902,1.1937026653954,0,0
6980,-0.32403484868626375,0.989348333454,1.1937026653954,0,0
6981,0.24627282775792048,0.989851526137,1.1937026653954,0,0
6982,-0.3196081094147265,0.997118263117,1.1937026653954,0,0
6983,-0.31505818532708263,0.988742673751,1.1937026653954,0,0
6984,-0.3130063093794685,0.99024418005,1.1937026653954,0,0
6985,-0.3207317407471171,0.98513752745,1.1937026653954,0,0
6986,-0.32057993897419623,0.986253421499,1.1937026653954,0,0
6987,-0.03198309087678797,0.988025400948,1.1937026653954,0,0
6988,-0.320567781068696,0.996431694974,1.1937026653954,0,0
6989,-0.32863994213754566,0.989713089976,1.1937026653954,0,0
6990,-0.32490878416701197,0.998992642635,1.1937026653954,0,0
6991,0.05057206959781535,0.988729207056,1.1937026653954,0,0
6992,-0.3228693528679524,0.994935853897,1.1937026653954,0,0
6993,-0.322347996646712,0.986617882578,1.1937026653954,0,0
6994,-0.3146353540192831,0.986862569874,1.1937026653954,0,0
6995,-0.31876542892689164,0.985657906021,1.1937026653954,0,0
6996,-0.3203832905875904,0.984195390222,1.1937026653954,0,0
6997,-0.3230862453141884,0.990870297277,1.1937026653954,0,0
6998,-0.3226701237938584,0.985215904734,1.1937026653954,0,0
6999,-0.31890943128873683,0.985920232159,1.1937026653954,0,0
7000,-0.32530724231520014,0.987410597356,1.1937026653954,0,0
7001,-0.318714331314624,0.987746311106,1.1937026653954,0,0
7002,0.2501857234762388,1.001435404812,1.1937026653954,0,0
7003,-0.3221737715669487,0.998909975106,1.1937026653954,0,0
7004,-0.31933535942152225,0.990681976426,1.1937026653954,0,0
7005,-0.31377300295792665,0.992601453577,1.1937026653954,0,0
7006,-0.3140503981886097,0.987509862774,1.1937026653954,0,0
7007,-0.3333491806661316,0.992072298619,1.1937026653954,0,0
7008,-0.32835939273326575,0.99004748628,1.1937026653954,0,0
7009,-0.32432520470299897,0.990790917796,1.1937026653954,0,0
7010,-0.3182201009863158,0.986702717591,1.1937026653954,0,0
7011,-0.3231785765776575,0.98867366679,1.1937026653954,0,0
7012,0.2413323596303858,0.996007599342,1.1937026653954,0,0
7013,-0.3213165245319579,1.000221817216,1.1937026653954,0,0
7014,-0.32982075003495404,0.98289551056,1.1937026653954,0,0
7015,-0.32054312116603034,0.987440216754,1.1937026653954,0,0
7016,-0.32384984206766054,0.978513025297,1.1937026653954,0,0
7017,-0.32394521280750466,0.983215410766,1.1937026653954,0,0
7018,-0.32465788399454176,0.979549093447,1.1937026653954,0,0
7019,-0.31608019492104644,0.985428814585,1.1937026653954,0,0
7020,-0.3104695509271148,0.98404067267,1.1937026653954,0,0
7021,-0.31903611437010526,0.982885961993,1.1937026653954,0,0
7022,0.25690675127345464,0.984866629943,1.1937026653954,0,0
7023,-0.3202435320229482,0.986670469679,1.1937026653954,0,0
7024,-0.11664432173625905,0.98413246978,1.1937026653954,0,0
7025,-0.3243730907930591,0.989982260483,1.1937026653954,0,0
7026,-0.33249640682278714,0.990403919757,1.1937026653954,0,0
7027,-0.33227527057934825,0.985980270339,1.1937026653954,0,0
7028,-0.3348716142383755,0.986997183079,1.1937026653954,0,0
7029,-0.32814290172730576,0.993276068054,1.1937026653954,0,0
7030,-0.3238498994162714,0.991449985043,1.1937026653954,0,0
7031,-0.3351908166063684,0.993572035763,1.1937026653954,0,0
7032,0.2389167214441481,0.99752235999,1.1937026653954,0,0
7033,-0.34085777693615504,0.998497079478,1.1937026653954,0,0
7034,0.15768975479683855,1.002935771918,1.1937026653954,0,0
7035,-0.3299665875523464,1.000446775753,1.1937026653954,0,0
7036,-0.33777706690988596,0.997076482057,1.1937026653954,0,0
7037,-0.33377017681838395,0.997417808472,1.1937026653954,0,0
7038,0.408043395005647,1.025870466397,1.1937026653954,0,0
7039,-0.2535620082428306,1.023266793961,1.1937026653954,0,0
7040,0.18091445112734172,1.051618217831,1.1937026653954,0,0
7041,0.18681390272551557,1.057313054601,1.1937026653954,0,0
7042,-0.25092414418954767,1.081910154576,1.1937026653954,0,0
7043,0.10847948531227525,1.084214410776,1.1937026653954,0,0
7044,0.17942246966745956,1.106595714827,1.1937026653954,0,0
7045,0.3198306793734367,1.121422599404,1.1937026653954,0,0
7046,0.11665636494453757,1.145771692348,1.1937026653954,0,0
7047,-0.3336561677800135,1.1562300679,1.1937026653954,0,0
7048,-0.3318461882729661,1.146395446748,1.1937026653954,0,0
7049,-0.33549533772998374,1.182422736809,1.1937026653954,0,0
7050,-0.327956977530929,1.134791844886,1.1937026653954,0,0
7051,-0.3317825313149222,1.183640572752,1.1937026653954,0,0
7052,-0.32789314852705254,1.133426190222,1.1937026653954,0,0
7053,-0.32495489245013565,1.180851376706,1.1937026653954,0,0
7054,-0.3268250879985759,1.137435148872,1.1937026653954,0,0
7055,0.26821325929704143,1.192629807802,1.1937026653954,0,0
7056,-0.3091293138915425,1.175959678232,1.1937026653954,0,0
7057,-0.3115747733554225,1.187491592775,1.1937026653954,0,0
7058,-0.31282262177891496,1.157864535976,1.1937026653954,0,0
7059,-0.3103258926569348,1.185629629291,1.1937026653954,0,0
7060,-0.3094404874540164,1.160443278712,1.1937026653954,0,0
7061,-0.3130237433571671,1.18007607795,1.1937026653954,0,0
7062,-0.3188015585517273,1.159203247712,1.2965284422411998,0,0
7063,-0.31857095978749816,1.192175940186,1.2965284422411998,0,0
7064,-0.31868451003698184,1.167452977179,1.2965284422411998,0,0
7065,0.25293226314708295,1.188186507394,1.2965284422411998,0,0
7066,-0.32334144663247233,1.15879573807,1.2965284422411998,0,0
7067,0.3085342647053595,1.250323114568,1.2965284422411998,0,0
7068,-0.3210949868482431,1.197579899742,1.2965284422411998,0,0
7069,-0.2699238536614852,1.244491119497,1.2965284422411998,0,0
7070,0.20641267578639577,1.230248512271,1.2965284422411998,0,0
7071,-0.012040226150806022,1.284880634196,1.2965284422411998,0,0
7072,-0.2163219996038358,1.244500668114,1.2965284422411998,0,0
7073,-0.22968451267501788,1.271343884441,1.2965284422411998,0,0
7074,-0.22261618169049258,1.255444103418,1.2965284422411998,0,0
7075,-0.24417048503275807,1.276946752345,1.2965284422411998,0,0
7076,-0.24226817426224168,1.233404386339,1.2965284422411998,0,0
7077,0.33466940303651715,1.316937131724,1.2854671116552252,1,0
7078,-0.23573719976138396,1.27001979735,1.367001053022495,0,0
7079,-0.31051783845745085,1.295634812185,1.367001053022495,0,0
7080,-0.3115911750581257,1.263438093909,1.367001053022495,0,0
7081,-0.3123723204865181,1.321959899946,1.367001053022495,0,0
7082,-0.31281866472476627,1.256583410584,1.367001053022495,0,0
7083,-0.3117534716268321,1.309484119047,1.367001053022495,0,0
7084,-0.30789608936381696,1.235319096294,1.367001053022495,0,0
7085,-0.3230719081614758,1.326104326948,1.367001053022495,0,0
7086,-0.33122768350494525,1.217472986807,1.367001053022495,0,0
7087,-0.3303895909059784,1.278861580741,1.367001053022495,0,0
7088,0.23844095736853377,1.272438172885,1.367001053022495,0,0
7089,-0.33028756772727574,1.302133209535,1.367001053022495,0,0
7090,-0.3249162968350334,1.245212205755,1.367001053022495,0,0
7091,-0.3247266449789513,1.304976897748,1.367001053022495,0,0
7092,-0.3265854281538324,1.280283830663,1.367001053022495,0,0
7093,-0.317785914653568,1.304552601728,1.367001053022495,0,0
7094,-0.3190596273005538,1.269378224566,1.367001053022495,0,0
7095,-0.3228436033416806,1.286060543109,1.367001053022495,0,0
7096,-0.314505115324042,1.268000262567,1.367001053022495,0,0
7097,-0.320289181517185,1.242272859842,1.367001053022495,0,0
7098,0.26124655005094266,1.257017954648,1.367001053022495,0,0
7099,-0.3211033023968164,1.251210867027,1.367001053022495,0,0
7100,-0.3191578654709405,1.267927917451,1.367001053022495,0,0
7101,-0.32543742366183037,1.239444453887,1.367001053022495,0,0
7102,-0.32048605929823426,1.215811844184,1.367001053022495,0,0
7103,-0.31981456441378764,1.191911610143,1.367001053022495,0,0
7104,-0.3199918863185369,1.182355229261,1.367001053022495,0,0
7105,-0.3263251228091827,1.156032334195,1.2854671116552252,0,0
7106,-0.31667403978640163,1.164158757796,1.2854671116552252,0,0
7107,-0.3161942039594169,1.127446866409,1.2965284422411998,0,0
7108,0.24900812710103803,1.113274726149,1.2965284422411998,0,0
7109,-0.3241074520276003,1.093543306952,1.2965284422411998,0,0
7110,-0.32419261471471306,1.08408576454,1.2965284422411998,0,0
7111,-0.3234528749833546,1.071321421702,1.2965284422411998,0,0
7112,-0.11546466081106765,1.075741884731,1.2965284422411998,0,0
7113,-0.3255177117170208,1.085217188688,1.2965284422411998,0,0
7114,-0.3243272692529896,1.076444164434,1.2965284422411998,0,0
7115,-0.3279502103948486,1.087696357979,1.2965284422411998,0,0
7116,-0.3279988420168497,1.074655603568,1.2965284422411998,0,0
7117,-0.3361255989632289,1.049293904408,1.2965284422411998,0,0
7118,0.23523436714144808,1.081418599453,1.2965284422411998,0,0
7119,-0.3325082779852332,1.056243629949,1.2965284422411998,0,0
7120,-0.3297307700645298,1.056810793454,1.2965284422411998,0,0
7121,-0.3273027445783484,1.035007313589,1.2965284422411998,0,0
7122,-0.037067045228670104,1.045563951991,1.2965284422411998,0,0
7123,-0.3344299725862171,1.041164855583,1.2965284422411998,0,0
7124,-0.32717824074419233,1.050525812458,1.2965284422411998,0,0
7125,-0.33565264496954617,1.047431615397,1.2965284422411998,0,0
7126,-0.3333124202065766,1.042610403722,1.2965284422411998,0,0
7127,-0.32414329490938176,1.0387541847,1.1937026653954,0,0
7128,0.002263779064705984,1.0470481046,1.1937026653954,0,0
7129,-0.3369379993845347,1.029494312481,1.1937026653954,0,0
7130,-0.3324506426313286,1.00891725161,1.1937026653954,0,0
7131,-0.33141745005824896,1.023774245724,1.1937026653954,0,0
7132,-0.3246554753528861,1.009311058136,1.1937026653954,0,0
7133,-0.3321286875300148,1.017690484863,1.1937026653954,0,0
7134,-0.3382668813951587,0.993586333657,1.1937026653954,0,0
7135,-0.3331281017713036,1.000212737574,1.1937026653954,0,0
7136,-0.33948691574238865,0.994478487396,1.1937026653954,0,0
7137,-0.33242489310505685,0.991465571379,1.1937026653954,0,0
7138,-0.33935134362633845,0.991279759588,1.1937026653954,0,0
7139,0.22888381137032554,1.002693810504,1.1937026653954,0,0
7140,-0.3331578657003349,1.001166712824,1.1937026653954,0,0
7141,-0.33669478392591845,0.979151651344,1.1937026653954,0,0
7142,-0.330091664872611,0.987265142323,1.1937026653954,0,0
7143,-0.327203244738523,0.979513405061,1.1937026653954,0,0
7144,-0.3326178138319573,0.990669228052,1.1937026653954,0,0
7145,-0.32334901664910465,0.982100130153,1.1937026653954,0,0
7146,-0.3315552587701224,0.990154763391,1.1937026653954,0,0
7147,-0.3297798031268069,0.985005783544,1.1937026653954,0,0
7148,-0.32498442698472363,0.99331246307,1.1937026653954,0,0
7149,0.24883562247960023,0.98550368668,1.1937026653954,0,0
7150,-0.3278618361855282,1.004457651365,1.1937026653954,0,0
7151,-0.32419697320913765,0.982007923672,1.1937026653954,0,0
7152,-0.3312029089050579,0.992029153751,1.1937026653954,0,0
7153,-0.33244244177997706,0.974856466525,1.1937026653954,0,0
7154,-0.3302853884800634,0.988013260209,1.1937026653954,0,0
7155,-0.3224874684683,0.975681574422,1.1937026653954,0,0
7156,-0.3362426474779744,0.988899888468,1.1937026653954,0,0
7157,-0.33179296876209696,0.981357880081,1.1937026653954,0,0
7158,-0.3299546590412895,0.989934241026,1.1937026653954,0,0
7159,0.2407386868108632,0.983963729708,1.1937026653954,0,0
7160,-0.33788075319830335,0.995749918427,1.1937026653954,0,0
7161,-0.33451054738446173,0.984490901785,1.1937026653954,0,0
7162,-0.3297562901963582,0.984057640233,1.1937026653954,0,0
7163,-0.332651305420694,0.981904437278,1.1937026653954,0,0
7164,-0.33247478639649664,0.985817251105,1.1937026653954,0,0
7165,-0.32083531233831275,0.985926237031,1.1937026653954,0,0
7166,-0.32039476030976055,0.990034018696,1.1937026653954,0,0
7167,-0.026846261105701874,0.983022538832,1.1937026653954,0,0
7168,-0.31974207576967284,0.994340119546,1.1937026653954,0,0
7169,0.25239628303007566,0.988686862881,1.1937026653954,0,0
7170,-0.32500788256656143,0.998878546162,1.1937026653954,0,0
7171,-0.31993396422157805,0.991214067827,1.1937026653954,0,0
7172,-0.31625705803690884,0.988343910423,1.1937026653954,0,0
7173,-0.3169185169144566,0.989443811126,1.1937026653954,0,0
7174,-0.3137544220080112,0.989850095537,1.1937026653954,0,0
7175,-0.3169893424488568,0.986339386681,1.1937026653954,0,0
7176,0.39442642614812207,1.032816537612,1.1937026653954,0,0
7177,-0.31361173866421554,1.016252497841,1.1937026653954,0,0
7178,-0.31383425127431486,1.015856638112,1.1937026653954,0,0
7179,0.5634208538130001,1.050594665631,1.1937026653954,0,0
7180,0.17979500624354317,1.072141483287,1.1937026653954,0,0
7181,0.182714509324712,1.076114722377,1.1937026653954,0,0
7182,0.2990085457458973,1.133398364405,1.1937026653954,0,0
7183,-0.11158697713981147,1.106975713375,1.1937026653954,0,0
7184,0.3181452037005452,1.166363079074,1.1937026653954,0,0
7185,0.2715204389875585,1.137703688415,1.1937026653954,0,0
7186,-0.29441687186955445,1.175850315953,1.1937026653954,0,0
7187,0.3332067840653903,1.126894562949,1.1937026653954,0,0
7188,-0.32245088005457756,1.195296524002,1.1937026653954,1,0
7189,-0.32220743520151784,1.161933986016,1.1937026653954,0,0
7190,-0.32897290817214264,1.247994406691,1.1937026653954,1,0
7191,-0.32496217572371366,1.200624311125,1.1937026653954,1,0
7192,-0.31660069091312404,1.235060907057,1.1937026653954,1,0
7193,-0.3147266530077568,1.175688327602,1.1937026653954,0,0
7194,-0.32326276433838574,1.251040208449,1.1937026653954,1,0
7195,-0.31262339270482087,1.186091957962,1.1937026653954,0,0
7196,-0.32062490028510293,1.231439395582,1.1937026653954,1,0
7197,0.25687062164861896,1.220478948564,1.1937026653954,1,0
7198,-0.3178050117409811,1.247365380677,1.1937026653954,1,0
7199,-0.3139049621114933,1.219538124237,1.1937026653954,1,0
7200,-0.32201273666768093,1.255832828764,1.1937026653954,1,0
7201,-0.3120958428336086,1.226792215541,1.1937026653954,1,0
7202,-0.31816751231016605,1.239322848862,1.1937026653954,1,0
7203,-0.31172560020195883,1.181771057432,1.1937026653954,0,0
7204,-0.3158133518347599,1.236957361436,1.1937026653954,1,0
7205,-0.3184378536617145,1.197893391239,1.1937026653954,1,0
7206,-0.32605306099930875,1.228089295249,1.1937026653954,1,0
7207,0.23380822188682204,1.213598444811,1.2965284422411998,0,0
7208,-0.3176996623428491,1.24224078113,1.2965284422411998,0,0
7209,-0.3246032307684015,1.217421860898,1.2965284422411998,0,0
7210,-0.32907533279112133,1.238610945035,1.2965284422411998,0,0
7211,-0.3335158357292627,1.199997101062,1.2965284422411998,0,0
7212,-0.09209131688124028,1.246237068241,1.2965284422411998,0,0
7213,-0.32862830036954294,1.168389761245,1.2965284422411998,0,0
7214,-0.3316751747154104,1.237634558393,1.2965284422411998,0,0
7215,-0.3352120355923831,1.18725642656,1.2965284422411998,0,0
7216,-0.3318835222186297,1.222384133159,1.2965284422411998,0,0
7217,0.23921172269836233,1.204908789489,1.2965284422411998,0,0
7218,-0.3379282951966983,1.223043205313,1.2965284422411998,0,0
7219,-0.33593393990576703,1.222777867385,1.2965284422411998,0,0
7220,-0.32672736596568697,1.220726875567,1.2965284422411998,0,0
7221,-0.3309137572091505,1.224338158407,1.2965284422411998,0,0
7222,-0.33311451015053206,1.213940722479,1.2965284422411998,0,0
7223,-0.32992890951501774,1.196751193241,1.2965284422411998,0,0
7224,-0.33774363266976026,1.225871366312,1.2965284422411998,0,0
7225,-0.3360392319552883,1.212740834721,1.2965284422411998,0,0
7226,-0.329131419732533,1.21277900581,1.2965284422411998,0,0
7227,-0.33863024219350635,1.218479932119,1.2965284422411998,0,0
7228,0.4433220811535603,1.240462299625,1.2965284422411998,0,0
7229,-0.32711922902362733,1.244060612375,1.2965284422411998,0,0
7230,0.2085167963184944,1.292982609824,1.2965284422411998,0,0
7231,0.1813816129113286,1.281135891437,1.2965284422411998,0,0
7232,0.1786216536655454,1.334860440249,1.2965284422411998,1,0
7233,-0.01871434278434614,1.318928840022,1.2965284422411998,1,0
7234,-0.24952156921398105,1.296135078898,1.2965284422411998,0,0
7235,-0.2618797934119522,1.294309614259,1.2965284422411998,0,0
7236,-0.26715844629767116,1.259377818287,1.2965284422411998,0,0
7237,-0.2539483084855184,1.306689305061,1.2854671116552252,1,0
7238,0.4311642903505113,1.277436992709,1.2854671116552252,0,0
7239,-0.335636988798784,1.290731727067,1.2854671116552252,1,0
7240,-0.3369870897954226,1.255987870253,1.2965284422411998,0,0
7241,-0.31056084991558863,1.271350217817,1.2965284422411998,0,0
7242,-0.3286661504527042,1.217365226407,1.2965284422411998,0,0
7243,-0.33277500637429813,1.16858085002,1.2965284422411998,0,0
7244,-0.33273325658559905,1.190860401046,1.2965284422411998,0,0
7245,-0.3363304482011863,1.156615186203,1.2965284422411998,0,0
7246,-0.3310163538739618,1.147946106671,1.1937026653954,0,0
7247,-0.32783625870508903,1.120072468,1.1937026653954,0,0
7248,0.23122879606799573,1.11502380656,1.1937026653954,0,0
7249,-0.33546402538845943,1.064610320452,1.1937026653954,0,0
7250,-0.33182445314945386,1.078567028065,1.1937026653954,0,0
7251,-0.31921200255958326,1.040877275567,1.1937026653954,0,0
7252,-0.33792221624394814,1.070688167297,1.1937026653954,0,0
7253,-0.3298935827707339,1.038597653766,1.1937026653954,0,0
7254,-0.3374143942948684,1.079521175694,1.1937026653954,0,0
7255,-0.32928436847767084,1.037439702309,1.1937026653954,0,0
7256,-0.3214525554368949,1.069773568267,1.1937026653954,0,0
7257,-0.1331361764557113,1.040534734979,1.1937026653954,0,0
7258,0.2330617723679942,1.071285673784,1.1937026653954,0,0
7259,-0.3388583176188582,1.050654564471,1.1937026653954,0,0
7260,-0.33582939338818696,1.076365524222,1.1937026653954,0,0
7261,-0.3285495607268455,1.045448965352,1.1937026653954,0,0
7262,-0.33032759705764925,1.07441456993,1.1937026653954,0,0
7263,-0.32212525464216935,1.045571980543,1.1937026653954,0,0
7264,-0.3310018446754166,1.075162400972,1.1937026653954,0,0
7265,-0.33565551240008873,1.046005310222,1.1937026653954,0,0
7266,-0.33247828466175844,1.078077022461,1.1937026653954,0,0
7267,-0.32608466008388726,1.046867256492,1.1937026653954,0,0
7268,0.23500657845915063,1.080983139899,1.1937026653954,0,0
7269,-0.3258449428905329,1.061101600125,1.1937026653954,0,0
7270,-0.32858064367392636,1.081475975092,1.1937026653954,0,0
7271,-0.3235493926954157,1.056744745995,1.1937026653954,0,0
7272,0.3113648774397102,1.144345210767,1.1937026653954,0,0
7273,-0.31068793443723297,1.090115714493,1.1937026653954,0,0
7274,0.532289619201783,1.229526066272,1.1937026653954,1,0
7275,-0.04666141047532024,1.13590551939,1.1937026653954,0,0
7276,-0.23758049881133536,1.239206913538,1.1937026653954,1,0
7277,-0.23541168904619736,1.138569994808,1.1937026653954,0,0
7278,-0.24156559643071418,1.211100693244,1.1937026653954,1,0
7279,-0.2378123592450032,1.156787874082,1.1937026653954,0,0
7280,-0.24220348502920253,1.225024816327,1.1937026653954,1,0
7281,-0.2462504617996889,1.149049071372,1.1937026653954,0,0
7282,0.42880588607790204,1.246731060305,1.1937026653954,1,0
7283,-0.2558011847534818,1.201964214732,1.1937026653954,1,0
7284,-0.323248083094008,1.244803943093,1.1937026653954,1,0
7285,-0.32008261182090214,1.216338958786,1.1937026653954,1,0
7286,-0.3070187129664177,1.251089891879,1.1937026653954,1,0
7287,-0.3220285075356648,1.218070265965,1.1937026653954,1,0
7288,-0.32178483328816176,1.240990224364,1.1937026653954,1,0
7289,-0.3207998708968073,1.2241223638,1.1937026653954,1,0
7290,-0.3114368499463275,1.249707813312,1.1937026653954,1,0
7291,-0.3155475410234686,1.206857965366,1.1937026653954,1,0
7292,-0.3152402671665324,1.205646955279,1.1937026653954,1,0
7293,0.16453293513516543,1.203004255262,1.2965284422411998,0,0
7294,-0.3103363874527204,1.189522049766,1.2965284422411998,0,0
7295,-0.3188762837916653,1.174541400959,1.2965284422411998,0,0
7296,-0.32566337718858074,1.160773085489,1.1937026653954,0,0
7297,-0.3250044416499104,1.139355403352,1.1937026653954,0,0
7298,-0.319875755381565,1.154039295918,1.1937026653954,0,0
7299,-0.32464899495986,1.15302699565,1.1937026653954,0,0
7300,-0.31988252251764526,1.144630677006,1.1937026653954,0,0
7301,-0.3173263802348242,1.150673585355,1.1937026653954,0,0
7302,-0.3242202567451429,1.1161172211,1.1937026653954,0,0
7303,0.009368583765732241,1.107446868956,1.1937026653954,0,0
7304,-0.3236564625518733,1.106510149823,1.1937026653954,0,0
7305,-0.3183488486176749,1.119196800641,1.1937026653954,0,0
7306,-0.31885965269451877,1.105278435209,1.1937026653954,0,0
7307,-0.3173342369945107,1.103079191708,1.1937026653954,0,0
7308,-0.33123525352157746,1.09819656776,1.1937026653954,0,0
7309,-0.32256316863462253,1.113726923199,1.1937026653954,0,0
7310,-0.33338989817983544,1.096635270018,1.1937026653954,0,0
7311,-0.332081891063561,1.108147911111,1.1937026653954,0,0
7312,-0.32593492286095704,1.068592282953,1.1937026653954,0,0
7313,0.24001127703083758,1.095900878997,1.1937026653954,0,0
7314,-0.32022953896190065,1.083195756961,1.1937026653954,0,0
7315,-0.32471374154151,1.102907826113,1.1937026653954,0,0
7316,-0.31517351338350263,1.089419950007,1.1937026653954,0,0
7317,-0.12368701789173431,1.106321062076,1.1937026653954,0,0
7318,-0.33813262829715807,1.0942549342,1.1937026653954,0,0
7319,-0.33314851787676636,1.109422605219,1.1937026653954,0,0
7320,-0.33222285394903106,1.087422250184,1.1937026653954,0,0
7321,-0.3298935827707339,1.099572744283,1.1937026653954,0,0
7322,-0.3338875120761837,1.041867575701,1.1937026653954,0,0
7323,0.16220630199296737,1.064570327929,1.1937026653954,0,0
7324,-0.32079080981629293,1.042719965192,1.1937026653954,0,0
7325,-0.3354504337676879,1.062513523319,1.1937026653954,0,0
7326,-0.33335434204110814,1.027217070369,1.1937026653954,0,0
7327,-0.3284978322798585,1.042545022585,1.1937026653954,0,0
7328,-0.26805182295749774,1.039993918525,1.1937026653954,0,0
7329,0.5752183806426876,1.142683277751,1.1937026653954,0,0
7330,0.18224551238517805,1.15565607607,1.2965284422411998,0,0
7331,-0.24777266597748926,1.167899865111,1.2965284422411998,0,0
7332,-0.2600856421214994,1.125684088587,1.2965284422411998,0,0
7333,-0.25576809460502126,1.15220351305,1.2965284422411998,0,0
7334,0.123851092267377,1.132705617372,1.2965284422411998,0,0
7335,-0.26088301720676255,1.14225470227,1.2965284422411998,0,0
7336,-0.31620791027741013,1.140856299562,1.2965284422411998,0,0
7337,-0.33227389421268794,1.156926403696,1.2965284422411998,0,0
7338,-0.2910781504430696,1.06428275185,1.2965284422411998,0,0
7339,-0.333037892406436,1.061282526661,1.2965284422411998,0,0
7340,-0.32861579837237764,1.079321058215,1.2965284422411998,0,0
7341,-0.3356233398294016,1.095370502576,1.2965284422411998,0,0
7342,-0.3283923681845047,1.072811760435,1.1937026653954,0,0
7343,-0.32634553891464546,1.082059648128,1.1937026653954,0,0
7344,0.25109527244432517,1.085673306798,1.1937026653954,0,0
7345,-0.3372309360887582,1.082963311313,1.1937026653954,0,0
7346,-0.3196089696438892,1.03372929629,1.1937026653954,0,0
7347,-0.14667394688165214,1.056517910053,1.1937026653954,0,0
7348,-0.33121586969111005,1.041343085343,1.1937026653954,0,0
7349,-0.3341352007264463,1.041504611492,1.1937026653954,0,0
7350,-0.3278089034177134,1.038871944465,1.1937026653954,0,0
7351,-0.33571223017621965,1.057254882405,1.1937026653954,0,0
7352,-0.33092213010633464,1.036393423114,1.1937026653954,0,0
7353,-0.3249770290139239,1.044955450577,1.1937026653954,0,0
7354,-0.33585313571307895,1.04838687795,1.1937026653954,0,0
7355,0.2335768775906517,1.087573327496,1.1937026653954,0,0
7356,-0.3295057914641639,1.079557024802,1.1937026653954,0,0
7357,-0.3293192364330678,1.071352766599,1.1937026653954,0,0
7358,-0.3282346021560555,1.07094169042,1.1937026653954,0,0
7359,-0.3355113953410218,1.067347271341,1.1937026653954,0,0
7360,-0.3344833641429187,1.092748932034,1.1937026653954,0,0
7361,-0.33046964956672553,1.084866957031,1.1937026653954,0,0
7362,-0.32993928961358165,1.08380153095,1.1937026653954,0,0
7363,-0.32582859853644053,1.06376621775,1.1937026653954,0,0
7364,-0.3324336674425169,1.089541533795,1.1937026653954,0,0
7365,0.24945946066843017,1.11236556286,1.1937026653954,0,0
7366,-0.33161260738097265,1.094451164401,1.1937026653954,0,0
7367,-0.3330074402940745,1.102428637682,1.1937026653954,0,0
7368,-0.33226460373773015,1.090357873617,1.1937026653954,0,0
7369,-0.138149821410691,1.099584342246,1.1937026653954,0,0
7370,0.27681176591627543,1.124287780671,1.1937026653954,0,0
7371,-0.32669519339499997,1.101047688927,1.1937026653954,0,0
7372,0.5241634357415124,1.197282005738,1.1937026653954,1,0
7373,-0.09743408551388999,1.181954394259,1.1937026653954,0,0
7374,-0.23956189331621436,1.237091600521,1.1937026653954,1,0
7375,-0.3130910132776945,1.185901040896,1.1937026653954,0,0
7376,-0.3068214910937034,1.26999211079,1.1937026653954,1,0
7377,-0.303157316300643,1.235896148084,1.1937026653954,1,0
7378,-0.30575325851939417,1.243459364891,1.1937026653954,1,0
7379,-0.3186679936370569,1.175422304192,1.1937026653954,0,0
7380,0.557516126142628,1.303583794162,1.1937026653954,1,0
7381,-0.31379250148561577,1.244615094206,1.1937026653954,1,0
7382,-0.32229689903444436,1.300626279746,1.1937026653954,1,0
7383,-0.3283744754179194,1.239330850057,1.1937026653954,1,0
7384,-0.329779745778196,1.287182162691,1.1937026653954,1,0
7385,-0.32909213593410047,1.251868120258,1.1937026653954,1,0
7386,-0.3231279951028875,1.273347802796,1.1937026653954,1,0
7387,-0.32016238373859496,1.235453179626,1.1937026653954,1,0
7388,-0.3190433976436833,1.243839722817,1.1937026653954,1,0
7389,-0.3184143980798768,1.215127646406,1.1937026653954,1,0
7390,0.25011231725435046,1.249776525228,1.1937026653954,1,0
7391,-0.3226688621244197,1.207739807762,1.1937026653954,1,0
7392,-0.17698263036744288,1.238462498048,1.1937026653954,1,0
7393,-0.3251986813948604,1.160155182499,1.1937026653954,0,0
7394,-0.32466379090145936,1.169695092795,1.1937026653954,0,0
7395,-0.3173135341459937,1.135060250996,1.1937026653954,0,0
7396,-0.3101739761867922,1.181000638885,1.1937026653954,0,0
7397,-0.31109533896871366,1.139871847884,1.1937026653954,0,0
7398,-0.31000336406951245,1.166706977129,1.1937026653954,0,0
7399,-0.3100971863968637,1.135884043641,1.1937026653954,0,0
7400,0.25640265698408005,1.177483812178,1.1937026653954,0,0
7401,-0.3245555740727848,1.146476787527,1.1937026653954,0,0
7402,-0.31914639574877046,1.186943935529,1.1937026653954,0,0
7403,-0.315822871704161,1.141069790684,1.1937026653954,0,0
7404,-0.31562587922589014,1.164817504157,1.1937026653954,0,0
7405,-0.3142978000958181,1.115735822756,1.1937026653954,0,0
7406,-0.3134419294274877,1.166760707808,1.1937026653954,0,0
7407,-0.3078647196736818,1.12507727448,1.2965284422411998,0,0
7408,-0.30846814175704906,1.125316115142,1.2965284422411998,0,0
7409,-0.3092432655813021,1.105213898414,1.2965284422411998,0,0
7410,0.015845650572390735,1.140027444519,1.2965284422411998,0,0
7411,-0.3254756178366567,1.12005148922,1.2965284422411998,0,0
7412,-0.3140315304956399,1.139379391956,1.2965284422411998,0,0
7413,-0.3209986411820145,1.099864628766,1.2965284422411998,0,0
7414,-0.31064727427214,1.131362748115,1.2965284422411998,0,0
7415,-0.12960516513704545,1.117508424281,1.2965284422411998,0,0
7416,-0.3230672629239969,1.121382377307,1.2965284422411998,0,0
7417,-0.3245374519117561,1.10441868866,1.2965284422411998,0,0
7418,-0.3151509753794385,1.118605284179,1.2965284422411998,0,0
7419,-0.32204840750362984,1.095400940173,1.2965284422411998,0,0
7420,-0.33358964339142705,1.102384646521,1.2965284422411998,0,0
7421,0.23834140018009764,1.091077408759,1.2965284422411998,0,0
7422,-0.33102329305587463,1.090825229063,1.2965284422411998,0,0
7423,0.5715563277482285,1.122061470327,1.2854671116552252,0,0
7424,0.1790683993440696,1.168179662503,1.2854671116552252,0,0
7425,-0.24318919295249808,1.170656729963,1.2854671116552252,0,0
7426,-0.2544081296473164,1.193604413049,1.2854671116552252,0,0
7427,-0.25359693354683843,1.165739719831,1.2854671116552252,0,0
7428,-0.2663115220126334,1.18784964634,1.2854671116552252,0,0
7429,-0.26447550623626004,1.135063596798,1.2854671116552252,0,0
7430,-0.25780781264713504,1.15522728378,1.367001053022495,0,0
7431,0.35254439155245776,1.125906687551,1.367001053022495,0,0
7432,-0.2502541403689833,1.161466465867,1.367001053022495,0,0
7433,-0.325673241149647,1.09953047601,1.367001053022495,0,0
7434,-0.32162397043472657,1.151059343541,1.367001053022495,0,0
7435,-0.28026919896722036,1.108396801936,1.367001053022495,0,0
7436,-0.3326600224095432,1.082464103256,1.367001053022495,0,0
7437,-0.2554845057243663,1.082935524387,1.367001053022495,0,0
7438,-0.3354782478439503,1.085660370706,1.2854671116552252,0,0
7439,-0.33222314069208536,1.082375605649,1.2854671116552252,0,0
7440,-0.3285020760770614,1.083203302432,1.2854671116552252,0,0
7441,0.23822165628064207,1.083946420896,1.2854671116552252,0,0
7442,-0.33614492544508545,1.08602838746,1.2854671116552252,0,0
7443,-0.3283451702777749,1.073292484263,1.2854671116552252,0,0
7444,-0.33262005042778053,1.046168431498,1.2854671116552252,0,0
7445,-0.33311112658249187,1.03431156268,1.2854671116552252,0,0
7446,-0.3277478271471578,1.045880060459,1.2854671116552252,0,0
7447,-0.3331460518864998,1.037212310489,1.2854671116552252,0,0
7448,-0.3318131554731163,1.043541736053,1.2854671116552252,0,0
7449,-0.31718467181741306,1.038538610711,1.2854671116552252,0,0
7450,-0.33116305162051696,1.037651929718,1.2854671116552252,0,0
7451,-0.3221091396825204,1.053859782478,1.2854671116552252,0,0
7452,0.23612889077349175,1.074375487976,1.2854671116552252,0,0
7453,-0.32446920706484417,1.066672089329,1.2854671116552252,0,0
7454,-0.3340318585296941,1.059874214953,1.2854671116552252,0,0
7455,-0.3283042807182386,1.070561653918,1.2854671116552252,0,0
7456,-0.3352996642697623,1.073370018853,1.2965284422411998,0,0
7457,-0.3245091790466069,1.067083820018,1.2965284422411998,0,0
7458,-0.32793271906853927,1.070044002095,1.2965284422411998,0,0
7459,-0.33597041362226787,1.050771317505,1.2965284422411998,0,0
7460,-0.3210982557190616,1.067165384789,1.2965284422411998,0,0
7461,-0.32891980335849524,1.053491791707,1.1937026653954,0,0
7462,0.2495196767098231,1.066902560428,1.1937026653954,0,0
7463,-0.3352025157229819,1.071409576286,1.1937026653954,0,0
7464,-0.33187474788116955,1.040980838341,1.1937026653954,0,0
7465,-0.3305739666898623,1.062231799747,1.1937026653954,0,0
7466,-0.14183647685920475,1.052502774071,1.1937026653954,0,0
7467,-0.3357819660870137,1.069135108341,1.1937026653954,0,0
7468,-0.3323853225635701,1.05654489465,1.1937026653954,0,0
7469,-0.32491807464196976,1.046785894064,1.1937026653954,0,0
7470,-0.33165148973912917,1.057676898907,1.1937026653954,0,0
7471,-0.3303956698587286,1.051218263295,1.1937026653954,0,0
7472,0.23746132839798828,1.061215603334,1.1937026653954,0,0
7473,-0.3363214444692828,1.038632673466,1.1937026653954,0,0
7474,-0.3246695257625444,1.04638574881,1.1937026653954,0,0
7475,-0.323612476167351,1.047898517978,1.1937026653954,0,0
7476,-0.3273784447446708,1.03600491569,1.1937026653954,0,0
7477,-0.3253411353442127,1.04932206105,1.1937026653954,0,0
7478,-0.32773228567361734,1.040042714554,1.1937026653954,0,0
7479,-0.32581196743929397,1.039004384544,1.1937026653954,0,0
7480,-0.3198200698804293,1.037164963131,1.1937026653954,0,0
7481,-0.3322006026880212,1.048937787627,1.1937026653954,0,0
7482,0.2531551198488473,1.050193140042,1.1937026653954,0,0
7483,-0.32491021788228325,1.056808837225,1.1937026653954,0,0
7484,-0.31848826309065204,1.048872842234,1.1937026653954,0,0
7485,-0.31370779758738987,1.04436781514,1.1937026653954,0,0
7486,-0.32713930103742495,1.048861429372,1.1937026653954,0,0
7487,-0.3253606912205127,1.006765666474,1.1937026653954,0,0
7488,-0.322114645149162,0.994420397896,1.1937026653954,0,0
7489,-0.3204126530763458,0.995683865127,1.1937026653954,0,0
7490,-0.32024106603268165,1.000550652121,1.1937026653954,0,0
7491,-0.31981943904571,0.993666755782,1.1937026653954,0,0
7492,-0.3161725261845155,0.99709613775,1.1937026653954,0,0
7493,0.24823483843233207,1.005001119592,1.1937026653954,0,0
7494,-0.3240298593571198,1.001196123584,1.1937026653954,0,0
7495,-0.3193345565409704,0.991156793932,1.1937026653954,0,0
7496,-0.316716076318155,0.994780268558,1.1937026653954,0,0
7497,-0.3154250443906922,0.988142793295,1.1937026653954,0,0
7498,-0.31430055282913893,0.994685841702,1.1937026653954,0,0
7499,-0.3178232485992315,0.992117266171,1.1937026653954,0,0
7500,-0.3104169049023543,0.993333195138,1.1937026653954,0,0
7501,-0.3093655328196351,0.988858596969,1.1937026653954,0,0
7502,-0.310067537165054,0.993601292791,1.1937026653954,0,0
7503,0.24936322969942326,0.992877102057,1.1937026653954,0,0
7504,-0.3185800782166234,1.003559051827,1.1937026653954,0,0
7505,-0.3129046302924309,0.98780361099,1.1937026653954,0,0
7506,-0.3256334985623277,0.988958224221,1.1937026653954,0,0
7507,-0.3233974188766623,0.983711448423,1.1937026653954,0,0
7508,-0.32122149788377896,0.988411669189,1.1937026653954,0,0
7509,-0.33217777794090275,0.983978054837,1.1937026653954,0,0
7510,-0.3317325233262607,0.992783733291,1.1937026653954,0,0
7511,-0.1317851578812992,0.988466843894,1.1937026653954,0,0
7512,-0.3239101728062751,0.995114017746,1.1937026653954,0,0
7513,0.23385972093936558,0.990469896259,1.1937026653954,0,0
7514,-0.3321128019648093,1.00074953564,1.1937026653954,0,0
7515,-0.3294259048492494,0.990111745143,1.1937026653954,0,0
7516,-0.326017332814749,0.989091930517,1.1937026653954,0,0
7517,-0.33619550691985545,0.988055996884,1.1937026653954,0,0
7518,-0.3245030427452459,0.987332769827,1.1937026653954,0,0
7519,0.10313746221156661,0.990441757499,1.1937026653954,0,0
7520,-0.33327818308589896,1.001766516171,1.1937026653954,0,0
7521,0.39330961930042263,1.015391197037,1.1937026653954,0,0
7522,-0.294561103625843,1.027311717452,1.1937026653954,0,0
7523,0.16796823162232233,1.010377100441,1.1937026653954,0,0
7524,0.17685359599302952,1.025758236799,1.1937026653954,0,0
7525,0.18707483890488463,1.045336280947,1.1937026653954,0,0
7526,-0.05941597092287798,1.03501159633,1.1937026653954,0,0
7527,-0.14910501184420866,1.04150574598,1.1937026653954,0,0
7528,-0.2615237158871825,1.042352135928,1.1937026653954,0,0
7529,0.7123712538023563,1.130011955608,1.1937026653954,0,0
7530,0.9066940395409495,1.231086778502,1.1937026653954,1,0
7531,0.676563010581851,1.354152741622,1.1937026653954,1,0
7532,0.6755724853752441,1.313870945536,1.2965284422411998,1,0
7533,0.6861139629300874,1.435565721474,1.2965284422411998,1,0
7534,0.4416099957252346,1.34996895161,1.2965284422411998,1,0
7535,-0.32516392813668515,1.455542807816,1.2965284422411998,1,0
7536,-0.33462725180754216,1.370181241153,1.2965284422411998,1,0
7537,-0.3231994514720069,1.46723184359,1.2965284422411998,1,0
7538,-0.2645897446690738,1.368551266094,1.2965284422411998,1,0
7539,-0.24861293782366845,1.453814545619,1.2965284422411998,1,0
7540,0.4059923792871958,1.397340871126,1.2965284422411998,1,0
7541,-0.2434437060874518,1.417280852037,1.2965284422411998,1,0
7542,-0.2460436627089626,1.395149028074,1.2854671116552252,1,0
7543,0.1814355206055278,1.442816273297,1.2854671116552252,1,0
7544,-0.3198301058873281,1.434793835677,1.2854671116552252,1,0
7545,-0.31739611614561825,1.452549480089,1.2854671116552252,1,0
7546,-0.3213507043040247,1.410068275758,1.2854671116552252,1,0
7547,-0.32193812612496475,1.412470963004,1.2854671116552252,1,0
7548,-0.3199566742714748,1.412930562287,1.2854671116552252,1,0
7549,-0.31933323752292087,1.379395119972,1.2965284422411998,1,0
7550,0.25965007942209106,1.387284051269,1.2854671116552252,1,0
7551,-0.3120442864324542,1.392340614381,1.2854671116552252,1,0
7552,-0.31129640319835494,1.395952996399,1.2854671116552252,1,0
7553,-0.32032576993090756,1.384939892777,1.2854671116552252,1,0
7554,-0.31803234163439187,1.369071148744,1.2854671116552252,1,0
7555,-0.3148885481361874,1.407143264988,1.2854671116552252,1,0
7556,-0.3151846963626185,1.386007659972,1.2854671116552252,1,0
7557,-0.3199294336813209,1.394953589641,1.2854671116552252,1,0
7558,-0.31784888342828166,1.390481549889,1.2854671116552252,1,0
7559,-0.3117039797756683,1.391964789909,1.2854671116552252,1,0
7560,0.2515678249977318,1.385188902473,1.367001053022495,1,0
7561,-0.3220599919230217,1.373836995045,1.367001053022495,1,0
7562,-0.3226231552815719,1.389406522085,1.367001053022495,1,0
7563,0.5818880240845814,1.501443737463,1.367001053022495,1,0
7564,-0.1201612826452666,1.468004627578,1.367001053022495,1,0
7565,-0.32752353673012213,1.528425722269,1.367001053022495,1,0
7566,-0.3264613831085631,1.449146342808,1.2854671116552252,1,0
7567,-0.3212377275406496,1.523441360943,1.2854671116552252,1,0
7568,-0.3174575938564498,1.435813336949,1.2854671116552252,1,0
7569,-0.1533702000789805,1.532485474207,1.2854671116552252,1,0
7570,0.252941438924819,1.466881471358,1.2854671116552252,1,0
7571,-0.3310318953475022,1.538154357269,1.2854671116552252,1,0
7572,-0.035156418909580434,1.430062832314,1.367001053022495,1,0
7573,-0.321490061428391,1.503916212975,1.367001053022495,1,0
7574,-0.3220626299591208,1.504819897468,1.367001053022495,1,0
7575,-0.32065506565441015,1.498297774255,1.2854671116552252,1,0
7576,-0.3243101793669563,1.489244020227,1.2854671116552252,1,0
7577,-0.32482803732293475,1.505705456493,1.2854671116552252,1,0
7578,-0.31786798051569476,1.484810572941,1.2854671116552252,1,0
7579,-0.33189258329914406,1.507515263809,1.2854671116552252,1,0
7580,-0.33131703264065004,1.459474303544,1.2854671116552252,1,0
7581,0.0024227494139832384,1.511758439455,1.2854671116552252,1,0
7582,-0.3300884533504034,1.47873385362,1.2854671116552252,1,0
7583,-0.31766880879021153,1.525120675323,1.2854671116552252,1,0
7584,-0.3234544807444584,1.472892937082,1.2854671116552252,1,0
7585,-0.31842781765481576,1.426682523209,1.2854671116552252,1,0
7586,-0.3296905686883237,1.471538963752,1.2965284422411998,1,0
7587,-0.3309966833004401,1.447369145653,1.2965284422411998,1,0
7588,-0.3269936929144759,1.45102108589,1.2965284422411998,1,0
7589,-0.3275317375814737,1.46264277753,1.2965284422411998,1,0
7590,-0.3296235281622397,1.424315337863,1.2965284422411998,1,0
7591,0.2567254149659457,1.447936791412,1.2965284422411998,1,0
7592,-0.32616684064323576,1.423093397472,1.2965284422411998,1,0
7593,-0.32019851336343064,1.418197270327,1.2965284422411998,1,0
7594,-0.3207926449718401,1.332606240818,1.2965284422411998,1,0
7595,-0.3130193848627424,1.23732532708,1.2965284422411998,0,0
7596,-0.3251466088562084,1.228843834656,1.1937026653954,1,0
7597,-0.32124311831006946,1.106288987086,1.1937026653954,0,0
7598,-0.3240700607333259,1.105232115076,1.1937026653954,0,0
7599,-0.31712302206074894,1.051671576924,1.1937026653954,0,0
7600,-0.31814136134361837,1.10600279704,1.1937026653954,0,0
7601,0.2324070806265266,1.069455935631,1.2965284422411998,0,0
7602,-0.3174196290760669,1.108826740413,1.2965284422411998,0,0
7603,-0.32773383408611034,1.069059049233,1.1937026653954,0,0
7604,-0.33191242591849823,1.057420430345,1.1937026653954,0,0
7605,-0.3271768643775319,1.039735081894,1.1937026653954,0,0
7606,-0.32902658647189853,1.07565431648,1.1937026653954,0,0
7607,-0.3342410089134652,1.043505921705,1.1937026653954,0,0
7608,-0.32778017176367735,1.07266152963,1.1937026653954,0,0
7609,-0.1383176807946499,1.030815962544,1.1937026653954,0,0
7610,-0.33383423521670375,1.072323608468,1.1937026653954,0,0
7611,0.24319481311636126,1.034414685753,1.1937026653954,0,0
7612,-0.3308514192691562,1.0888812443,1.1937026653954,0,0
7613,-0.32906518208700086,1.032491474789,1.1937026653954,0,0
7614,-0.3344958087914732,1.06867982158,1.1937026653954,0,0
7615,-0.3319556094224685,1.038723128202,1.1937026653954,0,0
7616,-0.33677879964081414,1.07142437835,1.1937026653954,0,0
7617,-0.17077097293179977,1.04972416237,1.1937026653954,0,0
7618,-0.3363370432914341,1.063893293772,1.1937026653954,0,0
7619,-0.33383916719723694,1.043272816694,1.1937026653954,0,0
7620,-0.32754108540504234,1.054997491098,1.1937026653954,0,0
7621,-0.33872790687778453,1.053123866404,1.1937026653954,0,0
7622,0.2206324932411794,1.067671445515,1.1937026653954,0,0
7623,-0.33314714151010594,1.077018216772,1.1937026653954,0,0
7624,-0.33765835528542576,1.061024423741,1.1937026653954,0,0
7625,-0.3360417552941657,1.072068014163,1.1937026653954,0,0
7626,-0.3395240776422197,1.0394222272,1.1937026653954,0,0
7627,-0.3365951120402606,0.994545468636,1.1937026653954,0,0
7628,-0.33746899017239795,0.98820755923,1.1937026653954,0,0
7629,-0.3286890325484335,0.990244807692,1.1937026653954,0,0
7630,-0.33928097688082515,0.987373588137,1.1937026653954,0,0
7631,-0.33222359948097213,0.991516229875,1.1937026653954,0,0
7632,-0.010938674033592721,0.984959037429,1.1937026653954,0,0
7633,-0.33680099355321325,0.993744584674,1.1937026653954,0,0
7634,-0.3216397986513213,0.982511360743,1.1937026653954,0,0
7635,-0.3364012737355865,0.982645664055,1.1937026653954,0,0
7636,-0.3325487087558827,0.977982907543,1.1937026653954,0,0
7637,-0.3282733698169903,0.984109143678,1.1937026653954,0,0
7638,-0.3349153138798434,0.978981594876,1.1937026653954,0,0
7639,-0.33152549484109106,0.98265733646,1.1937026653954,0,0
7640,-0.32407556619996747,0.978841556952,1.1937026653954,0,0
7641,-0.33400771476452606,0.980326951698,1.1937026653954,0,0
7642,0.2476144411601533,0.980259397183,1.1937026653954,0,0
7643,-0.3342691097327819,0.985352738284,1.1937026653954,0,0
7644,-0.32533855465672445,0.98267542736,1.1937026653954,0,0
7645,-0.3174025391900335,0.984129184182,1.1937026653954,0,0
7646,-0.32843469145931226,0.979895412794,1.1937026653954,0,0
7647,-0.32717216179144215,0.984574181842,1.1937026653954,0,0
7648,-0.3207667233997358,0.9853854005,1.1937026653954,0,0
7649,-0.33098676199076293,0.985579549072,1.1937026653954,0,0
7650,-0.33059031104395464,0.989588099699,1.1937026653954,0,0
7651,-0.32769953961682186,0.98592659193,1.1937026653954,0,0
7652,0.24640576183787166,0.995145681248,1.1937026653954,0,0
7653,-0.3261695933765566,0.995516656962,1.1937026653954,0,0
7654,-0.12353188989938413,0.990125634614,1.1937026653954,0,0
7655,-0.33904017006386455,0.986665137213,1.1937026653954,0,0
7656,-0.33465225580187297,0.986252859676,1.1937026653954,0,0
7657,-0.3316491957946952,0.986602527472,1.1937026653954,0,0
7658,-0.3279295648949425,0.985553324264,1.1937026653954,0,0
7659,-0.3329860492622273,0.988596659367,1.1937026653954,0,0
7660,-0.32883481271721504,0.98476031022,1.1937026653954,0,0
7661,-0.30933272941422874,0.989809046521,1.1937026653954,0,0
7662,-0.3119181194885835,0.987219388309,1.1937026653954,0,0
7663,0.36287608788881065,1.013454679421,1.1937026653954,0,0
7664,0.17543284150782346,1.024017956028,1.1937026653954,0,0
7665,0.29797902348391214,1.074913941794,1.1937026653954,0,0
7666,0.21667440681751104,1.070734591643,1.1937026653954,0,0
7667,0.19380378081039784,1.111154189692,1.1937026653954,0,0
7668,0.18335268466625454,1.085579108136,1.1937026653954,0,0
7669,0.42348599954098165,1.157804701256,1.1937026653954,0,0
7670,-0.040491904268652124,1.108940812625,1.1937026653954,0,0
7671,0.4034657141903517,1.16287546046,1.1937026653954,0,0
7672,-0.3212642799474733,1.123462087806,1.1937026653954,0,0
7673,-0.2590212519041173,1.218979974555,1.1937026653954,1,0
7674,-0.3349448484144314,1.15580393861,1.1937026653954,0,0
7675,-0.3256184732262849,1.221672963063,1.1937026653954,1,0
7676,-0.3306763339602301,1.159725626739,1.1937026653954,0,0
7677,-0.33213379155638056,1.207201024133,1.1937026653954,1,0
7678,-0.32469361217910153,1.151331238702,1.1937026653954,0,0
7679,-0.006457912370634422,1.192053066465,1.1937026653954,0,0
7680,-0.319888773516228,1.148302684969,1.1937026653954,0,0
7681,-0.3217838010131664,1.184914394543,1.1937026653954,0,0
7682,-0.3260500215229336,1.136762450382,1.1937026653954,0,0
7683,-0.32305023038657443,1.198316810314,1.1937026653954,1,0
7684,-0.3228655105110254,1.146168310628,1.1937026653954,0,0
7685,-0.31674578289857547,1.19963404882,1.1937026653954,1,0
7686,-0.3208931197380499,1.143339033014,1.1937026653954,0,0
7687,-0.3235873001271877,1.193134447025,1.1937026653954,0,0
7688,-0.329765580671316,1.151881955153,1.1937026653954,0,0
7689,0.2521865018115852,1.225538213474,1.1937026653954,1,0
7690,-0.3249913661666365,1.149416799751,1.1937026653954,0,0
7691,-0.3182878296957301,1.208588359173,1.1937026653954,1,0
7692,-0.08946033466125958,1.155948602472,1.1937026653954,0,0
7693,-0.31092874125419345,1.21258005899,1.1937026653954,1,0
7694,-0.31125843841797207,1.158877464501,1.1937026653954,0,0
7695,-0.3170851146289768,1.207754409499,1.1937026653954,1,0
7696,-0.3210668860289264,1.148713071331,1.1937026653954,0,0
7697,-0.32737936232244436,1.218871980692,1.1937026653954,1,0
7698,-0.32861086639184445,1.150126719407,1.1937026653954,0,0
7699,-0.32718145226639994,1.203177027694,1.1937026653954,1,0
7700,0.23649706885515087,1.197395936044,1.1937026653954,1,0
7701,-0.32164507472351944,1.24199388512,1.1937026653954,1,0
7702,-0.319643894947897,1.193395306602,1.1937026653954,0,0
7703,-0.3213598227331499,1.244734460853,1.1937026653954,1,0
7704,-0.3248077359146937,1.188890172868,1.1937026653954,0,0
7705,-0.32867561297349457,1.249223929542,1.1937026653954,1,0
7706,-0.3340582388906852,1.185002051643,1.1937026653954,0,0
7707,-0.3304745815472586,1.177125166444,1.1937026653954,0,0
7708,-0.3189039831707061,1.185176944821,1.1937026653954,0,0
7709,-0.33496302792407096,1.214009828054,1.1937026653954,1,0
7710,0.23705690599427176,1.157612290248,1.1937026653954,0,0
7711,-0.33588829041153023,1.230531313706,1.1937026653954,1,0
7712,-0.33441035936130625,1.165318279527,1.1937026653954,0,0
7713,-0.3378955491399027,1.233571759254,1.1937026653954,1,0
7714,-0.3348915715549514,1.181993944112,1.1937026653954,0,0
7715,-0.33396883240636954,1.213262065285,1.1937026653954,1,0
7716,-0.33121334635223265,1.124390590841,1.1937026653954,0,0
7717,-0.33678820481299365,1.147694116072,1.1937026653954,0,0
7718,-0.3270838449307326,1.118195431286,1.1937026653954,0,0
7719,-0.3347950538428903,1.160599120791,1.1937026653954,0,0
7720,-0.009656129700535865,1.119249861715,1.1937026653954,0,0
7721,-0.33240000380794776,1.148730869993,1.1937026653954,0,0
7722,-0.32766455696420316,1.108989050998,1.1937026653954,0,0
7723,-0.3343156194561815,1.129815449843,1.1937026653954,0,0
7724,-0.3252789121014401,1.083064282085,1.1937026653954,0,0
7725,-0.32597340377883766,1.12211403965,1.1937026653954,0,0
7726,-0.3317516204136739,1.091519605334,1.1937026653954,0,0
7727,-0.3254679904714136,1.071805853354,1.1937026653954,0,0
7728,-0.3307566793640314,1.056968306677,1.1937026653954,0,0
7729,-0.32496699300702514,1.040669492539,1.1937026653954,0,0
7730,-0.002296811864555881,1.018457802768,1.1937026653954,0,0
7731,-0.3152773717177526,1.00198824804,1.1937026653954,0,0
7732,-0.3104143815634768,1.005217064302,1.1937026653954,0,0
7733,-0.3134376282816739,0.992764422967,1.1937026653954,0,0
7734,-0.3129527457769343,0.995368709443,1.1937026653954,0,0
7735,-0.32047539245661605,0.976519381503,1.1937026653954,0,0
7736,-0.32410240534984547,0.984070356059,1.1937026653954,0,0
7737,-0.03156123449537296,0.981066746627,1.1937026653954,0,0
7738,-0.31282474367751634,0.986076572372,1.1937026653954,0,0
7739,-0.3235120014011412,0.979300546141,1.1937026653954,0,0
7740,-0.06179307084262431,0.986881189617,1.1937026653954,0,0
7741,-0.3284122681524698,0.980590155136,1.1937026653954,0,0
7742,-0.3308929970120227,0.98303537356,1.1937026653954,0,0
7743,-0.3193935682615354,0.98011938649,1.1937026653954,0,0
7744,-0.3122326766190975,0.980079558904,1.1937026653954,0,0
7745,-0.31184781009168094,0.979246767959,1.1937026653954,0,0
7746,-0.3082961532731089,0.978997538786,1.1937026653954,0,0
7747,-0.3114031289631475,0.978737960422,1.1937026653954,0,0
7748,-0.3168727527229981,0.977686206802,1.1937026653954,0,0
7749,-0.12358052152138521,0.976980321412,1.1937026653954,0,0
7750,-0.3165467832189248,0.976672543969,1.1937026653954,0,0
7751,0.24832258180693323,0.97981482745,1.1937026653954,0,0
7752,-0.3162526421938734,0.987520572269,1.1937026653954,0,0
7753,-0.31337179207641774,0.971581452755,1.1937026653954,0,0
7754,-0.3121403453556285,0.977970697076,1.1937026653954,0,0
7755,-0.31123165661670493,0.971029766271,1.1937026653954,0,0
7756,-0.32006081934877906,0.973096477355,1.1937026653954,0,0
7757,-0.3184344700936744,0.973681124912,1.1937026653954,0,0
7758,-0.3280467281069097,0.974228009703,1.1937026653954,0,0
7759,-0.326846134938758,0.973566092334,1.1937026653954,0,0
7760,-0.3170645264776816,0.971963865522,1.1937026653954,0,0
7761,0.21892625737116034,0.978367865811,1.1937026653954,0,0
7762,-0.32482075404935673,0.980644917781,1.1937026653954,0,0
7763,-0.3253217515137453,0.979445586523,1.1937026653954,0,0
7764,-0.31434620232337573,0.975252207435,1.1937026653954,0,0
7765,-0.3239460156880566,0.977189138894,1.1937026653954,0,0
7766,-0.31910131974064204,0.97477897479,1.1937026653954,0,0
7767,-0.3262860684051936,0.981715699152,1.1937026653954,0,0
7768,-0.3191965184346536,0.979312213233,1.1937026653954,0,0
7769,-0.3219886502511239,0.976865770279,1.1937026653954,0,0
7770,-0.32089008026167487,0.981368316847,1.1937026653954,0,0
7771,0.24115079392843364,0.979036930421,1.1937026653954,0,0
7772,-0.3248567689769708,0.981838380199,1.1937026653954,0,0
7773,-0.3201467275678328,0.977614340691,1.1937026653954,0,0
7774,-0.31866300430791294,0.977273483254,1.1937026653954,0,0
7775,-0.31028362673073806,0.979390107552,1.1937026653954,0,0
7776,-0.32759401817285716,0.979550359716,1.1937026653954,0,0
7777,-0.3302215594761869,0.982725499606,1.1937026653954,0,0
7778,-0.3298566502653463,0.983063623251,1.1937026653954,0,0
7779,-0.32326924473141183,0.986961461665,1.1937026653954,0,0
7780,-0.3132042767841239,0.982925101436,1.2965284422411998,0,0
7781,0.26150209546089176,0.992088549689,1.2965284422411998,0,0
7782,-0.03577566920954234,0.986604331446,1.2965284422411998,0,0
7783,-0.3116221433079849,0.985620995483,1.2965284422411998,0,0
7784,-0.31700442513351046,0.980078996281,1.2965284422411998,0,0
7785,-0.32069102323341336,0.983664907446,1.2965284422411998,0,0
7786,-0.313782064038441,0.979371945422,1.2965284422411998,0,0
7787,-0.3189148220581568,0.985861341092,1.2965284422411998,0,0
7788,-0.32618175128205684,0.979152373794,1.2965284422411998,0,0
7789,-0.32579482020464967,0.987535714171,1.2965284422411998,0,0
7790,-0.3198877985898435,0.982590780773,1.2965284422411998,0,0
7791,-0.320587681036661,0.982690100478,1.2965284422411998,0,0
7792,0.2448627401143324,0.991015068819,1.2965284422411998,0,0
7793,-0.32355719210649136,0.993030746166,1.2965284422411998,0,0
7794,-0.1290781314033308,0.988792772076,1.2965284422411998,0,0
7795,-0.31493890021651394,0.989713263677,1.2965284422411998,0,0
7796,-0.32078278101077384,0.988863666486,1.2965284422411998,0,0
7797,-0.3168728674202198,0.994386879411,1.2965284422411998,0,0
7798,-0.3269366310466798,0.990083786036,1.2965284422411998,0,0
7799,-0.3211624288146031,0.993930799359,1.2965284422411998,0,0
7800,-0.3215369725920666,0.987821703215,1.2965284422411998,0,0
7801,-0.3233130017214906,0.988196157821,1.2965284422411998,0,0
7802,0.24643581250995705,0.98822582168,1.2965284422411998,0,0
7803,-0.33632912918313673,0.997620431542,1.2965284422411998,0,0
7804,-0.32898472198597783,0.990536573133,1.2965284422411998,0,0
7805,-0.32927393103049607,0.98614993458,1.2965284422411998,0,0
7806,-0.33750833131944125,0.985409317625,1.2965284422411998,0,0
7807,-0.33304248029530403,0.991390382112,1.2965284422411998,0,0
7808,-0.3385982990172628,0.984374542377,1.2965284422411998,0,0
7809,-0.3259053309777583,0.991243521595,1.1937026653954,0,0
7810,-0.3368852386625524,0.989666651903,1.1937026653954,0,0
7811,-0.3314254215151572,0.99116709759,1.1937026653954,0,0
7812,0.23115825727664974,0.990183483545,1.1937026653954,0,0
7813,-0.3374391115461449,0.994547521013,1.1937026653954,0,0
7814,-0.3317100426708074,0.991074118153,1.1937026653954,0,0
7815,-0.33812029834582524,0.992632991487,1.1937026653954,0,0
7816,-0.3250453312094467,0.98656427265,1.1937026653954,0,0
7817,-0.3364436543590048,0.988081635116,1.1937026653954,0,0
7818,-0.3336928135423468,0.991747517398,1.1937026653954,0,0
7819,-0.3224722137378139,0.991493646307,1.1937026653954,0,0
7820,-0.3330420788550281,0.993206817711,1.1937026653954,0,0
7821,-0.3244034282081989,0.993109813562,1.1937026653954,0,0
7822,0.24395215887125077,1.000393398856,1.1937026653954,0,0
7823,-0.32958091814437784,0.994048297563,1.1937026653954,0,0
7824,-0.3340849633433415,0.995542586508,1.1937026653954,0,0
7825,-0.3303524290061475,0.992043292022,1.1937026653954,0,0
7826,-0.3251707526213763,0.991444823245,1.1937026653954,0,0
7827,-0.05710143833756931,0.990442975196,1.1937026653954,0,0
7828,-0.3266810856367307,0.995396946533,1.1937026653954,0,0
7829,-0.3329652317164886,0.99137425099,1.1937026653954,0,0
7830,-0.3227302251380295,0.994463438436,1.1937026653954,0,0
7831,-0.3368340837016739,0.990864311639,1.1937026653954,0,0
7832,-0.33313332049489097,0.997432406878,1.1937026653954,0,0
7833,0.09215371216984547,0.995739520481,1.1937026653954,0,0
7834,-0.3226131192746732,0.996122620809,1.1937026653954,0,0
7835,-0.33143838230120937,0.985414337751,1.1937026653954,0,0
7836,-0.32263646015928926,0.988973429917,1.1937026653954,0,0
7837,-0.3219996038357963,0.982180145712,1.1937026653954,0,0
7838,-0.3254490080812221,0.987132495565,1.1937026653954,0,0
7839,-0.32871466737748356,0.982332628983,1.1937026653954,0,0
7840,-0.32289412746783974,0.985515873397,1.1937026653954,0,0
7841,-0.3224446290559948,0.982538447996,1.1937026653954,0,0
7842,-0.3182124162724619,0.988724758173,1.1937026653954,0,0
7843,0.2473664657668364,0.989022054239,1.1937026653954,0,0
7844,-0.3139923613944292,0.999628459327,1.1937026653954,0,0
7845,-0.31917914180556595,0.982498868364,1.1937026653954,0,0
7846,-0.3258464339544149,0.987741504168,1.1937026653954,0,0
7847,-0.3254292801590897,0.984856202072,1.1937026653954,0,0
7848,-0.319820930109592,0.989109411363,1.1937026653954,0,0
7849,-0.32356636788422743,0.980336259323,1.1937026653954,0,0
7850,-0.3203789894417767,0.988455485267,1.1937026653954,0,0
7851,-0.32273590265050367,0.986192631539,1.1937026653954,0,0
7852,-0.32341926869739623,0.989889152502,1.1937026653954,0,0
7853,0.24342386346809763,0.989862125587,1.1937026653954,0,0
7854,-0.3189252021567207,0.997805041222,1.1937026653954,0,0
7855,-0.32482763588265884,0.986131884199,1.1937026653954,0,0
7856,-0.319264189795457,0.986989119025,1.1937026653954,0,0
7857,-0.31818494628786453,0.987033170006,1.1937026653954,0,0
7858,-0.3171560548605987,0.987431894282,1.1937026653954,0,0
7859,-0.331997588605611,0.987670917532,1.1937026653954,0,0
7860,-0.32985389753202543,0.990232232939,1.1937026653954,0,0
7861,-0.31869477543832403,0.986659387156,1.1937026653954,0,0
7862,-0.32034544050442926,0.992625210163,1.1937026653954,0,0
7863,0.006184244799656735,0.983867787303,1.1937026653954,0,0
7864,-0.32145909317853183,0.987012329504,1.1937026653954,0,0
7865,-0.31380729742721514,0.98150784717,1.1937026653954,0,0
7866,-0.313825763679909,0.982182914166,1.1937026653954,0,0
7867,-0.320571967517288,0.983742738191,1.1937026653954,0,0
7868,0.3778413225874271,1.0103094345,1.1937026653954,0,0
7869,-0.31054381737816605,0.995067243638,1.1937026653954,0,0
7870,-0.20891525446668258,1.009818475331,1.1937026653954,0,0
7871,0.35563605516339947,1.012881406332,1.1937026653954,0,0
7872,0.1966434546252629,1.065297367329,1.1937026653954,0,0
7873,-0.19758064562377908,1.02837585548,1.1937026653954,0,0
7874,0.2180581141001079,1.08637606063,1.1937026653954,0,0
7875,0.18670643142878207,1.061490450099,1.1937026653954,0,0
7876,0.20171376000776275,1.118671719781,1.1937026653954,0,0
7877,-0.2301479467992995,1.096328961844,1.1937026653954,0,0
7878,0.3430474615956425,1.128908431191,1.1937026653954,0,0
7879,0.14375587751575458,1.112232665749,1.1937026653954,0,0
7880,-0.3121257214598616,1.156034101793,1.1937026653954,0,0
7881,-0.3213068899653351,1.108077007789,1.1937026653954,0,0
7882,-0.3235520880801257,1.168549279057,1.1937026653954,0,0
7883,-0.3237990311984472,1.123833571153,1.1937026653954,0,0
7884,-0.32846095712308176,1.175609000281,1.1937026653954,0,0
7885,-0.3309458150826159,1.119022070283,1.1937026653954,0,0
7886,-0.3265983315912737,1.161321134257,1.1937026653954,0,0
7887,-0.32681390501946006,1.100793799211,1.1937026653954,0,0
7888,0.2375926567168356,1.157793233142,1.1937026653954,0,0
7889,-0.33789285375519273,1.110059723426,1.1937026653954,0,0
7890,-0.32896281481663303,1.172084707782,1.1937026653954,0,0
7891,-0.3226230405843502,1.10579167337,1.1937026653954,0,0
7892,-0.3376459106368712,1.182735662299,1.1937026653954,0,0
7893,-0.33493871211307036,1.108400709669,1.1937026653954,0,0
7894,-0.328627554837602,1.177754960622,1.1937026653954,0,0
7895,-0.33226024524330555,1.116377251908,1.1937026653954,0,0
7896,-0.3252592415279184,1.187569627494,1.1937026653954,0,0
7897,-0.325955625709474,1.109645118018,1.1937026653954,0,0
7898,0.21746444128058529,1.184562885626,1.1937026653954,0,0
7899,-0.33552510165901506,1.130070587021,1.1937026653954,0,0
7900,-0.3317046519013874,1.194698280123,1.1937026653954,1,0
7901,-0.31790296316831346,1.125623487581,1.1937026653954,0,0
7902,-0.333718792463062,1.180417087112,1.1937026653954,0,0
7903,-0.32808503697895774,1.123964625866,1.1937026653954,0,0
7904,-0.33861785489356266,1.186507949318,1.1937026653954,0,0
7905,-0.33667522804961847,1.117981139274,1.1937026653954,0,0
7906,-0.3354937319688799,1.172980155417,1.1937026653954,0,0
7907,-0.33725083605672324,1.09979281914,1.1937026653954,0,0
7908,-0.33353005818475356,1.160423096127,1.1937026653954,0,0
7909,0.2323815031460874,1.133619411115,1.1937026653954,0,0
7910,-0.33912613563152927,1.163196286667,1.1937026653954,0,0
7911,-0.3316974259764204,1.120289182106,1.1937026653954,0,0
7912,-0.33453268394825,1.151639448759,1.1937026653954,0,0
7913,-0.33620560027536506,1.103073301558,1.1937026653954,0,0
7914,-0.335881465926839,1.155557552336,1.1937026653954,0,0
7915,-0.3310376875571981,1.107842257895,1.1937026653954,0,0
7916,-0.3335769119998183,1.166353524425,1.1937026653954,0,0
7917,-0.0534626116305047,1.089677111473,1.1937026653954,0,0
7918,-0.3359963925429831,1.134041765455,1.1937026653954,0,0
7919,0.23557478849545577,1.086731791576,1.1937026653954,0,0
7920,-0.3262887064412927,1.130661105067,1.1937026653954,0,0
7921,-0.3345420891204295,1.085610637912,1.1937026653954,0,0
7922,-0.3295283294682282,1.130802881141,1.1937026653954,0,0
7923,-0.33701020128559533,1.080499350869,1.1937026653954,0,0
7924,-0.33148070557601694,1.125075877892,1.1937026653954,0,0
7925,-0.3238544299565286,1.081448636436,1.1937026653954,0,0
7926,-0.33731363278560444,1.12090477575,1.1937026653954,0,0
7927,-0.3289714171082605,1.071180931053,1.1937026653954,0,0
7928,-0.3240443685556649,1.104670512931,1.1937026653954,0,0
7929,0.23676064307061884,1.085062794075,1.1937026653954,0,0
7930,-0.338625424910195,1.116265212513,1.1937026653954,0,0
7931,-0.330023821465975,1.072852296834,1.1937026653954,0,0
7932,-0.3313280435739333,1.096678224326,1.1937026653954,0,0
7933,-0.3343847245322561,1.075419042503,1.1937026653954,0,0
7934,-0.3221198638727494,1.089438658212,1.1937026653954,0,0
7935,-0.3311375314886885,1.044531712411,1.1937026653954,0,0
7936,-0.32369517286419724,1.047215724642,1.1937026653954,0,0
7937,-0.3220469164397478,1.035886936426,1.1937026653954,0,0
7938,-0.3308298561914764,1.027718450905,1.1937026653954,0,0
7939,0.24049277596753704,1.010043267415,1.1937026653954,0,0
7940,-0.3263504135465677,1.01253213393,1.1937026653954,0,0
7941,-0.3316146145823524,1.004481797956,1.1937026653954,0,0
7942,-0.29990897628485835,0.999708918355,1.1937026653954,0,0
7943,-0.3115403641889123,0.989704240706,1.1937026653954,0,0
7944,-0.29639935599803957,0.990770819287,1.1937026653954,0,0
7945,0.32449185976613015,1.004348356607,1.1937026653954,0,0
7946,0.2617668166485769,1.033367262497,1.1937026653954,0,0
7947,0.2616592306546217,1.052480728251,1.1937026653954,0,0
7948,-0.18278034552996825,1.050334681987,1.1937026653954,0,0
7949,0.29726870358991975,1.058113744651,1.1937026653954,0,0
7950,0.1799083270985835,1.056457107622,1.1937026653954,0,0
7951,0.1844527457195857,1.084952271631,1.1937026653954,0,0
7952,0.570747253546352,1.157730810088,1.1937026653954,0,0
7953,0.0819027626775699,1.166489062671,1.1937026653954,0,0
7954,-0.30530203964922376,1.162423625036,1.1937026653954,0,0
7955,-0.31460507395275417,1.178253537096,1.1937026653954,0,0
7956,-0.32227568004842977,1.196855121305,1.1937026653954,1,0
7957,-0.3235612065092509,1.205456694622,1.1937026653954,1,0
7958,-0.3207595548233795,1.198066970822,1.1937026653954,1,0
7959,-0.31983589809702395,1.174062372209,1.1937026653954,0,0
7960,-0.3187622747532949,1.202153837069,1.1937026653954,1,0
7961,-0.3176260267265172,1.182032184757,1.1937026653954,0,0
7962,0.24843383811198283,1.192208404668,1.1937026653954,0,0
7963,-0.3208356564299779,1.215970789821,1.1937026653954,1,0
7964,-0.31347037433846947,1.211297247423,1.1937026653954,1,0
7965,-0.31350271895498905,1.202986825476,1.1937026653954,1,0
7966,-0.3121979807095331,1.216316460382,1.1937026653954,1,0
7967,-0.3115186864140109,1.219250214745,1.1937026653954,1,0
7968,-0.31093355853750493,1.208485198153,1.1937026653954,1,0
7969,-0.3268125860014106,1.204396564272,1.1937026653954,1,0
7970,-0.3365767031361776,1.219962562477,1.1937026653954,1,0
7971,-0.33399343496042433,1.196297037125,1.1937026653954,1,0
7972,0.23756375301696697,1.225539824724,1.1937026653954,1,0
7973,-0.3296656793912147,1.207070691655,1.1937026653954,1,0
7974,-0.3361375274742857,1.220710863344,1.1937026653954,1,0
7975,-0.33137111238068195,1.202664753196,1.1937026653954,1,0
7976,-0.32874982207593484,1.216969460932,1.1937026653954,1,0
7977,-0.33253391281428335,1.180964800659,1.1937026653954,0,0
7978,-0.32865020753888785,1.226080186568,1.1937026653954,1,0
7979,-0.33021238369845096,1.201157617272,1.1937026653954,1,0
7980,-0.33473122483901385,1.211646803693,1.1937026653954,1,0
7981,-0.3303668235074708,1.181882876653,1.1937026653954,0,0
7982,0.23682062971756834,1.227867993247,1.1937026653954,1,0
7983,-0.3351049657359255,1.182597773739,1.1937026653954,0,0
7984,-0.33449253992065475,1.216086226622,1.1937026653954,1,0
7985,-0.33212427168697933,1.172642710003,1.1937026653954,0,0
7986,-0.12874579620345317,1.197944490877,1.1937026653954,1,0
7987,-0.33075042836544877,1.183448511186,1.1937026653954,0,0
7988,-0.33352036626951986,1.192397574569,1.1937026653954,0,0
7989,-0.32972956574370194,1.159695385572,1.1937026653954,0,0
7990,-0.33618650318795196,1.199368259223,1.1937026653954,1,0
7991,-0.3310980756444235,1.176067319785,1.1937026653954,0,0
7992,0.24264977191883985,1.219108011186,1.1937026653954,1,0
7993,-0.34097356378146193,1.182521140616,1.1937026653954,0,0
7994,-0.34071434806041834,1.215938480067,1.1937026653954,1,0
7995,-0.33566010028895676,1.176808483688,1.1937026653954,0,0
7996,-0.3376865134533533,1.178448586891,1.1937026653954,0,0
7997,-0.34422178910002477,1.144101957895,1.1937026653954,0,0
7998,-0.05016850742326151,1.199680477079,1.1937026653954,1,0
7999,-0.33854766019388194,1.195585174938,1.1937026653954,1,0
8000,-0.3334093393589137,1.192625596884,1.1937026653954,0,0
8001,-0.3378972695982283,1.180673578895,1.1937026653954,0,0
8002,-0.33718299265008733,1.196742301106,1.1937026653954,1,0
8003,0.2239140954512573,1.158977730758,1.1937026653954,0,0
8004,-0.33602328904147194,1.165310068817,1.1937026653954,0,0
8005,-0.3288071706867852,1.132064796381,1.1937026653954,0,0
8006,-0.3377627871057842,1.118145460563,1.1937026653954,0,0
8007,-0.33522602865343054,1.130149134241,1.1937026653954,0,0
8008,-0.3305685759204423,1.094236293542,1.1937026653954,0,0
8009,-0.33188386631029476,1.100247153412,1.1937026653954,0,0
8010,-0.3345672078119819,1.073653223963,1.1937026653954,0,0
8011,-0.33191311410182844,1.066959829068,1.1937026653954,0,0
8012,-0.33506069260834903,1.071991054372,1.1937026653954,0,0
8013,0.2450838763577714,1.043722728251,1.1937026653954,0,0
8014,-0.33153868502158657,1.040420175555,1.1937026653954,0,0
8015,-0.328415250280234,1.022390242251,1.1937026653954,0,0
8016,-0.33743177092395604,1.003992739893,1.1937026653954,0,0
8017,-0.3315862270199815,0.984852054077,1.1937026653954,0,0
8018,-0.32662775142864,0.999917577088,1.1937026653954,0,0
8019,-0.3321770324089617,0.983380871845,1.1937026653954,0,0
8020,-0.3245438749561713,1.003612956405,1.1937026653954,0,0
8021,-0.3203092535309826,0.986392280958,1.1937026653954,0,0
8022,-0.3358461965311661,0.997478856841,1.1937026653954,0,0
8023,0.23883689217784454,0.991439318915,1.1937026653954,0,0
8024,-0.33212226448559956,1.009479244032,1.1937026653954,0,0
8025,-0.3246753753208511,0.987886426045,1.1937026653954,0,0
8026,-0.3309970847407161,0.993931863592,1.1937026653954,0,0
8027,-0.32318981690538406,0.985152871631,1.1937026653954,0,0
8028,-0.3261473994641575,0.988993296909,1.1937026653954,0,0
8029,-0.3210975675357314,0.987892612634,1.1937026653954,0,0
8030,-0.3236977535516855,0.996742814861,1.1937026653954,0,0
8031,-0.13289066705266106,0.989947019315,1.1937026653954,0,0
8032,-0.324773900234292,0.994526548799,1.1937026653954,0,0
8033,0.2480406560359929,0.997248115924,1.1937026653954,0,0
8034,-0.31764254312644213,1.002061148786,1.1937026653954,0,0
8035,-0.3181394688394602,0.995603689963,1.1937026653954,0,0
8036,-0.31172755005472774,0.990431906289,1.1937026653954,0,0
8037,-0.30930950322683426,0.985964634246,1.1937026653954,0,0
8038,-0.31455758930297006,0.993977595067,1.1937026653954,0,0
8039,0.3590344191451684,1.006249279872,1.1937026653954,0,0
8040,-0.3235223241510943,1.013655910097,1.1937026653954,0,0
8041,0.2854782879879778,1.02933133361,1.1937026653954,0,0
8042,0.18644079266332336,1.047860135886,1.1937026653954,0,0
8043,0.19112697705034765,1.047523118623,1.1937026653954,0,0
8044,0.19841128290333532,1.051602902581,1.1937026653954,0,0
8045,-0.22074397894067255,1.063686630306,1.1937026653954,0,0
8046,-0.02005515330602703,1.048722313275,1.1937026653954,0,0
8047,-0.22742251141724823,1.073717589245,1.1937026653954,0,0
8048,-0.23700764353755133,1.056221318848,1.1937026653954,0,0
8049,0.4434183121225672,1.104575053122,1.1937026653954,0,0
8050,-0.2485332232545865,1.088604183075,1.1937026653954,0,0
8051,0.23659307042971434,1.120850136469,1.1937026653954,0,0
8052,0.23750732198389035,1.119908296348,1.1937026653954,0,0
8053,-0.24528637430268396,1.108592771426,1.1937026653954,0,0
8054,-0.23787228854334186,1.13982344768,1.1937026653954,0,0
8055,-0.23758319419604534,1.130402312944,1.1937026653954,0,0
8056,-0.24459085035029104,1.123128388096,1.1937026653954,0,0
8057,-0.24515986326714811,1.129080408708,1.1937026653954,0,0
8058,-0.22608198763862164,1.134317142106,1.1937026653954,0,0
8059,-0.24875143471887196,1.111901366746,1.1937026653954,0,0
8060,-0.31587184741782715,1.139237302094,1.2965284422411998,0,0
8061,-0.32947665836985196,1.111740190598,1.2965284422411998,0,0
8062,0.24489691988639928,1.157709597042,1.2965284422411998,0,0
8063,-0.3329422349235377,1.119706549888,1.2965284422411998,0,0
8064,-0.3283233778056518,1.17096713421,1.2965284422411998,0,0
8065,-0.33240969572318146,1.141795074981,1.2965284422411998,0,0
8066,-0.34382958195041935,1.171087908794,1.2965284422411998,0,0
8067,-0.3239937870808949,1.121776472002,1.1937026653954,0,0
8068,-0.33200005459587756,1.148113923859,1.1937026653954,0,0
8069,-0.3352665741213017,1.116940781643,1.1937026653954,0,0
8070,-0.33181929177447733,1.135529365312,1.1937026653954,0,0
8071,-0.32970003120911406,1.112357440823,1.1937026653954,0,0
8072,0.0030214689112606496,1.123324609037,1.2965284422411998,0,0
8073,-0.33614871045340156,1.110611072851,1.2965284422411998,0,0
8074,-0.328741334481529,1.125376893727,1.2965284422411998,0,0
8075,-0.33137099768346023,1.114233851476,1.2965284422411998,0,0
8076,-0.3274609693956845,1.132224392393,1.2965284422411998,0,0
8077,-0.3367150853341595,1.110123077931,1.1937026653954,0,0
8078,-0.33360696267190393,1.118778514693,1.1937026653954,0,0
8079,-0.32280730167101235,1.104746505051,1.1937026653954,0,0
8080,-0.3305593427940955,1.111945793227,1.1937026653954,0,0
8081,-0.33244513716468693,1.103823909182,1.1937026653954,0,0
8082,-0.0026372332185634617,1.106641851777,1.2965284422411998,0,0
8083,-0.3285782350322707,1.110652080845,1.2965284422411998,0,0
8084,-0.330920065556344,1.114943895477,1.2965284422411998,0,0
8085,-0.332104486416236,1.108315891463,1.2965284422411998,0,0
8086,-0.3291397352811063,1.115098852031,1.2965284422411998,0,0
8087,-0.334545702082913,1.104469633638,1.1937026653954,0,0
8088,-0.07597234282953691,1.105897554075,1.2965284422411998,0,0
8089,-0.33395151312589266,1.095036008465,1.2965284422411998,0,0
8090,-0.3307188866294811,1.113192341004,1.2965284422411998,0,0
8091,-0.3246506580695746,1.102639054117,1.2965284422411998,0,0
8092,-0.00015530003818275961,1.104826536114,1.2965284422411998,0,0
8093,-0.3347665515832977,1.106493113101,1.2965284422411998,0,0
8094,-0.3337202261783333,1.120529297398,1.2965284422411998,0,0
8095,-0.3353489840750936,1.107455902725,1.1937026653954,0,0
8096,-0.11784881460994856,1.093361799488,1.2965284422411998,0,0
8097,-0.34561461481174693,1.069323808089,1.1937026653954,0,0
8098,-0.33800932878382983,1.070929645659,1.1937026653954,0,0
8099,-0.34210946771657447,1.074268577441,1.1937026653954,0,0
8100,-0.3297411501630937,1.071576956612,1.1937026653954,0,0
8101,-0.3401750990725927,1.064560517288,1.1937026653954,0,0
8102,-0.3377274030128896,1.075773406306,1.1937026653954,0,0
8103,0.23580613279162588,1.061054563119,1.1937026653954,0,0
8104,-0.3369584154899974,1.052940254662,1.1937026653954,0,0
8105,-0.3330934058617392,1.047374851033,1.1937026653954,0,0
8106,-0.32593629922761747,1.04139385455,1.1937026653954,0,0
8107,-0.3311241119137496,1.028826372892,1.1937026653954,0,0
8108,-0.323476101170749,1.014071678121,1.1937026653954,0,0
8109,-0.3356712832680725,1.007940310615,1.1937026653954,0,0
8110,-0.33082211412901164,1.01263431701,1.1937026653954,0,0
8111,-0.32913010071448345,1.005853788473,1.1937026653954,0,0
8112,-0.3229569815453317,1.005265504166,1.1937026653954,0,0
8113,0.2409286254099996,0.988450349834,1.1937026653954,0,0
8114,-0.3263089505009229,0.991109829851,1.1937026653954,0,0
8115,-0.32042905477904904,0.97938854937,1.1937026653954,0,0
8116,-0.3114924780988523,0.979540092135,1.1937026653954,0,0
8117,-0.3125788328341902,0.978779967093,1.1937026653954,0,0
8118,-0.3110183197843417,0.975109378384,1.1937026653954,0,0
8119,-0.3156548976229804,0.979440044303,1.1937026653954,0,0
8120,-0.3255243641558795,0.97854685217,1.1937026653954,0,0
8121,-0.323774199249949,0.981246296505,1.1937026653954,0,0
8122,-0.32641441459627674,0.978285942852,1.1937026653954,0,0
8123,0.24592208365395973,0.979637455363,1.1937026653954,0,0
8124,-0.32073093786656515,0.978862847752,1.1937026653954,0,0
8125,-0.3172283141102702,0.979091205646,1.1937026653954,0,0
8126,-0.3198383640872906,0.978586183831,1.1937026653954,0,0
8127,-0.32276279914899253,0.972473973061,1.1937026653954,0,0
8128,-0.3234935351484475,0.978905616465,1.1937026653954,0,0
8129,-0.32203321012175457,0.982364133385,1.1937026653954,0,0
8130,-0.32183260468100006,0.980681782165,1.1937026653954,0,0
8131,-0.32179974392698285,0.982813091881,1.1937026653954,0,0
8132,-0.31688307547295114,0.981913061401,1.1937026653954,0,0
8133,0.24674182469745443,0.987750818815,1.1937026653954,0,0
8134,-0.3152088401277865,0.987970387942,1.1937026653954,0,0
8135,-0.3154761993515708,0.985262158716,1.1937026653954,0,0
8136,-0.3158881917719195,0.982236192067,1.1937026653954,0,0
8137,0.2822582781859533,0.995265883805,1.1937026653954,0,0
8138,-0.32244313799211277,0.993419523338,1.1937026653954,0,0
8139,0.6026126650736752,1.056455410233,1.1937026653954,0,0
8140,0.18240494152334197,1.061253159303,1.1937026653954,0,0
8141,0.6699103423287687,1.177941926149,1.1937026653954,0,0
8142,-0.2523802254190377,1.116223479372,1.1937026653954,0,0
8143,0.18771760213529531,1.183530458602,1.1937026653954,0,0
8144,-0.24539751591051184,1.15858089712,1.1937026653954,0,0
8145,-0.2393124842076263,1.236004954282,1.1937026653954,1,0
8146,-0.24892887132084285,1.152140966908,1.1937026653954,0,0
8147,0.4797034663909039,1.303433049453,1.1937026653954,1,0
8148,-0.3303044855674766,1.189581367346,1.1937026653954,0,0
8149,0.21152404277426418,1.271246794264,1.1937026653954,1,0
8150,0.14477106262502715,1.227786567997,1.1937026653954,1,0
8151,-0.2428316243638462,1.281521454304,1.1937026653954,1,0
8152,-0.24164995623727503,1.195213661577,1.1937026653954,1,0
8153,-0.248948771288808,1.257265401159,1.1937026653954,1,0
8154,-0.23588200500378098,1.224957804742,1.1937026653954,1,0
8155,-0.23798142294979008,1.297163515678,1.2965284422411998,1,0
8156,-0.23980453528872214,1.211582638078,1.2965284422411998,0,0
8157,-0.25916812169650494,1.260494002473,1.2965284422411998,0,0
8158,-0.2593012278222886,1.218578694372,1.2965284422411998,0,0
8159,0.24830835935144235,1.287483105135,1.2854671116552252,1,0
8160,-0.3310420460516227,1.232495696345,1.2965284422411998,0,0
8161,-0.2706148470736208,1.250445882453,1.2854671116552252,0,0
8162,-0.3333285351662255,1.220798761675,1.2854671116552252,0,0
8163,-0.327561558859116,1.250642298132,1.2854671116552252,0,0
8164,-0.3331907838029631,1.24067815097,1.2854671116552252,0,0
8165,-0.33165361163773066,1.237189532727,1.2854671116552252,0,0
8166,-0.3295531614167263,1.224185986956,1.2854671116552252,0,0
8167,-0.32959944174568256,1.225518691216,1.2965284422411998,0,0
8168,-0.3352002217785479,1.214709194367,1.2965284422411998,0,0
8169,-0.330793267777754,1.243537971501,1.2965284422411998,0,0
8170,0.23955030889682272,1.251604297733,1.2854671116552252,0,0
8171,-0.3297799178240286,1.263792601692,1.2854671116552252,0,0
8172,-0.3349604472365827,1.256481724413,1.2854671116552252,0,0
8173,-0.3277271242986408,1.254392037163,1.2854671116552252,0,0
8174,-0.33815711615399113,1.252020271828,1.2854671116552252,0,0
8175,-0.3248146177479958,1.261597438636,1.2854671116552252,0,0
8176,-0.32671669912406875,1.237923882305,1.2854671116552252,0,0
8177,-0.3294242417395348,1.217849536227,1.2965284422411998,0,0
8178,-0.33765766710209555,1.247120553678,1.2965284422411998,0,0
8179,-0.3327462173716512,1.216608360758,1.2965284422411998,0,0
8180,0.23613084062626055,1.227041254737,1.2965284422411998,0,0
8181,-0.3320055027139083,1.244933672603,1.2965284422411998,0,0
8182,-0.33093153527851416,1.221328000217,1.2965284422411998,0,0
8183,-0.3237667439305385,1.240012276811,1.1937026653954,1,0
8184,-0.3349385400672378,1.22102255601,1.1937026653954,1,0
8185,-0.33303880998420965,1.241525710809,1.1937026653954,1,0
8186,-0.3294424785977852,1.23578497783,1.1937026653954,1,0
8187,-0.33856635584101913,1.188447316975,1.1937026653954,0,0
8188,-0.3316510309502424,1.188104270216,1.1937026653954,0,0
8189,-0.329406521018782,1.219159125714,1.1937026653954,1,0
8190,0.09523620000305089,1.198796357063,1.1937026653954,1,0
8191,-0.3374995569819812,1.181792049756,1.1937026653954,0,0
8192,-0.3358988425559266,1.180684865583,1.1937026653954,0,0
8193,-0.3392501233281876,1.204933381496,1.1937026653954,1,0
8194,-0.33421984727606147,1.143421613868,1.1937026653954,0,0
8195,0.016553447127505505,1.249635607835,1.1937026653954,1,0
8196,-0.33109325836111203,1.166785882503,1.1937026653954,0,0
8197,-0.3359110578100378,1.216946771348,1.1937026653954,1,0
8198,-0.27445708930337154,1.151655947305,1.1937026653954,0,0
8199,0.5660093407123408,1.317558932302,1.1937026653954,1,0
8200,0.1882663136439111,1.255620423235,1.1937026653954,1,0
8201,-0.23978767479713214,1.260534202493,1.1937026653954,1,0
8202,-0.2624461109440992,1.23829921862,1.1937026653954,1,0
8203,-0.2572952307633547,1.279034837503,1.1937026653954,1,0
8204,-0.2581745570135229,1.207830543296,1.1937026653954,1,0
8205,0.29945448854386947,1.208128144094,1.1937026653954,1,0
8206,-0.3192525480274544,1.166750902146,1.1937026653954,0,0
8207,-0.3344921958289897,1.192834941718,1.1937026653954,0,0
8208,-0.33368025419657066,1.147178848466,1.1937026653954,0,0
8209,-0.3337772880461294,1.181058950173,1.1937026653954,0,0
8210,-0.32684808479152694,1.144920298257,1.1937026653954,0,0
8211,-0.3354661472870609,1.139158274718,1.1937026653954,0,0
8212,-0.3298067569739065,1.086503056599,1.1937026653954,0,0
8213,-0.33329504357748896,1.149490982506,1.1937026653954,0,0
8214,-0.33021634075259965,1.078207519315,1.1937026653954,0,0
8215,0.23986113836763145,1.150742394458,1.1937026653954,0,0
8216,-0.3389704341530706,1.094631243419,1.1937026653954,0,0
8217,-0.33459175301742583,1.159151519242,1.1937026653954,0,0
8218,-0.32998298925504954,1.102598617768,1.1937026653954,0,0
8219,-0.338019594185172,1.12126720066,1.1937026653954,0,0
8220,-0.33425832819394197,1.094333461515,1.1937026653954,0,0
8221,-0.3231412999806047,1.140889367414,1.1937026653954,0,0
8222,-0.3295659501569459,1.100049860452,1.1937026653954,0,0
8223,-0.1096247944195673,1.124061461808,1.1937026653954,0,0
8224,-0.3237935830804164,1.078804134161,1.1937026653954,0,0
8225,0.24764598289612083,1.153637155361,1.1937026653954,0,0
8226,-0.32216838079752874,1.095139345278,1.1937026653954,0,0
8227,-0.31838526498556474,1.137351497112,1.1937026653954,0,0
8228,-0.3153930438658378,1.093433226595,1.1937026653954,0,0
8229,-0.32149321560198785,1.154892398886,1.1937026653954,0,0
8230,-0.32163549750550746,1.088364870186,1.1937026653954,0,0
8231,-0.32895816957915414,1.166465569812,1.1937026653954,0,0
8232,-0.33324027565412684,1.096260767851,1.1937026653954,0,0
8233,-0.32947711715873873,1.145438142729,1.1937026653954,0,0
8234,-0.3239541591907974,1.080258383511,1.1937026653954,0,0
8235,0.19717748488950115,1.155332966249,1.1937026653954,0,0
8236,0.20128570997637585,1.111776456131,1.1937026653954,0,0
8237,-0.3245231147590435,1.17733705057,1.1937026653954,0,0
8238,0.5344220699476419,1.199564870828,1.1937026653954,1,0
8239,-0.06097665601855895,1.229311916895,1.1937026653954,1,0
8240,-0.21778370099718913,1.224937608789,1.1937026653954,1,0
8241,0.3458795653938753,1.233329801016,1.1937026653954,1,0
8242,-0.13945513314225544,1.254746897762,1.1937026653954,1,0
8243,-0.14542598376093796,1.235576211025,1.1937026653954,1,0
8244,-0.19104433770211227,1.235514528496,1.1937026653954,1,0
8245,-0.3264405655628244,1.183410967595,1.1937026653954,0,0
8246,0.23817176298920217,1.247918063595,1.1937026653954,1,0
8247,0.06737521257696333,1.235099543886,1.1937026653954,1,0
8248,0.36996575255657227,1.279095269916,1.1937026653954,1,0
8249,-0.31388190796993143,1.223946760675,1.1937026653954,1,0
8250,-0.3093119692171009,1.299053406764,1.1937026653954,1,0
8251,-0.30665110837086706,1.23718652663,1.1937026653954,1,0
8252,-0.3143219438609861,1.314296983717,1.1937026653954,1,0
8253,-0.3093116824740466,1.256884340292,1.2965284422411998,0,0
8254,-0.30957955783532853,1.284775010596,1.2965284422411998,0,0
8255,-0.3121050759599555,1.226044019097,1.2965284422411998,0,0
8256,-0.31591778365511836,1.298693221212,1.2854671116552252,1,0
8257,0.23299639495162472,1.288086219665,1.2854671116552252,1,0
8258,-0.3345699031966919,1.320323236232,1.2854671116552252,1,0
8259,-0.33742867409897015,1.275055549211,1.2854671116552252,0,0
8260,-0.3290691964897604,1.364082481661,1.2854671116552252,1,0
8261,-0.3337233230033192,1.267888254863,1.2854671116552252,0,0
8262,-0.3316927807389415,1.331446732304,1.2965284422411998,1,0
8263,-0.3378715774205673,1.196400842963,1.2965284422411998,0,0
8264,-0.33205356084980087,1.220008983834,1.1937026653954,1,0
8265,-0.32955224383895276,1.157827966719,1.1937026653954,0,0
8266,-0.3349926198072697,1.238337940197,1.1937026653954,1,0
8267,0.23003043949566715,1.181782357184,1.1937026653954,0,0
8268,-0.15824219396515982,1.224993866269,1.1937026653954,1,0
8269,-0.330505492448507,1.156893257416,1.1937026653954,0,0
8270,-0.3390717117998322,1.213233118267,1.1937026653954,1,0
8271,-0.3303519702172606,1.168087653567,1.1937026653954,0,0
8272,-0.33361200934965873,1.200806320648,1.1937026653954,1,0
8273,-0.337331812295244,1.178327359139,1.1937026653954,0,0
8274,-0.32902457927051876,1.196608991348,1.1937026653954,1,0
8275,-0.3343806527808858,1.175594339188,1.1937026653954,0,0
8276,-0.3237756329652203,1.20586689666,1.1937026653954,1,0
8277,-0.33395460995087867,1.174790702594,1.1937026653954,0,0
8278,0.23721312361022817,1.266257506336,1.1937026653954,1,0
8279,-0.32905130372317504,1.199752312284,1.1937026653954,1,0
8280,-0.3313922166694748,1.245788354493,1.1937026653954,1,0
8281,-0.32393552089227096,1.18551761876,1.1937026653954,0,0
8282,-0.3338972613400283,1.265848265866,1.1937026653954,1,0
8283,-0.33359543560112304,1.211712077811,1.1937026653954,1,0
8284,-0.3300223877507038,1.276215407841,1.1937026653954,1,0
8285,-0.3326572123276115,1.191753474863,1.1937026653954,0,0
8286,-0.33491594471456276,1.260712640184,1.1937026653954,1,0
8287,-0.33291774706670463,1.198581878798,1.1937026653954,1,0
8288,0.22561608752407358,1.194139640698,1.1937026653954,1,0
8289,-0.3444463662601147,1.162095474281,1.1937026653954,0,0
8290,-0.33611602174521693,1.174166144109,1.1937026653954,0,0
8291,-0.33804792439893205,1.156184777352,1.1937026653954,0,0
8292,0.24947953268222767,1.207186953432,1.1937026653954,1,0
8293,-0.3399836120609634,1.157506396809,1.1937026653954,0,0
8294,0.5331148657119194,1.271247844243,1.1937026653954,1,0
8295,0.15925640414804798,1.255830074793,1.1937026653954,1,0
8296,-0.3174306400093502,1.281467857158,1.1937026653954,1,0
8297,-0.33069973219345705,1.271679785608,1.1937026653954,1,0
8298,-0.3321976205602569,1.330589123184,1.1937026653954,1,0
8299,-0.32691575615233026,1.255090018087,1.1937026653954,1,0
8300,-0.3272111588468204,1.296948743459,1.1937026653954,1,0
8301,0.2424115457893674,1.324605540851,1.1937026653954,1,0
8302,-0.3233117400520519,1.243222170629,1.1937026653954,1,0
8303,-0.3221344304199054,1.27889499833,1.1937026653954,1,0
8304,-0.32710471982508216,1.216321946215,1.1937026653954,1,0
8305,-0.33008214500320976,1.272619206358,1.1937026653954,1,0
8306,-0.33729619880790596,1.212141747223,1.1937026653954,1,0
8307,-0.3338887737456224,1.273194681856,1.1937026653954,1,0
8308,-0.31991962706886545,1.222096870246,1.1937026653954,1,0
8309,-0.33568584981522853,1.256732879584,1.1937026653954,1,0
8310,-0.33006362140190515,1.162868780412,1.1937026653954,0,0
8311,-0.33640763943139085,1.201610312233,1.1937026653954,1,0
8312,0.0792133422231327,1.136652984532,1.1937026653954,0,0
8313,-0.334396653043313,1.176696482456,1.1937026653954,0,0
8314,-0.3338400274263996,1.12557246366,1.1937026653954,0,0
8315,-0.3395273465130382,1.177835983871,1.1937026653954,0,0
8316,-0.33178046676493156,1.131404974381,1.1937026653954,0,0
8317,-0.3296312702247045,1.182173755688,1.1937026653954,0,0
8318,-0.3346582200574014,1.132644206057,1.1937026653954,0,0
8319,-0.3293346058607757,1.189083865003,1.1937026653954,0,0
8320,-0.3336789351785211,1.158511600929,1.1937026653954,0,0
8321,-0.33262607203191974,1.176828646841,1.1937026653954,0,0
8322,0.24604503907562303,1.161588939479,1.1937026653954,0,0
8323,-0.32414725196353045,1.198751196636,1.1937026653954,1,0
8324,-0.3254061686689169,1.173205850807,1.1937026653954,0,0
8325,-0.32268056124103317,1.207162706358,1.1937026653954,1,0
8326,-0.3219850946372511,1.164380861578,1.1937026653954,0,0
8327,-0.3292122239252211,1.192017248366,1.1937026653954,0,0
8328,-0.3338592965596454,1.159671372388,1.1937026653954,0,0
8329,-0.3327031485649027,1.184657516038,1.1937026653954,0,0
8330,-0.3305669128107277,1.164183590382,1.1937026653954,0,0
8331,-0.33329223349555726,1.148926511541,1.1937026653954,0,0
8332,0.23049507794077662,1.15988022848,1.1937026653954,0,0
8333,-0.33231575869860863,1.174891590515,1.1937026653954,0,0
8334,-0.3276504492059339,1.172233725341,1.1937026653954,0,0
8335,-0.3315018098648098,1.149290645473,1.1937026653954,0,0
8336,-0.1320339361551679,1.160110378988,1.1937026653954,0,0
8337,-0.32068557511538254,1.178457388239,1.1937026653954,0,0
8338,-0.32444116359413844,1.159191182828,1.1937026653954,0,0
8339,-0.33231897022081625,1.179362311162,1.1937026653954,0,0
8340,0.12541521827970903,1.147083218599,1.1937026653954,0,0
8341,-0.3285061478284318,1.157926627852,1.1937026653954,0,0
8342,-0.3284205837010431,1.109185688025,1.1937026653954,0,0
8343,0.5340381783466097,1.166330170736,1.1937026653954,0,0
8344,0.11945945034568028,1.171273851505,1.1937026653954,0,0
8345,-0.24856092263362717,1.248242890871,1.1937026653954,1,0
8346,-0.25118789045084844,1.195213121017,1.1937026653954,1,0
8347,-0.3159134825093045,1.251198981938,1.1937026653954,1,0
8348,-0.314412038528632,1.219864154195,1.1937026653954,1,0
8349,-0.27904813234499504,1.250073671879,1.1937026653954,1,0
8350,-0.3101809153687052,1.224598424187,1.1937026653954,1,0
8351,0.24434752019445316,1.265745922186,1.1937026653954,1,0
8352,-0.32593348914568576,1.207769521261,1.1937026653954,1,0
8353,-0.31865314034684666,1.162924522751,1.1937026653954,0,0
8354,-0.33172048011798216,1.210946808851,1.1937026653954,1,0
8355,-0.32996050859959625,1.205816247011,1.1937026653954,1,0
8356,-0.32541557384109643,1.196566512481,1.1937026653954,1,0
8357,-0.18142634482779185,1.18324327171,1.1937026653954,0,0
8358,-0.3290075467330963,1.098380165283,1.1937026653954,0,0
8359,-0.33797990894646357,1.084910584517,1.1937026653954,0,0
8360,-0.3393660248707162,1.065762390095,1.1937026653954,0,0
8361,-0.0105329899604375,1.083689097233,1.1937026653954,0,0
8362,-0.3310461178029931,1.069752484641,1.1937026653954,0,0
8363,-0.3378125657000023,1.092238959289,1.1937026653954,0,0
8364,-0.3297098378215695,1.079618126437,1.1937026653954,0,0
8365,-0.33559082316704947,1.071647008204,1.1937026653954,0,0
8366,-0.32825639462817857,1.061455106423,1.1937026653954,0,0
8367,-0.3260333330771762,1.058306595793,1.1937026653954,0,0
8368,-0.331203998528664,1.066145098508,1.1937026653954,0,0
8369,-0.3285581056698622,1.062115233048,1.1937026653954,0,0
8370,-0.3274360800985754,1.05291090066,1.1937026653954,0,0
8371,0.2400552060667489,1.062772497573,1.1937026653954,0,0
8372,-0.32254642284025414,1.071608306394,1.1937026653954,0,0
8373,-0.32289498769700253,1.061165450733,1.1937026653954,0,0
8374,-0.3139718879403556,1.073495944032,1.1937026653954,0,0
8375,-0.31700712051822044,1.059183670978,1.1937026653954,0,0
8376,-0.3196046111494646,1.072953406292,1.1937026653954,0,0
8377,-0.32014747309977387,1.054953848519,1.1937026653954,0,0
8378,-0.3199857500171759,1.075511088609,1.1937026653954,0,0
8379,-0.32616907723905897,1.045102337402,1.1937026653954,0,0
8380,-0.32506196230659323,1.078051942702,1.1937026653954,0,0
8381,0.23072665163139017,1.0707232372,1.1937026653954,0,0
8382,-0.3321823658297708,1.07052935954,1.1937026653954,0,0
8383,-0.32145823294936915,1.070680528973,1.1937026653954,0,0
8384,-0.3343735989017512,1.086052962182,1.1937026653954,0,0
8385,-0.3328987073279023,1.068665592738,1.1937026653954,0,0
8386,-0.3349274144367328,1.088737040335,1.1937026653954,0,0
8387,-0.33639456394811695,1.039815408381,1.1937026653954,0,0
8388,-0.3281851676535025,1.090253496965,1.1937026653954,0,0
8389,0.40170878214834094,1.104857896132,1.1937026653954,0,0
8390,-0.339892599815544,1.128608071299,1.1937026653954,0,0
8391,-0.3058848735812958,1.09774256691,1.1937026653954,0,0
8392,0.5579914314293557,1.185964728716,1.1937026653954,0,0
8393,0.09054106923273397,1.160054769904,1.1937026653954,0,0
8394,-0.24957341235818975,1.200511454764,1.1937026653954,1,0
8395,-0.2670435770301379,1.160444975744,1.1937026653954,0,0
8396,-0.3232888006077118,1.185901181395,1.1937026653954,0,0
8397,-0.32896206928469196,1.170987740381,1.1937026653954,0,0
8398,-0.3304969475054903,1.183050368616,1.1937026653954,0,0
8399,0.5569287616702989,1.236795419882,1.1937026653954,1,0
8400,-0.3242893618212176,1.199244196395,1.1937026653954,1,0
8401,-0.3279225683644188,1.228647235259,1.1937026653954,1,0
8402,-0.18543891243176802,1.17279122794,1.1937026653954,0,0
8403,-0.3038671774057484,1.253677609454,1.1937026653954,1,0
8404,-0.3351081199095223,1.186597740704,1.1937026653954,0,0
8405,-0.3349234573825842,1.241556282907,1.1937026653954,1,0
8406,-0.3243417211029239,1.175229797491,1.1937026653954,0,0
8407,-0.3371001239074086,1.157340797638,1.1937026653954,0,0
8408,-0.3306310859062692,1.088217315363,1.1937026653954,0,0
8409,0.23285784070781035,1.149154086306,1.1937026653954,0,0
8410,-0.33620250345037916,1.097519324976,1.1937026653954,0,0
8411,-0.33200905832778105,1.155740916779,1.1937026653954,0,0
8412,-0.32198951048028657,1.116987324634,1.1937026653954,0,0
8413,-0.3173457640652916,1.160949079837,1.1937026653954,0,0
8414,-0.3142585736459964,1.110349828145,1.1937026653954,0,0
8415,-0.3165166178496175,1.138754005456,1.1937026653954,0,0
8416,-0.3286707956901831,1.102482341627,1.1937026653954,0,0
8417,-0.32545766772146056,1.149194893961,1.1937026653954,0,0
8418,-0.31830503427898516,1.101183523355,1.1937026653954,0,0
8419,0.002027732182446007,1.133940694619,1.1937026653954,0,0
8420,-0.3268623072470178,1.118530862093,1.1937026653954,0,0
8421,-0.31465370557475525,1.129461612314,1.1937026653954,0,0
8422,-0.32419920980496086,1.11022007836,1.1937026653954,0,0
8423,0.3114934530252367,1.200538656655,1.1937026653954,1,0
8424,-0.3233560705282392,1.153839015943,1.1937026653954,0,0
8425,0.42912348268479117,1.288666651882,1.1937026653954,1,0
8426,-0.2513313766751959,1.195207667327,1.1937026653954,1,0
8427,-0.25617406542123067,1.288818371764,1.1937026653954,1,0
8428,-0.24986938853878837,1.197180033781,1.1937026653954,1,0
8429,-0.26841357799474164,1.304466947905,1.1937026653954,1,0
8430,-0.3140482762900083,1.196898508738,1.1937026653954,1,0
8431,-0.299606003573736,1.307471167778,1.1937026653954,1,0
8432,-0.32115531758685767,1.178301060229,1.1937026653954,0,0
8433,0.24858271510575025,1.264217580624,1.1937026653954,1,0
8434,-0.32437945648886346,1.190859545821,1.1937026653954,0,0
8435,-0.3300364381603621,1.261990358157,1.1937026653954,1,0
8436,-0.32778848731225074,1.169618463307,1.1937026653954,0,0
8437,-0.33205992654560523,1.239058094969,1.1937026653954,1,0
8438,-0.32766146013921715,1.171260200807,1.1937026653954,0,0
8439,-0.32501728773874083,1.225038054996,1.1937026653954,1,0
8440,-0.3247084081207009,1.169949304587,1.1937026653954,0,0
8441,-0.3293376453371508,1.257137078399,1.1937026653954,1,0
8442,-0.33128445862968703,1.160863367813,1.1937026653954,0,0
8443,0.23993179185619895,1.249167292132,1.1937026653954,1,0
8444,-0.3320622204900393,1.162492870481,1.1937026653954,0,0
8445,-0.3271097091542261,1.215808100819,1.1937026653954,1,0
8446,-0.3181747382351332,1.14637503808,1.1937026653954,0,0
8447,-0.13016895933031503,1.193053185633,1.1937026653954,0,0
8448,-0.31976662097511677,1.166427301133,1.1937026653954,0,0
8449,-0.31461602753742657,1.19936774953,1.1937026653954,1,0
8450,-0.3267330434781611,1.189704043374,1.1937026653954,0,0
8451,-0.32237701504380234,1.205610841582,1.1937026653954,1,0
8452,-0.32795324987122365,1.1752514581,1.1937026653954,0,0
8453,0.24471432190945186,1.206789794357,1.1937026653954,1,0
8454,-0.32677588289046633,1.188091841699,1.1937026653954,0,0
8455,-0.3282913199321864,1.21856378687,1.1937026653954,1,0
8456,-0.32292601329547255,1.148522696078,1.1937026653954,0,0
8457,-0.32101246219722945,1.138064074803,1.1937026653954,0,0
8458,-0.32037451625013036,1.115370038431,1.1937026653954,0,0
8459,-0.3172833687766865,1.128282347266,1.1937026653954,0,0
8460,-0.3315522766423581,1.11798615519,1.1937026653954,0,0
8461,-0.3223474231606035,1.126254877459,1.1937026653954,0,0
8462,-0.32760766714223954,1.112144266789,1.1937026653954,0,0
8463,-0.32273664818244474,1.061327630574,1.1937026653954,0,0
8464,-0.06587256427546284,1.063309229452,1.1937026653954,0,0
8465,-0.31371651457623906,1.05796567086,1.1937026653954,0,0
8466,-0.31638632180576554,1.064806821864,1.1937026653954,0,0
8467,-0.3214227341592527,1.048603386967,1.1937026653954,0,0
8468,-0.12752926012148502,1.068526349854,1.1937026653954,0,0
8469,-0.32803841255833643,1.054668792112,1.1937026653954,0,0
8470,-0.3356633118111644,1.065199391389,1.1937026653954,0,0
8471,-0.32284578258889296,1.056884768917,1.1937026653954,0,0
8472,-0.3243538216598133,1.061201046011,1.1937026653954,0,0
8473,-0.3322222231143117,1.037834283418,1.1937026653954,0,0
8474,0.2515780330504631,1.031891520692,1.1937026653954,0,0
8475,-0.33220645224632794,1.043751930076,1.1937026653954,0,0
8476,-0.3313517858988254,1.018525890337,1.1937026653954,0,0
8477,-0.3307853536694566,1.038715309682,1.1937026653954,0,0
8478,-0.3376945422588723,1.02871740943,1.1937026653954,0,0
8479,-0.33382310958619876,1.049821326379,1.1937026653954,0,0
8480,-0.3288831575961618,1.017764497952,1.1937026653954,0,0
8481,-0.3298397324251454,1.052930954059,1.1937026653954,0,0
8482,-0.33607088838847765,1.012600400739,1.1937026653954,0,0
8483,-0.29673346900485364,1.029244690528,1.1937026653954,0,0
8484,0.22932447809609946,1.013379520123,1.1937026653954,0,0
8485,-0.3375514001261899,1.026940244424,1.1937026653954,0,0
8486,0.23707892786083828,1.026607907672,1.1937026653954,0,0
8487,-0.3311247427484689,1.029494747525,1.1937026653954,0,0
8488,-0.3303368301839962,1.029747577339,1.1937026653954,0,0
8489,-0.3120332754991709,0.994234546096,1.1937026653954,0,0
8490,0.5919730066970561,1.0639094908,1.1937026653954,0,0
8491,0.16851281403095708,1.062662859687,1.1937026653954,0,0
8492,0.17454692016740747,1.111516181733,1.1937026653954,0,0
8493,-0.249554946105496,1.067363439266,1.1937026653954,0,0
8494,-0.23465015684271584,1.149526740415,1.1937026653954,0,0
8495,-0.2569327875427806,1.109159685158,1.1937026653954,0,0
8496,0.42956082319113587,1.193649925444,1.1937026653954,0,0
8497,-0.3148373931753089,1.157210164648,1.1937026653954,0,0
8498,-0.32715082810820584,1.207431656879,1.1937026653954,1,0
8499,-0.3339666531591572,1.153011262589,1.1937026653954,0,0
8500,-0.3182960878956925,1.191326126826,1.1937026653954,0,0
8501,-0.3329149369847729,1.171380392588,1.1937026653954,0,0
8502,-0.32715547334568473,1.214784159747,1.1937026653954,1,0
8503,-0.3296815649564202,1.158752350419,1.1937026653954,0,0
8504,-0.33202746723186405,1.194443235214,1.1937026653954,1,0
8505,-0.32416084358430197,1.157472466217,1.1937026653954,0,0
8506,0.2452000646433541,1.236581764548,1.1937026653954,1,0
8507,-0.32224734983466974,1.152286424717,1.1937026653954,0,0
8508,-0.33040203555453296,1.224046375929,1.1937026653954,1,0
8509,-0.32905675184120586,1.158321157863,1.1937026653954,0,0
8510,-0.31783861802693936,1.191634791329,1.1937026653954,0,0
8511,-0.3220245504815161,1.15966875402,1.1937026653954,0,0
8512,-0.3233003276784927,1.21034939658,1.1937026653954,1,0
8513,-0.3236445340408164,1.158940200391,1.1937026653954,0,0
8514,-0.32295015706064056,1.1915619324,1.1937026653954,0,0
8515,-0.3234177776335142,1.153604746594,1.1937026653954,0,0
8516,0.25456004611745886,1.223635633932,1.1937026653954,1,0
8517,-0.32755960900634706,1.150054581394,1.1937026653954,0,0
8518,-0.3224434820837778,1.206450184511,1.1937026653954,1,0
8519,0.2902943096299673,1.192905192871,1.1937026653954,0,0
8520,-0.3125089822261744,1.253024071871,1.1937026653954,1,0
8521,0.5300682781091062,1.267264167157,1.1937026653954,1,0
8522,-0.23071225713006682,1.285346884763,1.1937026653954,1,0
8523,-0.24282147365972573,1.28629305566,1.1937026653954,1,0
8524,-0.2534553398266489,1.273004637581,1.1937026653954,1,0
8525,-0.2578780073468159,1.292289907955,1.1937026653954,1,0
8526,-0.2944270225736749,1.30223429376,1.1937026653954,1,0
8527,-0.3065726554712238,1.320688687595,1.1937026653954,1,0
8528,-0.30483201043469443,1.292559361893,1.1937026653954,1,0
8529,0.267122832810333,1.353613229231,1.1937026653954,1,0
8530,-0.30051279980850154,1.324906558621,1.1937026653954,1,0
8531,-0.3194465583779611,1.285871072618,1.1937026653954,1,0
8532,-0.31940039274622656,1.318580126264,1.1937026653954,1,0
8533,-0.3238950327730107,1.328233093799,1.1937026653954,1,0
8534,-0.32732728978379233,1.309389629848,1.1937026653954,1,0
8535,-0.31949582083468153,1.323080256148,1.1937026653954,1,0
8536,-0.3236986137808483,1.304112801923,1.1937026653954,1,0
8537,-0.3187513211686225,1.300774687152,1.2965284422411998,1,0
8538,-0.3286639138568811,1.298102508615,1.1937026653954,1,0
8539,0.23750284879224393,1.290295973037,1.2965284422411998,0,0
8540,-0.3245256380979209,1.24288196416,1.2965284422411998,0,0
8541,-0.32449140097724327,1.280565203215,1.2965284422411998,0,0
8542,-0.32703727785872216,1.226789969568,1.2965284422411998,0,0
8543,-0.3160230757046395,1.296560058237,1.2965284422411998,1,0
8544,-0.32357628919390446,1.266589957664,1.2965284422411998,0,0
8545,-0.3221575992586889,1.298005762193,1.2965284422411998,1,0
8546,-0.3138996860392951,1.267793488554,1.2965284422411998,0,0
8547,-0.31717021996747874,1.303025947086,1.2965284422411998,1,0
8548,-0.32797360862807556,1.211105711777,1.2965284422411998,0,0
8549,0.0028651365980827403,1.28202544057,1.2965284422411998,0,0
8550,-0.32033884541418145,1.178283864412,1.2965284422411998,0,0
8551,-0.31800200421925195,1.279269723346,1.2965284422411998,0,0
8552,-0.31313534375388175,1.164762604081,1.2965284422411998,0,0
8553,-0.3243658075194811,1.244196808126,1.2965284422411998,0,0
8554,-0.3268543357901096,1.128704183714,1.2965284422411998,0,0
8555,-0.32080732621621777,1.165340629058,1.2965284422411998,0,0
8556,-0.31844100783531126,1.093171459902,1.2965284422411998,0,0
8557,-0.3132614533491417,1.147170143984,1.2965284422411998,0,0
8558,-0.31359441938373867,1.096042095513,1.2965284422411998,0,0
8559,-0.32232878486207717,1.154317633078,1.1937026653954,0,0
8560,0.24851733768938078,1.076366213383,1.1937026653954,0,0
8561,-0.32467250789030866,1.095153483274,1.1937026653954,0,0
8562,-0.3142077627767831,1.076795496358,1.1937026653954,0,0
8563,-0.3206158392045886,1.091573189987,1.1937026653954,0,0
8564,-0.12210121410450092,1.082373191464,1.1937026653954,0,0
8565,-0.3298739121972123,1.094331810849,1.1937026653954,0,0
8566,-0.3250773317343011,1.080846406442,1.1937026653954,0,0
8567,-0.3365383369155187,1.101840138097,1.1937026653954,0,0
8568,-0.33501120075718516,1.076393366644,1.1937026653954,0,0
8569,-0.33012940025855053,1.105493918632,1.1937026653954,0,0
8570,0.23429614386793673,1.053934762941,1.1937026653954,0,0
8571,-0.33848681331776964,1.078617868965,1.1937026653954,0,0
8572,-0.3318076500064747,1.034522858216,1.1937026653954,0,0
8573,-0.339896786264136,1.058272245474,1.1937026653954,0,0
8574,-0.3329645435331584,1.035058992053,1.1937026653954,0,0
8575,-0.3339660796730487,1.074488632527,1.1937026653954,0,0
8576,-0.33710780862126255,1.031915976965,1.1937026653954,0,0
8577,-0.3284326269093216,1.068509285156,1.1937026653954,0,0
8578,-0.3323661107789352,1.032546214643,1.1937026653954,0,0
8579,-0.33819473684270895,1.061360737104,1.1937026653954,0,0
8580,0.2327282328472886,1.017078337389,1.1937026653954,0,0
8581,-0.321926140265297,1.022996875287,1.1937026653954,0,0
8582,0.31425020074881216,1.038990443163,1.1937026653954,0,0
8583,-0.3281058545246964,1.034120684078,1.1937026653954,0,0
