timestep,value,score,threshold,anomaly,evaluation_label
64,0.9954821403360157,54.690490836003,1.084025450879,1,0
65,0.9935055767330221,54.784700656501,1.084025450879,1,0
66,0.9946350416490191,54.834374099032,1.084025450879,1,0
67,0.9929408442750249,55.144355493834,1.084025450879,1,0
68,0.9937879429620216,55.082200814861,1.084025450879,1,0
69,0.9937879429620216,55.226147542621,1.084025450879,1,0
70,0.9940703091910201,55.228230129264,1.084025450879,1,0
71,0.9935055767330221,55.158252780447,1.084025450879,1,0
72,0.9937879429620216,55.015580493684,1.084025450879,1,0
73,0.9937879429620216,55.247082938626,1.084025450879,1,0
74,0.9940703091910201,55.209965030366,1.084025450879,1,0
75,0.9940703091910201,55.344644798824,1.084025450879,1,0
76,0.9937879429620216,55.675744807789,1.084025450879,1,0
77,0.9932232105040244,55.73945404005,1.084025450879,1,0
78,0.9932232105040244,56.047302673946,1.084025450879,1,0
79,0.9946350416490191,56.148905438318,1.084025450879,1,0
80,0.9940703091910201,56.023085832717,1.084025450879,1,0
81,0.9937879429620216,55.800824525063,1.084025450879,1,0
82,0.9949174078780176,55.717638748159,1.084025450879,1,0
83,0.9943526754200196,55.529686469508,1.084025450879,1,0
84,0.9946350416490191,55.341721896672,1.084025450879,1,0
85,0.9935055767330221,55.415272283199,1.084025450879,1,0
86,0.9920937455880274,55.57801000304,1.084025450879,1,0
87,0.9943526754200196,54.979945330425,1.084025450879,1,0
88,0.9935055767330221,55.164411087649,1.084025450879,1,0
89,0.9935055767330221,55.195462047499,1.084025450879,1,0
90,0.9937879429620216,55.443910825614,1.084025450879,1,0
91,0.9946350416490191,55.531643166541,1.084025450879,1,0
92,0.9929408442750249,55.468293284151,1.084025450879,1,0
93,0.9940703091910201,55.64829297756,1.084025450879,1,0
94,0.9943526754200196,55.551153098442,1.084025450879,1,0
95,0.9937879429620216,55.369876530332,1.084025450879,1,0
96,0.9935055767330221,55.550213311982,1.084025450879,1,0
97,0.9932232105040244,55.524379919823,1.084025450879,1,0
98,0.9923761118170269,56.142725301594,1.084025450879,1,0
99,0.9920937455880274,56.341111668699,1.084025450879,1,0
100,0.9935055767330221,56.544848777416,1.084025450879,1,0
101,0.9932232105040244,56.680245154897,1.084025450879,1,0
102,0.9943526754200196,56.777928887245,1.084025450879,1,0
103,0.9926584780460255,56.9290457795,1.084025450879,1,0
104,0.9940703091910201,56.890418398176,1.084025450879,1,0
105,0.9932232105040244,57.128786864636,1.084025450879,1,0
106,0.9943526754200196,57.038394734376,1.084025450879,1,0
107,0.9935055767330221,56.670946972465,1.084025450879,1,0
108,0.9935055767330221,56.924148750655,1.084025450879,1,0
109,0.9923761118170269,57.031402940817,1.084025450879,1,0
110,0.9937879429620216,57.279011849961,1.084025450879,1,0
111,0.9943526754200196,57.170668250147,1.084025450879,1,0
112,0.9935055767330221,57.45864259275,1.084025450879,1,0
113,0.9943526754200196,57.151194414866,1.084025450879,1,0
114,0.9926584780460255,57.382591648283,1.084025450879,1,0
115,0.9943526754200196,57.295403139416,1.084025450879,1,0
116,0.9949174078780176,56.96842147091,1.084025450879,1,0
117,0.9932232105040244,56.483845472521,1.084025450879,1,0
118,0.9932232105040244,57.115933753189,1.084025450879,1,0
119,0.9920937455880274,57.580081139688,1.084025450879,1,0
120,0.9923761118170269,57.595282677703,1.084025450879,1,0
121,0.9926584780460255,57.844293795613,1.084025450879,1,0
122,0.9940703091910201,57.724239330829,1.084025450879,1,0
123,0.9946350416490191,57.537208475015,1.084025450879,1,0
124,0.9937879429620216,57.23918894324,1.084025450879,1,0
125,0.9926584780460255,57.774193005481,1.084025450879,1,0
126,0.9920937455880274,57.722810816781,1.084025450879,1,0
127,0.9943526754200196,57.790589656054,1.084025450879,1,0
128,0.9932232105040244,57.93768207881,1.084025450879,1,0
129,0.9915290131300294,58.284503432234,1.084025450879,1,0
130,0.9949174078780176,58.027163716907,1.084025450879,1,0
131,0.9937879429620216,58.501242306167,1.084025450879,1,0
132,0.9937879429620216,58.148475919545,1.084025450879,1,0
133,0.9954821403360157,58.114406777291,1.084025450879,1,0
134,0.9923761118170269,58.226368392958,1.084025450879,1,0
135,0.9940703091910201,58.313856343451,1.084025450879,1,0
136,0.9957645065650143,58.024863831826,1.084025450879,1,0
137,0.9943526754200196,57.876889615293,1.084025450879,1,0
138,0.9940703091910201,58.093231284088,1.084025450879,1,0
139,0.9932232105040244,58.104222960708,1.084025450879,1,0
140,0.9946350416490191,57.808706821735,1.084025450879,1,0
141,0.9926584780460255,58.174098972068,1.084025450879,1,0
142,0.9946350416490191,58.067212922197,1.084025450879,1,0
143,0.9935055767330221,58.001530841338,1.084025450879,1,0
144,0.9932232105040244,57.880952432481,1.084025450879,1,0
145,0.9929408442750249,58.274575432431,1.084025450879,1,0
146,0.9946350416490191,58.287421192337,1.084025450879,1,0
147,0.9943526754200196,58.218137604708,1.084025450879,1,0
148,0.9920937455880274,58.394441255043,1.084025450879,1,0
149,0.9920937455880274,58.635802884911,1.084025450879,1,0
150,0.9949174078780176,58.453636386555,1.084025450879,1,0
151,0.9932232105040244,58.31651353843,1.084025450879,1,0
152,0.9949174078780176,58.342947410706,1.084025450879,1,0
153,0.9957645065650143,58.037359067258,1.084025450879,1,0
154,0.9926584780460255,58.095699004851,1.084025450879,1,0
155,0.9923761118170269,58.384213692375,1.084025450879,1,0
156,0.9937879429620216,58.457619623227,1.084025450879,1,0
157,0.9940703091910201,57.999881349128,1.084025450879,1,0
158,0.9937879429620216,58.572363589472,1.084025450879,1,0
159,0.9932232105040244,58.699501192331,1.084025450879,1,0
160,0.9932232105040244,58.731534625303,1.084025450879,1,0
161,0.9932232105040244,58.694854718559,1.084025450879,1,0
162,0.9943526754200196,58.542891268782,1.084025450879,1,0
163,0.9932232105040244,58.121743380738,1.084025450879,1,0
164,0.9929408442750249,58.112606321316,1.084025450879,1,0
165,0.9943526754200196,58.248145422066,1.084025450879,1,0
166,0.9943526754200196,58.193637787627,1.084025450879,1,0
167,0.9926584780460255,58.285808835785,1.084025450879,1,0
168,0.9932232105040244,58.072223200842,1.084025450879,1,0
169,0.9937879429620216,58.257778821167,1.084025450879,1,0
170,0.9940703091910201,58.134926030332,1.084025450879,1,0
171,0.9954821403360157,58.062250443297,1.084025450879,1,0
172,0.9937879429620216,57.925327759039,1.084025450879,1,0
173,0.9949174078780176,57.166170827904,1.084025450879,1,0
174,0.9920937455880274,57.786858447875,1.084025450879,1,0
175,0.9929408442750249,58.014359758207,1.084025450879,1,0
176,0.9926584780460255,58.222165427454,1.084025450879,1,0
177,0.9932232105040244,58.067651495426,1.084025450879,1,0
178,0.9932232105040244,58.093800743625,1.084025450879,1,0
179,0.9940703091910201,58.197451430793,1.084025450879,1,0
180,0.9932232105040244,58.528592772985,1.084025450879,1,0
181,0.9932232105040244,58.553777727113,1.084025450879,1,0
182,0.9935055767330221,58.556425824321,1.084025450879,1,0
183,0.9926584780460255,58.495063356318,1.084025450879,1,0
184,0.9935055767330221,58.177926486112,1.084025450879,1,0
185,0.9923761118170269,58.223373913767,1.084025450879,1,0
186,0.9957645065650143,58.017512843448,1.084025450879,1,0
187,0.9923761118170269,58.424080526521,1.084025450879,1,0
188,0.9935055767330221,58.248830981186,1.084025450879,1,0
189,0.9935055767330221,58.466709393276,1.084025450879,1,0
190,0.9932232105040244,58.273805120837,1.084025450879,1,0
191,0.9935055767330221,58.136708943955,1.084025450879,1,0
192,0.9935055767330221,58.330901159132,1.084025450879,1,0
193,0.9932232105040244,57.71765726723,1.084025450879,1,0
194,0.9937879429620216,58.163376399403,1.084025450879,1,0
195,0.9932232105040244,58.178104790707,1.084025450879,1,0
196,0.9943526754200196,58.081557053923,1.084025450879,1,0
197,0.9951997741070171,58.276727895561,1.084025450879,1,0
198,0.9935055767330221,58.02202157505,1.084025450879,1,0
199,0.9935055767330221,57.932797957156,1.084025450879,1,0
200,0.9929408442750249,58.519591692027,1.084025450879,1,0
201,0.9946350416490191,58.505488530366,1.084025450879,1,0
202,0.9937879429620216,58.275889591825,1.084025450879,1,0
203,0.9923761118170269,58.321344972492,1.084025450879,1,0
204,0.9937879429620216,58.418607811019,1.084025450879,1,0
205,0.9946350416490191,58.297429629101,1.084025450879,1,0
206,0.9943526754200196,58.116654092199,1.084025450879,1,0
207,0.9943526754200196,58.103097954486,1.084025450879,1,0
208,0.9926584780460255,58.2659363718,1.084025450879,1,0
209,0.9943526754200196,58.10875550675,1.084025450879,1,0
210,0.9923761118170269,58.208449733527,1.084025450879,1,0
211,0.9943526754200196,58.222495807214,1.084025450879,1,0
212,0.9946350416490191,57.93218594395,1.084025450879,1,0
213,0.9929408442750249,57.726499273639,1.084025450879,1,0
214,0.9926584780460255,58.124535590715,1.084025450879,1,0
215,0.9923761118170269,58.158098724,1.084025450879,1,0
216,0.9940703091910201,58.482881293669,1.084025450879,1,0
217,0.9946350416490191,58.500194472295,1.084025450879,1,0
218,0.9926584780460255,58.54468101697,1.084025450879,1,0
219,0.9946350416490191,58.110290881449,1.084025450879,1,0
220,0.9940703091910201,58.216862174421,1.084025450879,1,0
221,0.9951997741070171,58.062570290354,1.084025450879,1,0
222,0.9949174078780176,57.818557453237,1.084025450879,1,0
223,0.9926584780460255,57.970343838056,1.084025450879,1,0
224,0.9932232105040244,57.779985566999,1.084025450879,1,0
225,0.9949174078780176,57.831832777945,1.084025450879,1,0
226,0.991811379359028,58.42100415608,1.084025450879,1,0
227,0.9943526754200196,57.947711210273,1.084025450879,1,0
228,0.9935055767330221,57.859163709741,1.084025450879,1,0
229,0.9920937455880274,57.953186160728,1.084025450879,1,0
230,0.9923761118170269,58.624195287254,1.084025450879,1,0
231,0.9937879429620216,58.429988610349,1.084025450879,1,0
232,0.9943526754200196,58.05872511177,1.084025450879,1,0
233,0.9932232105040244,58.098414499807,1.084025450879,1,0
234,0.9937879429620216,58.698883673403,1.084025450879,1,0
235,0.9926584780460255,58.506467048534,1.084025450879,1,0
236,0.9935055767330221,58.77817302247,1.084025450879,1,0
237,0.9926584780460255,58.823378123421,1.084025450879,1,0
238,0.9943526754200196,58.744025282987,1.084025450879,1,0
239,0.9935055767330221,58.501233488056,1.084025450879,1,0
240,0.9949174078780176,58.460103719794,1.084025450879,1,0
241,0.9949174078780176,58.157978801004,1.084025450879,1,0
242,0.9951997741070171,57.840027840247,1.084025450879,1,0
243,0.9935055767330221,58.025439532343,1.084025450879,1,0
244,0.9935055767330221,57.583321084359,1.084025450879,1,0
245,0.9923761118170269,58.154136578659,1.084025450879,1,0
246,0.9937879429620216,57.829598836746,1.084025450879,1,0
247,0.991811379359028,58.181129693198,1.084025450879,1,0
248,0.9946350416490191,57.836023483162,1.084025450879,1,0
249,0.9935055767330221,57.912667432661,1.084025450879,1,0
250,0.9937879429620216,58.084582432952,1.084025450879,1,0
251,0.9946350416490191,57.642063491341,1.084025450879,1,0
252,0.9932232105040244,57.798944996003,1.084025450879,1,0
253,0.9926584780460255,57.822370265546,1.084025450879,1,0
254,0.9935055767330221,57.950747061527,1.084025450879,1,0
255,0.9935055767330221,57.905062370336,1.084025450879,1,0
256,0.9935055767330221,57.98725835013,1.084025450879,1,0
257,0.9937879429620216,57.759271084925,1.084025450879,1,0
258,0.9932232105040244,57.796047078703,1.084025450879,1,0
259,0.9932232105040244,57.705331432371,1.084025450879,1,0
260,0.9943526754200196,57.739204854538,1.084025450879,1,0
261,0.9932232105040244,58.033759989261,1.084025450879,1,0
262,0.9937879429620216,57.898838511889,1.084025450879,1,0
263,0.9929408442750249,58.328987119802,1.084025450879,1,0
264,0.9937879429620216,58.141934007048,1.084025450879,1,0
265,0.9937879429620216,58.075909179495,1.084025450879,1,0
266,0.9926584780460255,58.323101752007,1.084025450879,1,0
267,0.9935055767330221,58.338234650733,1.084025450879,1,0
268,0.9929408442750249,58.342838973934,1.084025450879,1,0
269,0.9935055767330221,58.610542022591,1.084025450879,1,0
270,0.9949174078780176,58.445489265294,1.084025450879,1,0
271,0.9929408442750249,58.767119577604,1.084025450879,1,0
272,0.9935055767330221,58.591734516456,1.084025450879,1,0
273,0.9920937455880274,58.720116326396,1.084025450879,1,0
274,0.9946350416490191,58.412277149945,1.084025450879,1,0
275,0.9951997741070171,58.413295219339,1.084025450879,1,0
276,0.9932232105040244,58.600438126221,1.084025450879,1,0
277,0.9943526754200196,58.376078559783,1.084025450879,1,0
278,0.9935055767330221,58.279751293336,1.084025450879,1,0
279,0.9940703091910201,57.83804433104,1.084025450879,1,0
280,0.9935055767330221,58.178422480021,1.084025450879,1,0
281,0.9940703091910201,58.160359102792,1.084025450879,1,0
282,0.9949174078780176,57.585800197536,1.084025450879,1,0
283,0.9940703091910201,57.796651467425,1.084025450879,1,0
284,0.9943526754200196,57.543173729073,1.084025450879,1,0
285,0.9935055767330221,57.873033727239,1.084025450879,1,0
286,0.9926584780460255,58.285237311083,1.084025450879,1,0
287,0.9932232105040244,58.193809679025,1.084025450879,1,0
288,0.9943526754200196,58.010702058448,1.084025450879,1,0
289,0.9937879429620216,58.306100529201,1.084025450879,1,0
290,0.9932232105040244,57.877477358554,1.084025450879,1,0
291,0.9937879429620216,57.715394927801,1.084025450879,1,0
292,0.9943526754200196,57.686855156479,1.084025450879,1,0
293,0.9937879429620216,57.466328185631,1.084025450879,1,0
294,0.9929408442750249,57.30308718895,1.084025450879,1,0
295,0.9926584780460255,57.629397487638,1.084025450879,1,0
296,0.9935055767330221,57.948914508647,1.084025450879,1,0
297,0.9940703091910201,57.784115147171,1.084025450879,1,0
298,0.9949174078780176,57.667506506343,1.084025450879,1,0
299,0.9949174078780176,57.173421352067,1.084025450879,1,0
300,0.9943526754200196,56.993031385021,1.084025450879,1,0
301,0.9960468727940137,56.621102209679,1.084025450879,1,0
302,0.9932232105040244,56.603978654073,1.084025450879,1,0
303,0.9926584780460255,56.804511388937,1.084025450879,1,0
304,0.9923761118170269,57.416253241484,1.084025450879,1,0
305,0.9929408442750249,57.936754575042,1.084025450879,1,0
306,0.9915290131300294,58.292749384261,1.084025450879,1,0
307,0.9935055767330221,58.177138347914,1.084025450879,1,0
308,0.9932232105040244,58.308779742586,1.084025450879,1,0
309,0.9929408442750249,58.127177140565,1.084025450879,1,0
310,0.9937879429620216,58.243595645122,1.084025450879,1,0
311,0.9935055767330221,58.008344860125,1.084025450879,1,0
312,0.9923761118170269,58.436814379278,1.084025450879,1,0
313,0.991811379359028,58.651566729318,1.084025450879,1,0
314,0.9935055767330221,58.671077397306,1.084025450879,1,0
315,0.9929408442750249,58.45868060918,1.084025450879,1,0
316,0.9935055767330221,58.805058291906,1.084025450879,1,0
317,0.9932232105040244,58.634164781329,1.084025450879,1,0
318,0.9935055767330221,58.696676210202,1.084025450879,1,0
319,0.9954821403360157,58.611992973993,1.084025450879,1,0
320,0.9946350416490191,58.473155858049,1.084025450879,1,0
321,0.9940703091910201,58.403246052705,1.084025450879,1,0
322,0.9932232105040244,58.489888562741,1.084025450879,1,0
323,0.9915290131300294,58.50218776032,1.084025450879,1,0
324,0.9943526754200196,58.47446392144,1.084025450879,1,0
325,0.9929408442750249,58.702474723108,1.084025450879,1,0
326,0.9932232105040244,58.924368643478,1.084025450879,1,0
327,0.9937879429620216,58.61272612401,1.084025450879,1,0
328,0.9946350416490191,58.747101998695,1.084025450879,1,0
329,0.9940703091910201,58.640821102705,1.084025450879,1,0
330,0.9937879429620216,58.402075637698,1.084025450879,1,0
331,0.9920937455880274,58.423479018026,1.084025450879,1,0
332,0.9935055767330221,58.197365562708,1.084025450879,1,0
333,0.9935055767330221,58.430728719446,1.084025450879,1,0
334,0.9935055767330221,58.561088007121,1.084025450879,1,0
335,0.9932232105040244,58.315828800269,1.084025450879,1,0
336,0.9932232105040244,58.446920968184,1.084025450879,1,0
337,0.9937879429620216,58.175722273385,1.084025450879,1,0
338,0.9926584780460255,58.420004348918,1.084025450879,1,0
339,0.9940703091910201,58.706800637736,1.084025450879,1,0
340,0.9937879429620216,58.507321570094,1.084025450879,1,0
341,0.9923761118170269,58.707211354784,1.084025450879,1,0
342,0.9935055767330221,58.797925309601,1.084025450879,1,0
343,0.9932232105040244,59.04167497277,1.084025450879,1,0
344,0.9937879429620216,59.044382997959,1.084025450879,1,0
345,0.9929408442750249,59.150483698244,1.084025450879,1,0
346,0.9937879429620216,59.446853555647,1.084025450879,1,0
347,0.9932232105040244,59.385245809722,1.084025450879,1,0
348,0.9940703091910201,59.551190203503,1.084025450879,1,0
349,0.9935055767330221,59.576726224665,1.084025450879,1,0
350,0.9935055767330221,59.291646566144,1.084025450879,1,0
351,0.9949174078780176,59.107242544525,1.084025450879,1,0
352,0.9943526754200196,59.137452203146,1.084025450879,1,0
353,0.9940703091910201,59.081434216037,1.084025450879,1,0
354,0.9949174078780176,58.908258500397,1.084025450879,1,0
355,0.9926584780460255,58.922653355223,1.084025450879,1,0
356,0.9923761118170269,59.266031335799,1.084025450879,1,0
357,0.9946350416490191,59.367508037251,1.084025450879,1,0
358,0.9932232105040244,59.210506253109,1.084025450879,1,0
359,0.9920937455880274,59.046189804282,1.084025450879,1,0
360,0.9943526754200196,58.937049923963,1.084025450879,1,0
361,0.9929408442750249,59.164724162625,1.084025450879,1,0
362,0.9946350416490191,59.351536216711,1.084025450879,1,0
363,0.9940703091910201,59.411623747181,1.084025450879,1,0
364,0.9929408442750249,59.540115251791,1.084025450879,1,0
365,0.9920937455880274,60.097674685408,1.084025450879,1,0
366,0.9940703091910201,60.288575181542,1.084025450879,1,0
367,0.9949174078780176,59.638959351014,1.084025450879,1,0
368,0.9929408442750249,59.575846424883,1.084025450879,1,0
369,0.9935055767330221,59.508867499607,1.084025450879,1,0
370,0.9932232105040244,59.144642230647,1.084025450879,1,0
371,0.9935055767330221,59.347095670364,1.084025450879,1,0
372,0.9960468727940137,58.97209672155,1.084025450879,1,0
373,0.9943526754200196,58.887349455427,1.084025450879,1,0
374,0.9920937455880274,58.90160453927,1.084025450879,1,0
375,0.9949174078780176,58.853988967317,1.084025450879,1,0
376,0.9935055767330221,58.420834047744,1.084025450879,1,0
377,0.9946350416490191,58.176547630184,1.084025450879,1,0
378,0.9932232105040244,58.294833302325,1.084025450879,1,0
379,0.9940703091910201,58.057214536714,1.084025450879,1,0
380,0.9943526754200196,57.967536943373,1.084025450879,1,0
381,0.9940703091910201,57.789306831617,1.084025450879,1,0
382,0.9932232105040244,57.751210955201,1.084025450879,1,0
383,0.9935055767330221,58.037545237334,1.084025450879,1,0
384,0.9932232105040244,58.431844177903,1.084025450879,1,0
385,0.9954821403360157,57.868882048038,1.084025450879,1,0
386,0.9951997741070171,57.892008666852,1.084025450879,1,0
387,0.9937879429620216,57.41029445337,1.084025450879,1,0
388,0.9946350416490191,57.131506955619,1.084025450879,1,0
389,0.9929408442750249,57.332381547167,1.084025450879,1,0
390,0.9943526754200196,57.131199629965,1.084025450879,1,0
391,0.9937879429620216,57.293364680031,1.084025450879,1,0
392,0.9937879429620216,57.335004908644,1.084025450879,1,0
393,0.9957645065650143,56.899528164414,1.084025450879,1,0
394,0.9923761118170269,57.156191299551,1.084025450879,1,0
395,0.9935055767330221,56.855200892768,1.084025450879,1,0
396,0.9937879429620216,56.868313353814,1.084025450879,1,0
397,0.9943526754200196,56.93705791422,1.084025450879,1,0
398,0.9951997741070171,56.579788081054,1.084025450879,1,0
399,0.9946350416490191,56.409249598002,1.084025450879,1,0
400,0.9926584780460255,56.47792211143,1.084025450879,1,0
401,0.9937879429620216,56.515326306371,1.084025450879,1,0
402,0.9940703091910201,56.261960900201,1.084025450879,1,0
403,0.9937879429620216,56.249574258577,1.084025450879,1,0
404,0.9929408442750249,56.58063849396,1.084025450879,1,0
405,0.9949174078780176,56.086464835286,1.084025450879,1,0
406,0.9935055767330221,56.216458256645,1.084025450879,1,0
407,0.9932232105040244,56.185785505073,1.084025450879,1,0
408,0.9920937455880274,56.536187804109,1.084025450879,1,0
409,0.9940703091910201,56.208335587278,1.084025450879,1,0
410,0.9949174078780176,56.092740719692,1.084025450879,1,0
411,0.9929408442750249,56.141041348017,1.084025450879,1,0
412,0.9923761118170269,56.323282778496,1.084025450879,1,0
413,0.9935055767330221,56.403128893372,1.084025450879,1,0
414,0.9940703091910201,56.217648497189,1.084025450879,1,0
415,0.9935055767330221,56.651134923608,1.084025450879,1,0
416,0.9949174078780176,56.506016749733,1.084025450879,1,0
417,0.9937879429620216,56.738373079107,1.084025450879,1,0
418,0.9937879429620216,56.544555757972,1.084025450879,1,0
419,0.9932232105040244,56.644200006203,1.084025450879,1,0
420,0.9923761118170269,56.588242455786,1.084025450879,1,0
421,0.9949174078780176,56.344375088673,1.084025450879,1,0
422,0.9940703091910201,56.490046941135,1.084025450879,1,0
423,0.9935055767330221,55.952588009827,1.084025450879,1,0
424,0.9929408442750249,56.324343968537,1.084025450879,1,0
425,0.9937879429620216,56.298282313177,1.084025450879,1,0
426,0.9935055767330221,56.566334664934,1.084025450879,1,0
427,0.9937879429620216,56.424122900363,1.084025450879,1,0
428,0.9932232105040244,56.41329374411,1.084025450879,1,0
429,0.9929408442750249,56.041882336,1.084025450879,1,0
430,0.9940703091910201,56.247236731479,1.084025450879,1,0
431,0.9951997741070171,56.134965570523,1.084025450879,1,0
432,0.9932232105040244,56.083057514102,1.084025450879,1,0
433,0.9926584780460255,56.390981615155,1.084025450879,1,0
434,0.9929408442750249,56.601098876886,1.084025450879,1,0
435,0.9946350416490191,56.318413543191,1.084025450879,1,0
436,0.9943526754200196,56.531024192936,1.084025450879,1,0
437,0.9949174078780176,56.360434558186,1.084025450879,1,0
438,0.9946350416490191,55.860435888639,1.084025450879,1,0
439,0.9940703091910201,55.883209590261,1.084025450879,1,0
440,0.9937879429620216,55.901438549514,1.084025450879,1,0
441,0.9906819144430328,56.721012868305,1.084025450879,1,0
442,0.9949174078780176,56.460636743832,1.084025450879,1,0
443,0.9932232105040244,56.68016666412,1.084025450879,1,0
444,0.9937879429620216,56.470127080411,1.084025450879,1,0
445,0.9932232105040244,57.002854866268,1.084025450879,1,0
446,0.9937879429620216,56.773545905399,1.084025450879,1,0
447,0.9946350416490191,56.74812274026,1.084025450879,1,0
448,0.9929408442750249,56.585598327181,1.084025450879,1,0
449,0.9946350416490191,56.57988816792,1.084025450879,1,0
450,0.9935055767330221,56.816067738339,1.084025450879,1,0
451,0.9946350416490191,56.965022099021,1.084025450879,1,0
452,0.9940703091910201,56.820920664752,1.084025450879,1,0
453,0.9923761118170269,56.985538701491,1.084025450879,1,0
454,0.9932232105040244,57.203513876516,1.084025450879,1,0
455,0.9946350416490191,57.208265874931,1.084025450879,1,0
456,0.9946350416490191,56.758168995122,1.084025450879,1,0
457,0.9932232105040244,57.148254657944,1.084025450879,1,0
458,0.9940703091910201,56.947799734336,1.084025450879,1,0
459,0.9937879429620216,56.905735786409,1.084025450879,1,0
460,0.9949174078780176,56.981585972411,1.084025450879,1,0
461,0.9932232105040244,56.89072359416,1.084025450879,1,0
462,0.9946350416490191,56.867849778685,1.084025450879,1,0
463,0.9940703091910201,57.155953260653,1.084025450879,1,0
464,0.9929408442750249,57.018987949115,1.084025450879,1,0
465,0.9940703091910201,57.03999587982,1.084025450879,1,0
466,0.9932232105040244,57.133151581908,1.084025450879,1,0
467,0.9926584780460255,57.316910361118,1.084025450879,1,0
468,0.9960468727940137,56.816368191592,1.084025450879,1,0
469,0.9937879429620216,57.10995435477,1.084025450879,1,0
470,0.9926584780460255,56.978719635279,1.084025450879,1,0
471,0.9937879429620216,57.449047190822,1.084025450879,1,0
472,0.9954821403360157,56.503811557466,1.084025450879,1,0
473,0.9937879429620216,56.576280170507,1.084025450879,1,0
474,0.9949174078780176,56.833900463079,1.084025450879,1,0
475,0.9929408442750249,56.82323940619,1.084025450879,1,0
476,0.9929408442750249,56.220226569818,1.084025450879,1,0
477,0.9929408442750249,56.639172228181,1.084025450879,1,0
478,0.9937879429620216,56.723836942636,1.084025450879,1,0
479,0.9937879429620216,56.512574954901,1.084025450879,1,0
480,0.9929408442750249,56.972575715845,1.084025450879,1,0
481,0.9954821403360157,56.454504213195,1.084025450879,1,0
482,0.9929408442750249,56.929111538704,1.084025450879,1,0
483,0.9935055767330221,56.856964500994,1.084025450879,1,0
484,0.9935055767330221,56.617615851763,1.084025450879,1,0
485,0.9937879429620216,56.584208827492,1.084025450879,1,0
486,0.9935055767330221,56.755389666066,1.084025450879,1,0
487,0.9935055767330221,56.901941914991,1.084025450879,1,0
488,0.9932232105040244,56.844225127413,1.084025450879,1,0
489,0.9937879429620216,56.720787858052,1.084025450879,1,0
490,0.9929408442750249,56.908517169241,1.084025450879,1,0
491,0.9932232105040244,56.876896761478,1.084025450879,1,0
492,0.9935055767330221,57.159404894483,1.084025450879,1,0
493,0.9929408442750249,56.932319269475,1.084025450879,1,0
494,0.9935055767330221,56.930195053457,1.084025450879,1,0
495,0.9946350416490191,57.011134540699,1.084025450879,1,0
496,0.9920937455880274,57.33968330565,1.084025450879,1,0
497,0.9940703091910201,57.147818095999,1.084025450879,1,0
498,0.9940703091910201,56.895981309044,1.084025450879,1,0
499,0.9923761118170269,57.393435439241,1.084025450879,1,0
500,0.9937879429620216,57.486735830279,1.084025450879,1,0
501,0.9954821403360157,57.453479582831,1.084025450879,1,0
502,0.991811379359028,57.82577801631,1.084025450879,1,0
503,0.9926584780460255,58.01215801481,1.084025450879,1,0
504,0.9957645065650143,57.751288557268,1.084025450879,1,0
505,0.9920937455880274,57.526642766559,1.084025450879,1,0
506,0.9932232105040244,57.787247941982,1.084025450879,1,0
507,0.9935055767330221,57.732716169787,1.084025450879,1,0
508,0.9935055767330221,57.630874010233,1.084025450879,1,0
509,0.9937879429620216,57.548195059349,1.084025450879,1,0
510,0.9935055767330221,57.78944904802,1.084025450879,1,0
511,0.9949174078780176,57.5142474661,1.084025450879,1,0
512,0.9949174078780176,57.272056206036,1.084025450879,1,0
513,0.9932232105040244,57.319491440438,1.084025450879,1,0
514,0.9951997741070171,57.024763846102,1.084025450879,1,0
515,0.9943526754200196,57.448606919952,1.084025450879,1,0
516,0.9940703091910201,57.19686409183,1.084025450879,1,0
517,0.991811379359028,57.35176907045,1.084025450879,1,0
518,0.9951997741070171,57.009157409547,1.084025450879,1,0
519,0.9946350416490191,57.280464974966,1.084025450879,1,0
520,0.9920937455880274,57.288499201519,1.084025450879,1,0
521,0.9946350416490191,57.341636930494,1.084025450879,1,0
522,0.9943526754200196,57.43519354485,1.084025450879,1,0
523,0.9943526754200196,57.209417736513,1.084025450879,1,0
524,0.9946350416490191,57.13862517355,1.084025450879,1,0
525,0.9929408442750249,57.020834096242,1.084025450879,1,0
526,0.9937879429620216,57.265571766976,1.084025450879,1,0
527,0.9949174078780176,57.17629477894,1.084025450879,1,0
528,0.9943526754200196,57.065929922299,1.084025450879,1,0
529,0.9937879429620216,57.031745339712,1.084025450879,1,0
530,0.9926584780460255,57.166136643284,1.084025450879,1,0
531,0.9946350416490191,56.829574755133,1.084025450879,1,0
532,0.9949174078780176,57.139149356438,1.084025450879,1,0
533,0.9937879429620216,56.937829727253,1.084025450879,1,0
534,0.9937879429620216,56.791188535199,1.084025450879,1,0
535,0.9946350416490191,56.658998588295,1.084025450879,1,0
536,0.9943526754200196,56.725817853973,1.084025450879,1,0
537,0.9935055767330221,56.753507552354,1.084025450879,1,0
538,0.9923761118170269,57.267959114574,1.084025450879,1,0
539,0.9949174078780176,57.036416036073,1.084025450879,1,0
540,0.9946350416490191,56.850311355083,1.084025450879,1,0
541,0.9929408442750249,56.596394190722,1.084025450879,1,0
542,0.9920937455880274,56.975933834343,1.084025450879,1,0
543,0.9940703091910201,57.038966510024,1.084025450879,1,0
544,0.9946350416490191,56.628660783823,1.084025450879,1,0
545,0.9940703091910201,56.687216726711,1.084025450879,1,0
546,0.9926584780460255,56.91702814256,1.084025450879,1,0
547,0.9946350416490191,56.775733444046,1.084025450879,1,0
548,0.9926584780460255,56.814183378834,1.084025450879,1,0
549,0.9920937455880274,57.106785419973,1.084025450879,1,0
550,0.9940703091910201,57.096181121633,1.084025450879,1,0
551,0.9943526754200196,56.984548043531,1.084025450879,1,0
552,0.9937879429620216,56.823981233142,1.084025450879,1,0
553,0.9932232105040244,56.742166291667,1.084025450879,1,0
554,0.9932232105040244,56.903220147023,1.084025450879,1,0
555,0.9932232105040244,56.838769705145,1.084025450879,1,0
556,0.9929408442750249,57.17977576294,1.084025450879,1,0
557,0.9937879429620216,56.755545282023,1.084025450879,1,0
558,0.9932232105040244,57.041290844011,1.084025450879,1,0
559,0.9940703091910201,56.923797592071,1.084025450879,1,0
560,0.9940703091910201,56.822120592876,1.084025450879,1,0
561,0.9920937455880274,56.992842992137,1.084025450879,1,0
562,0.9946350416490191,56.68122058334,1.084025450879,1,0
563,0.9940703091910201,56.726969864759,1.084025450879,1,0
564,0.9932232105040244,56.764755541368,1.084025450879,1,0
565,0.9943526754200196,56.795342492748,1.084025450879,1,0
566,0.9946350416490191,56.522347515414,1.084025450879,1,0
567,0.9943526754200196,56.083680657302,1.084025450879,1,0
568,0.9937879429620216,56.557568877202,1.084025450879,1,0
569,0.9943526754200196,55.886306494061,1.084025450879,1,0
570,0.9951997741070171,55.826971967584,1.084025450879,1,0
571,0.9940703091910201,55.61594109099,1.084025450879,1,0
572,0.9943526754200196,55.486171977259,1.084025450879,1,0
573,0.9929408442750249,55.688422544491,1.084025450879,1,0
574,0.9949174078780176,55.507532211409,1.084025450879,1,0
575,0.9937879429620216,55.663574237979,1.084025450879,1,0
576,0.9932232105040244,55.82489121059,1.084025450879,1,0
577,0.9949174078780176,55.543864732252,1.084025450879,1,0
578,0.9951997741070171,55.691574280941,1.084025450879,1,0
579,0.9954821403360157,55.437753905122,1.084025450879,1,0
580,0.9940703091910201,55.584650292544,1.084025450879,1,0
581,0.9946350416490191,55.104023851883,1.084025450879,1,0
582,0.9926584780460255,55.36902196419,1.084025450879,1,0
583,0.9943526754200196,55.527219678761,1.084025450879,1,0
584,0.9943526754200196,54.823079179865,1.084025450879,1,0
585,0.9937879429620216,54.903898551708,1.084025450879,1,0
586,0.9935055767330221,55.025572407535,1.084025450879,1,0
587,0.9943526754200196,55.333818275036,1.084025450879,1,0
588,0.9949174078780176,55.287091050406,1.084025450879,1,0
589,0.9946350416490191,54.927513792744,1.084025450879,1,0
590,0.9940703091910201,54.842093065363,1.084025450879,1,0
591,0.9949174078780176,54.859210540685,1.084025450879,1,0
592,0.9937879429620216,55.038653363142,1.084025450879,1,0
593,0.9935055767330221,54.738817755734,1.084025450879,1,0
594,0.9940703091910201,54.998437653466,1.084025450879,1,0
595,0.9929408442750249,55.156350881606,1.084025450879,1,0
596,0.9932232105040244,55.320264640152,1.084025450879,1,0
597,0.9923761118170269,55.85181980194,1.084025450879,1,0
598,0.9937879429620216,55.549447988083,1.084025450879,1,0
599,0.9932232105040244,56.025715753919,1.084025450879,1,0
600,0.9937879429620216,55.996544726959,1.084025450879,1,0
601,0.9932232105040244,55.969214690734,1.084025450879,1,0
602,0.991811379359028,56.240149633908,1.084025450879,1,0
603,0.9937879429620216,56.214336186485,1.084025450879,1,0
604,0.9957645065650143,56.179454860381,1.084025450879,1,0
605,0.9949174078780176,55.787323704262,1.084025450879,1,0
606,0.9943526754200196,55.522974341824,1.084025450879,1,0
607,0.9920937455880274,55.831243242677,1.084025450879,1,0
608,0.9943526754200196,55.915176569656,1.084025450879,1,0
609,0.9926584780460255,56.201082810145,1.084025450879,1,0
610,0.9923761118170269,56.004348882705,1.084025450879,1,0
611,0.9932232105040244,56.177904922332,1.084025450879,1,0
612,0.9943526754200196,56.245676811861,1.084025450879,1,0
613,0.9940703091910201,55.605555265233,1.084025450879,1,0
614,0.9929408442750249,56.224062939392,1.084025450879,1,0
615,0.9937879429620216,55.973903150451,1.084025450879,1,0
616,0.9932232105040244,56.266116186372,1.084025450879,1,0
617,0.9940703091910201,55.853466576684,1.084025450879,1,0
618,0.9923761118170269,56.210815199001,1.084025450879,1,0
619,0.9946350416490191,56.064248125076,1.084025450879,1,0
620,0.9923761118170269,55.938853999241,1.084025450879,1,0
621,0.9935055767330221,56.06283067999,1.084025450879,1,0
622,0.9929408442750249,56.061552061006,1.084025450879,1,0
623,0.9937879429620216,56.19114058389,1.084025450879,1,0
624,0.9946350416490191,56.158902132202,1.084025450879,1,0
625,0.991811379359028,56.146597747502,1.084025450879,1,0
626,0.9954821403360157,56.068765395049,1.084025450879,1,0
627,0.9949174078780176,55.966346735873,1.084025450879,1,0
628,0.9943526754200196,55.912267688119,1.084025450879,1,0
629,0.9946350416490191,55.645411355458,1.084025450879,1,0
630,0.9926584780460255,55.966834580744,1.084025450879,1,0
631,0.9929408442750249,56.280268895221,1.084025450879,1,0
632,0.9946350416490191,56.026203014855,1.084025450879,1,0
633,0.9935055767330221,56.376751322354,1.084025450879,1,0
634,0.9932232105040244,56.535262968743,1.084025450879,1,0
635,0.9943526754200196,56.535217321429,1.084025450879,1,0
636,0.9946350416490191,56.338016725723,1.084025450879,1,0
637,0.9923761118170269,56.579548089635,1.084025450879,1,0
638,0.9932232105040244,56.788766802905,1.084025450879,1,0
639,0.9935055767330221,56.861537904054,1.084025450879,1,0
640,0.9932232105040244,56.856510915466,1.084025450879,1,0
641,0.9926584780460255,57.066029766642,1.084025450879,1,0
642,0.9949174078780176,57.091030640724,1.084025450879,1,0
643,0.9954821403360157,57.102632152963,1.084025450879,1,0
644,0.9926584780460255,57.439888492193,1.084025450879,1,0
645,0.9923761118170269,57.445811439138,1.084025450879,1,0
646,0.9935055767330221,57.394274332303,1.084025450879,1,0
647,0.9940703091910201,57.579832115975,1.084025450879,1,0
648,0.9943526754200196,57.841355862428,1.084025450879,1,0
649,0.9949174078780176,57.502887206308,1.084025450879,1,0
650,0.9943526754200196,57.482829034864,1.084025450879,1,0
651,0.9926584780460255,57.674529826313,1.084025450879,1,0
652,0.9932232105040244,57.933134397001,1.084025450879,1,0
653,0.9929408442750249,58.316413460984,1.084025450879,1,0
654,0.9937879429620216,57.985174323937,1.084025450879,1,0
655,0.9926584780460255,58.729524369596,1.084025450879,1,0
656,0.9943526754200196,58.30548496145,1.084025450879,1,0
657,0.9920937455880274,58.553066953345,1.084025450879,1,0
658,0.9983058026260059,58.342234283107,1.084025450879,1,0
659,0.9935055767330221,58.166993757343,1.084025450879,1,0
660,0.9932232105040244,58.183648448853,1.084025450879,1,0
661,0.9935055767330221,57.954072723162,1.084025450879,1,0
662,0.9954821403360157,57.636522337744,1.084025450879,1,0
663,0.9929408442750249,57.918867796613,1.084025450879,1,0
664,0.9943526754200196,57.925242468248,1.084025450879,1,0
665,0.9943526754200196,57.551087257165,1.084025450879,1,0
666,0.9957645065650143,56.73238896993,1.084025450879,1,0
667,0.9935055767330221,57.100493519972,1.084025450879,1,0
668,0.9940703091910201,57.065798447704,1.084025450879,1,0
669,0.9951997741070171,57.190890010008,1.084025450879,1,0
670,0.9949174078780176,56.932623500717,1.084025450879,1,0
671,0.9949174078780176,56.835424005917,1.084025450879,1,0
672,0.9937879429620216,56.686993436283,1.084025450879,1,0
673,0.9940703091910201,56.644254796269,1.084025450879,1,0
674,0.9926584780460255,56.240104643771,1.084025450879,1,0
675,0.9935055767330221,56.307087179028,1.084025450879,1,0
676,0.9943526754200196,56.407625326382,1.084025450879,1,0
677,0.9932232105040244,56.37288930086,1.084025450879,1,0
678,0.9954821403360157,56.361430647311,1.084025450879,1,0
679,0.9937879429620216,56.364250616545,1.084025450879,1,0
680,0.9932232105040244,56.267680991615,1.084025450879,1,0
681,0.9946350416490191,56.063598201744,1.084025450879,1,0
682,0.9949174078780176,55.644597255921,1.084025450879,1,0
683,0.9935055767330221,55.86607704456,1.084025450879,1,0
684,0.9935055767330221,55.384005892672,1.084025450879,1,0
685,0.9949174078780176,55.432138074558,1.084025450879,1,0
686,0.9926584780460255,55.485129679168,1.084025450879,1,0
687,0.9940703091910201,55.643936501397,1.084025450879,1,0
688,0.9935055767330221,55.845641753848,1.084025450879,1,0
689,0.9926584780460255,55.452758008637,1.084025450879,1,0
690,0.9937879429620216,55.6883106475,1.084025450879,1,0
691,0.9935055767330221,55.970605919661,1.084025450879,1,0
692,0.9940703091910201,55.97000507722,1.084025450879,1,0
693,0.9932232105040244,56.358852044439,1.084025450879,1,0
694,0.9943526754200196,55.816535706381,1.084025450879,1,0
695,0.9929408442750249,55.878532291281,1.084025450879,1,0
696,0.9926584780460255,55.987630163484,1.084025450879,1,0
697,0.9935055767330221,56.1950951947,1.084025450879,1,0
698,0.9946350416490191,55.92141524769,1.084025450879,1,0
699,0.9932232105040244,56.029407205268,1.084025450879,1,0
700,0.9920937455880274,56.533223301618,1.084025450879,1,0
701,0.9935055767330221,56.375509412633,1.084025450879,1,0
702,0.9940703091910201,56.141840985055,1.084025450879,1,0
703,0.9923761118170269,56.569343700349,1.084025450879,1,0
704,0.9932232105040244,56.795614973462,1.084025450879,1,0
705,0.9943526754200196,56.228441655511,1.084025450879,1,0
706,0.9940703091910201,56.580837515727,1.084025450879,1,0
707,0.9935055767330221,56.495849740368,1.084025450879,1,0
708,0.9940703091910201,56.565669014252,1.084025450879,1,0
709,0.9932232105040244,55.909306394508,1.084025450879,1,0
710,0.9923761118170269,56.442236984167,1.084025450879,1,0
711,0.9932232105040244,56.612235329321,1.084025450879,1,0
712,0.9943526754200196,56.814104605252,1.084025450879,1,0
713,0.9926584780460255,57.017859424514,1.084025450879,1,0
714,0.9935055767330221,56.996697425725,1.084025450879,1,0
715,0.9954821403360157,56.85096969459,1.084025450879,1,0
716,0.9951997741070171,56.345479732178,1.084025450879,1,0
717,0.9926584780460255,56.620596702812,1.084025450879,1,0
718,0.9926584780460255,56.500196284896,1.084025450879,1,0
719,0.9923761118170269,56.778345489778,1.084025450879,1,0
720,0.9932232105040244,56.935668134011,1.084025450879,1,0
721,0.9943526754200196,56.601801699053,1.084025450879,1,0
722,0.9951997741070171,56.805689308196,1.084025450879,1,0
723,0.9932232105040244,56.935943042234,1.084025450879,1,0
724,0.9923761118170269,56.735216979277,1.084025450879,1,0
725,0.9940703091910201,56.995353031005,1.084025450879,1,0
726,0.9937879429620216,57.056803898772,1.084025450879,1,0
727,0.9943526754200196,56.860530824188,1.084025450879,1,0
728,0.9932232105040244,57.015835164637,1.084025450879,1,0
729,0.9935055767330221,57.105247329728,1.084025450879,1,0
730,0.9926584780460255,57.566954876222,1.084025450879,1,0
731,0.9951997741070171,57.352668934079,1.084025450879,1,0
732,0.9929408442750249,57.439254643592,1.084025450879,1,0
733,0.9932232105040244,57.799153386598,1.084025450879,1,0
734,0.9932232105040244,57.997635191749,1.084025450879,1,0
735,0.9926584780460255,58.327647894604,1.084025450879,1,0
736,0.9926584780460255,58.612164243466,1.084025450879,1,0
737,0.991811379359028,58.967506602418,1.084025450879,1,0
738,0.9971763377100098,58.074940618513,1.084025450879,1,0
739,0.9920937455880274,58.647233856718,1.084025450879,1,0
740,0.9949174078780176,58.36292468947,1.084025450879,1,0
741,0.9937879429620216,58.688566893624,1.084025450879,1,0
742,0.9935055767330221,58.459802471425,1.084025450879,1,0
743,0.9923761118170269,59.003622470421,1.084025450879,1,0
744,0.9935055767330221,59.035477287882,1.084025450879,1,0
745,0.9940703091910201,58.749300068219,1.084025450879,1,0
746,0.9935055767330221,59.287897466309,1.084025450879,1,0
747,0.9937879429620216,59.005727637331,1.084025450879,1,0
748,0.9940703091910201,59.232196451607,1.084025450879,1,0
749,0.9920937455880274,59.443734738228,1.084025450879,1,0
750,0.9926584780460255,59.458436405577,1.084025450879,1,0
751,0.9940703091910201,59.51038775038,1.084025450879,1,0
752,0.9932232105040244,59.45995573348,1.084025450879,1,0
753,0.9943526754200196,59.330984571158,1.084025450879,1,0
754,0.9935055767330221,59.208064034192,1.084025450879,1,0
755,0.9937879429620216,59.236422546407,1.084025450879,1,0
756,0.9935055767330221,59.082313331387,1.084025450879,1,0
757,0.9940703091910201,59.044790658116,1.084025450879,1,0
758,0.9926584780460255,59.424723286447,1.084025450879,1,0
759,0.9943526754200196,59.045101156604,1.084025450879,1,0
760,0.9943526754200196,59.071033326514,1.084025450879,1,0
761,0.9937879429620216,59.056925209754,1.084025450879,1,0
762,0.9937879429620216,58.967006586735,1.084025450879,1,0
763,0.9932232105040244,58.682490102471,1.084025450879,1,0
764,0.9932232105040244,58.727832670966,1.084025450879,1,0
765,0.9943526754200196,58.69334762424,1.084025450879,1,0
766,0.9943526754200196,58.582153124388,1.084025450879,1,0
767,0.9946350416490191,58.258064402941,1.084025450879,1,0
768,0.9935055767330221,58.300357938017,1.084025450879,1,0
769,0.9960468727940137,58.186869746434,1.084025450879,1,0
770,0.9943526754200196,58.068028713813,1.084025450879,1,0
771,0.9946350416490191,57.825839026491,1.084025450879,1,0
772,0.9935055767330221,57.813529499798,1.084025450879,1,0
773,0.9935055767330221,57.834486995839,1.084025450879,1,0
774,0.9940703091910201,57.518237747156,1.084025450879,1,0
775,0.9940703091910201,57.38779642673,1.084025450879,1,0
776,0.9940703091910201,57.609084988447,1.084025450879,1,0
777,0.9946350416490191,57.304879790244,1.084025450879,1,0
778,0.9929408442750249,57.081607534765,1.084025450879,1,0
779,0.9932232105040244,57.170584829807,1.084025450879,1,0
780,0.9946350416490191,57.670970322326,1.084025450879,1,0
781,0.9943526754200196,57.283414519751,1.084025450879,1,0
782,0.9935055767330221,57.362098792016,1.084025450879,1,0
783,0.9954821403360157,56.774498244459,1.084025450879,1,0
784,0.9943526754200196,56.762487205929,1.084025450879,1,0
785,0.9949174078780176,56.536403718949,1.084025450879,1,0
786,0.9946350416490191,56.617424083531,1.084025450879,1,0
787,0.9926584780460255,56.470363056399,1.084025450879,1,0
788,0.9940703091910201,56.571917975957,1.084025450879,1,0
789,0.9943526754200196,56.121876886916,1.084025450879,1,0
790,0.9946350416490191,56.463557780136,1.084025450879,1,0
791,0.9926584780460255,56.29491307196,1.084025450879,1,0
792,0.9935055767330221,56.733392285371,1.084025450879,1,0
793,0.9946350416490191,56.205758050504,1.084025450879,1,0
794,0.9940703091910201,56.07684921602,1.084025450879,1,0
795,0.9937879429620216,56.353995171269,1.084025450879,1,0
796,0.9929408442750249,56.266888635535,1.084025450879,1,0
797,0.9940703091910201,56.258913079156,1.084025450879,1,0
798,0.9929408442750249,56.262872400074,1.084025450879,1,0
799,0.9926584780460255,56.410179555664,1.084025450879,1,0
800,0.9949174078780176,55.98485221226,1.084025450879,1,0
801,0.9929408442750249,55.745187550802,1.084025450879,1,0
802,0.9949174078780176,55.99894644588,1.084025450879,1,0
803,0.9943526754200196,55.484421093739,1.084025450879,1,0
804,0.9920937455880274,55.73586665636,1.084025450879,1,0
805,0.9920937455880274,56.152102135977,1.084025450879,1,0
806,0.9926584780460255,56.509771498229,1.084025450879,1,0
807,0.9960468727940137,55.979643763291,1.084025450879,1,0
808,0.9940703091910201,55.746437533319,1.084025450879,1,0
809,0.9932232105040244,56.029877422992,1.084025450879,1,0
810,0.9946350416490191,55.864282320224,1.084025450879,1,0
811,0.9932232105040244,55.933204424353,1.084025450879,1,0
812,0.9940703091910201,55.860939870393,1.084025450879,1,0
813,0.9935055767330221,55.61555330042,1.084025450879,1,0
814,0.9943526754200196,55.558478625983,1.084025450879,1,0
815,0.9932232105040244,55.662615295312,1.084025450879,1,0
816,0.9935055767330221,55.381543634892,1.084025450879,1,0
817,0.9946350416490191,55.478034019179,1.084025450879,1,0
818,0.9946350416490191,55.297391590236,1.084025450879,1,0
819,0.9932232105040244,55.338289453407,1.084025450879,1,0
820,0.9935055767330221,55.385422688615,1.084025450879,1,0
821,0.9929408442750249,55.433325544225,1.084025450879,1,0
822,0.9937879429620216,55.232790850163,1.084025450879,1,0
823,0.9935055767330221,55.47343750566,1.084025450879,1,0
824,0.9926584780460255,55.757380506971,1.084025450879,1,0
825,0.9926584780460255,55.791044380181,1.084025450879,1,0
826,0.9935055767330221,55.896205972678,1.084025450879,1,0
827,0.9935055767330221,55.84460842686,1.084025450879,1,0
828,0.9920937455880274,56.286073842951,1.084025450879,1,0
829,0.9935055767330221,56.370578545811,1.084025450879,1,0
830,0.9932232105040244,56.565994885164,1.084025450879,1,0
831,0.9932232105040244,56.430368620693,1.084025450879,1,0
832,0.9940703091910201,56.726819305761,1.084025450879,1,0
833,0.9932232105040244,57.141458594626,1.084025450879,1,0
834,0.9929408442750249,57.058001325752,1.084025450879,1,0
835,0.9943526754200196,57.222142578964,1.084025450879,1,0
836,0.9935055767330221,57.056001791318,1.084025450879,1,0
837,0.9932232105040244,57.271833102899,1.084025450879,1,0
838,0.9906819144430328,58.190440651037,1.084025450879,1,0
839,0.9937879429620216,58.233207545646,1.084025450879,1,0
840,0.9935055767330221,58.072054074355,1.084025450879,1,0
841,0.9943526754200196,58.197710648581,1.084025450879,1,0
842,0.9932232105040244,58.213362739923,1.084025450879,1,0
843,0.9937879429620216,58.151996162122,1.084025450879,1,0
844,0.991811379359028,58.478383735203,1.084025450879,1,0
845,0.9935055767330221,58.543366326191,1.084025450879,1,0
846,0.9929408442750249,58.779757188281,1.084025450879,1,0
847,0.9946350416490191,58.90633873626,1.084025450879,1,0
848,0.9940703091910201,58.828371796851,1.084025450879,1,0
849,0.9926584780460255,59.01703002384,1.084025450879,1,0
850,0.9926584780460255,59.392148503026,1.084025450879,1,0
851,0.9937879429620216,59.175845980238,1.084025450879,1,0
852,0.9940703091910201,59.327267767387,1.084025450879,1,0
853,0.9943526754200196,59.250440047123,1.084025450879,1,0
854,0.9960468727940137,59.405996080367,1.084025450879,1,0
855,0.9946350416490191,58.871108968396,1.084025450879,1,0
856,0.9932232105040244,58.742088339139,1.084025450879,1,0
857,0.9932232105040244,59.022329343618,1.084025450879,1,0
858,0.9943526754200196,58.710604834962,1.084025450879,1,0
859,0.9935055767330221,58.962166843626,1.084025450879,1,0
860,0.9926584780460255,58.814410457659,1.084025450879,1,0
861,0.9926584780460255,59.102001931513,1.084025450879,1,0
862,0.9932232105040244,59.376056627803,1.084025450879,1,0
863,0.9943526754200196,58.868367515668,1.084025450879,1,0
864,0.9923761118170269,59.343809729481,1.084025450879,1,0
865,0.9932232105040244,59.215495859436,1.084025450879,1,0
866,0.9935055767330221,59.300664564792,1.084025450879,1,0
867,0.9937879429620216,59.216838053134,1.084025450879,1,0
868,0.9929408442750249,59.255044250843,1.084025450879,1,0
869,0.9935055767330221,59.017709714475,1.084025450879,1,0
870,0.9926584780460255,59.127132518032,1.084025450879,1,0
871,0.9935055767330221,59.325639075775,1.084025450879,1,0
872,0.9937879429620216,59.373504756054,1.084025450879,1,0
873,0.9932232105040244,59.459852186924,1.084025450879,1,0
874,0.9926584780460255,59.564696328898,1.084025450879,1,0
875,0.9935055767330221,59.72838358642,1.084025450879,1,0
876,0.9935055767330221,59.881471369322,1.084025450879,1,0
877,0.9929408442750249,60.053747129538,1.084025450879,1,0
878,0.9937879429620216,60.013795498769,1.084025450879,1,0
879,0.9935055767330221,60.175625620719,1.084025450879,1,0
880,0.9926584780460255,60.034576364653,1.084025450879,1,0
881,0.9935055767330221,60.373890062841,1.084025450879,1,0
882,0.9954821403360157,59.983825103216,1.084025450879,1,0
883,0.9923761118170269,60.289075346494,1.084025450879,1,0
884,0.9932232105040244,60.336514949019,1.084025450879,1,0
885,0.9929408442750249,60.382314897596,1.084025450879,1,0
886,0.9954821403360157,59.827226865418,1.084025450879,1,0
887,0.9929408442750249,60.374026478078,1.084025450879,1,0
888,0.9940703091910201,59.94889861607,1.084025450879,1,0
889,0.9937879429620216,59.978010800532,1.084025450879,1,0
890,0.9937879429620216,59.650841834995,1.084025450879,1,0
891,0.9929408442750249,59.933512498753,1.084025450879,1,0
892,0.9940703091910201,59.3406024605,1.084025450879,1,0
893,0.9923761118170269,59.420728605442,1.084025450879,1,0
894,0.9937879429620216,59.517774980561,1.084025450879,1,0
895,0.9943526754200196,59.220726071477,1.084025450879,1,0
896,0.9937879429620216,59.368434507884,1.084025450879,1,0
897,0.9932232105040244,59.248872293773,1.084025450879,1,0
898,0.9929408442750249,59.590388295036,1.084025450879,1,0
899,0.9935055767330221,59.401781164505,1.084025450879,1,0
900,0.9932232105040244,59.522716740539,1.084025450879,1,0
901,0.9943526754200196,59.294124000189,1.084025450879,1,0
902,0.9935055767330221,59.004414959628,1.084025450879,1,0
903,0.9932232105040244,59.243873428645,1.084025450879,1,0
904,0.9929408442750249,58.914605958452,1.084025450879,1,0
905,0.9937879429620216,59.021513535337,1.084025450879,1,0
906,0.9932232105040244,59.202568088151,1.084025450879,1,0
907,0.9937879429620216,59.253127705056,1.084025450879,1,0
908,0.9915290131300294,59.113492138455,1.084025450879,1,0
909,0.9940703091910201,59.370659748172,1.084025450879,1,0
910,0.9926584780460255,59.28002435765,1.084025450879,1,0
911,0.9937879429620216,59.424658249146,1.084025450879,1,0
912,0.9929408442750249,59.632161880318,1.084025450879,1,0
913,0.9935055767330221,59.495812837909,1.084025450879,1,0
914,0.9937879429620216,59.210390845523,1.084025450879,1,0
915,0.9932232105040244,59.522193987015,1.084025450879,1,0
916,0.9929408442750249,59.325954594076,1.084025450879,1,0
917,0.9946350416490191,59.518904953596,1.084025450879,1,0
918,0.9943526754200196,59.624998911494,1.084025450879,1,0
919,0.9935055767330221,59.630732648756,1.084025450879,1,0
920,0.9926584780460255,59.793374729746,1.084025450879,1,0
921,0.9923761118170269,59.946989544426,1.084025450879,1,0
922,0.9935055767330221,59.863477898906,1.084025450879,1,0
923,0.9951997741070171,59.949409319295,1.084025450879,1,0
924,0.9929408442750249,59.993498269129,1.084025450879,1,0
925,0.9946350416490191,59.600414693487,1.084025450879,1,0
926,0.9926584780460255,59.72491194892,1.084025450879,1,0
927,0.9946350416490191,59.660116403213,1.084025450879,1,0
928,0.9951997741070171,59.111278408936,1.084025450879,1,0
929,0.9932232105040244,59.063386646239,1.084025450879,1,0
930,0.991811379359028,59.570186958578,1.084025450879,1,0
931,0.9937879429620216,59.427017986685,1.084025450879,1,0
932,0.9940703091910201,59.295250478598,1.084025450879,1,0
933,0.9949174078780176,59.194235651099,1.084025450879,1,0
934,0.9926584780460255,59.298872008169,1.084025450879,1,0
935,0.9949174078780176,58.713979562794,1.084025450879,1,0
936,0.9929408442750249,58.813704967646,1.084025450879,1,0
937,0.9935055767330221,58.914476859464,1.084025450879,1,0
938,0.9932232105040244,58.959110144371,1.084025450879,1,0
939,0.9929408442750249,58.918367728116,1.084025450879,1,0
940,0.9929408442750249,58.815940920983,1.084025450879,1,0
941,0.9937879429620216,59.017516937069,1.084025450879,1,0
942,0.9940703091910201,58.945031712218,1.084025450879,1,0
943,0.9937879429620216,58.958955630059,1.084025450879,1,0
944,0.9940703091910201,58.719353985451,1.084025450879,1,0
945,0.9949174078780176,58.674401848174,1.084025450879,1,0
946,0.9940703091910201,58.466557329069,1.084025450879,1,0
947,0.9932232105040244,58.581058027495,1.084025450879,1,0
948,0.9946350416490191,58.45890154418,1.084025450879,1,0
949,0.9923761118170269,58.480464147742,1.084025450879,1,0
950,0.9932232105040244,58.403698303513,1.084025450879,1,0
951,0.9943526754200196,58.703808090555,1.084025450879,1,0
952,0.9923761118170269,58.472913683468,1.084025450879,1,0
953,0.9935055767330221,58.709441109619,1.084025450879,1,0
954,0.9929408442750249,59.053644351472,1.084025450879,1,0
955,0.9935055767330221,58.940471955585,1.084025450879,1,0
956,0.9912466469010308,59.37215039332,1.084025450879,1,0
957,0.9929408442750249,59.181257443888,1.084025450879,1,0
958,0.9937879429620216,59.134307713538,1.084025450879,1,0
959,0.9926584780460255,59.402490383419,1.084025450879,1,0
960,0.9915290131300294,59.989208991969,1.084025450879,1,0
961,0.9946350416490191,59.534192784262,1.084025450879,1,0
962,0.9929408442750249,59.843347378998,1.084025450879,1,0
963,0.9937879429620216,59.551841547786,1.084025450879,1,0
964,0.9932232105040244,59.634294611789,1.084025450879,1,0
965,0.9935055767330221,59.62318470241,1.084025450879,1,0
966,0.9937879429620216,59.636128769488,1.084025450879,1,0
967,0.9937879429620216,59.555030638778,1.084025450879,1,0
968,0.9937879429620216,59.508443035824,1.084025450879,1,0
969,0.9943526754200196,59.391198049423,1.084025450879,1,0
970,0.9937879429620216,59.350183437016,1.084025450879,1,0
971,0.9935055767330221,59.3534372348,1.084025450879,1,0
972,0.9929408442750249,59.145498962801,1.084025450879,1,0
973,0.9923761118170269,59.672491156866,1.084025450879,1,0
974,0.9937879429620216,59.042801469645,1.084025450879,1,0
975,0.9929408442750249,59.498200377102,1.084025450879,1,0
976,0.9935055767330221,59.355038286728,1.084025450879,1,0
977,0.9949174078780176,59.457993363822,1.084025450879,1,0
978,0.9937879429620216,59.092838511728,1.084025450879,1,0
979,0.9954821403360157,58.922763934506,1.084025450879,1,0
980,0.9937879429620216,58.421513455788,1.084025450879,1,0
981,0.9935055767330221,58.810418289067,1.084025450879,1,0
982,0.9935055767330221,58.879740545911,1.084025450879,1,0
983,0.9937879429620216,58.969135974875,1.084025450879,1,0
984,0.9946350416490191,58.280780856624,1.084025450879,1,0
985,0.9932232105040244,58.30778432456,1.084025450879,1,0
986,0.9943526754200196,57.982169270086,1.084025450879,1,0
987,0.9937879429620216,58.207365121573,1.084025450879,1,0
988,0.9926584780460255,58.517398282323,1.084025450879,1,0
989,0.9946350416490191,58.270682887665,1.084025450879,1,0
990,0.9932232105040244,58.393554757846,1.084025450879,1,0
991,0.9929408442750249,58.699714251112,1.084025450879,1,0
992,0.9932232105040244,58.845202754064,1.084025450879,1,0
993,0.9926584780460255,59.001895315492,1.084025450879,1,0
994,0.9926584780460255,58.875323485379,1.084025450879,1,0
995,0.9923761118170269,59.139722021905,1.084025450879,1,0
996,0.9949174078780176,58.84691475079,1.084025450879,1,0
997,0.9937879429620216,59.342822255561,1.084025450879,1,0
998,0.9929408442750249,59.130995993376,1.084025450879,1,0
999,0.9946350416490191,59.188149916744,1.084025450879,1,0
1000,0.9937879429620216,58.952438745736,1.084025450879,1,0
1001,0.9932232105040244,59.084718263617,1.084025450879,1,0
1002,0.9940703091910201,58.780162438461,1.084025450879,1,0
1003,0.9923761118170269,58.856434352566,1.084025450879,1,0
1004,0.9932232105040244,59.005077934854,1.084025450879,1,0
1005,0.9929408442750249,59.246773324672,1.084025450879,1,0
1006,0.9937879429620216,59.312550618134,1.084025450879,1,0
1007,0.9929408442750249,59.283721266492,1.084025450879,1,0
1008,0.9929408442750249,59.693482293011,1.084025450879,1,0
1009,0.9920937455880274,59.9262730912,1.084025450879,1,0
1010,0.9951997741070171,59.7253422793,1.084025450879,1,0
1011,0.9935055767330221,59.740236745145,1.084025450879,1,0
1012,0.9940703091910201,59.741096930709,1.084025450879,1,0
1013,0.9920937455880274,59.959178916423,1.084025450879,1,0
1014,0.9937879429620216,59.665533278981,1.084025450879,1,0
1015,0.9935055767330221,59.823127281736,1.084025450879,1,0
1016,0.991811379359028,59.85370904868,1.084025450879,1,0
1017,0.9949174078780176,59.674688510742,1.084025450879,1,0
1018,0.9935055767330221,59.569604560825,1.084025450879,1,0
1019,0.9926584780460255,59.669407621716,1.084025450879,1,0
1020,0.9943526754200196,59.12896863008,1.084025450879,1,0
1021,0.9943526754200196,59.095582798158,1.084025450879,1,0
1022,0.9923761118170269,59.150422087355,1.084025450879,1,0
1023,0.9935055767330221,59.050399659767,1.084025450879,1,0
1024,0.9951997741070171,58.690768661428,1.084025450879,1,0
1025,0.9940703091910201,58.488665322209,1.084025450879,1,0
1026,0.9926584780460255,58.839775931529,1.084025450879,1,0
1027,0.9935055767330221,59.010413981995,1.084025450879,1,0
1028,0.9932232105040244,58.726497864476,1.084025450879,1,0
1029,0.9926584780460255,58.77920196562,1.084025450879,1,0
1030,0.9943526754200196,58.644745989188,1.084025450879,1,0
1031,0.9943526754200196,58.977741932517,1.084025450879,1,0
1032,0.9929408442750249,59.04596643347,1.084025450879,1,0
1033,0.9951997741070171,58.686915633067,1.084025450879,1,0
1034,0.9935055767330221,58.961650701784,1.084025450879,1,0
1035,0.9923761118170269,59.01483924793,1.084025450879,1,0
1036,0.9929408442750249,58.940980605304,1.084025450879,1,0
1037,0.9937879429620216,58.523991248563,1.084025450879,1,0
1038,0.9935055767330221,58.67602270548,1.084025450879,1,0
1039,0.9943526754200196,58.670921841721,1.084025450879,1,0
1040,0.9937879429620216,58.605065915985,1.084025450879,1,0
1041,0.9929408442750249,58.732871052826,1.084025450879,1,0
1042,0.9937879429620216,58.824511130988,1.084025450879,1,0
1043,0.9940703091910201,58.787541259376,1.084025450879,1,0
1044,0.9935055767330221,59.069724599759,1.084025450879,1,0
1045,0.9929408442750249,59.178702185148,1.084025450879,1,0
1046,0.9940703091910201,59.119626424327,1.084025450879,1,0
1047,0.9949174078780176,58.975891966197,1.084025450879,1,0
1048,0.9946350416490191,58.834422374122,1.084025450879,1,0
1049,0.9940703091910201,58.625064062597,1.084025450879,1,0
1050,0.9943526754200196,58.864195195306,1.084025450879,1,0
1051,0.9940703091910201,58.8995433721,1.084025450879,1,0
1052,0.9946350416490191,58.405571873359,1.084025450879,1,0
1053,0.9951997741070171,58.435161493574,1.084025450879,1,0
1054,0.9935055767330221,58.270291109199,1.084025450879,1,0
1055,0.9926584780460255,58.466659258909,1.084025450879,1,0
1056,0.9949174078780176,57.946207420959,1.084025450879,1,0
1057,0.9926584780460255,58.03575350133,1.084025450879,1,0
1058,0.9929408442750249,58.036330974695,1.084025450879,1,0
1059,0.9935055767330221,57.703729891076,1.084025450879,1,0
1060,0.9937879429620216,57.699011882256,1.084025450879,1,0
1061,0.9926584780460255,58.033905261487,1.084025450879,1,0
1062,0.9935055767330221,58.030864638985,1.084025450879,1,0
1063,0.9926584780460255,58.406468445567,1.084025450879,1,0
1064,0.9920937455880274,58.447970773768,1.084025450879,1,0
1065,0.9937879429620216,58.620694876227,1.084025450879,1,0
1066,0.9946350416490191,58.372520965303,1.084025450879,1,0
1067,0.9926584780460255,58.433430971252,1.084025450879,1,0
1068,0.9929408442750249,58.506561027138,1.084025450879,1,0
1069,0.9940703091910201,58.407017721838,1.084025450879,1,0
1070,0.9935055767330221,58.246689177667,1.084025450879,1,0
1071,0.9932232105040244,58.424860723525,1.084025450879,1,0
1072,0.9940703091910201,58.013125575267,1.084025450879,1,0
1073,0.9949174078780176,57.717560171003,1.084025450879,1,0
1074,0.9943526754200196,57.854156937999,1.084025450879,1,0
1075,0.9929408442750249,57.911552575081,1.084025450879,1,0
1076,0.9954821403360157,57.93743529004,1.084025450879,1,0
1077,0.9960468727940137,57.075482818292,1.084025450879,1,0
1078,0.9937879429620216,57.28852425965,1.084025450879,1,0
1079,0.9937879429620216,57.257391424581,1.084025450879,1,0
1080,0.9935055767330221,56.911038419911,1.084025450879,1,0
1081,0.9935055767330221,57.033893979169,1.084025450879,1,0
1082,0.9929408442750249,57.074885139889,1.084025450879,1,0
1083,0.9963292390230132,56.727882757286,1.084025450879,1,0
1084,0.9929408442750249,56.880327608032,1.084025450879,1,0
1085,0.9940703091910201,56.896446900619,1.084025450879,1,0
1086,0.9937879429620216,56.812599777415,1.084025450879,1,0
1087,0.9932232105040244,56.62580103038,1.084025450879,1,0
1088,0.9954821403360157,56.653091627233,1.084025450879,1,0
1089,0.9935055767330221,56.633759947974,1.084025450879,1,0
1090,0.9946350416490191,56.262071666526,1.084025450879,1,0
1091,0.9929408442750249,56.504783429498,1.084025450879,1,0
1092,0.9923761118170269,56.500015796991,1.084025450879,1,0
1093,0.9946350416490191,56.211408857909,1.084025450879,1,0
1094,0.9929408442750249,56.744626625873,1.084025450879,1,0
1095,0.9943526754200196,56.5123355105,1.084025450879,1,0
1096,0.9937879429620216,56.583968785287,1.084025450879,1,0
1097,0.9937879429620216,56.571632509202,1.084025450879,1,0
1098,0.9926584780460255,56.940819073376,1.084025450879,1,0
1099,0.9932232105040244,56.575150278064,1.084025450879,1,0
1100,0.9926584780460255,56.871479549307,1.084025450879,1,0
1101,0.9926584780460255,57.040793337365,1.084025450879,1,0
1102,0.9935055767330221,56.893651350098,1.084025450879,1,0
1103,0.9943526754200196,57.155474232883,1.084025450879,1,0
1104,0.9929408442750249,57.352574010585,1.084025450879,1,0
1105,0.9940703091910201,57.168856318696,1.084025450879,1,0
1106,0.9929408442750249,57.228132727385,1.084025450879,1,0
1107,0.9932232105040244,57.388656122929,1.084025450879,1,0
1108,0.9943526754200196,57.098444682331,1.084025450879,1,0
1109,0.9937879429620216,57.014753288336,1.084025450879,1,0
1110,0.9926584780460255,57.147828158201,1.084025450879,1,0
1111,0.9932232105040244,57.61165564877,1.084025450879,1,0
1112,0.9935055767330221,57.572375601416,1.084025450879,1,0
1113,0.9946350416490191,57.602605282686,1.084025450879,1,0
1114,0.9935055767330221,57.664823646252,1.084025450879,1,0
1115,0.9951997741070171,57.638569658474,1.084025450879,1,0
1116,0.9946350416490191,57.498334988302,1.084025450879,1,0
1117,0.9932232105040244,57.707822883298,1.084025450879,1,0
1118,0.9940703091910201,57.552022731527,1.084025450879,1,0
1119,0.9943526754200196,57.338860501479,1.084025450879,1,0
1120,0.9935055767330221,57.409911945774,1.084025450879,1,0
1121,0.9951997741070171,57.294688356758,1.084025450879,1,0
1122,0.9957645065650143,56.568374791129,1.084025450879,1,0
1123,0.9920937455880274,56.861918319773,1.084025450879,1,0
1124,0.9932232105040244,56.970023538734,1.084025450879,1,0
1125,0.9943526754200196,56.779354488388,1.084025450879,1,0
1126,0.9940703091910201,56.637685119029,1.084025450879,1,0
1127,0.9943526754200196,56.418888249498,1.084025450879,1,0
1128,0.9940703091910201,55.991529973596,1.084025450879,1,0
1129,0.9932232105040244,56.042094881752,1.084025450879,1,0
1130,0.9932232105040244,56.396691208294,1.084025450879,1,0
1131,0.9935055767330221,56.322753352212,1.084025450879,1,0
1132,0.9943526754200196,56.087593874374,1.084025450879,1,0
1133,0.9946350416490191,56.12312435875,1.084025450879,1,0
1134,0.9946350416490191,55.729455574158,1.084025450879,1,0
1135,0.9937879429620216,55.652400546435,1.084025450879,1,0
1136,0.9943526754200196,55.812288524045,1.084025450879,1,0
1137,0.9943526754200196,55.75845104112,1.084025450879,1,0
1138,0.9946350416490191,55.965956644429,1.084025450879,1,0
1139,0.9951997741070171,55.447013199981,1.084025450879,1,0
1140,0.9940703091910201,55.781998393925,1.084025450879,1,0
1141,0.9937879429620216,55.704834304884,1.084025450879,1,0
1142,0.9932232105040244,56.039586658315,1.084025450879,1,0
1143,0.9926584780460255,56.368259568076,1.084025450879,1,0
1144,0.9920937455880274,56.314968892077,1.084025450879,1,0
1145,0.9935055767330221,56.714566566588,1.084025450879,1,0
1146,0.9935055767330221,56.081030241298,1.084025450879,1,0
1147,0.991811379359028,57.177314043302,1.084025450879,1,0
1148,0.9940703091910201,56.807442747927,1.084025450879,1,0
1149,0.9943526754200196,57.028292739242,1.084025450879,1,0
1150,0.9920937455880274,56.903016294846,1.084025450879,1,0
1151,0.9937879429620216,57.165455742341,1.084025450879,1,0
1152,0.9946350416490191,57.057450142579,1.084025450879,1,0
1153,0.9943526754200196,56.955886933775,1.084025450879,1,0
1154,0.9940703091910201,56.717490363205,1.084025450879,1,0
1155,0.9935055767330221,56.783041773447,1.084025450879,1,0
1156,0.9932232105040244,56.851548964984,1.084025450879,1,0
1157,0.9940703091910201,57.025706928063,1.084025450879,1,0
1158,0.9932232105040244,56.884141973947,1.084025450879,1,0
1159,0.9932232105040244,56.981325135517,1.084025450879,1,0
1160,0.9935055767330221,57.104580520253,1.084025450879,1,0
1161,0.9940703091910201,57.195606673433,1.084025450879,1,0
1162,0.9943526754200196,56.813791679467,1.084025450879,1,0
1163,0.991811379359028,57.147858853175,1.084025450879,1,0
1164,0.9912466469010308,57.491347524158,1.084025450879,1,0
1165,0.9935055767330221,57.193494325948,1.084025450879,1,0
1166,0.9923761118170269,57.181730115069,1.084025450879,1,0
1167,0.9951997741070171,57.201444499392,1.084025450879,1,0
1168,0.9926584780460255,57.350573617515,1.084025450879,1,0
1169,0.9940703091910201,57.220324484772,1.084025450879,1,0
1170,0.9937879429620216,57.238054892328,1.084025450879,1,0
1171,0.9943526754200196,57.022312204995,1.084025450879,1,0
1172,0.9949174078780176,56.960512885519,1.084025450879,1,0
1173,0.9949174078780176,56.773642166045,1.084025450879,1,0
1174,0.9940703091910201,56.850752197432,1.084025450879,1,0
1175,0.9940703091910201,56.256848386271,1.084025450879,1,0
1176,0.9949174078780176,56.233360591602,1.084025450879,1,0
1177,0.9946350416490191,56.184543431852,1.084025450879,1,0
1178,0.9940703091910201,56.185410933604,1.084025450879,1,0
1179,0.9926584780460255,56.31728772626,1.084025450879,1,0
1180,0.9940703091910201,56.329845435017,1.084025450879,1,0
1181,0.9946350416490191,56.3596011939,1.084025450879,1,0
1182,0.9926584780460255,56.658228783432,1.084025450879,1,0
1183,0.9949174078780176,56.611253229389,1.084025450879,1,0
1184,0.9932232105040244,56.554871798831,1.084025450879,1,0
1185,0.9935055767330221,56.831115773103,1.084025450879,1,0
1186,0.9949174078780176,56.875934359667,1.084025450879,1,0
1187,0.9929408442750249,56.666451766189,1.084025450879,1,0
1188,0.9940703091910201,56.627967825692,1.084025450879,1,0
1189,0.9929408442750249,56.902158558198,1.084025450879,1,0
1190,0.9937879429620216,56.858334395163,1.084025450879,1,0
1191,0.9943526754200196,56.786080959218,1.084025450879,1,0
1192,0.9949174078780176,56.669906661392,1.084025450879,1,0
1193,0.9929408442750249,56.592720294143,1.084025450879,1,0
1194,0.9940703091910201,56.513788701381,1.084025450879,1,0
1195,0.9954821403360157,56.45235376768,1.084025450879,1,0
1196,0.991811379359028,56.731470793697,1.084025450879,1,0
1197,0.9940703091910201,56.928101319374,1.084025450879,1,0
1198,0.9946350416490191,57.024196350252,1.084025450879,1,0
1199,0.9926584780460255,57.130950182301,1.084025450879,1,0
1200,0.9923761118170269,57.434371924209,1.084025450879,1,0
1201,0.9929408442750249,57.795696176876,1.084025450879,1,0
1202,0.9946350416490191,57.670840715859,1.084025450879,1,0
1203,0.9943526754200196,57.844754461784,1.084025450879,1,0
1204,0.9935055767330221,57.926201665885,1.084025450879,1,0
1205,0.9943526754200196,57.791182833718,1.084025450879,1,0
1206,0.9920937455880274,58.136253507306,1.084025450879,1,0
1207,0.9943526754200196,57.711970715362,1.084025450879,1,0
1208,0.9940703091910201,57.36418099692,1.084025450879,1,0
1209,0.9920937455880274,57.755625544345,1.084025450879,1,0
1210,0.9926584780460255,57.760680705203,1.084025450879,1,0
1211,0.9935055767330221,57.585517202626,1.084025450879,1,0
1212,0.9920937455880274,57.744037324644,1.084025450879,1,0
1213,0.9935055767330221,57.859031912337,1.084025450879,1,0
1214,0.9946350416490191,57.568988837062,1.084025450879,1,0
1215,0.9943526754200196,57.296760362032,1.084025450879,1,0
1216,0.9929408442750249,57.713610655332,1.084025450879,1,0
1217,0.9946350416490191,57.583051371427,1.084025450879,1,0
1218,0.9940703091910201,57.518278357047,1.084025450879,1,0
1219,0.9929408442750249,57.673074866218,1.084025450879,1,0
1220,0.9935055767330221,57.664140859709,1.084025450879,1,0
1221,0.9929408442750249,57.68558419278,1.084025450879,1,0
1222,0.9940703091910201,57.954861417906,1.084025450879,1,0
1223,0.9937879429620216,57.663355335156,1.084025450879,1,0
1224,0.9946350416490191,57.49285080488,1.084025450879,1,0
1225,0.9932232105040244,57.459682047642,1.084025450879,1,0
1226,0.9923761118170269,57.858507937145,1.084025450879,1,0
1227,0.9929408442750249,57.657430835148,1.084025450879,1,0
1228,0.9935055767330221,57.267823168185,1.084025450879,1,0
1229,0.9940703091910201,57.357352191537,1.084025450879,1,0
1230,0.9940703091910201,57.313693111716,1.084025450879,1,0
1231,0.9951997741070171,56.730415950083,1.084025450879,1,0
1232,0.9935055767330221,56.7965682852,1.084025450879,1,0
1233,0.9946350416490191,56.575137825018,1.084025450879,1,0
1234,0.9935055767330221,56.759830383075,1.084025450879,1,0
1235,0.9932232105040244,56.934918530085,1.084025450879,1,0
1236,0.9951997741070171,56.770771829369,1.084025450879,1,0
1237,0.9940703091910201,56.81225125324,1.084025450879,1,0
1238,0.9935055767330221,57.077429492431,1.084025450879,1,0
1239,0.9923761118170269,57.206506746469,1.084025450879,1,0
1240,0.9929408442750249,57.686103598504,1.084025450879,1,0
1241,0.991811379359028,57.923153983654,1.084025450879,1,0
1242,0.9949174078780176,58.067779016994,1.084025450879,1,0
1243,0.9943526754200196,57.615291125693,1.084025450879,1,0
1244,0.9940703091910201,57.792757983503,1.084025450879,1,0
1245,0.9935055767330221,57.97400897983,1.084025450879,1,0
1246,0.9935055767330221,57.745064698188,1.084025450879,1,0
1247,0.9940703091910201,57.917972512675,1.084025450879,1,0
1248,0.9932232105040244,58.026872737739,1.084025450879,1,0
1249,0.9929408442750249,57.789742794391,1.084025450879,1,0
1250,0.9935055767330221,58.071563874963,1.084025450879,1,0
1251,0.9923761118170269,58.271183219772,1.084025450879,1,0
1252,0.9920937455880274,58.647626975933,1.084025450879,1,0
1253,0.9923761118170269,58.621299512739,1.084025450879,1,0
1254,0.9940703091910201,58.691355654493,1.084025450879,1,0
1255,0.9937879429620216,58.452611995394,1.084025450879,1,0
1256,0.9935055767330221,58.658159332231,1.084025450879,1,0
1257,0.9932232105040244,58.705222757813,1.084025450879,1,0
1258,0.9946350416490191,58.676847353071,1.084025450879,1,0
1259,0.9935055767330221,59.052758328338,1.084025450879,1,0
1260,0.9943526754200196,58.814044523966,1.084025450879,1,0
1261,0.9932232105040244,58.775808585419,1.084025450879,1,0
1262,0.9920937455880274,59.221317870226,1.084025450879,1,0
1263,0.9929408442750249,59.00266384434,1.084025450879,1,0
1264,0.9923761118170269,59.140019113781,1.084025450879,1,0
1265,0.9920937455880274,59.38109396189,1.084025450879,1,0
1266,0.9926584780460255,59.645952319688,1.084025450879,1,0
1267,0.9935055767330221,59.841455938904,1.084025450879,1,0
1268,0.9943526754200196,59.630218828962,1.084025450879,1,0
1269,0.9932232105040244,59.524327756213,1.084025450879,1,0
1270,0.9935055767330221,59.362930658759,1.084025450879,1,0
1271,0.9946350416490191,59.490761348938,1.084025450879,1,0
1272,0.9929408442750249,59.932981309467,1.084025450879,1,0
1273,0.9949174078780176,58.904146005766,1.084025450879,1,0
1274,0.9920937455880274,59.296980538555,1.084025450879,1,0
1275,0.991811379359028,59.676019779997,1.084025450879,1,0
1276,0.9932232105040244,59.374401448959,1.084025450879,1,0
1277,0.9937879429620216,59.302211543138,1.084025450879,1,0
1278,0.991811379359028,59.969214081725,1.084025450879,1,0
1279,0.9926584780460255,60.108081244133,1.084025450879,1,0
1280,0.9937879429620216,59.958815196827,1.084025450879,1,0
1281,0.9929408442750249,59.954637936122,1.084025450879,1,0
1282,0.9943526754200196,60.456007453921,1.084025450879,1,0
1283,0.9940703091910201,60.049518467169,1.084025450879,1,0
1284,0.9943526754200196,59.86418926393,1.084025450879,1,0
1285,0.9929408442750249,59.887232926076,1.084025450879,1,0
1286,0.9929408442750249,60.020834362924,1.084025450879,1,0
1287,0.9935055767330221,59.905984484892,1.084025450879,1,0
1288,0.9932232105040244,60.487731476472,1.084025450879,1,0
1289,0.9935055767330221,60.28261074804,1.084025450879,1,0
1290,0.9951997741070171,59.991616906617,1.084025450879,1,0
1291,0.9935055767330221,59.930903740032,1.084025450879,1,0
1292,0.9937879429620216,59.880989633699,1.084025450879,1,0
1293,0.9946350416490191,59.811317139069,1.084025450879,1,0
1294,0.9929408442750249,59.842112104835,1.084025450879,1,0
1295,0.9937879429620216,60.124054636735,1.084025450879,1,0
1296,0.9957645065650143,59.782113887971,1.084025450879,1,0
1297,0.9937879429620216,59.920996434782,1.084025450879,1,0
1298,0.9937879429620216,59.745876430786,1.084025450879,1,0
1299,0.9937879429620216,59.693225271046,1.084025450879,1,0
1300,0.9940703091910201,59.743817090416,1.084025450879,1,0
1301,0.9932232105040244,59.699059223259,1.084025450879,1,0
1302,0.991811379359028,60.087673072013,1.084025450879,1,0
1303,0.9943526754200196,59.786416489522,1.084025450879,1,0
1304,0.9923761118170269,60.055994305781,1.084025450879,1,0
1305,0.9963292390230132,59.322779166578,1.084025450879,1,0
1306,0.9949174078780176,59.449209062115,1.084025450879,1,0
1307,0.9935055767330221,59.132590356642,1.084025450879,1,0
1308,0.9949174078780176,59.138200752211,1.084025450879,1,0
1309,0.9926584780460255,59.294549318171,1.084025450879,1,0
1310,0.9935055767330221,59.369954047825,1.084025450879,1,0
1311,0.9923761118170269,59.657905568025,1.084025450879,1,0
1312,0.9940703091910201,59.70276006921,1.084025450879,1,0
1313,0.9943526754200196,59.344555743379,1.084025450879,1,0
1314,0.9943526754200196,59.126599370807,1.084025450879,1,0
1315,0.9937879429620216,58.862929334938,1.084025450879,1,0
1316,0.9940703091910201,58.513178280737,1.084025450879,1,0
1317,0.9949174078780176,58.338486412523,1.084025450879,1,0
1318,0.9932232105040244,58.222351681616,1.084025450879,1,0
1319,0.9932232105040244,58.647749211548,1.084025450879,1,0
1320,0.9926584780460255,58.702996792039,1.084025450879,1,0
1321,0.9937879429620216,58.609671886492,1.084025450879,1,0
1322,0.9943526754200196,58.485106161881,1.084025450879,1,0
1323,0.9940703091910201,58.428230441402,1.084025450879,1,0
1324,0.9940703091910201,58.511229736801,1.084025450879,1,0
1325,0.9926584780460255,58.545191463594,1.084025450879,1,0
1326,0.9949174078780176,58.307616149927,1.084025450879,1,0
1327,0.991811379359028,58.588643943656,1.084025450879,1,0
1328,0.9926584780460255,58.594392378531,1.084025450879,1,0
1329,0.9935055767330221,58.081968866567,1.084025450879,1,0
1330,0.9929408442750249,57.996267214225,1.084025450879,1,0
1331,0.9943526754200196,57.821003142113,1.084025450879,1,0
1332,0.9949174078780176,57.950911186417,1.084025450879,1,0
1333,0.9949174078780176,57.468526271295,1.084025450879,1,0
1334,0.9923761118170269,57.872650622637,1.084025450879,1,0
1335,0.9929408442750249,58.092283901137,1.084025450879,1,0
1336,0.9949174078780176,57.877633769557,1.084025450879,1,0
1337,0.9926584780460255,58.193143585818,1.084025450879,1,0
1338,0.9935055767330221,57.777447395355,1.084025450879,1,0
1339,0.9929408442750249,57.46332957052,1.084025450879,1,0
1340,0.9932232105040244,57.47085467209,1.084025450879,1,0
1341,0.9937879429620216,57.705988708946,1.084025450879,1,0
1342,0.9932232105040244,57.62267440646,1.084025450879,1,0
1343,0.9932232105040244,57.513672223594,1.084025450879,1,0
1344,0.9940703091910201,57.400060278028,1.084025450879,1,0
1345,0.9935055767330221,57.353589173933,1.084025450879,1,0
1346,0.9935055767330221,57.235553885744,1.084025450879,1,0
1347,0.9937879429620216,57.330824960938,1.084025450879,1,0
1348,0.9977410701680078,56.980830147522,1.084025450879,1,0
1349,0.9943526754200196,56.901486709195,1.084025450879,1,0
1350,0.9940703091910201,56.727067374928,1.084025450879,1,0
1351,0.9940703091910201,56.83358375795,1.084025450879,1,0
1352,0.9940703091910201,56.482685924663,1.084025450879,1,0
1353,0.9946350416490191,56.405840867741,1.084025450879,1,0
1354,0.9926584780460255,56.65085584244,1.084025450879,1,0
1355,0.9943526754200196,56.521566037843,1.084025450879,1,0
1356,0.9926584780460255,56.507978308227,1.084025450879,1,0
1357,0.9937879429620216,56.934436573596,1.084025450879,1,0
1358,0.9935055767330221,56.759929915618,1.084025450879,1,0
1359,0.9943526754200196,56.758379297672,1.084025450879,1,0
1360,0.9940703091910201,56.808308541188,1.084025450879,1,0
1361,0.9946350416490191,56.847364293997,1.084025450879,1,0
1362,0.9932232105040244,56.96196588236,1.084025450879,1,0
1363,0.9926584780460255,56.984249944556,1.084025450879,1,0
1364,0.9920937455880274,57.299011662626,1.084025450879,1,0
1365,0.9940703091910201,57.166102824665,1.084025450879,1,0
1366,0.9923761118170269,57.207566563814,1.084025450879,1,0
1367,0.9946350416490191,57.180618087525,1.084025450879,1,0
1368,0.9929408442750249,56.958901498165,1.084025450879,1,0
1369,0.9932232105040244,57.398086648766,1.084025450879,1,0
1370,0.9932232105040244,57.630715133418,1.084025450879,1,0
1371,0.9940703091910201,57.576900819349,1.084025450879,1,0
1372,0.9940703091910201,57.435362386635,1.084025450879,1,0
1373,0.9932232105040244,57.527467037676,1.084025450879,1,0
1374,0.9923761118170269,57.761341432473,1.084025450879,1,0
1375,0.9943526754200196,57.484584826079,1.084025450879,1,0
1376,0.9940703091910201,57.658306272684,1.084025450879,1,0
1377,0.9935055767330221,57.810579608747,1.084025450879,1,0
1378,0.9929408442750249,57.909849152644,1.084025450879,1,0
1379,0.9926584780460255,58.225413143963,1.084025450879,1,0
1380,0.9926584780460255,58.40933414133,1.084025450879,1,0
1381,0.9943526754200196,58.38754323314,1.084025450879,1,0
1382,0.9940703091910201,58.237964612477,1.084025450879,1,0
1383,0.9929408442750249,58.330471555982,1.084025450879,1,0
1384,0.9937879429620216,57.745124965343,1.084025450879,1,0
1385,0.9935055767330221,58.288334629491,1.084025450879,1,0
1386,0.9926584780460255,58.265381129469,1.084025450879,1,0
1387,0.9932232105040244,58.380454739067,1.084025450879,1,0
1388,0.9937879429620216,58.465389091664,1.084025450879,1,0
1389,0.9937879429620216,58.197037671502,1.084025450879,1,0
1390,0.9923761118170269,58.73797249918,1.084025450879,1,0
1391,0.9951997741070171,58.007587380735,1.084025450879,1,0
1392,0.9940703091910201,57.900638314059,1.084025450879,1,0
1393,0.9940703091910201,57.943654255996,1.084025450879,1,0
1394,0.9920937455880274,58.179944395924,1.084025450879,1,0
1395,0.9923761118170269,58.387012627906,1.084025450879,1,0
1396,0.9926584780460255,58.760223799346,1.084025450879,1,0
1397,0.9943526754200196,58.975548936614,1.084025450879,1,0
1398,0.9932232105040244,58.571446241572,1.084025450879,1,0
1399,0.9932232105040244,58.569877864564,1.084025450879,1,0
1400,0.9937879429620216,58.707937310603,1.084025450879,1,0
1401,0.9951997741070171,58.266605359102,1.084025450879,1,0
1402,0.9951997741070171,58.147753318661,1.084025450879,1,0
1403,0.9937879429620216,58.075312138803,1.084025450879,1,0
1404,0.9951997741070171,57.70697957258,1.084025450879,1,0
1405,0.9932232105040244,58.133198919113,1.084025450879,1,0
1406,0.9929408442750249,57.777468499182,1.084025450879,1,0
1407,0.9926584780460255,58.008345022979,1.084025450879,1,0
1408,0.9923761118170269,58.086179129304,1.084025450879,1,0
1409,0.9932232105040244,58.446049110236,1.084025450879,1,0
1410,0.9937879429620216,58.439845879951,1.084025450879,1,0
1411,0.9943526754200196,58.163018964797,1.084025450879,1,0
1412,0.9943526754200196,58.446444544895,1.084025450879,1,0
1413,0.9940703091910201,58.514337266025,1.084025450879,1,0
1414,0.9935055767330221,58.681499647599,1.084025450879,1,0
1415,0.9920937455880274,58.703361213438,1.084025450879,1,0
1416,0.9929408442750249,58.942435341171,1.084025450879,1,0
1417,0.9935055767330221,59.412802026524,1.084025450879,1,0
1418,0.9940703091910201,59.132677208717,1.084025450879,1,0
1419,0.9926584780460255,59.202608483816,1.084025450879,1,0
1420,0.9929408442750249,59.295587716807,1.084025450879,1,0
1421,0.9935055767330221,59.153513583107,1.084025450879,1,0
1422,0.9926584780460255,59.322244220588,1.084025450879,1,0
1423,0.9937879429620216,59.473148288281,1.084025450879,1,0
1424,0.9935055767330221,59.466589374015,1.084025450879,1,0
1425,0.9943526754200196,59.57546440767,1.084025450879,1,0
1426,0.9935055767330221,59.615474032182,1.084025450879,1,0
1427,0.9926584780460255,59.674934448456,1.084025450879,1,0
1428,0.9943526754200196,59.168081971544,1.084025450879,1,0
1429,0.9923761118170269,59.597474618487,1.084025450879,1,0
1430,0.9929408442750249,59.35083150078,1.084025450879,1,0
1431,0.9937879429620216,59.521766653496,1.084025450879,1,0
1432,0.9932232105040244,59.48545272298,1.084025450879,1,0
1433,0.9920937455880274,59.75228821069,1.084025450879,1,0
1434,0.9946350416490191,59.53778457718,1.084025450879,1,0
1435,0.9932232105040244,59.467101883515,1.084025450879,1,0
1436,0.9940703091910201,59.597964201673,1.084025450879,1,0
1437,0.9929408442750249,59.634502426582,1.084025450879,1,0
1438,0.9926584780460255,59.429325017303,1.084025450879,1,0
1439,0.9940703091910201,59.61442925711,1.084025450879,1,0
1440,0.9966116052520118,59.345363274602,1.084025450879,1,0
1441,0.9943526754200196,59.265249925231,1.084025450879,1,0
1442,0.9923761118170269,59.008709822672,1.084025450879,1,0
1443,0.9946350416490191,58.733173004069,1.084025450879,1,0
1444,0.9943526754200196,58.640873809029,1.084025450879,1,0
1445,0.9935055767330221,58.638053782083,1.084025450879,1,0
1446,0.9926584780460255,59.054771322344,1.084025450879,1,0
1447,0.9949174078780176,58.754785848997,1.084025450879,1,0
1448,0.9932232105040244,58.990005495936,1.084025450879,1,0
1449,0.991811379359028,59.11662382904,1.084025450879,1,0
1450,0.9926584780460255,59.314489623769,1.084025450879,1,0
1451,0.9946350416490191,58.909368844754,1.084025450879,1,0
1452,0.9937879429620216,58.991144737883,1.084025450879,1,0
1453,0.9932232105040244,58.994753003291,1.084025450879,1,0
1454,0.9935055767330221,58.87794984329,1.084025450879,1,0
1455,0.9926584780460255,59.201374762516,1.084025450879,1,0
1456,0.9929408442750249,59.595122657441,1.084025450879,1,0
1457,0.9943526754200196,59.342443613932,1.084025450879,1,0
1458,0.9940703091910201,59.323398567862,1.084025450879,1,0
1459,0.9943526754200196,58.767951462928,1.084025450879,1,0
1460,0.9954821403360157,58.373048364162,1.084025450879,1,0
1461,0.9940703091910201,58.192530494662,1.084025450879,1,0
1462,0.9940703091910201,58.120247603845,1.084025450879,1,0
1463,0.9937879429620216,58.238301776263,1.084025450879,1,0
1464,0.9943526754200196,57.863331037154,1.084025450879,1,0
1465,0.9920937455880274,58.348267167239,1.084025450879,1,0
1466,0.9920937455880274,58.884956740576,1.084025450879,1,0
1467,0.9926584780460255,59.180180723336,1.084025450879,1,0
1468,0.9920937455880274,59.73547040597,1.084025450879,1,0
1469,0.9929408442750249,59.85899803542,1.084025450879,1,0
1470,0.9940703091910201,59.639544444122,1.084025450879,1,0
1471,0.9935055767330221,59.454873688031,1.084025450879,1,0
1472,0.991811379359028,59.632802929837,1.084025450879,1,0
1473,0.9926584780460255,59.652819814275,1.084025450879,1,0
1474,0.9946350416490191,59.520461253977,1.084025450879,1,0
1475,0.9932232105040244,59.701999749902,1.084025450879,1,0
1476,0.9940703091910201,59.681673029351,1.084025450879,1,0
1477,0.9926584780460255,59.784832750027,1.084025450879,1,0
1478,0.9946350416490191,59.55811768432,1.084025450879,1,0
1479,0.9960468727940137,59.183068946051,1.084025450879,1,0
1480,0.9946350416490191,58.998130623655,1.084025450879,1,0
1481,0.9940703091910201,58.738610214988,1.084025450879,1,0
1482,0.9935055767330221,59.135799026392,1.084025450879,1,0
1483,0.9932232105040244,58.744035686192,1.084025450879,1,0
1484,0.9940703091910201,58.436868922585,1.084025450879,1,0
1485,0.9929408442750249,58.947826987108,1.084025450879,1,0
1486,0.9932232105040244,58.895342511178,1.084025450879,1,0
1487,0.9937879429620216,58.637346011018,1.084025450879,1,0
1488,0.9935055767330221,58.723840258928,1.084025450879,1,0
1489,0.9946350416490191,58.795517005155,1.084025450879,1,0
1490,0.9923761118170269,58.847080197832,1.084025450879,1,0
1491,0.9929408442750249,58.769976980437,1.084025450879,1,0
1492,0.9937879429620216,58.795654648895,1.084025450879,1,0
1493,0.9935055767330221,58.619432451614,1.084025450879,1,0
1494,0.9935055767330221,58.579764617301,1.084025450879,1,0
1495,0.9932232105040244,58.757532416722,1.084025450879,1,0
1496,0.9937879429620216,58.394952034509,1.084025450879,1,0
1497,0.9937879429620216,58.176590356963,1.084025450879,1,0
1498,0.9949174078780176,58.242165154764,1.084025450879,1,0
1499,0.9940703091910201,58.097019930159,1.084025450879,1,0
1500,0.9949174078780176,57.880822452542,1.084025450879,1,0
1501,0.9932232105040244,58.02026857745,1.084025450879,1,0
1502,0.9935055767330221,57.874819946683,1.084025450879,1,0
1503,0.9949174078780176,57.649038226451,1.084025450879,1,0
1504,0.9926584780460255,58.235451915386,1.084025450879,1,0
1505,0.9926584780460255,58.494041597595,1.084025450879,1,0
1506,0.9943526754200196,58.298044747862,1.084025450879,1,0
1507,0.9949174078780176,58.32033446961,1.084025450879,1,0
1508,0.9932232105040244,58.328084223303,1.084025450879,1,0
1509,0.9932232105040244,58.381420262073,1.084025450879,1,0
1510,0.9943526754200196,58.044388105079,1.084025450879,1,0
1511,0.9929408442750249,58.325158163533,1.084025450879,1,0
1512,0.9940703091910201,58.104808675972,1.084025450879,1,0
1513,0.9932232105040244,57.953278298801,1.084025450879,1,0
1514,0.9929408442750249,57.926907308007,1.084025450879,1,0
1515,0.9926584780460255,58.112585664886,1.084025450879,1,0
1516,0.9935055767330221,58.353350341677,1.084025450879,1,0
1517,0.9935055767330221,58.095428904295,1.084025450879,1,0
1518,0.9937879429620216,58.111776991679,1.084025450879,1,0
1519,0.9951997741070171,57.603964128258,1.084025450879,1,0
1520,0.9943526754200196,57.388798594017,1.084025450879,1,0
1521,0.9946350416490191,57.654211829056,1.084025450879,1,0
1522,0.9932232105040244,57.605045344686,1.084025450879,1,0
1523,0.9935055767330221,57.771609989193,1.084025450879,1,0
1524,0.9946350416490191,57.845286380233,1.084025450879,1,0
1525,0.9940703091910201,57.975284325982,1.084025450879,1,0
1526,0.9937879429620216,58.040855214701,1.084025450879,1,0
1527,0.9923761118170269,57.978911234204,1.084025450879,1,0
1528,0.9946350416490191,57.975939205517,1.084025450879,1,0
1529,0.9946350416490191,57.69487826441,1.084025450879,1,0
1530,0.9937879429620216,57.383357172428,1.084025450879,1,0
1531,0.9943526754200196,57.134162393025,1.084025450879,1,0
1532,0.9943526754200196,56.927495376536,1.084025450879,1,0
1533,0.9935055767330221,56.672521588221,1.084025450879,1,0
1534,0.9926584780460255,56.885037297461,1.084025450879,1,0
1535,0.9940703091910201,56.990281102495,1.084025450879,1,0
1536,0.9946350416490191,56.340888299802,1.084025450879,1,0
1537,0.9937879429620216,55.950144508851,1.084025450879,1,0
1538,0.9954821403360157,56.028201241812,1.084025450879,1,0
1539,0.9932232105040244,56.067972801923,1.084025450879,1,0
1540,0.9923761118170269,56.349232850067,1.084025450879,1,0
1541,0.9929408442750249,56.259302624211,1.084025450879,1,0
1542,0.9926584780460255,56.678251726126,1.084025450879,1,0
1543,0.9946350416490191,56.68830388815,1.084025450879,1,0
1544,0.9937879429620216,56.825153745766,1.084025450879,1,0
1545,0.9935055767330221,57.108287073941,1.084025450879,1,0
1546,0.9943526754200196,56.828803637917,1.084025450879,1,0
1547,0.9943526754200196,56.889679852384,1.084025450879,1,0
1548,0.9932232105040244,56.928335524899,1.084025450879,1,0
1549,0.9940703091910201,56.585853920678,1.084025450879,1,0
1550,0.9935055767330221,56.803717454266,1.084025450879,1,0
1551,0.9929408442750249,56.75593976223,1.084025450879,1,0
1552,0.9960468727940137,56.501632970855,1.084025450879,1,0
1553,0.9949174078780176,56.446371702778,1.084025450879,1,0
1554,0.9951997741070171,56.006668704607,1.084025450879,1,0
1555,0.9957645065650143,55.43685274173,1.084025450879,1,0
1556,0.9932232105040244,55.598959579108,1.084025450879,1,0
1557,0.9929408442750249,55.495302974903,1.084025450879,1,0
1558,0.9940703091910201,55.757155750062,1.084025450879,1,0
1559,0.9937879429620216,55.490135077216,1.084025450879,1,0
1560,0.9935055767330221,55.456097787083,1.084025450879,1,0
1561,0.9937879429620216,55.692239732268,1.084025450879,1,0
1562,0.9940703091910201,55.69772713437,1.084025450879,1,0
1563,0.9935055767330221,55.69308135688,1.084025450879,1,0
1564,0.9937879429620216,56.23469596641,1.084025450879,1,0
1565,0.9949174078780176,55.672225602994,1.084025450879,1,0
1566,0.9946350416490191,55.548534797055,1.084025450879,1,0
1567,0.9929408442750249,56.053260323666,1.084025450879,1,0
1568,0.9951997741070171,55.367584818418,1.084025450879,1,0
1569,0.9943526754200196,55.154542589698,1.084025450879,1,0
1570,0.9960468727940137,54.963667254588,1.084025450879,1,0
1571,0.991811379359028,55.443767576419,1.084025450879,1,0
1572,0.9935055767330221,55.399350637555,1.084025450879,1,0
1573,0.9940703091910201,55.276126292083,1.084025450879,1,0
1574,0.9949174078780176,55.257733618199,1.084025450879,1,0
1575,0.9929408442750249,55.380448221946,1.084025450879,1,0
1576,0.9940703091910201,55.436100382033,1.084025450879,1,0
1577,0.9935055767330221,55.163127301864,1.084025450879,1,0
1578,0.9943526754200196,55.13989432597,1.084025450879,1,0
1579,0.9932232105040244,54.826899032842,1.084025450879,1,0
1580,0.9937879429620216,54.953281805609,1.084025450879,1,0
1581,0.9940703091910201,55.009278821464,1.084025450879,1,0
1582,0.9929408442750249,55.08459431137,1.084025450879,1,0
1583,0.9937879429620216,55.313976068437,1.084025450879,1,0
1584,0.9943526754200196,55.212642800771,1.084025450879,1,0
1585,0.9940703091910201,55.246297732803,1.084025450879,1,0
1586,0.9932232105040244,55.138512853967,1.084025450879,1,0
1587,0.9929408442750249,55.245193788482,1.084025450879,1,0
1588,0.9937879429620216,55.319671600978,1.084025450879,1,0
1589,0.9929408442750249,55.764983072875,1.084025450879,1,0
1590,0.9935055767330221,55.671665726343,1.084025450879,1,0
1591,0.9940703091910201,55.562064077782,1.084025450879,1,0
1592,0.9937879429620216,55.414641193696,1.084025450879,1,0
1593,0.9932232105040244,55.691057011061,1.084025450879,1,0
1594,0.9932232105040244,55.737594119735,1.084025450879,1,0
1595,0.9943526754200196,55.800148813543,1.084025450879,1,0
1596,0.9929408442750249,56.139816854683,1.084025450879,1,0
1597,0.9929408442750249,56.216324893766,1.084025450879,1,0
1598,0.9937879429620216,55.791128998641,1.084025450879,1,0
1599,0.9940703091910201,56.174042747473,1.084025450879,1,0
1600,0.9932232105040244,56.208385201754,1.084025450879,1,0
1601,0.9957645065650143,55.936729373212,1.084025450879,1,0
1602,0.9932232105040244,56.36096888022,1.084025450879,1,0
1603,0.9903995482140333,56.614965451616,1.084025450879,1,0
1604,0.9937879429620216,56.653615545402,1.084025450879,1,0
1605,0.9943526754200196,56.330679096323,1.084025450879,1,0
1606,0.9923761118170269,56.388141366053,1.084025450879,1,0
1607,0.9935055767330221,56.564973440133,1.084025450879,1,0
1608,0.9946350416490191,56.533749840981,1.084025450879,1,0
1609,0.9977410701680078,55.857406702858,1.084025450879,1,0
1610,0.9940703091910201,56.014352069491,1.084025450879,1,0
1611,0.9943526754200196,56.033567442244,1.084025450879,1,0
1612,0.9929408442750249,56.168759288019,1.084025450879,1,0
1613,0.9937879429620216,56.108351721461,1.084025450879,1,0
1614,0.9929408442750249,56.246997222617,1.084025450879,1,0
1615,0.9943526754200196,55.956211271949,1.084025450879,1,0
1616,0.9946350416490191,56.38956841335,1.084025450879,1,0
1617,0.9940703091910201,56.111376769193,1.084025450879,1,0
1618,0.9929408442750249,56.560953301078,1.084025450879,1,0
1619,0.9923761118170269,56.914143875687,1.084025450879,1,0
1620,0.9949174078780176,56.93481938845,1.084025450879,1,0
1621,0.9946350416490191,56.310509637345,1.084025450879,1,0
1622,0.9932232105040244,56.591952196394,1.084025450879,1,0
1623,0.9929408442750249,56.876893904861,1.084025450879,1,0
1624,0.9929408442750249,56.869895354919,1.084025450879,1,0
1625,0.9935055767330221,56.915814100224,1.084025450879,1,0
1626,0.9920937455880274,57.198285987873,1.084025450879,1,0
1627,0.9937879429620216,57.170778376187,1.084025450879,1,0
1628,0.9943526754200196,57.051068317044,1.084025450879,1,0
1629,0.9929408442750249,57.664392637551,1.084025450879,1,0
1630,0.9920937455880274,57.825607991405,1.084025450879,1,0
1631,0.9940703091910201,57.908346374582,1.084025450879,1,0
1632,0.9940703091910201,57.999066443299,1.084025450879,1,0
1633,0.9957645065650143,57.881347900445,1.084025450879,1,0
1634,0.9929408442750249,58.143938243757,1.084025450879,1,0
1635,0.9943526754200196,57.73005090405,1.084025450879,1,0
1636,0.9932232105040244,57.708329220865,1.084025450879,1,0
1637,0.9943526754200196,57.649010959614,1.084025450879,1,0
1638,0.9937879429620216,57.985338980973,1.084025450879,1,0
1639,0.9935055767330221,57.873187324981,1.084025450879,1,0
1640,0.9926584780460255,57.800949245068,1.084025450879,1,0
1641,0.9935055767330221,57.791721329766,1.084025450879,1,0
1642,0.9943526754200196,57.907612749716,1.084025450879,1,0
1643,0.9932232105040244,57.822650645439,1.084025450879,1,0
1644,0.9937879429620216,57.77840172822,1.084025450879,1,0
1645,0.9929408442750249,58.215730726141,1.084025450879,1,0
1646,0.9946350416490191,57.797131985532,1.084025450879,1,0
1647,0.9937879429620216,57.926099619294,1.084025450879,1,0
1648,0.9937879429620216,57.925499001959,1.084025450879,1,0
1649,0.9940703091910201,57.945417180393,1.084025450879,1,0
1650,0.9937879429620216,57.571632294894,1.084025450879,1,0
1651,0.9949174078780176,57.48111759946,1.084025450879,1,0
1652,0.9949174078780176,57.34545787807,1.084025450879,1,0
1653,0.9954821403360157,57.152249568465,1.084025450879,1,0
1654,0.9949174078780176,56.805774937322,1.084025450879,1,0
1655,0.9932232105040244,56.993814220405,1.084025450879,1,0
1656,0.9949174078780176,56.926047413172,1.084025450879,1,0
1657,0.9946350416490191,56.666713285958,1.084025450879,1,0
1658,0.9954821403360157,56.023680170418,1.084025450879,1,0
1659,0.9929408442750249,56.428247134676,1.084025450879,1,0
1660,0.9943526754200196,56.15722420629,1.084025450879,1,0
1661,0.9943526754200196,56.010315517377,1.084025450879,1,0
1662,0.9937879429620216,55.962658326284,1.084025450879,1,0
1663,0.9932232105040244,56.132148785077,1.084025450879,1,0
1664,0.9949174078780176,55.990151290365,1.084025450879,1,0
1665,0.9940703091910201,56.294407450981,1.084025450879,1,0
1666,0.9946350416490191,55.921191622323,1.084025450879,1,0
1667,0.9920937455880274,55.626402095912,1.084025450879,1,0
1668,0.9946350416490191,55.508521287415,1.084025450879,1,0
1669,0.9935055767330221,55.383116958109,1.084025450879,1,0
1670,0.9943526754200196,55.180961802097,1.084025450879,1,0
1671,0.9937879429620216,55.098277069205,1.084025450879,1,0
1672,0.9923761118170269,55.623762419677,1.084025450879,1,0
1673,0.9935055767330221,55.740554593683,1.084025450879,1,0
1674,0.9937879429620216,56.026975009699,1.084025450879,1,0
1675,0.9932232105040244,56.128118465363,1.084025450879,1,0
1676,0.9943526754200196,55.923426164232,1.084025450879,1,0
1677,0.9954821403360157,56.031970047628,1.084025450879,1,0
1678,0.9935055767330221,55.556339685776,1.084025450879,1,0
1679,0.9923761118170269,56.177980788935,1.084025450879,1,0
1680,0.9932232105040244,56.35856351577,1.084025450879,1,0
1681,0.9943526754200196,56.090645217936,1.084025450879,1,0
1682,0.9932232105040244,56.145206337216,1.084025450879,1,0
1683,0.9940703091910201,56.003495992731,1.084025450879,1,0
1684,0.9935055767330221,56.092568687536,1.084025450879,1,0
1685,0.9926584780460255,56.54184310435,1.084025450879,1,0
1686,0.9937879429620216,56.418632501497,1.084025450879,1,0
1687,0.9937879429620216,56.235950742594,1.084025450879,1,0
1688,0.9929408442750249,56.338493080337,1.084025450879,1,0
1689,0.9935055767330221,56.340385467779,1.084025450879,1,0
1690,0.9932232105040244,56.124405319182,1.084025450879,1,0
1691,0.9943526754200196,55.99296780131,1.084025450879,1,0
1692,0.9937879429620216,55.877481583365,1.084025450879,1,0
1693,0.9949174078780176,55.640743856446,1.084025450879,1,0
1694,0.9949174078780176,55.133112714267,1.084025450879,1,0
1695,0.9926584780460255,55.23698632672,1.084025450879,1,0
1696,0.9937879429620216,55.622324841948,1.084025450879,1,0
1697,0.9943526754200196,55.481530634187,1.084025450879,1,0
1698,0.9923761118170269,55.846407543357,1.084025450879,1,0
1699,0.9937879429620216,55.740504198711,1.084025450879,1,0
1700,0.9923761118170269,56.094382947735,1.084025450879,1,0
1701,0.9926584780460255,55.939587519067,1.084025450879,1,0
1702,0.9923761118170269,56.604223122996,1.084025450879,1,0
1703,0.9929408442750249,56.659647999571,1.084025450879,1,0
1704,0.9966116052520118,56.21319822147,1.084025450879,1,0
1705,0.9937879429620216,55.996621654717,1.084025450879,1,0
1706,0.9946350416490191,56.056030912651,1.084025450879,1,0
1707,0.9949174078780176,55.737579994873,1.084025450879,1,0
1708,0.9937879429620216,55.909919740591,1.084025450879,1,0
1709,0.9932232105040244,55.379091432881,1.084025450879,1,0
1710,0.9949174078780176,55.681419554501,1.084025450879,1,0
1711,0.9935055767330221,55.698869974193,1.084025450879,1,0
1712,0.9920937455880274,55.982467175255,1.084025450879,1,0
1713,0.9943526754200196,55.878081957297,1.084025450879,1,0
1714,0.9946350416490191,55.899803786814,1.084025450879,1,0
1715,0.9949174078780176,55.730941723024,1.084025450879,1,0
1716,0.9937879429620216,55.908349956968,1.084025450879,1,0
1717,0.9940703091910201,55.957621277756,1.084025450879,1,0
1718,0.9932232105040244,56.139426659374,1.084025450879,1,0
1719,0.9940703091910201,56.3578100195,1.084025450879,1,0
1720,0.9935055767330221,56.676831998349,1.084025450879,1,0
1721,0.9929408442750249,56.773336474496,1.084025450879,1,0
1722,0.9932232105040244,56.896798211065,1.084025450879,1,0
1723,0.9940703091910201,56.945413115187,1.084025450879,1,0
1724,0.9937879429620216,56.948506563041,1.084025450879,1,0
1725,0.9935055767330221,57.233320747128,1.084025450879,1,0
1726,0.9923761118170269,57.338154057259,1.084025450879,1,0
1727,0.9932232105040244,57.488175709289,1.084025450879,1,0
1728,0.9920937455880274,57.75728430707,1.084025450879,1,0
1729,0.9932232105040244,57.743677757418,1.084025450879,1,0
1730,0.9949174078780176,57.810733398596,1.084025450879,1,0
1731,0.9935055767330221,57.458017120558,1.084025450879,1,0
1732,0.9940703091910201,57.384966237936,1.084025450879,1,0
1733,0.9932232105040244,57.703976375634,1.084025450879,1,0
1734,0.9932232105040244,57.72409792046,1.084025450879,1,0
1735,0.9943526754200196,57.688891511335,1.084025450879,1,0
1736,0.9935055767330221,57.69628795878,1.084025450879,1,0
1737,0.9937879429620216,57.488592442681,1.084025450879,1,0
1738,0.9940703091910201,57.591950249736,1.084025450879,1,0
1739,0.9943526754200196,57.292143413274,1.084025450879,1,0
1740,0.9932232105040244,57.669641716564,1.084025450879,1,0
1741,0.9926584780460255,57.960975832279,1.084025450879,1,0
1742,0.9932232105040244,58.160703456484,1.084025450879,1,0
1743,0.9937879429620216,57.732283988713,1.084025450879,1,0
1744,0.9946350416490191,57.379991033433,1.084025450879,1,0
1745,0.9954821403360157,57.38158652281,1.084025450879,1,0
1746,0.9940703091910201,57.136691781882,1.084025450879,1,0
1747,0.9937879429620216,57.103866103475,1.084025450879,1,0
1748,0.9935055767330221,57.143704295889,1.084025450879,1,0
1749,0.9935055767330221,57.17543710692,1.084025450879,1,0
1750,0.9949174078780176,56.970641939955,1.084025450879,1,0
1751,0.9935055767330221,57.061157868032,1.084025450879,1,0
1752,0.9937879429620216,56.96169624183,1.084025450879,1,0
1753,0.9937879429620216,56.70362152733,1.084025450879,1,0
1754,0.9946350416490191,56.73502781514,1.084025450879,1,0
1755,0.9932232105040244,56.601780478529,1.084025450879,1,0
1756,0.9937879429620216,56.807471481995,1.084025450879,1,0
1757,0.9935055767330221,56.835964134489,1.084025450879,1,0
1758,0.9937879429620216,57.076218646957,1.084025450879,1,0
1759,0.9940703091910201,57.027871395951,1.084025450879,1,0
1760,0.9935055767330221,57.122097021817,1.084025450879,1,0
1761,0.9935055767330221,57.215819228636,1.084025450879,1,0
1762,0.9940703091910201,56.914962034864,1.084025450879,1,0
1763,0.9932232105040244,57.022005494836,1.084025450879,1,0
1764,0.9932232105040244,56.544146452644,1.084025450879,1,0
1765,0.9940703091910201,56.61688854538,1.084025450879,1,0
1766,0.9935055767330221,56.264948366483,1.084025450879,1,0
1767,0.9926584780460255,56.676530632315,1.084025450879,1,0
1768,0.9923761118170269,56.992739290999,1.084025450879,1,0
1769,0.9935055767330221,57.26961586755,1.084025450879,1,0
1770,0.9923761118170269,57.319842479685,1.084025450879,1,0
1771,0.9946350416490191,57.35774457019,1.084025450879,1,0
1772,0.9923761118170269,57.728429642817,1.084025450879,1,0
1773,0.9937879429620216,57.693413704524,1.084025450879,1,0
1774,0.9940703091910201,57.770804432353,1.084025450879,1,0
1775,0.9935055767330221,57.885463811515,1.084025450879,1,0
1776,0.9946350416490191,57.437755982285,1.084025450879,1,0
1777,0.9943526754200196,57.304648879639,1.084025450879,1,0
1778,0.9929408442750249,57.530483818788,1.084025450879,1,0
1779,0.9932232105040244,57.819214089926,1.084025450879,1,0
1780,0.9940703091910201,57.64810942143,1.084025450879,1,0
1781,0.9923761118170269,58.128616972347,1.084025450879,1,0
1782,0.9929408442750249,58.383472357209,1.084025450879,1,0
1783,0.9946350416490191,58.046967227873,1.084025450879,1,0
1784,0.9946350416490191,57.928993318425,1.084025450879,1,0
1785,0.9923761118170269,57.90215952942,1.084025450879,1,0
1786,0.9935055767330221,57.812741149131,1.084025450879,1,0
1787,0.9923761118170269,58.08172470156,1.084025450879,1,0
1788,0.9926584780460255,58.383296461678,1.084025450879,1,0
1789,0.9937879429620216,58.054768905999,1.084025450879,1,0
1790,0.9937879429620216,57.994465611276,1.084025450879,1,0
1791,0.9949174078780176,57.884828136732,1.084025450879,1,0
1792,0.9932232105040244,57.735816328716,1.084025450879,1,0
1793,0.9923761118170269,57.701106702911,1.084025450879,1,0
1794,0.9932232105040244,58.182023371274,1.084025450879,1,0
1795,0.9940703091910201,57.979090051327,1.084025450879,1,0
1796,0.9957645065650143,57.752016433592,1.084025450879,1,0
1797,0.9946350416490191,57.462081957656,1.084025450879,1,0
1798,0.9923761118170269,57.481250965101,1.084025450879,1,0
1799,0.9940703091910201,57.623572283106,1.084025450879,1,0
1800,0.9935055767330221,57.786226118412,1.084025450879,1,0
1801,0.9935055767330221,57.744953401512,1.084025450879,1,0
1802,0.9935055767330221,57.721926946177,1.084025450879,1,0
1803,0.9932232105040244,58.052082476949,1.084025450879,1,0
1804,0.9940703091910201,57.862937585994,1.084025450879,1,0
1805,0.9932232105040244,57.733023272141,1.084025450879,1,0
1806,0.9946350416490191,57.536968972688,1.084025450879,1,0
1807,0.9937879429620216,57.696636450241,1.084025450879,1,0
1808,0.9935055767330221,57.702011821458,1.084025450879,1,0
1809,0.9932232105040244,57.870990805417,1.084025450879,1,0
1810,0.9932232105040244,57.879039388899,1.084025450879,1,0
1811,0.9923761118170269,58.481284229164,1.084025450879,1,0
1812,0.9935055767330221,58.30507342416,1.084025450879,1,0
1813,0.9935055767330221,58.463266501879,1.084025450879,1,0
1814,0.9923761118170269,58.413755240202,1.084025450879,1,0
1815,0.9929408442750249,58.88679249039,1.084025450879,1,0
1816,0.9940703091910201,58.613609721946,1.084025450879,1,0
1817,0.9946350416490191,58.516594374872,1.084025450879,1,0
1818,0.9940703091910201,58.604604255321,1.084025450879,1,0
1819,0.9951997741070171,58.427561569828,1.084025450879,1,0
1820,0.9932232105040244,58.457682565885,1.084025450879,1,0
1821,0.9932232105040244,58.780089297094,1.084025450879,1,0
1822,0.9926584780460255,58.525949558885,1.084025450879,1,0
1823,0.9943526754200196,58.788703549534,1.084025450879,1,0
1824,0.9935055767330221,58.628261068283,1.084025450879,1,0
1825,0.9946350416490191,58.610920321808,1.084025450879,1,0
1826,0.9935055767330221,58.756382969929,1.084025450879,1,0
1827,0.9929408442750249,58.699090865803,1.084025450879,1,0
1828,0.9940703091910201,58.826038372851,1.084025450879,1,0
1829,0.9935055767330221,58.618340890393,1.084025450879,1,0
1830,0.9929408442750249,58.80961407108,1.084025450879,1,0
1831,0.9926584780460255,58.783729020102,1.084025450879,1,0
1832,0.9940703091910201,58.512868313277,1.084025450879,1,0
1833,0.9940703091910201,58.561384652225,1.084025450879,1,0
1834,0.9923761118170269,58.317522102918,1.084025450879,1,0
1835,0.9949174078780176,58.347918809651,1.084025450879,1,0
1836,0.9920937455880274,58.393557739948,1.084025450879,1,0
1837,0.9946350416490191,58.244240689063,1.084025450879,1,0
1838,0.9946350416490191,58.306645489178,1.084025450879,1,0
1839,0.9949174078780176,58.23511346665,1.084025450879,1,0
1840,0.9932232105040244,58.189750681216,1.084025450879,1,0
1841,0.9929408442750249,58.506088729677,1.084025450879,1,0
1842,0.9926584780460255,58.580761570063,1.084025450879,1,0
1843,0.9946350416490191,58.134306992615,1.084025450879,1,0
1844,0.9923761118170269,58.659190953659,1.084025450879,1,0
1845,0.9937879429620216,58.456105300281,1.084025450879,1,0
1846,0.9937879429620216,58.391842998058,1.084025450879,1,0
1847,0.9935055767330221,58.422968701908,1.084025450879,1,0
1848,0.9935055767330221,58.565868674454,1.084025450879,1,0
1849,0.9946350416490191,58.321394318416,1.084025450879,1,0
1850,0.9932232105040244,58.413941307922,1.084025450879,1,0
1851,0.9923761118170269,58.198868881995,1.084025450879,1,0
1852,0.9949174078780176,58.168610275337,1.084025450879,1,0
1853,0.991811379359028,58.469138208727,1.084025450879,1,0
1854,0.9935055767330221,58.436444157573,1.084025450879,1,0
1855,0.9937879429620216,58.534522749686,1.084025450879,1,0
1856,0.9935055767330221,58.481610457963,1.084025450879,1,0
1857,0.9929408442750249,58.318505239805,1.084025450879,1,0
1858,0.9943526754200196,58.19142986529,1.084025450879,1,0
1859,0.9932232105040244,57.982123761045,1.084025450879,1,0
1860,0.9926584780460255,58.714807463617,1.084025450879,1,0
1861,0.9935055767330221,58.926353776072,1.084025450879,1,0
1862,0.9957645065650143,58.490366025089,1.084025450879,1,0
1863,0.9920937455880274,58.679611224557,1.084025450879,1,0
1864,0.9943526754200196,58.561770380208,1.084025450879,1,0
1865,0.9940703091910201,58.615765243574,1.084025450879,1,0
1866,0.9932232105040244,58.311843794641,1.084025450879,1,0
1867,0.9951997741070171,58.45298595968,1.084025450879,1,0
1868,0.9940703091910201,58.386193493822,1.084025450879,1,0
1869,0.9946350416490191,58.266680468163,1.084025450879,1,0
1870,0.9923761118170269,58.262985731526,1.084025450879,1,0
1871,0.9932232105040244,58.297387579726,1.084025450879,1,0
1872,0.9935055767330221,58.612564918379,1.084025450879,1,0
1873,0.9937879429620216,58.453977959005,1.084025450879,1,0
1874,0.9935055767330221,58.305328208023,1.084025450879,1,0
1875,0.9949174078780176,58.060628810335,1.084025450879,1,0
1876,0.9929408442750249,58.002955979698,1.084025450879,1,0
1877,0.9935055767330221,58.1256482445,1.084025450879,1,0
1878,0.9940703091910201,57.92327955092,1.084025450879,1,0
1879,0.9932232105040244,57.56020202056,1.084025450879,1,0
1880,0.9940703091910201,57.801730497613,1.084025450879,1,0
1881,0.9937879429620216,57.849255408426,1.084025450879,1,0
1882,0.991811379359028,58.141215674405,1.084025450879,1,0
1883,0.9943526754200196,58.333408891425,1.084025450879,1,0
1884,0.9943526754200196,58.211122170834,1.084025450879,1,0
1885,0.9949174078780176,58.040788471957,1.084025450879,1,0
1886,0.9937879429620216,57.71211715957,1.084025450879,1,0
1887,0.9949174078780176,57.750856225511,1.084025450879,1,0
1888,0.9935055767330221,57.498337344691,1.084025450879,1,0
1889,0.9940703091910201,57.80295946813,1.084025450879,1,0
1890,0.9940703091910201,57.565356257084,1.084025450879,1,0
1891,0.9946350416490191,57.379625117744,1.084025450879,1,0
1892,0.9937879429620216,57.582276438394,1.084025450879,1,0
1893,0.9926584780460255,57.447882618384,1.084025450879,1,0
1894,0.9946350416490191,57.377138382559,1.084025450879,1,0
1895,0.9929408442750249,57.437898630424,1.084025450879,1,0
1896,0.9929408442750249,57.549153465845,1.084025450879,1,0
1897,0.9935055767330221,57.431893442761,1.084025450879,1,0
1898,0.9940703091910201,57.486249146346,1.084025450879,1,0
1899,0.9937879429620216,57.321080791918,1.084025450879,1,0
1900,0.9937879429620216,57.341245104525,1.084025450879,1,0
1901,0.9946350416490191,57.170988144662,1.084025450879,1,0
1902,0.9935055767330221,57.303484448766,1.084025450879,1,0
1903,0.9943526754200196,57.222995618334,1.084025450879,1,0
1904,0.9943526754200196,57.203343935843,1.084025450879,1,0
1905,0.9932232105040244,57.005778083023,1.084025450879,1,0
1906,0.9926584780460255,57.172297943064,1.084025450879,1,0
1907,0.9946350416490191,56.999009920514,1.084025450879,1,0
1908,0.9937879429620216,56.720820424641,1.084025450879,1,0
1909,0.9923761118170269,56.932283882604,1.084025450879,1,0
1910,0.9946350416490191,57.033799549728,1.084025450879,1,0
1911,0.9937879429620216,57.104628673821,1.084025450879,1,0
1912,0.9937879429620216,57.050249083045,1.084025450879,1,0
1913,0.9935055767330221,57.239085985696,1.084025450879,1,0
1914,0.9929408442750249,57.366172619446,1.084025450879,1,0
1915,0.9949174078780176,56.866498070319,1.084025450879,1,0
1916,0.9915290131300294,57.455724207296,1.084025450879,1,0
1917,0.9943526754200196,57.113039199679,1.084025450879,1,0
1918,0.9943526754200196,56.732351572867,1.084025450879,1,0
1919,0.9943526754200196,56.7492745451,1.084025450879,1,0
1920,0.9937879429620216,56.673294948947,1.084025450879,1,0
1921,0.9943526754200196,56.449808145875,1.084025450879,1,0
1922,0.9951997741070171,56.389860801475,1.084025450879,1,0
1923,0.9946350416490191,56.188217594484,1.084025450879,1,0
1924,0.9935055767330221,55.926076430808,1.084025450879,1,0
1925,0.9935055767330221,55.826007467028,1.084025450879,1,0
1926,0.9932232105040244,56.280273072535,1.084025450879,1,0
1927,0.9937879429620216,55.913985679326,1.084025450879,1,0
1928,0.9943526754200196,56.091542723318,1.084025450879,1,0
1929,0.9943526754200196,55.902454710599,1.084025450879,1,0
1930,0.9940703091910201,56.261255195775,1.084025450879,1,0
1931,0.9937879429620216,56.123527677769,1.084025450879,1,0
1932,0.9940703091910201,56.045936086777,1.084025450879,1,0
1933,0.9935055767330221,56.151046626478,1.084025450879,1,0
1934,0.9946350416490191,55.79618503069,1.084025450879,1,0
1935,0.9940703091910201,55.756795695031,1.084025450879,1,0
1936,0.9954821403360157,55.451741260838,1.084025450879,1,0
1937,0.9940703091910201,55.417931766386,1.084025450879,1,0
1938,0.9943526754200196,55.097261340129,1.084025450879,1,0
1939,0.9935055767330221,55.522864868496,1.084025450879,1,0
1940,0.9937879429620216,55.400827411952,1.084025450879,1,0
1941,0.9932232105040244,55.161912798057,1.084025450879,1,0
1942,0.9935055767330221,55.549730627219,1.084025450879,1,0
1943,0.9932232105040244,55.140994998019,1.084025450879,1,0
1944,0.9946350416490191,55.361306539122,1.084025450879,1,0
1945,0.9946350416490191,55.069084041401,1.084025450879,1,0
1946,0.9940703091910201,54.731307851133,1.084025450879,1,0
1947,0.9935055767330221,55.067572874904,1.084025450879,1,0
1948,0.9929408442750249,55.411256145454,1.084025450879,1,0
1949,0.9946350416490191,55.22331867045,1.084025450879,1,0
1950,0.9935055767330221,55.511753933692,1.084025450879,1,0
1951,0.9926584780460255,55.595257772959,1.084025450879,1,0
1952,0.9943526754200196,55.531485774502,1.084025450879,1,0
1953,0.9935055767330221,55.554009789082,1.084025450879,1,0
1954,0.9949174078780176,55.481801536691,1.084025450879,1,0
1955,0.9946350416490191,55.459769353225,1.084025450879,1,0
1956,0.9951997741070171,55.243455604884,1.084025450879,1,0
1957,0.9940703091910201,55.163576370453,1.084025450879,1,0
1958,0.9929408442750249,55.32274974345,1.084025450879,1,0
1959,0.9920937455880274,55.663308598289,1.084025450879,1,0
1960,0.9940703091910201,55.291717859473,1.084025450879,1,0
1961,0.9943526754200196,54.948548143864,1.084025450879,1,0
1962,0.9946350416490191,54.949889838075,1.084025450879,1,0
1963,0.9943526754200196,55.053062329566,1.084025450879,1,0
1964,0.9932232105040244,55.257614935068,1.084025450879,1,0
1965,0.9943526754200196,55.221561288504,1.084025450879,1,0
1966,0.9937879429620216,55.220348285993,1.084025450879,1,0
1967,0.9940703091910201,55.241395509297,1.084025450879,1,0
1968,0.9935055767330221,55.229070146635,1.084025450879,1,0
1969,0.9932232105040244,55.358284809495,1.084025450879,1,0
1970,0.9949174078780176,54.710906655338,1.084025450879,1,0
1971,0.9940703091910201,55.167137347027,1.084025450879,1,0
1972,0.9946350416490191,54.871914638867,1.084025450879,1,0
1973,0.9946350416490191,54.473155261906,1.084025450879,1,0
1974,0.9935055767330221,54.758859980352,1.084025450879,1,0
1975,0.9943526754200196,54.494096850045,1.084025450879,1,0
1976,0.9957645065650143,54.439061554284,1.084025450879,1,0
1977,0.9937879429620216,54.23405718675,1.084025450879,1,0
1978,0.9940703091910201,53.940733404304,1.084025450879,1,0
1979,0.9935055767330221,54.144957991997,1.084025450879,1,0
1980,0.9940703091910201,53.756690452654,1.084025450879,1,0
1981,0.9946350416490191,54.038883356448,1.084025450879,1,0
1982,0.9937879429620216,54.009283186448,1.084025450879,1,0
1983,0.9951997741070171,53.89992100864,1.084025450879,1,0
1984,0.9940703091910201,53.91980316506,1.084025450879,1,0
1985,0.9946350416490191,53.6916893326,1.084025450879,1,0
1986,0.9935055767330221,53.985648543286,1.084025450879,1,0
1987,0.9937879429620216,53.988144935768,1.084025450879,1,0
1988,0.9943526754200196,53.794413014713,1.084025450879,1,0
1989,0.9929408442750249,53.849385804391,1.084025450879,1,0
1990,0.9949174078780176,53.762874760016,1.084025450879,1,0
1991,0.9943526754200196,53.656819266908,1.084025450879,1,0
1992,0.9937879429620216,53.859557752837,1.084025450879,1,0
1993,0.9946350416490191,53.803630812959,1.084025450879,1,0
1994,0.9943526754200196,53.60067402386,1.084025450879,1,0
1995,0.9935055767330221,53.378218692326,1.084025450879,1,0
1996,0.9949174078780176,53.494284684023,1.084025450879,1,0
1997,0.9937879429620216,53.381962211398,1.084025450879,1,0
1998,0.9935055767330221,53.448619831273,1.084025450879,1,0
1999,0.9940703091910201,53.850565725676,1.084025450879,1,0
2000,0.9949174078780176,53.818661081303,1.084025450879,1,0
2001,0.9954821403360157,53.6690668961,1.084025450879,1,0
2002,0.9943526754200196,53.585148720877,1.084025450879,1,0
2003,0.9932232105040244,53.579884713738,1.084025450879,1,0
2004,0.9946350416490191,53.528351274896,1.084025450879,1,0
2005,0.9932232105040244,53.570697603288,1.084025450879,1,0
2006,0.9951997741070171,53.112214864077,1.084025450879,1,0
2007,0.9943526754200196,52.949146825415,1.084025450879,1,0
2008,0.9937879429620216,53.449414023731,1.084025450879,1,0
2009,0.9940703091910201,53.346297218015,1.084025450879,1,0
2010,0.9937879429620216,53.299962707659,1.084025450879,1,0
2011,0.9949174078780176,53.184304979927,1.084025450879,1,0
2012,0.9949174078780176,52.600490841896,1.084025450879,1,0
2013,0.9943526754200196,52.791827218213,1.084025450879,1,0
2014,0.9949174078780176,52.258615792785,1.084025450879,1,0
2015,0.9932232105040244,52.631665663572,1.084025450879,1,0
2016,0.9943526754200196,52.405514374732,1.084025450879,1,0
2017,0.9937879429620216,52.406526442101,1.084025450879,1,0
2018,0.9926584780460255,52.696904733368,1.084025450879,1,0
2019,0.9937879429620216,52.980933172513,1.084025450879,1,0
2020,0.9935055767330221,53.285516698771,1.084025450879,1,0
2021,0.9954821403360157,52.914057649439,1.084025450879,1,0
2022,0.9946350416490191,52.786090651541,1.084025450879,1,0
2023,0.9943526754200196,52.436479971551,1.084025450879,1,0
2024,0.9940703091910201,52.393818816088,1.084025450879,1,0
2025,0.9949174078780176,52.229395527478,1.084025450879,1,0
2026,0.9937879429620216,52.269455631956,1.084025450879,1,0
2027,0.9943526754200196,52.295739927242,1.084025450879,1,0
2028,0.9949174078780176,52.083622700096,1.084025450879,1,0
2029,0.9940703091910201,52.328826502942,1.084025450879,1,0
2030,0.9929408442750249,52.310318594098,1.084025450879,1,0
2031,0.9943526754200196,52.364009169359,1.084025450879,1,0
2032,0.9946350416490191,52.059121755027,1.084025450879,1,0
2033,0.9935055767330221,51.947440523914,1.084025450879,1,0
2034,0.9946350416490191,52.087815144352,1.084025450879,1,0
2035,0.9923761118170269,52.409863354303,1.084025450879,1,0
2036,0.9949174078780176,52.399369899384,1.084025450879,1,0
2037,0.9937879429620216,52.618261349258,1.084025450879,1,0
2038,0.9932232105040244,52.597315366404,1.084025450879,1,0
2039,0.9946350416490191,52.566931860648,1.084025450879,1,0
2040,0.9946350416490191,52.65591410514,1.084025450879,1,0
2041,0.9946350416490191,52.551450768323,1.084025450879,1,0
2042,0.9937879429620216,52.614205905111,1.084025450879,1,0
2043,0.9946350416490191,52.515757592686,1.084025450879,1,0
2044,0.9943526754200196,52.357607523816,1.084025450879,1,0
2045,0.9937879429620216,52.531535964367,1.084025450879,1,0
2046,0.9929408442750249,52.686478924308,1.084025450879,1,0
2047,0.9932232105040244,53.079280610448,1.084025450879,1,0
2048,0.9946350416490191,53.029456703839,1.084025450879,1,0
2049,0.9940703091910201,52.851316421334,1.084025450879,1,0
2050,0.9926584780460255,53.109103009532,1.084025450879,1,0
2051,0.9951997741070171,53.234289979288,1.084025450879,1,0
2052,0.9940703091910201,52.966591772719,1.084025450879,1,0
2053,0.9932232105040244,52.945093195499,1.084025450879,1,0
2054,0.9926584780460255,53.249759725112,1.084025450879,1,0
2055,0.9932232105040244,53.239143034682,1.084025450879,1,0
2056,0.9940703091910201,53.647526970833,1.084025450879,1,0
2057,0.9943526754200196,53.457157340924,1.084025450879,1,0
2058,0.9943526754200196,53.574238623858,1.084025450879,1,0
2059,0.9940703091910201,53.54791473263,1.084025450879,1,0
2060,0.9951997741070171,53.337897174332,1.084025450879,1,0
2061,0.9937879429620216,53.414801789266,1.084025450879,1,0
2062,0.9946350416490191,53.13878783773,1.084025450879,1,0
2063,0.9946350416490191,53.134239736378,1.084025450879,1,0
2064,0.9929408442750249,53.210393309218,1.084025450879,1,0
2065,0.9940703091910201,53.625880837944,1.084025450879,1,0
2066,0.9949174078780176,53.378618596154,1.084025450879,1,0
2067,0.9935055767330221,53.407970432298,1.084025450879,1,0
2068,0.9937879429620216,53.803231066391,1.084025450879,1,0
2069,0.9957645065650143,53.346119063217,1.084025450879,1,0
2070,0.9949174078780176,53.316895954291,1.084025450879,1,0
2071,0.9935055767330221,53.614022930668,1.084025450879,1,0
2072,0.9943526754200196,53.164615163328,1.084025450879,1,0
2073,0.9946350416490191,53.175737245572,1.084025450879,1,0
2074,0.9949174078780176,53.082715850778,1.084025450879,1,0
2075,0.9940703091910201,53.258559833988,1.084025450879,1,0
2076,0.9932232105040244,53.34481581545,1.084025450879,1,0
2077,0.9937879429620216,53.567019798689,1.084025450879,1,0
2078,0.9935055767330221,53.606106718775,1.084025450879,1,0
2079,0.9946350416490191,53.442452689182,1.084025450879,1,0
2080,0.9929408442750249,53.670731801958,1.084025450879,1,0
2081,0.9937879429620216,53.728156084215,1.084025450879,1,0
2082,0.9951997741070171,53.285604261534,1.084025450879,1,0
2083,0.9929408442750249,53.33462875699,1.084025450879,1,0
2084,0.9937879429620216,53.269100537949,1.084025450879,1,0
2085,0.9940703091910201,53.711620598422,1.084025450879,1,0
2086,0.9951997741070171,53.626879226142,1.084025450879,1,0
2087,0.9937879429620216,53.593289628951,1.084025450879,1,0
2088,0.9935055767330221,53.861086007612,1.084025450879,1,0
2089,0.9940703091910201,53.821852351732,1.084025450879,1,0
2090,0.9937879429620216,53.807085122722,1.084025450879,1,0
2091,0.9937879429620216,53.73935735401,1.084025450879,1,0
2092,0.9935055767330221,54.086343857985,1.084025450879,1,0
2093,0.9937879429620216,54.299900037272,1.084025450879,1,0
2094,0.9951997741070171,54.053664345328,1.084025450879,1,0
2095,0.9949174078780176,53.980505365412,1.084025450879,1,0
2096,0.9946350416490191,53.83681573613,1.084025450879,1,0
2097,0.9960468727940137,53.480384769916,1.084025450879,1,0
2098,0.9946350416490191,53.51173304126,1.084025450879,1,0
2099,0.9923761118170269,53.415287485036,1.084025450879,1,0
2100,0.9951997741070171,53.538518100502,1.084025450879,1,0
2101,0.9949174078780176,53.176497784381,1.084025450879,1,0
2102,0.9949174078780176,52.982506550674,1.084025450879,1,0
2103,0.9932232105040244,53.093902318773,1.084025450879,1,0
2104,0.9940703091910201,53.213026020149,1.084025450879,1,0
2105,0.9943526754200196,53.231140977821,1.084025450879,1,0
2106,0.9940703091910201,53.322163083589,1.084025450879,1,0
2107,0.9932232105040244,53.537342750194,1.084025450879,1,0
2108,0.9935055767330221,53.360088336035,1.084025450879,1,0
2109,0.9951997741070171,53.32887170601,1.084025450879,1,0
2110,0.9937879429620216,53.167500434463,1.084025450879,1,0
2111,0.9949174078780176,53.041228684259,1.084025450879,1,0
2112,0.9935055767330221,53.270960661422,1.084025450879,1,0
2113,0.9937879429620216,53.155254413448,1.084025450879,1,0
2114,0.9949174078780176,52.866306822644,1.084025450879,1,0
2115,0.9937879429620216,53.061566592503,1.084025450879,1,0
2116,0.9935055767330221,53.230859606757,1.084025450879,1,0
2117,0.9940703091910201,52.948066215947,1.084025450879,1,0
2118,0.9937879429620216,52.775546787688,1.084025450879,1,0
2119,0.9937879429620216,52.614568911907,1.084025450879,1,0
2120,0.9946350416490191,52.680225397466,1.084025450879,1,0
2121,0.9951997741070171,52.446317590149,1.084025450879,1,0
2122,0.9940703091910201,52.497746376345,1.084025450879,1,0
2123,0.9940703091910201,52.726269249753,1.084025450879,1,0
2124,0.9943526754200196,52.910946872,1.084025450879,1,0
2125,0.9949174078780176,52.628507967931,1.084025450879,1,0
2126,0.9946350416490191,52.696132237235,1.084025450879,1,0
2127,0.9932232105040244,52.724143162624,1.084025450879,1,0
2128,0.9951997741070171,52.454277054838,1.084025450879,1,0
2129,0.9940703091910201,52.54502640276,1.084025450879,1,0
2130,0.9954821403360157,52.282117953284,1.084025450879,1,0
2131,0.9963292390230132,52.006991399383,1.084025450879,1,0
2132,0.9935055767330221,52.055284370074,1.084025450879,1,0
2133,0.9943526754200196,52.074944170237,1.084025450879,1,0
2134,0.9960468727940137,52.019939477035,1.084025450879,1,0
2135,0.9951997741070171,51.426340403386,1.084025450879,1,0
2136,0.9943526754200196,51.531641599488,1.084025450879,1,0
2137,0.9949174078780176,51.37539699042,1.084025450879,1,0
2138,0.9929408442750249,52.034714514943,1.084025450879,1,0
2139,0.9937879429620216,51.773903305076,1.084025450879,1,0
2140,0.9935055767330221,52.01678797255,1.084025450879,1,0
2141,0.9946350416490191,51.743617696606,1.084025450879,1,0
2142,0.9943526754200196,51.716270821247,1.084025450879,1,0
2143,0.9943526754200196,51.573885262455,1.084025450879,1,0
2144,0.9951997741070171,51.354953216168,1.084025450879,1,0
2145,0.9949174078780176,51.197791069794,1.084025450879,1,0
2146,0.9943526754200196,51.458803033998,1.084025450879,1,0
2147,0.9960468727940137,50.771511761126,1.084025450879,1,0
2148,0.9943526754200196,50.810066974825,1.084025450879,1,0
2149,0.9946350416490191,50.574743565173,1.084025450879,1,0
2150,0.9943526754200196,51.008543291094,1.084025450879,1,0
2151,0.9937879429620216,50.83489846807,1.084025450879,1,0
2152,0.9943526754200196,50.650289572449,1.084025450879,1,0
2153,0.9960468727940137,50.494393205649,1.084025450879,1,0
2154,0.9957645065650143,50.008309408066,1.084025450879,1,0
2155,0.9940703091910201,50.198564151906,1.084025450879,1,0
2156,0.9937879429620216,50.151902715011,1.084025450879,1,0
2157,0.9946350416490191,50.044214989883,1.084025450879,1,0
2158,0.9951997741070171,50.017996971559,1.084025450879,1,0
2159,0.9951997741070171,50.045509717036,1.084025450879,1,0
2160,0.9949174078780176,49.834804392041,1.084025450879,1,0
2161,0.9940703091910201,50.144970513513,1.084025450879,1,0
2162,0.9932232105040244,50.221322019971,1.084025450879,1,0
2163,0.9937879429620216,50.211219632804,1.084025450879,1,0
2164,0.9932232105040244,50.588588241987,1.084025450879,1,0
2165,0.9946350416490191,50.549894266495,1.084025450879,1,0
2166,0.9949174078780176,50.382824186191,1.084025450879,1,0
2167,0.9943526754200196,50.391702128862,1.084025450879,1,0
2168,0.9943526754200196,50.306285808595,1.084025450879,1,0
2169,0.9935055767330221,50.531198664452,1.084025450879,1,0
2170,0.9937879429620216,50.348681550664,1.084025450879,1,0
2171,0.9923761118170269,50.612199559061,1.084025450879,1,0
2172,0.9951997741070171,50.245524111993,1.084025450879,1,0
2173,0.9929408442750249,50.66077728195,1.084025450879,1,0
2174,0.9949174078780176,50.561582845196,1.084025450879,1,0
2175,0.9949174078780176,50.632891061065,1.084025450879,1,0
2176,0.9949174078780176,50.311986820451,1.084025450879,1,0
2177,0.9960468727940137,50.190914213027,1.084025450879,1,0
2178,0.9940703091910201,50.266668993596,1.084025450879,1,0
2179,0.9932232105040244,50.462475381792,1.084025450879,1,0
2180,0.9957645065650143,49.7781800916,1.084025450879,1,0
2181,0.9949174078780176,49.799841690119,1.084025450879,1,0
2182,0.9946350416490191,49.574565791475,1.084025450879,1,0
2183,0.9951997741070171,49.418133315847,1.084025450879,1,0
2184,0.9935055767330221,49.655515821089,1.084025450879,1,0
2185,0.9957645065650143,49.529030893936,1.084025450879,1,0
2186,0.9949174078780176,49.485232623482,1.084025450879,1,0
2187,0.9951997741070171,49.32408743311,1.084025450879,1,0
2188,0.9949174078780176,49.208521550852,1.084025450879,1,0
2189,0.9949174078780176,49.418041850436,1.084025450879,1,0
2190,0.9943526754200196,49.108001053437,1.084025450879,1,0
2191,0.9943526754200196,48.89663695759,1.084025450879,1,0
2192,0.9943526754200196,49.144262356057,1.084025450879,1,0
2193,0.9946350416490191,49.012470118224,1.084025450879,1,0
2194,0.9946350416490191,48.860619298163,1.084025450879,1,0
2195,0.9935055767330221,49.330870989635,1.084025450879,1,0
2196,0.9935055767330221,49.579230950514,1.084025450879,1,0
2197,0.9954821403360157,49.42643982701,1.084025450879,1,0
2198,0.9937879429620216,49.592254816715,1.084025450879,1,0
2199,0.9935055767330221,49.649491129559,1.084025450879,1,0
2200,0.9943526754200196,49.900790480649,1.084025450879,1,0
2201,0.9935055767330221,50.274085032841,1.084025450879,1,0
2202,0.9937879429620216,50.083758707923,1.084025450879,1,0
2203,0.9946350416490191,49.867322898204,1.084025450879,1,0
2204,0.9937879429620216,50.075697134429,1.084025450879,1,0
2205,0.9935055767330221,49.920436383857,1.084025450879,1,0
2206,0.9943526754200196,49.941232616338,1.084025450879,1,0
2207,0.9926584780460255,50.088106344439,1.084025450879,1,0
2208,0.9940703091910201,50.617522995675,1.084025450879,1,0
2209,0.9937879429620216,50.899175868289,1.084025450879,1,0
2210,0.9949174078780176,50.814538244085,1.084025450879,1,0
2211,0.9951997741070171,50.766627710806,1.084025450879,1,0
2212,0.9946350416490191,51.224334383368,1.084025450879,1,0
2213,0.9935055767330221,50.764005166541,1.084025450879,1,0
2214,0.9929408442750249,51.136811351729,1.084025450879,1,0
2215,0.9929408442750249,51.140738706102,1.084025450879,1,0
2216,0.9935055767330221,51.52734105084,1.084025450879,1,0
2217,0.9943526754200196,51.661490892493,1.084025450879,1,0
2218,0.9940703091910201,51.743515427304,1.084025450879,1,0
2219,0.9935055767330221,52.004100291408,1.084025450879,1,0
2220,0.9951997741070171,51.850038657418,1.084025450879,1,0
2221,0.9943526754200196,51.693038841455,1.084025450879,1,0
2222,0.9943526754200196,52.108214764251,1.084025450879,1,0
2223,0.9940703091910201,52.183533148864,1.084025450879,1,0
2224,0.9943526754200196,52.183433877392,1.084025450879,1,0
2225,0.9943526754200196,51.947129408018,1.084025450879,1,0
2226,0.9946350416490191,51.68016418449,1.084025450879,1,0
2227,0.9929408442750249,52.060924967433,1.084025450879,1,0
2228,0.9937879429620216,51.747978335355,1.084025450879,1,0
2229,0.9940703091910201,52.116430585343,1.084025450879,1,0
2230,0.9937879429620216,52.117068434079,1.084025450879,1,0
2231,0.9940703091910201,52.355112188167,1.084025450879,1,0
2232,0.9946350416490191,52.090364251017,1.084025450879,1,0
2233,0.9946350416490191,52.05188859445,1.084025450879,1,0
2234,0.9929408442750249,52.047451201188,1.084025450879,1,0
2235,0.9935055767330221,52.053276088246,1.084025450879,1,0
2236,0.9935055767330221,52.331706589159,1.084025450879,1,0
2237,0.9935055767330221,52.19468445715,1.084025450879,1,0
2238,0.9923761118170269,52.597128005904,1.084025450879,1,0
2239,0.9929408442750249,52.867027564197,1.084025450879,1,0
2240,0.9937879429620216,53.153940262498,1.084025450879,1,0
2241,0.9929408442750249,53.55559128682,1.084025450879,1,0
2242,0.9937879429620216,53.458791040506,1.084025450879,1,0
2243,0.9951997741070171,53.493489293156,1.084025450879,1,0
2244,0.9943526754200196,53.400202634737,1.084025450879,1,0
2245,0.9929408442750249,53.850663773202,1.084025450879,1,0
2246,0.9940703091910201,54.093423035222,1.084025450879,1,0
2247,0.9943526754200196,53.936387333583,1.084025450879,1,0
2248,0.9963292390230132,53.500377891769,1.084025450879,1,0
2249,0.9943526754200196,53.914715488756,1.084025450879,1,0
2250,0.9940703091910201,53.692904830322,1.084025450879,1,0
2251,0.9932232105040244,54.048525735263,1.084025450879,1,0
2252,0.9954821403360157,53.901362963296,1.084025450879,1,0
2253,0.9929408442750249,54.544037164023,1.084025450879,1,0
2254,0.9946350416490191,54.262569177768,1.084025450879,1,0
2255,0.9940703091910201,54.566084216477,1.084025450879,1,0
2256,0.9937879429620216,54.308990405853,1.084025450879,1,0
2257,0.9943526754200196,54.58428201384,1.084025450879,1,0
2258,0.9935055767330221,54.685961605115,1.084025450879,1,0
2259,0.9937879429620216,54.477150339358,1.084025450879,1,0
2260,0.9929408442750249,54.476469440181,1.084025450879,1,0
2261,0.9935055767330221,54.874418655714,1.084025450879,1,0
2262,0.9940703091910201,54.941167430827,1.084025450879,1,0
2263,0.9940703091910201,54.736193560342,1.084025450879,1,0
2264,0.9937879429620216,54.858371830678,1.084025450879,1,0
2265,0.9932232105040244,54.907400536,1.084025450879,1,0
2266,0.9943526754200196,54.688424575748,1.084025450879,1,0
2267,0.9926584780460255,55.071941351264,1.084025450879,1,0
2268,0.9937879429620216,55.202270048598,1.084025450879,1,0
2269,0.9946350416490191,55.099949384855,1.084025450879,1,0
2270,0.9951997741070171,54.794835216658,1.084025450879,1,0
2271,0.9940703091910201,54.625595238039,1.084025450879,1,0
2272,0.9946350416490191,54.548198586303,1.084025450879,1,0
2273,0.9935055767330221,54.628018741917,1.084025450879,1,0
2274,0.9926584780460255,54.945878814662,1.084025450879,1,0
2275,0.9935055767330221,55.288848759944,1.084025450879,1,0
2276,0.9957645065650143,55.00904308344,1.084025450879,1,0
2277,0.9943526754200196,55.254923801989,1.084025450879,1,0
2278,0.9929408442750249,55.016360311265,1.084025450879,1,0
2279,0.9943526754200196,54.734700425095,1.084025450879,1,0
2280,0.9932232105040244,54.888703446991,1.084025450879,1,0
2281,0.9954821403360157,54.754110359211,1.084025450879,1,0
2282,0.9951997741070171,54.524607565629,1.084025450879,1,0
2283,0.9940703091910201,54.24005427032,1.084025450879,1,0
2284,0.9954821403360157,54.252022595898,1.084025450879,1,0
2285,0.9943526754200196,54.228279552231,1.084025450879,1,0
2286,0.9932232105040244,54.578834831475,1.084025450879,1,0
2287,0.9926584780460255,54.680574525342,1.084025450879,1,0
2288,0.9929408442750249,54.988121629084,1.084025450879,1,0
2289,0.9960468727940137,54.515665334998,1.084025450879,1,0
2290,0.9946350416490191,54.61023500567,1.084025450879,1,0
2291,0.9943526754200196,54.483790300875,1.084025450879,1,0
2292,0.9951997741070171,54.377365756846,1.084025450879,1,0
2293,0.9932232105040244,54.371803069308,1.084025450879,1,0
2294,0.9926584780460255,54.413980074159,1.084025450879,1,0
2295,0.9960468727940137,54.570638217481,1.084025450879,1,0
2296,0.9935055767330221,54.379363612871,1.084025450879,1,0
2297,0.9949174078780176,54.402060682481,1.084025450879,1,0
2298,0.9943526754200196,54.276506921788,1.084025450879,1,0
2299,0.9937879429620216,54.302901575517,1.084025450879,1,0
2300,0.9946350416490191,54.215004107181,1.084025450879,1,0
2301,0.9935055767330221,54.038963295574,1.084025450879,1,0
2302,0.9940703091910201,53.919920285856,1.084025450879,1,0
2303,0.9932232105040244,53.622889874742,1.084025450879,1,0
2304,0.9937879429620216,53.813110478623,1.084025450879,1,0
2305,0.9935055767330221,53.450338872898,1.084025450879,1,0
2306,0.9949174078780176,53.540373883518,1.084025450879,1,0
2307,0.9932232105040244,53.842254577727,1.084025450879,1,0
2308,0.9943526754200196,53.753133439188,1.084025450879,1,0
2309,0.9943526754200196,53.424165457571,1.084025450879,1,0
2310,0.9926584780460255,53.890110034021,1.084025450879,1,0
2311,0.9932232105040244,54.049194131632,1.084025450879,1,0
2312,0.9929408442750249,54.522179842495,1.084025450879,1,0
2313,0.9943526754200196,54.507496981866,1.084025450879,1,0
2314,0.9937879429620216,54.479705574349,1.084025450879,1,0
2315,0.9940703091910201,54.415593676814,1.084025450879,1,0
2316,0.9937879429620216,54.505143405653,1.084025450879,1,0
2317,0.9937879429620216,54.375105923446,1.084025450879,1,0
2318,0.9940703091910201,54.570226284688,1.084025450879,1,0
2319,0.9946350416490191,54.312124427582,1.084025450879,1,0
2320,0.9946350416490191,54.470552312323,1.084025450879,1,0
2321,0.9957645065650143,54.065688539768,1.084025450879,1,0
2322,0.9943526754200196,53.863910114115,1.084025450879,1,0
2323,0.9946350416490191,53.858680420417,1.084025450879,1,0
2324,0.9951997741070171,53.604344363891,1.084025450879,1,0
2325,0.9951997741070171,53.422869942263,1.084025450879,1,0
2326,0.9935055767330221,53.426152987539,1.084025450879,1,0
2327,0.9946350416490191,53.552545817408,1.084025450879,1,0
2328,0.9940703091910201,53.421233670149,1.084025450879,1,0
2329,0.9946350416490191,53.278769491197,1.084025450879,1,0
2330,0.9946350416490191,52.902413912864,1.084025450879,1,0
2331,0.9932232105040244,52.952562072766,1.084025450879,1,0
2332,0.9940703091910201,52.90442275549,1.084025450879,1,0
2333,0.9937879429620216,52.834487687109,1.084025450879,1,0
2334,0.9937879429620216,53.191911909878,1.084025450879,1,0
2335,0.9943526754200196,53.023040333067,1.084025450879,1,0
2336,0.9946350416490191,53.181569523531,1.084025450879,1,0
2337,0.9949174078780176,52.857553491838,1.084025450879,1,0
2338,0.9946350416490191,52.646189901015,1.084025450879,1,0
2339,0.9935055767330221,52.450065255524,1.084025450879,1,0
2340,0.9940703091910201,52.874217049723,1.084025450879,1,0
2341,0.9943526754200196,52.57603065155,1.084025450879,1,0
2342,0.9937879429620216,52.487440192326,1.084025450879,1,0
2343,0.9935055767330221,52.695986823914,1.084025450879,1,0
2344,0.9943526754200196,52.6825801442,1.084025450879,1,0
2345,0.9943526754200196,52.893285916979,1.084025450879,1,0
2346,0.9935055767330221,53.124358634182,1.084025450879,1,0
2347,0.9951997741070171,52.891707029345,1.084025450879,1,0
2348,0.9960468727940137,52.858364551466,1.084025450879,1,0
2349,0.9960468727940137,52.547964376296,1.084025450879,1,0
2350,0.9943526754200196,52.505443190201,1.084025450879,1,0
2351,0.9937879429620216,52.276668444523,1.084025450879,1,0
2352,0.9949174078780176,51.930456969167,1.084025450879,1,0
2353,0.9923761118170269,52.448209304911,1.084025450879,1,0
2354,0.9935055767330221,52.660692564352,1.084025450879,1,0
2355,0.9929408442750249,52.677464933972,1.084025450879,1,0
2356,0.9932232105040244,53.196950743168,1.084025450879,1,0
2357,0.9949174078780176,52.976092822441,1.084025450879,1,0
2358,0.9949174078780176,52.483127570568,1.084025450879,1,0
2359,0.9943526754200196,52.683277965104,1.084025450879,1,0
2360,0.9935055767330221,52.492223222285,1.084025450879,1,0
2361,0.9943526754200196,52.753977802919,1.084025450879,1,0
2362,0.9926584780460255,52.832010728276,1.084025450879,1,0
2363,0.9932232105040244,53.139003045851,1.084025450879,1,0
2364,0.9949174078780176,53.204890562163,1.084025450879,1,0
2365,0.9951997741070171,52.78823843864,1.084025450879,1,0
2366,0.9951997741070171,52.657821930303,1.084025450879,1,0
2367,0.9954821403360157,52.469852606931,1.084025450879,1,0
2368,0.9949174078780176,52.279091950179,1.084025450879,1,0
2369,0.9935055767330221,52.414364543047,1.084025450879,1,0
2370,0.9949174078780176,52.391257280599,1.084025450879,1,0
2371,0.9946350416490191,51.961590001572,1.084025450879,1,0
2372,0.9949174078780176,52.072142132669,1.084025450879,1,0
2373,0.9935055767330221,52.144847390551,1.084025450879,1,0
2374,0.9946350416490191,51.85616475888,1.084025450879,1,0
2375,0.9932232105040244,51.838538485143,1.084025450879,1,0
2376,0.9940703091910201,51.729527831543,1.084025450879,1,0
2377,0.9943526754200196,51.604834517766,1.084025450879,1,0
2378,0.9937879429620216,51.439092569149,1.084025450879,1,0
2379,0.9923761118170269,51.902161406223,1.084025450879,1,0
2380,0.9943526754200196,51.723004301381,1.084025450879,1,0
2381,0.9946350416490191,51.623783403625,1.084025450879,1,0
2382,0.9923761118170269,51.941961735182,1.084025450879,1,0
2383,0.9932232105040244,52.285477575744,1.084025450879,1,0
2384,0.9940703091910201,52.327460794494,1.084025450879,1,0
2385,0.9929408442750249,52.587727566588,1.084025450879,1,0
2386,0.9943526754200196,52.599062330578,1.084025450879,1,0
2387,0.9935055767330221,52.956013172796,1.084025450879,1,0
2388,0.9957645065650143,52.948833779954,1.084025450879,1,0
2389,0.9923761118170269,53.222506736093,1.084025450879,1,0
2390,0.9943526754200196,52.941463087886,1.084025450879,1,0
2391,0.9935055767330221,53.625028023745,1.084025450879,1,0
2392,0.9946350416490191,53.319992228738,1.084025450879,1,0
2393,0.9946350416490191,53.420406756496,1.084025450879,1,0
2394,0.9943526754200196,53.323966583761,1.084025450879,1,0
2395,0.9923761118170269,53.526063464629,1.084025450879,1,0
2396,0.9946350416490191,53.482698148167,1.084025450879,1,0
2397,0.9937879429620216,53.439760511375,1.084025450879,1,0
2398,0.9954821403360157,53.091900902172,1.084025450879,1,0
2399,0.9946350416490191,52.990632301208,1.084025450879,1,0
2400,0.9943526754200196,52.939325993514,1.084025450879,1,0
2401,0.9940703091910201,53.261623106719,1.084025450879,1,0
2402,0.9940703091910201,53.338527742172,1.084025450879,1,0
2403,0.9943526754200196,53.238720212562,1.084025450879,1,0
2404,0.9949174078780176,53.081373366628,1.084025450879,1,0
2405,0.9946350416490191,52.913822228575,1.084025450879,1,0
2406,0.9937879429620216,52.862217710283,1.084025450879,1,0
2407,0.9935055767330221,52.814661838375,1.084025450879,1,0
2408,0.9949174078780176,52.798856976694,1.084025450879,1,0
2409,0.9937879429620216,52.961654249709,1.084025450879,1,0
2410,0.9935055767330221,52.832287411964,1.084025450879,1,0
2411,0.9966116052520118,52.823023639522,1.084025450879,1,0
2412,0.9949174078780176,52.794247013498,1.084025450879,1,0
2413,0.9954821403360157,53.044625331437,1.084025450879,1,0
2414,0.9937879429620216,53.111186146805,1.084025450879,1,0
2415,0.9954821403360157,52.770712063996,1.084025450879,1,0
2416,0.9932232105040244,53.02113192789,1.084025450879,1,0
2417,0.9943526754200196,52.867843950684,1.084025450879,1,0
2418,0.9943526754200196,52.648566196276,1.084025450879,1,0
2419,0.9937879429620216,52.534193658249,1.084025450879,1,0
2420,0.9954821403360157,52.145045367873,1.084025450879,1,0
2421,0.9946350416490191,52.332415088133,1.084025450879,1,0
2422,0.9937879429620216,52.555858195145,1.084025450879,1,0
2423,0.9940703091910201,52.309604246852,1.084025450879,1,0
2424,0.9929408442750249,52.26458354973,1.084025450879,1,0
2425,0.9946350416490191,52.431310555121,1.084025450879,1,0
2426,0.9943526754200196,52.376119174624,1.084025450879,1,0
2427,0.9940703091910201,52.189405064315,1.084025450879,1,0
2428,0.9954821403360157,52.178873689411,1.084025450879,1,0
2429,0.9940703091910201,52.304609579559,1.084025450879,1,0
2430,0.9943526754200196,52.211685055705,1.084025450879,1,0
2431,0.9940703091910201,52.454551848978,1.084025450879,1,0
2432,0.9929408442750249,52.62432634328,1.084025450879,1,0
2433,0.9949174078780176,52.909081149838,1.084025450879,1,0
2434,0.9937879429620216,52.85778913375,1.084025450879,1,0
2435,0.9940703091910201,52.892950182183,1.084025450879,1,0
2436,0.9940703091910201,52.941871753622,1.084025450879,1,0
2437,0.9940703091910201,52.997339412511,1.084025450879,1,0
2438,0.9949174078780176,52.849770326633,1.084025450879,1,0
2439,0.9946350416490191,52.499915837704,1.084025450879,1,0
2440,0.9940703091910201,52.865677702376,1.084025450879,1,0
2441,0.9940703091910201,52.690178250698,1.084025450879,1,0
2442,0.9937879429620216,52.814077152924,1.084025450879,1,0
2443,0.9949174078780176,52.292487260955,1.084025450879,1,0
2444,0.9943526754200196,52.196022855672,1.084025450879,1,0
2445,0.9943526754200196,52.136318388786,1.084025450879,1,0
2446,0.9937879429620216,52.017088176623,1.084025450879,1,0
2447,0.9951997741070171,51.532801031708,1.084025450879,1,0
2448,0.9943526754200196,51.780672513744,1.084025450879,1,0
2449,0.9968939714810112,51.213811085684,1.084025450879,1,0
2450,0.9951997741070171,51.085441238441,1.084025450879,1,0
2451,0.9957645065650143,50.577947503638,1.084025450879,1,0
2452,0.9940703091910201,50.830545232006,1.084025450879,1,0
2453,0.9935055767330221,50.57457949817,1.084025450879,1,0
2454,0.9946350416490191,50.551440500646,1.084025450879,1,0
2455,0.9937879429620216,50.7306200852,1.084025450879,1,0
2456,0.9943526754200196,50.438824763085,1.084025450879,1,0
2457,0.9943526754200196,50.490558512399,1.084025450879,1,0
2458,0.9943526754200196,50.718658167867,1.084025450879,1,0
2459,0.9940703091910201,50.385969048281,1.084025450879,1,0
2460,0.9935055767330221,50.522107579695,1.084025450879,1,0
2461,0.9954821403360157,50.062768832242,1.084025450879,1,0
2462,0.9932232105040244,50.729434747306,1.084025450879,1,0
2463,0.9940703091910201,50.833024604011,1.084025450879,1,0
2464,0.9929408442750249,50.797991223669,1.084025450879,1,0
2465,0.9951997741070171,50.757066196991,1.084025450879,1,0
2466,0.9946350416490191,50.686244632161,1.084025450879,1,0
2467,0.9926584780460255,51.180356708162,1.084025450879,1,0
2468,0.9932232105040244,51.234289212538,1.084025450879,1,0
2469,0.9937879429620216,51.284414413797,1.084025450879,1,0
2470,0.9935055767330221,51.64378707417,1.084025450879,1,0
2471,0.9937879429620216,51.40961985922,1.084025450879,1,0
2472,0.9937879429620216,51.974045431383,1.084025450879,1,0
2473,0.9943526754200196,51.454057125563,1.084025450879,1,0
2474,0.9935055767330221,52.069535755753,1.084025450879,1,0
2475,0.9935055767330221,52.049811873392,1.084025450879,1,0
2476,0.9940703091910201,52.214846045574,1.084025450879,1,0
2477,0.9937879429620216,52.373696106521,1.084025450879,1,0
2478,0.9926584780460255,52.746206275688,1.084025450879,1,0
2479,0.9949174078780176,52.542027649377,1.084025450879,1,0
2480,0.9937879429620216,52.706630598862,1.084025450879,1,0
2481,0.9937879429620216,52.684084775306,1.084025450879,1,0
2482,0.9935055767330221,52.764895900362,1.084025450879,1,0
2483,0.9951997741070171,52.605100216162,1.084025450879,1,0
2484,0.9937879429620216,52.867758439257,1.084025450879,1,0
2485,0.9926584780460255,52.987795835918,1.084025450879,1,0
2486,0.9949174078780176,53.090898295005,1.084025450879,1,0
2487,0.9943526754200196,52.830335980098,1.084025450879,1,0
2488,0.9943526754200196,52.687951208639,1.084025450879,1,0
2489,0.9949174078780176,52.674610372503,1.084025450879,1,0
2490,0.9926584780460255,52.810982919095,1.084025450879,1,0
2491,0.9937879429620216,52.864181426876,1.084025450879,1,0
2492,0.9949174078780176,52.865283903986,1.084025450879,1,0
2493,0.9946350416490191,52.757704706819,1.084025450879,1,0
2494,0.9957645065650143,52.552750636491,1.084025450879,1,0
2495,0.9946350416490191,52.657483404843,1.084025450879,1,0
2496,0.9946350416490191,52.442953584117,1.084025450879,1,0
2497,0.9940703091910201,52.424186928772,1.084025450879,1,0
2498,0.9946350416490191,52.278174834038,1.084025450879,1,0
2499,0.9949174078780176,52.247936653327,1.084025450879,1,0
2500,0.9940703091910201,52.174225954986,1.084025450879,1,0
2501,0.9932232105040244,52.48706102698,1.084025450879,1,0
2502,0.9937879429620216,52.460544387158,1.084025450879,1,0
2503,0.9954821403360157,52.324124678323,1.084025450879,1,0
2504,0.9946350416490191,52.51435291871,1.084025450879,1,0
2505,0.9937879429620216,52.216483756255,1.084025450879,1,0
2506,0.9937879429620216,52.269867893726,1.084025450879,1,0
2507,0.9940703091910201,52.283665631442,1.084025450879,1,0
2508,0.9949174078780176,52.367290354292,1.084025450879,1,0
2509,0.9957645065650143,52.249361632765,1.084025450879,1,0
2510,0.9946350416490191,52.018859855128,1.084025450879,1,0
2511,0.9929408442750249,52.260046658002,1.084025450879,1,0
2512,0.9951997741070171,52.175152163563,1.084025450879,1,0
2513,0.9951997741070171,52.413681267735,1.084025450879,1,0
2514,0.9926584780460255,52.770189841936,1.084025450879,1,0
2515,0.9946350416490191,53.109805532693,1.084025450879,1,0
2516,0.9926584780460255,53.410808158461,1.084025450879,1,0
2517,0.9946350416490191,53.165692554373,1.084025450879,1,0
2518,0.9943526754200196,53.103830369498,1.084025450879,1,0
2519,0.9949174078780176,53.010058303377,1.084025450879,1,0
2520,0.9954821403360157,52.918143236882,1.084025450879,1,0
2521,0.9929408442750249,53.15213098788,1.084025450879,1,0
2522,0.9951997741070171,52.756040664151,1.084025450879,1,0
2523,0.9937879429620216,53.064281583784,1.084025450879,1,0
2524,0.9937879429620216,53.141487997938,1.084025450879,1,0
2525,0.9946350416490191,53.069529663299,1.084025450879,1,0
2526,0.9940703091910201,52.711855459105,1.084025450879,1,0
2527,0.9940703091910201,52.938602172314,1.084025450879,1,0
2528,0.9943526754200196,52.550127884353,1.084025450879,1,0
2529,0.9940703091910201,52.856608180098,1.084025450879,1,0
2530,0.9929408442750249,52.824305113118,1.084025450879,1,0
2531,0.9935055767330221,53.135409162411,1.084025450879,1,0
2532,0.9946350416490191,52.837814908012,1.084025450879,1,0
2533,0.9940703091910201,52.714733205597,1.084025450879,1,0
2534,0.9937879429620216,52.556099883284,1.084025450879,1,0
2535,0.9932232105040244,52.655878639129,1.084025450879,1,0
2536,0.9943526754200196,52.59307862503,1.084025450879,1,0
2537,0.9943526754200196,52.605031420299,1.084025450879,1,0
2538,0.9954821403360157,52.477433572582,1.084025450879,1,0
2539,0.9946350416490191,52.210469513927,1.084025450879,1,0
2540,0.9940703091910201,52.379462804019,1.084025450879,1,0
2541,0.9932232105040244,52.24606758691,1.084025450879,1,0
2542,0.9943526754200196,52.215844167546,1.084025450879,1,0
2543,0.9935055767330221,52.112492498998,1.084025450879,1,0
2544,0.9937879429620216,52.401026927166,1.084025450879,1,0
2545,0.9943526754200196,52.120348514868,1.084025450879,1,0
2546,0.9937879429620216,51.924578587234,1.084025450879,1,0
2547,0.9949174078780176,52.181373298261,1.084025450879,1,0
2548,0.9951997741070171,52.050451149774,1.084025450879,1,0
2549,0.9949174078780176,51.628899406639,1.084025450879,1,0
2550,0.9946350416490191,51.663352418092,1.084025450879,1,0
2551,0.9929408442750249,51.598045253515,1.084025450879,1,0
2552,0.9940703091910201,51.907290576844,1.084025450879,1,0
2553,0.9940703091910201,52.093728725366,1.084025450879,1,0
2554,0.9943526754200196,51.810078028045,1.084025450879,1,0
2555,0.9943526754200196,51.648792089364,1.084025450879,1,0
2556,0.9957645065650143,51.678995198839,1.084025450879,1,0
2557,0.9946350416490191,51.593914768778,1.084025450879,1,0
2558,0.9943526754200196,51.642302258505,1.084025450879,1,0
2559,0.9935055767330221,51.830590720027,1.084025450879,1,0
2560,0.9937879429620216,52.064870850564,1.084025450879,1,0
2561,0.9946350416490191,51.806097860959,1.084025450879,1,0
2562,0.9943526754200196,51.798382866466,1.084025450879,1,0
2563,0.9946350416490191,51.903627206155,1.084025450879,1,0
2564,0.9929408442750249,52.285735087543,1.084025450879,1,0
2565,0.9937879429620216,52.113248584915,1.084025450879,1,0
2566,0.9932232105040244,52.273594202811,1.084025450879,1,0
2567,0.9923761118170269,52.822557248118,1.084025450879,1,0
2568,0.9940703091910201,52.827620268849,1.084025450879,1,0
2569,0.9935055767330221,52.747983143589,1.084025450879,1,0
2570,0.9949174078780176,52.849343684806,1.084025450879,1,0
2571,0.9937879429620216,52.607729964506,1.084025450879,1,0
2572,0.9932232105040244,53.114674178106,1.084025450879,1,0
2573,0.9929408442750249,53.317227284319,1.084025450879,1,0
2574,0.9943526754200196,53.732543883432,1.084025450879,1,0
2575,0.9957645065650143,53.016043392206,1.084025450879,1,0
2576,0.9935055767330221,53.276913432371,1.084025450879,1,0
2577,0.9932232105040244,53.500119145181,1.084025450879,1,0
2578,0.9940703091910201,53.461379450628,1.084025450879,1,0
2579,0.9935055767330221,53.4324327583,1.084025450879,1,0
2580,0.9940703091910201,53.273837538488,1.084025450879,1,0
2581,0.9949174078780176,53.384601550065,1.084025450879,1,0
2582,0.9932232105040244,53.743824782647,1.084025450879,1,0
2583,0.9946350416490191,53.569892902359,1.084025450879,1,0
2584,0.9935055767330221,53.819349859671,1.084025450879,1,0
2585,0.9943526754200196,53.640387050113,1.084025450879,1,0
2586,0.9932232105040244,53.90142063418,1.084025450879,1,0
2587,0.9923761118170269,53.847529541324,1.084025450879,1,0
2588,0.9949174078780176,53.583560150085,1.084025450879,1,0
2589,0.9943526754200196,53.822533696553,1.084025450879,1,0
2590,0.9929408442750249,53.955170230411,1.084025450879,1,0
2591,0.9937879429620216,54.21050039153,1.084025450879,1,0
2592,0.9937879429620216,54.275444116542,1.084025450879,1,0
2593,0.9940703091910201,54.222035636196,1.084025450879,1,0
2594,0.9937879429620216,53.907346315274,1.084025450879,1,0
2595,0.9929408442750249,54.206331479317,1.084025450879,1,0
2596,0.9935055767330221,54.129868151078,1.084025450879,1,0
2597,0.9932232105040244,54.419778953846,1.084025450879,1,0
2598,0.9946350416490191,54.214770032908,1.084025450879,1,0
2599,0.9940703091910201,54.223958780016,1.084025450879,1,0
2600,0.9929408442750249,54.40072425931,1.084025450879,1,0
2601,0.9943526754200196,54.517421533871,1.084025450879,1,0
2602,0.9935055767330221,54.667045356042,1.084025450879,1,0
2603,0.9946350416490191,54.824737066864,1.084025450879,1,0
2604,0.9943526754200196,54.780757153581,1.084025450879,1,0
2605,0.9949174078780176,54.505207655875,1.084025450879,1,0
2606,0.9935055767330221,54.829038806731,1.084025450879,1,0
2607,0.9949174078780176,54.285895607493,1.084025450879,1,0
2608,0.9954821403360157,54.197191932646,1.084025450879,1,0
2609,0.9929408442750249,54.476088373964,1.084025450879,1,0
2610,0.9943526754200196,54.206432534354,1.084025450879,1,0
2611,0.9940703091910201,54.435244307204,1.084025450879,1,0
2612,0.9937879429620216,54.719911932569,1.084025450879,1,0
2613,0.9951997741070171,54.403342980346,1.084025450879,1,0
2614,0.9940703091910201,54.521157650407,1.084025450879,1,0
2615,0.9943526754200196,54.2122141609,1.084025450879,1,0
2616,0.9946350416490191,54.322083916241,1.084025450879,1,0
2617,0.9949174078780176,54.245882529888,1.084025450879,1,0
2618,0.9932232105040244,54.275825590414,1.084025450879,1,0
2619,0.9935055767330221,54.41742747728,1.084025450879,1,0
2620,0.9946350416490191,54.512369804894,1.084025450879,1,0
2621,0.9940703091910201,54.482815116597,1.084025450879,1,0
2622,0.9932232105040244,54.660074545686,1.084025450879,1,0
2623,0.9937879429620216,54.673134835414,1.084025450879,1,0
2624,0.9937879429620216,54.919090416657,1.084025450879,1,0
2625,0.9946350416490191,54.800794603156,1.084025450879,1,0
2626,0.9937879429620216,54.816319987522,1.084025450879,1,0
2627,0.9949174078780176,54.8284127562,1.084025450879,1,0
2628,0.9932232105040244,54.653995875803,1.084025450879,1,0
2629,0.9954821403360157,54.6082783888,1.084025450879,1,0
2630,0.9937879429620216,54.494934946531,1.084025450879,1,0
2631,0.9951997741070171,54.00759104879,1.084025450879,1,0
2632,0.9929408442750249,54.179610020455,1.084025450879,1,0
2633,0.9949174078780176,54.060539130953,1.084025450879,1,0
2634,0.9949174078780176,53.938395085173,1.084025450879,1,0
2635,0.9943526754200196,53.96541521296,1.084025450879,1,0
2636,0.9932232105040244,53.994479382438,1.084025450879,1,0
2637,0.9935055767330221,53.92624801466,1.084025450879,1,0
2638,0.9935055767330221,53.974926055067,1.084025450879,1,0
2639,0.9946350416490191,54.037117406239,1.084025450879,1,0
2640,0.9929408442750249,54.175168821793,1.084025450879,1,0
2641,0.9951997741070171,53.694212165909,1.084025450879,1,0
2642,0.9943526754200196,53.83283958759,1.084025450879,1,0
2643,0.9923761118170269,54.171809881474,1.084025450879,1,0
2644,0.9946350416490191,53.906865840102,1.084025450879,1,0
2645,0.9946350416490191,54.130129239526,1.084025450879,1,0
2646,0.9937879429620216,53.736484990972,1.084025450879,1,0
2647,0.9937879429620216,54.16937139423,1.084025450879,1,0
2648,0.9920937455880274,54.242444276554,1.084025450879,1,0
2649,0.9946350416490191,54.030036175661,1.084025450879,1,0
2650,0.9940703091910201,54.24293230984,1.084025450879,1,0
2651,0.9935055767330221,53.890587904434,1.084025450879,1,0
2652,0.9940703091910201,54.304618604598,1.084025450879,1,0
2653,0.9949174078780176,54.010634880698,1.084025450879,1,0
2654,0.9940703091910201,53.867224678469,1.084025450879,1,0
2655,0.9926584780460255,54.046302261422,1.084025450879,1,0
2656,0.9937879429620216,54.106278444039,1.084025450879,1,0
2657,0.9935055767330221,54.229635843202,1.084025450879,1,0
2658,0.9937879429620216,54.173847867072,1.084025450879,1,0
2659,0.9949174078780176,53.771627918184,1.084025450879,1,0
2660,0.9932232105040244,54.041544305697,1.084025450879,1,0
2661,0.9954821403360157,53.64544045353,1.084025450879,1,0
2662,0.9935055767330221,53.929613170577,1.084025450879,1,0
2663,0.9940703091910201,53.728587419385,1.084025450879,1,0
2664,0.9929408442750249,53.747067209435,1.084025450879,1,0
2665,0.9946350416490191,53.836018632571,1.084025450879,1,0
2666,0.9923761118170269,53.73417146456,1.084025450879,1,0
2667,0.9935055767330221,53.992200817671,1.084025450879,1,0
2668,0.9932232105040244,54.16691141711,1.084025450879,1,0
2669,0.9923761118170269,54.620315698732,1.084025450879,1,0
2670,0.9946350416490191,54.651944769876,1.084025450879,1,0
2671,0.9937879429620216,54.786641207486,1.084025450879,1,0
2672,0.9946350416490191,54.754490433167,1.084025450879,1,0
2673,0.9937879429620216,54.601660107589,1.084025450879,1,0
2674,0.9949174078780176,54.581191602351,1.084025450879,1,0
2675,0.9949174078780176,54.469035658364,1.084025450879,1,0
2676,0.9940703091910201,54.343515616246,1.084025450879,1,0
2677,0.9951997741070171,54.424791642538,1.084025450879,1,0
2678,0.9932232105040244,54.339485483708,1.084025450879,1,0
2679,0.9935055767330221,54.662196038821,1.084025450879,1,0
2680,0.9946350416490191,54.620588502497,1.084025450879,1,0
2681,0.9946350416490191,54.812544750991,1.084025450879,1,0
2682,0.9932232105040244,54.740404493051,1.084025450879,1,0
2683,0.9954821403360157,54.394108714973,1.084025450879,1,0
2684,0.9926584780460255,54.696937141906,1.084025450879,1,0
2685,0.9940703091910201,54.640592865732,1.084025450879,1,0
2686,0.9946350416490191,54.426497829904,1.084025450879,1,0
2687,0.9940703091910201,54.301619861474,1.084025450879,1,0
2688,0.9935055767330221,54.796273668612,1.084025450879,1,0
2689,0.9946350416490191,54.588626768982,1.084025450879,1,0
2690,0.9920937455880274,54.924574277842,1.084025450879,1,0
2691,0.9949174078780176,54.90475750512,1.084025450879,1,0
2692,0.9932232105040244,54.665475481624,1.084025450879,1,0
2693,0.9937879429620216,54.827256901797,1.084025450879,1,0
2694,0.9951997741070171,54.626653016087,1.084025450879,1,0
2695,0.9949174078780176,54.72470522539,1.084025450879,1,0
2696,0.9940703091910201,54.620272609262,1.084025450879,1,0
2697,0.9943526754200196,54.730094583068,1.084025450879,1,0
2698,0.9946350416490191,54.488896123524,1.084025450879,1,0
2699,0.9943526754200196,54.649916831711,1.084025450879,1,0
2700,0.9920937455880274,54.924981251447,1.084025450879,1,0
2701,0.9935055767330221,54.910464652644,1.084025450879,1,0
2702,0.9937879429620216,54.991954609318,1.084025450879,1,0
2703,0.9951997741070171,54.928514729739,1.084025450879,1,0
2704,0.9949174078780176,54.676246789925,1.084025450879,1,0
2705,0.9943526754200196,54.780861969956,1.084025450879,1,0
2706,0.9932232105040244,54.964171111786,1.084025450879,1,0
2707,0.9935055767330221,54.629916408813,1.084025450879,1,0
2708,0.9923761118170269,55.03865068195,1.084025450879,1,0
2709,0.9943526754200196,55.211745269169,1.084025450879,1,0
2710,0.9940703091910201,55.166934377736,1.084025450879,1,0
2711,0.9937879429620216,54.921062713787,1.084025450879,1,0
2712,0.9937879429620216,54.586053742016,1.084025450879,1,0
2713,0.9946350416490191,54.618730287751,1.084025450879,1,0
2714,0.9951997741070171,54.612443846908,1.084025450879,1,0
2715,0.9929408442750249,54.442575460105,1.084025450879,1,0
2716,0.9946350416490191,54.42412895895,1.084025450879,1,0
2717,0.9929408442750249,54.981146740652,1.084025450879,1,0
2718,0.9932232105040244,54.899113464261,1.084025450879,1,0
2719,0.9935055767330221,54.821067787957,1.084025450879,1,0
2720,0.9932232105040244,55.060989232744,1.084025450879,1,0
2721,0.991811379359028,55.117758615675,1.084025450879,1,0
2722,0.9951997741070171,54.923595345519,1.084025450879,1,0
2723,0.9940703091910201,55.201045422573,1.084025450879,1,0
2724,0.9932232105040244,55.150484751713,1.084025450879,1,0
2725,0.9923761118170269,55.842734454676,1.084025450879,1,0
2726,0.9940703091910201,55.634367632776,1.084025450879,1,0
2727,0.9932232105040244,55.833697367333,1.084025450879,1,0
2728,0.9935055767330221,55.588898687728,1.084025450879,1,0
2729,0.9940703091910201,55.802033476884,1.084025450879,1,0
2730,0.9940703091910201,55.211144162006,1.084025450879,1,0
2731,0.9937879429620216,55.370174980303,1.084025450879,1,0
2732,0.9943526754200196,55.238547440569,1.084025450879,1,0
2733,0.9940703091910201,55.060616612017,1.084025450879,1,0
2734,0.9937879429620216,55.230189254729,1.084025450879,1,0
2735,0.9949174078780176,54.963157662755,1.084025450879,1,0
2736,0.9940703091910201,54.901154339898,1.084025450879,1,0
2737,0.9926584780460255,55.078566003647,1.084025450879,1,0
2738,0.9943526754200196,55.297453817921,1.084025450879,1,0
2739,0.9929408442750249,55.423872864221,1.084025450879,1,0
2740,0.9940703091910201,55.388918643005,1.084025450879,1,0
2741,0.9951997741070171,55.541898347335,1.084025450879,1,0
2742,0.9951997741070171,55.353288759885,1.084025450879,1,0
2743,0.9949174078780176,54.927758131584,1.084025450879,1,0
2744,0.9935055767330221,55.19444807539,1.084025450879,1,0
2745,0.9937879429620216,54.941405867458,1.084025450879,1,0
2746,0.9932232105040244,55.166771389246,1.084025450879,1,0
2747,0.9943526754200196,55.207619112293,1.084025450879,1,0
2748,0.9932232105040244,55.398933476123,1.084025450879,1,0
2749,0.9935055767330221,55.354154228235,1.084025450879,1,0
2750,0.9923761118170269,55.774341557222,1.084025450879,1,0
2751,0.9943526754200196,55.736154577245,1.084025450879,1,0
2752,0.9949174078780176,55.655280902209,1.084025450879,1,0
2753,0.991811379359028,55.729491860825,1.084025450879,1,0
2754,0.9946350416490191,55.544272037708,1.084025450879,1,0
2755,0.9949174078780176,55.572423972777,1.084025450879,1,0
2756,0.9920937455880274,55.808846550852,1.084025450879,1,0
2757,0.9937879429620216,55.775694442928,1.084025450879,1,0
2758,0.9937879429620216,56.093544124077,1.084025450879,1,0
2759,0.9940703091910201,56.215558637356,1.084025450879,1,0
2760,0.9940703091910201,56.069018529669,1.084025450879,1,0
2761,0.9943526754200196,56.074614159933,1.084025450879,1,0
2762,0.9940703091910201,56.20565361828,1.084025450879,1,0
2763,0.9943526754200196,56.19051669059,1.084025450879,1,0
2764,0.9915290131300294,56.274980329648,1.084025450879,1,0
2765,0.9951997741070171,55.920139587076,1.084025450879,1,0
2766,0.9929408442750249,56.454045122337,1.084025450879,1,0
2767,0.9932232105040244,56.420586642404,1.084025450879,1,0
2768,0.9943526754200196,56.823169496086,1.084025450879,1,0
2769,0.9935055767330221,56.735399323271,1.084025450879,1,0
2770,0.9943526754200196,56.699175639164,1.084025450879,1,0
2771,0.9943526754200196,56.355009448845,1.084025450879,1,0
2772,0.9940703091910201,56.244025531371,1.084025450879,1,0
2773,0.9926584780460255,56.2938340266,1.084025450879,1,0
2774,0.9937879429620216,56.29547250131,1.084025450879,1,0
2775,0.9935055767330221,56.476278380806,1.084025450879,1,0
2776,0.9946350416490191,56.428800401207,1.084025450879,1,0
2777,0.9937879429620216,56.502172985679,1.084025450879,1,0
2778,0.9946350416490191,56.355871868611,1.084025450879,1,0
2779,0.9929408442750249,56.418949040608,1.084025450879,1,0
2780,0.9951997741070171,56.421450965385,1.084025450879,1,0
2781,0.9935055767330221,56.30901519207,1.084025450879,1,0
2782,0.9937879429620216,56.079204041531,1.084025450879,1,0
2783,0.9940703091910201,56.301749729689,1.084025450879,1,0
2784,0.9940703091910201,55.848409983413,1.084025450879,1,0
2785,0.9937879429620216,55.567813988358,1.084025450879,1,0
2786,0.9929408442750249,56.134758558059,1.084025450879,1,0
2787,0.9926584780460255,56.24488294234,1.084025450879,1,0
2788,0.9940703091910201,56.225846664098,1.084025450879,1,0
2789,0.9943526754200196,55.783999996419,1.084025450879,1,0
2790,0.9946350416490191,55.716629850401,1.084025450879,1,0
2791,0.9946350416490191,55.419947081938,1.084025450879,1,0
2792,0.9932232105040244,55.669034324234,1.084025450879,1,0
2793,0.9935055767330221,55.402488579865,1.084025450879,1,0
2794,0.9935055767330221,55.713083151063,1.084025450879,1,0
2795,0.9949174078780176,55.377272837366,1.084025450879,1,0
2796,0.9929408442750249,55.837200979808,1.084025450879,1,0
2797,0.9943526754200196,55.787414013065,1.084025450879,1,0
2798,0.9951997741070171,55.599465994887,1.084025450879,1,0
2799,0.9929408442750249,56.067036418457,1.084025450879,1,0
2800,0.9932232105040244,56.02280459298,1.084025450879,1,0
2801,0.9960468727940137,55.426213101623,1.084025450879,1,0
2802,0.9932232105040244,55.757173162735,1.084025450879,1,0
2803,0.9929408442750249,55.65013560681,1.084025450879,1,0
2804,0.9937879429620216,55.869548461353,1.084025450879,1,0
2805,0.9935055767330221,55.860504251444,1.084025450879,1,0
2806,0.9926584780460255,56.356976103395,1.084025450879,1,0
2807,0.9943526754200196,56.505231670271,1.084025450879,1,0
2808,0.9946350416490191,56.152201529498,1.084025450879,1,0
2809,0.9940703091910201,56.195913415904,1.084025450879,1,0
2810,0.9935055767330221,56.188652908409,1.084025450879,1,0
2811,0.9932232105040244,56.051302300449,1.084025450879,1,0
2812,0.9929408442750249,56.163796495959,1.084025450879,1,0
2813,0.9940703091910201,56.29239420041,1.084025450879,1,0
2814,0.9940703091910201,56.037320968299,1.084025450879,1,0
2815,0.9943526754200196,56.122732034617,1.084025450879,1,0
2816,0.9943526754200196,55.871279783646,1.084025450879,1,0
2817,0.9940703091910201,55.726548821973,1.084025450879,1,0
2818,0.9932232105040244,55.981995667384,1.084025450879,1,0
2819,0.9940703091910201,56.154066681863,1.084025450879,1,0
2820,0.9946350416490191,55.715573892133,1.084025450879,1,0
2821,0.9951997741070171,55.236083660085,1.084025450879,1,0
2822,0.9937879429620216,55.634293948902,1.084025450879,1,0
2823,0.9932232105040244,55.371518130525,1.084025450879,1,0
2824,0.9951997741070171,55.628015173489,1.084025450879,1,0
2825,0.9935055767330221,55.321402700516,1.084025450879,1,0
2826,0.9940703091910201,55.768083157173,1.084025450879,1,0
2827,0.9937879429620216,55.72743438932,1.084025450879,1,0
2828,0.9935055767330221,55.185527087742,1.084025450879,1,0
2829,0.9937879429620216,55.398934353528,1.084025450879,1,0
2830,0.9943526754200196,55.288916072159,1.084025450879,1,0
2831,0.9946350416490191,54.957427514006,1.084025450879,1,0
2832,0.9929408442750249,55.195831146118,1.084025450879,1,0
2833,0.9929408442750249,55.17782039194,1.084025450879,1,0
2834,0.9954821403360157,54.945010227103,1.084025450879,1,0
2835,0.9932232105040244,55.250356270524,1.084025450879,1,0
2836,0.9932232105040244,55.266518715525,1.084025450879,1,0
2837,0.9940703091910201,55.573847563284,1.084025450879,1,0
2838,0.9943526754200196,55.39159891947,1.084025450879,1,0
2839,0.9937879429620216,55.098815416191,1.084025450879,1,0
2840,0.9926584780460255,55.1983029454,1.084025450879,1,0
2841,0.9940703091910201,55.198173547953,1.084025450879,1,0
2842,0.9940703091910201,55.266635146003,1.084025450879,1,0
2843,0.9943526754200196,55.178467633406,1.084025450879,1,0
2844,0.9949174078780176,55.234790502594,1.084025450879,1,0
2845,0.9923761118170269,55.820860491557,1.084025450879,1,0
2846,0.9937879429620216,55.543110277612,1.084025450879,1,0
2847,0.9951997741070171,55.40183476628,1.084025450879,1,0
2848,0.9929408442750249,55.352124346631,1.084025450879,1,0
2849,0.9937879429620216,55.519258335142,1.084025450879,1,0
2850,0.9949174078780176,55.240532080654,1.084025450879,1,0
2851,0.9943526754200196,54.97277204446,1.084025450879,1,0
2852,0.9926584780460255,55.269285247698,1.084025450879,1,0
2853,0.9937879429620216,55.195125021619,1.084025450879,1,0
2854,0.9940703091910201,55.458357686339,1.084025450879,1,0
2855,0.9946350416490191,55.352669731313,1.084025450879,1,0
2856,0.9946350416490191,55.19374546393,1.084025450879,1,0
2857,0.9943526754200196,54.799816323366,1.084025450879,1,0
2858,0.9946350416490191,54.792455774941,1.084025450879,1,0
2859,0.9932232105040244,55.087744209902,1.084025450879,1,0
2860,0.9937879429620216,54.848743560686,1.084025450879,1,0
2861,0.9937879429620216,54.881967862666,1.084025450879,1,0
2862,0.9926584780460255,55.301986350244,1.084025450879,1,0
2863,0.9946350416490191,55.128854229405,1.084025450879,1,0
2864,0.9949174078780176,54.835157265247,1.084025450879,1,0
2865,0.9946350416490191,54.894728501019,1.084025450879,1,0
2866,0.9949174078780176,54.742620178294,1.084025450879,1,0
2867,0.9949174078780176,54.343980749951,1.084025450879,1,0
2868,0.9935055767330221,54.489680358882,1.084025450879,1,0
2869,0.9935055767330221,54.462753988008,1.084025450879,1,0
2870,0.9935055767330221,54.454672619938,1.084025450879,1,0
2871,0.9954821403360157,54.13198428352,1.084025450879,1,0
2872,0.9929408442750249,54.344888836972,1.084025450879,1,0
2873,0.9932232105040244,54.52666425444,1.084025450879,1,0
2874,0.9946350416490191,54.424426034488,1.084025450879,1,0
2875,0.9935055767330221,54.522330116682,1.084025450879,1,0
2876,0.9932232105040244,54.450054320065,1.084025450879,1,0
2877,0.9949174078780176,54.369798480276,1.084025450879,1,0
2878,0.9929408442750249,54.540497522584,1.084025450879,1,0
2879,0.9935055767330221,54.729552159554,1.084025450879,1,0
2880,0.9943526754200196,54.566093173247,1.084025450879,1,0
2881,0.9949174078780176,54.562034548395,1.084025450879,1,0
2882,0.9946350416490191,54.26230831299,1.084025450879,1,0
2883,0.9954821403360157,54.184207074785,1.084025450879,1,0
2884,0.9943526754200196,54.112195743465,1.084025450879,1,0
2885,0.9935055767330221,54.251244343278,1.084025450879,1,0
2886,0.9932232105040244,54.679053334877,1.084025450879,1,0
2887,0.9943526754200196,54.34084409953,1.084025450879,1,0
2888,0.9937879429620216,54.547610812867,1.084025450879,1,0
2889,0.9935055767330221,54.481664383277,1.084025450879,1,0
2890,0.9943526754200196,54.187810727707,1.084025450879,1,0
2891,0.9951997741070171,54.258351597188,1.084025450879,1,0
2892,0.9926584780460255,54.358328017012,1.084025450879,1,0
2893,0.9943526754200196,54.501055136886,1.084025450879,1,0
2894,0.9932232105040244,54.614485760073,1.084025450879,1,0
2895,0.9926584780460255,55.044023014441,1.084025450879,1,0
2896,0.9929408442750249,54.986364171927,1.084025450879,1,0
2897,0.9943526754200196,54.688083278747,1.084025450879,1,0
2898,0.9951997741070171,54.632948795263,1.084025450879,1,0
2899,0.9932232105040244,54.549664612168,1.084025450879,1,0
2900,0.9957645065650143,54.292397866813,1.084025450879,1,0
2901,0.9932232105040244,54.382537941242,1.084025450879,1,0
2902,0.9935055767330221,54.342898738533,1.084025450879,1,0
2903,0.9932232105040244,54.814313162318,1.084025450879,1,0
2904,0.9943526754200196,54.257669246904,1.084025450879,1,0
2905,0.9943526754200196,54.454978319915,1.084025450879,1,0
2906,0.9946350416490191,54.160822350108,1.084025450879,1,0
2907,0.9932232105040244,54.444866379309,1.084025450879,1,0
2908,0.9926584780460255,54.794561749598,1.084025450879,1,0
2909,0.9940703091910201,54.554026752309,1.084025450879,1,0
2910,0.9935055767330221,54.668955005803,1.084025450879,1,0
2911,0.9923761118170269,55.099737582512,1.084025450879,1,0
2912,0.9937879429620216,55.018831910764,1.084025450879,1,0
2913,0.9937879429620216,54.883142104722,1.084025450879,1,0
2914,0.9940703091910201,55.048825534517,1.084025450879,1,0
2915,0.9932232105040244,55.307967214047,1.084025450879,1,0
2916,0.9943526754200196,54.872894209617,1.084025450879,1,0
2917,0.9949174078780176,54.919654803643,1.084025450879,1,0
2918,0.9937879429620216,54.570012714943,1.084025450879,1,0
2919,0.9943526754200196,54.803094459542,1.084025450879,1,0
2920,0.9935055767330221,54.966110574721,1.084025450879,1,0
2921,0.9935055767330221,55.190109272105,1.084025450879,1,0
2922,0.9935055767330221,54.986140708424,1.084025450879,1,0
2923,0.9951997741070171,54.868017575983,1.084025450879,1,0
2924,0.9929408442750249,54.81618925213,1.084025450879,1,0
2925,0.9937879429620216,55.232598243848,1.084025450879,1,0
2926,0.9943526754200196,55.047306268583,1.084025450879,1,0
2927,0.9937879429620216,54.972260752351,1.084025450879,1,0
2928,0.9940703091910201,55.284427462904,1.084025450879,1,0
2929,0.9951997741070171,55.044785023819,1.084025450879,1,0
2930,0.9943526754200196,55.036142673344,1.084025450879,1,0
2931,0.9935055767330221,54.986610372128,1.084025450879,1,0
2932,0.9943526754200196,55.049140178124,1.084025450879,1,0
2933,0.9951997741070171,54.796942899387,1.084025450879,1,0
2934,0.9943526754200196,54.741275842701,1.084025450879,1,0
2935,0.9926584780460255,55.066053613102,1.084025450879,1,0
2936,0.9943526754200196,55.028847096894,1.084025450879,1,0
2937,0.9954821403360157,54.778576327617,1.084025450879,1,0
2938,0.9949174078780176,54.66001767011,1.084025450879,1,0
2939,0.9932232105040244,54.421275243271,1.084025450879,1,0
2940,0.9935055767330221,54.309383851185,1.084025450879,1,0
2941,0.9943526754200196,54.588448214917,1.084025450879,1,0
2942,0.9949174078780176,54.425949662588,1.084025450879,1,0
2943,0.9932232105040244,54.353719820035,1.084025450879,1,0
2944,0.9929408442750249,54.538592459188,1.084025450879,1,0
2945,0.9932232105040244,54.969222477744,1.084025450879,1,0
2946,0.9946350416490191,54.923640821028,1.084025450879,1,0
2947,0.9929408442750249,55.220418899311,1.084025450879,1,0
2948,0.9935055767330221,55.407912791368,1.084025450879,1,0
2949,0.9935055767330221,55.318278787236,1.084025450879,1,0
2950,0.9929408442750249,55.278327184834,1.084025450879,1,0
2951,0.9923761118170269,55.506450455863,1.084025450879,1,0
2952,0.9954821403360157,55.773540790731,1.084025450879,1,0
2953,0.9946350416490191,55.280304192707,1.084025450879,1,0
2954,0.9940703091910201,55.648779682027,1.084025450879,1,0
2955,0.9937879429620216,55.327948794757,1.084025450879,1,0
2956,0.9940703091910201,55.281143962895,1.084025450879,1,0
2957,0.9940703091910201,55.373396444678,1.084025450879,1,0
2958,0.9935055767330221,55.148348304802,1.084025450879,1,0
2959,0.9951997741070171,55.140002430962,1.084025450879,1,0
2960,0.9929408442750249,55.010964075696,1.084025450879,1,0
2961,0.9949174078780176,55.186944257487,1.084025450879,1,0
2962,0.9946350416490191,54.915389802959,1.084025450879,1,0
2963,0.9937879429620216,54.885750663839,1.084025450879,1,0
2964,0.9937879429620216,54.906197744447,1.084025450879,1,0
2965,0.9932232105040244,55.154702239334,1.084025450879,1,0
2966,0.9940703091910201,55.344186957552,1.084025450879,1,0
2967,0.9951997741070171,54.85307964107,1.084025450879,1,0
2968,0.9935055767330221,54.932646140121,1.084025450879,1,0
2969,0.9954821403360157,54.574287383188,1.084025450879,1,0
2970,0.9926584780460255,54.987201134201,1.084025450879,1,0
2971,0.9932232105040244,54.730521183408,1.084025450879,1,0
2972,0.9929408442750249,54.770111430513,1.084025450879,1,0
2973,0.9929408442750249,55.174487656256,1.084025450879,1,0
2974,0.9935055767330221,55.075412142152,1.084025450879,1,0
2975,0.9937879429620216,54.972422971088,1.084025450879,1,0
2976,0.9940703091910201,54.922958182347,1.084025450879,1,0
2977,0.9935055767330221,54.857548303208,1.084025450879,1,0
2978,0.9926584780460255,55.107529227708,1.084025450879,1,0
2979,0.9929408442750249,55.264189314148,1.084025450879,1,0
2980,0.9937879429620216,55.184681974734,1.084025450879,1,0
2981,0.9935055767330221,55.352127622981,1.084025450879,1,0
2982,0.9940703091910201,55.622843738605,1.084025450879,1,0
2983,0.9926584780460255,55.820256704123,1.084025450879,1,0
2984,0.9935055767330221,55.953948241921,1.084025450879,1,0
2985,0.9937879429620216,55.752675098973,1.084025450879,1,0
2986,0.9932232105040244,55.875693914012,1.084025450879,1,0
2987,0.9954821403360157,56.01635307441,1.084025450879,1,0
2988,0.9951997741070171,55.590726802318,1.084025450879,1,0
2989,0.9943526754200196,55.294421163555,1.084025450879,1,0
2990,0.9937879429620216,55.4754798241,1.084025450879,1,0
2991,0.9935055767330221,55.662012441733,1.084025450879,1,0
2992,0.9949174078780176,55.300519444966,1.084025450879,1,0
2993,0.9926584780460255,55.544961899919,1.084025450879,1,0
2994,0.9937879429620216,55.707101595351,1.084025450879,1,0
2995,0.9943526754200196,55.799417711385,1.084025450879,1,0
2996,0.9929408442750249,55.940428964295,1.084025450879,1,0
2997,0.9935055767330221,56.221821693961,1.084025450879,1,0
2998,0.9935055767330221,56.16381733151,1.084025450879,1,0
2999,0.9926584780460255,56.270288106156,1.084025450879,1,0
3000,0.9923761118170269,56.302008157266,1.084025450879,1,0
3001,0.9937879429620216,56.713219939977,1.084025450879,1,0
3002,0.9949174078780176,56.604398431368,1.084025450879,1,0
3003,0.9940703091910201,56.53605219033,1.084025450879,1,0
3004,0.9929408442750249,56.665546347278,1.084025450879,1,0
3005,0.9935055767330221,56.748941940536,1.084025450879,1,0
3006,0.9929408442750249,57.026092679245,1.084025450879,1,0
3007,0.9960468727940137,56.710890509214,1.084025450879,1,0
3008,0.9935055767330221,56.60235615428,1.084025450879,1,0
3009,0.9932232105040244,56.723607980391,1.084025450879,1,0
3010,0.9946350416490191,56.386549310574,1.084025450879,1,0
3011,0.9923761118170269,56.838886598714,1.084025450879,1,0
3012,0.9937879429620216,56.738729310394,1.084025450879,1,0
3013,0.9940703091910201,56.885523394735,1.084025450879,1,0
3014,0.9954821403360157,56.248319862499,1.084025450879,1,0
3015,0.9974587039390084,55.679591893702,1.084025450879,1,0
3016,0.9954821403360157,55.65797092723,1.084025450879,1,0
3017,0.9929408442750249,55.845435456522,1.084025450879,1,0
3018,0.9949174078780176,55.698960925573,1.084025450879,1,0
3019,0.9943526754200196,55.611211742242,1.084025450879,1,0
3020,0.9951997741070171,55.349543776344,1.084025450879,1,0
3021,0.9935055767330221,55.650724759967,1.084025450879,1,0
3022,0.9929408442750249,55.646949685513,1.084025450879,1,0
3023,0.9937879429620216,55.913545213712,1.084025450879,1,0
3024,0.9940703091910201,55.791865886203,1.084025450879,1,0
3025,0.9943526754200196,55.61565761362,1.084025450879,1,0
3026,0.9937879429620216,55.7315786959,1.084025450879,1,0
3027,0.9935055767330221,55.734672895714,1.084025450879,1,0
3028,0.9946350416490191,55.699685269937,1.084025450879,1,0
3029,0.9935055767330221,55.548333020674,1.084025450879,1,0
3030,0.9946350416490191,55.442744328005,1.084025450879,1,0
3031,0.9943526754200196,55.618662634634,1.084025450879,1,0
3032,0.9929408442750249,55.796103921921,1.084025450879,1,0
3033,0.9940703091910201,55.800277218223,1.084025450879,1,0
3034,0.9946350416490191,55.716535554895,1.084025450879,1,0
3035,0.9940703091910201,55.647371588687,1.084025450879,1,0
3036,0.9940703091910201,55.318894293208,1.084025450879,1,0
3037,0.9923761118170269,55.550747899125,1.084025450879,1,0
3038,0.9949174078780176,55.117588858507,1.084025450879,1,0
3039,0.9935055767330221,55.549172604801,1.084025450879,1,0
3040,0.9932232105040244,55.095594476383,1.084025450879,1,0
3041,0.9949174078780176,55.463273171725,1.084025450879,1,0
3042,0.9929408442750249,55.422154575184,1.084025450879,1,0
3043,0.9937879429620216,55.10425845745,1.084025450879,1,0
3044,0.9943526754200196,55.230122389901,1.084025450879,1,0
3045,0.9926584780460255,55.332401041635,1.084025450879,1,0
3046,0.9923761118170269,55.576496344804,1.084025450879,1,0
3047,0.9920937455880274,55.732413239189,1.084025450879,1,0
3048,0.9943526754200196,55.286999000211,1.084025450879,1,0
3049,0.9937879429620216,55.613497537365,1.084025450879,1,0
3050,0.9954821403360157,55.27005586852,1.084025450879,1,0
3051,0.9949174078780176,55.310547222914,1.084025450879,1,0
3052,0.9926584780460255,55.504009529062,1.084025450879,1,0
3053,0.9957645065650143,55.51629164756,1.084025450879,1,0
3054,0.9943526754200196,55.218816146323,1.084025450879,1,0
3055,0.9926584780460255,55.363592879788,1.084025450879,1,0
3056,0.9937879429620216,55.438511404501,1.084025450879,1,0
3057,0.9943526754200196,55.329790816108,1.084025450879,1,0
3058,0.9946350416490191,55.027106899337,1.084025450879,1,0
3059,0.9946350416490191,55.289866159278,1.084025450879,1,0
3060,0.9940703091910201,55.007833768367,1.084025450879,1,0
3061,0.9937879429620216,55.050074686782,1.084025450879,1,0
3062,0.9937879429620216,54.820181899572,1.084025450879,1,0
3063,0.9923761118170269,55.294169943414,1.084025450879,1,0
3064,0.9951997741070171,54.625621605379,1.084025450879,1,0
3065,0.9940703091910201,54.658827577239,1.084025450879,1,0
3066,0.9946350416490191,54.383141040638,1.084025450879,1,0
3067,0.9940703091910201,54.609270156372,1.084025450879,1,0
3068,0.9940703091910201,54.316390085624,1.084025450879,1,0
3069,0.9937879429620216,54.378585751286,1.084025450879,1,0
3070,0.9932232105040244,54.216815618544,1.084025450879,1,0
3071,0.9937879429620216,54.789511750599,1.084025450879,1,0
3072,0.9940703091910201,54.444631599503,1.084025450879,1,0
3073,0.9923761118170269,54.763493779418,1.084025450879,1,0
3074,0.9949174078780176,54.360501619873,1.084025450879,1,0
3075,0.9946350416490191,54.232875153604,1.084025450879,1,0
3076,0.9943526754200196,54.100852581021,1.084025450879,1,0
3077,0.9943526754200196,54.101795804003,1.084025450879,1,0
3078,0.9949174078780176,54.166771810655,1.084025450879,1,0
3079,0.9937879429620216,54.598427420554,1.084025450879,1,0
3080,0.9935055767330221,54.960532177204,1.084025450879,1,0
3081,0.9951997741070171,54.715622664875,1.084025450879,1,0
3082,0.9949174078780176,54.653937500472,1.084025450879,1,0
3083,0.9940703091910201,54.470140998885,1.084025450879,1,0
3084,0.9951997741070171,54.52347536803,1.084025450879,1,0
3085,0.9951997741070171,54.306875286409,1.084025450879,1,0
3086,0.9932232105040244,54.208311616106,1.084025450879,1,0
3087,0.9951997741070171,54.010800115118,1.084025450879,1,0
3088,0.9937879429620216,54.21717332883,1.084025450879,1,0
3089,0.9929408442750249,54.259046710797,1.084025450879,1,0
3090,0.9943526754200196,54.045152426522,1.084025450879,1,0
3091,0.9937879429620216,54.013638222236,1.084025450879,1,0
3092,0.9937879429620216,54.081533403085,1.084025450879,1,0
3093,0.9954821403360157,54.331582054346,1.084025450879,1,0
3094,0.9937879429620216,54.10123231421,1.084025450879,1,0
3095,0.9943526754200196,54.136249990384,1.084025450879,1,0
3096,0.9929408442750249,54.285158469386,1.084025450879,1,0
3097,0.9935055767330221,54.357838000816,1.084025450879,1,0
3098,0.9937879429620216,54.370802978421,1.084025450879,1,0
3099,0.9951997741070171,54.169475917389,1.084025450879,1,0
3100,0.9937879429620216,54.071017740508,1.084025450879,1,0
3101,0.9946350416490191,53.604673060489,1.084025450879,1,0
3102,0.9929408442750249,54.200499943538,1.084025450879,1,0
3103,0.991811379359028,54.505443820931,1.084025450879,1,0
3104,0.9937879429620216,54.657730845365,1.084025450879,1,0
3105,0.9929408442750249,54.824873650141,1.084025450879,1,0
3106,0.9932232105040244,54.916816355578,1.084025450879,1,0
3107,0.9946350416490191,54.445164290904,1.084025450879,1,0
3108,0.9935055767330221,54.617412915036,1.084025450879,1,0
3109,0.9926584780460255,54.802539946391,1.084025450879,1,0
3110,0.9943526754200196,54.509120407718,1.084025450879,1,0
3111,0.9937879429620216,54.448416854211,1.084025450879,1,0
3112,0.9926584780460255,54.529636362228,1.084025450879,1,0
3113,0.9943526754200196,54.449509102022,1.084025450879,1,0
3114,0.9937879429620216,54.766995625227,1.084025450879,1,0
3115,0.9937879429620216,54.74963871852,1.084025450879,1,0
3116,0.9929408442750249,54.728770813099,1.084025450879,1,0
3117,0.9943526754200196,54.800213448523,1.084025450879,1,0
3118,0.9943526754200196,54.962355081218,1.084025450879,1,0
3119,0.9949174078780176,54.763323585169,1.084025450879,1,0
3120,0.9940703091910201,54.519262543899,1.084025450879,1,0
3121,0.9943526754200196,54.636061756359,1.084025450879,1,0
3122,0.9940703091910201,54.664201748296,1.084025450879,1,0
3123,0.9943526754200196,54.584923921988,1.084025450879,1,0
3124,0.9920937455880274,54.913721091253,1.084025450879,1,0
3125,0.9923761118170269,54.94023793689,1.084025450879,1,0
3126,0.9923761118170269,55.415888256306,1.084025450879,1,0
3127,0.9946350416490191,55.086124171084,1.084025450879,1,0
3128,0.9932232105040244,55.081153804176,1.084025450879,1,0
3129,0.9951997741070171,55.306173542235,1.084025450879,1,0
3130,0.9946350416490191,55.212949026139,1.084025450879,1,0
3131,0.9935055767330221,55.423927309505,1.084025450879,1,0
3132,0.9940703091910201,54.796588700243,1.084025450879,1,0
3133,0.9943526754200196,55.237658083007,1.084025450879,1,0
3134,0.9926584780460255,55.007551785549,1.084025450879,1,0
3135,0.9929408442750249,55.450140533827,1.084025450879,1,0
3136,0.9943526754200196,55.487049591439,1.084025450879,1,0
3137,0.9923761118170269,55.552878411456,1.084025450879,1,0
3138,0.9937879429620216,55.475914049063,1.084025450879,1,0
3139,0.9949174078780176,55.633326621578,1.084025450879,1,0
3140,0.9949174078780176,55.605798403324,1.084025450879,1,0
3141,0.9935055767330221,55.632390704097,1.084025450879,1,0
3142,0.9940703091910201,55.803766248893,1.084025450879,1,0
3143,0.9946350416490191,55.664096591684,1.084025450879,1,0
3144,0.9932232105040244,55.842918711142,1.084025450879,1,0
3145,0.9923761118170269,56.051788581712,1.084025450879,1,0
3146,0.9951997741070171,56.061748384477,1.084025450879,1,0
3147,0.9951997741070171,55.851966541562,1.084025450879,1,0
3148,0.9935055767330221,56.182128021095,1.084025450879,1,0
3149,0.9920937455880274,56.322013759809,1.084025450879,1,0
3150,0.9937879429620216,56.421096603042,1.084025450879,1,0
3151,0.9926584780460255,56.834554336798,1.084025450879,1,0
3152,0.9929408442750249,57.000117815066,1.084025450879,1,0
3153,0.9926584780460255,56.937134425677,1.084025450879,1,0
3154,0.9937879429620216,57.073810911816,1.084025450879,1,0
3155,0.9940703091910201,57.206385751408,1.084025450879,1,0
3156,0.9943526754200196,57.037116684943,1.084025450879,1,0
3157,0.9937879429620216,57.143937829393,1.084025450879,1,0
3158,0.9929408442750249,57.296645727838,1.084025450879,1,0
3159,0.9951997741070171,57.238304199474,1.084025450879,1,0
3160,0.9940703091910201,57.062791031648,1.084025450879,1,0
3161,0.9951997741070171,56.915706281333,1.084025450879,1,0
3162,0.9935055767330221,56.835759282037,1.084025450879,1,0
3163,0.9940703091910201,57.127185546802,1.084025450879,1,0
3164,0.9940703091910201,56.798200129248,1.084025450879,1,0
3165,0.9929408442750249,57.319261729244,1.084025450879,1,0
3166,0.9926584780460255,57.257995634359,1.084025450879,1,0
3167,0.9940703091910201,57.017549963382,1.084025450879,1,0
3168,0.9949174078780176,56.850623373948,1.084025450879,1,0
3169,0.9946350416490191,56.548185230692,1.084025450879,1,0
3170,0.9935055767330221,56.519479829311,1.084025450879,1,0
3171,0.9940703091910201,56.543100432556,1.084025450879,1,0
3172,0.9940703091910201,56.630466830834,1.084025450879,1,0
3173,0.9946350416490191,56.218336380641,1.084025450879,1,0
3174,0.9946350416490191,55.987088791469,1.084025450879,1,0
3175,0.9935055767330221,56.20670658905,1.084025450879,1,0
3176,0.9943526754200196,55.908861610178,1.084025450879,1,0
3177,0.9951997741070171,55.83588422276,1.084025450879,1,0
3178,0.9943526754200196,55.49151119619,1.084025450879,1,0
3179,0.9960468727940137,55.285360158792,1.084025450879,1,0
3180,0.9915290131300294,55.513591316828,1.084025450879,1,0
3181,0.9935055767330221,55.452766121161,1.084025450879,1,0
3182,0.9937879429620216,55.967827986714,1.084025450879,1,0
3183,0.9926584780460255,56.005898959164,1.084025450879,1,0
3184,0.9940703091910201,56.264389750911,1.084025450879,1,0
3185,0.9932232105040244,56.483932765822,1.084025450879,1,0
3186,0.9932232105040244,56.464949765417,1.084025450879,1,0
3187,0.9940703091910201,56.578691731101,1.084025450879,1,0
3188,0.9943526754200196,56.252730277165,1.084025450879,1,0
3189,0.9946350416490191,55.718432606776,1.084025450879,1,0
3190,0.9920937455880274,56.158560350342,1.084025450879,1,0
3191,0.9929408442750249,56.178889219902,1.084025450879,1,0
3192,0.9932232105040244,56.326301781856,1.084025450879,1,0
3193,0.9940703091910201,56.068859133601,1.084025450879,1,0
3194,0.9932232105040244,56.635876354618,1.084025450879,1,0
3195,0.9935055767330221,56.494425574588,1.084025450879,1,0
3196,0.9951997741070171,56.147210014907,1.084025450879,1,0
3197,0.991811379359028,56.632372851373,1.084025450879,1,0
3198,0.9935055767330221,56.510453913971,1.084025450879,1,0
3199,0.9946350416490191,56.393919953765,1.084025450879,1,0
3200,0.9943526754200196,56.529438100681,1.084025450879,1,0
3201,0.9923761118170269,56.433212290536,1.084025450879,1,0
3202,0.9951997741070171,56.207353865775,1.084025450879,1,0
3203,0.9954821403360157,56.04060735624,1.084025450879,1,0
3204,0.9937879429620216,56.596124591844,1.084025450879,1,0
3205,0.9943526754200196,56.211923972498,1.084025450879,1,0
3206,0.9935055767330221,56.357962028036,1.084025450879,1,0
3207,0.9946350416490191,56.24000904021,1.084025450879,1,0
3208,0.9949174078780176,56.082764066326,1.084025450879,1,0
3209,0.9940703091910201,55.880478692261,1.084025450879,1,0
3210,0.9949174078780176,55.554209730318,1.084025450879,1,0
3211,0.9957645065650143,55.697873719557,1.084025450879,1,0
3212,0.9951997741070171,55.156465390267,1.084025450879,1,0
3213,0.9935055767330221,55.222954351686,1.084025450879,1,0
3214,0.9926584780460255,55.417470743735,1.084025450879,1,0
3215,0.9954821403360157,54.762783687615,1.084025450879,1,0
3216,0.9954821403360157,54.607758020659,1.084025450879,1,0
3217,0.9940703091910201,54.239713584387,1.084025450879,1,0
3218,0.9935055767330221,54.307607300668,1.084025450879,1,0
3219,0.9943526754200196,54.221021382139,1.084025450879,1,0
3220,0.9946350416490191,53.963528638597,1.084025450879,1,0
3221,0.9935055767330221,54.203865684962,1.084025450879,1,0
3222,0.9935055767330221,54.185854059674,1.084025450879,1,0
3223,0.9935055767330221,54.369564427864,1.084025450879,1,0
3224,0.9949174078780176,54.466619609645,1.084025450879,1,0
3225,0.9954821403360157,54.100186934672,1.084025450879,1,0
3226,0.9943526754200196,54.167025208892,1.084025450879,1,0
3227,0.9937879429620216,54.147506891465,1.084025450879,1,0
3228,0.9949174078780176,53.952942431637,1.084025450879,1,0
3229,0.9940703091910201,54.018799332057,1.084025450879,1,0
3230,0.9951997741070171,53.278029960981,1.084025450879,1,0
3231,0.9929408442750249,53.689408386115,1.084025450879,1,0
3232,0.9951997741070171,53.85188900493,1.084025450879,1,0
3233,0.9932232105040244,54.09104891312,1.084025450879,1,0
3234,0.9943526754200196,53.607904382556,1.084025450879,1,0
3235,0.9926584780460255,54.078420183986,1.084025450879,1,0
3236,0.9949174078780176,54.043571027706,1.084025450879,1,0
3237,0.9949174078780176,53.912979531789,1.084025450879,1,0
3238,0.9949174078780176,53.680280321845,1.084025450879,1,0
3239,0.9949174078780176,53.76364616754,1.084025450879,1,0
3240,0.9949174078780176,53.663372100114,1.084025450879,1,0
3241,0.9932232105040244,53.815418130715,1.084025450879,1,0
3242,0.9957645065650143,53.385061028455,1.084025450879,1,0
3243,0.9940703091910201,53.848348480248,1.084025450879,1,0
3244,0.9940703091910201,53.369273618321,1.084025450879,1,0
3245,0.9935055767330221,53.316337540768,1.084025450879,1,0
3246,0.9929408442750249,53.48775109531,1.084025450879,1,0
3247,0.9937879429620216,53.429790737641,1.084025450879,1,0
3248,0.9943526754200196,53.288514920596,1.084025450879,1,0
3249,0.9932232105040244,53.284937352051,1.084025450879,1,0
3250,0.9937879429620216,52.919461532683,1.084025450879,1,0
3251,0.9937879429620216,53.214977369847,1.084025450879,1,0
3252,0.9946350416490191,53.314589901159,1.084025450879,1,0
3253,0.9960468727940137,53.121620440907,1.084025450879,1,0
3254,0.9937879429620216,52.693985169724,1.084025450879,1,0
3255,0.9943526754200196,52.593206566082,1.084025450879,1,0
3256,0.9949174078780176,52.197938772448,1.084025450879,1,0
3257,1.0,51.998186613341,1.084025450879,1,0
3258,0.9946350416490191,51.61260285815,1.084025450879,1,0
3259,0.9943526754200196,51.400880362824,1.084025450879,1,0
3260,0.9940703091910201,51.88681275183,1.084025450879,1,0
3261,0.9951997741070171,51.237997697348,1.084025450879,1,0
3262,0.9946350416490191,51.088228997017,1.084025450879,1,0
3263,0.9954821403360157,50.834711195507,1.084025450879,1,0
3264,0.9932232105040244,50.963877202036,1.084025450879,1,0
3265,0.9943526754200196,50.609503696822,1.084025450879,1,0
3266,0.9954821403360157,50.59740772905,1.084025450879,1,0
3267,0.9951997741070171,50.663808666934,1.084025450879,1,0
3268,0.9957645065650143,50.250610359035,1.084025450879,1,0
3269,0.9929408442750249,50.749698616843,1.084025450879,1,0
3270,0.9946350416490191,50.487210276312,1.084025450879,1,0
3271,0.9935055767330221,50.387725187641,1.084025450879,1,0
3272,0.9943526754200196,50.651217363038,1.084025450879,1,0
3273,0.9946350416490191,50.252655304993,1.084025450879,1,0
3274,0.9937879429620216,50.655444797212,1.084025450879,1,0
3275,0.9943526754200196,50.5906114558,1.084025450879,1,0
3276,0.9943526754200196,51.03882837821,1.084025450879,1,0
3277,0.9949174078780176,50.708723028092,1.084025450879,1,0
3278,0.9960468727940137,50.382706111458,1.084025450879,1,0
3279,0.9946350416490191,50.222433521093,1.084025450879,1,0
3280,0.9946350416490191,50.561520791446,1.084025450879,1,0
3281,0.9949174078780176,50.280020320843,1.084025450879,1,0
3282,0.9949174078780176,50.295985889603,1.084025450879,1,0
3283,0.9943526754200196,50.138368310293,1.084025450879,1,0
3284,0.9949174078780176,50.25386673601,1.084025450879,1,0
3285,0.9951997741070171,49.756509386271,1.084025450879,1,0
3286,0.9943526754200196,49.949067633375,1.084025450879,1,0
3287,0.9937879429620216,49.667916175758,1.084025450879,1,0
3288,0.9957645065650143,49.808089477803,1.084025450879,1,0
3289,0.9951997741070171,49.575301754302,1.084025450879,1,0
3290,0.9951997741070171,49.661990771825,1.084025450879,1,0
3291,0.9940703091910201,49.474618712264,1.084025450879,1,0
3292,0.9951997741070171,49.456604466382,1.084025450879,1,0
3293,0.9957645065650143,48.916029529711,1.084025450879,1,0
3294,0.9954821403360157,49.089562233332,1.084025450879,1,0
3295,0.9940703091910201,48.840197158253,1.084025450879,1,0
3296,0.9946350416490191,48.758091983204,1.084025450879,1,0
3297,0.9946350416490191,48.653886551717,1.084025450879,1,0
3298,0.9926584780460255,48.741479710575,1.084025450879,1,0
3299,0.9954821403360157,48.464944873914,1.084025450879,1,0
3300,0.9940703091910201,48.538893216599,1.084025450879,1,0
3301,0.9943526754200196,48.808247574541,1.084025450879,1,0
3302,0.9932232105040244,49.000069573392,1.084025450879,1,0
3303,0.9929408442750249,49.599128399248,1.084025450879,1,0
3304,0.9949174078780176,49.32507341409,1.084025450879,1,0
3305,0.9932232105040244,49.481160399584,1.084025450879,1,0
3306,0.9943526754200196,49.700322605272,1.084025450879,1,0
3307,0.9946350416490191,49.612216376027,1.084025450879,1,0
3308,0.9943526754200196,49.313261603859,1.084025450879,1,0
3309,0.9929408442750249,49.611829696534,1.084025450879,1,0
3310,0.9929408442750249,49.754099497353,1.084025450879,1,0
3311,0.9949174078780176,49.66190861489,1.084025450879,1,0
3312,0.9949174078780176,49.47114911865,1.084025450879,1,0
3313,0.9954821403360157,49.116759210948,1.084025450879,1,0
3314,0.9949174078780176,49.048345534931,1.084025450879,1,0
3315,0.9926584780460255,49.090400004853,1.084025450879,1,0
3316,0.9937879429620216,49.406078326829,1.084025450879,1,0
3317,0.9949174078780176,49.545869072677,1.084025450879,1,0
3318,0.9943526754200196,49.383859643707,1.084025450879,1,0
3319,0.9946350416490191,49.248075439031,1.084025450879,1,0
3320,0.9943526754200196,49.657378781933,1.084025450879,1,0
3321,0.9954821403360157,49.618573266459,1.084025450879,1,0
3322,0.9935055767330221,49.948722635526,1.084025450879,1,0
3323,0.9943526754200196,49.608869097365,1.084025450879,1,0
3324,0.9943526754200196,49.655006020454,1.084025450879,1,0
3325,0.9935055767330221,49.83065432516,1.084025450879,1,0
3326,0.9937879429620216,49.966226951623,1.084025450879,1,0
3327,0.9951997741070171,50.129036878632,1.084025450879,1,0
3328,0.9935055767330221,50.012337439967,1.084025450879,1,0
3329,0.9954821403360157,49.877818745032,1.084025450879,1,0
3330,0.9949174078780176,49.817790965108,1.084025450879,1,0
3331,0.9951997741070171,49.827135609829,1.084025450879,1,0
3332,0.9951997741070171,49.832323981458,1.084025450879,1,0
3333,0.9960468727940137,49.471464392894,1.084025450879,1,0
3334,0.9946350416490191,49.399531870712,1.084025450879,1,0
3335,0.9935055767330221,49.440725516862,1.084025450879,1,0
3336,0.9937879429620216,49.399259428009,1.084025450879,1,0
3337,0.9946350416490191,49.517242908461,1.084025450879,1,0
3338,0.9946350416490191,49.459175235216,1.084025450879,1,0
3339,0.9940703091910201,49.589915823957,1.084025450879,1,0
3340,0.9949174078780176,49.357948554213,1.084025450879,1,0
3341,0.9929408442750249,49.783732157285,1.084025450879,1,0
3342,0.9932232105040244,50.148935394161,1.084025450879,1,0
3343,0.9949174078780176,50.231479537446,1.084025450879,1,0
3344,0.9957645065650143,50.048022202904,1.084025450879,1,0
3345,0.9937879429620216,50.155013868196,1.084025450879,1,0
3346,0.9937879429620216,50.287522570741,1.084025450879,1,0
3347,0.9940703091910201,50.553476651032,1.084025450879,1,0
3348,0.9946350416490191,50.560714014716,1.084025450879,1,0
3349,0.9949174078780176,50.606452967979,1.084025450879,1,0
3350,0.9949174078780176,50.255983544906,1.084025450879,1,0
3351,0.9926584780460255,50.765786618976,1.084025450879,1,0
3352,0.9937879429620216,50.860407715615,1.084025450879,1,0
3353,0.9935055767330221,51.148887934261,1.084025450879,1,0
3354,0.9943526754200196,51.194972862862,1.084025450879,1,0
3355,0.9940703091910201,51.147827393981,1.084025450879,1,0
3356,0.9951997741070171,51.363907856501,1.084025450879,1,0
3357,0.9949174078780176,51.425112818849,1.084025450879,1,0
3358,0.9946350416490191,51.375912775504,1.084025450879,1,0
3359,0.9932232105040244,51.807727836697,1.084025450879,1,0
3360,0.9949174078780176,51.622030909956,1.084025450879,1,0
3361,0.9949174078780176,51.676213012524,1.084025450879,1,0
3362,0.9929408442750249,51.310541638329,1.084025450879,1,0
3363,0.9963292390230132,51.279874692089,1.084025450879,1,0
3364,0.9951997741070171,51.096711083313,1.084025450879,1,0
3365,0.9943526754200196,51.156374850759,1.084025450879,1,0
3366,0.9949174078780176,51.010576621512,1.084025450879,1,0
3367,0.9946350416490191,50.678937485481,1.084025450879,1,0
3368,0.9926584780460255,50.992656851895,1.084025450879,1,0
3369,0.9940703091910201,50.753528728864,1.084025450879,1,0
3370,0.9946350416490191,50.696246513719,1.084025450879,1,0
3371,0.9949174078780176,50.641940056523,1.084025450879,1,0
3372,0.9935055767330221,50.734790499155,1.084025450879,1,0
3373,0.9957645065650143,50.539480842353,1.084025450879,1,0
3374,0.9923761118170269,50.485800592305,1.084025450879,1,0
3375,0.9951997741070171,50.575722149205,1.084025450879,1,0
3376,0.9943526754200196,50.761618042831,1.084025450879,1,0
3377,0.9946350416490191,50.879607874426,1.084025450879,1,0
3378,0.9940703091910201,50.958979722882,1.084025450879,1,0
3379,0.9935055767330221,50.884306246386,1.084025450879,1,0
3380,0.9954821403360157,50.458467708761,1.084025450879,1,0
3381,0.9937879429620216,50.758407903466,1.084025450879,1,0
3382,0.9951997741070171,50.592044488043,1.084025450879,1,0
3383,0.9954821403360157,50.563232301649,1.084025450879,1,0
3384,0.9943526754200196,50.459171950094,1.084025450879,1,0
3385,0.9937879429620216,50.826616533057,1.084025450879,1,0
3386,0.9940703091910201,50.753878617843,1.084025450879,1,0
3387,0.9946350416490191,50.666996958265,1.084025450879,1,0
3388,0.9940703091910201,50.768832928209,1.084025450879,1,0
3389,0.9946350416490191,50.549468513576,1.084025450879,1,0
3390,0.9949174078780176,50.272046052723,1.084025450879,1,0
3391,0.9929408442750249,50.63751718801,1.084025450879,1,0
3392,0.9937879429620216,50.695338647972,1.084025450879,1,0
3393,0.9940703091910201,50.864250050306,1.084025450879,1,0
3394,0.9935055767330221,51.199245329156,1.084025450879,1,0
3395,0.9937879429620216,51.343492439642,1.084025450879,1,0
3396,0.9946350416490191,51.228715117442,1.084025450879,1,0
3397,0.9951997741070171,51.360234553756,1.084025450879,1,0
3398,0.9951997741070171,51.357507319088,1.084025450879,1,0
3399,0.9949174078780176,51.054287093229,1.084025450879,1,0
3400,0.9949174078780176,50.951209879711,1.084025450879,1,0
3401,0.9940703091910201,50.837923127224,1.084025450879,1,0
3402,0.9929408442750249,51.296382831434,1.084025450879,1,0
3403,0.9946350416490191,51.205258198629,1.084025450879,1,0
3404,0.9929408442750249,51.403384230675,1.084025450879,1,0
3405,0.9943526754200196,51.402641719588,1.084025450879,1,0
3406,0.9951997741070171,50.875819490177,1.084025450879,1,0
3407,0.9949174078780176,50.997356840307,1.084025450879,1,0
3408,0.9943526754200196,50.998543992308,1.084025450879,1,0
3409,0.9949174078780176,51.150615533557,1.084025450879,1,0
3410,0.9929408442750249,51.158319680412,1.084025450879,1,0
3411,0.9937879429620216,51.180721817835,1.084025450879,1,0
3412,0.9937879429620216,51.274096211689,1.084025450879,1,0
3413,0.9940703091910201,51.418971402786,1.084025450879,1,0
3414,0.9929408442750249,51.681144840877,1.084025450879,1,0
3415,0.9957645065650143,51.332113081165,1.084025450879,1,0
3416,0.9957645065650143,50.808538675877,1.084025450879,1,0
3417,0.9949174078780176,50.742832470528,1.084025450879,1,0
3418,0.9937879429620216,51.03689553499,1.084025450879,1,0
3419,0.9943526754200196,50.893128804887,1.084025450879,1,0
3420,0.9937879429620216,51.226662695179,1.084025450879,1,0
3421,0.9937879429620216,51.010506093919,1.084025450879,1,0
3422,0.9940703091910201,51.401873262181,1.084025450879,1,0
3423,0.9935055767330221,51.119211173729,1.084025450879,1,0
3424,0.9943526754200196,51.349158463841,1.084025450879,1,0
3425,0.9957645065650143,51.386073414582,1.084025450879,1,0
3426,0.9949174078780176,50.974857159126,1.084025450879,1,0
3427,0.9932232105040244,51.350608919827,1.084025450879,1,0
3428,0.9957645065650143,51.296275272065,1.084025450879,1,0
3429,0.9937879429620216,51.268679804892,1.084025450879,1,0
3430,0.9935055767330221,51.526377047716,1.084025450879,1,0
3431,0.9932232105040244,51.543136349278,1.084025450879,1,0
3432,0.9935055767330221,51.85987388229,1.084025450879,1,0
3433,0.9957645065650143,51.346214676542,1.084025450879,1,0
3434,0.9943526754200196,51.46965698784,1.084025450879,1,0
3435,0.9937879429620216,51.753934722822,1.084025450879,1,0
3436,0.9943526754200196,51.612054377582,1.084025450879,1,0
3437,0.9940703091910201,52.041816886355,1.084025450879,1,0
3438,0.9951997741070171,51.176736463763,1.084025450879,1,0
3439,0.9937879429620216,51.519698144654,1.084025450879,1,0
3440,0.9940703091910201,51.412053243581,1.084025450879,1,0
3441,0.9946350416490191,51.630012564067,1.084025450879,1,0
3442,0.9940703091910201,51.587954718374,1.084025450879,1,0
3443,0.9932232105040244,51.568698314907,1.084025450879,1,0
3444,0.9940703091910201,51.819637515431,1.084025450879,1,0
3445,0.9951997741070171,51.562768705158,1.084025450879,1,0
3446,0.9951997741070171,51.638787430078,1.084025450879,1,0
3447,0.9946350416490191,51.543875714542,1.084025450879,1,0
3448,0.9946350416490191,51.536578306866,1.084025450879,1,0
3449,0.9949174078780176,51.320068020171,1.084025450879,1,0
3450,0.9954821403360157,51.096754897651,1.084025450879,1,0
3451,0.9946350416490191,51.234640445368,1.084025450879,1,0
3452,0.9943526754200196,50.949273114254,1.084025450879,1,0
3453,0.9929408442750249,51.567713849057,1.084025450879,1,0
3454,0.9935055767330221,51.595210965781,1.084025450879,1,0
3455,0.9946350416490191,51.355773912251,1.084025450879,1,0
3456,0.9940703091910201,51.424409031713,1.084025450879,1,0
3457,0.9937879429620216,51.368531722154,1.084025450879,1,0
3458,0.9949174078780176,51.02752766117,1.084025450879,1,0
3459,0.9929408442750249,51.341166418194,1.084025450879,1,0
3460,0.9937879429620216,51.434281729844,1.084025450879,1,0
3461,0.9940703091910201,51.779040129329,1.084025450879,1,0
3462,0.9937879429620216,51.773405206936,1.084025450879,1,0
3463,0.9937879429620216,52.167474147906,1.084025450879,1,0
3464,0.9926584780460255,52.335615503605,1.084025450879,1,0
3465,0.9940703091910201,52.332817557013,1.084025450879,1,0
3466,0.9937879429620216,52.164660864332,1.084025450879,1,0
3467,0.9949174078780176,52.289169255731,1.084025450879,1,0
3468,0.9926584780460255,52.309400253959,1.084025450879,1,0
3469,0.9949174078780176,52.198400164924,1.084025450879,1,0
3470,0.9954821403360157,52.356716506303,1.084025450879,1,0
3471,0.9943526754200196,52.356202744581,1.084025450879,1,0
3472,0.9940703091910201,52.466412927656,1.084025450879,1,0
3473,0.9937879429620216,52.406659053029,1.084025450879,1,0
3474,0.9940703091910201,52.294423167529,1.084025450879,1,0
3475,0.9937879429620216,52.286406961054,1.084025450879,1,0
3476,0.9935055767330221,52.384191103508,1.084025450879,1,0
3477,0.9949174078780176,52.141160428037,1.084025450879,1,0
3478,0.9951997741070171,52.154985667574,1.084025450879,1,0
3479,0.9946350416490191,51.797493070559,1.084025450879,1,0
3480,0.9940703091910201,52.338590662468,1.084025450879,1,0
3481,0.9937879429620216,52.403925158415,1.084025450879,1,0
3482,0.9949174078780176,52.181267424766,1.084025450879,1,0
3483,0.9957645065650143,52.053736209022,1.084025450879,1,0
3484,0.9946350416490191,51.720363125095,1.084025450879,1,0
3485,0.9951997741070171,51.679321631895,1.084025450879,1,0
3486,0.9926584780460255,51.979596515804,1.084025450879,1,0
3487,0.9946350416490191,51.761936682773,1.084025450879,1,0
3488,0.9949174078780176,51.537662602129,1.084025450879,1,0
3489,0.9951997741070171,51.566003175175,1.084025450879,1,0
3490,0.9951997741070171,51.587624348327,1.084025450879,1,0
3491,0.9937879429620216,51.551412170847,1.084025450879,1,0
3492,0.9951997741070171,51.568619650062,1.084025450879,1,0
3493,0.9943526754200196,51.483662381399,1.084025450879,1,0
3494,0.9943526754200196,51.255044292243,1.084025450879,1,0
3495,0.9937879429620216,51.266321458361,1.084025450879,1,0
3496,0.9949174078780176,51.128947386494,1.084025450879,1,0
3497,0.9937879429620216,51.336384019027,1.084025450879,1,0
3498,0.9929408442750249,51.416325277857,1.084025450879,1,0
3499,0.9954821403360157,51.38289124976,1.084025450879,1,0
3500,0.9946350416490191,51.433503945296,1.084025450879,1,0
3501,0.9943526754200196,51.277134098402,1.084025450879,1,0
3502,0.9937879429620216,51.510684823109,1.084025450879,1,0
3503,0.9932232105040244,51.548673180271,1.084025450879,1,0
3504,0.9949174078780176,51.356826944184,1.084025450879,1,0
3505,0.9937879429620216,51.69523596321,1.084025450879,1,0
3506,0.9937879429620216,51.532363000343,1.084025450879,1,0
3507,0.9929408442750249,51.922934408405,1.084025450879,1,0
3508,0.9937879429620216,51.863506125203,1.084025450879,1,0
3509,0.9943526754200196,51.940859157404,1.084025450879,1,0
3510,0.9937879429620216,52.12299650188,1.084025450879,1,0
3511,0.9935055767330221,52.363144235342,1.084025450879,1,0
3512,0.9937879429620216,52.496457461835,1.084025450879,1,0
3513,0.9935055767330221,52.666161894401,1.084025450879,1,0
3514,0.9937879429620216,52.931221211556,1.084025450879,1,0
3515,0.9940703091910201,53.111824892697,1.084025450879,1,0
3516,0.9943526754200196,52.878961681286,1.084025450879,1,0
3517,0.9940703091910201,52.901359337615,1.084025450879,1,0
3518,0.9951997741070171,52.367783042835,1.084025450879,1,0
3519,0.9920937455880274,53.119041624511,1.084025450879,1,0
3520,0.9932232105040244,52.994548961452,1.084025450879,1,0
3521,0.9951997741070171,53.007511822345,1.084025450879,1,0
3522,0.9940703091910201,53.014957850923,1.084025450879,1,0
3523,0.9951997741070171,52.511204317249,1.084025450879,1,0
3524,0.9951997741070171,52.635018084098,1.084025450879,1,0
3525,0.9929408442750249,52.782099815,1.084025450879,1,0
3526,0.9935055767330221,52.595597244532,1.084025450879,1,0
3527,0.9960468727940137,52.318835960874,1.084025450879,1,0
3528,0.9935055767330221,52.269126879399,1.084025450879,1,0
3529,0.9966116052520118,51.925386927237,1.084025450879,1,0
3530,0.9937879429620216,52.168802858756,1.084025450879,1,0
3531,0.9940703091910201,51.941325164659,1.084025450879,1,0
3532,0.9940703091910201,51.835559431084,1.084025450879,1,0
3533,0.9932232105040244,52.258763542233,1.084025450879,1,0
3534,0.9932232105040244,52.270044510814,1.084025450879,1,0
3535,0.9932232105040244,52.734379311064,1.084025450879,1,0
3536,0.9946350416490191,52.526689391184,1.084025450879,1,0
3537,0.9943526754200196,52.361418798642,1.084025450879,1,0
3538,0.9929408442750249,52.700360282335,1.084025450879,1,0
3539,0.9957645065650143,52.304213801316,1.084025450879,1,0
3540,0.9935055767330221,52.070358364435,1.084025450879,1,0
3541,0.9943526754200196,52.385384324094,1.084025450879,1,0
3542,0.9946350416490191,52.430067811681,1.084025450879,1,0
3543,0.9943526754200196,52.566799153203,1.084025450879,1,0
3544,0.9929408442750249,52.699768903391,1.084025450879,1,0
3545,0.9940703091910201,52.635909817575,1.084025450879,1,0
3546,0.9926584780460255,53.152838388396,1.084025450879,1,0
3547,0.9949174078780176,53.179735182087,1.084025450879,1,0
3548,0.9960468727940137,52.955323142511,1.084025450879,1,0
3549,0.9935055767330221,53.292480847114,1.084025450879,1,0
3550,0.9951997741070171,52.82288433701,1.084025450879,1,0
3551,0.9935055767330221,53.195081840741,1.084025450879,1,0
3552,0.9937879429620216,53.198056661927,1.084025450879,1,0
3553,0.9932232105040244,53.621500855266,1.084025450879,1,0
3554,0.9949174078780176,53.55655134439,1.084025450879,1,0
3555,0.9929408442750249,53.810612871536,1.084025450879,1,0
3556,0.9940703091910201,53.662182603904,1.084025450879,1,0
3557,0.9943526754200196,53.774339612,1.084025450879,1,0
3558,0.9954821403360157,53.771957732464,1.084025450879,1,0
3559,0.9943526754200196,53.600325221878,1.084025450879,1,0
3560,0.9946350416490191,53.598140748814,1.084025450879,1,0
3561,0.9935055767330221,53.725889588486,1.084025450879,1,0
3562,0.9951997741070171,53.196694479962,1.084025450879,1,0
3563,0.9946350416490191,53.388488257782,1.084025450879,1,0
3564,0.9949174078780176,53.199296342022,1.084025450879,1,0
3565,0.9943526754200196,53.198744174142,1.084025450879,1,0
3566,0.9943526754200196,53.185656970074,1.084025450879,1,0
3567,0.9946350416490191,52.986169575104,1.084025450879,1,0
3568,0.9951997741070171,52.908509309521,1.084025450879,1,0
3569,0.9940703091910201,53.005802687465,1.084025450879,1,0
3570,0.9940703091910201,52.911897458974,1.084025450879,1,0
3571,0.9932232105040244,52.803792738252,1.084025450879,1,0
3572,0.9940703091910201,52.644079913671,1.084025450879,1,0
3573,0.9946350416490191,52.661705257273,1.084025450879,1,0
3574,0.9932232105040244,52.725516094986,1.084025450879,1,0
3575,0.9940703091910201,52.641998377352,1.084025450879,1,0
3576,0.9946350416490191,52.607303954399,1.084025450879,1,0
3577,0.9943526754200196,52.50862310592,1.084025450879,1,0
3578,0.9940703091910201,52.471796895554,1.084025450879,1,0
3579,0.9937879429620216,52.660634450789,1.084025450879,1,0
3580,0.9937879429620216,52.316116743358,1.084025450879,1,0
3581,0.9937879429620216,52.639686870252,1.084025450879,1,0
3582,0.9940703091910201,52.700324785039,1.084025450879,1,0
3583,0.9940703091910201,52.312391284,1.084025450879,1,0
3584,0.9949174078780176,52.053833682902,1.084025450879,1,0
3585,0.9929408442750249,52.604634910966,1.084025450879,1,0
3586,0.9943526754200196,52.730807654237,1.084025450879,1,0
3587,0.9943526754200196,52.626946207914,1.084025450879,1,0
3588,0.9935055767330221,52.871677036755,1.084025450879,1,0
3589,0.9940703091910201,52.572951209916,1.084025450879,1,0
3590,0.9954821403360157,52.274050217315,1.084025450879,1,0
3591,0.9943526754200196,52.58763017438,1.084025450879,1,0
3592,0.9946350416490191,52.564937806115,1.084025450879,1,0
3593,0.9932232105040244,52.885611015294,1.084025450879,1,0
3594,0.9923761118170269,53.125856513918,1.084025450879,1,0
3595,0.9946350416490191,53.184816661356,1.084025450879,1,0
3596,0.9954821403360157,52.954939288965,1.084025450879,1,0
3597,0.9943526754200196,52.808754403839,1.084025450879,1,0
3598,0.9923761118170269,52.906463090415,1.084025450879,1,0
3599,0.9946350416490191,52.507352508502,1.084025450879,1,0
3600,0.9951997741070171,52.676802218851,1.084025450879,1,0
3601,0.9943526754200196,52.381385195598,1.084025450879,1,0
3602,0.9943526754200196,52.462165905857,1.084025450879,1,0
3603,0.9957645065650143,52.240548607755,1.084025450879,1,0
3604,0.9932232105040244,52.395750933005,1.084025450879,1,0
3605,0.9926584780460255,52.625748913915,1.084025450879,1,0
3606,0.9935055767330221,52.853167440987,1.084025450879,1,0
3607,0.9935055767330221,52.86033865742,1.084025450879,1,0
3608,0.9937879429620216,52.659326672033,1.084025450879,1,0
3609,0.9935055767330221,52.873166356119,1.084025450879,1,0
3610,0.9949174078780176,52.289579146901,1.084025450879,1,0
3611,0.9937879429620216,52.800694496052,1.084025450879,1,0
3612,0.9920937455880274,53.299345912325,1.084025450879,1,0
3613,0.9929408442750249,53.466089749435,1.084025450879,1,0
3614,0.9940703091910201,53.534269442167,1.084025450879,1,0
3615,0.9926584780460255,53.700102634145,1.084025450879,1,0
3616,0.9937879429620216,53.743752501668,1.084025450879,1,0
3617,0.9926584780460255,53.765864485105,1.084025450879,1,0
3618,0.9960468727940137,53.575666284167,1.084025450879,1,0
3619,0.9943526754200196,53.428494809806,1.084025450879,1,0
3620,0.9935055767330221,53.654484662081,1.084025450879,1,0
3621,0.9935055767330221,53.787446122707,1.084025450879,1,0
3622,0.9946350416490191,53.884274283487,1.084025450879,1,0
3623,0.9949174078780176,53.741111647708,1.084025450879,1,0
3624,0.9937879429620216,54.002165793518,1.084025450879,1,0
3625,0.9937879429620216,53.995327189591,1.084025450879,1,0
3626,0.9960468727940137,53.859077416383,1.084025450879,1,0
3627,0.9940703091910201,53.805182691343,1.084025450879,1,0
3628,0.9937879429620216,53.930328948989,1.084025450879,1,0
3629,0.9937879429620216,54.077622843024,1.084025450879,1,0
3630,0.9949174078780176,54.003853617036,1.084025450879,1,0
3631,0.9949174078780176,54.071665855294,1.084025450879,1,0
3632,0.9957645065650143,53.704908897297,1.084025450879,1,0
3633,0.9949174078780176,53.657115391692,1.084025450879,1,0
3634,0.9940703091910201,53.781041629997,1.084025450879,1,0
3635,0.9943526754200196,53.480632906851,1.084025450879,1,0
3636,0.9943526754200196,53.503531450816,1.084025450879,1,0
3637,0.9929408442750249,53.720502644094,1.084025450879,1,0
3638,0.9937879429620216,53.678008180582,1.084025450879,1,0
3639,0.9940703091910201,53.677818178705,1.084025450879,1,0
3640,0.9946350416490191,53.58094770351,1.084025450879,1,0
3641,0.9935055767330221,53.799580355176,1.084025450879,1,0
3642,0.9935055767330221,53.717213047344,1.084025450879,1,0
3643,0.9926584780460255,53.849371516345,1.084025450879,1,0
3644,0.9951997741070171,53.556117932189,1.084025450879,1,0
3645,0.9935055767330221,54.01215633144,1.084025450879,1,0
3646,0.9954821403360157,53.52116160568,1.084025450879,1,0
3647,0.9926584780460255,54.037616954061,1.084025450879,1,0
3648,0.9929408442750249,54.2986676854,1.084025450879,1,0
3649,0.9951997741070171,54.108797093566,1.084025450879,1,0
3650,0.9915290131300294,54.270196630582,1.084025450879,1,0
3651,0.9946350416490191,54.25683018122,1.084025450879,1,0
3652,0.9946350416490191,54.41930481759,1.084025450879,1,0
3653,0.9946350416490191,54.20058625357,1.084025450879,1,0
3654,0.9926584780460255,54.658178923734,1.084025450879,1,0
3655,0.9923761118170269,55.052505668454,1.084025450879,1,0
3656,0.9943526754200196,55.263822517901,1.084025450879,1,0
3657,0.9926584780460255,55.028963934566,1.084025450879,1,0
3658,0.9940703091910201,54.937328599946,1.084025450879,1,0
3659,0.9951997741070171,54.52833982776,1.084025450879,1,0
3660,0.9951997741070171,54.993777275498,1.084025450879,1,0
3661,0.9951997741070171,54.545381357718,1.084025450879,1,0
3662,0.9966116052520118,54.277682729471,1.084025450879,1,0
3663,0.9937879429620216,54.079261722534,1.084025450879,1,0
3664,0.9935055767330221,54.409037617474,1.084025450879,1,0
3665,0.9940703091910201,54.319342893195,1.084025450879,1,0
3666,0.9932232105040244,54.498411355084,1.084025450879,1,0
3667,0.9946350416490191,54.525130381069,1.084025450879,1,0
3668,0.9929408442750249,54.810810003493,1.084025450879,1,0
3669,0.9943526754200196,54.245605347872,1.084025450879,1,0
3670,0.9937879429620216,54.539633542992,1.084025450879,1,0
3671,0.9937879429620216,54.099248102894,1.084025450879,1,0
3672,0.9937879429620216,54.461299870463,1.084025450879,1,0
3673,0.9943526754200196,54.062597396105,1.084025450879,1,0
3674,0.9946350416490191,54.289377077028,1.084025450879,1,0
3675,0.9940703091910201,54.158255504487,1.084025450879,1,0
3676,0.9935055767330221,53.890509813775,1.084025450879,1,0
3677,0.9940703091910201,53.740334182887,1.084025450879,1,0
3678,0.9935055767330221,53.953893977203,1.084025450879,1,0
3679,0.9954821403360157,53.331585762069,1.084025450879,1,0
3680,0.9949174078780176,53.384483919105,1.084025450879,1,0
3681,0.9929408442750249,53.268256254448,1.084025450879,1,0
3682,0.9946350416490191,53.574203151437,1.084025450879,1,0
3683,0.9949174078780176,53.339830302159,1.084025450879,1,0
3684,0.9949174078780176,53.143080144533,1.084025450879,1,0
3685,0.9951997741070171,53.101541998092,1.084025450879,1,0
3686,0.9943526754200196,52.933429159818,1.084025450879,1,0
3687,0.9940703091910201,52.88905333202,1.084025450879,1,0
3688,0.9935055767330221,53.15847475241,1.084025450879,1,0
3689,0.9960468727940137,52.986170652392,1.084025450879,1,0
3690,0.9940703091910201,53.222405432892,1.084025450879,1,0
3691,0.9929408442750249,53.355398992389,1.084025450879,1,0
3692,0.9940703091910201,52.929639202174,1.084025450879,1,0
3693,0.9920937455880274,53.526561961391,1.084025450879,1,0
3694,0.9937879429620216,53.554682357006,1.084025450879,1,0
3695,0.9943526754200196,53.662799467442,1.084025450879,1,0
3696,0.9943526754200196,53.973264219022,1.084025450879,1,0
3697,0.9935055767330221,54.004877787792,1.084025450879,1,0
3698,0.9943526754200196,53.994018072333,1.084025450879,1,0
3699,0.9949174078780176,54.016295840123,1.084025450879,1,0
3700,0.9929408442750249,54.076109267886,1.084025450879,1,0
3701,0.9929408442750249,54.077752154807,1.084025450879,1,0
3702,0.9943526754200196,54.016389061794,1.084025450879,1,0
3703,0.9951997741070171,54.06882106332,1.084025450879,1,0
3704,0.9943526754200196,53.924965139006,1.084025450879,1,0
3705,0.9940703091910201,53.879693507331,1.084025450879,1,0
3706,0.9940703091910201,53.826883735394,1.084025450879,1,0
3707,0.9935055767330221,53.938525944408,1.084025450879,1,0
3708,0.9943526754200196,53.896795088534,1.084025450879,1,0
3709,0.9937879429620216,53.831093252649,1.084025450879,1,0
3710,0.9929408442750249,54.168221593107,1.084025450879,1,0
3711,0.9946350416490191,53.905071033359,1.084025450879,1,0
3712,0.9932232105040244,53.834658285245,1.084025450879,1,0
3713,0.9929408442750249,54.028827629749,1.084025450879,1,0
3714,0.9943526754200196,53.776544428323,1.084025450879,1,0
3715,0.9946350416490191,53.790116529987,1.084025450879,1,0
3716,0.9943526754200196,53.677192776062,1.084025450879,1,0
3717,0.9940703091910201,53.933274254006,1.084025450879,1,0
3718,0.9951997741070171,53.351987583528,1.084025450879,1,0
3719,0.9946350416490191,53.172347919977,1.084025450879,1,0
3720,0.9937879429620216,53.081335664226,1.084025450879,1,0
3721,0.9949174078780176,52.729177242097,1.084025450879,1,0
3722,0.9929408442750249,52.550450357506,1.084025450879,1,0
3723,0.9935055767330221,53.290161990003,1.084025450879,1,0
3724,0.9946350416490191,53.408308681508,1.084025450879,1,0
3725,0.9949174078780176,53.313123910802,1.084025450879,1,0
3726,0.9943526754200196,53.434071933768,1.084025450879,1,0
3727,0.9935055767330221,53.49587506131,1.084025450879,1,0
3728,0.9951997741070171,53.281906398729,1.084025450879,1,0
3729,0.9949174078780176,53.121767713001,1.084025450879,1,0
3730,0.991811379359028,53.37425164011,1.084025450879,1,0
3731,0.9949174078780176,53.315828710816,1.084025450879,1,0
3732,0.9940703091910201,53.273366770914,1.084025450879,1,0
3733,0.9951997741070171,52.963993986486,1.084025450879,1,0
3734,0.9946350416490191,53.084423056202,1.084025450879,1,0
3735,0.9943526754200196,52.847533166498,1.084025450879,1,0
3736,0.9940703091910201,52.8826602993,1.084025450879,1,0
3737,0.9937879429620216,52.850479508312,1.084025450879,1,0
3738,0.9937879429620216,53.016233602365,1.084025450879,1,0
3739,0.9935055767330221,53.18740857987,1.084025450879,1,0
3740,0.9946350416490191,53.000560125238,1.084025450879,1,0
3741,0.9949174078780176,52.949711195986,1.084025450879,1,0
3742,0.9932232105040244,52.918604897171,1.084025450879,1,0
3743,0.9943526754200196,53.141885990102,1.084025450879,1,0
3744,0.9954821403360157,53.21672544796,1.084025450879,1,0
3745,0.9932232105040244,52.761640601554,1.084025450879,1,0
3746,0.9940703091910201,53.046839220276,1.084025450879,1,0
3747,0.9954821403360157,52.809791988273,1.084025450879,1,0
3748,0.9940703091910201,52.998285751268,1.084025450879,1,0
3749,0.9949174078780176,53.01237781481,1.084025450879,1,0
3750,0.9943526754200196,52.938844476264,1.084025450879,1,0
3751,0.9954821403360157,52.805194494638,1.084025450879,1,0
3752,0.9932232105040244,52.812589868949,1.084025450879,1,0
3753,0.9951997741070171,53.096942865327,1.084025450879,1,0
3754,0.9957645065650143,52.75793583197,1.084025450879,1,0
3755,0.9937879429620216,52.576227213474,1.084025450879,1,0
3756,0.9929408442750249,52.926049062768,1.084025450879,1,0
3757,0.9937879429620216,52.469617157269,1.084025450879,1,0
3758,0.9937879429620216,52.468586149569,1.084025450879,1,0
3759,0.9940703091910201,52.361289263205,1.084025450879,1,0
3760,0.9937879429620216,52.727613940268,1.084025450879,1,0
3761,0.9940703091910201,52.474052037444,1.084025450879,1,0
3762,0.9935055767330221,52.735494967452,1.084025450879,1,0
3763,0.9937879429620216,52.875240268289,1.084025450879,1,0
3764,0.9946350416490191,52.563299133171,1.084025450879,1,0
3765,0.9926584780460255,52.632290840233,1.084025450879,1,0
3766,0.9949174078780176,52.359464039224,1.084025450879,1,0
3767,0.9960468727940137,52.310257345923,1.084025450879,1,0
3768,0.9937879429620216,52.433389837079,1.084025450879,1,0
3769,0.9935055767330221,52.660215505872,1.084025450879,1,0
3770,0.9926584780460255,52.861853413859,1.084025450879,1,0
3771,0.9954821403360157,52.733816592651,1.084025450879,1,0
3772,0.9943526754200196,52.691359505156,1.084025450879,1,0
3773,0.9940703091910201,52.584549555112,1.084025450879,1,0
3774,0.9949174078780176,52.074666055225,1.084025450879,1,0
3775,0.9932232105040244,52.648329811315,1.084025450879,1,0
3776,0.9935055767330221,52.337437602393,1.084025450879,1,0
3777,0.9940703091910201,52.175680524043,1.084025450879,1,0
3778,0.9932232105040244,52.705303922057,1.084025450879,1,0
3779,0.9943526754200196,52.465908147125,1.084025450879,1,0
3780,0.9949174078780176,52.451521790217,1.084025450879,1,0
3781,0.9949174078780176,52.24293248804,1.084025450879,1,0
3782,0.9940703091910201,52.373024027119,1.084025450879,1,0
3783,0.9943526754200196,52.538189480595,1.084025450879,1,0
3784,0.9940703091910201,52.225456447449,1.084025450879,1,0
3785,0.9935055767330221,52.503356257121,1.084025450879,1,0
3786,0.9940703091910201,52.441115494557,1.084025450879,1,0
3787,0.9937879429620216,52.244054580922,1.084025450879,1,0
3788,0.9937879429620216,52.560468560212,1.084025450879,1,0
3789,0.9943526754200196,52.594822452577,1.084025450879,1,0
3790,0.9937879429620216,52.557940638118,1.084025450879,1,0
3791,0.9926584780460255,52.804698785263,1.084025450879,1,0
3792,0.9937879429620216,53.041390290782,1.084025450879,1,0
3793,0.9940703091910201,53.253057622221,1.084025450879,1,0
3794,0.9957645065650143,52.41372766747,1.084025450879,1,0
3795,0.9960468727940137,52.352939920541,1.084025450879,1,0
3796,0.9946350416490191,52.436828765723,1.084025450879,1,0
3797,0.9937879429620216,52.486625491145,1.084025450879,1,0
3798,0.9937879429620216,52.73414251362,1.084025450879,1,0
3799,0.9940703091910201,52.525343011155,1.084025450879,1,0
3800,0.9940703091910201,52.693309001648,1.084025450879,1,0
3801,0.9946350416490191,52.73379756705,1.084025450879,1,0
3802,0.9940703091910201,52.655273004746,1.084025450879,1,0
3803,0.9946350416490191,52.265984409924,1.084025450879,1,0
3804,0.9954821403360157,52.29244647079,1.084025450879,1,0
3805,0.9923761118170269,52.499495849759,1.084025450879,1,0
3806,0.9949174078780176,52.525783665682,1.084025450879,1,0
3807,0.9943526754200196,52.390900998095,1.084025450879,1,0
3808,0.9935055767330221,52.558491872914,1.084025450879,1,0
3809,0.9943526754200196,52.567045788769,1.084025450879,1,0
3810,0.9940703091910201,52.596313789963,1.084025450879,1,0
3811,0.9929408442750249,53.050840090941,1.084025450879,1,0
3812,0.9937879429620216,52.878413406383,1.084025450879,1,0
3813,0.9949174078780176,52.910480187239,1.084025450879,1,0
3814,0.9937879429620216,53.112432909274,1.084025450879,1,0
3815,0.9935055767330221,53.34907602945,1.084025450879,1,0
3816,0.9923761118170269,53.644434063965,1.084025450879,1,0
3817,0.9935055767330221,53.678328500813,1.084025450879,1,0
3818,0.9943526754200196,53.872262479599,1.084025450879,1,0
3819,0.9940703091910201,53.798892495437,1.084025450879,1,0
3820,0.9966116052520118,53.186822166174,1.084025450879,1,0
3821,0.9909642806720314,53.815961752598,1.084025450879,1,0
3822,0.9935055767330221,53.758630838554,1.084025450879,1,0
3823,0.9954821403360157,53.909307652322,1.084025450879,1,0
3824,0.9935055767330221,53.972231486859,1.084025450879,1,0
3825,0.9940703091910201,53.81880190588,1.084025450879,1,0
3826,0.9937879429620216,53.80763112529,1.084025450879,1,0
3827,0.9937879429620216,53.751719372223,1.084025450879,1,0
3828,0.9943526754200196,53.875859675002,1.084025450879,1,0
3829,0.9923761118170269,54.041990691604,1.084025450879,1,0
3830,0.9935055767330221,54.136682513524,1.084025450879,1,0
3831,0.9926584780460255,54.704601936465,1.084025450879,1,0
3832,0.9954821403360157,54.517883142251,1.084025450879,1,0
3833,0.9949174078780176,54.188678943619,1.084025450879,1,0
3834,0.9932232105040244,54.031946500064,1.084025450879,1,0
3835,0.9935055767330221,54.207168078527,1.084025450879,1,0
3836,0.9949174078780176,54.096435797894,1.084025450879,1,0
3837,0.9923761118170269,54.318656003238,1.084025450879,1,0
3838,0.9929408442750249,54.790754541991,1.084025450879,1,0
3839,0.9932232105040244,55.105421314833,1.084025450879,1,0
3840,0.9943526754200196,54.55160418966,1.084025450879,1,0
3841,0.9926584780460255,54.957362838495,1.084025450879,1,0
3842,0.9940703091910201,54.832850039445,1.084025450879,1,0
3843,0.9949174078780176,54.768841920349,1.084025450879,1,0
3844,0.9937879429620216,54.959982008237,1.084025450879,1,0
3845,0.9926584780460255,55.090651906987,1.084025450879,1,0
3846,0.9943526754200196,55.220500898595,1.084025450879,1,0
3847,0.9949174078780176,54.956587498092,1.084025450879,1,0
3848,0.9923761118170269,55.298205555141,1.084025450879,1,0
3849,0.9946350416490191,55.150977695766,1.084025450879,1,0
3850,0.9946350416490191,55.330590045538,1.084025450879,1,0
3851,0.9935055767330221,55.276525521062,1.084025450879,1,0
3852,0.9951997741070171,55.029291062416,1.084025450879,1,0
3853,0.9949174078780176,54.930690009465,1.084025450879,1,0
3854,0.9935055767330221,55.094733797483,1.084025450879,1,0
3855,0.9940703091910201,54.739648882401,1.084025450879,1,0
3856,0.9943526754200196,54.627882300462,1.084025450879,1,0
3857,0.9929408442750249,55.08943450071,1.084025450879,1,0
3858,0.9937879429620216,55.077042727697,1.084025450879,1,0
3859,0.9946350416490191,55.163437531569,1.084025450879,1,0
3860,0.9940703091910201,55.171210396369,1.084025450879,1,0
3861,0.9935055767330221,55.279959727982,1.084025450879,1,0
3862,0.9926584780460255,55.552475806943,1.084025450879,1,0
3863,0.9949174078780176,55.427601265971,1.084025450879,1,0
3864,0.9940703091910201,55.487569237835,1.084025450879,1,0
3865,0.9946350416490191,55.330986191086,1.084025450879,1,0
3866,0.9954821403360157,55.244107388566,1.084025450879,1,0
3867,0.9932232105040244,55.376521476375,1.084025450879,1,0
3868,0.9937879429620216,55.658797392631,1.084025450879,1,0
3869,0.9943526754200196,55.49466563889,1.084025450879,1,0
3870,0.9935055767330221,55.44093408837,1.084025450879,1,0
3871,0.9929408442750249,55.805434729949,1.084025450879,1,0
3872,0.9951997741070171,55.662007163943,1.084025450879,1,0
3873,0.9954821403360157,55.228608607396,1.084025450879,1,0
3874,0.9923761118170269,55.604621068147,1.084025450879,1,0
3875,0.9951997741070171,55.222078151206,1.084025450879,1,0
3876,0.9943526754200196,55.377388071838,1.084025450879,1,0
3877,0.9935055767330221,55.208221314154,1.084025450879,1,0
3878,0.9949174078780176,55.367811430642,1.084025450879,1,0
3879,0.9943526754200196,55.148015440968,1.084025450879,1,0
3880,0.9954821403360157,54.834514061862,1.084025450879,1,0
3881,0.9937879429620216,54.613741268056,1.084025450879,1,0
3882,0.9935055767330221,54.76978826822,1.084025450879,1,0
3883,0.9946350416490191,54.283164184479,1.084025450879,1,0
3884,0.9943526754200196,55.18081786136,1.084025450879,1,0
3885,0.9923761118170269,54.46247254409,1.084025450879,1,0
3886,0.9943526754200196,54.533784876024,1.084025450879,1,0
3887,0.9932232105040244,54.858596610473,1.084025450879,1,0
3888,0.9937879429620216,54.705875016198,1.084025450879,1,0
3889,0.9937879429620216,54.86820026957,1.084025450879,1,0
3890,0.9926584780460255,55.032151227079,1.084025450879,1,0
3891,0.9943526754200196,54.84227524496,1.084025450879,1,0
3892,0.9943526754200196,54.930965753539,1.084025450879,1,0
3893,0.9929408442750249,54.592243651734,1.084025450879,1,0
3894,0.9943526754200196,54.544451721068,1.084025450879,1,0
3895,0.9937879429620216,54.558632308839,1.084025450879,1,0
3896,0.9937879429620216,54.546491920171,1.084025450879,1,0
3897,0.9935055767330221,55.001544450986,1.084025450879,1,0
3898,0.9946350416490191,54.775275279059,1.084025450879,1,0
3899,0.9943526754200196,54.42451473116,1.084025450879,1,0
3900,0.9943526754200196,54.79883961689,1.084025450879,1,0
3901,0.9946350416490191,54.552948689463,1.084025450879,1,0
3902,0.9937879429620216,54.18042018517,1.084025450879,1,0
3903,0.9943526754200196,54.053887119669,1.084025450879,1,0
3904,0.9940703091910201,54.004175907267,1.084025450879,1,0
3905,0.9949174078780176,53.848889345875,1.084025450879,1,0
3906,0.9935055767330221,53.740099315137,1.084025450879,1,0
3907,0.9929408442750249,54.172201176517,1.084025450879,1,0
3908,0.9940703091910201,54.262176992726,1.084025450879,1,0
3909,0.9935055767330221,54.003305617887,1.084025450879,1,0
3910,0.9943526754200196,53.79263766871,1.084025450879,1,0
3911,0.9937879429620216,54.359366712376,1.084025450879,1,0
3912,0.9937879429620216,53.86606443933,1.084025450879,1,0
3913,0.9943526754200196,53.995387161012,1.084025450879,1,0
3914,0.9935055767330221,53.7577600832,1.084025450879,1,0
3915,0.9954821403360157,53.86515578199,1.084025450879,1,0
3916,0.9943526754200196,53.85947245225,1.084025450879,1,0
3917,0.9923761118170269,54.175297784779,1.084025450879,1,0
3918,0.9940703091910201,54.163639386788,1.084025450879,1,0
3919,0.9929408442750249,54.576974838091,1.084025450879,1,0
3920,0.9932232105040244,54.549050196458,1.084025450879,1,0
3921,0.9926584780460255,54.585044304853,1.084025450879,1,0
3922,0.9946350416490191,54.613636605542,1.084025450879,1,0
3923,0.9937879429620216,54.60468043243,1.084025450879,1,0
3924,0.9949174078780176,54.608592273134,1.084025450879,1,0
3925,0.9943526754200196,54.547160343285,1.084025450879,1,0
3926,0.9946350416490191,54.282200913399,1.084025450879,1,0
3927,0.9943526754200196,54.177916957214,1.084025450879,1,0
3928,0.9932232105040244,54.328285041559,1.084025450879,1,0
3929,0.9920937455880274,54.684133193857,1.084025450879,1,0
3930,0.9940703091910201,54.924829757094,1.084025450879,1,0
3931,0.9935055767330221,54.996880150539,1.084025450879,1,0
3932,0.9932232105040244,54.833904277426,1.084025450879,1,0
3933,0.9949174078780176,54.960528093578,1.084025450879,1,0
3934,0.9932232105040244,55.133831615391,1.084025450879,1,0
3935,0.9951997741070171,54.571761157215,1.084025450879,1,0
3936,0.9923761118170269,55.110222231552,1.084025450879,1,0
3937,0.9946350416490191,55.164762130538,1.084025450879,1,0
3938,0.9963292390230132,54.500076203404,1.084025450879,1,0
3939,0.9935055767330221,54.818327602224,1.084025450879,1,0
3940,0.9949174078780176,54.765548333351,1.084025450879,1,0
3941,0.9946350416490191,54.662577811222,1.084025450879,1,0
3942,0.9946350416490191,54.48209847978,1.084025450879,1,0
3943,0.9932232105040244,54.638102681335,1.084025450879,1,0
3944,0.9935055767330221,54.968967392747,1.084025450879,1,0
3945,0.9943526754200196,55.079867849896,1.084025450879,1,0
3946,0.9943526754200196,54.855932634844,1.084025450879,1,0
3947,0.9932232105040244,55.149818474747,1.084025450879,1,0
3948,0.9954821403360157,54.863524307739,1.084025450879,1,0
3949,0.9935055767330221,54.676925679659,1.084025450879,1,0
3950,0.9932232105040244,54.755750223697,1.084025450879,1,0
3951,0.9943526754200196,54.819454509503,1.084025450879,1,0
3952,0.9915290131300294,54.940700233549,1.084025450879,1,0
3953,0.9929408442750249,55.381704510655,1.084025450879,1,0
3954,0.9937879429620216,55.018447268441,1.084025450879,1,0
3955,0.9946350416490191,55.234621579564,1.084025450879,1,0
3956,0.9932232105040244,55.331070440097,1.084025450879,1,0
3957,0.9943526754200196,55.079562966212,1.084025450879,1,0
3958,0.9940703091910201,55.087018084973,1.084025450879,1,0
3959,0.9935055767330221,54.893006900103,1.084025450879,1,0
3960,0.9932232105040244,55.181471689867,1.084025450879,1,0
3961,0.9963292390230132,54.673788414383,1.084025450879,1,0
3962,0.9949174078780176,54.692766661341,1.084025450879,1,0
3963,0.9946350416490191,54.62627556248,1.084025450879,1,0
3964,0.9949174078780176,54.562496846183,1.084025450879,1,0
3965,0.9935055767330221,54.645872562912,1.084025450879,1,0
3966,0.9920937455880274,55.088663882335,1.084025450879,1,0
3967,0.9946350416490191,55.273592259763,1.084025450879,1,0
3968,0.9957645065650143,54.899703917552,1.084025450879,1,0
3969,0.9929408442750249,55.282722324639,1.084025450879,1,0
3970,0.9951997741070171,55.050738509065,1.084025450879,1,0
3971,0.9951997741070171,54.728402841069,1.084025450879,1,0
3972,0.9932232105040244,54.670718699436,1.084025450879,1,0
3973,0.9937879429620216,54.587801120433,1.084025450879,1,0
3974,0.9949174078780176,54.57461462078,1.084025450879,1,0
3975,0.9932232105040244,54.4267879313,1.084025450879,1,0
3976,0.9920937455880274,54.85560619313,1.084025450879,1,0
3977,0.9929408442750249,55.173103350658,1.084025450879,1,0
3978,0.9940703091910201,54.925207720019,1.084025450879,1,0
3979,0.9949174078780176,55.213685141571,1.084025450879,1,0
3980,0.9923761118170269,55.291936444109,1.084025450879,1,0
3981,0.9946350416490191,54.92865806164,1.084025450879,1,0
3982,0.9929408442750249,55.189306282302,1.084025450879,1,0
3983,0.9937879429620216,55.196028650143,1.084025450879,1,0
3984,0.9929408442750249,55.260767216569,1.084025450879,1,0
3985,0.9932232105040244,55.208555019518,1.084025450879,1,0
3986,0.9926584780460255,55.325297350687,1.084025450879,1,0
3987,0.9940703091910201,55.434120740762,1.084025450879,1,0
3988,0.9929408442750249,55.596806009499,1.084025450879,1,0
3989,0.9943526754200196,55.601289532178,1.084025450879,1,0
3990,0.9937879429620216,56.092070156424,1.084025450879,1,0
3991,0.9935055767330221,55.893844502747,1.084025450879,1,0
3992,0.9940703091910201,56.038107131481,1.084025450879,1,0
3993,0.9937879429620216,55.698963222995,1.084025450879,1,0
3994,0.9940703091910201,55.651863576776,1.084025450879,1,0
3995,0.9929408442750249,55.703027390321,1.084025450879,1,0
3996,0.9929408442750249,55.660334491749,1.084025450879,1,0
3997,0.9949174078780176,55.808519044428,1.084025450879,1,0
3998,0.9940703091910201,55.466069255336,1.084025450879,1,0
3999,0.9929408442750249,55.992385545998,1.084025450879,1,0
4000,0.9929408442750249,56.00579662447,1.084025450879,1,0
4001,0.9954821403360157,55.957392522519,1.084025450879,1,0
4002,0.9932232105040244,56.147018880188,1.084025450879,1,0
4003,0.9937879429620216,56.272059345231,1.084025450879,1,0
4004,0.9937879429620216,56.192670985024,1.084025450879,1,0
4005,0.9929408442750249,56.459370714399,1.084025450879,1,0
4006,0.9935055767330221,56.617668450479,1.084025450879,1,0
4007,0.9949174078780176,56.370078195484,1.084025450879,1,0
4008,0.9932232105040244,56.438761320358,1.084025450879,1,0
4009,0.9946350416490191,56.47347880236,1.084025450879,1,0
4010,0.9949174078780176,56.28906840431,1.084025450879,1,0
4011,0.9949174078780176,56.046119899602,1.084025450879,1,0
4012,0.9943526754200196,56.140440994666,1.084025450879,1,0
4013,0.9943526754200196,56.119796783288,1.084025450879,1,0
4014,0.9937879429620216,55.790338808379,1.084025450879,1,0
4015,0.9935055767330221,56.073259993744,1.084025450879,1,0
4016,0.9932232105040244,55.862367218483,1.084025450879,1,0
4017,0.9949174078780176,55.464218221686,1.084025450879,1,0
4018,0.9940703091910201,55.773918717985,1.084025450879,1,0
4019,0.9935055767330221,55.63875561952,1.084025450879,1,0
4020,0.9943526754200196,55.333024418221,1.084025450879,1,0
4021,0.9949174078780176,55.42856929449,1.084025450879,1,0
4022,0.9935055767330221,55.476707218683,1.084025450879,1,0
4023,0.9932232105040244,55.724943576049,1.084025450879,1,0
4024,0.9949174078780176,55.084735223374,1.084025450879,1,0
4025,0.9943526754200196,55.409325928023,1.084025450879,1,0
4026,0.9951997741070171,55.609349598933,1.084025450879,1,0
4027,0.9935055767330221,55.656911917447,1.084025450879,1,0
4028,0.9940703091910201,55.634849049948,1.084025450879,1,0
4029,0.9943526754200196,55.358068597209,1.084025450879,1,0
4030,0.9954821403360157,54.954249167332,1.084025450879,1,0
4031,0.9940703091910201,54.853217136569,1.084025450879,1,0
4032,0.9957645065650143,54.920159088411,1.084025450879,1,0
4033,0.9940703091910201,54.867924225819,1.084025450879,1,0
4034,0.9926584780460255,55.157720101881,1.084025450879,1,0
4035,0.9940703091910201,55.333883170909,1.084025450879,1,0
4036,0.9929408442750249,55.654111574084,1.084025450879,1,0
4037,0.9951997741070171,55.137044535367,1.084025450879,1,0
4038,0.9954821403360157,55.232673281069,1.084025450879,1,0
4039,0.9949174078780176,55.196349147026,1.084025450879,1,0
4040,0.9937879429620216,54.554337966491,1.084025450879,1,0
4041,0.9932232105040244,54.731287766239,1.084025450879,1,0
4042,0.9935055767330221,54.555374194833,1.084025450879,1,0
4043,0.9943526754200196,54.852419889478,1.084025450879,1,0
4044,0.9940703091910201,54.45060008726,1.084025450879,1,0
4045,0.9937879429620216,54.715635968923,1.084025450879,1,0
4046,0.9920937455880274,54.675768707914,1.084025450879,1,0
4047,0.9946350416490191,54.715535554578,1.084025450879,1,0
4048,0.9940703091910201,54.636095950989,1.084025450879,1,0
4049,0.9946350416490191,54.35533926565,1.084025450879,1,0
4050,0.9940703091910201,53.978409912897,1.084025450879,1,0
4051,0.9946350416490191,54.019714264654,1.084025450879,1,0
4052,0.9957645065650143,53.514055189115,1.084025450879,1,0
4053,0.9943526754200196,53.499077136709,1.084025450879,1,0
4054,0.9949174078780176,53.281904723934,1.084025450879,1,0
4055,0.9926584780460255,53.773892771629,1.084025450879,1,0
4056,0.9935055767330221,53.603390429061,1.084025450879,1,0
4057,0.9940703091910201,53.654400357421,1.084025450879,1,0
4058,0.9940703091910201,53.633260603669,1.084025450879,1,0
4059,0.9940703091910201,53.387211979816,1.084025450879,1,0
4060,0.9937879429620216,53.35753992492,1.084025450879,1,0
4061,0.9935055767330221,53.332090414776,1.084025450879,1,0
4062,0.9946350416490191,53.398378958146,1.084025450879,1,0
4063,0.9954821403360157,53.060178476682,1.084025450879,1,0
4064,0.9943526754200196,52.857276897626,1.084025450879,1,0
4065,0.9937879429620216,52.965172768884,1.084025450879,1,0
4066,0.9940703091910201,53.063432804853,1.084025450879,1,0
4067,0.9937879429620216,52.983173706121,1.084025450879,1,0
4068,0.9940703091910201,52.988390837677,1.084025450879,1,0
4069,0.9943526754200196,52.722690390946,1.084025450879,1,0
4070,0.9954821403360157,52.153564008029,1.084025450879,1,0
4071,0.9946350416490191,52.307412193724,1.084025450879,1,0
4072,0.9946350416490191,52.118127596683,1.084025450879,1,0
4073,0.9946350416490191,52.10649778682,1.084025450879,1,0
4074,0.9949174078780176,52.157996629636,1.084025450879,1,0
4075,0.9943526754200196,52.088330887509,1.084025450879,1,0
4076,0.9937879429620216,52.441995532886,1.084025450879,1,0
4077,0.9943526754200196,51.995244365795,1.084025450879,1,0
4078,0.9937879429620216,52.246695016165,1.084025450879,1,0
4079,0.9940703091910201,52.301921986649,1.084025450879,1,0
4080,0.9935055767330221,52.306248112021,1.084025450879,1,0
4081,0.9929408442750249,52.472193808557,1.084025450879,1,0
4082,0.9935055767330221,52.641236202208,1.084025450879,1,0
4083,0.9949174078780176,52.474026275317,1.084025450879,1,0
4084,0.9935055767330221,52.41482298225,1.084025450879,1,0
4085,0.9935055767330221,52.938742521837,1.084025450879,1,0
4086,0.9940703091910201,52.605558717021,1.084025450879,1,0
4087,0.9949174078780176,52.566041777603,1.084025450879,1,0
4088,0.9940703091910201,52.511230750063,1.084025450879,1,0
4089,0.9940703091910201,52.48787505322,1.084025450879,1,0
4090,0.9929408442750249,52.642258785835,1.084025450879,1,0
4091,0.9923761118170269,53.035979302717,1.084025450879,1,0
4092,0.9937879429620216,53.336002387028,1.084025450879,1,0
4093,0.9937879429620216,53.327907258584,1.084025450879,1,0
4094,0.9932232105040244,53.688785534568,1.084025450879,1,0
4095,0.9943526754200196,53.440741277177,1.084025450879,1,0
4096,0.9929408442750249,54.302473886299,1.084025450879,1,0
4097,0.9935055767330221,54.210462474924,1.084025450879,1,0
4098,0.9932232105040244,54.153830931407,1.084025450879,1,0
4099,0.9940703091910201,54.054053341041,1.084025450879,1,0
4100,0.9937879429620216,53.759250932291,1.084025450879,1,0
4101,0.9937879429620216,54.172816107674,1.084025450879,1,0
4102,0.9946350416490191,53.998664954712,1.084025450879,1,0
4103,0.9935055767330221,54.202157191273,1.084025450879,1,0
4104,0.9937879429620216,54.545705155508,1.084025450879,1,0
4105,0.9946350416490191,54.07449958593,1.084025450879,1,0
4106,0.9943526754200196,54.106615263206,1.084025450879,1,0
4107,0.9937879429620216,54.310609798551,1.084025450879,1,0
4108,0.9929408442750249,54.28874772166,1.084025450879,1,0
4109,0.9946350416490191,54.142770533446,1.084025450879,1,0
4110,0.9935055767330221,53.89710427043,1.084025450879,1,0
4111,0.9946350416490191,53.872020334146,1.084025450879,1,0
4112,0.9946350416490191,53.715469554606,1.084025450879,1,0
4113,0.9937879429620216,53.810576651831,1.084025450879,1,0
4114,0.9946350416490191,53.738025398558,1.084025450879,1,0
4115,0.9926584780460255,54.207341752275,1.084025450879,1,0
4116,0.9946350416490191,54.301362343548,1.084025450879,1,0
4117,0.9926584780460255,54.592947417537,1.084025450879,1,0
4118,0.9940703091910201,54.683425782169,1.084025450879,1,0
4119,0.9946350416490191,54.42038260228,1.084025450879,1,0
4120,0.9940703091910201,54.279676816761,1.084025450879,1,0
4121,0.9954821403360157,53.992370767201,1.084025450879,1,0
4122,0.9940703091910201,54.008129369649,1.084025450879,1,0
4123,0.9929408442750249,53.936518181941,1.084025450879,1,0
4124,0.9932232105040244,54.426612551199,1.084025450879,1,0
4125,0.9937879429620216,54.48483257573,1.084025450879,1,0
4126,0.9932232105040244,54.380308986088,1.084025450879,1,0
4127,0.9940703091910201,54.557132586077,1.084025450879,1,0
4128,0.9937879429620216,54.90565486365,1.084025450879,1,0
4129,0.9940703091910201,54.671940829531,1.084025450879,1,0
4130,0.9926584780460255,54.815961716772,1.084025450879,1,0
4131,0.9943526754200196,54.955106850657,1.084025450879,1,0
4132,0.9949174078780176,55.015197516272,1.084025450879,1,0
4133,0.9949174078780176,54.811254683038,1.084025450879,1,0
4134,0.9946350416490191,54.893823391588,1.084025450879,1,0
4135,0.9935055767330221,54.811273567802,1.084025450879,1,0
4136,0.9940703091910201,55.092776238728,1.084025450879,1,0
4137,0.9940703091910201,55.043343606204,1.084025450879,1,0
4138,0.9923761118170269,55.427321322078,1.084025450879,1,0
4139,0.9935055767330221,55.744950001575,1.084025450879,1,0
4140,0.9940703091910201,55.643749764997,1.084025450879,1,0
4141,0.9943526754200196,55.942977580554,1.084025450879,1,0
4142,0.9935055767330221,55.591080978195,1.084025450879,1,0
4143,0.9943526754200196,55.581754364872,1.084025450879,1,0
4144,0.9929408442750249,55.647811216977,1.084025450879,1,0
4145,0.9937879429620216,55.610555162547,1.084025450879,1,0
4146,0.9954821403360157,55.140705092306,1.084025450879,1,0
4147,0.9932232105040244,55.423325628575,1.084025450879,1,0
4148,0.9943526754200196,55.18086660262,1.084025450879,1,0
4149,0.9946350416490191,55.454683407038,1.084025450879,1,0
4150,0.9932232105040244,55.382753133292,1.084025450879,1,0
4151,0.9929408442750249,55.601211793733,1.084025450879,1,0
4152,0.9943526754200196,55.49383043092,1.084025450879,1,0
4153,0.9923761118170269,55.924207329157,1.084025450879,1,0
4154,0.9932232105040244,55.779881310421,1.084025450879,1,0
4155,0.9943526754200196,55.474504019577,1.084025450879,1,0
4156,0.9935055767330221,55.692915957929,1.084025450879,1,0
4157,0.9932232105040244,55.655875082192,1.084025450879,1,0
4158,0.9943526754200196,55.596407517413,1.084025450879,1,0
4159,0.9943526754200196,55.559454162023,1.084025450879,1,0
4160,0.9943526754200196,55.291906688137,1.084025450879,1,0
4161,0.9937879429620216,55.462742372535,1.084025450879,1,0
4162,0.9935055767330221,55.067554909132,1.084025450879,1,0
4163,0.9929408442750249,55.453098968488,1.084025450879,1,0
4164,0.9943526754200196,55.482684484185,1.084025450879,1,0
4165,0.9932232105040244,55.465486298593,1.084025450879,1,0
4166,0.9935055767330221,55.736917699741,1.084025450879,1,0
4167,0.9932232105040244,55.548088994203,1.084025450879,1,0
4168,0.9935055767330221,55.68896360692,1.084025450879,1,0
4169,0.9940703091910201,56.002286732749,1.084025450879,1,0
4170,0.9935055767330221,55.749640365295,1.084025450879,1,0
4171,0.9957645065650143,55.694219038925,1.084025450879,1,0
4172,0.9951997741070171,55.143840513247,1.084025450879,1,0
4173,0.9929408442750249,55.333062688016,1.084025450879,1,0
4174,0.9946350416490191,55.251910434433,1.084025450879,1,0
4175,0.9949174078780176,55.466134067061,1.084025450879,1,0
4176,0.9932232105040244,55.523990066884,1.084025450879,1,0
4177,0.9932232105040244,55.75586646387,1.084025450879,1,0
4178,0.9949174078780176,55.537939887024,1.084025450879,1,0
4179,0.9929408442750249,55.551323598938,1.084025450879,1,0
4180,0.9929408442750249,55.866563481358,1.084025450879,1,0
4181,0.9943526754200196,55.661453569965,1.084025450879,1,0
4182,0.9946350416490191,55.406829539703,1.084025450879,1,0
4183,0.9935055767330221,55.669637523917,1.084025450879,1,0
4184,0.9940703091910201,55.793955391801,1.084025450879,1,0
4185,0.9943526754200196,55.761041731588,1.084025450879,1,0
4186,0.9940703091910201,55.680373024172,1.084025450879,1,0
4187,0.9935055767330221,55.713157221118,1.084025450879,1,0
4188,0.9951997741070171,55.370569543682,1.084025450879,1,0
4189,0.9923761118170269,55.782288005045,1.084025450879,1,0
4190,0.9935055767330221,55.460751680298,1.084025450879,1,0
4191,0.9949174078780176,55.639617727692,1.084025450879,1,0
4192,0.9949174078780176,55.262140641552,1.084025450879,1,0
4193,0.9932232105040244,55.501103604543,1.084025450879,1,0
4194,0.9940703091910201,55.239776651381,1.084025450879,1,0
4195,0.9943526754200196,55.065009808182,1.084025450879,1,0
4196,0.9935055767330221,55.53085950643,1.084025450879,1,0
4197,0.9929408442750249,55.684691394596,1.084025450879,1,0
4198,0.9946350416490191,55.657231842841,1.084025450879,1,0
4199,0.9949174078780176,55.326835057663,1.084025450879,1,0
4200,0.9926584780460255,55.748807522156,1.084025450879,1,0
4201,0.9957645065650143,55.510312005822,1.084025450879,1,0
4202,0.9937879429620216,55.482094156264,1.084025450879,1,0
4203,0.9949174078780176,55.087411718735,1.084025450879,1,0
4204,0.9946350416490191,54.998541657352,1.084025450879,1,0
4205,0.9937879429620216,55.127998635318,1.084025450879,1,0
4206,0.9937879429620216,54.976962345203,1.084025450879,1,0
4207,0.9932232105040244,55.262159725639,1.084025450879,1,0
4208,0.9937879429620216,54.808731782642,1.084025450879,1,0
4209,0.9937879429620216,54.999256193413,1.084025450879,1,0
4210,0.9940703091910201,55.168767199048,1.084025450879,1,0
4211,0.9946350416490191,54.882984454541,1.084025450879,1,0
4212,0.9920937455880274,55.091013243692,1.084025450879,1,0
4213,0.991811379359028,55.972697933571,1.084025450879,1,0
4214,0.9943526754200196,55.740164370134,1.084025450879,1,0
4215,0.9926584780460255,55.542268349044,1.084025450879,1,0
4216,0.9929408442750249,55.760805287298,1.084025450879,1,0
4217,0.9935055767330221,56.007181162798,1.084025450879,1,0
4218,0.9940703091910201,55.437883681941,1.084025450879,1,0
4219,0.9935055767330221,55.977615465784,1.084025450879,1,0
4220,0.9935055767330221,55.6614383137,1.084025450879,1,0
4221,0.9943526754200196,55.660691971778,1.084025450879,1,0
4222,0.9926584780460255,55.82698483013,1.084025450879,1,0
4223,0.9940703091910201,55.973448115925,1.084025450879,1,0
4224,0.9935055767330221,56.192652184069,1.084025450879,1,0
4225,0.9932232105040244,56.114168462639,1.084025450879,1,0
4226,0.9940703091910201,56.031122258351,1.084025450879,1,0
4227,0.9932232105040244,56.14355874449,1.084025450879,1,0
4228,0.991811379359028,56.579160722344,1.084025450879,1,0
4229,0.9935055767330221,56.448374422763,1.084025450879,1,0
4230,0.9929408442750249,56.821955166696,1.084025450879,1,0
4231,0.9940703091910201,56.297950193351,1.084025450879,1,0
4232,0.9937879429620216,56.422932127555,1.084025450879,1,0
4233,0.9929408442750249,56.41199164312,1.084025450879,1,0
4234,0.9937879429620216,56.42673543129,1.084025450879,1,0
4235,0.9929408442750249,56.805304899591,1.084025450879,1,0
4236,0.9951997741070171,56.678781968157,1.084025450879,1,0
4237,0.9949174078780176,56.588025539028,1.084025450879,1,0
4238,0.9954821403360157,56.465269667138,1.084025450879,1,0
4239,0.9937879429620216,56.917698532254,1.084025450879,1,0
4240,0.9935055767330221,56.557854042798,1.084025450879,1,0
4241,0.9932232105040244,56.584643354368,1.084025450879,1,0
4242,0.9946350416490191,56.352838876076,1.084025450879,1,0
4243,0.9926584780460255,56.595784923596,1.084025450879,1,0
4244,0.9940703091910201,56.225957300138,1.084025450879,1,0
4245,0.9932232105040244,56.544362711004,1.084025450879,1,0
4246,0.9949174078780176,56.616919709066,1.084025450879,1,0
4247,0.9940703091910201,56.663433218841,1.084025450879,1,0
4248,0.9949174078780176,56.425902680968,1.084025450879,1,0
4249,0.9929408442750249,56.688573641081,1.084025450879,1,0
4250,0.9937879429620216,56.450214439942,1.084025450879,1,0
4251,0.9932232105040244,56.696410517828,1.084025450879,1,0
4252,0.9949174078780176,56.565257687152,1.084025450879,1,0
4253,0.9940703091910201,56.572644416601,1.084025450879,1,0
4254,0.9943526754200196,55.943079383392,1.084025450879,1,0
4255,0.9940703091910201,56.553353260299,1.084025450879,1,0
4256,0.9929408442750249,56.600208261814,1.084025450879,1,0
4257,0.9940703091910201,56.630482064508,1.084025450879,1,0
4258,0.9935055767330221,56.659369344295,1.084025450879,1,0
4259,0.9957645065650143,56.381137771646,1.084025450879,1,0
4260,0.9946350416490191,56.204418508778,1.084025450879,1,0
4261,0.9929408442750249,56.291035608717,1.084025450879,1,0
4262,0.9937879429620216,56.025113858648,1.084025450879,1,0
4263,0.9949174078780176,56.58042753351,1.084025450879,1,0
4264,0.9943526754200196,56.160444471994,1.084025450879,1,0
4265,0.9940703091910201,56.319244388754,1.084025450879,1,0
4266,0.9946350416490191,56.373642880851,1.084025450879,1,0
4267,0.9954821403360157,56.156321529811,1.084025450879,1,0
4268,0.9937879429620216,56.380815584278,1.084025450879,1,0
4269,0.9957645065650143,56.19316400607,1.084025450879,1,0
4270,0.9957645065650143,55.880673889513,1.084025450879,1,0
4271,0.9943526754200196,55.592557237603,1.084025450879,1,0
4272,0.9935055767330221,55.429273498662,1.084025450879,1,0
4273,0.9935055767330221,55.64926659566,1.084025450879,1,0
4274,0.9949174078780176,55.444226335821,1.084025450879,1,0
4275,0.9923761118170269,55.986050685462,1.084025450879,1,0
4276,0.9929408442750249,55.723877727109,1.084025450879,1,0
4277,0.9932232105040244,55.535858429306,1.084025450879,1,0
4278,0.9932232105040244,55.665292278487,1.084025450879,1,0
4279,0.9940703091910201,55.207621273927,1.084025450879,1,0
4280,0.9949174078780176,55.351233598499,1.084025450879,1,0
4281,0.9929408442750249,55.184732669289,1.084025450879,1,0
4282,0.9935055767330221,55.167866675626,1.084025450879,1,0
4283,0.9940703091910201,55.068232095935,1.084025450879,1,0
4284,0.9929408442750249,55.271373519618,1.084025450879,1,0
4285,0.9937879429620216,55.363699927403,1.084025450879,1,0
4286,0.9935055767330221,55.423556526895,1.084025450879,1,0
4287,0.9943526754200196,55.016824677345,1.084025450879,1,0
4288,0.9943526754200196,55.193941132747,1.084025450879,1,0
4289,0.9937879429620216,54.979590154426,1.084025450879,1,0
4290,0.9926584780460255,55.390045792618,1.084025450879,1,0
4291,0.9937879429620216,55.425219632114,1.084025450879,1,0
4292,0.9946350416490191,54.93657092409,1.084025450879,1,0
4293,0.9937879429620216,54.518992749284,1.084025450879,1,0
4294,0.9935055767330221,54.952406030567,1.084025450879,1,0
4295,0.9937879429620216,54.865498565111,1.084025450879,1,0
4296,0.9949174078780176,54.613722507326,1.084025450879,1,0
4297,0.9935055767330221,54.456126354108,1.084025450879,1,0
4298,0.9940703091910201,54.424386688552,1.084025450879,1,0
4299,0.9946350416490191,54.237997567814,1.084025450879,1,0
4300,0.9935055767330221,54.608794221197,1.084025450879,1,0
4301,0.9949174078780176,54.49261008533,1.084025450879,1,0
4302,0.9937879429620216,54.636279630946,1.084025450879,1,0
4303,0.9943526754200196,54.617608444453,1.084025450879,1,0
4304,0.9954821403360157,54.283308834136,1.084025450879,1,0
4305,0.9932232105040244,54.112437759901,1.084025450879,1,0
4306,0.9943526754200196,54.258399428863,1.084025450879,1,0
4307,0.9935055767330221,53.941409208096,1.084025450879,1,0
4308,0.9946350416490191,53.866213938283,1.084025450879,1,0
4309,0.9943526754200196,53.802060645431,1.084025450879,1,0
4310,0.991811379359028,54.458318281836,1.084025450879,1,0
4311,0.9949174078780176,54.179955035564,1.084025450879,1,0
4312,0.9935055767330221,54.397263202768,1.084025450879,1,0
4313,0.9932232105040244,54.361860026196,1.084025450879,1,0
4314,0.9920937455880274,54.731731789283,1.084025450879,1,0
4315,0.9940703091910201,54.66377714246,1.084025450879,1,0
4316,0.9935055767330221,54.772661658716,1.084025450879,1,0
4317,0.9940703091910201,54.830149951419,1.084025450879,1,0
4318,0.9937879429620216,54.84188742878,1.084025450879,1,0
4319,0.9949174078780176,54.909644574108,1.084025450879,1,0
4320,0.9940703091910201,54.346903197616,1.084025450879,1,0
4321,0.9940703091910201,54.505673564283,1.084025450879,1,0
4322,0.9940703091910201,54.6684549055,1.084025450879,1,0
4323,0.9949174078780176,54.434749302001,1.084025450879,1,0
4324,0.9932232105040244,55.119802350824,1.084025450879,1,0
4325,0.9943526754200196,54.550824757462,1.084025450879,1,0
4326,0.9935055767330221,54.632392631566,1.084025450879,1,0
4327,0.9949174078780176,54.814826581422,1.084025450879,1,0
4328,0.9943526754200196,54.619962571178,1.084025450879,1,0
4329,0.9937879429620216,54.699490444242,1.084025450879,1,0
4330,0.9932232105040244,54.894908660707,1.084025450879,1,0
4331,0.9935055767330221,55.324153215997,1.084025450879,1,0
4332,0.9943526754200196,55.044371927727,1.084025450879,1,0
4333,0.9935055767330221,55.402273364216,1.084025450879,1,0
4334,0.9926584780460255,55.890586921985,1.084025450879,1,0
4335,0.9926584780460255,56.170199400605,1.084025450879,1,0
4336,0.9940703091910201,56.106512509739,1.084025450879,1,0
4337,0.9935055767330221,55.801958095852,1.084025450879,1,0
4338,0.9915290131300294,56.550937541497,1.084025450879,1,0
4339,0.9940703091910201,56.198046729883,1.084025450879,1,0
4340,0.9935055767330221,56.289317189966,1.084025450879,1,0
4341,0.9932232105040244,56.055224655614,1.084025450879,1,0
4342,0.9940703091910201,56.034272569954,1.084025450879,1,0
4343,0.9926584780460255,56.069157800409,1.084025450879,1,0
4344,0.9932232105040244,56.288537470191,1.084025450879,1,0
4345,0.9935055767330221,56.427833969716,1.084025450879,1,0
4346,0.9940703091910201,56.364239526618,1.084025450879,1,0
4347,0.9932232105040244,56.301860549991,1.084025450879,1,0
4348,0.9926584780460255,56.734226920036,1.084025450879,1,0
4349,0.9946350416490191,56.592523382312,1.084025450879,1,0
4350,0.9929408442750249,56.517209432118,1.084025450879,1,0
4351,0.9940703091910201,56.746655485968,1.084025450879,1,0
4352,0.9935055767330221,57.023824884824,1.084025450879,1,0
4353,0.9923761118170269,57.222190072867,1.084025450879,1,0
4354,0.9940703091910201,56.71715477451,1.084025450879,1,0
4355,0.9951997741070171,56.655303353049,1.084025450879,1,0
4356,0.9932232105040244,56.895087577317,1.084025450879,1,0
4357,0.9943526754200196,56.921798081673,1.084025450879,1,0
4358,0.9946350416490191,56.422843394417,1.084025450879,1,0
4359,0.9946350416490191,56.194099268917,1.084025450879,1,0
4360,0.9935055767330221,56.583654607559,1.084025450879,1,0
4361,0.9923761118170269,56.745332966198,1.084025450879,1,0
4362,0.9943526754200196,56.613079861482,1.084025450879,1,0
4363,0.9949174078780176,56.682075859531,1.084025450879,1,0
4364,0.9937879429620216,56.534476007938,1.084025450879,1,0
4365,0.9943526754200196,56.733474612179,1.084025450879,1,0
4366,0.9937879429620216,56.624920407191,1.084025450879,1,0
4367,0.9940703091910201,56.66401821595,1.084025450879,1,0
4368,0.9946350416490191,56.638345744799,1.084025450879,1,0
4369,0.9940703091910201,56.595822787717,1.084025450879,1,0
4370,0.9932232105040244,56.721431915569,1.084025450879,1,0
4371,0.9943526754200196,56.638785531901,1.084025450879,1,0
4372,0.9951997741070171,56.562457816721,1.084025450879,1,0
4373,0.9920937455880274,56.696337580415,1.084025450879,1,0
4374,0.9940703091910201,56.561419758699,1.084025450879,1,0
4375,0.9937879429620216,56.701228018626,1.084025450879,1,0
4376,0.9940703091910201,56.754222355972,1.084025450879,1,0
4377,0.9949174078780176,56.493616170316,1.084025450879,1,0
4378,0.9960468727940137,55.963733357188,1.084025450879,1,0
4379,0.9940703091910201,55.922617586575,1.084025450879,1,0
4380,0.9949174078780176,55.572710526937,1.084025450879,1,0
4381,0.9949174078780176,55.304632896723,1.084025450879,1,0
4382,0.9949174078780176,55.018578520008,1.084025450879,1,0
4383,0.9946350416490191,55.463115197889,1.084025450879,1,0
4384,0.9937879429620216,55.574259697631,1.084025450879,1,0
4385,0.9940703091910201,55.280264368446,1.084025450879,1,0
4386,0.9935055767330221,55.565711648274,1.084025450879,1,0
4387,0.9935055767330221,55.846900357593,1.084025450879,1,0
4388,0.9937879429620216,55.526716982089,1.084025450879,1,0
4389,0.9926584780460255,55.848579636079,1.084025450879,1,0
4390,0.9943526754200196,55.460762566517,1.084025450879,1,0
4391,0.9946350416490191,55.865782025421,1.084025450879,1,0
4392,0.9932232105040244,55.886285676551,1.084025450879,1,0
4393,0.9929408442750249,56.160892485599,1.084025450879,1,0
4394,0.9943526754200196,55.964702806984,1.084025450879,1,0
4395,0.9937879429620216,55.743556157299,1.084025450879,1,0
4396,0.9946350416490191,55.747393281042,1.084025450879,1,0
4397,0.9926584780460255,55.940862239985,1.084025450879,1,0
4398,0.9932232105040244,55.832413262969,1.084025450879,1,0
4399,0.9923761118170269,55.898172939389,1.084025450879,1,0
4400,0.9943526754200196,55.934965993944,1.084025450879,1,0
4401,0.9943526754200196,55.981850387162,1.084025450879,1,0
4402,0.9943526754200196,55.231372880641,1.084025450879,1,0
4403,0.9937879429620216,55.421521233834,1.084025450879,1,0
4404,0.9929408442750249,55.609264522047,1.084025450879,1,0
4405,0.9937879429620216,55.580226020531,1.084025450879,1,0
4406,0.9940703091910201,55.520573643098,1.084025450879,1,0
4407,0.9943526754200196,55.301259463844,1.084025450879,1,0
4408,0.9940703091910201,54.986767070325,1.084025450879,1,0
4409,0.9940703091910201,54.930866908565,1.084025450879,1,0
4410,0.9946350416490191,54.880416354205,1.084025450879,1,0
4411,0.9946350416490191,54.769459736071,1.084025450879,1,0
4412,0.9935055767330221,54.604712448332,1.084025450879,1,0
4413,0.9937879429620216,54.704700719227,1.084025450879,1,0
4414,0.9946350416490191,54.220586535382,1.084025450879,1,0
4415,0.9932232105040244,54.52021537148,1.084025450879,1,0
4416,0.9937879429620216,54.417696925906,1.084025450879,1,0
4417,0.9935055767330221,54.18495649646,1.084025450879,1,0
4418,0.9940703091910201,54.232440251786,1.084025450879,1,0
4419,0.9940703091910201,54.262882906494,1.084025450879,1,0
4420,0.9940703091910201,54.12774434954,1.084025450879,1,0
4421,0.9940703091910201,54.053748835515,1.084025450879,1,0
4422,0.9932232105040244,54.514866463519,1.084025450879,1,0
4423,0.9935055767330221,54.614107326374,1.084025450879,1,0
4424,0.9940703091910201,54.627094958678,1.084025450879,1,0
4425,0.9943526754200196,54.429680024833,1.084025450879,1,0
4426,0.9954821403360157,54.128104473001,1.084025450879,1,0
4427,0.9943526754200196,54.264998927247,1.084025450879,1,0
4428,0.9943526754200196,54.020273988384,1.084025450879,1,0
4429,0.9943526754200196,54.001059788927,1.084025450879,1,0
4430,0.9943526754200196,54.074063572929,1.084025450879,1,0
4431,0.9932232105040244,54.234726918584,1.084025450879,1,0
4432,0.9923761118170269,54.522645130768,1.084025450879,1,0
4433,0.9943526754200196,54.384202666602,1.084025450879,1,0
4434,0.9937879429620216,54.386788141656,1.084025450879,1,0
4435,0.9926584780460255,54.687405336351,1.084025450879,1,0
4436,0.9943526754200196,54.823507220765,1.084025450879,1,0
4437,0.9929408442750249,54.721448884099,1.084025450879,1,0
4438,0.9951997741070171,54.427400240713,1.084025450879,1,0
4439,0.9943526754200196,54.596282255173,1.084025450879,1,0
4440,0.9943526754200196,54.369213663556,1.084025450879,1,0
4441,0.9943526754200196,54.433685846401,1.084025450879,1,0
4442,0.9963292390230132,54.185227245416,1.084025450879,1,0
4443,0.9937879429620216,54.511299543419,1.084025450879,1,0
4444,0.9954821403360157,54.217140786398,1.084025450879,1,0
4445,0.9949174078780176,54.407595581574,1.084025450879,1,0
4446,0.9940703091910201,54.191374059571,1.084025450879,1,0
4447,0.9940703091910201,54.575680025218,1.084025450879,1,0
4448,0.991811379359028,54.794269551133,1.084025450879,1,0
4449,0.9951997741070171,54.747883140852,1.084025450879,1,0
4450,0.9935055767330221,54.612676393085,1.084025450879,1,0
4451,0.9935055767330221,54.608596065384,1.084025450879,1,0
4452,0.9946350416490191,54.560876252881,1.084025450879,1,0
4453,0.9946350416490191,54.140494900511,1.084025450879,1,0
4454,0.9937879429620216,54.380557432111,1.084025450879,1,0
4455,0.9932232105040244,54.511223099398,1.084025450879,1,0
4456,0.9935055767330221,54.577625497239,1.084025450879,1,0
4457,0.9951997741070171,54.204673089465,1.084025450879,1,0
4458,0.9935055767330221,54.375851065332,1.084025450879,1,0
4459,0.9937879429620216,54.085313579878,1.084025450879,1,0
4460,0.9935055767330221,54.448524038829,1.084025450879,1,0
4461,0.9949174078780176,54.015956021862,1.084025450879,1,0
4462,0.9937879429620216,53.948026318448,1.084025450879,1,0
4463,0.9946350416490191,53.666567293702,1.084025450879,1,0
4464,0.9932232105040244,53.863653660302,1.084025450879,1,0
4465,0.9935055767330221,53.776531306531,1.084025450879,1,0
4466,0.9923761118170269,54.225041691715,1.084025450879,1,0
4467,0.9935055767330221,54.357624926642,1.084025450879,1,0
4468,0.9926584780460255,54.633726893224,1.084025450879,1,0
4469,0.9929408442750249,54.560886324864,1.084025450879,1,0
4470,0.9943526754200196,54.646749411881,1.084025450879,1,0
4471,0.9949174078780176,54.402242041397,1.084025450879,1,0
4472,0.9929408442750249,54.728665091571,1.084025450879,1,0
4473,0.9946350416490191,54.633921286642,1.084025450879,1,0
4474,0.9926584780460255,54.98307491796,1.084025450879,1,0
4475,0.9937879429620216,55.009368735972,1.084025450879,1,0
4476,0.9929408442750249,55.147074501296,1.084025450879,1,0
4477,0.9946350416490191,54.889379558658,1.084025450879,1,0
4478,0.9926584780460255,55.246017797609,1.084025450879,1,0
4479,0.9926584780460255,55.255555918647,1.084025450879,1,0
4480,0.9949174078780176,55.246172000721,1.084025450879,1,0
4481,0.9949174078780176,55.064692380601,1.084025450879,1,0
4482,0.9923761118170269,55.502380837514,1.084025450879,1,0
4483,0.9943526754200196,55.277785534152,1.084025450879,1,0
4484,0.9940703091910201,55.383274589797,1.084025450879,1,0
4485,0.9937879429620216,55.22805571849,1.084025450879,1,0
4486,0.9932232105040244,55.562014829836,1.084025450879,1,0
4487,0.9946350416490191,55.324128656347,1.084025450879,1,0
4488,0.9946350416490191,55.324920772953,1.084025450879,1,0
4489,0.9937879429620216,55.007369351113,1.084025450879,1,0
4490,0.9940703091910201,55.687870050621,1.084025450879,1,0
4491,0.9932232105040244,55.5599552254,1.084025450879,1,0
4492,0.9923761118170269,56.068865953142,1.084025450879,1,0
4493,0.9951997741070171,55.533288297004,1.084025450879,1,0
4494,0.9926584780460255,56.194107512107,1.084025450879,1,0
4495,0.9935055767330221,55.782434279773,1.084025450879,1,0
4496,0.9943526754200196,55.797507969227,1.084025450879,1,0
4497,0.9946350416490191,55.353216614618,1.084025450879,1,0
4498,0.9946350416490191,55.411049767346,1.084025450879,1,0
4499,0.9932232105040244,55.639895127169,1.084025450879,1,0
4500,0.9937879429620216,55.31736105004,1.084025450879,1,0
4501,0.9946350416490191,55.247205910282,1.084025450879,1,0
4502,0.9954821403360157,55.129533906747,1.084025450879,1,0
4503,0.9937879429620216,55.102879603349,1.084025450879,1,0
4504,0.9937879429620216,55.306339466443,1.084025450879,1,0
4505,0.9937879429620216,55.148306008395,1.084025450879,1,0
4506,0.9949174078780176,55.526314828973,1.084025450879,1,0
4507,0.9946350416490191,55.448456570647,1.084025450879,1,0
4508,0.9937879429620216,55.707631795197,1.084025450879,1,0
4509,0.9954821403360157,55.584873491026,1.084025450879,1,0
4510,0.9932232105040244,55.723426208861,1.084025450879,1,0
4511,0.9932232105040244,55.715387309521,1.084025450879,1,0
4512,0.9932232105040244,55.560861976109,1.084025450879,1,0
4513,0.9949174078780176,55.459956759605,1.084025450879,1,0
4514,0.9940703091910201,55.423208375997,1.084025450879,1,0
4515,0.9935055767330221,55.362258100086,1.084025450879,1,0
4516,0.9943526754200196,55.530914179544,1.084025450879,1,0
4517,0.9932232105040244,55.894827747201,1.084025450879,1,0
4518,0.9932232105040244,56.051957184369,1.084025450879,1,0
4519,0.9932232105040244,55.694490574015,1.084025450879,1,0
4520,0.9960468727940137,55.445117923443,1.084025450879,1,0
4521,0.9949174078780176,55.521601194154,1.084025450879,1,0
4522,0.9926584780460255,55.529513318351,1.084025450879,1,0
4523,0.9949174078780176,55.507657586931,1.084025450879,1,0
4524,0.9926584780460255,55.61815273615,1.084025450879,1,0
4525,0.9935055767330221,56.018153846111,1.084025450879,1,0
4526,0.9932232105040244,56.065000975913,1.084025450879,1,0
4527,0.9940703091910201,56.105430087583,1.084025450879,1,0
4528,0.9923761118170269,56.305071575666,1.084025450879,1,0
4529,0.9926584780460255,56.295170531953,1.084025450879,1,0
4530,0.9943526754200196,56.092961514433,1.084025450879,1,0
4531,0.9935055767330221,56.068558294274,1.084025450879,1,0
4532,0.9935055767330221,55.949443795279,1.084025450879,1,0
4533,0.9946350416490191,55.768113720263,1.084025450879,1,0
4534,0.9935055767330221,55.823788554301,1.084025450879,1,0
4535,0.9926584780460255,56.273440737716,1.084025450879,1,0
4536,0.9940703091910201,56.10862014666,1.084025450879,1,0
4537,0.9915290131300294,56.583437490773,1.084025450879,1,0
4538,0.9935055767330221,56.287326682242,1.084025450879,1,0
4539,0.9940703091910201,56.247799712139,1.084025450879,1,0
4540,0.991811379359028,56.205895337446,1.084025450879,1,0
4541,0.9937879429620216,56.721853091553,1.084025450879,1,0
4542,0.9943526754200196,56.628620867919,1.084025450879,1,0
4543,0.9954821403360157,56.175015621178,1.084025450879,1,0
4544,0.9923761118170269,56.531049749761,1.084025450879,1,0
4545,0.9926584780460255,57.022634721841,1.084025450879,1,0
4546,0.9943526754200196,56.696959107484,1.084025450879,1,0
4547,0.9940703091910201,56.38934939451,1.084025450879,1,0
4548,0.9937879429620216,56.469464834521,1.084025450879,1,0
4549,0.9940703091910201,56.302503318998,1.084025450879,1,0
4550,0.9932232105040244,56.459969655008,1.084025450879,1,0
4551,0.9954821403360157,56.455010956655,1.084025450879,1,0
4552,0.9940703091910201,56.448023948721,1.084025450879,1,0
4553,0.9937879429620216,56.264448452887,1.084025450879,1,0
4554,0.9940703091910201,56.629095002334,1.084025450879,1,0
4555,0.9946350416490191,56.177955231594,1.084025450879,1,0
4556,0.9949174078780176,55.759978389519,1.084025450879,1,0
4557,0.9946350416490191,56.05439649351,1.084025450879,1,0
4558,0.9935055767330221,55.629162028495,1.084025450879,1,0
4559,0.9940703091910201,55.556687880156,1.084025450879,1,0
4560,0.9946350416490191,55.4997670818,1.084025450879,1,0
4561,0.9960468727940137,55.436167232149,1.084025450879,1,0
4562,0.9949174078780176,55.308913788502,1.084025450879,1,0
4563,0.9943526754200196,55.166334252101,1.084025450879,1,0
4564,0.9937879429620216,55.19485601367,1.084025450879,1,0
4565,0.9940703091910201,55.146288952447,1.084025450879,1,0
4566,0.9943526754200196,55.271049115776,1.084025450879,1,0
4567,0.9926584780460255,55.354329686275,1.084025450879,1,0
4568,0.9926584780460255,55.630638785976,1.084025450879,1,0
4569,0.9949174078780176,55.484178920951,1.084025450879,1,0
4570,0.9937879429620216,55.664679178049,1.084025450879,1,0
4571,0.9949174078780176,55.738927975448,1.084025450879,1,0
4572,0.9932232105040244,55.816270221922,1.084025450879,1,0
4573,0.9932232105040244,55.816162782604,1.084025450879,1,0
4574,0.9954821403360157,55.577965225283,1.084025450879,1,0
4575,0.9943526754200196,55.691960924655,1.084025450879,1,1
4576,0.9951997741070171,55.266679789862,1.084025450879,1,1
4577,0.9943526754200196,55.429233061211,1.084025450879,1,1
4578,0.9940703091910201,55.426718144888,1.084025450879,1,1
4579,0.9937879429620216,55.243352975692,1.084025450879,1,1
4580,0.9937879429620216,55.492941611133,1.084025450879,1,1
4581,0.9946350416490191,55.165526233898,1.084025450879,1,1
4582,0.9960468727940137,54.784257127644,1.084025450879,1,1
4583,0.9943526754200196,54.736267261918,1.084025450879,1,1
4584,0.9946350416490191,54.674020140558,1.084025450879,1,1
4585,0.9943526754200196,54.923301909188,1.084025450879,1,1
4586,0.9937879429620216,54.753486539148,1.084025450879,1,1
4587,0.9943526754200196,54.804102250197,1.084025450879,1,1
4588,0.9935055767330221,54.615665462428,1.084025450879,1,1
4589,0.9951997741070171,54.382980725982,1.084025450879,1,1
4590,0.9943526754200196,54.250139991966,1.084025450879,1,1
4591,0.9940703091910201,54.30057278764,1.084025450879,1,1
4592,0.9954821403360157,53.702503949749,1.084025450879,1,1
4593,0.9940703091910201,53.405900884346,1.084025450879,1,1
4594,0.9932232105040244,53.680916510282,1.084025450879,1,1
4595,0.9949174078780176,53.394358457897,1.084025450879,1,1
4596,0.9932232105040244,53.358179190006,1.084025450879,1,1
4597,0.9920937455880274,53.715341321141,1.084025450879,1,1
4598,0.9940703091910201,53.846218965914,1.084025450879,1,1
4599,0.9940703091910201,53.510778783495,1.084025450879,1,1
4600,0.9937879429620216,53.593607291333,1.084025450879,1,1
4601,0.9940703091910201,53.313979528231,1.084025450879,1,1
4602,0.9946350416490191,52.957978683872,1.084025450879,1,1
4603,0.9935055767330221,53.073579774644,1.084025450879,1,1
4604,0.9929408442750249,52.86052324721,1.084025450879,1,1
4605,0.9940703091910201,52.897049247731,1.084025450879,1,1
4606,0.9937879429620216,52.980176738847,1.084025450879,1,1
4607,0.9940703091910201,53.12756439509,1.084025450879,1,1
4608,0.9951997741070171,52.68285246323,1.084025450879,1,1
4609,0.9932232105040244,52.766498504161,1.084025450879,1,1
4610,0.9935055767330221,52.994764205697,1.084025450879,1,1
4611,0.9943526754200196,52.869754733458,1.084025450879,1,1
4612,0.9957645065650143,52.508445201683,1.084025450879,1,1
4613,0.9935055767330221,52.678938730809,1.084025450879,1,1
4614,0.9937879429620216,52.687028803034,1.084025450879,1,1
4615,0.9937879429620216,52.764746121642,1.084025450879,1,1
4616,0.9929408442750249,53.064174247565,1.084025450879,1,1
4617,0.7865311308767478,272.76465209159,1.084025450879,1,1
4618,0.9116193703233089,291.50060911393,1.084025450879,1,1
4619,0.9313850063532403,308.518436596927,1.084025450879,1,1
4620,-0.1636312297049276,1504.386471848118,1.084025450879,1,1
4621,-0.1723845828038968,2104.768032144148,1.084025450879,1,1
4622,-0.17379641394889234,2595.360712466358,1.084025450879,1,1
4623,-0.16589015953691977,2955.192567003586,1.084025450879,1,1
4624,-0.17012565297190463,3313.491978465354,1.084025450879,1,1
4625,-0.17069038542990267,3677.860335339994,1.084025450879,1,1
4626,-0.1732316814908934,3969.492114942512,1.084025450879,1,1
4627,-0.17549061132288646,4244.522502910805,1.084025450879,1,1
4628,-0.17746717492587916,4493.78542930955,1.084025450879,1,1
4629,-0.17859663984187524,4730.896519774258,1.084025450879,1,1
4630,-0.2057037978257803,4963.240840385918,1.084025450879,1,1
4631,-0.20937455880276712,5211.931731261217,1.084025450879,1,1
4632,-0.21586898206974503,5405.140454668397,1.084025450879,1,1
4633,-0.21925737681773239,5632.464952673232,1.084025450879,1,1
4634,-0.22123394042072597,5834.002001149312,1.084025450879,1,1
4635,-0.22518706762671226,6068.665893089799,1.084025450879,1,1
4636,-0.22744599745870442,6231.209476874755,1.084025450879,1,1
4637,0.22321050402371867,6317.131061584184,1.084025450879,1,1
4638,0.37540590145418573,6395.796701727671,1.084025450879,1,1
4639,0.6267118452633067,6394.56008275928,1.084025450879,1,1
4640,0.6303826062402935,6438.959344433197,1.084025450879,1,1
4641,0.630100240011294,6426.906489674273,1.084025450879,1,1
4642,0.6309473386982916,6473.98277101174,1.084025450879,1,1
4643,0.6515600734152196,6492.938801813484,1.084025450879,1,1
4644,0.6524071721022171,6482.951727226015,1.084025450879,1,1
4645,0.6532542707892137,6507.471988262326,1.084025450879,1,1
4646,0.6541013694762103,6546.193393330332,1.084025450879,1,1
4647,0.6541013694762103,6511.435873879775,1.084025450879,1,1
4648,0.6541013694762103,6544.021190027195,1.084025450879,1,1
4649,0.6524071721022171,6527.283751073773,1.084025450879,1,1
4650,0.6521248058732176,6566.120743547465,1.084025450879,1,1
4651,0.6521248058732176,6549.912131453596,1.084025450879,1,1
4652,0.6515600734152196,6565.105994820904,1.084025450879,1,1
4653,0.6509953409572207,6558.986964140539,1.084025450879,1,1
4654,0.6504306084992235,6584.099546767098,1.084025450879,1,1
4655,0.649018777354228,6562.291468284601,1.084025450879,1,1
4656,0.6504306084992235,6571.997445692728,1.084025450879,1,1
4657,0.6476069462092333,6574.654037144212,1.084025450879,1,1
4658,0.6789495976281241,6591.238813266122,1.084025450879,1,1
4659,0.6829027248341104,6592.794338876946,1.084025450879,1,1
4660,0.6837498235211061,6605.083387107568,1.084025450879,1,1
4661,0.6843145559791051,6592.854259783293,1.084025450879,1,1
4662,0.6862911195820978,6615.788259928132,1.084025450879,1,1
4663,0.6845969222081036,6585.217732630997,1.084025450879,1,1
4664,0.6857263871240997,6618.892547026361,1.084025450879,1,1
4665,0.6868558520400958,6628.696431822717,1.084025450879,1,1
4666,0.6879853169560919,6652.178714603149,1.084025450879,1,1
4667,0.6877029507270924,6659.134009573887,1.084025450879,1,1
4668,0.6877029507270924,6647.366477750357,1.084025450879,1,1
4669,0.6877029507270924,6661.126899681538,1.084025450879,1,1
4670,0.6868558520400958,6673.65694038563,1.084025450879,1,1
4671,0.6874205844980938,6674.329178845142,1.084025450879,1,1
4672,0.6868558520400958,6704.652969241169,1.084025450879,1,1
4673,0.6879853169560919,6685.233250572539,1.084025450879,1,1
4674,0.6809261612311168,6700.494824723349,1.084025450879,1,1
4675,0.6783848651701252,6713.574702063533,1.084025450879,1,1
4676,0.6814908936891149,6712.343322650312,1.084025450879,1,1
4677,0.6792319638571227,6742.004893022377,1.084025450879,1,1
4678,0.6783848651701252,6716.015144077182,1.084025450879,1,1
4679,0.6778201327121272,6745.271390131758,1.084025450879,1,1
4680,0.6862911195820978,6727.490053462692,1.084025450879,1,1
4681,0.6871382182690953,6746.473389475077,1.084025450879,1,1
4682,0.6879853169560919,6727.90986885301,1.084025450879,1,1
4683,0.6845969222081036,6740.696360787898,1.084025450879,1,1
4684,0.6939150077650709,6585.864879783408,1.084025450879,1,1
4685,0.6806437950021174,6429.339337855225,1.084025450879,1,1
4686,0.44289143018494936,6322.672681622792,1.084025450879,1,1
4687,-0.30057885076944757,6355.480167033581,1.084025450879,1,1
4688,-0.4423266977269513,6442.739887799538,1.084025450879,1,1
4689,-0.9234787519412677,6743.868611944555,1.084025450879,1,1
4690,-1.0,7020.005719734094,1.084025450879,1,1
4691,-0.8229563744176192,7257.217311408008,1.084025450879,1,1
4692,-0.8240858393336161,7467.069549252281,1.084025450879,1,1
4693,-0.83425102357758,7733.612954805935,1.084025450879,1,1
4694,-0.8257800367076102,7920.530632138415,1.084025450879,1,1
4695,-0.8226740081886206,8015.738661510771,1.084025450879,1,1
4696,-0.822391641959622,8271.012782132604,1.084025450879,1,1
4697,-0.8192856134406323,8490.749751862206,1.084025450879,1,1
4698,-0.8215445432726245,8651.769824929459,1.084025450879,1,1
4699,-0.8161795849216436,8856.613468464704,1.084025450879,1,1
4700,-0.8133559226316533,8998.421962493841,1.084025450879,1,1
4701,-0.8110969927996612,9213.476530419792,1.084025450879,1,1
4702,-0.8116617252576592,9450.852933460803,1.084025450879,1,1
4703,-0.8068614993646763,9727.790165091612,1.084025450879,1,1
4704,-0.8062967669066783,9969.17548423871,1.084025450879,1,1
4705,-0.808838062967669,10209.202612402703,1.084025450879,1,1
4706,-0.8147677537766489,10441.796592734861,1.084025450879,1,1
4707,-0.8167443173796416,10682.093325558588,1.084025450879,1,1
4708,-0.81420302131865,10905.535137808925,1.084025450879,1,1
4709,-0.8167443173796416,11139.694014869412,1.084025450879,1,1
4710,-0.8184385147536357,11335.411352234618,1.084025450879,1,1
4711,-0.8178737822956377,11557.758121117902,1.084025450879,1,1
4712,-0.8125088239446567,11730.378404136867,1.084025450879,1,1
4713,-0.8136382888606519,11944.59394395762,1.084025450879,1,1
4714,-0.8156148524636455,12180.608351280362,1.084025450879,1,1
4715,-0.8130735564026548,12375.048096413204,1.084025450879,1,1
4716,-0.8116617252576592,12542.336791984791,1.084025450879,1,1
4717,-0.8085556967386704,12769.123679457216,1.084025450879,1,1
4718,-0.828886065226599,12975.758643089996,1.084025450879,1,1
4719,-0.8280389665396024,13162.960429641787,1.084025450879,1,1
4720,-0.8257800367076102,13357.091754301162,1.084025450879,1,1
4721,-0.8269095016236054,13525.510120707198,1.084025450879,1,1
4722,-0.8252153042496113,13661.178470835424,1.084025450879,1,1
4723,-0.8274742340816035,13845.015209860707,1.084025450879,1,1
4724,-0.8252153042496113,13993.337145385678,1.084025450879,1,1
4725,-0.8266271353946069,14147.492998297106,1.084025450879,1,1
4726,-0.8254976704786108,14361.731685889948,1.084025450879,1,1
4727,-0.8249329380206127,14525.25041479574,1.084025450879,1,1
4728,-0.8269095016236054,14740.114790163687,1.084025450879,1,1
4729,-0.8235211068756172,14870.61162788169,1.084025450879,1,1
4730,-0.8254976704786108,15039.244417321577,1.084025450879,1,1
4731,-0.8235211068756172,15203.367491069677,1.084025450879,1,1
4732,-0.8190032472116329,15398.455314733272,1.084025450879,1,1
4733,-0.8195679796696318,15555.257023551612,1.084025450879,1,1
4734,-0.8184385147536357,15683.063573052978,1.084025450879,1,1
4735,-0.8173090498376387,15768.220773954085,1.084025450879,1,1
4736,-0.8167443173796416,15958.02493532159,1.084025450879,1,1
4737,-0.8156148524636455,16097.536240904563,1.084025450879,1,1
4738,-0.8158972186926441,16261.302803648508,1.084025450879,1,1
4739,-0.8130735564026548,16414.33047610215,1.084025450879,1,1
4740,-0.8161795849216436,16548.43150504189,1.084025450879,1,1
4741,-0.8156148524636455,16681.147039042455,1.084025450879,1,1
4742,-0.8147677537766489,16833.44947838731,1.084025450879,1,1
4743,-0.8170266836086402,16976.074094477673,1.084025450879,1,1
4744,-0.8144853875476494,17125.053358426932,1.084025450879,1,1
4745,-0.81420302131865,17245.090253830964,1.084025450879,1,1
4746,-0.8192856134406323,17306.226243972673,1.084025450879,1,1
4747,-0.8229563744176192,17454.22820198709,1.084025450879,1,1
4748,-0.8221092757306225,17626.35450095454,1.084025450879,1,1
4749,-0.8252153042496113,17753.900101750813,1.084025450879,1,1
4750,-0.8252153042496113,17828.4133730896,1.084025450879,1,1
4751,-0.822391641959622,17860.429836248855,1.084025450879,1,1
4752,-0.8226740081886206,17919.521533988038,1.084025450879,1,1
4753,-0.8427220104475506,17907.309004249935,1.084025450879,1,1
4754,-0.8432867429055486,17876.00431321278,1.084025450879,1,1
4755,-0.8449809402795427,17879.294229186056,1.084025450879,1,1
4756,-0.84300437667655,17887.98202702532,1.084025450879,1,0
4757,-0.8458280389665394,17889.68252041757,1.084025450879,1,0
4758,-0.8432867429055486,17892.522680777587,1.084025450879,1,0
4759,-0.8475222363405344,17896.483343711556,1.084025450879,1,0
4760,-0.8458280389665394,17900.056900237454,1.084025450879,1,0
4761,-0.8449809402795427,17904.135473560054,1.084025450879,1,0
4762,-0.8455456727375408,17907.67452820544,1.084025450879,1,0
4763,-0.8472398701115349,17912.402636518298,1.084025450879,1,0
4764,-0.8300155301425951,17915.046002560564,1.084025450879,1,0
4765,-0.8300155301425951,17957.44231464451,1.084025450879,1,0
4766,-0.8280389665396024,17914.80271919527,1.084025450879,1,0
4767,-0.8291684314555976,17918.341030024018,1.084025450879,1,0
4768,-0.8319920937455887,17922.300716054182,1.084025450879,1,0
4769,-0.8322744599745873,17931.38683780127,1.084025450879,1,0
4770,-0.8300155301425951,17933.656058527977,1.084025450879,1,0
4771,-0.8249329380206127,17934.98598696265,1.084025450879,1,0
4772,-0.822391641959622,17936.23196006757,1.084025450879,1,0
4773,-0.8240858393336161,17933.417210021988,1.084025450879,1,0
4774,-0.8232387406466186,17934.195753297507,1.084025450879,1,0
4775,-0.8226740081886206,17934.911615414014,1.084025450879,1,0
4776,-0.8229563744176192,17940.509484175276,1.084025450879,1,0
4777,-0.8260624029366088,17936.58888016759,1.084025450879,1,0
4778,-0.6744317379641398,17916.038951898492,1.084025450879,1,0
4779,-0.6879853169560919,17898.02769677012,1.084025450879,1,0
4780,-0.6727375405901457,17879.215883597077,1.084025450879,1,0
4781,-0.6724551743611462,17859.993238222636,1.084025450879,1,0
4782,-0.6797966963151207,17830.446996229544,1.084025450879,1,0
4783,-0.6797966963151207,17810.57628418417,1.084025450879,1,0
4784,-0.6800790625441193,17786.13355778811,1.084025450879,1,0
4785,-0.6809261612311168,17768.49750387555,1.084025450879,1,0
4786,-0.6795143300861213,17747.158951017012,1.084025450879,1,0
4787,-0.6795143300861213,17726.14301900935,1.084025450879,1,0
4788,-0.6792319638571227,17704.11371860183,1.084025450879,1,0
4789,-0.6806437950021182,17684.827311993286,1.084025450879,1,0
4790,-0.6812085274601154,17655.950217703947,1.084025450879,1,0
4791,-0.6812085274601154,17633.90739936702,1.084025450879,1,0
4792,-0.6752788366511373,17611.323765625137,1.084025450879,1,0
4793,-0.6741493717351403,17588.72647985522,1.084025450879,1,0
4794,-0.6730199068191451,17571.244137840575,1.084025450879,1,0
4795,-0.6735846392771423,17548.865407856978,1.084025450879,1,0
4796,-0.6730199068191451,17526.564616600168,1.084025450879,1,0
4797,-0.6820556261471129,17501.26106996602,1.084025450879,1,0
4798,-0.6826203586051109,17480.36806900486,1.084025450879,1,0
4799,-0.6995623323450513,17462.35837894154,1.084025450879,1,0
4800,-0.6749964704221378,17441.218744971622,1.084025450879,1,0
4801,-0.6758435691091345,17420.484588463314,1.084025450879,1,0
4802,-0.6727375405901457,17399.04732019487,1.084025450879,1,0
4803,-0.6733022730481437,17384.277494702146,1.084025450879,1,0
4804,-0.6724551743611462,17355.934622058216,1.084025450879,1,0
4805,-0.6741493717351403,17332.515810423716,1.084025450879,1,0
4806,-0.6730199068191451,17310.787763614506,1.084025450879,1,0
4807,-0.6735846392771423,17291.448825741816,1.084025450879,1,0
4808,-0.6724551743611462,17273.7533885977,1.084025450879,1,0
4809,-0.6735846392771423,17252.684194052017,1.084025450879,1,0
4810,-0.6738670055061409,17230.926140239335,1.084025450879,1,0
4811,-0.6730199068191451,17206.877103820087,1.084025450879,1,0
4812,-0.6724551743611462,17179.883257138088,1.084025450879,1,0
4813,-0.6741493717351403,17162.91421104716,1.084025450879,1,0
4814,-0.6752788366511373,17133.234860079127,1.084025450879,1,0
4815,-0.6735846392771423,17110.98984210216,1.084025450879,1,0
4816,-0.6738670055061409,17087.25746402104,1.084025450879,1,0
4817,-0.6730199068191451,17061.607681474357,1.084025450879,1,0
4818,-0.6744317379641398,17035.259078572053,1.084025450879,1,0
4819,-0.6860087533530992,17009.454528410493,1.084025450879,1,0
4820,-0.6744317379641398,16983.971581815505,1.084025450879,1,0
4821,-0.6730199068191451,16956.37746050053,1.084025450879,1,0
4822,-0.6733022730481437,16929.52210916844,1.084025450879,1,0
4823,-0.6823379923761124,16904.468489755578,1.084025450879,1,0
4824,-0.6826203586051109,16878.407072823386,1.084025450879,1,0
4825,-0.6831850910631081,16852.921259670642,1.084025450879,1,0
4826,-0.6724551743611462,16825.960275768528,1.084025450879,1,0
4827,-0.6730199068191451,16798.074321086973,1.084025450879,1,0
4828,-0.6707609769871521,16778.15186873297,1.084025450879,1,0
4829,-0.6741493717351403,16753.656723828313,1.084025450879,1,0
4830,-0.6730199068191451,16729.25728154862,1.084025450879,1,0
4831,-0.6727375405901457,16704.54911064624,1.084025450879,1,0
4832,-0.6716080756741487,16679.13433981347,1.084025450879,1,0
4833,-0.6718904419031482,16653.829039952387,1.084025450879,1,0
4834,-0.6721728081321476,16629.173345566986,1.084025450879,1,0
4835,-0.6730199068191451,16604.57452631551,1.084025450879,1,0
4836,-0.6716080756741487,16580.427658468685,1.084025450879,1,0
4837,-0.6707609769871521,16556.30965646024,1.084025450879,1,0
4838,-0.6871382182690944,16534.12892134026,1.084025450879,1,0
4839,-0.695044472681067,16519.18254896338,1.084025450879,1,0
4840,-0.6792319638571227,16496.722510521122,1.084025450879,1,0
4841,-0.6800790625441193,16472.919215600105,1.084025450879,1,0
4842,-0.6806437950021182,16474.03206977249,1.084025450879,1,0
4843,-0.6806437950021182,16473.063734703937,1.084025450879,1,0
4844,-0.6806437950021182,16468.958863266227,1.084025450879,1,0
4845,-0.6812085274601154,16470.28541640546,1.084025450879,1,0
4846,-0.7035154595510376,16473.917192489484,1.084025450879,1,0
4847,-0.7046449244670336,16482.77874136993,1.084025450879,1,0
4848,-0.7153748411689964,16488.283079323486,1.084025450879,1,0
4849,-0.71735140477199,16493.9691288028,1.084025450879,1,0
4850,-0.7179161372299872,16499.974739040197,1.084025450879,1,0
4851,-0.7085980516730199,16504.59973949982,1.084025450879,1,0
4852,-0.7105746152760126,16509.511672167566,1.084025450879,1,0
4853,-0.7100098828180146,16514.039288386743,1.084025450879,1,0
4854,-0.7108569815050121,16518.620439791273,1.084025450879,1,0
4855,-0.7117040801920087,16523.16009627147,1.084025450879,1,0
4856,-0.7258223916419597,16531.16735798171,1.084025450879,1,0
4857,-0.7046449244670336,16535.87028527087,1.084025450879,1,0
4858,-0.6916560779330796,16575.071646708144,1.084025450879,1,0
4859,-0.690244246788084,16577.656765650372,1.084025450879,1,0
4860,-0.6888324156430885,16538.561487390456,1.084025450879,1,0
4861,-0.6874205844980938,16539.404162643194,1.084025450879,1,0
4862,-0.6877029507270933,16581.789562308564,1.084025450879,1,0
4863,-0.6877029507270933,16543.571209669375,1.084025450879,1,0
4864,-0.6806437950021182,16544.357356499466,1.084025450879,1,0
4865,-0.6806437950021182,16544.991823002278,1.084025450879,1,0
4866,-0.6789495976281241,16546.1899207751,1.084025450879,1,0
4867,-0.6792319638571227,16547.03819369757,1.084025450879,1,0
4868,-0.6775377664831286,16544.07065046054,1.084025450879,1,0
4869,-0.6783848651701261,16548.521458364557,1.084025450879,1,0
4870,-0.6781024989411266,16543.822923007734,1.084025450879,1,0
4871,-0.6781024989411266,16544.64133884169,1.084025450879,1,0
4872,-0.6877029507270933,16546.9118510239,1.084025450879,1,0
4873,-0.7054920231540311,16551.86849960982,1.084025450879,1,0
4874,-0.689679514330086,16554.42464808867,1.084025450879,1,0
4875,-0.6885500494140908,16556.517467266687,1.084025450879,1,0
4876,-0.6882676831850914,16559.045246478603,1.084025450879,1,0
4877,-0.6877029507270933,16561.27487475389,1.084025450879,1,0
4878,-0.6893971481010874,16563.231300016756,1.084025450879,1,0
4879,-0.6879853169560919,16565.560722066413,1.084025450879,1,0
4880,-0.6893971481010874,16568.036785209333,1.084025450879,1,0
4881,-0.7117040801920087,16573.944565562295,1.084025450879,1,0
4882,-0.7133982775660037,16585.15212855226,1.084025450879,1,0
4883,-0.7133982775660037,16589.302510872792,1.084025450879,1,0
4884,-0.7133982775660037,16595.115931653374,1.084025450879,1,0
4885,-0.7125511788790062,16601.101861697054,1.084025450879,1,0
4886,-0.7125511788790062,16607.467096937136,1.084025450879,1,0
4887,-0.7153748411689964,16612.727097038787,1.084025450879,1,0
4888,-0.715657207397995,16654.419954377332,1.084025450879,1,0
4889,-0.716221939855993,16622.932273106533,1.084025450879,1,0
4890,-0.715657207397995,16629.420976640602,1.084025450879,1,0
4891,-0.730340251305944,16638.159258281645,1.084025450879,1,0
4892,-0.7340110122829309,16647.788174101886,1.084025450879,1,0
4893,-0.7187632359169847,16691.40556437208,1.084025450879,1,0
4894,-0.7187632359169847,16661.858365113167,1.084025450879,1,0
4895,-0.7043625582380342,16703.344049039057,1.084025450879,1,0
4896,-0.7040801920090356,16708.66628087854,1.084025450879,1,0
4897,-0.7035154595510376,16713.48972409834,1.084025450879,1,0
4898,-0.6956092051390659,16674.91550633604,1.084025450879,1,0
4899,-0.6936326415360723,16678.114721553517,1.084025450879,1,0
4900,-0.6947621064520684,16681.409912078638,1.084025450879,1,0
4901,-0.6939150077650718,16686.347271855873,1.084025450879,1,0
4902,-0.6874205844980938,16686.370324380216,1.084025450879,1,0
4903,-0.6851616546661017,16685.034868265277,1.084025450879,1,0
4904,-0.6851616546661017,16685.967309732958,1.084025450879,1,0
4905,-0.6860087533530992,16686.870114251502,1.084025450879,1,0
4906,-0.6860087533530992,16688.02158902555,1.084025450879,1,0
4907,-0.6834674572921076,16688.210042483075,1.084025450879,1,0
4908,-0.6860087533530992,16687.354399083695,1.084025450879,1,0
4909,-0.6662431173231678,16685.16638030153,1.084025450879,1,0
4910,-0.6682196809261614,16679.617139116588,1.084025450879,1,0
4911,-0.6656783848651706,16673.832892650626,1.084025450879,1,0
4912,-0.6639841874911756,16666.026124839304,1.084025450879,1,0
4913,-0.6648312861781731,16658.057360723597,1.084025450879,1,0
4914,-0.6651136524071726,16650.0644174583,1.084025450879,1,0
4915,-0.6651136524071726,16643.165344096928,1.084025450879,1,0
4916,-0.6653960186361711,16636.357239959507,1.084025450879,1,0
4917,-0.6656783848651706,16629.49173971758,1.084025450879,1,0
4918,-0.6648312861781731,16622.34049264838,1.084025450879,1,0
4919,-0.6670902160101653,16617.400413837433,1.084025450879,1,0
4920,-0.6645489199491736,16607.738569417506,1.084025450879,1,0
4921,-0.6645489199491736,16600.02790941564,1.084025450879,1,0
4922,-0.6656783848651706,16596.286811248207,1.084025450879,1,0
4923,-0.6668078497811658,16597.749613315988,1.084025450879,1,0
4924,-0.6670902160101653,16594.643458450013,1.084025450879,1,0
4925,-0.6670902160101653,16591.63422369281,1.084025450879,1,0
4926,-0.6673725822391647,16583.063581544204,1.084025450879,1,0
4927,-0.6659607510941692,16581.351307451663,1.084025450879,1,0
4928,-0.6659607510941692,16578.88621171902,1.084025450879,1,0
4929,-0.6656783848651706,16576.64428177002,1.084025450879,1,0
4930,-0.6676549484681633,16575.127106225522,1.084025450879,1,0
4931,-0.6645489199491736,16572.793452975315,1.084025450879,1,0
4932,-0.6673725822391647,16571.449982578684,1.084025450879,1,0
4933,-0.6673725822391647,16569.680459247003,1.084025450879,1,0
4934,-0.6653960186361711,16567.560561313207,1.084025450879,1,0
4935,-0.6682196809261614,16566.20382557071,1.084025450879,1,0
4936,-0.6679373146971619,16562.926536203926,1.084025450879,1,0
4937,-0.6676549484681633,16557.068492874165,1.084025450879,1,0
4938,-0.6670902160101653,16553.89414960408,1.084025450879,1,0
4939,-0.6656783848651706,16550.256921113596,1.084025450879,1,0
4940,-0.6670902160101653,16547.143966765063,1.084025450879,1,0
4941,-0.6670902160101653,16544.067078263637,1.084025450879,1,0
4942,-0.6651136524071726,16540.13018272629,1.084025450879,1,0
4943,-0.6676549484681633,16535.52966883833,1.084025450879,1,0
4944,-0.6682196809261614,16532.210787353488,1.084025450879,1,0
4945,-0.6659607510941692,16526.70650906569,1.084025450879,1,0
4946,-0.6668078497811658,16518.06941267723,1.084025450879,1,0
4947,-0.6679373146971619,16510.893647070992,1.084025450879,1,0
4948,-0.6659607510941692,16503.72675677143,1.084025450879,1,0
4949,-0.6676549484681633,16496.855215789066,1.084025450879,1,0
4950,-0.6659607510941692,16489.531384601058,1.084025450879,1,0
4951,-0.6679373146971619,16482.31729903621,1.084025450879,1,0
4952,-0.6676549484681633,16474.726416918256,1.084025450879,1,0
4953,-0.6682196809261614,16467.16045488474,1.084025450879,1,0
4954,-0.6682196809261614,16459.9823333949,1.084025450879,1,0
4955,-0.6690667796131589,16450.38274042456,1.084025450879,1,0
4956,-0.6690667796131589,16440.250377518376,1.084025450879,1,0
4957,-0.6704786107581535,16432.877602784327,1.084025450879,1,0
4958,-0.6699138783001546,16425.21035571988,1.084025450879,1,0
4959,-0.670196244529154,16419.917147214703,1.084025450879,1,0
4960,-0.6693491458421574,16414.547703588512,1.084025450879,1,0
4961,-0.6676549484681633,16408.96444793325,1.084025450879,1,0
4962,-0.6707609769871521,16405.142724380043,1.084025450879,1,0
4963,-0.6718904419031482,16401.788323880308,1.084025450879,1,0
4964,-0.6690667796131589,16397.83182497239,1.084025450879,1,0
4965,-0.671325709445151,16394.40748964885,1.084025450879,1,0
4966,-0.6707609769871521,16391.745229379267,1.084025450879,1,0
4967,-0.6685020471551599,16389.161932508046,1.084025450879,1,0
4968,-0.671325709445151,16387.085576965077,1.084025450879,1,0
4969,-0.670196244529154,16384.556493903572,1.084025450879,1,0
4970,-0.670196244529154,16387.428621122363,1.084025450879,1,0
4971,-0.670196244529154,16385.417571533366,1.084025450879,1,0
4972,-0.6690667796131589,16377.472153394361,1.084025450879,1,0
4973,-0.6685020471551599,16383.147627034086,1.084025450879,1,0
4974,-0.6693491458421574,16383.295707023584,1.084025450879,1,0
4975,-0.6710433432161516,16378.86004560898,1.084025450879,1,0
4976,-0.6716080756741487,16385.337694008642,1.084025450879,1,0
4977,-0.6687844133841594,16380.663652462434,1.084025450879,1,0
4978,-0.670196244529154,16381.426914786616,1.084025450879,1,0
4979,-0.6687844133841594,16382.008681649677,1.084025450879,1,0
4980,-0.6685020471551599,16382.477577230651,1.084025450879,1,0
4981,-0.670196244529154,16383.197579300377,1.084025450879,1,0
4982,-0.671325709445151,16384.199794991986,1.084025450879,1,0
4983,-0.7004094310320479,16394.547453742773,1.084025450879,1,0
4984,-0.7012565297190454,16400.11932279499,1.084025450879,1,0
4985,-0.703233093322039,16406.09910938072,1.084025450879,1,0
4986,-0.7040801920090356,16411.902901744463,1.084025450879,1,0
4987,-0.7049272906960331,16417.91141941508,1.084025450879,1,0
4988,-0.7063391218410278,16424.178311748583,1.084025450879,1,0
4989,-0.7083156854440205,16430.5322705493,1.084025450879,1,0
4990,-0.7088804179020194,16437.104960812816,1.084025450879,1,0
4991,-0.7088804179020194,16443.61806138681,1.084025450879,1,0
4992,-0.7094451503600174,16450.151688367918,1.084025450879,1,0
4993,-0.6809261612311168,16488.877880376745,1.084025450879,1,0
4994,-0.6817732599181134,16491.026897404114,1.084025450879,1,0
4995,-0.6803614287731188,16493.533305159035,1.084025450879,1,0
4996,-0.6789495976281241,16454.081456340846,1.084025450879,1,0
4997,-0.6800790625441193,16455.894366943423,1.084025450879,1,0
4998,-0.6786672313991247,16457.82671763472,1.084025450879,1,0
4999,-0.6792319638571227,16464.644656751178,1.084025450879,1,0
5000,-0.6783848651701261,16466.144766914673,1.084025450879,1,0
5001,-0.6792319638571227,16468.11078775327,1.084025450879,1,0
5002,-0.6761259353381339,16469.555296870647,1.084025450879,1,0
5003,-0.6775377664831286,16471.45015154935,1.084025450879,1,0
5004,-0.6769730340251305,16473.012008190857,1.084025450879,1,0
5005,-0.6775377664831286,16474.467788217884,1.084025450879,1,0
5006,-0.67725540025413,16476.27992661943,1.084025450879,1,0
5007,-0.6769730340251305,16513.875246072985,1.084025450879,1,0
5008,-0.676690667796132,16473.720420359616,1.084025450879,1,0
5009,-0.6752788366511373,16475.328613178794,1.084025450879,1,0
5010,-0.6769730340251305,16476.900532461186,1.084025450879,1,0
5011,-0.6747141041931384,16477.947554849,1.084025450879,1,0
5012,-0.6758435691091345,16479.297287234203,1.084025450879,1,0
5013,-0.6735846392771423,16480.176487094173,1.084025450879,1,0
5014,-0.6738670055061409,16481.4254496672,1.084025450879,1,0
5015,-0.6724551743611462,16482.036898738916,1.084025450879,1,0
5016,-0.6735846392771423,16483.23109212494,1.084025450879,1,0
5017,-0.6724551743611462,16489.137645956795,1.084025450879,1,0
5018,-0.6730199068191451,16489.713728220333,1.084025450879,1,0
5019,-0.6727375405901457,16485.03981338789,1.084025450879,1,0
5020,-0.6724551743611462,16490.592092186616,1.084025450879,1,0
5021,-0.6735846392771423,16491.132016500374,1.084025450879,1,0
5022,-0.6727375405901457,16491.763466244316,1.084025450879,1,0
5023,-0.6724551743611462,16491.98989667119,1.084025450879,1,0
5024,-0.6721728081321476,16528.901245283658,1.084025450879,1,0
5025,-0.6764083015671325,16493.92389335356,1.084025450879,1,0
5026,-0.6752788366511373,16494.44087922474,1.084025450879,1,0
5027,-0.6749964704221378,16495.026066091734,1.084025450879,1,0
5028,-0.6761259353381339,16495.928085789747,1.084025450879,1,0
5029,-0.6749964704221378,16496.573917955746,1.084025450879,1,0
5030,-0.6778201327121272,16497.823888094168,1.084025450879,1,0
5031,-0.6795143300861213,16494.021748283096,1.084025450879,1,0
5032,-0.6871382182690944,16496.59790800276,1.084025450879,1,0
5033,-0.6871382182690944,16499.17906206473,1.084025450879,1,0
5034,-0.6868558520400958,16501.538992296322,1.084025450879,1,0
5035,-0.6860087533530992,16504.098622380818,1.084025450879,1,0
5036,-0.6854440208951011,16508.04526412583,1.084025450879,1,0
5037,-0.6786672313991247,16509.628320183354,1.084025450879,1,0
5038,-0.6792319638571227,16511.275411020426,1.084025450879,1,0
5039,-0.7009741634900468,16514.190524292688,1.084025450879,1,0
5040,-0.6956092051390659,16523.171893027535,1.084025450879,1,0
5041,-0.6893971481010874,16526.409865029524,1.084025450879,1,0
5042,-0.6888324156430885,16523.804538126806,1.084025450879,1,0
5043,-0.6967386700550611,16533.49254939867,1.084025450879,1,0
5044,-0.7241281942679656,16542.128886894756,1.084025450879,1,0
5045,-0.7249752929549631,16550.407232256643,1.084025450879,1,0
5046,-0.7275165890159538,16559.20214650967,1.084025450879,1,0
5047,-0.7289284201609485,16563.436412629224,1.084025450879,1,0
5048,-0.7306226175349435,16568.013283272965,1.084025450879,1,0
5049,-0.7306226175349435,16572.590922373103,1.084025450879,1,0
5050,-0.7325991811379362,16576.961403126952,1.084025450879,1,0
5051,-0.7328815473669348,16581.39930695295,1.084025450879,1,0
5052,-0.7342933785119303,16585.773492475277,1.084025450879,1,0
5053,-0.7368346745729211,16590.045189153123,1.084025450879,1,0
5054,-0.7359875758859244,16594.342241774517,1.084025450879,1,0
5055,-0.7396583368629113,16635.63259901284,1.084025450879,1,0
5056,-0.7396583368629113,16640.384125697678,1.084025450879,1,0
5057,-0.7410701680079059,16649.985588444077,1.084025450879,1,0
5058,-0.7416349004659049,16622.70731560267,1.084025450879,1,0
5059,-0.7405054355499079,16668.70888979344,1.084025450879,1,0
5060,-0.743893830297897,16642.097021922666,1.084025450879,1,0
5061,-0.7444585627558942,16651.97719533966,1.084025450879,1,0
5062,-0.7441761965268956,16662.132670509407,1.084025450879,1,0
5063,-0.7450232952138922,16672.31610432505,1.084025450879,1,0
5064,-0.7472822250458844,16719.833808189866,1.084025450879,1,0
5065,-0.7467174925878863,16730.374090384546,1.084025450879,1,0
5066,-0.7475645912748838,16741.475599691603,1.084025450879,1,0
5067,-0.7484116899618805,16752.380613173667,1.084025450879,1,0
5068,-0.7501058873358746,16763.527381837728,1.084025450879,1,0
5069,-0.7506706197938726,16775.035177223333,1.084025450879,1,0
5070,-0.7506706197938726,16786.406391599154,1.084025450879,1,0
5071,-0.7515177184808701,16797.96853741696,1.084025450879,1,0
5072,-0.7549061132288575,16810.21793708078,1.084025450879,1,0
5073,-0.7549061132288575,16785.379129569534,1.084025450879,1,0
5074,-0.7560355781448536,16797.644882503173,1.084025450879,1,0
5075,-0.7580121417478471,16810.40294375666,1.084025450879,1,0
5076,-0.7566003106028516,16822.717111137285,1.084025450879,1,0
5077,-0.7582945079768457,16836.07438749704,1.084025450879,1,0
5078,-0.7597063391218404,16849.147136760876,1.084025450879,1,0
5079,-0.7588592404348438,16862.45231489819,1.084025450879,1,0
5080,-0.7611181702668368,16913.124967105305,1.084025450879,1,0
5081,-0.7602710715798393,16926.372928206198,1.084025450879,1,0
5082,-0.7602710715798393,16940.009204893617,1.084025450879,1,0
5083,-0.7611181702668368,16953.535490152244,1.084025450879,1,0
5084,-0.762247635182832,16967.166010774155,1.084025450879,1,0
5085,-0.7614005364958354,16980.910804608346,1.084025450879,1,0
5086,-0.7633771000988281,16994.680141287125,1.084025450879,1,0
5087,-0.7639418325568261,17008.674143103137,1.084025450879,1,0
5088,-0.7642241987858256,17022.87025975498,1.084025450879,1,0
5089,-0.767612593533813,17036.694107795014,1.084025450879,1,0
5090,-0.7684596922208105,17051.057426137933,1.084025450879,1,0
5091,-0.7667654948468163,17027.60542104343,1.084025450879,1,0
5092,-0.7690244246788085,17079.213179753115,1.084025450879,1,0
5093,-0.7695891571368065,17093.770405213258,1.084025450879,1,0
5094,-0.7712833545107998,17107.984785730452,1.084025450879,1,0
5095,-0.7707186220528026,17121.84668100669,1.084025450879,1,0
5096,-0.7735422843427928,17135.187504001067,1.084025450879,1,0
5097,-0.7721304531977973,17148.20184603931,1.084025450879,1,0
5098,-0.7786248764647752,17162.244434528362,1.084025450879,1,0
5099,-0.7777777777777777,17138.49022754609,1.084025450879,1,0
5100,-0.7806014400677679,17152.89317789367,1.084025450879,1,0
5101,-0.7808838062967665,17168.44930334237,1.084025450879,1,0
5102,-0.7811661725257659,17184.06825352487,1.084025450879,1,0
5103,-0.7820132712127634,17196.469266181775,1.084025450879,1,0
5104,-0.7811661725257659,17209.523872411643,1.084025450879,1,0
5105,-0.781730904983764,17223.5621620418,1.084025450879,1,0
5106,-0.7837074685867575,17237.869647838816,1.084025450879,1,0
5107,-0.7848369335027527,17251.31734093925,1.084025450879,1,0
5108,-0.7851192997317522,17260.686627427996,1.084025450879,1,0
5109,-0.7845545672737533,17269.734377972574,1.084025450879,1,0
5110,-0.7879429620217424,17279.070215702257,1.084025450879,1,0
5111,-0.7854016659607508,17287.742401597192,1.084025450879,1,0
5112,-0.7862487646477483,17296.260893311304,1.084025450879,1,0
5113,-0.7873782295637444,17305.024874034036,1.084025450879,1,0
5114,-0.7873782295637444,17313.398278826302,1.084025450879,1,0
5115,-0.7879429620217424,17321.856856988787,1.084025450879,1,0
5116,-0.7902018918537346,17330.41189659129,1.084025450879,1,0
5117,-0.7893547931667371,17338.43812934817,1.084025450879,1,0
5118,-0.7893547931667371,17346.668114254982,1.084025450879,1,0
5119,-0.7913313567697307,17354.565303059706,1.084025450879,1,0
5120,-0.7639418325568261,17396.53521847306,1.084025450879,1,0
5121,-0.7625300014118315,17399.949180740656,1.084025450879,1,0
5122,-0.7599887053508398,17402.66827270163,1.084025450879,1,0
5123,-0.7577297755188477,17361.671798735326,1.084025450879,1,0
5124,-0.7594239728928427,17364.011149643222,1.084025450879,1,0
5125,-0.7526471833968653,17365.053680604313,1.084025450879,1,0
5126,-0.7501058873358746,17366.029659155352,1.084025450879,1,0
5127,-0.748694056190879,17366.48560992263,1.084025450879,1,0
5128,-0.7495411548778765,17368.477185039894,1.084025450879,1,0
5129,-0.7506706197938726,17369.231499006415,1.084025450879,1,0
5130,-0.7478469575038833,17369.192901716677,1.084025450879,1,0
5131,-0.7489764224198785,17369.387584031134,1.084025450879,1,0
5132,-0.7489764224198785,17369.115982983556,1.084025450879,1,0
5133,-0.748694056190879,17368.774227303966,1.084025450879,1,0
5134,-0.748129323732881,17368.429449273208,1.084025450879,1,0
5135,-0.7478469575038833,17367.758781670396,1.084025450879,1,0
5136,-0.7478469575038833,17365.257035769893,1.084025450879,1,0
5137,-0.7489764224198785,17364.354348446013,1.084025450879,1,0
5138,-0.7495411548778765,17363.26117297078,1.084025450879,1,0
5139,-0.7478469575038833,17361.77610851206,1.084025450879,1,0
5140,-0.7469998588168858,17360.239332430916,1.084025450879,1,0
5141,-0.748129323732881,17358.73491310699,1.084025450879,1,0
5142,-0.748694056190879,17357.070532529404,1.084025450879,1,0
5143,-0.7464351263588869,17355.226366475315,1.084025450879,1,0
5144,-0.7472822250458844,17353.184317455638,1.084025450879,1,0
5145,-0.7467174925878863,17350.918350976142,1.084025450879,1,0
5146,-0.7469998588168858,17348.961732152253,1.084025450879,1,0
5147,-0.7478469575038833,17352.41307351564,1.084025450879,1,0
5148,-0.7467174925878863,17344.407218773056,1.084025450879,1,0
5149,-0.7469998588168858,17342.493460286292,1.084025450879,1,0
5150,-0.7489764224198785,17341.750750308733,1.084025450879,1,0
5151,-0.748129323732881,17339.347555879755,1.084025450879,1,0
5152,-0.7441761965268956,17336.374553215497,1.084025450879,1,0
5153,-0.7455880276718903,17332.75914649237,1.084025450879,1,0
5154,-0.7455880276718903,17329.384404470155,1.084025450879,1,0
5155,-0.7458703939008897,17326.140316665074,1.084025450879,1,0
5156,-0.7489764224198785,17323.08887779404,1.084025450879,1,0
5157,-0.749258788648878,17320.13604809458,1.084025450879,1,0
5158,-0.748694056190879,17316.440342806993,1.084025450879,1,0
5159,-0.7478469575038833,17311.459958447093,1.084025450879,1,0
5160,-0.7478469575038833,17307.519913941673,1.084025450879,1,0
5161,-0.7475645912748838,17305.17813737655,1.084025450879,1,0
5162,-0.7469998588168858,17298.922932170142,1.084025450879,1,0
5163,-0.7467174925878863,17294.043277522334,1.084025450879,1,0
5164,-0.748694056190879,17289.07509443393,1.084025450879,1,0
5165,-0.7489764224198785,17284.276855774082,1.084025450879,1,0
5166,-0.7512353522518707,17279.540228208054,1.084025450879,1,0
5167,-0.7529295496258648,17275.077556555385,1.084025450879,1,0
5168,-0.7520824509388673,17270.62883358384,1.084025450879,1,0
5169,-0.7506706197938726,17265.79667567666,1.084025450879,1,0
5170,-0.7529295496258648,17261.08202226989,1.084025450879,1,0
5171,-0.7509529860228721,17255.817353911945,1.084025450879,1,0
5172,-0.7506706197938726,17250.529791271227,1.084025450879,1,0
5173,-0.7526471833968653,17245.555932603937,1.084025450879,1,0
5174,-0.7515177184808701,17239.881966236862,1.084025450879,1,0
5175,-0.7501058873358746,17234.52857011698,1.084025450879,1,0
5176,-0.7509529860228721,17229.069695296013,1.084025450879,1,0
5177,-0.7506706197938726,17223.3356166711,1.084025450879,1,0
5178,-0.7543413807708594,17218.19203422793,1.084025450879,1,0
5179,-0.7509529860228721,17212.393585641814,1.084025450879,1,0
5180,-0.7523648171678667,17206.53580263139,1.084025450879,1,0
5181,-0.7523648171678667,17200.843791993848,1.084025450879,1,0
5182,-0.7520824509388673,17200.62371635521,1.084025450879,1,0
5183,-0.7509529860228721,17188.864150229896,1.084025450879,1,0
5184,-0.7529295496258648,17192.61926560125,1.084025450879,1,0
5185,-0.7506706197938726,17185.315423755164,1.084025450879,1,0
5186,-0.7495411548778765,17183.70311008737,1.084025450879,1,0
5187,-0.7495411548778765,17182.419098454873,1.084025450879,1,0
5188,-0.749823521106876,17181.014497747772,1.084025450879,1,0
5189,-0.749258788648878,17180.480181103892,1.084025450879,1,0
5190,-0.7501058873358746,17180.44523725052,1.084025450879,1,0
5191,-0.7515177184808701,17180.94794386014,1.084025450879,1,0
5192,-0.7515177184808701,17181.21375175917,1.084025450879,1,0
5193,-0.7503882535648732,17181.12295406515,1.084025450879,1,0
5194,-0.7515177184808701,17181.726900080394,1.084025450879,1,0
5195,-0.7501058873358746,17187.37483315352,1.084025450879,1,0
5196,-0.7515177184808701,17187.768269332264,1.084025450879,1,0
5197,-0.748129323732881,17182.220980382765,1.084025450879,1,0
5198,-0.7509529860228721,17182.675012847772,1.084025450879,1,0
5199,-0.7453056614428917,17182.26336661726,1.084025450879,1,0
5200,-0.7455880276718903,17181.948338380444,1.084025450879,1,0
5201,-0.7458703939008897,17181.44627276567,1.084025450879,1,0
5202,-0.7469998588168858,17181.037230263268,1.084025450879,1,0
5203,-0.7472822250458844,17180.983143099438,1.084025450879,1,0
5204,-0.7455880276718903,17180.713744683275,1.084025450879,1,0
5205,-0.7464351263588869,17180.489678274447,1.084025450879,1,0
5206,-0.7472822250458844,17180.270923223386,1.084025450879,1,0
5207,-0.7467174925878863,17180.285569666397,1.084025450879,1,0
5208,-0.7467174925878863,17180.30300296907,1.084025450879,1,0
5209,-0.7518000847098687,17186.4968425738,1.084025450879,1,0
5210,-0.7551884794578569,17187.71297175909,1.084025450879,1,0
5211,-0.7534942820838628,17188.638781707188,1.084025450879,1,0
5212,-0.7526471833968653,17189.42581041291,1.084025450879,1,0
5213,-0.755753211915855,17190.812441895763,1.084025450879,1,0
5214,-0.7540590145418609,17191.66125400085,1.084025450879,1,0
5215,-0.7543413807708594,17187.123516138137,1.084025450879,1,0
5216,-0.7532119158548642,17188.55616417909,1.084025450879,1,0
5217,-0.7735422843427928,17198.31097567068,1.084025450879,1,0
5218,-0.7760835804037836,17202.90134644471,1.084025450879,1,0
5219,-0.776365946632783,17207.628939825474,1.084025450879,1,0
5220,-0.7772130453197796,17211.86848032578,1.084025450879,1,0
5221,-0.7774954115487791,17216.27401456264,1.084025450879,1,0
5222,-0.7786248764647752,17221.059091009807,1.084025450879,1,0
5223,-0.7794719751517718,17225.94154339093,1.084025450879,1,0
5224,-0.7800367076097698,17230.98187381558,1.084025450879,1,0
5225,-0.7808838062967665,17236.095482990942,1.084025450879,1,0
5226,-0.781730904983764,17241.278100599407,1.084025450879,1,0
5227,-0.761682902724834,17243.626828944474,1.084025450879,1,0
5228,-0.7611181702668368,17240.112495881152,1.084025450879,1,0
5229,-0.761682902724834,17242.032106318824,1.084025450879,1,0
5230,-0.761682902724834,17243.810133542578,1.084025450879,1,0
5231,-0.7611181702668368,17245.082100528743,1.084025450879,1,0
5232,-0.7599887053508398,17246.11504019125,1.084025450879,1,0
5233,-0.7526471833968653,17246.38513763089,1.084025450879,1,0
5234,-0.7526471833968653,17251.806104008498,1.084025450879,1,0
5235,-0.7520824509388673,17252.06747523729,1.084025450879,1,0
5236,-0.7526471833968653,17252.54734012448,1.084025450879,1,0
5237,-0.7551884794578569,17248.971942445147,1.084025450879,1,0
5238,-0.7529295496258648,17253.089467629106,1.084025450879,1,0
5239,-0.7529295496258648,17253.47438508607,1.084025450879,1,0
5240,-0.7537766483128623,17253.750499535672,1.084025450879,1,0
5241,-0.7549061132288575,17254.430103156134,1.084025450879,1,0
5242,-0.7540590145418609,17248.970735882736,1.084025450879,1,0
5243,-0.7520824509388673,17249.224533472832,1.084025450879,1,0
5244,-0.7529295496258648,17249.419825317837,1.084025450879,1,0
5245,-0.7518000847098687,17249.27333135262,1.084025450879,1,0
5246,-0.7526471833968653,17249.204872519047,1.084025450879,1,0
5247,-0.7526471833968653,17249.485195604168,1.084025450879,1,0
5248,-0.7512353522518707,17249.215010112788,1.084025450879,1,0
5249,-0.7512353522518707,17249.284618187266,1.084025450879,1,0
5250,-0.7506706197938726,17249.63352270823,1.084025450879,1,0
5251,-0.748129323732881,17249.462200209247,1.084025450879,1,0
5252,-0.748694056190879,17249.206943487607,1.084025450879,1,0
5253,-0.749823521106876,17249.263104175137,1.084025450879,1,0
5254,-0.7484116899618805,17248.881691496073,1.084025450879,1,0
5255,-0.748694056190879,17253.98740227144,1.084025450879,1,0
5256,-0.7484116899618805,17253.627012981517,1.084025450879,1,0
5257,-0.7464351263588869,17252.962367346932,1.084025450879,1,0
5258,-0.748129323732881,17252.511596042652,1.084025450879,1,0
5259,-0.748694056190879,17252.320223324285,1.084025450879,1,0
5260,-0.7469998588168858,17251.519097130462,1.084025450879,1,0
5261,-0.7467174925878863,17251.366699765425,1.084025450879,1,0
5262,-0.7467174925878863,17250.656858411654,1.084025450879,1,0
5263,-0.7489764224198785,17247.336505716263,1.084025450879,1,0
5264,-0.7461527601298883,17251.44419588608,1.084025450879,1,0
5265,-0.7467174925878863,17247.512844539375,1.084025450879,1,0
5266,-0.7455880276718903,17245.739587332228,1.084025450879,1,0
5267,-0.7458703939008897,17245.61714629935,1.084025450879,1,0
5268,-0.7469998588168858,17247.288121697995,1.084025450879,1,0
5269,-0.7455880276718903,17247.213221640995,1.084025450879,1,0
5270,-0.7453056614428917,17246.929403818573,1.084025450879,1,0
5271,-0.7447409289848936,17246.526337909592,1.084025450879,1,0
5272,-0.7453056614428917,17246.39673044464,1.084025450879,1,0
5273,-0.7450232952138922,17243.703326861294,1.084025450879,1,0
5274,-0.7450232952138922,17243.726251322678,1.084025450879,1,0
5275,-0.743893830297897,17240.786352267398,1.084025450879,1,0
5276,-0.7455880276718903,17241.203028222906,1.084025450879,1,0
5277,-0.7444585627558942,17237.919901404075,1.084025450879,1,0
5278,-0.7458703939008897,17236.66472174907,1.084025450879,1,0
5279,-0.7430467316108995,17234.821318272017,1.084025450879,1,0
5280,-0.7450232952138922,17233.668017595523,1.084025450879,1,0
5281,-0.7430467316108995,17228.926004081324,1.084025450879,1,0
5282,-0.7444585627558942,17224.071143683268,1.084025450879,1,0
5283,-0.7424819991529006,17218.94233353765,1.084025450879,1,0
5284,-0.7421996329239029,17213.434377793277,1.084025450879,1,0
5285,-0.7447409289848936,17208.356368980487,1.084025450879,1,0
5286,-0.7433290978398981,17202.90849174622,1.084025450879,1,0
5287,-0.7402230693209093,17196.827856581098,1.084025450879,1,0
5288,-0.7430467316108995,17191.192835479473,1.084025450879,1,0
5289,-0.7419172666949034,17185.194832081434,1.084025450879,1,0
5290,-0.7424819991529006,17179.148562998394,1.084025450879,1,0
5291,-0.748129323732881,17177.00902888451,1.084025450879,1,0
5292,-0.749258788648878,17175.099756854266,1.084025450879,1,0
5293,-0.7489764224198785,17173.217601226832,1.084025450879,1,0
5294,-0.7495411548778765,17171.287291443714,1.084025450879,1,0
5295,-0.748694056190879,17169.40461670918,1.084025450879,1,0
5296,-0.748694056190879,17167.7510440705,1.084025450879,1,0
5297,-0.748694056190879,17167.084149469192,1.084025450879,1,0
5298,-0.7664831286178178,17169.253188830404,1.084025450879,1,0
5299,-0.7673302273048144,17177.006748204614,1.084025450879,1,0
5300,-0.7693067909078071,17179.545035894735,1.084025450879,1,0
5301,-0.768177325991811,17181.484881428412,1.084025450879,1,0
5302,-0.7707186220528026,17184.219108356403,1.084025450879,1,0
5303,-0.7698715233658051,17187.00559441628,1.084025450879,1,0
5304,-0.7718480869687987,17189.806066186033,1.084025450879,1,0
5305,-0.7724128194267967,17192.534311500745,1.084025450879,1,0
5306,-0.7718480869687987,17195.319862102264,1.084025450879,1,0
5307,-0.7729775518847948,17198.399076160917,1.084025450879,1,0
5308,-0.7726951856557962,17201.42573753782,1.084025450879,1,0
5309,-0.7741070168007909,17204.897926670772,1.084025450879,1,0
5310,-0.7729775518847948,17208.067094674472,1.084025450879,1,0
5311,-0.775236481716786,17211.616809796284,1.084025450879,1,0
5312,-0.7551884794578569,17212.24041837085,1.084025450879,1,0
5313,-0.7551884794578569,17207.48465728897,1.084025450879,1,0
5314,-0.7549061132288575,17213.460136092996,1.084025450879,1,0
5315,-0.7549061132288575,17209.092843598817,1.084025450879,1,0
5316,-0.7546237469998589,17215.590349201917,1.084025450879,1,0
5317,-0.7532119158548642,17215.90002818176,1.084025450879,1,0
5318,-0.7540590145418609,17216.870853208864,1.084025450879,1,0
5319,-0.7472822250458844,17216.6338211623,1.084025450879,1,0
5320,-0.748694056190879,17216.629242670755,1.084025450879,1,0
5321,-0.7467174925878863,17212.873755924553,1.084025450879,1,0
5322,-0.7461527601298883,17212.515232940623,1.084025450879,1,0
5323,-0.7475645912748838,17210.88131331641,1.084025450879,1,0
5324,-0.7461527601298883,17210.699998667933,1.084025450879,1,0
5325,-0.7467174925878863,17210.675647152806,1.084025450879,1,0
5326,-0.7455880276718903,17210.578331344106,1.084025450879,1,0
5327,-0.743893830297897,17209.600800068198,1.084025450879,1,0
5328,-0.7441761965268956,17209.423975504225,1.084025450879,1,0
5329,-0.6685020471551599,17197.840593301626,1.084025450879,1,0
5330,-0.6704786107581535,17186.73061725361,1.084025450879,1,0
5331,-0.6693491458421574,17176.88776690017,1.084025450879,1,0
5332,-0.6693491458421574,17163.954900633093,1.084025450879,1,0
5333,-0.6687844133841594,17152.299764889267,1.084025450879,1,0
5334,-0.6687844133841594,17135.058692160696,1.084025450879,1,0
5335,-0.6690667796131589,17123.835911434515,1.084025450879,1,0
5336,-0.6687844133841594,17112.21616839465,1.084025450879,1,0
5337,-0.669631512071156,17107.589302391432,1.084025450879,1,0
5338,-0.6685020471551599,17096.566100385488,1.084025450879,1,0
5339,-0.6679373146971619,17085.036188023852,1.084025450879,1,0
5340,-0.6699138783001546,17073.662847903703,1.084025450879,1,0
5341,-0.6699138783001546,17055.714387684013,1.084025450879,1,0
5342,-0.669631512071156,17050.730318151767,1.084025450879,1,0
5343,-0.6685020471551599,17039.44981125203,1.084025450879,1,0
5344,-0.670196244529154,17028.013750933158,1.084025450879,1,0
5345,-0.6707609769871521,17017.292017619016,1.084025450879,1,0
5346,-0.671325709445151,17004.7252703025,1.084025450879,1,0
5347,-0.6707609769871521,16988.398308629065,1.084025450879,1,0
5348,-0.670196244529154,16977.738454477316,1.084025450879,1,0
5349,-0.6402654242552597,16962.02418579647,1.084025450879,1,0
5350,-0.6405477904842583,16946.534757459638,1.084025450879,1,0
5351,-0.6394183255682622,16931.516548026506,1.084025450879,1,0
5352,-0.6382888606522661,16915.94662784696,1.084025450879,1,0
5353,-0.6382888606522661,16900.29371707616,1.084025450879,1,0
5354,-0.6371593957362691,16883.84245004734,1.084025450879,1,0
5355,-0.6374417619652686,16867.22329453067,1.084025450879,1,0
5356,-0.6385712268812656,16850.264804086546,1.084025450879,1,0
5357,-0.6374417619652686,16833.251601096974,1.084025450879,1,0
5358,-0.6368770295072714,16816.987711703398,1.084025450879,1,0
5359,-0.6363122970492734,16806.28404240387,1.084025450879,1,0
5360,-0.637724128194268,16789.394717701325,1.084025450879,1,0
5361,-0.6363122970492734,16772.524085238507,1.084025450879,1,0
5362,-0.6380064944232666,16752.162522764076,1.084025450879,1,0
5363,-0.6380064944232666,16725.840616826128,1.084025450879,1,0
5364,-0.6371593957362691,16712.05307845883,1.084025450879,1,0
5365,-0.6363122970492734,16685.360092179348,1.084025450879,1,0
5366,-0.6368770295072714,16665.16374035928,1.084025450879,1,0
5367,-0.637724128194268,16644.328496492537,1.084025450879,1,0
5368,-0.6371593957362691,16623.841776854526,1.084025450879,1,0
5369,-0.610616970210363,16598.97882727426,1.084025450879,1,0
5370,-0.6117464351263591,16573.91838221729,1.084025450879,1,0
5371,-0.6092051390653674,16549.066266709386,1.084025450879,1,0
5372,-0.6108993364393616,16524.090410094377,1.084025450879,1,0
5373,-0.6089227728363689,16498.484257385415,1.084025450879,1,0
5374,-0.610052237752365,16473.430332651027,1.084025450879,1,0
5375,-0.6097698715233664,16447.6535008979,1.084025450879,1,0
5376,-0.6089227728363689,16424.93668605532,1.084025450879,1,0
5377,-0.6080756741493722,16402.31651187681,1.084025450879,1,0
5378,-0.6089227728363689,16379.98499223822,1.084025450879,1,0
5379,-0.6092051390653674,16363.810854289533,1.084025450879,1,0
5380,-0.610616970210363,16341.447463387593,1.084025450879,1,0
5381,-0.6089227728363689,16319.140577368487,1.084025450879,1,0
5382,-0.6114640688973596,16295.16122647487,1.084025450879,1,0
5383,-0.622476351828321,16275.645125681354,1.084025450879,1,0
5384,-0.6238881829733165,16256.200887394212,1.084025450879,1,0
5385,-0.6094875052943669,16235.140928503828,1.084025450879,1,0
5386,-0.6114640688973596,16214.097570381196,1.084025450879,1,0
5387,-0.610616970210363,16192.334292665508,1.084025450879,1,0
5388,-0.610616970210363,16171.442452732697,1.084025450879,1,0
5389,-0.6044049131723854,16149.047267151336,1.084025450879,1,0
5390,-0.6038401807143865,16126.768989173395,1.084025450879,1,0
5391,-0.6055343780883806,16100.54247110041,1.084025450879,1,0
5392,-0.6024283495693918,16078.139349729126,1.084025450879,1,0
5393,-0.6018636171113938,16067.976333877263,1.084025450879,1,0
5394,-0.6018636171113938,16057.485679228646,1.084025450879,1,0
5395,-0.6010165184243963,16053.300615447293,1.084025450879,1,0
5396,-0.6018636171113938,16042.922942798969,1.084025450879,1,0
5397,-0.6024283495693918,16026.330319087923,1.084025450879,1,0
5398,-0.6024283495693918,16022.629093632802,1.084025450879,1,0
5399,-0.6044049131723854,16012.532921738173,1.084025450879,1,0
5400,-0.6089227728363689,16003.223538861996,1.084025450879,1,0
5401,-0.6089227728363689,15994.015324456454,1.084025450879,1,0
5402,-0.6103346039813635,15983.328054489666,1.084025450879,1,0
5403,-0.610616970210363,15974.450103405816,1.084025450879,1,0
5404,-0.6241705492023151,15967.410308715032,1.084025450879,1,0
5405,-0.6241705492023151,15960.35672901297,1.084025450879,1,0
5406,-0.610052237752365,15951.162446538345,1.084025450879,1,0
5407,-0.6337710009882818,15945.490720114394,1.084025450879,1,0
5408,-0.6340533672172803,15939.922593311974,1.084025450879,1,0
5409,-0.6349004659042778,15934.480309058586,1.084025450879,1,0
5410,-0.6453480163772412,15930.10059951741,1.084025450879,1,0
5411,-0.6461951150642387,15931.461056920847,1.084025450879,1,0
5412,-0.6473245799802338,15927.862102397828,1.084025450879,1,0
5413,-0.6397006917972607,15922.494667044168,1.084025450879,1,0
5414,-0.6397006917972607,15922.710910559887,1.084025450879,1,0
5415,-0.6397006917972607,15922.730476572937,1.084025450879,1,0
5416,-0.6382888606522661,15927.77305900703,1.084025450879,1,0
5417,-0.6179584921643375,15919.731423449692,1.084025450879,1,0
5418,-0.6185232246223347,15916.713925032383,1.084025450879,1,0
5419,-0.6162642947903425,15913.40169326484,1.084025450879,1,0
5420,-0.6156995623323454,15909.88481656598,1.084025450879,1,0
5421,-0.6162642947903425,15906.641431070737,1.084025450879,1,0
5422,-0.6140053649583512,15903.185462729609,1.084025450879,1,0
5423,-0.6142877311873498,15899.619178646126,1.084025450879,1,0
5424,-0.6080756741493722,15895.153922424046,1.084025450879,1,0
5425,-0.6202174219963288,15897.9280532263,1.084025450879,1,0
5426,-0.6241705492023151,15895.615515841664,1.084025450879,1,0
5427,-0.6075109416913742,15890.937805761869,1.084025450879,1,0
5428,-0.6077933079203728,15886.38419125555,1.084025450879,1,0
5429,-0.6066638430043767,15878.170812414368,1.084025450879,1,0
5430,-0.6080756741493722,15873.933335088908,1.084025450879,1,0
5431,-0.6066638430043767,15867.597957125174,1.084025450879,1,0
5432,-0.6075109416913742,15863.072507070969,1.084025450879,1,0
5433,-0.6077933079203728,15862.610637525264,1.084025450879,1,0
5434,-0.6080756741493722,15861.955975952162,1.084025450879,1,0
5435,-0.6063814767753781,15861.728476832986,1.084025450879,1,0
5436,-0.6027107157983904,15860.280886845847,1.084025450879,1,0
5437,-0.6027107157983904,15859.517673619028,1.084025450879,1,0
5438,-0.6001694197373997,15858.086499168565,1.084025450879,1,0
5439,-0.6012988846533949,15856.492454629324,1.084025450879,1,0
5440,-0.6060991105463787,15856.350572006195,1.084025450879,1,0
5441,-0.6072285754623747,15861.159375777663,1.084025450879,1,0
5442,-0.6072285754623747,15860.79602722373,1.084025450879,1,0
5443,-0.6221939855993224,15862.943134370536,1.084025450879,1,0
5444,-0.6250176478893126,15864.81228589429,1.084025450879,1,0
5445,-0.625300014118312,15867.57842683357,1.084025450879,1,0
5446,-0.6315120711562896,15870.641773057425,1.084025450879,1,0
5447,-0.6329239023012851,15872.074022902863,1.084025450879,1,0
5448,-0.6340533672172803,15874.018755026154,1.084025450879,1,0
5449,-0.6343357334462798,15877.550914158031,1.084025450879,1,0
5450,-0.6351828321332764,15881.267097889213,1.084025450879,1,0
5451,-0.6340533672172803,15885.152930058139,1.084025450879,1,0
5452,-0.6368770295072714,15888.818257209015,1.084025450879,1,0
5453,-0.6380064944232666,15894.246825445605,1.084025450879,1,0
5454,-0.6374417619652686,15899.360811056553,1.084025450879,1,0
5455,-0.6391359593392627,15904.275651232138,1.084025450879,1,0
5456,-0.6473245799802338,15911.468584973341,1.084025450879,1,0
5457,-0.6484540448962308,15913.390160865065,1.084025450879,1,0
5458,-0.6425243540872518,15924.818208709896,1.084025450879,1,0
5459,-0.6493011435832274,15932.315157903968,1.084025450879,1,0
5460,-0.6173937597063395,15934.457324238272,1.084025450879,1,0
5461,-0.6162642947903425,15972.046603907515,1.084025450879,1,0
5462,-0.6309473386982916,15937.514394927459,1.084025450879,1,0
5463,-0.6323591698432871,15941.775450388734,1.084025450879,1,0
5464,-0.6168290272483414,15946.797697179112,1.084025450879,1,0
5465,-0.6148524636453478,15947.29022286535,1.084025450879,1,0
5466,-0.6142877311873498,15942.879686842087,1.084025450879,1,0
5467,-0.617676125935338,15945.614957538372,1.084025450879,1,0
5468,-0.6439361852322465,15947.109909295765,1.084025450879,1,0
5469,-0.6439361852322465,15950.247925855796,1.084025450879,1,0
5470,-0.6422419878582524,15960.192003307186,1.084025450879,1,0
5471,-0.6416772554002543,15961.1981889366,1.084025450879,1,0
5472,-0.6422419878582524,15962.503617032007,1.084025450879,1,0
5473,-0.6419596216292529,15963.792518210952,1.084025450879,1,0
5474,-0.6422419878582524,15963.363936945589,1.084025450879,1,0
5475,-0.6411125229422554,15962.547797070056,1.084025450879,1,0
5476,-0.6501482422702249,15963.076022212335,1.084025450879,1,0
5477,-0.6512777071862201,15959.599869788895,1.084025450879,1,0
5478,-0.6690667796131589,15969.149872220112,1.084025450879,1,0
5479,-0.6470422137512353,15965.135855941153,1.084025450879,1,0
5480,-0.643653819003247,15966.111056637306,1.084025450879,1,0
5481,-0.6425243540872518,15969.991756775007,1.084025450879,1,0
5482,-0.6439361852322465,15974.028669645735,1.084025450879,1,0
5483,-0.643089086545249,15978.439673103578,1.084025450879,1,0
5484,-0.6416772554002543,15987.382755249206,1.084025450879,1,0
5485,-0.6419596216292529,15990.92957441192,1.084025450879,1,0
5486,-0.6419596216292529,15995.292161789224,1.084025450879,1,0
5487,-0.6428067203162504,15999.63131919647,1.084025450879,1,0
5488,-0.6428067203162504,16004.973509459602,1.084025450879,1,0
5489,-0.6411125229422554,16043.786203006042,1.084025450879,1,0
5490,-0.6428067203162504,16011.435848174924,1.084025450879,1,0
5491,-0.6422419878582524,16051.74929814216,1.084025450879,1,0
5492,-0.6416772554002543,16056.962024311437,1.084025450879,1,0
5493,-0.6425243540872518,16062.46884047342,1.084025450879,1,0
5494,-0.6411125229422554,16067.444644235156,1.084025450879,1,0
5495,-0.6425243540872518,16073.137054493134,1.084025450879,1,0
5496,-0.6433714527742485,16043.403697430862,1.084025450879,1,0
5497,-0.6416772554002543,16048.500080165097,1.084025450879,1,0
5498,-0.6422419878582524,16048.49300756494,1.084025450879,1,0
5499,-0.6422419878582524,16053.834466130425,1.084025450879,1,0
5500,-0.6413948891712549,16059.904170542502,1.084025450879,1,0
5501,-0.6408301567132577,16070.815650674862,1.084025450879,1,0
5502,-0.643089086545249,16072.207421564273,1.084025450879,1,0
5503,-0.6428067203162504,16078.823650862503,1.084025450879,1,0
5504,-0.6419596216292529,16083.977350173765,1.084025450879,1,0
5505,-0.643089086545249,16089.341476618465,1.084025450879,1,0
5506,-0.6428067203162504,16094.959096751601,1.084025450879,1,0
5507,-0.6419596216292529,16102.748112797308,1.084025450879,1,0
5508,-0.6422419878582524,16105.597329043057,1.084025450879,1,0
5509,-0.6428067203162504,16108.466233224137,1.084025450879,1,0
5510,-0.6422419878582524,16109.940771763926,1.084025450879,1,0
5511,-0.6433714527742485,16111.734196294852,1.084025450879,1,0
5512,-0.6416772554002543,16112.750244362933,1.084025450879,1,0
5513,-0.643653819003247,16114.122959043301,1.084025450879,1,0
5514,-0.6416772554002543,16115.10712549674,1.084025450879,1,0
5515,-0.6447832839192431,16111.593677952715,1.084025450879,1,0
5516,-0.6439361852322465,16118.071781261173,1.084025450879,1,0
5517,-0.6453480163772412,16119.018344597987,1.084025450879,1,0
5518,-0.6442185514612451,16114.775332518826,1.084025450879,1,0
5519,-0.6453480163772412,16121.088024112834,1.084025450879,1,0
5520,-0.6433714527742485,16120.392570246557,1.084025450879,1,0
5521,-0.6456303826062406,16120.030662416215,1.084025450879,1,0
5522,-0.6433714527742485,16120.206547299935,1.084025450879,1,0
5523,-0.6445009176902445,16119.31167653104,1.084025450879,1,0
5524,-0.6439361852322465,16118.149865731502,1.084025450879,1,0
5525,-0.6456303826062406,16122.714429445456,1.084025450879,1,0
5526,-0.643089086545249,16129.837416459903,1.084025450879,1,0
5527,-0.6442185514612451,16126.508766839448,1.084025450879,1,0
5528,-0.6445009176902445,16130.743065590403,1.084025450879,1,0
5529,-0.6442185514612451,16135.203147818615,1.084025450879,1,0
5530,-0.6459127488352392,16139.903783563808,1.084025450879,1,0
5531,-0.6453480163772412,16149.292013776861,1.084025450879,1,0
5532,-0.6445009176902445,16144.198687852295,1.084025450879,1,0
5533,-0.6445009176902445,16149.407586112557,1.084025450879,1,0
5534,-0.6445009176902445,16144.627169792713,1.084025450879,1,0
5535,-0.6445009176902445,16145.175179897955,1.084025450879,1,0
5536,-0.6433714527742485,16145.372785534688,1.084025450879,1,0
5537,-0.643089086545249,16145.468935012106,1.084025450879,1,0
5538,-0.643653819003247,16145.646653413398,1.084025450879,1,0
5539,-0.6428067203162504,16145.866958019931,1.084025450879,1,0
5540,-0.6425243540872518,16144.687360201253,1.084025450879,1,0
5541,-0.643653819003247,16148.73371106411,1.084025450879,1,0
5542,-0.6453480163772412,16139.90277008875,1.084025450879,1,0
5543,-0.6442185514612451,16139.496369912145,1.084025450879,1,0
5544,-0.6442185514612451,16139.546410778747,1.084025450879,1,0
5545,-0.6442185514612451,16139.80832229088,1.084025450879,1,0
5546,-0.6442185514612451,16139.890720986945,1.084025450879,1,0
5547,-0.6453480163772412,16140.196461494488,1.084025450879,1,0
5548,-0.6445009176902445,16140.654225205546,1.084025450879,1,0
5549,-0.643653819003247,16140.934315891594,1.084025450879,1,0
5550,-0.6433714527742485,16141.117119988938,1.084025450879,1,0
5551,-0.6464774812932381,16141.684889294109,1.084025450879,1,0
5552,-0.6456303826062406,16142.117606909653,1.084025450879,1,0
5553,-0.6461951150642387,16142.893820940575,1.084025450879,1,0
5554,-0.6453480163772412,16143.269314810368,1.084025450879,1,0
5555,-0.6461951150642387,16143.895520923146,1.084025450879,1,0
5556,-0.6456303826062406,16144.529209820337,1.084025450879,1,0
5557,-0.6461951150642387,16145.068559937465,1.084025450879,1,0
5558,-0.6476069462092333,16146.067294117607,1.084025450879,1,0
5559,-0.6464774812932381,16151.827751144538,1.084025450879,1,0
5560,-0.6470422137512353,16152.388770380987,1.084025450879,1,0
5561,-0.6453480163772412,16152.930915816041,1.084025450879,1,0
5562,-0.6459127488352392,16148.370680698328,1.084025450879,1,0
5563,-0.6459127488352392,16148.94799033333,1.084025450879,1,0
5564,-0.6461951150642387,16149.652927806384,1.084025450879,1,0
5565,-0.6464774812932381,16150.546142760155,1.084025450879,1,0
5566,-0.6473245799802338,16151.185636905504,1.084025450879,1,0
5567,-0.6461951150642387,16151.663221878245,1.084025450879,1,0
5568,-0.6461951150642387,16152.365489201731,1.084025450879,1,0
5569,-0.6459127488352392,16152.784524197965,1.084025450879,1,0
5570,-0.6464774812932381,16158.499705949418,1.084025450879,1,0
5571,-0.6450656501482417,16153.83802258495,1.084025450879,1,0
5572,-0.6453480163772412,16154.315802600402,1.084025450879,1,0
5573,-0.6478893124382328,16155.088162153523,1.084025450879,1,0
5574,-0.6752788366511373,16165.313871464532,1.084025450879,1,0
5575,-0.6764083015671325,16170.32724014665,1.084025450879,1,0
5576,-0.6789495976281241,16176.124329764985,1.084025450879,1,0
5577,-0.6797966963151207,16181.578729555536,1.084025450879,1,0
5578,-0.6797966963151207,16187.557449923603,1.084025450879,1,0
5579,-0.6809261612311168,16193.339902994256,1.084025450879,1,0
5580,-0.6809261612311168,16199.034060321192,1.084025450879,1,0
5581,-0.6823379923761124,16204.848348076102,1.084025450879,1,0
5582,-0.6834674572921076,16210.881136707294,1.084025450879,1,0
5583,-0.6848792884371031,16216.828853497906,1.084025450879,1,0
5584,-0.6549484681632078,16254.380340430069,1.084025450879,1,0
5585,-0.6563602993082025,16256.101541325532,1.084025450879,1,0
5586,-0.6535366370182123,16216.767813604703,1.084025450879,1,0
5587,-0.6541013694762112,16218.465755063156,1.084025450879,1,0
5588,-0.6535366370182123,16219.917357102013,1.084025450879,1,0
5589,-0.6549484681632078,16221.175148433515,1.084025450879,1,0
5590,-0.6524071721022162,16227.70202059075,1.084025450879,1,0
5591,-0.6538190032472118,16229.080515616435,1.084025450879,1,0
5592,-0.6535366370182123,16230.548595125381,1.084025450879,1,0
5593,-0.6524071721022162,16231.972506606984,1.084025450879,1,0
5594,-0.6546661019342084,16233.310828753247,1.084025450879,1,0
5595,-0.6524071721022162,16234.458151320818,1.084025450879,1,0
5596,-0.6529719045602143,16235.709721466947,1.084025450879,1,0
5597,-0.6515600734152196,16236.606588962515,1.084025450879,1,0
5598,-0.6535366370182123,16273.735565815488,1.084025450879,1,0
5599,-0.6552308343922064,16234.515954166794,1.084025450879,1,0
5600,-0.6529719045602143,16236.077388297874,1.084025450879,1,0
5601,-0.6543837357052089,16237.94240776192,1.084025450879,1,0
5602,-0.6535366370182123,16239.369345025161,1.084025450879,1,0
5603,-0.6529719045602143,16240.788178250428,1.084025450879,1,0
5604,-0.6546661019342084,16242.691481492135,1.084025450879,1,0
5605,-0.6532542707892137,16244.089513096991,1.084025450879,1,0
5606,-0.6560779330792039,16245.743126386316,1.084025450879,1,0
5607,-0.6560779330792039,16247.759864130683,1.084025450879,1,0
5608,-0.6546661019342084,16254.546983277482,1.084025450879,1,0
5609,-0.6546661019342084,16256.08321260086,1.084025450879,1,0
5610,-0.6546661019342084,16257.619316057562,1.084025450879,1,0
5611,-0.6549484681632078,16258.9434044524,1.084025450879,1,0
5612,-0.6552308343922064,16260.644362349416,1.084025450879,1,0
5613,-0.6557955668502053,16262.621200636271,1.084025450879,1,0
5614,-0.6555132006212059,16264.421287544716,1.084025450879,1,0
5615,-0.6552308343922064,16301.692841815344,1.084025450879,1,0
5616,-0.6572073979952,16303.4951076737,1.084025450879,1,0
5617,-0.6569250317662005,16269.171720244965,1.084025450879,1,0
5618,-0.6574897642241986,16271.101893544877,1.084025450879,1,0
5619,-0.6586192291401947,16272.885436953058,1.084025450879,1,0
5620,-0.6574897642241986,16274.74845272319,1.084025450879,1,0
5621,-0.6574897642241986,16276.636283988006,1.084025450879,1,0
5622,-0.6563602993082025,16277.772633648243,1.084025450879,1,0
5623,-0.6563602993082025,16274.222577004246,1.084025450879,1,0
5624,-0.656642665537202,16275.758138685997,1.084025450879,1,0
5625,-0.656642665537202,16277.288499529837,1.084025450879,1,0
5626,-0.6572073979952,16279.16514520855,1.084025450879,1,0
5627,-0.6557955668502053,16282.078313152972,1.084025450879,1,0
5628,-0.6572073979952,16283.673415171197,1.084025450879,1,0
5629,-0.6563602993082025,16285.322649717426,1.084025450879,1,0
5630,-0.6572073979952,16285.170580382242,1.084025450879,1,0
5631,-0.6574897642241986,16288.502900819292,1.084025450879,1,0
5632,-0.6574897642241986,16294.072745247036,1.084025450879,1,0
5633,-0.6583368629111952,16292.166682059711,1.084025450879,1,0
5634,-0.6580544966821975,16297.709699554198,1.084025450879,1,0
5635,-0.6913737117040801,16299.509951613836,1.084025450879,1,0
5636,-0.6927855428490748,16311.816702324733,1.084025450879,1,0
5637,-0.6944797402230698,16319.140400560487,1.084025450879,1,0
5638,-0.6941973739940703,16321.842618396837,1.084025450879,1,0
5639,-0.6958915713680645,16325.034631576515,1.084025450879,1,0
5640,-0.6958915713680645,16327.988124060152,1.084025450879,1,0
5641,-0.697868134971058,16330.657611057273,1.084025450879,1,0
5642,-0.709727516589016,16335.390685622517,1.084025450879,1,0
5643,-0.7119864464210082,16340.148200224949,1.084025450879,1,0
5644,-0.7122688126500067,16344.824821183365,1.084025450879,1,0
5645,-0.7136806437950023,16349.794674243312,1.084025450879,1,0
5646,-0.7150924749399978,16354.775468235057,1.084025450879,1,0
5647,-0.7142453762530003,16359.503985608986,1.084025450879,1,0
5648,-0.716221939855993,16369.123901690424,1.084025450879,1,0
5649,-0.7193279683749827,16378.921767136566,1.084025450879,1,0
5650,-0.7184808696879852,16389.073106429976,1.084025450879,1,0
5651,-0.7196103346039813,16399.033723096447,1.084025450879,1,0
5652,-0.7224339968939715,16445.807835462143,1.084025450879,1,0
5653,-0.7227163631229709,16420.29566583806,1.084025450879,1,0
5654,-0.7232810955809681,16431.253821594742,1.084025450879,1,0
5655,-0.7238458280389661,16478.370907653418,1.084025450879,1,0
5656,-0.7252576591839617,16489.573693845352,1.084025450879,1,0
5657,-0.7261047578709583,16501.007881964288,1.084025450879,1,0
5658,-0.7269518565579558,16512.0974300567,1.084025450879,1,0
5659,-0.7286460539319499,16523.86542807847,1.084025450879,1,0
5660,-0.7286460539319499,16535.753980414447,1.084025450879,1,0
5661,-0.7292107863899471,16547.759221981138,1.084025450879,1,0
5662,-0.729775518847946,16559.65292698866,1.084025450879,1,0
5663,-0.7311873499929407,16571.518477557882,1.084025450879,1,0
5664,-0.7320344486799382,16547.075666648558,1.084025450879,1,0
5665,-0.7320344486799382,16559.0713603047,1.084025450879,1,0
5666,-0.7325991811379362,16571.273092867883,1.084025450879,1,0
5667,-0.7340110122829309,16583.715805392683,1.084025450879,1,0
5668,-0.735705209656925,16596.411438792165,1.084025450879,1,0
5669,-0.735140477198927,16645.596111531748,1.084025450879,1,0
5670,-0.7368346745729211,16658.123626209264,1.084025450879,1,0
5671,-0.7388112381759138,16670.76317912373,1.084025450879,1,0
5672,-0.7069038542990258,16678.616335606243,1.084025450879,1,0
5673,-0.7077509529860233,16687.02591964388,1.084025450879,1,0
5674,-0.7040801920090356,16694.41208602328,1.084025450879,1,0
5675,-0.7052096569250317,16702.277626864714,1.084025450879,1,0
5676,-0.7057743893830306,16710.151554098047,1.084025450879,1,0
5677,-0.6970210362840605,16716.089245008585,1.084025450879,1,0
5678,-0.6964563038260625,16722.41471287245,1.084025450879,1,0
5679,-0.695044472681067,16728.371177931625,1.084025450879,1,0
5680,-0.6958915713680645,16734.209401910997,1.084025450879,1,0
5681,-0.7015388959480449,16704.426046895205,1.084025450879,1,0
5682,-0.7015388959480449,16710.999759280796,1.084025450879,1,0
5683,-0.7001270648030502,16717.399674896216,1.084025450879,1,0
5684,-0.7100098828180146,16725.27964771078,1.084025450879,1,0
5685,-0.7117040801920087,16733.40700606654,1.084025450879,1,0
5686,-0.7153748411689964,16742.545169385954,1.084025450879,1,0
5687,-0.7108569815050121,16750.61227861034,1.084025450879,1,0
5688,-0.7071862205280253,16758.453435692434,1.084025450879,1,0
5689,-0.7066214880700263,16766.149744997765,1.084025450879,1,0
5690,-0.7080333192150219,16769.821601621068,1.084025450879,1,0
5691,-0.7054920231540311,16775.81932980817,1.084025450879,1,0
5692,-0.7052096569250317,16783.0575035394,1.084025450879,1,0
5693,-0.6973034025130591,16789.257341552795,1.084025450879,1,0
5694,-0.6987152336580547,16795.57827161693,1.084025450879,1,0
5695,-0.6970210362840605,16801.55633316633,1.084025450879,1,0
5696,-0.6970210362840605,16807.62174879978,1.084025450879,1,0
5697,-0.6970210362840605,16813.149210616833,1.084025450879,1,0
5698,-0.6975857687420586,16820.629810415292,1.084025450879,1,0
5699,-0.6975857687420586,16825.400285542633,1.084025450879,1,0
5700,-0.6961739375970639,16825.80112991937,1.084025450879,1,0
5701,-0.6970210362840605,16822.63666035824,1.084025450879,1,0
5702,-0.6981505012000566,16823.169447293523,1.084025450879,1,0
5703,-0.7006917972610474,16823.89195985143,1.084025450879,1,0
5704,-0.7083156854440205,16825.83365000698,1.084025450879,1,0
5705,-0.7077509529860233,16827.015559992946,1.084025450879,1,0
5706,-0.7085980516730199,16827.012360579152,1.084025450879,1,0
5707,-0.7088804179020194,16826.382917597486,1.084025450879,1,0
5708,-0.7071862205280253,16825.656352423328,1.084025450879,1,0
5709,-0.7060567556120283,16824.837444242796,1.084025450879,1,0
5710,-0.6995623323450513,16820.615173386264,1.084025450879,1,0
5711,-0.6984328674290552,16818.426465492503,1.084025450879,1,0
5712,-0.6981505012000566,16815.66015497564,1.084025450879,1,0
5713,-0.6998446985740507,16812.31919822538,1.084025450879,1,0
5714,-0.6987152336580547,16809.544645533424,1.084025450879,1,0
5715,-0.697868134971058,16805.969751901994,1.084025450879,1,0
5716,-0.6989975998870532,16802.383329794135,1.084025450879,1,0
5717,-0.6984328674290552,16798.928819264354,1.084025450879,1,0
5718,-0.6989975998870532,16794.979701561624,1.084025450879,1,0
5719,-0.6987152336580547,16791.29141418731,1.084025450879,1,0
5720,-0.7150924749399978,16789.63343216385,1.084025450879,1,0
5721,-0.7125511788790062,16792.67765748285,1.084025450879,1,0
5722,-0.709162784131018,16790.162699032124,1.084025450879,1,0
5723,-0.7085980516730199,16786.827753153557,1.084025450879,1,0
5724,-0.709727516589016,16784.017554040467,1.084025450879,1,0
5725,-0.709727516589016,16781.217471821965,1.084025450879,1,0
5726,-0.709162784131018,16772.46425281478,1.084025450879,1,0
5727,-0.7006917972610474,16767.935923719153,1.084025450879,1,0
5728,-0.6992799661160527,16762.92666156031,1.084025450879,1,0
5729,-0.7006917972610474,16757.884414471675,1.084025450879,1,0
5730,-0.7021036284060429,16753.25192172736,1.084025450879,1,0
5731,-0.7006917972610474,16748.027791156597,1.084025450879,1,0
5732,-0.6984328674290552,16742.24575853357,1.084025450879,1,0
5733,-0.7012565297190454,16737.09377245157,1.084025450879,1,0
5734,-0.6995623323450513,16731.34325087536,1.084025450879,1,0
5735,-0.7004094310320479,16725.418929324358,1.084025450879,1,0
5736,-0.7006917972610474,16729.71045947112,1.084025450879,1,0
5737,-0.7012565297190454,16728.70927878667,1.084025450879,1,0
5738,-0.6987152336580547,16728.01280115288,1.084025450879,1,0
5739,-0.6995623323450513,16727.134757281743,1.084025450879,1,0
5740,-0.7015388959480449,16726.44186984438,1.084025450879,1,0
5741,-0.7006917972610474,16727.01105641148,1.084025450879,1,0
5742,-0.7004094310320479,16727.605699884254,1.084025450879,1,0
5743,-0.7012565297190454,16723.179911817624,1.084025450879,1,0
5744,-0.7015388959480449,16724.061793693494,1.084025450879,1,0
5745,-0.6995623323450513,16723.83660856063,1.084025450879,1,0
5746,-0.6995623323450513,16723.47122435974,1.084025450879,1,0
5747,-0.6995623323450513,16723.449808482266,1.084025450879,1,0
5748,-0.7004094310320479,16722.008853821495,1.084025450879,1,0
5749,-0.6992799661160527,16719.947774973818,1.084025450879,1,0
5750,-0.7006917972610474,16717.75465687452,1.084025450879,1,0
5751,-0.6995623323450513,16716.01537124797,1.084025450879,1,0
5752,-0.6987152336580547,16714.605316884587,1.084025450879,1,0
5753,-0.6987152336580547,16713.511352520316,1.084025450879,1,0
5754,-0.7006917972610474,16717.699970061345,1.084025450879,1,0
5755,-0.6989975998870532,16711.40679359329,1.084025450879,1,0
5756,-0.7012565297190454,16710.81041001014,1.084025450879,1,0
5757,-0.6981505012000566,16710.83534854598,1.084025450879,1,0
5758,-0.6995623323450513,16716.420122993608,1.084025450879,1,0
5759,-0.7004094310320479,16716.847053036647,1.084025450879,1,0
5760,-0.6989975998870532,16717.09204299053,1.084025450879,1,0
5761,-0.6987152336580547,16712.197962563558,1.084025450879,1,0
5762,-0.6989975998870532,16712.29737932217,1.084025450879,1,0
5763,-0.7006917972610474,16712.837937516015,1.084025450879,1,0
5764,-0.6995623323450513,16718.75600099421,1.084025450879,1,0
5765,-0.6998446985740507,16713.690419031547,1.084025450879,1,0
5766,-0.6998446985740507,16714.01533409544,1.084025450879,1,0
5767,-0.6992799661160527,16713.80877978053,1.084025450879,1,0
5768,-0.7021036284060429,16712.791359772942,1.084025450879,1,0
5769,-0.7004094310320479,16711.683906610877,1.084025450879,1,0
5770,-0.7088804179020194,16711.712396169052,1.084025450879,1,0
5771,-0.7074685867570238,16716.818268219122,1.084025450879,1,0
5772,-0.7071862205280253,16711.492802730158,1.084025450879,1,0
5773,-0.709162784131018,16717.289662811945,1.084025450879,1,0
5774,-0.7085980516730199,16718.716968829573,1.084025450879,1,0
5775,-0.7085980516730199,16720.294601081605,1.084025450879,1,0
5776,-0.70266836086404,16720.934482370263,1.084025450879,1,0
5777,-0.6992799661160527,16715.60640426043,1.084025450879,1,0
5778,-0.7009741634900468,16715.987736618987,1.084025450879,1,0
5779,-0.7060567556120283,16717.157692141012,1.084025450879,1,0
5780,-0.7066214880700263,16718.359478148603,1.084025450879,1,0
5781,-0.7074685867570238,16719.69362747816,1.084025450879,1,0
5782,-0.7074685867570238,16720.877374127274,1.084025450879,1,0
5783,-0.7083156854440205,16722.47530469154,1.084025450879,1,0
5784,-0.7088804179020194,16726.857293379893,1.084025450879,1,0
5785,-0.709162784131018,16726.316242407705,1.084025450879,1,0
5786,-0.709162784131018,16726.353348949066,1.084025450879,1,0
5787,-0.7280813214739519,16729.32712517754,1.084025450879,1,0
5788,-0.7292107863899471,16732.287717405416,1.084025450879,1,0
5789,-0.729775518847946,16735.417890956516,1.084025450879,1,0
5790,-0.7331639135959334,16739.013363276496,1.084025450879,1,0
5791,-0.7314697162219401,16743.810029009488,1.084025450879,1,0
5792,-0.7340110122829309,16749.323790358594,1.084025450879,1,0
5793,-0.7348581109699275,16754.595853308547,1.084025450879,1,0
5794,-0.735705209656925,16759.865657931725,1.084025450879,1,0
5795,-0.736269942114923,16765.327738976514,1.084025450879,1,0
5796,-0.7150924749399978,16762.4180686335,1.084025450879,1,0
5797,-0.7150924749399978,16764.699983260864,1.084025450879,1,0
5798,-0.7145277424819989,16766.939800432945,1.084025450879,1,0
5799,-0.716221939855993,16769.447910945244,1.084025450879,1,0
5800,-0.7150924749399978,16771.761108506646,1.084025450879,1,0
5801,-0.7150924749399978,16773.69419070972,1.084025450879,1,0
5802,-0.7142453762530003,16781.415269926674,1.084025450879,1,0
5803,-0.7077509529860233,16782.6129083199,1.084025450879,1,0
5804,-0.7071862205280253,16783.4753338088,1.084025450879,1,0
5805,-0.7066214880700263,16784.617695347213,1.084025450879,1,0
5806,-0.7085980516730199,16785.886714772467,1.084025450879,1,0
5807,-0.7074685867570238,16786.8322606399,1.084025450879,1,0
5808,-0.7066214880700263,16787.583710147108,1.084025450879,1,0
5809,-0.7066214880700263,16788.52784690778,1.084025450879,1,0
5810,-0.7077509529860233,16789.690565024106,1.084025450879,1,0
5811,-0.7077509529860233,16790.96640010092,1.084025450879,1,0
5812,-0.7071862205280253,16786.844201750402,1.084025450879,1,0
5813,-0.7071862205280253,16788.107177393576,1.084025450879,1,0
5814,-0.7043625582380342,16788.67798888617,1.084025450879,1,0
5815,-0.7049272906960331,16789.49789744632,1.084025450879,1,0
5816,-0.7054920231540311,16790.352938931526,1.084025450879,1,0
5817,-0.7040801920090356,16791.231055905682,1.084025450879,1,0
5818,-0.7074685867570238,16792.228910765232,1.084025450879,1,0
5819,-0.7074685867570238,16793.518133013542,1.084025450879,1,0
5820,-0.7057743893830306,16794.429238537145,1.084025450879,1,0
5821,-0.7043625582380342,16800.568594466484,1.084025450879,1,0
5822,-0.7077509529860233,16796.50914273824,1.084025450879,1,0
5823,-0.7046449244670336,16802.496310179376,1.084025450879,1,0
5824,-0.7060567556120283,16803.409952192636,1.084025450879,1,0
5825,-0.7057743893830306,16804.7443611655,1.084025450879,1,0
5826,-0.7136806437950023,16806.881000108628,1.084025450879,1,0
5827,-0.7125511788790062,16808.646253499184,1.084025450879,1,0
5828,-0.7128335451080048,16810.862632334356,1.084025450879,1,0
5829,-0.7117040801920087,16812.39463468084,1.084025450879,1,0
5830,-0.7125511788790062,16814.447066394147,1.084025450879,1,0
5831,-0.7122688126500067,16816.515175879056,1.084025450879,1,0
5832,-0.7139630100240009,16818.285957412412,1.084025450879,1,0
5833,-0.715657207397995,16820.782498137633,1.084025450879,1,0
5834,-0.7348581109699275,16824.59065575731,1.084025450879,1,0
5835,-0.7342933785119303,16828.596166010746,1.084025450879,1,0
5836,-0.7359875758859244,16833.13032688984,1.084025450879,1,0
5837,-0.7224339968939715,16834.994805366812,1.084025450879,1,0
5838,-0.7376817732599186,16839.685344146976,1.084025450879,1,0
5839,-0.7385288719469152,16844.357535623974,1.084025450879,1,0
5840,-0.7379641394889171,16849.82145958391,1.084025450879,1,0
5841,-0.7379641394889171,16855.799947308577,1.084025450879,1,0
5842,-0.7388112381759138,16861.395718540156,1.084025450879,1,0
5843,-0.7218692644359734,16858.466156702263,1.084025450879,1,0
5844,-0.7207397995199774,16860.74331031335,1.084025450879,1,0
5845,-0.7187632359169847,16862.459586459416,1.084025450879,1,0
5846,-0.7193279683749827,16864.496969100885,1.084025450879,1,0
5847,-0.7193279683749827,16866.070760033752,1.084025450879,1,0
5848,-0.7187632359169847,16867.474941768996,1.084025450879,1,0
5849,-0.7181985034589866,16868.825097898898,1.084025450879,1,0
5850,-0.7190456021459832,16870.153122176485,1.084025450879,1,0
5851,-0.7190456021459832,16874.304557388998,1.084025450879,1,0
5852,-0.7207397995199774,16873.17895177047,1.084025450879,1,0
5853,-0.7111393477340116,16870.299723746928,1.084025450879,1,0
5854,-0.7114217139630101,16861.58478830952,1.084025450879,1,0
5855,-0.7119864464210082,16863.781578579186,1.084025450879,1,0
5856,-0.7114217139630101,16860.355377709064,1.084025450879,1,0
5857,-0.710292249047014,16856.553876080507,1.084025450879,1,0
5858,-0.710292249047014,16847.146400965346,1.084025450879,1,0
5859,-0.7224339968939715,16845.289418539276,1.084025450879,1,0
5860,-0.7229987293519695,16846.439261990392,1.084025450879,1,0
5861,-0.7255400254129603,16847.99218588482,1.084025450879,1,0
5862,-0.7255400254129603,16849.65686969224,1.084025450879,1,0
5863,-0.7289284201609485,16851.481597431906,1.084025450879,1,0
5864,-0.7320344486799382,16859.59355139721,1.084025450879,1,0
5865,-0.729775518847946,16861.86906997251,1.084025450879,1,0
5866,-0.7306226175349435,16864.51777758403,1.084025450879,1,0
5867,-0.7314697162219401,16868.200648952006,1.084025450879,1,0
5868,-0.7311873499929407,16871.720570773086,1.084025450879,1,0
5869,-0.7337286460539323,16876.05285043347,1.084025450879,1,0
5870,-0.7328815473669348,16879.53434089249,1.084025450879,1,0
5871,-0.7328815473669348,16883.40851289221,1.084025450879,1,0
5872,-0.7300578850769446,16887.239135561813,1.084025450879,1,0
5873,-0.735705209656925,16891.62735263578,1.084025450879,1,0
5874,-0.7309049837639412,16895.257531358795,1.084025450879,1,0
5875,-0.7342933785119303,16936.54712138848,1.084025450879,1,0
5876,-0.7340110122829309,16903.37486758982,1.084025450879,1,0
5877,-0.7359875758859244,16907.920847126476,1.084025450879,1,0
5878,-0.7385288719469152,16912.974403176762,1.084025450879,1,0
5879,-0.7348581109699275,16917.656303998225,1.084025450879,1,0
5880,-0.7325991811379362,16921.879019707852,1.084025450879,1,0
5881,-0.7306226175349435,16925.79425741045,1.084025450879,1,0
5882,-0.7314697162219401,16929.67283503363,1.084025450879,1,0
5883,-0.7306226175349435,16970.454206403654,1.084025450879,1,0
5884,-0.7309049837639412,16974.235115100928,1.084025450879,1,0
5885,-0.7294931526189465,16935.532176004508,1.084025450879,1,0
5886,-0.7238458280389661,16937.830788757365,1.084025450879,1,0
5887,-0.7201750670619793,16940.22338102947,1.084025450879,1,0
5888,-0.7224339968939715,16944.30759605086,1.084025450879,1,0
5889,-0.7201750670619793,16946.494109154744,1.084025450879,1,0
5890,-0.7204574332909788,16947.575319441457,1.084025450879,1,0
5891,-0.7207397995199774,16947.212969825043,1.084025450879,1,0
5892,-0.7213045319779754,16948.593830956925,1.084025450879,1,0
5893,-0.7218692644359734,16955.555770126917,1.084025450879,1,0
5894,-0.7187632359169847,16950.96810198029,1.084025450879,1,0
5895,-0.7193279683749827,16952.10821778211,1.084025450879,1,0
5896,-0.7193279683749827,16952.87110315934,1.084025450879,1,0
5897,-0.7179161372299872,16953.260079471493,1.084025450879,1,0
5898,-0.7193279683749827,16950.940208115375,1.084025450879,1,0
5899,-0.7210221657489768,16948.858946875847,1.084025450879,1,0
5900,-0.7187632359169847,16946.180762284228,1.084025450879,1,0
5901,-0.7187632359169847,16945.56321774261,1.084025450879,1,0
5902,-0.7181985034589866,16942.581475107738,1.084025450879,1,0
5903,-0.7181985034589866,16939.56868379679,1.084025450879,1,0
5904,-0.7176337710009877,16936.368831826225,1.084025450879,1,0
5905,-0.7167866723139911,16933.178841986974,1.084025450879,1,0
5906,-0.7184808696879852,16930.04186078538,1.084025450879,1,0
5907,-0.7170690385429905,16929.191793857342,1.084025450879,1,0
5908,-0.7179161372299872,16928.855954346036,1.084025450879,1,0
5909,-0.7179161372299872,16928.728851728174,1.084025450879,1,0
5910,-0.7150924749399978,16928.113734322982,1.084025450879,1,0
5911,-0.7145277424819989,16927.415093066586,1.084025450879,1,0
5912,-0.715657207397995,16926.831167114207,1.084025450879,1,0
5913,-0.7150924749399978,16926.415741685414,1.084025450879,1,0
5914,-0.7159395736269936,16931.283635677955,1.084025450879,1,0
5915,-0.7148101087109984,16926.727556556354,1.084025450879,1,0
5916,-0.7148101087109984,16924.402724516192,1.084025450879,1,0
5917,-0.7145277424819989,16926.434434073766,1.084025450879,1,0
5918,-0.7148101087109984,16926.988866928383,1.084025450879,1,0
5919,-0.7159395736269936,16927.61803865168,1.084025450879,1,0
5920,-0.7105746152760126,16925.851197071683,1.084025450879,1,0
5921,-0.7117040801920087,16926.096331112214,1.084025450879,1,0
5922,-0.7108569815050121,16926.12483695077,1.084025450879,1,0
5923,-0.710292249047014,16924.326725655825,1.084025450879,1,0
5924,-0.7114217139630101,16922.567404109115,1.084025450879,1,0
5925,-0.7117040801920087,16920.344453289305,1.084025450879,1,0
5926,-0.7122688126500067,16918.4288447592,1.084025450879,1,0
5927,-0.7119864464210082,16915.73857615649,1.084025450879,1,0
5928,-0.710292249047014,16912.36847245146,1.084025450879,1,0
5929,-0.7094451503600174,16909.333260032712,1.084025450879,1,0
5930,-0.7088804179020194,16905.918703776973,1.084025450879,1,0
5931,-0.7077509529860233,16902.37300843386,1.084025450879,1,0
5932,-0.7080333192150219,16898.81072989709,1.084025450879,1,0
5933,-0.7071862205280253,16894.69092195082,1.084025450879,1,0
5934,-0.7060567556120283,16890.63939349645,1.084025450879,1,0
5935,-0.7060567556120283,16886.413151097076,1.084025450879,1,0
5936,-0.7066214880700263,16882.890044024174,1.084025450879,1,0
5937,-0.7060567556120283,16878.33151306081,1.084025450879,1,0
5938,-0.7057743893830306,16874.383086511232,1.084025450879,1,0
5939,-0.7052096569250317,16870.01734896981,1.084025450879,1,0
5940,-0.7040801920090356,16865.3673525417,1.084025450879,1,0
5941,-0.7060567556120283,16860.764672368372,1.084025450879,1,0
5942,-0.7035154595510376,16855.44678581679,1.084025450879,1,0
5943,-0.7043625582380342,16850.695220013746,1.084025450879,1,0
5944,-0.7128335451080048,16847.63795678213,1.084025450879,1,0
5945,-0.7117040801920087,16844.679254653074,1.084025450879,1,0
5946,-0.7114217139630101,16841.603778849243,1.084025450879,1,0
5947,-0.7119864464210082,16838.70489539098,1.084025450879,1,0
5948,-0.7111393477340116,16835.64175096402,1.084025450879,1,0
5949,-0.7122688126500067,16833.124106663083,1.084025450879,1,0
5950,-0.7128335451080048,16831.38494716609,1.084025450879,1,0
5951,-0.7289284201609485,16832.734556850974,1.084025450879,1,0
5952,-0.729775518847946,16839.20988496449,1.084025450879,1,0
5953,-0.7325991811379362,16841.018939282287,1.084025450879,1,0
5954,-0.7317520824509387,16842.70846478918,1.084025450879,1,0
5955,-0.7317520824509387,16844.425040335776,1.084025450879,1,0
5956,-0.7337286460539323,16846.47665217078,1.084025450879,1,0
5957,-0.7331639135959334,16848.27987480514,1.084025450879,1,0
5958,-0.7348581109699275,16850.77949839521,1.084025450879,1,0
5959,-0.735705209656925,16853.315264836277,1.084025450879,1,0
5960,-0.7373994070309191,16855.973190227705,1.084025450879,1,0
5961,-0.735705209656925,16858.67133184698,1.084025450879,1,0
5962,-0.7184808696879852,16858.5950335403,1.084025450879,1,0
5963,-0.7184808696879852,16852.902138136724,1.084025450879,1,0
5964,-0.7179161372299872,16852.805845810064,1.084025450879,1,0
5965,-0.7187632359169847,16852.935585136078,1.084025450879,1,0
5966,-0.71735140477199,16852.794994302112,1.084025450879,1,0
5967,-0.7190456021459832,16852.69103197197,1.084025450879,1,0
5968,-0.7181985034589866,16858.14879448243,1.084025450879,1,0
5969,-0.7108569815050121,16857.273426265052,1.084025450879,1,0
5970,-0.7117040801920087,16856.24182134941,1.084025450879,1,0
5971,-0.7125511788790062,16851.896167673352,1.084025450879,1,0
5972,-0.7114217139630101,16850.92883636011,1.084025450879,1,0
5973,-0.7108569815050121,16849.773648913935,1.084025450879,1,0
5974,-0.7128335451080048,16853.183872949052,1.084025450879,1,0
5975,-0.7111393477340116,16847.196449802035,1.084025450879,1,0
5976,-0.6385712268812656,16835.746029945098,1.084025450879,1,0
5977,-0.6382888606522661,16824.46977048096,1.084025450879,1,0
5978,-0.6385712268812656,16814.44466870995,1.084025450879,1,0
5979,-0.6371593957362691,16803.13830909858,1.084025450879,1,0
5980,-0.6478893124382328,16791.205263360745,1.084025450879,1,0
5981,-0.6504306084992235,16775.850084926555,1.084025450879,1,0
5982,-0.6371593957362691,16764.31690855358,1.084025450879,1,0
5983,-0.6360299308202739,16751.95840939956,1.084025450879,1,0
5984,-0.6354651983622759,16740.88388754759,1.084025450879,1,0
5985,-0.6368770295072714,16736.892133824364,1.084025450879,1,0
5986,-0.6413948891712549,16726.283807341995,1.084025450879,1,0
5987,-0.6408301567132577,16715.73681290422,1.084025450879,1,0
5988,-0.6408301567132577,16698.284537644904,1.084025450879,1,0
5989,-0.6498658760412255,16695.116911433757,1.084025450879,1,0
5990,-0.6507129747282221,16685.73990078876,1.084025450879,1,0
5991,-0.6524071721022162,16675.236644207886,1.084025450879,1,0
5992,-0.6656783848651706,16670.251464040226,1.084025450879,1,0
5993,-0.6809261612311168,16663.897405690557,1.084025450879,1,0
5994,-0.6687844133841594,16658.09946937363,1.084025450879,1,0
5995,-0.6679373146971619,16652.005646296388,1.084025450879,1,0
5996,-0.670196244529154,16645.979702496603,1.084025450879,1,0
5997,-0.6704786107581535,16640.39780942441,1.084025450879,1,0
5998,-0.6707609769871521,16635.306115748368,1.084025450879,1,0
5999,-0.671325709445151,16630.06127713075,1.084025450879,1,0
6000,-0.6501482422702249,16621.52563469075,1.084025450879,1,0
6001,-0.6507129747282221,16612.842145742547,1.084025450879,1,0
6002,-0.6473245799802338,16603.857643389973,1.084025450879,1,0
6003,-0.649018777354228,16595.207012046532,1.084025450879,1,0
6004,-0.6473245799802338,16587.960816662504,1.084025450879,1,0
6005,-0.6622899901171815,16575.19713364378,1.084025450879,1,0
6006,-0.663701821262177,16575.442295136607,1.084025450879,1,0
6007,-0.6484540448962308,16566.809069577866,1.084025450879,1,0
6008,-0.6518424396442191,16557.754504796096,1.084025450879,1,0
6009,-0.6495835098122269,16547.635726805765,1.084025450879,1,0
6010,-0.6433714527742485,16537.57978588302,1.084025450879,1,0
6011,-0.643089086545249,16527.18974815218,1.084025450879,1,0
6012,-0.6422419878582524,16516.43902279265,1.084025450879,1,0
6013,-0.6442185514612451,16506.41342816844,1.084025450879,1,0
6014,-0.6439361852322465,16488.860477425987,1.084025450879,1,0
6015,-0.6425243540872518,16480.50017490689,1.084025450879,1,0
6016,-0.656642665537202,16469.392947103737,1.084025450879,1,0
6017,-0.6574897642241986,16457.23315855281,1.084025450879,1,0
6018,-0.6461951150642387,16444.52658380901,1.084025450879,1,0
6019,-0.6433714527742485,16425.693730200263,1.084025450879,1,0
6020,-0.6453480163772412,16411.712783955998,1.084025450879,1,0
6021,-0.6416772554002543,16398.01701393156,1.084025450879,1,0
6022,-0.6422419878582524,16388.24386295794,1.084025450879,1,0
6023,-0.6428067203162504,16373.96240901748,1.084025450879,1,0
6024,-0.643089086545249,16358.312629922111,1.084025450879,1,0
6025,-0.6428067203162504,16344.61184921889,1.084025450879,1,0
6026,-0.6512777071862201,16334.35784350825,1.084025450879,1,0
6027,-0.6529719045602143,16324.006847960403,1.084025450879,1,0
6028,-0.6538190032472118,16313.911388201472,1.084025450879,1,0
6029,-0.6589015953691941,16304.679083533216,1.084025450879,1,0
6030,-0.6461951150642387,16293.628407198375,1.084025450879,1,0
6031,-0.6456303826062406,16282.58619163403,1.084025450879,1,0
6032,-0.6442185514612451,16271.080402847072,1.084025450879,1,0
6033,-0.6445009176902445,16260.58780906581,1.084025450879,1,0
6034,-0.6450656501482417,16250.145706176534,1.084025450879,1,0
6035,-0.6450656501482417,16244.459533788993,1.084025450879,1,0
6036,-0.6461951150642387,16229.27824221878,1.084025450879,1,0
6037,-0.6453480163772412,16224.278879587044,1.084025450879,1,0
6038,-0.6450656501482417,16213.894860354723,1.084025450879,1,0
6039,-0.6447832839192431,16200.057509995851,1.084025450879,1,0
6040,-0.6447832839192431,16199.314570451792,1.084025450879,1,0
6041,-0.6605957927431874,16202.779604401121,1.084025450879,1,0
6042,-0.6622899901171815,16206.293973426316,1.084025450879,1,0
6043,-0.6470422137512353,16209.252240102402,1.084025450879,1,0
6044,-0.6470422137512353,16212.958966778267,1.084025450879,1,0
6045,-0.6572073979952,16209.99384897655,1.084025450879,1,0
6046,-0.6574897642241986,16217.183927574888,1.084025450879,1,0
6047,-0.6563602993082025,16220.381964801774,1.084025450879,1,0
6048,-0.6459127488352392,16216.428854403543,1.084025450879,1,0
6049,-0.6464774812932381,16218.192666762143,1.084025450879,1,0
6050,-0.6484540448962308,16219.159068188477,1.084025450879,1,0
6051,-0.6481716786672314,16220.199411224768,1.084025450879,1,0
6052,-0.6478893124382328,16221.449331104215,1.084025450879,1,0
6053,-0.6620076238881829,16223.059842588058,1.084025450879,1,0
6054,-0.6605957927431874,16224.678617737223,1.084025450879,1,0
6055,-0.6484540448962308,16224.04732299687,1.084025450879,1,0
6056,-0.6461951150642387,16226.22775672907,1.084025450879,1,0
6057,-0.6464774812932381,16220.983263371649,1.084025450879,1,0
6058,-0.6464774812932381,16212.300097785512,1.084025450879,1,0
6059,-0.6459127488352392,16214.262608702466,1.084025450879,1,0
6060,-0.6467598475222358,16210.594687597699,1.084025450879,1,0
6061,-0.6467598475222358,16206.698863023857,1.084025450879,1,0
6062,-0.6447832839192431,16197.62539766906,1.084025450879,1,0
6063,-0.6555132006212059,16195.145818001429,1.084025450879,1,0
6064,-0.6552308343922064,16195.922695947002,1.084025450879,1,0
6065,-0.6622899901171815,16197.706630666222,1.084025450879,1,0
6066,-0.6704786107581535,16201.348574530426,1.084025450879,1,0
6067,-0.670196244529154,16209.841512647667,1.084025450879,1,0
6068,-0.6546661019342084,16210.867491828585,1.084025450879,1,0
6069,-0.6552308343922064,16209.817127965243,1.084025450879,1,0
6070,-0.6535366370182123,16208.244522819972,1.084025450879,1,0
6071,-0.6532542707892137,16209.076592483949,1.084025450879,1,0
6072,-0.6761259353381339,16207.748723494355,1.084025450879,1,0
6073,-0.6769730340251305,16216.887174619866,1.084025450879,1,0
6074,-0.6758435691091345,16221.944200760912,1.084025450879,1,0
6075,-0.6789495976281241,16227.345109584232,1.084025450879,1,0
6076,-0.6800790625441193,16233.066559795,1.084025450879,1,0
6077,-0.6823379923761124,16239.279998133017,1.084025450879,1,0
6078,-0.6964563038260625,16247.40762183228,1.084025450879,1,0
6079,-0.6987152336580547,16256.217383397287,1.084025450879,1,0
6080,-0.7001270648030502,16263.073318656096,1.084025450879,1,0
6081,-0.6953268389100664,16268.50972763586,1.084025450879,1,0
6082,-0.6956092051390659,16276.132441908898,1.084025450879,1,0
6083,-0.6964563038260625,16284.477879591235,1.084025450879,1,0
6084,-0.6865734858110972,16290.969071630281,1.084025450879,1,0
6085,-0.6648312861781731,16330.675726349542,1.084025450879,1,0
6086,-0.6645489199491736,16334.084601591703,1.084025450879,1,0
6087,-0.662572356346181,16337.059876616122,1.084025450879,1,0
6088,-0.6622899901171815,16298.898975618327,1.084025450879,1,0
6089,-0.6622899901171815,16301.554406609324,1.084025450879,1,0
6090,-0.6622899901171815,16344.340012445784,1.084025450879,1,0
6091,-0.6778201327121272,16312.478729829463,1.084025450879,1,0
6092,-0.6778201327121272,16316.054889496061,1.084025450879,1,0
6093,-0.6563602993082025,16315.811691789015,1.084025450879,1,0
6094,-0.6552308343922064,16317.290046296426,1.084025450879,1,0
6095,-0.6538190032472118,16318.301671064792,1.084025450879,1,0
6096,-0.6546661019342084,16320.163398554048,1.084025450879,1,0
6097,-0.6546661019342084,16321.756924319392,1.084025450879,1,0
6098,-0.6529719045602143,16322.786267406922,1.084025450879,1,0
6099,-0.663137088804179,16361.646438302556,1.084025450879,1,0
