timestep,value,score,threshold,anomaly,evaluation_label
64,-0.9377455436362555,1.048980108805,1.0325438249606949,1,0
65,-0.8063360587903474,1.088242735949,1.0325438249606949,1,0
66,-0.5023065781841278,1.101807792979,1.0325438249606949,1,0
67,-0.24593162564109322,1.121058055395,1.0325438249606949,1,0
68,-0.04158957404903432,1.132256302406,1.0325438249606949,1,0
69,0.1469670358229726,1.1020112189,1.0325438249606949,1,0
70,0.21453282984038088,1.086633303209,1.0325438249606949,1,0
71,0.3432312294976927,1.062149104787,1.0325438249606949,1,0
72,0.4145367421706486,1.059316366172,1.0325438249606949,1,0
73,0.5132195344247137,1.044096050522,1.0325438249606949,1,0
74,0.5643596293825583,1.036457386005,1.0325438249606949,1,0
75,0.605319381883755,1.010442751889,1.0325438249606949,0,0
76,0.6497404488241252,0.990176715741,1.0325438249606949,0,0
77,0.6599984889622383,0.977428693933,1.0325438249606949,0,0
78,0.6873660875220218,0.977777776111,1.0325438249606949,0,0
79,0.6942112183275906,0.993833323742,1.0325438249606949,0,0
80,0.7113284616837152,1.013936671676,1.0325438249606949,0,0
81,0.7181772852499959,1.041147307718,1.0325438249606949,1,0
82,0.72845299075692,1.039242565335,1.0325438249606949,1,0
83,0.7387313909811206,1.047500735561,1.0325438249606949,1,0
84,0.7558680961842403,1.040242284067,1.0325438249606949,1,0
85,0.7661535326146621,1.045126495208,1.0325438249606949,1,0
86,0.7730113884740355,1.031183078577,1.0325438249606949,0,0
87,0.7627242054676012,1.024984384784,1.0325438249606949,0,0
88,0.7730113884740355,1.002928765456,1.0325438249606949,0,0
89,0.7970257107965544,0.996188386033,1.0325438249606949,0,0
90,0.793593738834389,0.983969546752,1.0325438249606949,0,0
91,0.7867323399208191,0.983023505074,1.0325438249606949,0,0
92,0.7833012162955741,0.987070950471,1.0325438249606949,0,0
93,0.7901629146221747,0.994904207829,1.0325438249606949,0,0
94,0.7901629146221747,1.012862411715,1.0325438249606949,0,0
95,0.7833012162955741,1.022241884071,1.0325438249606949,0,0
96,0.7901629146221747,1.038025597159,1.0325438249606949,1,0
97,0.7901629146221747,1.038643076733,1.0325438249606949,1,0
98,0.8107540976669337,1.04575635545,1.0325438249606949,1,0
99,0.793593738834389,1.040067989762,1.0325438249606949,1,0
100,0.7970257107965544,1.04431401845,1.0325438249606949,1,0
101,0.8038888562861366,1.025284632232,1.0325438249606949,0,0
102,0.8244871254392888,1.005194860356,1.0325438249606949,0,0
103,0.8279217422165586,0.983605750433,1.0325438249606949,0,0
104,0.8244871254392888,0.977424750535,1.0325438249606949,0,0
105,0.8279217422165586,0.985142071104,1.0325438249606949,0,0
106,0.8485323372061411,1.002561582136,1.0325438249606949,0,0
107,0.8313558599721106,1.026224091937,1.0325438249606949,0,0
108,0.8279217422165586,1.039350901811,1.0325438249606949,1,0
109,0.8244871254392888,1.047984958896,1.0325438249606949,1,0
110,0.81762043689551,1.044392000586,1.0325438249606949,1,0
111,0.81762043689551,1.053636030091,1.0325438249606949,1,0
112,0.8244871254392888,1.05090467816,1.0325438249606949,1,0
113,0.8107540976669337,1.070775318679,1.0325438249606949,1,0
114,0.81762043689551,1.06627754637,1.0325438249606949,1,0
115,0.8313558599721106,1.078640003754,1.0325438249606949,1,0
116,0.8210536564119699,1.06961892269,1.0325438249606949,1,0
117,0.8382257422548834,1.058387528718,1.0325438249606949,1,0
118,0.8141866684551604,1.041618633712,1.0325438249606949,1,0
119,0.8382257422548834,1.017115716294,1.0325438249606949,0,0
120,0.8416607083473558,0.997894627554,1.0325438249606949,0,0
121,0.8210536564119699,0.98179561997,1.0325438249606949,0,0
122,0.8210536564119699,0.97125092647,1.0325438249606949,0,0
123,0.81762043689551,0.978458957248,1.0325438249606949,0,0
124,0.8141866684551604,0.995411214179,1.0325438249606949,0,0
125,0.8279217422165586,1.034409272164,1.0325438249606949,1,0
126,0.8038888562861366,1.063532291567,1.0325438249606949,1,0
127,0.8004571837370019,1.096224548672,1.0325438249606949,1,0
128,0.8107540976669337,1.111031872675,1.0325438249606949,1,0
129,0.8107540976669337,1.213526207384,1.0325438249606949,1,0
130,0.793593738834389,1.278472193746,1.0325438249606949,1,0
131,0.7970257107965544,1.431900603111,1.0325438249606949,1,0
132,0.7833012162955741,1.46687077453,1.0325438249606949,1,0
133,0.7867323399208191,1.534698421836,1.0325438249606949,1,0
134,0.7867323399208191,1.660042712794,1.0325438249606949,1,0
135,0.7798712903224518,1.736610486803,1.0325438249606949,1,0
136,0.7901629146221747,1.73756090837,1.0325438249606949,1,0
137,0.7764416138601884,1.751021673672,1.0325438249606949,1,0
138,0.7695823607400053,1.847775453762,1.0325438249606949,1,0
139,0.7867323399208191,1.855953824314,1.0325438249606949,1,0
140,0.7592960260704914,1.857107393992,1.0325438249606949,1,0
141,0.7730113884740355,1.884852692129,1.0325438249606949,1,0
142,0.7627242054676012,1.884318676308,1.0325438249606949,1,0
143,0.7592960260704914,1.881532915111,1.0325438249606949,1,0
144,0.7216024206146271,1.897806933185,1.0325438249606949,1,0
145,0.4281340110846696,1.598632443269,1.0325438249606949,1,0
146,0.2551286707538541,1.499361952558,1.0325438249606949,1,0
147,0.0862587545875066,1.39660162489,1.0325438249606949,1,0
148,-0.0785192957725675,1.312708218893,1.0325438249606949,1,0
149,-0.21250772485619196,1.155815498778,1.0325438249606949,1,0
150,-0.32602805460175877,1.094104873072,1.0325438249606949,1,0
151,-0.41925913439293616,1.057071724741,1.0325438249606949,1,0
152,-0.5056247731946293,1.047516368122,1.0325438249606949,1,0
153,-0.5387890080286607,1.044786521423,1.0325438249606949,1,0
154,-0.6447176954298793,1.036725195153,1.0325438249606949,1,0
155,-0.7008692658911471,1.02670530622,1.0325438249606949,0,0
156,-0.7569361024647282,1.014806642234,1.0325438249606949,0,0
157,-0.799753263701839,0.991014212757,1.0325438249606949,0,0
158,-0.8425206225715108,0.984854744971,1.0325438249606949,0,0
159,-0.8556698448361832,0.97823750159,1.0325438249606949,0,0
160,-0.9016548957423867,0.995513151165,1.0325438249606949,0,0
161,-0.9344659729067137,1.007945210831,1.0325438249606949,0,0
162,-0.9475822597380097,1.037229792508,1.0325438249606949,1,0
163,-0.8786695562020216,1.061595113049,1.0325438249606949,1,0
164,-0.6314928214727848,1.09515618843,1.0325438249606949,1,0
165,-0.3460256513131657,1.105450023417,1.0325438249606949,1,0
166,-0.12546899308595433,1.135988641373,1.0325438249606949,1,0
167,0.07278105127707638,1.118079265113,1.0325438249606949,1,0
168,0.224677816608321,1.1070223103,1.0325438249606949,1,0
169,0.2889902385363733,1.070089063068,1.0325438249606949,1,0
170,0.39754799690686377,1.060570773622,1.0325438249606949,1,0
171,0.4553410244556571,1.04911071301,1.0325438249606949,1,0
172,0.5370768146126333,1.039300714421,1.0325438249606949,1,0
173,0.5814212817193174,1.018562515219,1.0325438249606949,0,0
174,0.6189821973004123,0.998040319938,1.0325438249606949,0,0
175,0.646321501328795,0.97891164489,1.0325438249606949,0,0
176,0.6702591739154561,0.976984471821,1.0325438249606949,0,0
177,0.7147528984179414,0.981240369555,1.0325438249606949,0,0
178,0.7010571475679078,1.004497401386,1.0325438249606949,0,0
179,0.7079042245581761,1.025562157454,1.0325438249606949,0,0
180,0.7387313909811206,1.04130480081,1.0325438249606949,1,0
181,0.7250277056857736,1.043695330386,1.0325438249606949,1,0
182,0.7387313909811206,1.043277862151,1.0325438249606949,1,0
183,0.7627242054676012,1.042500982005,1.0325438249606949,1,0
184,0.7455853544710949,1.036780406605,1.0325438249606949,1,0
185,0.7524401163958176,1.028525278424,1.0325438249606949,0,0
186,0.7558680961842403,1.013073283499,1.0325438249606949,0,0
187,0.7833012162955741,0.99681248205,1.0325438249606949,0,0
188,0.7627242054676012,0.98762370078,1.0325438249606949,0,0
189,0.793593738834389,0.98101208694,1.0325438249606949,0,0
190,0.7798712903224518,0.984519990895,1.0325438249606949,0,0
191,0.7833012162955741,0.988193352496,1.0325438249606949,0,0
192,0.8004571837370019,1.008449214286,1.0325438249606949,0,0
193,0.8073217264873941,1.016449868861,1.0325438249606949,0,0
194,0.81762043689551,1.03460689433,1.0325438249606949,1,0
195,0.7970257107965544,1.038322670762,1.0325438249606949,1,0
196,0.8210536564119699,1.045555200526,1.0325438249606949,1,0
197,0.8244871254392888,1.039222137568,1.0325438249606949,1,0
198,0.81762043689551,1.043720586076,1.0325438249606949,1,0
199,0.8107540976669337,1.028195558696,1.0325438249606949,0,0
200,0.8210536564119699,1.014584317305,1.0325438249606949,0,0
201,0.8416607083473558,0.986869747164,1.0325438249606949,0,0
202,0.845095923950687,0.977351015024,1.0325438249606949,0,0
203,0.8279217422165586,0.979116166615,1.0325438249606949,0,0
204,0.8313558599721106,0.991795771229,1.0325438249606949,0,0
205,0.8279217422165586,1.014383346357,1.0325438249606949,0,0
206,0.8347901773363497,1.029847303349,1.0325438249606949,0,0
207,0.8279217422165586,1.047964339424,1.0325438249606949,1,0
208,0.8210536564119699,1.04211386324,1.0325438249606949,1,0
209,0.8210536564119699,1.052803587249,1.0325438249606949,1,0
210,0.8244871254392888,1.048009655828,1.0325438249606949,1,0
211,0.81762043689551,1.06036242148,1.0325438249606949,1,0
212,0.81762043689551,1.072703602041,1.0325438249606949,1,0
213,0.8313558599721106,1.074773346528,1.0325438249606949,1,0
214,0.8141866684551604,1.078896373929,1.0325438249606949,1,0
215,0.8107540976669337,1.050496205308,1.0325438249606949,1,0
216,0.8107540976669337,1.057417369987,1.0325438249606949,1,0
217,0.8279217422165586,1.031208776572,1.0325438249606949,0,0
218,0.8141866684551604,1.003741382234,1.0325438249606949,0,0
219,0.8279217422165586,0.995073836915,1.0325438249606949,0,0
220,0.8107540976669337,0.976897661797,1.0325438249606949,0,0
221,0.8382257422548834,0.973740297458,1.0325438249606949,0,0
222,0.8313558599721106,0.987770449283,1.0325438249606949,0,0
223,0.8141866684551604,1.014511550307,1.0325438249606949,0,0
224,0.8279217422165586,1.053896778969,1.0325438249606949,1,0
225,0.8073217264873941,1.098303369779,1.0325438249606949,1,0
226,0.8244871254392888,1.101314441985,1.0843031971339,1,0
227,0.8004571837370019,1.175160326886,1.0843031971339,1,0
228,0.8004571837370019,1.256844613943,1.0843031971339,1,0
229,0.7970257107965544,1.397634432006,1.0843031971339,1,0
230,0.81762043689551,1.484163213811,1.0843031971339,1,0
231,0.7833012162955741,1.54480813065,1.0843031971339,1,0
232,0.7867323399208191,1.63294935256,1.0843031971339,1,0
233,0.7833012162955741,1.731454945993,1.0843031971339,1,0
234,0.7798712903224518,1.779711554134,1.0843031971339,1,0
235,0.7833012162955741,1.734479560083,1.0843031971339,1,0
236,0.7764416138601884,1.828686364826,1.0843031971339,1,0
237,0.7661535326146621,1.855923065269,1.0843031971339,1,0
238,0.7627242054676012,1.830566290367,1.0843031971339,1,0
239,0.7730113884740355,1.83519275084,1.0843031971339,1,0
240,0.7524401163958176,1.850223018377,1.0843031971339,1,0
241,0.7455853544710949,1.80411891414,1.0843031971339,1,0
242,0.7592960260704914,1.815216953687,1.0843031971339,1,0
243,0.5814212817193174,1.685238174064,1.0843031971339,1,0
244,0.3262734235804129,1.492583378544,1.0843031971339,1,0
245,0.16722432343633536,1.393256087588,1.0843031971339,1,0
246,-0.001262624750439284,1.315145523625,1.0843031971339,1,0
247,-0.13217105436502286,1.178450775407,1.0843031971339,1,0
248,-0.2592927075760679,1.102009287864,1.0843031971339,1,0
249,-0.36934239117633794,1.071559897563,1.0843031971339,0,0
250,-0.45914479254868756,1.045935864588,1.0843031971339,0,0
251,-0.5387890080286607,1.046182128927,1.0843031971339,0,0
252,-0.6116471269722836,1.033896480352,1.0843031971339,0,0
253,-0.674455746953672,1.02784517732,1.0843031971339,0,0
254,-0.7272642711228907,1.014066370588,1.0843031971339,0,0
255,-0.7503443748874706,0.999607090723,1.0843031971339,0,0
256,-0.7964614170380386,0.981224945977,1.0843031971339,0,0
257,-0.8326555620361843,0.974472614169,1.0843031971339,0,0
258,-0.872099635873833,0.979713935708,1.0325438249606949,0,0
259,-0.9147828596818797,0.997377125908,1.0325438249606949,0,0
260,-0.9279062326215687,1.014268463164,1.0325438249606949,0,0
261,-0.941024715148423,1.041766304739,1.0325438249606949,1,0
262,-0.7602314422805533,1.075214630949,1.0325438249606949,1,0
263,-0.46578856809111424,1.090876955199,1.0325438249606949,1,0
264,-0.2225378867268607,1.112386751486,1.0325438249606949,1,0
265,-0.01470972555402393,1.124287755954,1.0325438249606949,1,0
266,0.16722432343633536,1.103794020531,1.0325438249606949,1,0
267,0.2348254481913656,1.085563829486,1.0325438249606949,1,0
268,0.33644755321667397,1.060094900989,1.0325438249606949,1,0
269,0.4213343661086805,1.05509251684,1.0325438249606949,1,0
270,0.5132195344247137,1.039514111446,1.0325438249606949,1,0
271,0.5575372539673225,1.033243685016,1.0325438249606949,1,0
272,0.5950754640602562,1.005940677288,1.0325438249606949,0,0
273,0.622398699589325,0.987630040357,1.0325438249606949,0,0
274,0.6531595959281424,0.976973673351,1.0325438249606949,0,0
275,0.6771009612755154,0.977777776111,1.0325438249606949,0,0
276,0.6839443455050718,0.994196945648,1.0325438249606949,0,0
277,0.7113284616837152,1.014975925155,1.0325438249606949,0,0
278,0.7079042245581761,1.038934925183,1.0325438249606949,1,0
279,0.7113284616837152,1.036417757316,1.0325438249606949,1,0
280,0.7387313909811206,1.045224517062,1.0325438249606949,1,0
281,0.7455853544710949,1.038630387159,1.0325438249606949,1,0
282,0.7318789744584716,1.040568684572,1.0325438249606949,1,0
283,0.7421582230195923,1.026734491596,1.0325438249606949,0,0
284,0.7661535326146621,1.019841540975,1.0325438249606949,0,0
285,0.7730113884740355,1.001399050478,1.0325438249606949,0,0
286,0.7627242054676012,0.99434530418,1.0325438249606949,0,0
287,0.7833012162955741,0.98198086589,1.0325438249606949,0,0
288,0.793593738834389,0.983215860915,1.0325438249606949,0,0
289,0.7833012162955741,0.986263986826,1.0325438249606949,0,0
290,0.7970257107965544,0.995394820773,1.0325438249606949,0,0
291,0.8004571837370019,1.012185200173,1.0325438249606949,0,0
292,0.81762043689551,1.0226658565,1.0325438249606949,0,0
293,0.8210536564119699,1.037621414615,1.0325438249606949,1,0
294,0.8279217422165586,1.038135688388,1.0325438249606949,1,0
295,0.8141866684551604,1.042905120954,1.0325438249606949,1,0
296,0.8107540976669337,1.035705322455,1.0325438249606949,1,0
297,0.8313558599721106,1.037601010149,1.0325438249606949,1,0
298,0.8141866684551604,1.020901616589,1.0325438249606949,0,0
299,0.8210536564119699,0.999322303734,1.0325438249606949,0,0
300,0.81762043689551,0.98102279457,1.0325438249606949,0,0
301,0.8485323372061411,0.977424750535,1.0325438249606949,0,0
302,0.8244871254392888,0.98558823186,1.0325438249606949,0,0
303,0.8279217422165586,1.00196034984,1.0325438249606949,0,0
304,0.8313558599721106,1.027029494887,1.0325438249606949,0,0
305,0.8244871254392888,1.039687263053,1.0325438249606949,1,0
306,0.8210536564119699,1.046614171885,1.0325438249606949,1,0
307,0.8210536564119699,1.043904204893,1.0325438249606949,1,0
308,0.8210536564119699,1.053127097956,1.0325438249606949,1,0
309,0.81762043689551,1.051889449382,1.0325438249606949,1,0
310,0.8210536564119699,1.070186714442,1.0325438249606949,1,0
311,0.8313558599721106,1.06595025161,1.0325438249606949,1,0
312,0.8382257422548834,1.086954562356,1.0325438249606949,1,0
313,0.8313558599721106,1.068817707623,1.0325438249606949,1,0
314,0.8107540976669337,1.052340975852,1.0325438249606949,1,0
315,0.8107540976669337,1.041303158192,1.0325438249606949,1,0
316,0.8073217264873941,1.012778752562,1.0325438249606949,0,0
317,0.8107540976669337,0.99797509074,1.0325438249606949,0,0
318,0.8107540976669337,0.980008525051,1.0325438249606949,0,0
319,0.8107540976669337,0.971489221375,1.0325438249606949,0,0
320,0.8073217264873941,0.979437932403,1.0325438249606949,0,0
321,0.8107540976669337,0.997079870404,1.0325438249606949,0,0
322,0.8073217264873941,1.042612261972,1.0325438249606949,1,0
323,0.8107540976669337,1.073387276618,1.0325438249606949,1,0
324,0.8004571837370019,1.098750823185,1.0325438249606949,1,0
325,0.7970257107965544,1.12302133242,1.0325438249606949,1,0
326,0.7970257107965544,1.227162781857,1.0325438249606949,1,0
327,0.8107540976669337,1.322251327889,1.0843031971339,1,0
328,0.7970257107965544,1.428131999116,1.0843031971339,1,0
329,0.8004571837370019,1.505511686076,1.0843031971339,1,0
330,0.7901629146221747,1.539460495557,1.0843031971339,1,0
331,0.7867323399208191,1.671980298633,1.0843031971339,1,0
332,0.7833012162955741,1.742902088957,1.0843031971339,1,0
333,0.7798712903224518,1.80209212975,1.0843031971339,1,0
334,0.7695823607400053,1.762431402459,1.0843031971339,1,0
335,0.7833012162955741,1.860449416572,1.0843031971339,1,0
336,0.7661535326146621,1.836554157984,1.0843031971339,1,0
337,0.7558680961842403,1.860254371279,1.0843031971339,1,0
338,0.7730113884740355,1.84708721565,1.0843031971339,1,0
339,0.7524401163958176,1.854952116224,1.0843031971339,1,0
340,0.7421582230195923,1.873259308952,1.0843031971339,1,0
341,0.7181772852499959,1.833182570421,1.0843031971339,1,0
342,0.4519389189433035,1.574357344862,1.0843031971339,1,0
343,0.21791392653841404,1.462215724851,1.0843031971339,1,0
344,0.06267581236868239,1.349250796656,1.0843031971339,1,0
345,-0.0785192957725675,1.272675603932,1.0843031971339,1,0
346,-0.21585174424059078,1.125315969336,1.0843031971339,1,0
347,-0.3226937661408575,1.08992405327,1.0843031971339,1,0
348,-0.41593380337186986,1.0554593421,1.0843031971339,0,0
349,-0.4989880837605958,1.04690349781,1.0843031971339,0,0
350,-0.5785475154507105,1.040595768367,1.0843031971339,0,0
351,-0.6480228659735455,1.033898900596,1.0843031971339,0,0
352,-0.7041699452393528,1.023142235233,1.0843031971339,0,0
353,-0.7536406628445596,1.011726292543,1.0843031971339,0,0
354,-0.799753263701839,0.989663453387,1.0843031971339,0,0
355,-0.8392325684727661,0.982855301481,1.0843031971339,0,0
356,-0.8753846958422709,0.976935446238,1.0325438249606949,0,0
357,-0.9016548957423867,0.993399719997,1.0325438249606949,0,0
358,-0.9311862025684848,1.00552345776,1.0325438249606949,0,0
359,-0.941024715148423,1.029281306455,1.0325438249606949,0,0
360,-0.8655285178935216,1.066150632854,1.0325438249606949,1,0
361,-0.5984108753200227,1.094549574929,1.0325438249606949,1,0
362,-0.3293612951170526,1.112878663089,1.0325438249606949,1,0
363,-0.10535479995017771,1.136390531376,1.0325438249606949,1,0
364,0.09974117677205602,1.115235078526,1.0325438249606949,1,0
365,0.1908709665571613,1.104513545729,1.0325438249606949,1,0
366,0.3059330987532042,1.066611348506,1.0325438249606949,1,0
367,0.4077406901510279,1.061177263716,1.0325438249606949,1,0
368,0.4655487382535277,1.049246378268,1.0325438249606949,1,0
369,0.5780083224846011,1.039234931711,1.0325438249606949,1,0
370,0.5950754640602562,1.016635586089,1.0325438249606949,0,0
371,0.622398699589325,0.996281934056,1.0325438249606949,0,0
372,0.646321501328795,0.978308003278,1.0325438249606949,0,0
373,0.6805225036837783,0.976804625158,1.0325438249606949,0,0
374,0.6771009612755154,0.981834504079,1.0325438249606949,0,0
375,0.6873660875220218,1.00880434344,1.0325438249606949,0,0
376,0.6942112183275906,1.031082951477,1.0325438249606949,0,0
377,0.7113284616837152,1.039881489373,1.0325438249606949,1,0
378,0.7113284616837152,1.047218707754,1.0325438249606949,1,0
379,0.7216024206146271,1.042767904392,1.0325438249606949,1,0
380,0.72845299075692,1.044365035336,1.0325438249606949,1,0
381,0.7353052076708819,1.03582383878,1.0325438249606949,1,0
382,0.7455853544710949,1.028444339301,1.0325438249606949,0,0
383,0.7490123861182537,1.01234637841,1.0325438249606949,0,0
384,0.7764416138601884,0.997858955179,1.0325438249606949,0,0
385,0.7627242054676012,0.988554755524,1.0325438249606949,0,0
386,0.7661535326146621,0.983367837733,1.0325438249606949,0,0
387,0.7764416138601884,0.986973350033,1.0325438249606949,0,0
388,0.7833012162955741,0.991246804338,1.0325438249606949,0,0
389,0.7867323399208191,1.0115031965,1.0325438249606949,0,0
390,0.7901629146221747,1.021079227833,1.0325438249606949,0,0
391,0.8107540976669337,1.04147300961,1.0325438249606949,1,0
392,0.7970257107965544,1.035516966295,1.0325438249606949,1,0
393,0.8004571837370019,1.046635139952,1.0325438249606949,1,0
394,0.8038888562861366,1.039373180627,1.0325438249606949,1,0
395,0.8279217422165586,1.044954877406,1.0325438249606949,1,0
396,0.8210536564119699,1.028062839213,1.0325438249606949,0,0
397,0.8279217422165586,1.011455901113,1.0325438249606949,0,0
398,0.81762043689551,0.986175783542,1.0325438249606949,0,0
399,0.8347901773363497,0.976982128179,1.0325438249606949,0,0
400,0.8210536564119699,0.979656135638,1.0325438249606949,0,0
401,0.8382257422548834,0.99428371953,1.0325438249606949,0,0
402,0.8347901773363497,1.017969002249,1.0325438249606949,0,0
403,0.8416607083473558,1.030362808853,1.0325438249606949,0,0
404,0.845095923950687,1.048488103796,1.0325438249606949,1,0
405,0.8313558599721106,1.042069892031,1.0325438249606949,1,0
406,0.8244871254392888,1.053576037655,1.0325438249606949,1,0
407,0.81762043689551,1.049568455043,1.0325438249606949,1,0
408,0.8210536564119699,1.063913187093,1.0325438249606949,1,0
409,0.8107540976669337,1.066807869772,1.0325438249606949,1,0
410,0.8141866684551604,1.078393205125,1.0325438249606949,1,0
411,0.8141866684551604,1.089559113092,1.0325438249606949,1,0
412,0.8382257422548834,1.056612012167,1.0325438249606949,1,0
413,0.81762043689551,1.055758135226,1.0325438249606949,1,0
414,0.8244871254392888,1.032504224738,1.0325438249606949,0,0
415,0.8141866684551604,1.010162337836,1.0325438249606949,0,0
416,0.8347901773363497,0.997170652916,1.0325438249606949,0,0
417,0.8107540976669337,0.977841794889,1.0325438249606949,0,0
418,0.8141866684551604,0.976705741073,1.0325438249606949,0,0
419,0.8141866684551604,0.989718658312,1.0325438249606949,0,0
420,0.8313558599721106,1.020625715733,1.0325438249606949,0,0
421,0.8107540976669337,1.058247262127,1.0325438249606949,1,0
422,0.8038888562861366,1.097505250879,1.0325438249606949,1,0
423,0.7970257107965544,1.10672592743,1.0325438249606949,1,0
424,0.81762043689551,1.202955964446,1.0325438249606949,1,0
425,0.7970257107965544,1.280596147921,1.0325438249606949,1,0
426,0.793593738834389,1.433078751076,1.0325438249606949,1,0
427,0.793593738834389,1.495320267154,1.0325438249606949,1,0
428,0.793593738834389,1.561472108254,1.0325438249606949,1,0
429,0.8038888562861366,1.692147903306,1.0325438249606949,1,0
430,0.793593738834389,1.760849562648,1.0325438249606949,1,0
431,0.8004571837370019,1.818456580821,1.0325438249606949,1,0
432,0.7764416138601884,1.900504866758,1.0325438249606949,1,0
433,0.7798712903224518,1.877460134324,1.0325438249606949,1,0
434,0.7558680961842403,1.855677169582,1.0325438249606949,1,0
435,0.7490123861182537,1.893809621675,1.0325438249606949,1,0
436,0.7490123861182537,1.874852194708,1.0325438249606949,1,0
437,0.7353052076708819,1.817828009662,1.0325438249606949,1,0
438,0.7318789744584716,1.786258837965,1.0325438249606949,1,0
439,0.5370768146126333,1.573296000191,1.0325438249606949,1,0
440,0.29237822173411243,1.435749819597,1.0325438249606949,1,0
441,0.1334681303273063,1.346178402867,1.0325438249606949,1,0
442,-0.028152091889060732,1.25002384948,1.0325438249606949,1,0
443,-0.16231719337410944,1.172456806077,1.0325438249606949,1,0
444,-0.2626320361563192,1.097619809622,1.0325438249606949,1,0
445,-0.3826600831729478,1.071727137742,1.0325438249606949,1,0
446,-0.46578856809111424,1.046753653306,1.0325438249606949,1,0
447,-0.5520466677126162,1.046742296953,1.0325438249606949,1,0
448,-0.6149557906679746,1.034358515518,1.0325438249606949,1,0
449,-0.674455746953672,1.032282052109,1.0325438249606949,0,0
450,-0.7338603401890933,1.014699408812,1.0325438249606949,0,0
451,-0.7799975927192333,1.001030861003,1.0325438249606949,0,0
452,-0.803044711148265,0.982529085864,1.0325438249606949,0,0
453,-0.8622426594903352,0.977356532942,1.0325438249606949,0,0
454,-0.8950890673922842,0.983035938506,1.0325438249606949,0,0
455,-0.9049372609935483,1.000052050791,1.0325438249606949,0,0
456,-0.9213450950756138,1.014260005726,1.0325438249606949,0,0
457,-0.9377455436362555,1.044756700173,1.0325438249606949,1,0
458,-0.7503443748874706,1.085321740702,1.0325438249606949,1,0
459,-0.4624668300264163,1.102327651742,1.0325438249606949,1,0
460,-0.21585174424059078,1.124284139328,1.0325438249606949,1,0
461,-0.004624802287595445,1.123433480148,1.0325438249606949,1,0
462,0.10311266730202107,1.109828814481,1.0325438249606949,1,0
463,0.2517435319799065,1.082785453391,1.0325438249606949,1,0
464,0.3568037718855954,1.060058418674,1.0325438249606949,1,0
465,0.4315332222710598,1.055628858188,1.0325438249606949,1,0
466,0.5302591300015449,1.041600957668,1.0325438249606949,1,0
467,0.574595562858572,1.030760372902,1.0325438249606949,0,0
468,0.6189821973004123,1.005735448711,1.0325438249606949,0,0
469,0.632649703521217,0.986520155875,1.0325438249606949,0,0
470,0.6531595959281424,0.976869556492,1.0325438249606949,0,0
471,0.6634185343053477,0.979307006132,1.0325438249606949,0,0
472,0.6907885281693767,0.999393606714,1.0325438249606949,0,0
473,0.6907885281693767,1.019138138924,1.0325438249606949,0,0
474,0.7010571475679078,1.038451421473,1.0325438249606949,1,0
475,0.7079042245581761,1.038890416849,1.0325438249606949,1,0
476,0.7250277056857736,1.04493892347,1.0325438249606949,1,0
477,0.7421582230195923,1.040383704196,1.0325438249606949,1,0
478,0.7353052076708819,1.039950607744,1.0325438249606949,1,0
479,0.7455853544710949,1.026922062291,1.0325438249606949,0,0
480,0.7490123861182537,1.018891643023,1.0325438249606949,0,0
481,0.7661535326146621,1.001484606185,1.0325438249606949,0,0
482,0.7592960260704914,0.993769832872,1.0325438249606949,0,0
483,0.7661535326146621,0.981972414993,1.0325438249606949,0,0
484,0.7764416138601884,0.985477391389,1.0325438249606949,0,0
485,0.793593738834389,0.988269898841,1.0325438249606949,0,0
486,0.7730113884740355,1.001898521529,1.0325438249606949,0,0
487,0.7798712903224518,1.015198046893,1.0325438249606949,0,0
488,0.7798712903224518,1.030268958712,1.0325438249606949,0,0
489,0.7867323399208191,1.039776479453,1.0325438249606949,1,0
490,0.7867323399208191,1.041285662196,1.0325438249606949,1,0
491,0.793593738834389,1.046256517845,1.0325438249606949,1,0
492,0.81762043689551,1.040641702473,1.0325438249606949,1,0
493,0.8004571837370019,1.040720860324,1.0325438249606949,1,0
494,0.8004571837370019,1.026449115582,1.0325438249606949,0,0
495,0.8279217422165586,1.002241378566,1.0325438249606949,0,0
496,0.8244871254392888,0.980165498385,1.0325438249606949,0,0
497,0.8347901773363497,0.977556975475,1.0325438249606949,0,0
498,0.8279217422165586,0.987900167707,1.0325438249606949,0,0
499,0.8210536564119699,1.010280180758,1.0325438249606949,0,0
500,0.8313558599721106,1.030172829586,1.0325438249606949,0,0
501,0.8313558599721106,1.045424437824,1.0325438249606949,1,0
502,0.8347901773363497,1.048006506663,1.0325438249606949,1,0
503,0.8279217422165586,1.04865662774,1.0325438249606949,1,0
504,0.81762043689551,1.053537437661,1.0325438249606949,1,0
505,0.8210536564119699,1.051369527723,1.0325438249606949,1,0
506,0.8210536564119699,1.069892955012,1.0325438249606949,1,0
507,0.8279217422165586,1.066156898334,1.0325438249606949,1,0
508,0.8347901773363497,1.087273280058,1.0325438249606949,1,0
509,0.8244871254392888,1.077072388106,1.0325438249606949,1,0
510,0.8210536564119699,1.061017058838,1.0325438249606949,1,0
511,0.8244871254392888,1.050969923826,1.0325438249606949,1,0
512,0.8210536564119699,1.017695560523,1.0325438249606949,0,0
513,0.81762043689551,1.004189444819,1.0325438249606949,0,0
514,0.8141866684551604,0.986120426363,1.0325438249606949,0,0
515,0.8141866684551604,0.973712636542,1.0325438249606949,0,0
516,0.8141866684551604,0.98211325775,1.0325438249606949,0,0
517,0.8107540976669337,0.998517930372,1.0325438249606949,0,0
518,0.8244871254392888,1.044068388469,1.0325438249606949,1,0
519,0.8107540976669337,1.073469357838,1.0325438249606949,1,0
520,0.8073217264873941,1.099369885754,1.0325438249606949,1,0
521,0.8038888562861366,1.124278522828,1.0325438249606949,1,0
522,0.8004571837370019,1.229687265777,1.0325438249606949,1,0
523,0.81762043689551,1.325349081824,1.0325438249606949,1,0
524,0.7970257107965544,1.431373860818,1.0325438249606949,1,0
525,0.793593738834389,1.509722142704,1.0325438249606949,1,0
526,0.8073217264873941,1.616606762377,1.0325438249606949,1,0
527,0.7833012162955741,1.672636460691,1.0325438249606949,1,0
528,0.7798712903224518,1.759081253557,1.0325438249606949,1,0
529,0.7764416138601884,1.815970498673,1.0325438249606949,1,0
530,0.7867323399208191,1.853360441181,1.0325438249606949,1,0
531,0.7592960260704914,1.887298249623,1.0325438249606949,1,0
532,0.7695823607400053,1.874979646962,1.0325438249606949,1,0
533,0.7627242054676012,1.893729145032,1.0325438249606949,1,0
534,0.7490123861182537,1.900039117732,1.0325438249606949,1,0
535,0.7387313909811206,1.842811373637,1.0325438249606949,1,0
536,0.7387313909811206,1.862224321699,1.0325438249606949,1,0
537,0.6942112183275906,1.771847636412,1.0325438249606949,1,0
538,0.38735797342888995,1.543386011498,1.0325438249606949,1,0
539,0.19425080322535695,1.408860136126,1.0325438249606949,1,0
540,0.04247328381191508,1.30428898317,1.0325438249606949,1,0
541,-0.10870782667658327,1.216770060958,1.0325438249606949,1,0
542,-0.22588100787216747,1.113719634595,1.0325438249606949,1,0
543,-0.33602817536501445,1.090613977963,1.0325438249606949,1,0
544,-0.42923452863007366,1.052866907389,1.0325438249606949,1,0
545,-0.4956696891414072,1.052730001049,1.0325438249606949,1,0
546,-0.5851700326679578,1.038538921314,1.0325438249606949,1,0
547,-0.6513279367128681,1.038320922975,1.0325438249606949,1,0
548,-0.7074698261528101,1.02375901119,1.0325438249606949,0,0
549,-0.7635266822920347,1.011101711434,1.0325438249606949,0,0
550,-0.8063360587903474,0.988182272899,1.0325438249606949,0,0
551,-0.8490958325299084,0.982139139388,1.0325438249606949,0,0
552,-0.8786695562020216,0.979088463663,1.0325438249606949,0,0
553,-0.8950890673922842,0.995916920001,1.0325438249606949,0,0
554,-0.9213450950756138,1.010946461319,1.0325438249606949,0,0
555,-0.9377455436362555,1.030214477096,1.0325438249606949,0,0
556,-0.8655285178935216,1.066943816632,1.0325438249606949,1,0
557,-0.5818589237658495,1.087929262031,1.0325438249606949,1,0
558,-0.3126901023234052,1.104192882097,1.0325438249606949,1,0
559,-0.09529372368408975,1.136667525168,1.0325438249606949,1,0
560,0.09637017590715158,1.101550448836,1.0325438249606949,1,0
561,0.25851289881316664,1.09571923961,1.0325438249606949,1,0
562,0.3025435436370539,1.066076006679,1.0325438249606949,1,0
563,0.3907536665121695,1.061197413715,1.0325438249606949,1,0
564,0.4621457345020821,1.046287786171,1.0325438249606949,1,0
565,0.5507160263020374,1.037069738123,1.0325438249606949,1,0
566,0.5916616564886197,1.014985182766,1.0325438249606949,0,0
567,0.6292323029932121,0.995994749231,1.0325438249606949,0,0
568,0.6497404488241252,0.978281016129,1.0325438249606949,0,0
569,0.6702591739154561,0.977788802815,1.0325438249606949,0,0
570,0.6976338086814609,0.984345186756,1.0325438249606949,0,0
571,0.7113284616837152,1.012389332198,1.0325438249606949,0,0
572,0.7250277056857736,1.034269194008,1.0325438249606949,1,0
573,0.7113284616837152,1.037983443508,1.0325438249606949,1,0
574,0.7387313909811206,1.046477289835,1.0325438249606949,1,0
575,0.72845299075692,1.041254900132,1.0325438249606949,1,0
576,0.7592960260704914,1.044436723542,1.0325438249606949,1,0
577,0.7421582230195923,1.03281947597,1.0325438249606949,1,0
578,0.7524401163958176,1.02864255158,1.0325438249606949,0,0
579,0.7524401163958176,1.008084526028,1.0325438249606949,0,0
580,0.7764416138601884,0.997078924161,1.0325438249606949,0,0
581,0.7592960260704914,0.984851114913,1.0325438249606949,0,0
582,0.7661535326146621,0.981501666502,1.0325438249606949,0,0
583,0.793593738834389,0.985266538529,1.0325438249606949,0,0
584,0.7764416138601884,0.991233063166,1.0325438249606949,0,0
585,0.7798712903224518,1.009887173265,1.0325438249606949,0,0
586,0.8004571837370019,1.017569531201,1.0325438249606949,0,0
587,0.7833012162955741,1.038667126423,1.0325438249606949,1,0
588,0.7798712903224518,1.03693260947,1.0325438249606949,1,0
589,0.7798712903224518,1.048318291486,1.0325438249606949,1,0
590,0.7867323399208191,1.040427313914,1.0325438249606949,1,0
591,0.8073217264873941,1.046870937322,1.0325438249606949,1,0
592,0.8073217264873941,1.030668046142,1.0325438249606949,0,0
593,0.8244871254392888,1.014983989337,1.0325438249606949,0,0
594,0.8210536564119699,0.986776906302,1.0325438249606949,0,0
595,0.8141866684551604,0.977177641516,1.0325438249606949,0,0
596,0.8210536564119699,0.98078392337,1.0325438249606949,0,0
597,0.8210536564119699,0.998215467137,1.0325438249606949,0,0
598,0.845095923950687,1.023342389675,1.0325438249606949,0,0
599,0.8244871254392888,1.033264745195,1.0325438249606949,1,0
600,0.8244871254392888,1.050327556189,1.0325438249606949,1,0
601,0.8347901773363497,1.044382131251,1.0325438249606949,1,0
602,0.8279217422165586,1.056245086723,1.0325438249606949,1,0
603,0.8313558599721106,1.049197260175,1.0325438249606949,1,0
604,0.8554043153801287,1.063614959692,1.0325438249606949,1,0
605,0.8347901773363497,1.067052552958,1.0325438249606949,1,0
606,0.8313558599721106,1.069778644707,1.0325438249606949,1,0
607,0.8485323372061411,1.080052758214,1.0325438249606949,1,0
608,0.8519682514398772,1.050606961828,1.0325438249606949,1,0
609,0.8382257422548834,1.048374154876,1.0325438249606949,1,0
610,0.845095923950687,1.019259436989,1.0325438249606949,0,0
611,0.8141866684551604,0.997790154029,1.0325438249606949,0,0
612,0.81762043689551,0.987358030967,1.0325438249606949,0,0
613,0.8107540976669337,0.972762231169,1.0325438249606949,0,0
614,0.8141866684551604,0.977100346539,1.0325438249606949,0,0
615,0.8313558599721106,0.991252302172,1.0325438249606949,0,0
616,0.8073217264873941,1.024131502034,1.0325438249606949,0,0
617,0.8244871254392888,1.059523201186,1.0325438249606949,1,0
618,0.8210536564119699,1.096300474,1.0325438249606949,1,0
619,0.793593738834389,1.103909160478,1.0325438249606949,1,0
620,0.8038888562861366,1.187711257658,1.0325438249606949,1,0
621,0.7867323399208191,1.259513147529,1.0325438249606949,1,0
622,0.7798712903224518,1.408102919133,1.0325438249606949,1,0
623,0.7901629146221747,1.50597207329,1.0325438249606949,1,0
624,0.7901629146221747,1.536412263356,1.0325438249606949,1,0
625,0.7764416138601884,1.632564833808,1.0325438249606949,1,0
626,0.7695823607400053,1.659592922703,1.0325438249606949,1,0
627,0.7730113884740355,1.797082265994,1.0325438249606949,1,0
628,0.7695823607400053,1.753769964523,1.0325438249606949,1,0
629,0.7661535326146621,1.780549667744,1.0325438249606949,1,0
630,0.7798712903224518,1.861765053918,1.0325438249606949,1,0
631,0.7592960260704914,1.863238621539,1.0325438249606949,1,0
632,0.7490123861182537,1.932543278331,1.0325438249606949,1,0
633,0.7695823607400053,1.928782416744,1.0325438249606949,1,0
634,0.7353052076708819,1.947241861275,1.0325438249606949,1,0
635,0.7558680961842403,1.944296128048,1.0325438249606949,1,0
636,0.5268505621579456,1.771764039928,1.0325438249606949,1,0
637,0.2889902385363733,1.532550370841,1.0325438249606949,1,0
638,0.12672033994557064,1.421688670735,1.0325438249606949,1,0
639,-0.03823083352395967,1.306881311462,1.0325438249606949,1,0
640,-0.17236060427138641,1.184205412446,1.0325438249606949,1,0
641,-0.27932565997618275,1.103039161874,1.0325438249606949,1,0
642,-0.3859890570525542,1.072560525875,1.0325438249606949,1,0
643,-0.46578856809111424,1.04836289225,1.0325438249606949,1,0
644,-0.5487326145823728,1.049014484178,1.0325438249606949,1,0
645,-0.6149557906679746,1.035895985754,1.0325438249606949,1,0
646,-0.6777582726822338,1.037238418168,1.0325438249606949,1,0
647,-0.7371575263852743,1.014966748106,1.0325438249606949,0,0
648,-0.7931693707655513,1.00483635009,1.0325438249606949,0,0
649,-0.829366709502691,0.985713842297,1.0325438249606949,0,0
650,-0.872099635873833,0.982844138671,1.0325438249606949,0,0
651,-0.9016548957423867,0.989395775275,1.0325438249606949,0,0
652,-0.9147828596818797,1.011714538506,1.0325438249606949,0,0
653,-0.94430358724756,1.027682392707,1.0325438249606949,0,0
654,-0.9672478073983763,1.059166916636,1.0325438249606949,1,0
655,-0.7437517989732928,1.090960077835,1.0325438249606949,1,0
656,-0.45250021857151246,1.103456049402,1.0325438249606949,1,0
657,-0.20247491817041874,1.121919861594,1.0325438249606949,1,0
658,0.02228135400860149,1.121184006866,1.0325438249606949,1,0
659,0.18073481247362666,1.11044718089,1.0325438249606949,1,0
660,0.248359079360821,1.083059081438,1.0325438249606949,1,0
661,0.3466243276680395,1.059964871536,1.0325438249606949,1,0
662,0.43833463877414713,1.055225006939,1.0325438249606949,1,0
663,0.5268505621579456,1.037684298586,1.0325438249606949,1,0
664,0.574595562858572,1.027946368178,1.0325438249606949,0,0
665,0.5950754640602562,1.002693814071,1.0325438249606949,0,0
666,0.6429033023660415,0.984829003646,1.0325438249606949,0,0
667,0.6668384798441136,0.976869556492,1.0325438249606949,0,0
668,0.6839443455050718,0.979049411466,1.0325438249606949,0,0
669,0.6907885281693767,0.996038308373,1.0325438249606949,0,0
670,0.7010571475679078,1.014612849216,1.0325438249606949,0,0
671,0.7044807359652138,1.039815505687,1.0325438249606949,1,0
672,0.7113284616837152,1.040966216367,1.0325438249606949,1,0
673,0.7181772852499959,1.046047505178,1.0325438249606949,1,0
674,0.72845299075692,1.040776590586,1.0325438249606949,1,0
675,0.7455853544710949,1.040250396856,1.0325438249606949,1,0
676,0.7318789744584716,1.030309897777,1.0325438249606949,0,0
677,0.7387313909811206,1.021529305137,1.0325438249606949,0,0
678,0.7695823607400053,1.001463146053,1.0325438249606949,0,0
679,0.7524401163958176,0.995330997861,1.0325438249606949,0,0
680,0.7627242054676012,0.984308685304,1.0325438249606949,0,0
681,0.7901629146221747,0.98991069168,1.0325438249606949,0,0
682,0.7730113884740355,0.991021710292,1.0325438249606949,0,0
683,0.7970257107965544,1.004700074223,1.0325438249606949,0,0
684,0.7798712903224518,1.016025118587,1.0325438249606949,0,0
685,0.7867323399208191,1.031252108619,1.0325438249606949,0,0
686,0.7901629146221747,1.040878161625,1.0325438249606949,1,0
687,0.8038888562861366,1.042332055683,1.0325438249606949,1,0
688,0.8141866684551604,1.046588951911,1.0325438249606949,1,0
689,0.7970257107965544,1.040231473136,1.0325438249606949,1,0
690,0.8004571837370019,1.040525138408,1.0325438249606949,1,0
691,0.8107540976669337,1.024691971871,1.0325438249606949,0,0
692,0.8279217422165586,0.996839089566,1.0325438249606949,0,0
693,0.8107540976669337,0.979036834578,1.0325438249606949,0,0
694,0.8141866684551604,0.977556975475,1.0325438249606949,0,0
695,0.81762043689551,0.987722058723,1.0325438249606949,0,0
696,0.8485323372061411,1.00958677494,1.0325438249606949,0,0
697,0.8313558599721106,1.030242929896,1.0325438249606949,0,0
698,0.8416607083473558,1.04566648274,1.0325438249606949,1,0
699,0.8382257422548834,1.047331063524,1.0325438249606949,1,0
700,0.8347901773363497,1.049063849914,1.0325438249606949,1,0
701,0.8382257422548834,1.05602945791,1.0325438249606949,1,0
702,0.8347901773363497,1.049459266682,1.0325438249606949,1,0
703,0.8519682514398772,1.066871057005,1.0325438249606949,1,0
704,0.8279217422165586,1.062687144499,1.0325438249606949,1,0
705,0.8210536564119699,1.082659867159,1.0325438249606949,1,0
706,0.81762043689551,1.07147371954,1.0325438249606949,1,0
707,0.8210536564119699,1.063669734883,1.0325438249606949,1,0
708,0.81762043689551,1.052625463546,1.0325438249606949,1,0
709,0.8141866684551604,1.020924587396,1.0325438249606949,0,0
710,0.8107540976669337,1.006279823139,1.0325438249606949,0,0
711,0.8038888562861366,0.988954721473,1.0325438249606949,0,0
712,0.8279217422165586,0.975372768559,1.0325438249606949,0,0
713,0.81762043689551,0.982565671261,1.0325438249606949,0,0
714,0.7970257107965544,1.000744309341,1.0325438249606949,0,0
715,0.793593738834389,1.044252006934,1.0325438249606949,1,0
716,0.8210536564119699,1.076963491959,1.0325438249606949,1,0
717,0.793593738834389,1.101531942419,1.0325438249606949,1,0
718,0.7970257107965544,1.133161548308,1.0325438249606949,1,0
719,0.7970257107965544,1.243846437059,1.0325438249606949,1,0
720,0.7901629146221747,1.349544804489,1.0325438249606949,1,0
721,0.793593738834389,1.46508808938,1.0325438249606949,1,0
722,0.8038888562861366,1.546862215826,1.0325438249606949,1,0
723,0.7901629146221747,1.627344362928,1.0325438249606949,1,0
724,0.7833012162955741,1.683550032219,1.0325438249606949,1,0
725,0.8038888562861366,1.765722037535,1.0325438249606949,1,0
726,0.7798712903224518,1.821350541974,1.0325438249606949,1,0
727,0.7833012162955741,1.919586230666,1.0325438249606949,1,0
728,0.7695823607400053,1.888860228539,1.0325438249606949,1,0
729,0.7627242054676012,1.938419603619,1.0325438249606949,1,0
730,0.7695823607400053,1.93771099692,1.0325438249606949,1,0
731,0.7490123861182537,1.934859147577,1.0325438249606949,1,0
732,0.7455853544710949,1.911079784274,1.0325438249606949,1,0
733,0.7661535326146621,1.906590964832,1.0325438249606949,1,0
734,0.6907885281693767,1.921949075811,1.0325438249606949,1,0
735,0.380565414561294,1.600052364413,1.0325438249606949,1,0
736,0.19425080322535695,1.409877190004,1.0325438249606949,1,0
737,0.032375995722984614,1.332602868818,1.0325438249606949,1,0
738,-0.10870782667658327,1.234005135098,1.0325438249606949,1,0
739,-0.23256540378242496,1.125816565107,1.0325438249606949,1,0
740,-0.33602817536501445,1.09038670985,1.0325438249606949,1,0
741,-0.42923452863007366,1.053146698507,1.0325438249606949,1,0
742,-0.5122598657591658,1.052637634391,1.0325438249606949,1,0
743,-0.5851700326679578,1.041528050661,1.0325438249606949,1,0
744,-0.6546330573543625,1.037697907938,1.0325438249606949,1,0
745,-0.7107696072619237,1.023198864808,1.0325438249606949,0,0
746,-0.7668213733796266,1.011162685283,1.0325438249606949,0,0
747,-0.8162082054340671,0.989530656777,1.0325438249606949,0,0
748,-0.8326555620361843,0.984515381887,1.0325438249606949,0,0
749,-0.8918058039020305,0.980875331547,1.0325438249606949,0,0
750,-0.9213450950756138,1.002236993039,1.0325438249606949,0,0
751,-0.9377455436362555,1.013311796021,1.0325438249606949,0,0
752,-0.9672478073983763,1.038435709357,1.0325438249606949,1,0
753,-0.8655285178935216,1.07578463768,1.0325438249606949,1,0
754,-0.5818589237658495,1.095464746966,1.0325438249606949,1,0
755,-0.3126901023234052,1.103235111577,1.0325438249606949,1,0
756,-0.14557259448577015,1.143978807067,1.0325438249606949,1,0
757,0.04583956424325747,1.108869585969,1.0325438249606949,1,0
758,0.18073481247362666,1.107589081606,1.0325438249606949,1,0
759,0.31271148540401394,1.067082450188,1.0325438249606949,1,0
760,0.4145367421706486,1.063130807307,1.0325438249606949,1,0
761,0.46895244063537833,1.049352967983,1.0325438249606949,1,0
762,0.5541262908194775,1.040451954248,1.0325438249606949,1,0
763,0.5950754640602562,1.018799273588,1.0325438249606949,0,0
764,0.6360670042448783,0.997516960335,1.0325438249606949,0,0
765,0.6531595959281424,0.978727762825,1.0325438249606949,0,0
766,0.6668384798441136,0.976804625158,1.0325438249606949,0,0
767,0.6805225036837783,0.984537326225,1.0325438249606949,0,0
768,0.6976338086814609,1.012424136551,1.0325438249606949,0,0
769,0.7216024206146271,1.036989611822,1.0325438249606949,1,0
770,0.7147528984179414,1.039231990916,1.0325438249606949,1,0
771,0.7113284616837152,1.048299309451,1.0325438249606949,1,0
772,0.72845299075692,1.043621337108,1.0325438249606949,1,0
773,0.7490123861182537,1.047570370464,1.0325438249606949,1,0
774,0.7318789744584716,1.03577424811,1.0325438249606949,1,0
775,0.7421582230195923,1.03192944528,1.0325438249606949,0,0
776,0.7661535326146621,1.012266909503,1.0325438249606949,0,0
777,0.7558680961842403,0.998016973574,1.0325438249606949,0,0
778,0.7833012162955741,0.988546965719,1.0325438249606949,0,0
779,0.7627242054676012,0.983617248996,1.0325438249606949,0,0
780,0.7695823607400053,0.986955565639,1.0325438249606949,0,0
781,0.7695823607400053,0.99140694035,1.0325438249606949,0,0
782,0.7798712903224518,1.012171676781,1.0325438249606949,0,0
783,0.7764416138601884,1.020249266352,1.0325438249606949,0,0
784,0.8004571837370019,1.041629996422,1.0325438249606949,1,0
785,0.8107540976669337,1.037528765135,1.0325438249606949,1,0
786,0.8141866684551604,1.048891293237,1.0325438249606949,1,0
787,0.7970257107965544,1.041431025153,1.0325438249606949,1,0
788,0.8004571837370019,1.048294692958,1.0325438249606949,1,0
789,0.8210536564119699,1.031893500527,1.0325438249606949,0,0
790,0.8279217422165586,1.01445270424,1.0325438249606949,0,0
791,0.8347901773363497,0.987036632596,1.0325438249606949,0,0
792,0.8210536564119699,0.977177641516,1.0325438249606949,0,0
793,0.8313558599721106,0.980645344033,1.0325438249606949,0,0
794,0.8485323372061411,0.997186724546,1.0325438249606949,0,0
795,0.845095923950687,1.022444009153,1.0325438249606949,0,0
796,0.8382257422548834,1.034098906787,1.0325438249606949,1,0
797,0.8382257422548834,1.04977433964,1.0325438249606949,1,0
798,0.8382257422548834,1.043793810849,1.0325438249606949,1,0
799,0.8347901773363497,1.054487742848,1.0325438249606949,1,0
800,0.8382257422548834,1.050521273604,1.0325438249606949,1,0
801,0.845095923950687,1.065528785364,1.0325438249606949,1,0
802,0.8279217422165586,1.069573711902,1.0325438249606949,1,0
803,0.8416607083473558,1.072073061167,1.0325438249606949,1,0
804,0.8279217422165586,1.08322706491,1.0325438249606949,1,0
805,0.8244871254392888,1.055542517885,1.0325438249606949,1,0
806,0.8347901773363497,1.054630208593,1.0325438249606949,1,0
807,0.8210536564119699,1.029960203137,1.0325438249606949,0,0
808,0.81762043689551,1.007924945329,1.0325438249606949,0,0
809,0.8210536564119699,0.996938103269,1.0325438249606949,0,0
810,0.81762043689551,0.978148768993,1.0325438249606949,0,0
811,0.8210536564119699,0.976679610573,1.0325438249606949,0,0
812,0.8244871254392888,0.989675227289,1.0325438249606949,0,0
813,0.8141866684551604,1.01744059832,1.0325438249606949,0,0
814,0.8107540976669337,1.055658044176,1.0325438249606949,1,0
815,0.8038888562861366,1.099396961481,1.0325438249606949,1,0
816,0.8073217264873941,1.10351077663,1.0325438249606949,1,0
817,0.8210536564119699,1.178186617299,1.0325438249606949,1,0
818,0.8141866684551604,1.262824716379,1.0325438249606949,1,0
819,0.8107540976669337,1.40658549998,1.0325438249606949,1,0
820,0.7970257107965544,1.493183813199,1.0325438249606949,1,0
821,0.7867323399208191,1.549995871083,1.0325438249606949,1,0
822,0.7867323399208191,1.674838390153,1.0325438249606949,1,0
823,0.7833012162955741,1.740576341898,1.0325438249606949,1,0
824,0.7730113884740355,1.797779040927,1.0325438249606949,1,0
825,0.7970257107965544,1.875858967656,1.0325438249606949,1,0
826,0.7798712903224518,1.848079145077,1.0325438249606949,1,0
827,0.7592960260704914,1.895393157645,1.0325438249606949,1,0
828,0.7695823607400053,1.893715814376,1.0325438249606949,1,0
829,0.7730113884740355,1.886062134035,1.0325438249606949,1,0
830,0.7490123861182537,1.862265196404,1.0325438249606949,1,0
831,0.7524401163958176,1.861178941097,1.0325438249606949,1,0
832,0.7387313909811206,1.868704539411,1.0325438249606949,1,0
833,0.5166269545183622,1.682604301502,1.0325438249606949,1,0
834,0.3025435436370539,1.464739883763,1.0325438249606949,1,0
835,0.11997373474041484,1.381025919554,1.0325438249606949,1,0
836,-0.03823083352395967,1.269463042661,1.0325438249606949,1,0
837,-0.15896903210945268,1.183278695873,1.0325438249606949,1,0
838,-0.289337807162838,1.09424684034,1.0325438249606949,1,0
839,-0.3859890570525542,1.070087705355,1.0325438249606949,1,0
840,-0.47907172778485063,1.045893418917,1.0325438249606949,1,0
841,-0.5520466677126162,1.048056251832,1.0325438249606949,1,0
842,-0.6215713215811723,1.033135951284,1.0325438249606949,1,0
843,-0.6876647520201398,1.034079285302,1.0325438249606949,1,0
844,-0.7437517989732928,1.013255758647,1.0325438249606949,0,0
845,-0.7865840805684536,0.999764857023,1.0325438249606949,0,0
846,-0.8194982556196833,0.982369282553,1.0325438249606949,0,0
847,-0.8753846958422709,0.978110019402,1.0325438249606949,0,0
848,-0.9147828596818797,0.984653885188,1.0325438249606949,0,0
849,-0.94430358724756,1.005997605399,1.0325438249606949,0,0
850,-0.94430358724756,1.020895710118,1.0325438249606949,0,0
851,-0.957416380926831,1.054004465021,1.0325438249606949,1,0
852,-0.7239661866876176,1.087262860361,1.0325438249606949,1,0
853,-0.432559161020735,1.103104036835,1.0325438249606949,1,0
854,-0.18240134540247305,1.125681328507,1.0325438249606949,1,0
855,0.03574139195022075,1.116122350653,1.0325438249606949,1,0
856,0.18073481247362666,1.105312942687,1.0325438249606949,1,0
857,0.2517435319799065,1.078444077718,1.0325438249606949,1,0
858,0.37377485178056935,1.059609509691,1.0325438249606949,1,0
859,0.4485379112787291,1.051622859603,1.0325438249606949,1,0
860,0.5438956469736728,1.037424935116,1.0325438249606949,1,0
861,0.574595562858572,1.026455140626,1.0325438249606949,0,0
862,0.6121503903747094,1.001554396244,1.0325438249606949,0,0
863,0.6429033023660415,0.983486207913,1.0325438249606949,0,0
864,0.6634185343053477,0.976869556492,1.0325438249606949,0,0
865,0.6839443455050718,0.979128049909,1.0325438249606949,0,0
866,0.6907885281693767,0.998099357102,1.0325438249606949,0,0
867,0.7044807359652138,1.017686052063,1.0325438249606949,0,0
868,0.7113284616837152,1.038099521342,1.0325438249606949,1,0
869,0.7250277056857736,1.038654642347,1.0325438249606949,1,0
870,0.7318789744584716,1.04364333168,1.0325438249606949,1,0
871,0.7387313909811206,1.038935996782,1.0325438249606949,1,0
872,0.7524401163958176,1.039297878663,1.0325438249606949,1,0
873,0.7558680961842403,1.027308562692,1.0325438249606949,0,0
874,0.7558680961842403,1.017544393613,1.0325438249606949,0,0
875,0.7661535326146621,0.998726741109,1.0325438249606949,0,0
876,0.7730113884740355,0.991299145853,1.0325438249606949,0,0
877,0.7970257107965544,0.981666576926,1.0325438249606949,0,0
878,0.7798712903224518,0.986378263199,1.0325438249606949,0,0
879,0.7867323399208191,0.98792703544,1.0325438249606949,0,0
880,0.7798712903224518,1.001863539451,1.0325438249606949,0,0
881,0.8038888562861366,1.016432246893,1.0325438249606949,0,0
882,0.7867323399208191,1.028558301255,1.0325438249606949,0,0
883,0.7901629146221747,1.040600122132,1.0325438249606949,1,0
884,0.8107540976669337,1.04053424792,1.0325438249606949,1,0
885,0.8004571837370019,1.044430894226,1.0325438249606949,1,0
886,0.7970257107965544,1.038218507565,1.0325438249606949,1,0
887,0.8107540976669337,1.038067589215,1.0325438249606949,1,0
888,0.8244871254392888,1.022460294285,1.0325438249606949,0,0
889,0.8141866684551604,0.995353918849,1.0325438249606949,0,0
890,0.8210536564119699,0.978634405788,1.0325438249606949,0,0
891,0.845095923950687,0.977556975475,1.0325438249606949,0,0
892,0.8313558599721106,0.987120212458,1.0325438249606949,0,0
893,0.845095923950687,1.008260057551,1.0325438249606949,0,0
894,0.8416607083473558,1.028463076164,1.0325438249606949,0,0
895,0.8382257422548834,1.044074886613,1.0325438249606949,1,0
896,0.8416607083473558,1.045489293404,1.0325438249606949,1,0
897,0.8416607083473558,1.047122015156,1.0325438249606949,1,0
898,0.8313558599721106,1.05304950497,1.0325438249606949,1,0
899,0.8279217422165586,1.047010535758,1.0325438249606949,1,0
900,0.8244871254392888,1.070148102983,1.0325438249606949,1,0
901,0.8313558599721106,1.057761455158,1.0325438249606949,1,0
902,0.81762043689551,1.083797640842,1.0325438249606949,1,0
903,0.8210536564119699,1.070919904955,1.0325438249606949,1,0
904,0.8073217264873941,1.06241052876,1.0325438249606949,1,0
905,0.8210536564119699,1.044837180441,1.0325438249606949,1,0
906,0.8107540976669337,1.015081677132,1.0325438249606949,0,0
907,0.8141866684551604,1.00415117446,1.0325438249606949,0,0
908,0.8279217422165586,0.984602945421,1.0325438249606949,0,0
909,0.81762043689551,0.973627703605,1.0325438249606949,0,0
910,0.8210536564119699,0.983743839135,1.0325438249606949,0,0
911,0.8210536564119699,1.000684515648,1.0325438249606949,0,0
912,0.8244871254392888,1.045544144346,1.0325438249606949,1,0
913,0.8141866684551604,1.078497274688,1.0325438249606949,1,0
914,0.8107540976669337,1.096967609949,1.0325438249606949,1,0
915,0.8004571837370019,1.152318537907,1.0325438249606949,1,0
916,0.8038888562861366,1.245937179313,1.0325438249606949,1,0
917,0.8141866684551604,1.37843156878,1.0325438249606949,1,0
918,0.8073217264873941,1.495765161562,1.0325438249606949,1,0
919,0.7867323399208191,1.54778960034,1.0325438249606949,1,0
920,0.7901629146221747,1.581882860568,1.0325438249606949,1,0
921,0.7833012162955741,1.725445126471,1.0325438249606949,1,0
922,0.7730113884740355,1.815167839539,1.0325438249606949,1,0
923,0.7730113884740355,1.767566510439,1.0325438249606949,1,0
924,0.7833012162955741,1.862292621911,1.0325438249606949,1,0
925,0.7661535326146621,1.885971580663,1.0325438249606949,1,0
926,0.7524401163958176,1.859232752355,1.0325438249606949,1,0
927,0.7490123861182537,1.864678690033,1.0325438249606949,1,0
928,0.7490123861182537,1.862046092188,1.0325438249606949,1,0
929,0.7455853544710949,1.880192410417,1.0325438249606949,1,0
930,0.7387313909811206,1.890223964986,1.0325438249606949,1,0
931,0.6702591739154561,1.77613991668,1.0325438249606949,1,0
932,0.38396133220434653,1.51294990813,1.0325438249606949,1,0
933,0.17397938082183684,1.425106508845,1.0325438249606949,1,0
934,0.032375995722984614,1.336946820752,1.0325438249606949,1,0
935,-0.11541321892561826,1.229044498831,1.0325438249606949,1,0
936,-0.23924917591553524,1.110925667597,1.0325438249606949,1,0
937,-0.3426931343793627,1.083194632311,1.0325438249606949,1,0
938,-0.4392072780521067,1.050585394124,1.0325438249606949,1,0
939,-0.522210558421271,1.050520153669,1.0325438249606949,1,0
940,-0.5984108753200227,1.037934729148,1.0325438249606949,1,0
941,-0.6645457245615696,1.036815265881,1.0325438249606949,1,0
942,-0.7239661866876176,1.018957150363,1.0325438249606949,0,0
943,-0.7767040493815923,1.005655702625,1.0325438249606949,0,0
944,-0.8227880063922687,0.985647153708,1.0325438249606949,0,0
945,-0.8425206225715108,0.979285362308,1.0325438249606949,0,0
946,-0.8983722310781943,0.980494827537,1.0325438249606949,0,0
947,-0.9180642268896057,0.994936653425,1.0325438249606949,0,0
948,-0.9377455436362555,1.015302565501,1.0325438249606949,0,0
949,-0.9705242841932675,1.035921743102,1.0325438249606949,1,0
950,-0.8589564018697745,1.073383320122,1.0325438249606949,1,0
951,-0.545418611354301,1.094056119085,1.0325438249606949,1,0
952,-0.27932565997618275,1.111238863378,1.0325438249606949,1,0
953,-0.0785192957725675,1.134786840943,1.0325438249606949,1,0
954,0.04247328381191508,1.105828393478,1.0325438249606949,1,0
955,0.18749221526120188,1.097623035355,1.0325438249606949,1,0
956,0.3194914439732348,1.067465337307,1.0325438249606949,1,0
957,0.39754799690686377,1.062539844328,1.0325438249606949,1,0
958,0.5098132620810163,1.046355452142,1.0325438249606949,1,0
959,0.5609484666260263,1.040427597913,1.0325438249606949,1,0
960,0.6121503903747094,1.013983875587,1.0325438249606949,0,0
961,0.646321501328795,0.995078318722,1.0325438249606949,0,0
962,0.6599984889622383,0.977867769651,1.0325438249606949,0,0
963,0.6771009612755154,0.977788802815,1.0325438249606949,0,0
964,0.6907885281693767,0.985992496791,1.0325438249606949,0,0
965,0.7113284616837152,1.012816537403,1.0325438249606949,0,0
966,0.7113284616837152,1.036651915418,1.0325438249606949,1,0
967,0.7387313909811206,1.035177231382,1.0325438249606949,1,0
968,0.72845299075692,1.045349949599,1.0325438249606949,1,0
969,0.7353052076708819,1.041641368144,1.0325438249606949,1,0
970,0.7627242054676012,1.043699275818,1.0325438249606949,1,0
971,0.7524401163958176,1.031620619245,1.0325438249606949,0,0
972,0.7558680961842403,1.026920405532,1.0325438249606949,0,0
973,0.7661535326146621,1.006546920787,1.0325438249606949,0,0
974,0.7970257107965544,0.996388250535,1.0325438249606949,0,0
975,0.7764416138601884,0.986065543106,1.0325438249606949,0,0
976,0.7730113884740355,0.982155389256,1.0325438249606949,0,0
977,0.8038888562861366,0.984982123256,1.0325438249606949,0,0
978,0.7798712903224518,0.992574416762,1.0325438249606949,0,0
979,0.7798712903224518,1.011607457973,1.0325438249606949,0,0
980,0.7833012162955741,1.018853375766,1.0325438249606949,0,0
981,0.7867323399208191,1.036883981658,1.0325438249606949,1,0
982,0.8141866684551604,1.037695282,1.0325438249606949,1,0
983,0.793593738834389,1.049016612662,1.0325438249606949,1,0
984,0.7970257107965544,1.041116360063,1.0325438249606949,1,0
985,0.8210536564119699,1.045004119941,1.0325438249606949,1,0
986,0.81762043689551,1.031162489607,1.0325438249606949,0,0
987,0.8107540976669337,1.011748727597,1.0325438249606949,0,0
988,0.8244871254392888,0.986136360354,1.0325438249606949,0,0
989,0.8485323372061411,0.977070005378,1.0325438249606949,0,0
990,0.8347901773363497,0.981620883289,1.0325438249606949,0,0
991,0.8347901773363497,0.998038393959,1.0325438249606949,0,0
992,0.8485323372061411,1.022835387453,1.0325438249606949,0,0
993,0.8416607083473558,1.032574020539,1.0325438249606949,1,0
994,0.8347901773363497,1.04924129503,1.0325438249606949,1,0
995,0.8382257422548834,1.043313263993,1.0325438249606949,1,0
996,0.8554043153801287,1.05438907799,1.0325438249606949,1,0
997,0.8519682514398772,1.04745683253,1.0325438249606949,1,0
998,0.8210536564119699,1.068063406116,1.0325438249606949,1,0
999,0.845095923950687,1.06262841893,1.0325438249606949,1,0
1000,0.8347901773363497,1.07345656379,1.0325438249606949,1,0
1001,0.81762043689551,1.081370526428,1.0325438249606949,1,0
1002,0.8244871254392888,1.053225124707,1.0325438249606949,1,0
1003,0.8279217422165586,1.044597731995,1.0325438249606949,1,0
1004,0.8244871254392888,1.0222306738,1.0325438249606949,0,0
1005,0.8279217422165586,1.001992216237,1.0325438249606949,0,0
1006,0.8347901773363497,0.990671528429,1.0325438249606949,0,0
1007,0.8279217422165586,0.973078648697,1.0325438249606949,0,0
1008,0.8279217422165586,0.977867105305,1.0325438249606949,0,0
1009,0.8313558599721106,0.989819036109,1.0325438249606949,0,0
1010,0.8107540976669337,1.023452570891,1.0325438249606949,0,0
1011,0.8107540976669337,1.056016208093,1.0325438249606949,1,0
1012,0.8141866684551604,1.091963772645,1.0325438249606949,1,0
1013,0.7970257107965544,1.10455862996,1.0325438249606949,1,0
1014,0.7901629146221747,1.19491444378,1.0325438249606949,1,0
1015,0.8004571837370019,1.272462660111,1.0325438249606949,1,0
1016,0.7798712903224518,1.393037563807,1.0325438249606949,1,0
1017,0.8038888562861366,1.482583334142,1.0325438249606949,1,0
1018,0.7833012162955741,1.537867967836,1.0325438249606949,1,0
1019,0.7730113884740355,1.660659811939,1.0325438249606949,1,0
1020,0.793593738834389,1.730424699498,1.0325438249606949,1,0
1021,0.7695823607400053,1.73232954398,1.0325438249606949,1,0
1022,0.7764416138601884,1.804594442641,1.0325438249606949,1,0
1023,0.7627242054676012,1.843642243317,1.0325438249606949,1,0
1024,0.7592960260704914,1.85756877902,1.0325438249606949,1,0
1025,0.7524401163958176,1.860149643795,1.0325438249606949,1,0
1026,0.7490123861182537,1.873572110625,1.0325438249606949,1,0
1027,0.7421582230195923,1.896986465661,1.0325438249606949,1,0
1028,0.7490123861182537,1.896928739224,1.0325438249606949,1,0
1029,0.7318789744584716,1.857096418235,1.0325438249606949,1,0
1030,0.4553410244556571,1.59034576096,1.0325438249606949,1,0
1031,0.2889902385363733,1.465996265093,1.0325438249606949,1,0
1032,0.10985613178924034,1.37053875677,1.0325438249606949,1,0
1033,-0.051664778867508185,1.305729257785,1.0325438249606949,1,0
1034,-0.18574800960197632,1.168780594842,1.0325438249606949,1,0
1035,-0.3060198287277621,1.097141631118,1.0325438249606949,1,0
1036,-0.39930036157117593,1.067329973494,1.0325438249606949,1,0
1037,-0.4890312531313613,1.047022627463,1.0325438249606949,1,0
1038,-0.5652996365924242,1.049091179441,1.0325438249606949,1,0
1039,-0.6381057574730499,1.032891303377,1.0325438249606949,1,0
1040,-0.7041699452393528,1.029946398562,1.0325438249606949,0,0
1041,-0.7305622557538203,1.011505947976,1.0325438249606949,0,0
1042,-0.8096270072150556,0.995780190766,1.0325438249606949,0,0
1043,-0.8490958325299084,0.982429020929,1.0325438249606949,0,0
1044,-0.8885222409987461,0.980220641327,1.0325438249606949,0,0
1045,-0.9213450950756138,0.990214485117,1.0325438249606949,0,0
1046,-0.9344659729067137,1.006899588475,1.0325438249606949,0,0
1047,-0.9377455436362555,1.028610924092,1.0325438249606949,0,0
1048,-0.9770765391526453,1.060473369022,1.0325438249606949,1,0
1049,-0.7140693883710375,1.093459362012,1.0325438249606949,1,0
1050,-0.4126074743073679,1.107523096687,1.0325438249606949,1,0
1051,-0.18240134540247305,1.126701763416,1.0325438249606949,1,0
1052,0.03910709694714477,1.12271855647,1.0325438249606949,1,0
1053,0.1908709665571613,1.110956145612,1.0325438249606949,1,0
1054,0.25851289881316664,1.081347062068,1.0325438249606949,1,0
1055,0.37717059476602066,1.061334156451,1.0325438249606949,1,0
1056,0.4417347481996294,1.052277682794,1.0325438249606949,1,0
1057,0.5541262908194775,1.036911003696,1.0325438249606949,1,0
1058,0.5814212817193174,1.025477713742,1.0325438249606949,0,0
1059,0.6189821973004123,1.00182972606,1.0325438249606949,0,0
1060,0.6497404488241252,0.982801294752,1.0325438249606949,0,0
1061,0.6702591739154561,0.976889889019,1.0325438249606949,0,0
1062,0.6839443455050718,0.979400142986,1.0325438249606949,0,0
1063,0.7010571475679078,1.000750342928,1.0325438249606949,0,0
1064,0.7113284616837152,1.019071789708,1.0325438249606949,0,0
1065,0.7181772852499959,1.041094956699,1.0325438249606949,1,0
1066,0.7353052076708819,1.041004112476,1.0325438249606949,1,0
1067,0.7387313909811206,1.044193967431,1.0325438249606949,1,0
1068,0.7490123861182537,1.039041616823,1.0325438249606949,1,0
1069,0.7455853544710949,1.038268578332,1.0325438249606949,1,0
1070,0.7867323399208191,1.029827352893,1.0325438249606949,0,0
1071,0.7764416138601884,1.018934119439,1.0325438249606949,0,0
1072,0.7867323399208191,0.997920642894,1.0325438249606949,0,0
1073,0.7695823607400053,0.990541532382,1.0325438249606949,0,0
1074,0.7730113884740355,0.982820877676,1.0325438249606949,0,0
1075,0.7764416138601884,0.987851770549,1.0325438249606949,0,0
1076,0.7901629146221747,0.99008172249,1.0325438249606949,0,0
1077,0.7867323399208191,1.005673844754,1.0325438249606949,0,0
1078,0.7867323399208191,1.016650099431,1.0325438249606949,0,0
1079,0.7901629146221747,1.032785879662,1.0325438249606949,1,0
1080,0.7970257107965544,1.040098985463,1.0325438249606949,1,0
1081,0.8210536564119699,1.043270296637,1.0325438249606949,1,0
1082,0.8313558599721106,1.045309316283,1.0325438249606949,1,0
1083,0.8210536564119699,1.041205140244,1.0325438249606949,1,0
1084,0.81762043689551,1.040063471995,1.0325438249606949,1,0
1085,0.8485323372061411,1.020109278065,1.0325438249606949,0,0
1086,0.8519682514398772,0.992753105522,1.0325438249606949,0,0
1087,0.8519682514398772,0.978112928204,1.0325438249606949,0,0
1088,0.8588416268746748,0.978089756421,1.0325438249606949,0,0
1089,0.8382257422548834,0.988831100956,1.0325438249606949,0,0
1090,0.845095923950687,1.007904590735,1.0325438249606949,0,0
1091,0.8416607083473558,1.029792174667,1.0325438249606949,0,0
1092,0.8554043153801287,1.04473614907,1.0325438249606949,1,0
1093,0.8485323372061411,1.044220738501,1.0325438249606949,1,0
1094,0.8313558599721106,1.047824377295,1.0325438249606949,1,0
1095,0.81762043689551,1.054233929326,1.0325438249606949,1,0
1096,0.8279217422165586,1.050205531664,1.0325438249606949,1,0
1097,0.8141866684551604,1.063751000691,1.0325438249606949,1,0
1098,0.8382257422548834,1.060106507947,1.0325438249606949,1,0
1099,0.8210536564119699,1.075720337265,1.0325438249606949,1,0
1100,0.845095923950687,1.061890415988,1.0325438249606949,1,0
1101,0.8519682514398772,1.054794238141,1.0325438249606949,1,0
1102,0.8279217422165586,1.041110028992,1.0325438249606949,1,0
1103,0.8244871254392888,1.009423875328,1.0325438249606949,0,0
1104,0.8313558599721106,1.000359827531,1.0325438249606949,0,0
1105,0.81762043689551,0.98174710439,1.0325438249606949,0,0
1106,0.8347901773363497,0.972979577304,1.0325438249606949,0,0
1107,0.8313558599721106,0.982400648674,1.0325438249606949,0,0
1108,0.8279217422165586,1.002759444209,1.0325438249606949,0,0
1109,0.8107540976669337,1.046570736815,1.0325438249606949,1,0
1110,0.8004571837370019,1.077439464799,1.0325438249606949,1,0
1111,0.8141866684551604,1.093642751052,1.0325438249606949,1,0
1112,0.793593738834389,1.155784220464,1.0325438249606949,1,0
1113,0.8038888562861366,1.249731402107,1.0325438249606949,1,0
1114,0.7833012162955741,1.357699531527,1.0325438249606949,1,0
1115,0.7730113884740355,1.501468806061,1.0325438249606949,1,0
1116,0.7695823607400053,1.523496594087,1.0325438249606949,1,0
1117,0.793593738834389,1.596495041148,1.0325438249606949,1,0
1118,0.7764416138601884,1.736798699146,1.0325438249606949,1,0
1119,0.793593738834389,1.780468792471,1.0325438249606949,1,0
1120,0.7764416138601884,1.791798861482,1.0325438249606949,1,0
1121,0.7661535326146621,1.824720877326,1.0325438249606949,1,0
1122,0.7592960260704914,1.824291609373,1.0325438249606949,1,0
1123,0.7730113884740355,1.834906711926,1.0325438249606949,1,0
1124,0.7661535326146621,1.839623275417,1.0325438249606949,1,0
1125,0.7455853544710949,1.835565486053,1.0325438249606949,1,0
1126,0.7490123861182537,1.858024688853,1.0325438249606949,1,0
1127,0.7524401163958176,1.857809545745,1.0325438249606949,1,0
1128,0.6531595959281424,1.793116930288,1.0325438249606949,1,0
1129,0.3432312294976927,1.506055048508,1.0325438249606949,1,0
1130,0.16384764308050492,1.426275344773,1.0325438249606949,1,0
1131,0.008825829094642815,1.328137644744,1.0325438249606949,1,0
1132,-0.11206037933235688,1.238258810629,1.0325438249606949,1,0
1133,-0.25261247849715424,1.106327668899,1.0325438249606949,1,0
1134,-0.3626818984063642,1.08063507622,1.0325438249606949,1,0
1135,-0.45250021857151246,1.048453158899,1.0325438249606949,1,0
1136,-0.5321585563661,1.047697954466,1.0325438249606949,1,0
1137,-0.6083385630809361,1.035391521873,1.0325438249606949,1,0
1138,-0.6711524227903618,1.033715676173,1.0325438249606949,1,0
1139,-0.7371575263852743,1.015889481274,1.0325438249606949,0,0
1140,-0.7832911360568742,1.002281932402,1.0325438249606949,0,0
1141,-0.8326555620361843,0.983543631425,1.0325438249606949,0,0
1142,-0.8753846958422709,0.976981321606,1.0325438249606949,0,0
1143,-0.8852381790737439,0.980221681097,1.0325438249606949,0,0
1144,-0.9344659729067137,0.994880909526,1.0325438249606949,0,0
1145,-0.94430358724756,1.016260981776,1.0325438249606949,0,0
1146,-0.9639708315817672,1.037830145962,1.0325438249606949,1,0
1147,-0.8194982556196833,1.075905339226,1.0325438249606949,1,0
1148,-0.522210558421271,1.089100740293,1.0325438249606949,1,0
1149,-0.2759876538034837,1.115132114354,1.0325438249606949,1,0
1150,-0.055022920566521444,1.130022433891,1.0325438249606949,1,0
1151,0.13009398874446532,1.112181503849,1.0325438249606949,1,0
1152,0.21115122164508693,1.094180521183,1.0325438249606949,1,0
1153,0.3093217306791765,1.064244720108,1.0325438249606949,1,0
1154,0.40094458822923534,1.060236388469,1.0325438249606949,1,0
1155,0.5098132620810163,1.047099104512,1.0325438249606949,1,0
1156,0.5643596293825583,1.038674495441,1.0325438249606949,1,0
1157,0.622398699589325,1.010786931356,1.0325438249606949,0,0
1158,0.6360670042448783,0.990238135196,1.0325438249606949,0,0
1159,0.6634185343053477,0.977428693933,1.0325438249606949,0,0
1160,0.6907885281693767,0.977935711227,1.0325438249606949,0,0
1161,0.6976338086814609,0.98571456265,1.0325438249606949,0,0
1162,0.7113284616837152,1.012677702438,1.0325438249606949,0,0
1163,0.7353052076708819,1.033497319717,1.0325438249606949,1,0
1164,0.7455853544710949,1.035627638137,1.0325438249606949,1,0
1165,0.7353052076708819,1.046088198175,1.0325438249606949,1,0
1166,0.7421582230195923,1.040485288766,1.0325438249606949,1,0
1167,0.7730113884740355,1.043559653322,1.0325438249606949,1,0
1168,0.7627242054676012,1.031466330502,1.0325438249606949,0,0
1169,0.7661535326146621,1.025934450194,1.0325438249606949,0,0
1170,0.7730113884740355,1.00603930273,1.0325438249606949,0,0
1171,0.7627242054676012,0.996810020924,1.0325438249606949,0,0
1172,0.7661535326146621,0.987198697116,1.0325438249606949,0,0
1173,0.7730113884740355,0.984230948404,1.0325438249606949,0,0
1174,0.7798712903224518,0.987487142887,1.0325438249606949,0,0
1175,0.8004571837370019,0.995697541133,1.0325438249606949,0,0
1176,0.8038888562861366,1.012361618207,1.0325438249606949,0,0
1177,0.8038888562861366,1.021712652377,1.0325438249606949,0,0
1178,0.8210536564119699,1.040708263342,1.0325438249606949,1,0
1179,0.7970257107965544,1.036647759984,1.0325438249606949,1,0
1180,0.8073217264873941,1.04681687438,1.0325438249606949,1,0
1181,0.8107540976669337,1.039549078629,1.0325438249606949,1,0
1182,0.8141866684551604,1.042883738005,1.0325438249606949,1,0
1183,0.8210536564119699,1.023300552041,1.0325438249606949,0,0
1184,0.8416607083473558,1.003753218482,1.0325438249606949,0,0
1185,0.8279217422165586,0.984090853733,1.0325438249606949,0,0
1186,0.8519682514398772,0.977070005378,1.0325438249606949,0,0
1187,0.8313558599721106,0.982199443782,1.0325438249606949,0,0
1188,0.8554043153801287,0.998029472266,1.0325438249606949,0,0
1189,0.8347901773363497,1.02523873129,1.0325438249606949,0,0
1190,0.8554043153801287,1.034512174159,1.0325438249606949,1,0
1191,0.8519682514398772,1.04700432677,1.0325438249606949,1,0
1192,0.8244871254392888,1.042123720714,1.0325438249606949,1,0
1193,0.845095923950687,1.053264017665,1.0325438249606949,1,0
1194,0.8210536564119699,1.048809801932,1.0325438249606949,1,0
1195,0.8416607083473558,1.067620366529,1.0325438249606949,1,0
1196,0.8416607083473558,1.061066736968,1.0325438249606949,1,0
1197,0.8313558599721106,1.080073760814,1.0325438249606949,1,0
1198,0.8554043153801287,1.069551438155,1.0325438249606949,1,0
1199,0.8416607083473558,1.057549413239,1.0325438249606949,1,0
1200,0.8554043153801287,1.039475790096,1.0325438249606949,1,0
1201,0.8279217422165586,1.015828572891,1.0325438249606949,0,0
1202,0.8244871254392888,0.998830612223,1.0325438249606949,0,0
1203,0.8279217422165586,0.983297414332,1.0325438249606949,0,0
1204,0.8141866684551604,0.97202221185,1.0325438249606949,0,0
1205,0.8107540976669337,0.979334175385,1.0325438249606949,0,0
1206,0.8107540976669337,0.993319557448,1.0325438249606949,0,0
1207,0.8073217264873941,1.031585129716,1.0325438249606949,0,0
1208,0.8038888562861366,1.061615207359,1.0325438249606949,1,0
1209,0.8073217264873941,1.090782596292,1.0325438249606949,1,0
1210,0.8004571837370019,1.108265183091,1.0325438249606949,1,0
1211,0.793593738834389,1.215720722292,1.0325438249606949,1,0
1212,0.7833012162955741,1.258024889105,1.0325438249606949,1,0
1213,0.7901629146221747,1.432253865354,1.0325438249606949,1,0
1214,0.7764416138601884,1.464242465954,1.0325438249606949,1,0
1215,0.7798712903224518,1.528215730622,1.0325438249606949,1,0
1216,0.7695823607400053,1.651129343608,1.0325438249606949,1,0
1217,0.7730113884740355,1.684279913485,1.0325438249606949,1,0
1218,0.7661535326146621,1.723890275111,1.0325438249606949,1,0
1219,0.7764416138601884,1.739546127033,1.0325438249606949,1,0
1220,0.7798712903224518,1.8526651392,1.0325438249606949,1,0
1221,0.7730113884740355,1.858072113789,1.0325438249606949,1,0
1222,0.7627242054676012,1.863167470536,1.0325438249606949,1,0
1223,0.7421582230195923,1.882323852118,1.0325438249606949,1,0
1224,0.7421582230195923,1.879619847593,1.0325438249606949,1,0
1225,0.7387313909811206,1.881193791072,1.0325438249606949,1,0
1226,0.72845299075692,1.896493130965,1.0325438249606949,1,0
1227,0.4553410244556571,1.617983356407,1.0325438249606949,1,0
1228,0.23820790472357986,1.462740198146,1.0325438249606949,1,0
1229,0.09299947757416356,1.371038059642,1.0325438249606949,1,0
1230,-0.07516362423105749,1.291296786042,1.0325438249606949,1,0
1231,-0.20247491817041874,1.154354993027,1.0325438249606949,1,0
1232,-0.3226937661408575,1.099774796226,1.0325438249606949,1,0
1233,-0.41593380337186986,1.059943603914,1.0325438249606949,1,0
1234,-0.5023065781841278,1.047423054267,1.0325438249606949,1,0
1235,-0.5818589237658495,1.045759622258,1.0325438249606949,1,0
1236,-0.6513279367128681,1.03278423546,1.0325438249606949,1,0
1237,-0.7041699452393528,1.023330644672,1.0325438249606949,0,0
1238,-0.7635266822920347,1.012168715065,1.0325438249606949,0,0
1239,-0.803044711148265,0.990844269387,1.0325438249606949,0,0
1240,-0.829366709502691,0.983909688659,1.0325438249606949,0,0
1241,-0.8688142764923644,0.97904385995,1.0325438249606949,0,0
1242,-0.8983722310781943,0.993846766302,1.0325438249606949,0,0
1243,-0.9475822597380097,1.005851692245,1.0325438249606949,0,0
1244,-0.957416380926831,1.033735426252,1.0325438249606949,1,0
1245,-0.9770765391526453,1.066123094429,1.0325438249606949,1,0
1246,-0.6777582726822338,1.091444320951,1.0325438249606949,1,0
1247,-0.39930036157117593,1.114455733021,1.0325438249606949,1,0
1248,-0.15896903210945268,1.135453718871,1.0325438249606949,1,0
1249,0.03574139195022075,1.119156009981,1.0325438249606949,1,0
1250,0.1334681303273063,1.106142999849,1.0325438249606949,1,0
1251,0.265284261733298,1.082736584996,1.0325438249606949,1,0
1252,0.3669858609182558,1.062310226746,1.0325438249606949,1,0
1253,0.4417347481996294,1.053842775254,1.0325438249606949,1,0
1254,0.5336676479429725,1.040523536306,1.0325438249606949,1,0
1255,0.5814212817193174,1.028366632015,1.0325438249606949,0,0
1256,0.6155659445223584,1.002225835098,1.0325438249606949,0,0
1257,0.646321501328795,0.983250819386,1.0325438249606949,0,0
1258,0.6668384798441136,0.976889889019,1.0325438249606949,0,0
1259,0.6805225036837783,0.980125573106,1.0325438249606949,0,0
1260,0.7010571475679078,1.004350428498,1.0325438249606949,0,0
1261,0.7181772852499959,1.024786624506,1.0325438249606949,0,0
1262,0.7147528984179414,1.043045837069,1.0325438249606949,1,0
1263,0.72845299075692,1.04517733743,1.0325438249606949,1,0
1264,0.7387313909811206,1.046641732935,1.0325438249606949,1,0
1265,0.7387313909811206,1.042941070779,1.0325438249606949,1,0
1266,0.7661535326146621,1.044382023472,1.0325438249606949,1,0
1267,0.7524401163958176,1.029019625691,1.0325438249606949,0,0
1268,0.7798712903224518,1.02198383231,1.0325438249606949,0,0
1269,0.7558680961842403,0.999987483805,1.0325438249606949,0,0
1270,0.7558680961842403,0.992725790507,1.0325438249606949,0,0
1271,0.7661535326146621,0.98410980147,1.0325438249606949,0,0
1272,0.7695823607400053,0.990038942223,1.0325438249606949,0,0
1273,0.7764416138601884,0.992981279818,1.0325438249606949,0,0
1274,0.8004571837370019,1.009776885024,1.0325438249606949,0,0
1275,0.7798712903224518,1.020341141351,1.0325438249606949,0,0
1276,0.793593738834389,1.033568433989,1.0325438249606949,1,0
1277,0.8004571837370019,1.043260162364,1.0325438249606949,1,0
1278,0.8038888562861366,1.046693646412,1.0325438249606949,1,0
1279,0.8244871254392888,1.047092395359,1.0325438249606949,1,0
1280,0.8107540976669337,1.045717015639,1.0325438249606949,1,0
1281,0.8382257422548834,1.03898230932,1.0325438249606949,1,0
1282,0.8279217422165586,1.022719964178,1.0325438249606949,0,0
1283,0.8382257422548834,0.993436820608,1.0325438249606949,0,0
1284,0.8279217422165586,0.977351015024,1.0325438249606949,0,0
1285,0.8313558599721106,0.978243307231,1.0325438249606949,0,0
1286,0.8347901773363497,0.992603961835,1.0325438249606949,0,0
1287,0.8382257422548834,1.016033165763,1.0325438249606949,0,0
1288,0.8554043153801287,1.034726357031,1.0325438249606949,1,0
1289,0.8485323372061411,1.048570703751,1.0325438249606949,1,0
1290,0.8313558599721106,1.045156860246,1.0325438249606949,1,0
1291,0.8416607083473558,1.054722619338,1.0325438249606949,1,0
1292,0.8244871254392888,1.057378124214,1.0325438249606949,1,0
1293,0.8279217422165586,1.056665925235,1.0325438249606949,1,0
1294,0.845095923950687,1.080131014216,1.0325438249606949,1,0
1295,0.8279217422165586,1.060831698597,1.0325438249606949,1,0
1296,0.8313558599721106,1.077928073283,1.0325438249606949,1,0
1297,0.8485323372061411,1.065136065516,1.0325438249606949,1,0
1298,0.8244871254392888,1.05810998399,1.0325438249606949,1,0
1299,0.8485323372061411,1.0394489743,1.0325438249606949,1,0
1300,0.845095923950687,1.009244166804,1.0325438249606949,0,0
1301,0.81762043689551,1.000286591962,1.0325438249606949,0,0
1302,0.8244871254392888,0.980546974841,1.0325438249606949,0,0
1303,0.8073217264873941,0.972433889419,1.0325438249606949,0,0
1304,0.8210536564119699,0.982359762537,1.0325438249606949,0,0
1305,0.8073217264873941,1.0026823823,1.0325438249606949,0,0
1306,0.8210536564119699,1.045084004694,1.0325438249606949,1,0
1307,0.793593738834389,1.075766739946,1.0325438249606949,1,0
1308,0.7901629146221747,1.095546942334,1.0325438249606949,1,0
1309,0.8073217264873941,1.150743952836,1.0325438249606949,1,0
1310,0.7833012162955741,1.244068287552,1.0325438249606949,1,0
1311,0.7833012162955741,1.352724805959,1.0325438249606949,1,0
1312,0.8004571837370019,1.468543458575,1.0325438249606949,1,0
1313,0.7798712903224518,1.513793937541,1.0325438249606949,1,0
1314,0.8038888562861366,1.582200793778,1.0325438249606949,1,0
1315,0.7798712903224518,1.727813749297,1.0325438249606949,1,0
1316,0.7730113884740355,1.768582755197,1.0325438249606949,1,0
1317,0.7867323399208191,1.770547998955,1.0325438249606949,1,0
1318,0.7627242054676012,1.861769143388,1.0325438249606949,1,0
1319,0.7798712903224518,1.85835048286,1.0325438249606949,1,0
1320,0.7524401163958176,1.857545959367,1.0325438249606949,1,0
1321,0.7490123861182537,1.879417990737,1.0325438249606949,1,0
1322,0.7627242054676012,1.87322016362,1.0325438249606949,1,0
1323,0.7490123861182537,1.88886303119,1.0325438249606949,1,0
1324,0.7421582230195923,1.894769097818,1.0325438249606949,1,0
1325,0.5711835517651196,1.750924450835,1.0325438249606949,1,0
1326,0.3568037718855954,1.519319794631,1.0325438249606949,1,0
1327,0.1604704512274137,1.433791177405,1.0325438249606949,1,0
1328,0.008825829094642815,1.321150427971,1.0325438249606949,1,0
1329,-0.14557259448577015,1.189360575912,1.0325438249606949,1,0
1330,-0.2726489490003797,1.10454394877,1.0325438249606949,1,0
1331,-0.37933100948899784,1.074192598093,1.0325438249606949,1,0
1332,-0.4691097572319226,1.047627776649,1.0325438249606949,1,0
1333,-0.5520466677126162,1.047367437304,1.0325438249606949,1,0
1334,-0.6215713215811723,1.03656922766,1.0325438249606949,1,0
1335,-0.6843631245306702,1.030403894952,1.0325438249606949,0,0
1336,-0.7371575263852743,1.016283561617,1.0325438249606949,0,0
1337,-0.7898767256670024,0.999241297677,1.0325438249606949,0,0
1338,-0.8326555620361843,0.984542805335,1.0325438249606949,0,0
1339,-0.8688142764923644,0.97881471744,1.0325438249606949,0,0
1340,-0.9016548957423867,0.98430648991,1.0325438249606949,0,0
1341,-0.9377455436362555,1.004495330404,1.0325438249606949,0,0
1342,-0.957416380926831,1.021602673285,1.0325438249606949,0,0
1343,-0.9639708315817672,1.048634868155,1.0325438249606949,1,0
1344,-0.7865840805684536,1.086833953805,1.0325438249606949,1,0
1345,-0.5122598657591658,1.099128565117,1.0325438249606949,1,0
1346,-0.2592927075760679,1.11705986776,1.0325438249606949,1,0
1347,-0.031511718177684514,1.139461166046,1.0325438249606949,1,0
1348,0.15034225030250692,1.109894583162,1.0325438249606949,1,0
1349,0.21791392653841404,1.08557591605,1.0325438249606949,1,0
1350,0.3398388299577508,1.061064925963,1.0325438249606949,1,0
1351,0.41793602821029646,1.057223088215,1.0325438249606949,1,0
1352,0.5166269545183622,1.041050575699,1.0325438249606949,1,0
1353,0.5643596293825583,1.035154163557,1.0325438249606949,1,0
1354,0.605319381883755,1.006696414875,1.0325438249606949,0,0
1355,0.632649703521217,0.988689852127,1.0325438249606949,0,0
1356,0.656578693129988,0.977428693933,1.0325438249606949,0,0
1357,0.6907885281693767,0.977777776111,1.0325438249606949,0,0
1358,0.6873660875220218,0.990546403385,1.0325438249606949,0,0
1359,0.6976338086814609,1.013274216608,1.0325438249606949,0,0
1360,0.7216024206146271,1.037822240246,1.0325438249606949,1,0
1361,0.7181772852499959,1.037942289403,1.0325438249606949,1,0
1362,0.7250277056857736,1.048335800446,1.0325438249606949,1,0
1363,0.7524401163958176,1.040454102767,1.0325438249606949,1,0
1364,0.7387313909811206,1.044771756812,1.0325438249606949,1,0
1365,0.7490123861182537,1.030080569655,1.0325438249606949,0,0
1366,0.7455853544710949,1.024163138624,1.0325438249606949,0,0
1367,0.7524401163958176,1.00510765274,1.0325438249606949,0,0
1368,0.7558680961842403,1.000179962204,1.0325438249606949,0,0
1369,0.7592960260704914,0.986866255709,1.0325438249606949,0,0
1370,0.7867323399208191,0.988745942851,1.0325438249606949,0,0
1371,0.7867323399208191,0.990129704541,1.0325438249606949,0,0
1372,0.7764416138601884,0.99988078434,1.0325438249606949,0,0
1373,0.8038888562861366,1.016017006977,1.0325438249606949,0,0
1374,0.7833012162955741,1.025526724233,1.0325438249606949,0,0
1375,0.7867323399208191,1.041322072089,1.0325438249606949,1,0
1376,0.8107540976669337,1.040997634781,1.0325438249606949,1,0
1377,0.8141866684551604,1.048213116051,1.0325438249606949,1,0
1378,0.8141866684551604,1.040484745451,1.0325438249606949,1,0
1379,0.81762043689551,1.042256124414,1.0325438249606949,1,0
1380,0.8244871254392888,1.022057473912,1.0325438249606949,0,0
1381,0.8073217264873941,1.003157859445,1.0325438249606949,0,0
1382,0.81762043689551,0.982051800556,1.0325438249606949,0,0
1383,0.8313558599721106,0.977424750535,1.0325438249606949,0,0
1384,0.8382257422548834,0.985890272899,1.0325438249606949,0,0
1385,0.8279217422165586,1.002955036366,1.0325438249606949,0,0
1386,0.8279217422165586,1.026655351099,1.0325438249606949,0,0
1387,0.8244871254392888,1.040002809894,1.0325438249606949,1,0
1388,0.8244871254392888,1.049187023323,1.0325438249606949,1,0
1389,0.8210536564119699,1.04585088073,1.0325438249606949,1,0
1390,0.8210536564119699,1.054599905913,1.0325438249606949,1,0
1391,0.8141866684551604,1.05069774693,1.0325438249606949,1,0
1392,0.8107540976669337,1.076755403314,1.0325438249606949,1,0
1393,0.8141866684551604,1.073135047045,1.0325438249606949,1,0
1394,0.8141866684551604,1.096352503917,1.0325438249606949,1,0
1395,0.8141866684551604,1.081537962156,1.0325438249606949,1,0
1396,0.8073217264873941,1.068321662836,1.0325438249606949,1,0
1397,0.8107540976669337,1.063859513791,1.0325438249606949,1,0
1398,0.8244871254392888,1.039340117698,1.0325438249606949,1,0
1399,0.8210536564119699,1.019641831729,1.0325438249606949,0,0
1400,0.8107540976669337,1.000100959451,1.0325438249606949,0,0
1401,0.8244871254392888,0.976370393942,1.0325438249606949,0,0
1402,0.8107540976669337,0.981153493552,1.0325438249606949,0,0
1403,0.8107540976669337,0.994692387625,1.0325438249606949,0,0
1404,0.8073217264873941,1.037240193128,1.0325438249606949,1,0
1405,0.7901629146221747,1.064358214205,1.0325438249606949,1,0
1406,0.7867323399208191,1.099361947324,1.0325438249606949,1,0
1407,0.8038888562861366,1.117242876658,1.0325438249606949,1,0
1408,0.7901629146221747,1.22013835284,1.0325438249606949,1,0
1409,0.7764416138601884,1.287849525642,1.0325438249606949,1,0
1410,0.7764416138601884,1.446492914604,1.0325438249606949,1,0
1411,0.7901629146221747,1.525861095135,1.0325438249606949,1,0
1412,0.7730113884740355,1.560813421507,1.0325438249606949,1,0
1413,0.7730113884740355,1.702037839682,1.0325438249606949,1,0
1414,0.7661535326146621,1.751297479555,1.0325438249606949,1,0
1415,0.7695823607400053,1.811415721814,1.0325438249606949,1,0
1416,0.7695823607400053,1.828586669073,1.0325438249606949,1,0
1417,0.7661535326146621,1.815088148839,1.0325438249606949,1,0
1418,0.7695823607400053,1.798499916614,1.0325438249606949,1,0
1419,0.7592960260704914,1.877337380951,1.0325438249606949,1,0
1420,0.7764416138601884,1.882584743482,1.0325438249606949,1,0
1421,0.7558680961842403,1.890987964403,1.0325438249606949,1,0
1422,0.7490123861182537,1.905822259578,1.0325438249606949,1,0
1423,0.7147528984179414,1.918619350488,1.0325438249606949,1,0
1424,0.4213343661086805,1.59908458162,1.0325438249606949,1,0
1425,0.21791392653841404,1.443169021745,1.0325438249606949,1,0
1426,0.06941221335943012,1.354185506966,1.0325438249606949,1,0
1427,-0.08523000260289731,1.241672311232,1.0325438249606949,1,0
1428,-0.21919504004349877,1.124450817081,1.0325438249606949,1,0
1429,-0.3293612951170526,1.09985406461,1.0325438249606949,1,0
1430,-0.4259100958480994,1.056991996899,1.0325438249606949,1,0
1431,-0.5089423194768975,1.051682163081,1.0325438249606949,1,0
1432,-0.5917910029178798,1.0436232563,1.0325438249606949,1,0
1433,-0.6579373296589367,1.040896526912,1.0325438249606949,1,0
1434,-0.7107696072619237,1.021559273658,1.0325438249606949,0,0
1435,-0.7404546626792836,1.013756843626,1.0325438249606949,0,0
1436,-0.7865840805684536,0.990845860101,1.0325438249606949,0,0
1437,-0.8490958325299084,0.986087660448,1.0325438249606949,0,0
1438,-0.8655285178935216,0.979963226937,1.0325438249606949,0,0
1439,-0.8950890673922842,0.999865096004,1.0325438249606949,0,0
1440,-0.941024715148423,1.012065677735,1.0325438249606949,0,0
1441,-0.9672478073983763,1.037882640768,1.0325438249606949,1,0
1442,-0.9541385068711299,1.076914568922,1.0325438249606949,1,0
1443,-0.6347997385924634,1.110275386427,1.0325438249606949,1,0
1444,-0.3426931343793627,1.11642033953,1.0325438249606949,1,0
1445,-0.13217105436502286,1.144273788772,1.0325438249606949,1,0
1446,0.015552994285003632,1.13219932755,1.0325438249606949,1,0
1447,0.15371855639204898,1.116516238904,1.0325438249606949,1,0
1448,0.2856033781374992,1.082320973932,1.0325438249606949,1,0
1449,0.40094458822923534,1.065403606401,1.0325438249606949,1,0
1450,0.46895244063537833,1.055695208466,1.0325438249606949,1,0
1451,0.5677714408673237,1.042134434706,1.0325438249606949,1,0
1452,0.5916616564886197,1.027186843091,1.0325438249606949,0,0
1453,0.6360670042448783,1.000985097772,1.0325438249606949,0,0
1454,0.6599984889622383,0.980805475883,1.0325438249606949,0,0
1455,0.6668384798441136,0.976984471821,1.0325438249606949,0,0
1456,0.6942112183275906,0.982014980047,1.0325438249606949,0,0
1457,0.7010571475679078,1.008020675939,1.0325438249606949,0,0
1458,0.7181772852499959,1.028850103064,1.0325438249606949,0,0
1459,0.7181772852499959,1.043798948693,1.0325438249606949,1,0
1460,0.7216024206146271,1.046809073765,1.0325438249606949,1,0
1461,0.72845299075692,1.046286977464,1.0325438249606949,1,0
1462,0.7421582230195923,1.045483200929,1.0325438249606949,1,0
1463,0.7353052076708819,1.039802063591,1.0325438249606949,1,0
1464,0.7455853544710949,1.030782597161,1.0325438249606949,0,0
1465,0.7524401163958176,1.017214495106,1.0325438249606949,0,0
1466,0.7661535326146621,1.002424465329,1.0325438249606949,0,0
1467,0.7627242054676012,0.99223998214,1.0325438249606949,0,0
1468,0.7592960260704914,0.985579088147,1.0325438249606949,0,0
1469,0.7833012162955741,0.989903340186,1.0325438249606949,0,0
1470,0.7764416138601884,0.991930389995,1.0325438249606949,0,0
1471,0.7764416138601884,1.012362049272,1.0325438249606949,0,0
1472,0.7764416138601884,1.021937400519,1.0325438249606949,0,0
1473,0.7798712903224518,1.039932907509,1.0325438249606949,1,0
1474,0.7970257107965544,1.043704177402,1.0325438249606949,1,0
1475,0.7867323399208191,1.049461110505,1.0325438249606949,1,0
1476,0.7867323399208191,1.046714018824,1.0325438249606949,1,0
1477,0.8210536564119699,1.048836868984,1.0325438249606949,1,0
1478,0.8004571837370019,1.033274765625,1.0325438249606949,1,0
1479,0.8210536564119699,1.021353690512,1.0325438249606949,0,0
1480,0.8279217422165586,0.989840676225,1.0325438249606949,0,0
1481,0.8347901773363497,0.977525981758,1.0325438249606949,0,0
1482,0.8210536564119699,0.979242012455,1.0325438249606949,0,0
1483,0.8313558599721106,0.995062173053,1.0325438249606949,0,0
1484,0.8485323372061411,1.020704286098,1.0325438249606949,0,0
1485,0.8279217422165586,1.033978918414,1.0325438249606949,1,0
1486,0.8244871254392888,1.05021337762,1.0325438249606949,1,0
1487,0.8210536564119699,1.044898247959,1.0325438249606949,1,0
1488,0.8382257422548834,1.05588058849,1.0325438249606949,1,0
1489,0.8107540976669337,1.051830675804,1.0325438249606949,1,0
1490,0.8073217264873941,1.064899546504,1.0325438249606949,1,0
1491,0.8313558599721106,1.080173061021,1.0325438249606949,1,0
1492,0.8141866684551604,1.081670345672,1.0325438249606949,1,0
1493,0.8107540976669337,1.08814157623,1.0325438249606949,1,0
1494,0.8107540976669337,1.062110506092,1.0325438249606949,1,0
1495,0.8141866684551604,1.069832323995,1.0325438249606949,1,0
1496,0.8210536564119699,1.046941359405,1.0325438249606949,1,0
1497,0.8141866684551604,1.018494469469,1.0325438249606949,0,0
1498,0.8347901773363497,1.00920987504,1.0325438249606949,0,0
1499,0.8313558599721106,0.986263409214,1.0325438249606949,0,0
1500,0.81762043689551,0.977409599336,1.0325438249606949,0,0
1501,0.8038888562861366,0.987971380007,1.0325438249606949,0,0
1502,0.8244871254392888,1.010472239494,1.0325438249606949,0,0
1503,0.8244871254392888,1.05456955477,1.0325438249606949,1,0
1504,0.8004571837370019,1.08852698955,1.0325438249606949,1,0
1505,0.7901629146221747,1.100794076499,1.0325438249606949,1,0
1506,0.8141866684551604,1.172866760153,1.0325438249606949,1,0
1507,0.7867323399208191,1.255515886804,1.0325438249606949,1,0
1508,0.8073217264873941,1.398445089372,1.0325438249606949,1,0
1509,0.8038888562861366,1.519273981865,1.0325438249606949,1,0
1510,0.7867323399208191,1.537882321184,1.0325438249606949,1,0
1511,0.7798712903224518,1.662134384949,1.0325438249606949,1,0
1512,0.7764416138601884,1.771664659223,1.0325438249606949,1,0
1513,0.7730113884740355,1.834724354132,1.0325438249606949,1,0
1514,0.7833012162955741,1.868454778523,1.0325438249606949,1,0
1515,0.7627242054676012,1.904183143267,1.0325438249606949,1,0
1516,0.7798712903224518,1.892486593954,1.0325438249606949,1,0
1517,0.7764416138601884,1.912091832221,1.0325438249606949,1,0
1518,0.7524401163958176,1.920190232984,1.0325438249606949,1,0
1519,0.7490123861182537,1.905169637363,1.0325438249606949,1,0
1520,0.7455853544710949,1.879270889871,1.0325438249606949,1,0
1521,0.7353052076708819,1.891055644422,1.0325438249606949,1,0
1522,0.5609484666260263,1.687795290812,1.0325438249606949,1,0
1523,0.3093217306791765,1.489347797239,1.0325438249606949,1,0
1524,0.143592120756469,1.400945315913,1.0325438249606949,1,0
1525,-0.01807070543905731,1.268241248958,1.0325438249606949,1,0
1526,-0.16231719337410944,1.189339528402,1.0325438249606949,1,0
1527,-0.2826632170293357,1.106446811173,1.0325438249606949,1,0
1528,-0.3826600831729478,1.073567409518,1.0325438249606949,1,0
1529,-0.47243074676404384,1.048712634852,1.0325438249606949,1,0
1530,-0.5520466677126162,1.04894855884,1.0325438249606949,1,0
1531,-0.5951012634830678,1.036590814457,1.0325438249606949,1,0
1532,-0.6843631245306702,1.034675452257,1.0325438249606949,1,0
1533,-0.7404546626792836,1.016110379088,1.0325438249606949,0,0
1534,-0.7832911360568742,1.003688893784,1.0325438249606949,0,0
1535,-0.826077557556167,0.984485326816,1.0325438249606949,0,0
1536,-0.8490958325299084,0.979917173323,1.0325438249606949,0,0
1537,-0.8950890673922842,0.986066750136,1.0325438249606949,0,0
1538,-0.9213450950756138,1.007263932211,1.0325438249606949,0,0
1539,-0.9344659729067137,1.022188902566,1.0325438249606949,0,0
1540,-0.94430358724756,1.055144536787,1.0325438249606949,1,0
1541,-0.7734102066309207,1.089281407161,1.0325438249606949,1,0
1542,-0.47575158658964967,1.10345814159,1.0325438249606949,1,0
1543,-0.22588100787216747,1.122380161279,1.0325438249606949,1,0
1544,-0.01807070543905731,1.120244843053,1.0325438249606949,1,0
1545,0.08962887280774764,1.106874793178,1.0325438249606949,1,0
1546,0.2280593873769861,1.08863339655,1.0325438249606949,1,0
1547,0.3534098004272424,1.062694991368,1.0325438249606949,1,0
1548,0.4213343661086805,1.058617441706,1.0325438249606949,1,0
1549,0.5132195344247137,1.042656695666,1.0325438249606949,1,0
1550,0.5643596293825583,1.037240271229,1.0325438249606949,1,0
1551,0.605319381883755,1.00840317378,1.0325438249606949,0,0
1552,0.656578693129988,0.988913211585,1.0325438249606949,0,0
1553,0.6771009612755154,0.976973673351,1.0325438249606949,0,0
1554,0.6805225036837783,0.978679134179,1.0325438249606949,0,0
1555,0.6942112183275906,0.996978201999,1.0325438249606949,0,0
1556,0.7113284616837152,1.016595795093,1.0325438249606949,0,0
1557,0.7181772852499959,1.040900291093,1.0325438249606949,1,0
1558,0.72845299075692,1.037653659141,1.0325438249606949,1,0
1559,0.7353052076708819,1.046713550309,1.0325438249606949,1,0
1560,0.7592960260704914,1.039472073871,1.0325438249606949,1,0
1561,0.7490123861182537,1.041364004217,1.0325438249606949,1,0
1562,0.7730113884740355,1.02730008379,1.0325438249606949,0,0
1563,0.7661535326146621,1.023894521791,1.0325438249606949,0,0
1564,0.7798712903224518,1.001817730842,1.0325438249606949,0,0
1565,0.793593738834389,0.994692949248,1.0325438249606949,0,0
1566,0.7833012162955741,0.982340142738,1.0325438249606949,0,0
1567,0.7970257107965544,0.983414764072,1.0325438249606949,0,0
1568,0.793593738834389,0.986856421948,1.0325438249606949,0,0
1569,0.7901629146221747,0.996651289337,1.0325438249606949,0,0
1570,0.8073217264873941,1.01311738384,1.0325438249606949,0,0
1571,0.8038888562861366,1.023771678452,1.0325438249606949,0,0
1572,0.8141866684551604,1.03825053512,1.0325438249606949,1,0
1573,0.8107540976669337,1.038892870431,1.0325438249606949,1,0
1574,0.8073217264873941,1.044528614474,1.0325438249606949,1,0
1575,0.7901629146221747,1.037420698983,1.0325438249606949,1,0
1576,0.7970257107965544,1.039263104219,1.0325438249606949,1,0
1577,0.7970257107965544,1.021673530576,1.0325438249606949,0,0
1578,0.8313558599721106,1.00314471846,1.0325438249606949,0,0
1579,0.8279217422165586,0.981975098435,1.0325438249606949,0,0
1580,0.8141866684551604,0.977424750535,1.0325438249606949,0,0
1581,0.8485323372061411,0.986178696385,1.0325438249606949,0,0
1582,0.8279217422165586,1.00596031461,1.0325438249606949,0,0
1583,0.8210536564119699,1.028001437504,1.0325438249606949,0,0
1584,0.81762043689551,1.041644533551,1.0325438249606949,1,0
1585,0.81762043689551,1.048034232642,1.0325438249606949,1,0
1586,0.8244871254392888,1.045863337512,1.0325438249606949,1,0
1587,0.8347901773363497,1.055563612703,1.0325438249606949,1,0
1588,0.8141866684551604,1.04810349826,1.0325438249606949,1,0
1589,0.8347901773363497,1.073880396776,1.0325438249606949,1,0
1590,0.81762043689551,1.070157722732,1.0325438249606949,1,0
1591,0.8313558599721106,1.084108210993,1.0325438249606949,1,0
1592,0.8141866684551604,1.066674139146,1.0325438249606949,1,0
1593,0.8073217264873941,1.056577562474,1.0325438249606949,1,0
1594,0.8347901773363497,1.040091674464,1.0325438249606949,1,0
1595,0.8107540976669337,1.016296678526,1.0325438249606949,0,0
1596,0.8107540976669337,1.000886144982,1.0325438249606949,0,0
1597,0.8244871254392888,0.981825334705,1.0325438249606949,0,0
1598,0.8210536564119699,0.971446403919,1.0325438249606949,0,0
1599,0.8141866684551604,0.978135234561,1.0325438249606949,0,0
1600,0.8347901773363497,0.995448166991,1.0325438249606949,0,0
1601,0.8107540976669337,1.038532175628,1.0325438249606949,1,0
1602,0.8244871254392888,1.069727205176,1.0325438249606949,1,0
1603,0.8038888562861366,1.096250174055,1.0325438249606949,1,0
1604,0.8073217264873941,1.11747627668,1.0325438249606949,1,0
1605,0.7970257107965544,1.210399386368,1.0325438249606949,1,0
1606,0.793593738834389,1.300015524951,1.0325438249606949,1,0
1607,0.8141866684551604,1.425679059601,1.0325438249606949,1,0
1608,0.7833012162955741,1.462264955971,1.0325438249606949,1,0
1609,0.7901629146221747,1.560132880896,1.0325438249606949,1,0
1610,0.7833012162955741,1.649000941539,1.0325438249606949,1,0
1611,0.7833012162955741,1.725919895904,1.0325438249606949,1,0
1612,0.7798712903224518,1.77290418835,1.0325438249606949,1,0
1613,0.7764416138601884,1.744252307876,1.0325438249606949,1,0
1614,0.7764416138601884,1.781615251022,1.0325438249606949,1,0
1615,0.7695823607400053,1.851078707562,1.0325438249606949,1,0
1616,0.7627242054676012,1.853221445442,1.0325438249606949,1,0
1617,0.7695823607400053,1.861550271569,1.0325438249606949,1,0
1618,0.7661535326146621,1.873995851521,1.0325438249606949,1,0
1619,0.7455853544710949,1.879492398386,1.0325438249606949,1,0
1620,0.7044807359652138,1.803450870071,1.0325438249606949,1,0
1621,0.40094458822923534,1.569696747386,1.0325438249606949,1,0
1622,0.2314420684689734,1.462197890493,1.0325438249606949,1,0
1623,0.05594038719930943,1.37855973052,1.0325438249606949,1,0
1624,-0.09864763617404446,1.275999410209,1.0325438249606949,1,0
1625,-0.20916400488482384,1.124330483834,1.0325438249606949,1,0
1626,-0.3193593778756127,1.090277748132,1.0325438249606949,1,0
1627,-0.432559161020735,1.053458616107,1.0325438249606949,1,0
1628,-0.5122598657591658,1.047982359106,1.0325438249606949,1,0
1629,-0.5884804928418329,1.038340110561,1.0325438249606949,1,0
1630,-0.6248790870377712,1.039846310819,1.0325438249606949,1,0
1631,-0.7074698261528101,1.02056766016,1.0325438249606949,0,0
1632,-0.7602314422805533,1.01194919333,1.0325438249606949,0,0
1633,-0.7767040493815923,0.988382710934,1.0325438249606949,0,0
1634,-0.826077557556167,0.982859201139,1.0325438249606949,0,0
1635,-0.872099635873833,0.977549939662,1.0325438249606949,0,0
1636,-0.8918058039020305,0.99548684461,1.0325438249606949,0,0
1637,-0.9344659729067137,1.007203733913,1.0325438249606949,0,0
1638,-0.9475822597380097,1.031173270476,1.0325438249606949,0,0
1639,-0.8622426594903352,1.067892168008,1.0325438249606949,1,0
1640,-0.6050298494830735,1.096033224746,1.0325438249606949,1,0
1641,-0.3126901023234052,1.115018844178,1.0325438249606949,1,0
1642,-0.10200107459336721,1.138808136823,1.0325438249606949,1,0
1643,0.09974117677205602,1.106415725264,1.0325438249606949,1,0
1644,0.17397938082183684,1.10502210426,1.0325438249606949,1,0
1645,0.3059330987532042,1.06655206777,1.0325438249606949,1,0
1646,0.4145367421706486,1.061128154701,1.0325438249606949,1,0
1647,0.46895244063537833,1.048961608605,1.0325438249606949,1,0
1648,0.5507160263020374,1.036402564996,1.0325438249606949,1,0
1649,0.5882477990148113,1.017240739289,1.0325438249606949,0,0
1650,0.6360670042448783,0.996226154848,1.0325438249606949,0,0
1651,0.6634185343053477,0.978149406478,1.0325438249606949,0,0
1652,0.6873660875220218,0.976804625158,1.0325438249606949,0,0
1653,0.6907885281693767,0.982446518413,1.0325438249606949,0,0
1654,0.6976338086814609,1.007716083002,1.0325438249606949,0,0
1655,0.7079042245581761,1.030601841386,1.0325438249606949,0,0
1656,0.7353052076708819,1.038332115951,1.0325438249606949,1,0
1657,0.7216024206146271,1.044886998822,1.0325438249606949,1,0
1658,0.7455853544710949,1.041666636881,1.0325438249606949,1,0
1659,0.7490123861182537,1.042673575391,1.0325438249606949,1,0
1660,0.7661535326146621,1.032475199668,1.0325438249606949,0,0
1661,0.7695823607400053,1.024564670046,1.0325438249606949,0,0
1662,0.7730113884740355,1.008752558895,1.0325438249606949,0,0
1663,0.7524401163958176,0.996362891688,1.0325438249606949,0,0
1664,0.7592960260704914,0.986385969657,1.0325438249606949,0,0
1665,0.7730113884740355,0.980637272935,1.0325438249606949,0,0
1666,0.7901629146221747,0.984024992373,1.0325438249606949,0,0
1667,0.8004571837370019,0.990050235199,1.0325438249606949,0,0
1668,0.7901629146221747,1.007750646529,1.0325438249606949,0,0
1669,0.793593738834389,1.016975403572,1.0325438249606949,0,0
1670,0.81762043689551,1.037111098245,1.0325438249606949,1,0
1671,0.7970257107965544,1.034451682979,1.0325438249606949,1,0
1672,0.8141866684551604,1.04540080972,1.0325438249606949,1,0
1673,0.7970257107965544,1.038582067648,1.0325438249606949,1,0
1674,0.8244871254392888,1.044868464457,1.0325438249606949,1,0
1675,0.81762043689551,1.028836769341,1.0325438249606949,0,0
1676,0.8107540976669337,1.011821096768,1.0325438249606949,0,0
1677,0.8347901773363497,0.986489938028,1.0325438249606949,0,0
1678,0.81762043689551,0.977525981758,1.0325438249606949,0,0
1679,0.8210536564119699,0.979656135638,1.0325438249606949,0,0
1680,0.8210536564119699,0.994559132424,1.0325438249606949,0,0
1681,0.81762043689551,1.019492733992,1.0325438249606949,0,0
1682,0.81762043689551,1.031756240683,1.0325438249606949,0,0
1683,0.8210536564119699,1.048514076017,1.0325438249606949,1,0
1684,0.8210536564119699,1.042497822106,1.0325438249606949,1,0
1685,0.845095923950687,1.053682896934,1.0325438249606949,1,0
1686,0.8347901773363497,1.049767359927,1.0325438249606949,1,0
1687,0.8141866684551604,1.064515612076,1.0325438249606949,1,0
1688,0.8210536564119699,1.068774278997,1.0325438249606949,1,0
1689,0.8107540976669337,1.071108078442,1.0325438249606949,1,0
1690,0.8141866684551604,1.082119443485,1.0325438249606949,1,0
1691,0.8107540976669337,1.054062236063,1.0325438249606949,1,0
1692,0.8313558599721106,1.052984747646,1.0325438249606949,1,0
1693,0.8107540976669337,1.026294065516,1.0325438249606949,0,0
1694,0.8107540976669337,1.003587237645,1.0325438249606949,0,0
1695,0.8347901773363497,0.991718980573,1.0325438249606949,0,0
1696,0.8382257422548834,0.974346575443,1.0325438249606949,0,0
1697,0.8141866684551604,0.975010637214,1.0325438249606949,0,0
1698,0.8313558599721106,0.988648620086,1.0325438249606949,0,0
1699,0.8107540976669337,1.019179336406,1.0325438249606949,0,0
1700,0.8073217264873941,1.055844396881,1.0325438249606949,1,0
1701,0.8038888562861366,1.094534713667,1.0325438249606949,1,0
1702,0.8004571837370019,1.103688411939,1.0325438249606949,1,0
1703,0.8073217264873941,1.187524543496,1.0325438249606949,1,0
1704,0.7901629146221747,1.280602270275,1.0325438249606949,1,0
1705,0.8073217264873941,1.400845659121,1.0325438249606949,1,0
1706,0.7970257107965544,1.493702288608,1.0325438249606949,1,0
1707,0.7833012162955741,1.523120431656,1.0325438249606949,1,0
1708,0.7764416138601884,1.64703805145,1.0325438249606949,1,0
1709,0.7867323399208191,1.753148582983,1.0325438249606949,1,0
1710,0.7798712903224518,1.811165365766,1.0325438249606949,1,0
1711,0.7661535326146621,1.774350068501,1.0325438249606949,1,0
1712,0.7867323399208191,1.868062450351,1.0325438249606949,1,0
1713,0.7592960260704914,1.85638891145,1.0325438249606949,1,0
1714,0.7558680961842403,1.822540284026,1.0325438249606949,1,0
1715,0.7524401163958176,1.83098275052,1.0325438249606949,1,0
1716,0.7558680961842403,1.84577874018,1.0325438249606949,1,0
1717,0.7592960260704914,1.906715030648,1.0325438249606949,1,0
1718,0.7353052076708819,1.840594202931,1.0325438249606949,1,0
1719,0.5575372539673225,1.647315187662,1.0325438249606949,1,0
1720,0.29237822173411243,1.502944277831,1.0325438249606949,1,0
1721,0.13009398874446532,1.422381972885,1.0325438249606949,1,0
1722,-0.03823083352395967,1.298523077115,1.0325438249606949,1,0
1723,-0.15227111271064211,1.180604115123,1.0325438249606949,1,0
1724,-0.27932565997618275,1.10035768134,1.0325438249606949,1,0
1725,-0.3826600831729478,1.070327298294,1.0325438249606949,1,0
1726,-0.47243074676404384,1.046330435598,1.0325438249606949,1,0
1727,-0.5520466677126162,1.04742555838,1.0325438249606949,1,0
1728,-0.6215713215811723,1.035596605838,1.0325438249606949,1,0
1729,-0.6546330573543625,1.03378766392,1.0325438249606949,1,0
1730,-0.7107696072619237,1.015811055422,1.0325438249606949,0,0
1731,-0.7799975927192333,0.999350377604,1.0325438249606949,0,0
1732,-0.8227880063922687,0.982579868599,1.0325438249606949,0,0
1733,-0.8458084770615686,0.978196267338,1.0325438249606949,0,0
1734,-0.8753846958422709,0.982949495826,1.0325438249606949,0,0
1735,-0.9049372609935483,1.002706912593,1.0325438249606949,0,0
1736,-0.9344659729067137,1.017988341873,1.0325438249606949,0,0
1737,-0.9180642268896057,1.054944612687,1.0325438249606949,1,0
1738,-0.7272642711228907,1.089306997115,1.0325438249606949,1,0
1739,-0.44253101220367597,1.105268526818,1.0325438249606949,1,0
1740,-0.20581981084282375,1.12589365968,1.0325438249606949,1,0
1741,0.008825829094642815,1.124188735846,1.0325438249606949,1,0
1742,0.12672033994557064,1.110905137891,1.0325438249606949,1,0
1743,0.24497573706505762,1.083202833149,1.0325438249606949,1,0
1744,0.3601968201537705,1.060292052273,1.0325438249606949,1,0
1745,0.4315332222710598,1.054969332437,1.0325438249606949,1,0
1746,0.5234422438252051,1.040667026091,1.0325438249606949,1,0
1747,0.5677714408673237,1.029423633295,1.0325438249606949,0,0
1748,0.6019046760730264,1.005022533242,1.0325438249606949,0,0
1749,0.6360670042448783,0.986178250673,1.0325438249606949,0,0
1750,0.6599984889622383,0.976869556492,1.0325438249606949,0,0
1751,0.6736801174976575,0.979197633092,1.0325438249606949,0,0
1752,0.6839443455050718,0.999201864165,1.0325438249606949,0,0
1753,0.6976338086814609,1.01902751815,1.0325438249606949,0,0
1754,0.7010571475679078,1.038509118714,1.0325438249606949,1,0
1755,0.7181772852499959,1.038809106289,1.0325438249606949,1,0
1756,0.7181772852499959,1.044879249691,1.0325438249606949,1,0
1757,0.7490123861182537,1.040299480179,1.0325438249606949,1,0
1758,0.7353052076708819,1.039791637074,1.0325438249606949,1,0
1759,0.7455853544710949,1.026818232824,1.0325438249606949,0,0
1760,0.7490123861182537,1.018731653423,1.0325438249606949,0,0
1761,0.7661535326146621,1.001462349029,1.0325438249606949,0,0
1762,0.7592960260704914,0.994228606978,1.0325438249606949,0,0
1763,0.7627242054676012,0.982309893276,1.0325438249606949,0,0
1764,0.7730113884740355,0.985949411757,1.0325438249606949,0,0
1765,0.7798712903224518,0.988612045385,1.0325438249606949,0,0
1766,0.7867323399208191,1.002267966667,1.0325438249606949,0,0
1767,0.8141866684551604,1.014988068796,1.0325438249606949,0,0
1768,0.8073217264873941,1.030313798977,1.0325438249606949,0,0
1769,0.8004571837370019,1.039427782855,1.0325438249606949,1,0
1770,0.8141866684551604,1.040890033892,1.0325438249606949,1,0
1771,0.8279217422165586,1.044518909854,1.0325438249606949,1,0
1772,0.8038888562861366,1.038644537951,1.0325438249606949,1,0
1773,0.8107540976669337,1.038938515028,1.0325438249606949,1,0
1774,0.8073217264873941,1.02423436459,1.0325438249606949,0,0
1775,0.81762043689551,0.997032672327,1.0325438249606949,0,0
1776,0.81762043689551,0.979290202053,1.0325438249606949,0,0
1777,0.8279217422165586,0.97727835534,1.0325438249606949,0,0
1778,0.8416607083473558,0.986827594435,1.0325438249606949,0,0
1779,0.8485323372061411,1.007769587754,1.0325438249606949,0,0
1780,0.81762043689551,1.028630011317,1.0325438249606949,0,0
1781,0.8313558599721106,1.044575068402,1.0325438249606949,1,0
1782,0.8485323372061411,1.045858299227,1.0325438249606949,1,0
1783,0.8244871254392888,1.04992960732,1.0325438249606949,1,0
1784,0.845095923950687,1.054060550511,1.0325438249606949,1,0
1785,0.8382257422548834,1.048094513364,1.0325438249606949,1,0
1786,0.8107540976669337,1.065218791244,1.0325438249606949,1,0
1787,0.8141866684551604,1.061013894381,1.0325438249606949,1,0
1788,0.8073217264873941,1.080754475364,1.0325438249606949,1,0
1789,0.8244871254392888,1.069231289578,1.0325438249606949,1,0
1790,0.8107540976669337,1.054702612324,1.0325438249606949,1,0
1791,0.8073217264873941,1.044385062609,1.0325438249606949,1,0
1792,0.8141866684551604,1.015294717252,1.0325438249606949,0,0
1793,0.8244871254392888,1.000479519183,1.0325438249606949,0,0
1794,0.8073217264873941,0.984459854045,1.0325438249606949,0,0
1795,0.8141866684551604,0.973618015524,1.0325438249606949,0,0
1796,0.8038888562861366,0.981748974825,1.0325438249606949,0,0
1797,0.8107540976669337,1.001296752489,1.0325438249606949,0,0
1798,0.8279217422165586,1.043094208983,1.0325438249606949,1,0
1799,0.8107540976669337,1.074428842379,1.0325438249606949,1,0
1800,0.8004571837370019,1.09969657492,1.0325438249606949,1,0
1801,0.7970257107965544,1.132640193915,1.0325438249606949,1,0
1802,0.7970257107965544,1.242873194568,1.0325438249606949,1,0
1803,0.8073217264873941,1.347124608662,1.0325438249606949,1,0
1804,0.8141866684551604,1.45691044941,1.0325438249606949,1,0
1805,0.7867323399208191,1.537525637302,1.0325438249606949,1,0
1806,0.7901629146221747,1.611118968431,1.0325438249606949,1,0
1807,0.8107540976669337,1.759082417519,1.0843031971339,1,0
1808,0.8073217264873941,1.784161643515,1.0843031971339,1,0
1809,0.7798712903224518,1.849589164845,1.0843031971339,1,0
1810,0.7970257107965544,1.923561034906,1.0843031971339,1,0
1811,0.793593738834389,1.892342098294,1.0843031971339,1,0
1812,0.7867323399208191,1.919460136934,1.0843031971339,1,0
1813,0.7798712903224518,1.913852674597,1.0843031971339,1,0
1814,0.7455853544710949,1.917820788801,1.0843031971339,1,0
1815,0.7455853544710949,1.868756752007,1.0843031971339,1,0
1816,0.7353052076708819,1.851342568917,1.0843031971339,1,0
1817,0.6155659445223584,1.726142483174,1.0843031971339,1,0
1818,0.380565414561294,1.490429126727,1.0843031971339,1,0
1819,0.20777071129757219,1.395490703319,1.0843031971339,1,0
1820,0.032375995722984614,1.301003059059,1.0843031971339,1,0
1821,-0.10870782667658327,1.205446556031,1.0843031971339,1,0
1822,-0.23256540378242496,1.111493273639,1.0843031971339,1,0
1823,-0.3393605425923021,1.083286847766,1.0843031971339,0,0
1824,-0.4392072780521067,1.050124230056,1.0843031971339,0,0
1825,-0.5155772124327469,1.049911984554,1.0843031971339,0,0
1826,-0.5884804928418329,1.037810485359,1.0843031971339,0,0
1827,-0.6546330573543625,1.037680027384,1.0843031971339,0,0
1828,-0.6876647520201398,1.020881891274,1.0843031971339,0,0
1829,-0.7371575263852743,1.008549205768,1.0843031971339,0,0
1830,-0.8096270072150556,0.985746750446,1.0843031971339,0,0
1831,-0.826077557556167,0.979613764772,1.0843031971339,0,0
1832,-0.8786695562020216,0.97789143097,1.0325438249606949,0,0
1833,-0.9115012928654666,0.993484481309,1.0325438249606949,0,0
1834,-0.9213450950756138,1.00901338118,1.0325438249606949,0,0
1835,-0.9508605330110851,1.028846388406,1.0325438249606949,0,0
1836,-0.8655285178935216,1.065734038326,1.0325438249606949,1,0
1837,-0.5884804928418329,1.088470122366,1.0325438249606949,1,0
1838,-0.3160252640723127,1.106406104572,1.0325438249606949,1,0
1839,-0.08187450571898855,1.131490242387,1.0325438249606949,1,0
1840,0.09637017590715158,1.104884922852,1.0325438249606949,1,0
1841,0.248359079360821,1.09726342724,1.0325438249606949,1,0
1842,0.3161019387592563,1.066105731378,1.0325438249606949,1,0
1843,0.4417347481996294,1.060718292401,1.0325438249606949,1,0
1844,0.475759071915417,1.043691038039,1.0325438249606949,1,0
1845,0.5575372539673225,1.037599755484,1.0325438249606949,1,0
1846,0.5984899702622978,1.01435737872,1.0325438249606949,0,0
1847,0.6292323029932121,0.994473662443,1.0325438249606949,0,0
1848,0.656578693129988,0.977780135332,1.0325438249606949,0,0
1849,0.6634185343053477,0.977788802815,1.0325438249606949,0,0
1850,0.6771009612755154,0.987195406964,1.0325438249606949,0,0
1851,0.6839443455050718,1.012553260408,1.0325438249606949,0,0
1852,0.7181772852499959,1.036928495262,1.0325438249606949,1,0
1853,0.7181772852499959,1.037160135327,1.0325438249606949,1,0
1854,0.72845299075692,1.046809347923,1.0325438249606949,1,0
1855,0.7181772852499959,1.041375499565,1.0325438249606949,1,0
1856,0.72845299075692,1.04508353471,1.0325438249606949,1,0
1857,0.7387313909811206,1.033494534702,1.0325438249606949,1,0
1858,0.7592960260704914,1.029085269207,1.0325438249606949,0,0
1859,0.7455853544710949,1.005752546391,1.0325438249606949,0,0
1860,0.7764416138601884,0.995928106493,1.0325438249606949,0,0
1861,0.7798712903224518,0.985587086315,1.0325438249606949,0,0
1862,0.7661535326146621,0.981838570499,1.0325438249606949,0,0
1863,0.7730113884740355,0.984679982899,1.0325438249606949,0,0
1864,0.7901629146221747,0.99258718606,1.0325438249606949,0,0
1865,0.7867323399208191,1.012064509285,1.0325438249606949,0,0
1866,0.7901629146221747,1.019728778532,1.0325438249606949,0,0
1867,0.7970257107965544,1.038244362323,1.0325438249606949,1,0
1868,0.793593738834389,1.038124326553,1.0325438249606949,1,0
1869,0.8107540976669337,1.047364058549,1.0325438249606949,1,0
1870,0.7970257107965544,1.039011308535,1.0325438249606949,1,0
1871,0.8038888562861366,1.044695800002,1.0325438249606949,1,0
1872,0.8244871254392888,1.027889357994,1.0325438249606949,0,0
1873,0.8141866684551604,1.008914017722,1.0325438249606949,0,0
1874,0.8347901773363497,0.985847665333,1.0325438249606949,0,0
1875,0.81762043689551,0.977070005378,1.0325438249606949,0,0
1876,0.81762043689551,0.981884674695,1.0325438249606949,0,0
1877,0.845095923950687,0.999162805822,1.0325438249606949,0,0
1878,0.8244871254392888,1.025856766911,1.0325438249606949,0,0
1879,0.845095923950687,1.03480385274,1.0325438249606949,1,0
1880,0.8485323372061411,1.048468656551,1.0325438249606949,1,0
1881,0.8210536564119699,1.04324070739,1.0325438249606949,1,0
1882,0.8210536564119699,1.054130258726,1.0325438249606949,1,0
1883,0.8210536564119699,1.047076155259,1.0325438249606949,1,0
1884,0.8382257422548834,1.066624231497,1.0325438249606949,1,0
1885,0.8141866684551604,1.069809649566,1.0325438249606949,1,0
1886,0.8141866684551604,1.073532960399,1.0325438249606949,1,0
1887,0.81762043689551,1.083222838236,1.0325438249606949,1,0
1888,0.81762043689551,1.064472647231,1.0325438249606949,1,0
1889,0.81762043689551,1.050173384112,1.0325438249606949,1,0
1890,0.8244871254392888,1.026068741207,1.0325438249606949,0,0
1891,0.8073217264873941,1.008162433183,1.0325438249606949,0,0
1892,0.8347901773363497,0.997013227637,1.0325438249606949,0,0
1893,0.81762043689551,0.976605672705,1.0325438249606949,0,0
1894,0.8347901773363497,0.978015251217,1.0325438249606949,0,0
1895,0.8107540976669337,0.991769310194,1.0325438249606949,0,0
1896,0.8347901773363497,1.02551493457,1.0325438249606949,0,0
1897,0.8210536564119699,1.06024300507,1.0325438249606949,1,0
1898,0.8038888562861366,1.096790484533,1.0325438249606949,1,0
1899,0.8038888562861366,1.108824838751,1.0325438249606949,1,0
1900,0.8004571837370019,1.211866084266,1.0325438249606949,1,0
1901,0.7970257107965544,1.270548824544,1.0325438249606949,1,0
1902,0.81762043689551,1.447770651419,1.0325438249606949,1,0
1903,0.7901629146221747,1.480572139648,1.0325438249606949,1,0
1904,0.81762043689551,1.543429447625,1.0325438249606949,1,0
1905,0.81762043689551,1.673826177914,1.0325438249606949,1,0
1906,0.793593738834389,1.740007217799,1.0325438249606949,1,0
1907,0.793593738834389,1.855596969787,1.0325438249606949,1,0
1908,0.7764416138601884,1.877212886323,1.0325438249606949,1,0
1909,0.7695823607400053,1.897537621335,1.0325438249606949,1,0
1910,0.7661535326146621,1.881170781558,1.0325438249606949,1,0
1911,0.7833012162955741,1.929368274515,1.0325438249606949,1,0
1912,0.7524401163958176,1.841343746817,1.0325438249606949,1,0
1913,0.7661535326146621,1.846886063885,1.0325438249606949,1,0
1914,0.7490123861182537,1.8618385905,1.0325438249606949,1,0
1915,0.7421582230195923,1.872317629384,1.0325438249606949,1,0
1916,0.5098132620810163,1.617774654183,1.0325438249606949,1,0
1917,0.29237822173411243,1.464125966162,1.0325438249606949,1,0
1918,0.10648424827967248,1.356246799353,1.0325438249606949,1,0
1919,-0.04830692410598268,1.263973445653,1.0325438249606949,1,0
1920,-0.17570811680781,1.168917984629,1.0325438249606949,1,0
1921,-0.289337807162838,1.096304199981,1.0325438249606949,1,0
1922,-0.3926452083335829,1.066893518887,1.0325438249606949,1,0
1923,-0.47243074676404384,1.045625952965,1.0325438249606949,1,0
1924,-0.555360421429829,1.048031782497,1.0325438249606949,1,0
1925,-0.6248790870377712,1.034529709946,1.0325438249606949,1,0
1926,-0.6909662797052658,1.034418145713,1.0325438249606949,1,0
1927,-0.7371575263852743,1.010884483502,1.0325438249606949,0,0
1928,-0.7635266822920347,0.99910062469,1.0325438249606949,0,0
1929,-0.8129176562267332,0.981804950312,1.0325438249606949,0,0
1930,-0.8490958325299084,0.978257692589,1.0325438249606949,0,0
1931,-0.8852381790737439,0.982832352452,1.0325438249606949,0,0
1932,-0.8918058039020305,0.998885738069,1.0325438249606949,0,0
1933,-0.941024715148423,1.016882944806,1.0325438249606949,0,0
1934,-0.957416380926831,1.048300232941,1.0325438249606949,1,0
1935,-0.7272642711228907,1.083058903901,1.0325438249606949,1,0
1936,-0.41925913439293616,1.100755096204,1.0325438249606949,1,0
1937,-0.1890939502199888,1.123114860251,1.0325438249606949,1,0
1938,0.015552994285003632,1.120241962355,1.0325438249606949,1,0
1939,0.18411376337827318,1.108372426292,1.0325438249606949,1,0
1940,0.2517435319799065,1.079291569043,1.0325438249606949,1,0
1941,0.3669858609182558,1.060102236586,1.0325438249606949,1,0
1942,0.4315332222710598,1.052561103734,1.0325438249606949,1,0
1943,0.5234422438252051,1.039459519619,1.0325438249606949,1,0
1944,0.5950754640602562,1.026219135988,1.0325438249606949,0,0
1945,0.6019046760730264,1.003236535264,1.0325438249606949,0,0
1946,0.656578693129988,0.983943930579,1.0325438249606949,0,0
1947,0.656578693129988,0.976889889019,1.0325438249606949,0,0
1948,0.6839443455050718,0.979420594327,1.0325438249606949,0,0
1949,0.6771009612755154,1.002017495454,1.0325438249606949,0,0
1950,0.6942112183275906,1.020613249187,1.0325438249606949,0,0
1951,0.6976338086814609,1.038621332062,1.0325438249606949,1,0
1952,0.7353052076708819,1.041563240374,1.0325438249606949,1,0
1953,0.7387313909811206,1.043719370574,1.0325438249606949,1,0
1954,0.7318789744584716,1.038654263658,1.0325438249606949,1,0
1955,0.7387313909811206,1.037976163934,1.0325438249606949,1,0
1956,0.7524401163958176,1.026311642707,1.0325438249606949,0,0
1957,0.7627242054676012,1.01635192038,1.0325438249606949,0,0
1958,0.7730113884740355,0.997948160341,1.0325438249606949,0,0
1959,0.7558680961842403,0.989579411852,1.0325438249606949,0,0
1960,0.7798712903224518,0.980527307795,1.0325438249606949,0,0
1961,0.7867323399208191,0.985130060313,1.0325438249606949,0,0
1962,0.793593738834389,0.987778348189,1.0325438249606949,0,0
1963,0.7833012162955741,1.002301886964,1.0325438249606949,0,0
1964,0.7901629146221747,1.015029244186,1.0325438249606949,0,0
1965,0.7901629146221747,1.027821153653,1.0325438249606949,0,0
1966,0.7798712903224518,1.038597359715,1.0325438249606949,1,0
1967,0.7798712903224518,1.041621460989,1.0325438249606949,1,0
1968,0.7798712903224518,1.044623846378,1.0325438249606949,1,0
1969,0.7901629146221747,1.038944918622,1.0325438249606949,1,0
1970,0.8141866684551604,1.040833578125,1.0325438249606949,1,0
1971,0.8004571837370019,1.023674743041,1.0325438249606949,0,0
1972,0.8107540976669337,0.996901196504,1.0325438249606949,0,0
1973,0.8313558599721106,0.978893698087,1.0325438249606949,0,0
1974,0.8313558599721106,0.977556975475,1.0325438249606949,0,0
1975,0.845095923950687,0.989499416375,1.0325438249606949,0,0
1976,0.8416607083473558,1.01052082356,1.0325438249606949,0,0
1977,0.8485323372061411,1.033298932408,1.0325438249606949,1,0
1978,0.8382257422548834,1.045901086975,1.0325438249606949,1,0
1979,0.8382257422548834,1.046178857174,1.0325438249606949,1,0
1980,0.8313558599721106,1.050323463605,1.0325438249606949,1,0
1981,0.8244871254392888,1.052290311966,1.0325438249606949,1,0
1982,0.8279217422165586,1.053281474229,1.0325438249606949,1,0
1983,0.8279217422165586,1.070346827711,1.0325438249606949,1,0
1984,0.845095923950687,1.058767737627,1.0325438249606949,1,0
1985,0.8554043153801287,1.077411264889,1.0325438249606949,1,0
1986,0.8244871254392888,1.064271076757,1.0325438249606949,1,0
1987,0.8279217422165586,1.054547328341,1.0325438249606949,1,0
1988,0.8347901773363497,1.040206473295,1.0325438249606949,1,0
1989,0.8244871254392888,1.006731867319,1.0325438249606949,0,0
1990,0.81762043689551,0.995678139712,1.0325438249606949,0,0
1991,0.8244871254392888,0.978510618456,1.0325438249606949,0,0
1992,0.8107540976669337,0.971878126322,1.0325438249606949,0,0
1993,0.8313558599721106,0.98172478209,1.0325438249606949,0,0
1994,0.8038888562861366,1.001945680638,1.0325438249606949,0,0
1995,0.8038888562861366,1.046387085989,1.0325438249606949,1,0
1996,0.8038888562861366,1.07576595849,1.0325438249606949,1,0
1997,0.8004571837370019,1.096768092227,1.0325438249606949,1,0
1998,0.7970257107965544,1.137763696268,1.0325438249606949,1,0
1999,0.7970257107965544,1.255714014815,1.0325438249606949,1,0
2000,0.7901629146221747,1.342482512904,1.0325438249606949,1,0
2001,0.793593738834389,1.457188328782,1.0325438249606949,1,0
2002,0.8107540976669337,1.535457451984,1.0325438249606949,1,0
2003,0.8004571837370019,1.613118119639,1.0325438249606949,1,0
2004,0.8073217264873941,1.760189181898,1.0325438249606949,1,0
2005,0.7764416138601884,1.744427075404,1.0325438249606949,1,0
2006,0.7901629146221747,1.792837183799,1.0325438249606949,1,0
2007,0.7730113884740355,1.887439301157,1.0325438249606949,1,0
2008,0.793593738834389,1.904380137411,1.0325438249606949,1,0
2009,0.7627242054676012,1.914465504895,1.0325438249606949,1,0
2010,0.7764416138601884,1.900644290839,1.0325438249606949,1,0
2011,0.7524401163958176,1.920778957677,1.0325438249606949,1,0
2012,0.7627242054676012,1.95871793279,1.0325438249606949,1,0
2013,0.7387313909811206,1.928534959853,1.0325438249606949,1,0
2014,0.6736801174976575,1.900507153053,1.0325438249606949,1,0
2015,0.3703797824744371,1.584349910432,1.0325438249606949,1,0
2016,0.224677816608321,1.471467793904,1.0325438249606949,1,0
2017,0.02901069306232058,1.347199876464,1.0325438249606949,1,0
2018,-0.11541321892561826,1.244652191321,1.0325438249606949,1,0
2019,-0.23590765163972555,1.120712892183,1.0325438249606949,1,0
2020,-0.3393605425923021,1.093220384555,1.0325438249606949,1,0
2021,-0.42923452863007366,1.052448776232,1.0325438249606949,1,0
2022,-0.518893860475923,1.051768741305,1.0325438249606949,1,0
2023,-0.5884804928418329,1.040722831162,1.0325438249606949,1,0
2024,-0.6381057574730499,1.037337162112,1.0325438249606949,1,0
2025,-0.7074698261528101,1.023038919542,1.0325438249606949,0,0
2026,-0.7635266822920347,1.011559880395,1.0325438249606949,0,0
2027,-0.7865840805684536,0.990023157778,1.0325438249606949,0,0
2028,-0.8556698448361832,0.985098788065,1.0325438249606949,0,0
2029,-0.8918058039020305,0.98043365583,1.0325438249606949,0,0
2030,-0.8983722310781943,0.99999362262,1.0325438249606949,0,0
2031,-0.9377455436362555,1.009926376579,1.0325438249606949,0,0
2032,-0.9606937559608144,1.033102602716,1.0325438249606949,1,0
2033,-0.8523828885852176,1.069856957426,1.0325438249606949,1,0
2034,-0.5752361570377432,1.091158569941,1.0325438249606949,1,0
2035,-0.289337807162838,1.101397911386,1.0325438249606949,1,0
2036,-0.0785192957725675,1.135812577559,1.0325438249606949,1,0
2037,0.11322850184498305,1.10199311163,1.0325438249606949,1,0
2038,0.18073481247362666,1.094293489925,1.0325438249606949,1,0
2039,0.3194914439732348,1.064599581775,1.0325438249606949,1,0
2040,0.39415048239431416,1.060262469365,1.0325438249606949,1,0
2041,0.46895244063537833,1.04387103507,1.0325438249606949,1,0
2042,0.5575372539673225,1.037815974561,1.0325438249606949,1,0
2043,0.5916616564886197,1.01211410069,1.0325438249606949,0,0
2044,0.6360670042448783,0.994451706812,1.0325438249606949,0,0
2045,0.6531595959281424,0.978080788491,1.0325438249606949,0,0
2046,0.7010571475679078,0.977788802815,1.0325438249606949,0,0
2047,0.6976338086814609,0.983322662007,1.0325438249606949,0,0
2048,0.6942112183275906,1.010984014242,1.0325438249606949,0,0
2049,0.7010571475679078,1.034232026309,1.0325438249606949,1,0
2050,0.7079042245581761,1.038469997328,1.0325438249606949,1,0
2051,0.7353052076708819,1.045724495393,1.0325438249606949,1,0
2052,0.7216024206146271,1.042149147407,1.0325438249606949,1,0
2053,0.72845299075692,1.04676387893,1.0325438249606949,1,0
2054,0.7353052076708819,1.032026298122,1.0325438249606949,0,0
2055,0.7421582230195923,1.027575304369,1.0325438249606949,0,0
2056,0.7592960260704914,1.007852057113,1.0325438249606949,0,0
2057,0.7627242054676012,0.997662426533,1.0325438249606949,0,0
2058,0.7627242054676012,0.987729234714,1.0325438249606949,0,0
2059,0.7695823607400053,0.982878646039,1.0325438249606949,0,0
2060,0.7730113884740355,0.986626656171,1.0325438249606949,0,0
2061,0.7764416138601884,0.992475853333,1.0325438249606949,0,0
2062,0.7867323399208191,1.011084980901,1.0325438249606949,0,0
2063,0.7867323399208191,1.018543416777,1.0325438249606949,0,0
2064,0.7901629146221747,1.036660970538,1.0325438249606949,1,0
2065,0.7970257107965544,1.037741446767,1.0325438249606949,1,0
2066,0.7970257107965544,1.048194400057,1.0325438249606949,1,0
2067,0.8004571837370019,1.040486610505,1.0325438249606949,1,0
2068,0.8073217264873941,1.047442264964,1.0325438249606949,1,0
2069,0.8107540976669337,1.030246942583,1.0325438249606949,0,0
2070,0.8073217264873941,1.011273985506,1.0325438249606949,0,0
2071,0.8347901773363497,0.98606873997,1.0325438249606949,0,0
2072,0.81762043689551,0.977177641516,1.0325438249606949,0,0
2073,0.8210536564119699,0.980868028246,1.0325438249606949,0,0
2074,0.845095923950687,0.998175009277,1.0325438249606949,0,0
2075,0.8279217422165586,1.023504942944,1.0325438249606949,0,0
2076,0.8313558599721106,1.033690468559,1.0325438249606949,1,0
2077,0.8347901773363497,1.050364451182,1.0325438249606949,1,0
2078,0.8416607083473558,1.044037077365,1.0325438249606949,1,0
2079,0.8382257422548834,1.055487716854,1.0325438249606949,1,0
2080,0.8416607083473558,1.047991608198,1.0325438249606949,1,0
2081,0.8382257422548834,1.068548426252,1.0325438249606949,1,0
2082,0.8313558599721106,1.064047048254,1.0325438249606949,1,0
2083,0.8347901773363497,1.075604129479,1.0325438249606949,1,0
2084,0.8313558599721106,1.085235499477,1.0325438249606949,1,0
2085,0.8244871254392888,1.057590595539,1.0325438249606949,1,0
2086,0.8485323372061411,1.048835512806,1.0325438249606949,1,0
2087,0.8416607083473558,1.022162293155,1.0325438249606949,0,0
2088,0.8244871254392888,1.001636487637,1.0325438249606949,0,0
2089,0.8279217422165586,0.993077726764,1.0325438249606949,0,0
2090,0.8382257422548834,0.973698305019,1.0325438249606949,0,0
2091,0.8141866684551604,0.977742261116,1.0325438249606949,0,0
2092,0.81762043689551,0.991602535091,1.0325438249606949,0,0
2093,0.8279217422165586,1.025171081842,1.0325438249606949,0,0
2094,0.8038888562861366,1.057885940101,1.0325438249606949,1,0
2095,0.8244871254392888,1.094611167903,1.0325438249606949,1,0
2096,0.793593738834389,1.107352497543,1.0325438249606949,1,0
2097,0.81762043689551,1.198119414726,1.0325438249606949,1,0
2098,0.8141866684551604,1.274120964221,1.0325438249606949,1,0
2099,0.7970257107965544,1.427033354652,1.0325438249606949,1,0
2100,0.7764416138601884,1.491542787086,1.0325438249606949,1,0
2101,0.8038888562861366,1.555764833159,1.0325438249606949,1,0
2102,0.7764416138601884,1.685157467716,1.0325438249606949,1,0
2103,0.7764416138601884,1.755651582845,1.0325438249606949,1,0
2104,0.7901629146221747,1.81046535126,1.0325438249606949,1,0
2105,0.7730113884740355,1.83337936921,1.0325438249606949,1,0
2106,0.7592960260704914,1.875465216057,1.0325438249606949,1,0
2107,0.7867323399208191,1.87771497686,1.0325438249606949,1,0
2108,0.7592960260704914,1.880168876955,1.0325438249606949,1,0
2109,0.7592960260704914,1.885813152915,1.0325438249606949,1,0
2110,0.7627242054676012,1.879546337773,1.0325438249606949,1,0
2111,0.7661535326146621,1.889336769773,1.0325438249606949,1,0
2112,0.7353052076708819,1.893875342297,1.0325438249606949,1,0
2113,0.4553410244556571,1.63884498675,1.0325438249606949,1,0
2114,0.2856033781374992,1.487610994311,1.0325438249606949,1,0
2115,0.10311266730202107,1.362731126264,1.0325438249606949,1,0
2116,-0.044948595273825234,1.265711659793,1.0325438249606949,1,0
2117,-0.18574800960197632,1.170569184248,1.0325438249606949,1,0
2118,-0.28600102359334767,1.097628510266,1.0325438249606949,1,0
2119,-0.3859890570525542,1.068245091887,1.0325438249606949,1,0
2120,-0.47575158658964967,1.046806028065,1.0325438249606949,1,0
2121,-0.555360421429829,1.049065656735,1.0325438249606949,1,0
2122,-0.6248790870377712,1.03493988875,1.0325438249606949,1,0
2123,-0.6546330573543625,1.036104998439,1.0325438249606949,1,0
2124,-0.7437517989732928,1.011448610385,1.0325438249606949,0,0
2125,-0.7931693707655513,0.999067947423,1.0325438249606949,0,0
2126,-0.835944314765334,0.982185135269,1.0325438249606949,0,0
2127,-0.8786695562020216,0.979197879961,1.0325438249606949,0,0
2128,-0.8918058039020305,0.986253354657,1.0325438249606949,0,0
2129,-0.94430358724756,1.002709112565,1.0325438249606949,0,0
2130,-0.9541385068711299,1.022466348278,1.0325438249606949,0,0
2131,-0.9180642268896057,1.05266069424,1.0325438249606949,1,0
2132,-0.7140693883710375,1.092934690729,1.0325438249606949,1,0
2133,-0.42258466502268954,1.108620289576,1.0325438249606949,1,0
2134,-0.18240134540247305,1.121111634739,1.0325438249606949,1,0
2135,0.02901069306232058,1.118549194539,1.0325438249606949,1,0
2136,0.143592120756469,1.106103099699,1.0325438249606949,1,0
2137,0.265284261733298,1.078899647314,1.0325438249606949,1,0
2138,0.3703797824744371,1.059907503067,1.0325438249606949,1,0
2139,0.4417347481996294,1.051964385543,1.0325438249606949,1,0
2140,0.5336676479429725,1.037964697436,1.0325438249606949,1,0
2141,0.5882477990148113,1.026807358686,1.0325438249606949,0,0
2142,0.6121503903747094,1.001710427703,1.0325438249606949,0,0
2143,0.6394850535011164,0.983432662662,1.0325438249606949,0,0
2144,0.6599984889622383,0.976869556492,1.0325438249606949,0,0
2145,0.7044807359652138,0.979390923208,1.0325438249606949,0,0
2146,0.7113284616837152,0.99836149709,1.0325438249606949,0,0
2147,0.7010571475679078,1.016217385246,1.0325438249606949,0,0
2148,0.7181772852499959,1.03855403324,1.0325438249606949,1,0
2149,0.7079042245581761,1.038885082691,1.0325438249606949,1,0
2150,0.7250277056857736,1.04350659477,1.0325438249606949,1,0
2151,0.7181772852499959,1.038828928134,1.0325438249606949,1,0
2152,0.72845299075692,1.038361140921,1.0325438249606949,1,0
2153,0.7353052076708819,1.026117389514,1.0325438249606949,0,0
2154,0.7421582230195923,1.018962836284,1.0325438249606949,0,0
2155,0.7490123861182537,0.997846932404,1.0325438249606949,0,0
2156,0.7524401163958176,0.990714056295,1.0325438249606949,0,0
2157,0.7558680961842403,0.983646505743,1.0325438249606949,0,0
2158,0.7798712903224518,0.988820405463,1.0325438249606949,0,0
2159,0.7592960260704914,0.99101352604,1.0325438249606949,0,0
2160,0.7695823607400053,1.007026329933,1.0325438249606949,0,0
2161,0.7695823607400053,1.020416687474,1.0325438249606949,0,0
2162,0.7833012162955741,1.033054774727,1.0325438249606949,1,0
2163,0.7764416138601884,1.044247115545,1.0325438249606949,1,0
2164,0.7833012162955741,1.044599169033,1.0325438249606949,1,0
2165,0.793593738834389,1.048492453081,1.0325438249606949,1,0
2166,0.793593738834389,1.041008703186,1.0325438249606949,1,0
2167,0.8004571837370019,1.043103274081,1.0325438249606949,1,0
2168,0.8313558599721106,1.025406078552,1.0325438249606949,0,0
2169,0.8107540976669337,0.996652074745,1.0325438249606949,0,0
2170,0.8141866684551604,0.978233667793,1.0325438249606949,0,0
2171,0.81762043689551,0.977556975475,1.0325438249606949,0,0
2172,0.8244871254392888,0.990922206488,1.0325438249606949,0,0
2173,0.8347901773363497,1.012504666579,1.0325438249606949,0,0
2174,0.8382257422548834,1.034856811712,1.0325438249606949,1,0
2175,0.8485323372061411,1.047589679058,1.0325438249606949,1,0
2176,0.8588416268746748,1.046879627808,1.0325438249606949,1,0
2177,0.8382257422548834,1.051109941614,1.0325438249606949,1,0
2178,0.8588416268746748,1.053544501361,1.0325438249606949,1,0
2179,0.8519682514398772,1.047568991977,1.0325438249606949,1,0
2180,0.8416607083473558,1.071035334892,1.0325438249606949,1,0
2181,0.8622783894453313,1.05899166625,1.0325438249606949,1,0
2182,0.8519682514398772,1.076962417759,1.0325438249606949,1,0
2183,0.8279217422165586,1.063316212034,1.0325438249606949,1,0
2184,0.8210536564119699,1.060663097427,1.0325438249606949,1,0
2185,0.8279217422165586,1.042002626417,1.0325438249606949,1,0
2186,0.8313558599721106,1.012201920504,1.0325438249606949,0,0
2187,0.8141866684551604,1.005350620892,1.0325438249606949,0,0
2188,0.8244871254392888,0.985404513144,1.0325438249606949,0,0
2189,0.8107540976669337,0.976126879454,1.0325438249606949,0,0
2190,0.8038888562861366,0.984169781134,1.0325438249606949,0,0
2191,0.8004571837370019,1.003690811142,1.0325438249606949,0,0
2192,0.7970257107965544,1.046671939472,1.0325438249606949,1,0
2193,0.793593738834389,1.077475800729,1.0325438249606949,1,0
2194,0.8107540976669337,1.09919086801,1.0325438249606949,1,0
2195,0.8038888562861366,1.140758170883,1.0325438249606949,1,0
2196,0.7901629146221747,1.260705993827,1.0325438249606949,1,0
2197,0.8073217264873941,1.346937424331,1.0325438249606949,1,0
2198,0.8107540976669337,1.45975444485,1.0325438249606949,1,0
2199,0.7833012162955741,1.540710114399,1.0325438249606949,1,0
2200,0.7867323399208191,1.615580546498,1.0325438249606949,1,0
2201,0.793593738834389,1.769912526835,1.0325438249606949,1,0
2202,0.7764416138601884,1.816989712063,1.0325438249606949,1,0
2203,0.7970257107965544,1.821603438106,1.0325438249606949,1,0
2204,0.793593738834389,1.91481309953,1.0325438249606949,1,0
2205,0.7627242054676012,1.96307312824,1.0325438249606949,1,0
2206,0.7558680961842403,2.013998400992,1.0325438249606949,1,0
2207,0.7524401163958176,1.982705889,1.0325438249606949,1,0
2208,0.7524401163958176,1.980641836103,1.0325438249606949,1,0
2209,0.7421582230195923,1.974869093414,1.0325438249606949,1,0
2210,0.7387313909811206,1.973300862601,1.0325438249606949,1,0
2211,0.5950754640602562,1.911665148813,1.0325438249606949,1,0
2212,0.3568037718855954,1.54040263856,1.0325438249606949,1,0
2213,0.18749221526120188,1.425616693097,1.0325438249606949,1,0
2214,0.0189169371114866,1.293963093172,1.0325438249606949,1,0
2215,-0.12211703925624212,1.2014053508,1.0325438249606949,1,0
2216,-0.23256540378242496,1.121132856537,1.0325438249606949,1,0
2217,-0.3226937661408575,1.080269286111,1.0325438249606949,1,0
2218,-0.44253101220367597,1.053350624182,1.0325438249606949,1,0
2219,-0.518893860475923,1.054802439247,1.0325438249606949,1,0
2220,-0.5818589237658495,1.041275316122,1.0325438249606949,1,0
2221,-0.6314928214727848,1.037695776584,1.0325438249606949,1,0
2222,-0.6942678572925637,1.021106271688,1.0325438249606949,0,0
2223,-0.7767040493815923,1.009536648105,1.0325438249606949,0,0
2224,-0.8227880063922687,0.989867982639,1.0325438249606949,0,0
2225,-0.8622426594903352,0.98380020651,1.0325438249606949,0,0
2226,-0.8753846958422709,0.982197021744,1.0325438249606949,0,0
2227,-0.9311862025684848,1.000075798735,1.0325438249606949,0,0
2228,-0.941024715148423,1.014374197523,1.0325438249606949,0,0
2229,-0.9672478073983763,1.038926179526,1.0325438249606949,1,0
2230,-0.8129176562267332,1.068545372113,1.0325438249606949,1,0
2231,-0.528842756659844,1.08931170883,1.0325438249606949,1,0
2232,-0.2826632170293357,1.107303005407,1.0325438249606949,1,0
2233,-0.05838036363512973,1.124113928297,1.0325438249606949,1,0
2234,0.05930785814345022,1.105530920479,1.0325438249606949,1,0
2235,0.20777071129757219,1.096734325164,1.0325438249606949,1,0
2236,0.3262734235804129,1.065244581034,1.0325438249606949,1,0
2237,0.4043422773993862,1.058703900678,1.0325438249606949,1,0
2238,0.5064060415960551,1.044475132577,1.0325438249606949,1,0
2239,0.5609484666260263,1.038144077576,1.0325438249606949,1,0
2240,0.5984899702622978,1.011887373895,1.0325438249606949,0,0
2241,0.6429033023660415,0.992767056772,1.0325438249606949,0,0
2242,0.656578693129988,0.977600316337,1.0325438249606949,0,0
2243,0.6907885281693767,0.977788802815,1.0325438249606949,0,0
2244,0.6873660875220218,0.985976785208,1.0325438249606949,0,0
2245,0.7010571475679078,1.014177902005,1.0325438249606949,0,0
2246,0.7113284616837152,1.037081553984,1.0325438249606949,1,0
2247,0.7181772852499959,1.037279374306,1.0325438249606949,1,0
2248,0.7250277056857736,1.047311715767,1.0325438249606949,1,0
2249,0.72845299075692,1.041469895054,1.0325438249606949,1,0
2250,0.7421582230195923,1.044962844271,1.0325438249606949,1,0
2251,0.7387313909811206,1.033071712157,1.0325438249606949,1,0
2252,0.7455853544710949,1.028133790797,1.0325438249606949,0,0
2253,0.7558680961842403,1.005190741216,1.0325438249606949,0,0
2254,0.7592960260704914,0.995602867127,1.0325438249606949,0,0
2255,0.7627242054676012,0.986061701173,1.0325438249606949,0,0
2256,0.7798712903224518,0.983127374243,1.0325438249606949,0,0
2257,0.7730113884740355,0.986442330205,1.0325438249606949,0,0
2258,0.7798712903224518,0.995250930746,1.0325438249606949,0,0
2259,0.7867323399208191,1.015281272134,1.0325438249606949,0,0
2260,0.8004571837370019,1.021906027472,1.0325438249606949,0,0
2261,0.7970257107965544,1.040332967996,1.0325438249606949,1,0
2262,0.793593738834389,1.039704683271,1.0325438249606949,1,0
2263,0.7970257107965544,1.049556127562,1.0325438249606949,1,0
2264,0.81762043689551,1.040473611059,1.0325438249606949,1,0
2265,0.8004571837370019,1.046014030752,1.0325438249606949,1,0
2266,0.8313558599721106,1.028099156944,1.0325438249606949,0,0
2267,0.8107540976669337,1.01082860319,1.0325438249606949,0,0
2268,0.8141866684551604,0.985772335826,1.0325438249606949,0,0
2269,0.8382257422548834,0.977070005378,1.0325438249606949,0,0
2270,0.8347901773363497,0.982814157933,1.0325438249606949,0,0
2271,0.8347901773363497,0.999066738124,1.0325438249606949,0,0
2272,0.8382257422548834,1.027563621926,1.0325438249606949,0,0
2273,0.8347901773363497,1.036164067589,1.0325438249606949,1,0
2274,0.8382257422548834,1.048451047709,1.0325438249606949,1,0
2275,0.8382257422548834,1.043526036639,1.0325438249606949,1,0
2276,0.8519682514398772,1.056443522627,1.0325438249606949,1,0
2277,0.8554043153801287,1.046145803514,1.0325438249606949,1,0
2278,0.8210536564119699,1.065457848948,1.0325438249606949,1,0
2279,0.8244871254392888,1.067768605326,1.0325438249606949,1,0
2280,0.8313558599721106,1.07076725197,1.0325438249606949,1,0
2281,0.8073217264873941,1.078231616087,1.0325438249606949,1,0
2282,0.8382257422548834,1.058906105509,1.0325438249606949,1,0
2283,0.8141866684551604,1.049876070046,1.0325438249606949,1,0
2284,0.8107540976669337,1.024814586687,1.0325438249606949,0,0
2285,0.8141866684551604,1.009144044025,1.0325438249606949,0,0
2286,0.8313558599721106,0.99614314006,1.0325438249606949,0,0
2287,0.8107540976669337,0.975810615991,1.0325438249606949,0,0
2288,0.8347901773363497,0.98005757486,1.0325438249606949,0,0
2289,0.8347901773363497,0.992505401496,1.0325438249606949,0,0
2290,0.8073217264873941,1.028938869263,1.0325438249606949,0,0
2291,0.8313558599721106,1.058867205149,1.0325438249606949,1,0
2292,0.8038888562861366,1.094936457541,1.0325438249606949,1,0
2293,0.8073217264873941,1.112118329281,1.0325438249606949,1,0
2294,0.7970257107965544,1.209311459401,1.0325438249606949,1,0
2295,0.793593738834389,1.269578138701,1.0325438249606949,1,0
2296,0.81762043689551,1.44752363925,1.0325438249606949,1,0
2297,0.7867323399208191,1.479281925314,1.0325438249606949,1,0
2298,0.7970257107965544,1.574762486619,1.0325438249606949,1,0
2299,0.7867323399208191,1.663708739811,1.0325438249606949,1,0
2300,0.7798712903224518,1.740985929428,1.0325438249606949,1,0
2301,0.7730113884740355,1.791138218516,1.0325438249606949,1,0
2302,0.7695823607400053,1.887675233312,1.0325438249606949,1,0
2303,0.7627242054676012,1.860783655988,1.0325438249606949,1,0
2304,0.7661535326146621,1.868241922879,1.0325438249606949,1,0
2305,0.7592960260704914,1.872301207359,1.0325438249606949,1,0
2306,0.7558680961842403,1.879768541937,1.0325438249606949,1,0
2307,0.7490123861182537,1.879150717149,1.0325438249606949,1,0
2308,0.7387313909811206,1.898935720926,1.0325438249606949,1,0
2309,0.72845299075692,1.864305617201,1.0325438249606949,1,0
2310,0.5848341910518619,1.706512562347,1.0325438249606949,1,0
2311,0.248359079360821,1.487120740905,1.0325438249606949,1,0
2312,0.09637017590715158,1.362821594906,1.0325438249606949,1,0
2313,-0.055022920566521444,1.267143405276,1.0325438249606949,1,0
2314,-0.1924394666695411,1.17233355231,1.0325438249606949,1,0
2315,-0.3026837936908485,1.09918004534,1.0325438249606949,1,0
2316,-0.3959732839740972,1.067975504066,1.0325438249606949,1,0
2317,-0.4857119602730807,1.047382959414,1.0325438249606949,1,0
2318,-0.5586735264188086,1.047213746143,1.0325438249606949,1,0
2319,-0.6314928214727848,1.033545173796,1.0325438249606949,1,0
2320,-0.7008692658911471,1.031824444904,1.0325438249606949,0,0
2321,-0.7470481368325536,1.012164492591,1.0325438249606949,0,0
2322,-0.8063360587903474,0.996409392747,1.0325438249606949,0,0
2323,-0.8490958325299084,0.98181825915,1.0325438249606949,0,0
2324,-0.8688142764923644,0.979771943152,1.0325438249606949,0,0
2325,-0.9049372609935483,0.98878117757,1.0325438249606949,0,0
2326,-0.9344659729067137,1.005081352366,1.0325438249606949,0,0
2327,-0.9377455436362555,1.025918174133,1.0325438249606949,0,0
2328,-0.9672478073983763,1.057944630957,1.0325438249606949,1,0
2329,-0.6810606986064519,1.091067907457,1.0325438249606949,1,0
2330,-0.39930036157117593,1.106681480601,1.0325438249606949,1,0
2331,-0.13217105436502286,1.128751769698,1.0325438249606949,1,0
2332,0.032375995722984614,1.114693723803,1.0325438249606949,1,0
2333,0.2010097654558004,1.104046895677,1.0325438249606949,1,0
2334,0.27544249752784633,1.081372567041,1.0325438249606949,1,0
2335,0.38396133220434653,1.060942866899,1.0325438249606949,1,0
2336,0.4519389189433035,1.051102543588,1.0325438249606949,1,0
2337,0.5404862806953248,1.037886609713,1.0325438249606949,1,0
2338,0.5916616564886197,1.023613866411,1.0325438249606949,0,0
2339,0.622398699589325,0.999831139401,1.0325438249606949,0,0
2340,0.656578693129988,0.980785235507,1.0325438249606949,0,0
2341,0.6736801174976575,0.976856698191,1.0325438249606949,0,0
2342,0.6907885281693767,0.979495135948,1.0325438249606949,0,0
2343,0.7010571475679078,1.000326028466,1.0325438249606949,0,0
2344,0.7113284616837152,1.019560438525,1.0325438249606949,0,0
2345,0.7216024206146271,1.037592338662,1.0325438249606949,1,0
2346,0.72845299075692,1.04180245026,1.0325438249606949,1,0
2347,0.7558680961842403,1.042904283438,1.0325438249606949,1,0
2348,0.7455853544710949,1.039516769586,1.0325438249606949,1,0
2349,0.7455853544710949,1.038452719464,1.0325438249606949,1,0
2350,0.7730113884740355,1.027280360289,1.0325438249606949,0,0
2351,0.7798712903224518,1.015425974926,1.0325438249606949,0,0
2352,0.7901629146221747,0.998001412144,1.0325438249606949,0,0
2353,0.7695823607400053,0.989800844187,1.0325438249606949,0,0
2354,0.7833012162955741,0.981034029809,1.0325438249606949,0,0
2355,0.7730113884740355,0.986397443798,1.0325438249606949,0,0
2356,0.8004571837370019,0.989627928281,1.0325438249606949,0,0
2357,0.7798712903224518,1.005294179452,1.0325438249606949,0,0
2358,0.7901629146221747,1.016739340471,1.0325438249606949,0,0
2359,0.8004571837370019,1.029657121137,1.0325438249606949,0,0
2360,0.7867323399208191,1.039799680407,1.0325438249606949,1,0
2361,0.793593738834389,1.042663407185,1.0325438249606949,1,0
2362,0.793593738834389,1.043426969405,1.0325438249606949,1,0
2363,0.8004571837370019,1.04281987149,1.0325438249606949,1,0
2364,0.8141866684551604,1.037172812053,1.0325438249606949,1,0
2365,0.8073217264873941,1.021313300328,1.0325438249606949,0,0
2366,0.8141866684551604,0.992673543697,1.0325438249606949,0,0
2367,0.8485323372061411,0.978112928204,1.0325438249606949,0,0
2368,0.8279217422165586,0.977556975475,1.0325438249606949,0,0
2369,0.8347901773363497,0.989134220222,1.0325438249606949,0,0
2370,0.8416607083473558,1.009252058576,1.0325438249606949,0,0
2371,0.8485323372061411,1.031744110812,1.0325438249606949,0,0
2372,0.8313558599721106,1.044616356703,1.0325438249606949,1,0
2373,0.8347901773363497,1.044880264668,1.0325438249606949,1,0
2374,0.8416607083473558,1.051160749262,1.0325438249606949,1,0
2375,0.8244871254392888,1.052934018321,1.0325438249606949,1,0
2376,0.8279217422165586,1.056556707781,1.0325438249606949,1,0
2377,0.81762043689551,1.063295224216,1.0325438249606949,1,0
2378,0.8244871254392888,1.060022994536,1.0325438249606949,1,0
2379,0.8210536564119699,1.075705894937,1.0325438249606949,1,0
2380,0.81762043689551,1.061744943393,1.0325438249606949,1,0
2381,0.8107540976669337,1.05483048994,1.0325438249606949,1,0
2382,0.8141866684551604,1.040983094258,1.0325438249606949,1,0
2383,0.8210536564119699,1.009752325727,1.0325438249606949,0,0
2384,0.8210536564119699,1.000676201188,1.0325438249606949,0,0
2385,0.8416607083473558,0.981122435597,1.0325438249606949,0,0
2386,0.8244871254392888,0.974033676719,1.0325438249606949,0,0
2387,0.8141866684551604,0.984291399007,1.0325438249606949,0,0
2388,0.8347901773363497,1.006297373625,1.0325438249606949,0,0
2389,0.8073217264873941,1.050542543772,1.0325438249606949,1,0
2390,0.81762043689551,1.082074414383,1.0325438249606949,1,0
2391,0.8141866684551604,1.096285384595,1.0325438249606949,1,0
2392,0.7970257107965544,1.158238800225,1.0325438249606949,1,0
2393,0.7833012162955741,1.254688767066,1.0325438249606949,1,0
2394,0.7867323399208191,1.366395710548,1.0325438249606949,1,0
2395,0.7867323399208191,1.487922269248,1.0325438249606949,1,0
2396,0.7833012162955741,1.540048233058,1.0325438249606949,1,0
2397,0.7764416138601884,1.578395534563,1.0325438249606949,1,0
2398,0.7695823607400053,1.727689061323,1.0325438249606949,1,0
2399,0.7661535326146621,1.773659509584,1.0325438249606949,1,1
2400,0.7695823607400053,1.782239800527,1.0325438249606949,1,1
2401,0.7524401163958176,1.762032138107,1.0325438249606949,1,1
2402,0.7524401163958176,1.778918377975,1.0325438249606949,1,1
2403,0.7455853544710949,1.852796453205,1.0325438249606949,1,1
2404,0.7661535326146621,1.863273725852,1.0325438249606949,1,1
2405,0.7524401163958176,1.924464124814,1.0325438249606949,1,1
2406,0.7455853544710949,1.897846338482,1.0325438249606949,1,1
2407,0.6497404488241252,1.771746090488,1.0325438249606949,1,1
2408,0.3398388299577508,1.5397091174,1.0325438249606949,1,1
2409,0.1604704512274137,1.445049408451,1.0325438249606949,1,1
2410,0.012189366465980046,1.32431356751,1.0325438249606949,1,1
2411,-0.13217105436502286,1.212507328526,1.0325438249606949,1,1
2412,-0.25595295482735647,1.115337717896,1.0325438249606949,1,1
2413,-0.33602817536501445,1.080382214555,1.0325438249606949,1,1
2414,-0.45250021857151246,1.05077741707,1.0325438249606949,1,1
2415,-0.5354741065614969,1.051640691155,1.0325438249606949,1,1
2416,-0.6083385630809361,1.038465392454,1.0325438249606949,1,1
2417,-0.6678490986270516,1.032593042397,1.0325438249606949,1,1
2418,-0.7371575263852743,1.01794784705,1.0325438249606949,0,1
2419,-0.7865840805684536,1.003949689069,1.0325438249606949,0,1
2420,-0.8326555620361843,0.98574986509,1.0325438249606949,0,1
2421,-0.8753846958422709,0.980636173745,1.0325438249606949,0,1
2422,-0.8885222409987461,0.984371545236,1.0325438249606949,0,1
2423,-0.9213450950756138,1.004523817104,1.0325438249606949,0,1
2424,-0.9606937559608144,1.021207884087,1.0325438249606949,0,1
2425,-0.9672478073983763,1.047246815707,1.0325438249606949,1,1
2426,-0.9082195264403663,1.085781555976,1.0325438249606949,1,1
2427,-0.5917910029178798,1.103941014976,1.0325438249606949,1,1
2428,-0.3526888637515016,1.116778997524,1.0325438249606949,1,1
2429,-0.13217105436502286,1.144574205499,1.0325438249606949,1,1
2430,0.04583956424325747,1.116617774852,1.0325438249606949,1,1
2431,0.19425080322535695,1.11312324029,1.0325438249606949,1,1
2432,0.3059330987532042,1.071688375848,1.0325438249606949,1,1
2433,0.4043422773993862,1.066757376234,1.0325438249606949,1,1
2434,0.5064060415960551,1.053252625843,1.0325438249606949,1,1
2435,0.5609484666260263,1.043024350629,1.0325438249606949,1,1
2436,0.6019046760730264,1.020865311711,1.0325438249606949,0,1
2437,0.6394850535011164,0.999744979549,1.0325438249606949,0,1
2438,0.6702591739154561,0.979307500296,1.0325438249606949,0,1
2439,0.6805225036837783,0.977788802815,1.0325438249606949,0,1
2440,0.6942112183275906,0.9867932153,1.0325438249606949,0,1
2441,0.7147528984179414,1.014406938677,1.0325438249606949,0,1
2442,0.7216024206146271,1.035704314527,1.0325438249606949,1,1
2443,0.7147528984179414,1.039477761501,1.0325438249606949,1,1
2444,0.7250277056857736,1.048165950849,1.0325438249606949,1,1
2445,0.7558680961842403,1.043053285523,1.0325438249606949,1,1
2446,0.7661535326146621,1.04680547843,1.0325438249606949,1,1
2447,0.7592960260704914,1.034918354626,1.0325438249606949,1,1
2448,0.7558680961842403,1.030572433897,1.0325438249606949,0,1
2449,0.7867323399208191,1.010525078261,1.0325438249606949,0,1
2450,0.7695823607400053,0.99881808241,1.0325438249606949,0,1
2451,0.7798712903224518,0.987899271435,1.0325438249606949,0,1
2452,0.7867323399208191,0.984435437854,1.0325438249606949,0,1
2453,0.7764416138601884,0.988681634996,1.0325438249606949,0,1
2454,0.8004571837370019,0.993795861974,1.0325438249606949,0,1
2455,0.7798712903224518,1.015386591565,1.0325438249606949,0,1
2456,0.8073217264873941,1.022305614212,1.0325438249606949,0,1
2457,0.8004571837370019,1.044238893608,1.0325438249606949,1,1
2458,0.8141866684551604,1.038981687966,1.0325438249606949,1,1
2459,0.8038888562861366,1.050630500461,1.0325438249606949,1,1
2460,0.8073217264873941,1.042801976887,1.0325438249606949,1,1
2461,0.8141866684551604,1.049665630586,1.0325438249606949,1,1
2462,0.8382257422548834,1.031767642181,1.0325438249606949,0,1
2463,0.8519682514398772,1.015011246874,1.0325438249606949,0,1
2464,0.845095923950687,0.986512594296,1.0325438249606949,0,1
2465,0.8347901773363497,0.977177641516,1.0325438249606949,0,1
2466,0.8313558599721106,0.981148904025,1.0325438249606949,0,1
2467,0.8382257422548834,0.99827258218,1.0325438249606949,0,1
2468,0.8416607083473558,1.023703506056,1.0325438249606949,0,1
2469,0.8347901773363497,1.033781157812,1.0325438249606949,1,1
2470,0.8313558599721106,1.051008539519,1.0325438249606949,1,1
2471,0.8347901773363497,1.044725584164,1.0325438249606949,1,1
2472,0.8210536564119699,1.056966677901,1.0325438249606949,1,1
2473,0.81762043689551,1.049975208822,1.0325438249606949,1,1
2474,0.8141866684551604,1.071528714766,1.0325438249606949,1,1
2475,0.8141866684551604,1.067932601509,1.0325438249606949,1,1
2476,0.8210536564119699,1.080160107576,1.0325438249606949,1,1
2477,0.8485323372061411,1.091536381888,1.0325438249606949,1,1
2478,0.8347901773363497,1.058909578241,1.0325438249606949,1,1
2479,0.8347901773363497,1.058009108024,1.0325438249606949,1,1
2480,0.845095923950687,1.033884624586,1.0325438249606949,1,1
2481,0.8416607083473558,1.010075375268,1.0325438249606949,0,1
2482,0.8210536564119699,0.997244712859,1.0325438249606949,0,1
2483,0.8141866684551604,0.977387014684,1.0325438249606949,0,1
2484,0.8382257422548834,0.975021444288,1.0325438249606949,0,1
2485,0.8073217264873941,0.987779491593,1.0325438249606949,0,1
2486,0.8279217422165586,1.013964382471,1.0325438249606949,0,1
2487,0.8038888562861366,1.049076250015,1.0325438249606949,1,1
2488,0.7970257107965544,1.091993260728,1.0325438249606949,1,1
2489,0.7901629146221747,1.099173951993,1.0325438249606949,1,1
2490,0.793593738834389,1.171818090086,1.0325438249606949,1,1
2491,0.793593738834389,1.253200209248,1.0325438249606949,1,1
2492,0.7970257107965544,1.39023665738,1.0325438249606949,1,1
2493,0.7867323399208191,1.475532155521,1.0325438249606949,1,1
2494,0.7455853544710949,1.536774604952,1.0325438249606949,1,1
2495,0.7387313909811206,1.668620902415,1.0325438249606949,1,1
2496,0.7867323399208191,1.706159744425,1.0325438249606949,1,1
2497,0.8004571837370019,1.744706825182,1.0325438249606949,1,1
2498,0.8519682514398772,1.805851738317,1.0325438249606949,1,1
2499,0.845095923950687,1.866073079428,1.0325438249606949,1,1
2500,0.8760290825864974,1.929940963872,1.0325438249606949,1,1
2501,0.865715351624675,2.12110102126,1.0843031971339,1,1
2502,0.8691535613583131,2.212463450382,1.0843031971339,1,1
2503,0.9001052336998547,2.288183760981,1.0843031971339,1,1
2504,0.8932247721566641,2.508195574378,1.0843031971339,1,1
2505,0.7147528984179414,2.478934397546,1.0843031971339,1,1
2506,0.4077406901510279,2.109194745621,1.0843031971339,1,1
2507,0.19425080322535695,1.567706856501,1.0843031971339,1,1
2508,0.03910709694714477,1.403603789536,1.0843031971339,1,1
2509,-0.10535479995017771,1.292896935786,1.0843031971339,1,1
2510,-0.20581981084282375,1.165488876301,1.0843031971339,1,1
2511,-0.32602805460175877,1.086827916324,1.0843031971339,1,1
2512,-0.41925913439293616,1.06136605379,1.0843031971339,0,1
2513,-0.4857119602730807,1.043283506897,1.0843031971339,0,1
2514,-0.5785475154507105,1.042473167097,1.0843031971339,0,1
2515,-0.6447176954298793,1.033301805381,1.0843031971339,0,1
2516,-0.7008692658911471,1.025177474818,1.0843031971339,0,1
2517,-0.7536406628445596,1.010732917704,1.0843031971339,0,1
2518,-0.8096270072150556,0.997445961424,1.0843031971339,0,1
2519,-0.826077557556167,0.986648776524,1.0843031971339,0,1
2520,-0.8786695562020216,0.983987477092,1.0843031971339,0,1
2521,-0.8885222409987461,0.991263613107,1.0843031971339,0,1
2522,-0.9246257636529348,1.009604188174,1.0843031971339,0,1
2523,-0.9115012928654666,1.022739047559,1.0843031971339,0,1
2524,-0.6314928214727848,1.048697017759,1.0843031971339,0,1
2525,-0.3293612951170526,1.069984172703,1.0325438249606949,1,1
2526,-0.06173734510864905,1.089141318511,1.0325438249606949,1,1
2527,0.1469670358229726,1.103923904495,1.0325438249606949,1,1
2528,0.3161019387592563,1.09506428929,1.0325438249606949,1,1
2529,0.4485379112787291,1.064016974442,1.0325438249606949,1,1
2530,0.6121503903747094,1.051146199954,1.0325438249606949,1,1
2531,0.6736801174976575,1.035997429632,1.0325438249606949,1,1
2532,0.7318789744584716,1.0244413354,1.0325438249606949,0,1
2533,0.7730113884740355,1.000740707636,1.0325438249606949,0,1
2534,0.8004571837370019,0.985859747028,1.0325438249606949,0,1
2535,0.8244871254392888,0.977428693933,1.0325438249606949,0,1
2536,0.8622783894453313,0.977023229478,1.0325438249606949,0,1
2537,0.8588416268746748,0.979203740507,1.0325438249606949,0,1
2538,0.8725911722658899,0.985775108753,1.0325438249606949,0,1
2539,0.8863454084612525,1.004477587736,1.0325438249606949,0,1
2540,0.8966643791511121,1.020265257303,1.0325438249606949,0,1
2541,0.8897853647709031,1.029270623849,1.0325438249606949,0,1
2542,0.9138689513078561,1.034303963685,1.0325438249606949,1,1
2543,0.8966643791511121,1.031086924332,1.0325438249606949,0,1
2544,0.9241950081061088,1.032017917537,1.0325438249606949,0,1
2545,0.9241950081061088,1.021423047072,1.0325438249606949,0,1
2546,0.9276372599156613,1.009013978989,1.0325438249606949,0,1
2547,0.9207529559052433,0.994423658329,1.0325438249606949,0,1
2548,0.9138689513078561,0.984511202325,1.0325438249606949,0,1
2549,0.9276372599156613,0.979015742409,1.0325438249606949,0,1
2550,0.9207529559052433,0.978918535008,1.0325438249606949,0,1
2551,0.9241950081061088,0.982853390879,1.0325438249606949,0,1
2552,0.9241950081061088,0.990201974363,1.0325438249606949,0,1
2553,0.9241950081061088,1.006219985714,1.0325438249606949,0,1
2554,0.9448550062457558,1.016779333335,1.0325438249606949,0,1
2555,0.951744300473352,1.030473437178,1.0325438249606949,0,1
2556,0.951744300473352,1.03326384987,1.0325438249606949,1,1
2557,0.9551890473914937,1.029480537472,1.0325438249606949,0,1
2558,0.9586339939183225,1.031112172246,1.0325438249606949,0,1
2559,0.9551890473914937,1.01588742852,1.0843031971339,0,1
2560,0.9482990545334925,0.997735840695,1.0843031971339,0,1
2561,0.9586339939183225,0.986212921986,1.0843031971339,0,1
2562,0.9620801380972741,0.978112928204,1.0843031971339,0,1
2563,0.9896545811590957,0.977424750535,1.0843031971339,0,1
2564,0.9655256834501642,0.980571888998,1.0843031971339,0,1
2565,0.9724185706341288,0.991361296824,1.0843031971339,0,1
2566,0.9655256834501642,1.004531655665,1.0843031971339,0,1
2567,0.9724185706341288,1.023862055469,1.0843031971339,0,1
2568,0.9689715282160851,1.034740215667,1.0843031971339,0,1
2569,0.9862069399149906,1.029932649122,1.0843031971339,0,1
2570,0.9551890473914937,1.037469012955,1.0843031971339,0,1
2571,0.9620801380972741,1.036700456582,1.0843031971339,0,1
2572,0.9586339939183225,1.046163600456,1.0843031971339,0,1
2573,0.9551890473914937,1.035837225851,1.0843031971339,0,1
2574,0.9551890473914937,1.031257198221,2.15785188590306,0,1
2575,0.9827595980839162,1.009646035984,2.15785188590306,0,1
2576,0.9551890473914937,0.985393261223,2.15785188590306,0,1
2577,0.951744300473352,0.974768469101,2.15785188590306,0,1
2578,0.9620801380972741,0.969455323872,2.15785188590306,0,1
2579,0.9551890473914937,0.971642164993,2.15785188590306,0,1
2580,0.9414112573710498,0.982343811093,2.15785188590306,0,1
2581,0.9414112573710498,0.997929839078,2.15785188590306,0,1
2582,0.951744300473352,1.031343438806,2.15785188590306,0,1
2583,0.9379668098659387,1.051643725234,2.15785188590306,0,1
2584,0.9482990545334925,1.075817536502,2.15785188590306,0,1
2585,0.9310807093773367,1.084430643467,2.3205039723083045,0,1
2586,0.9207529559052433,1.181301808723,2.3205039723083045,0,1
2587,0.9241950081061088,1.289673912433,2.3205039723083045,0,1
2588,0.9173103048783166,1.349574558709,2.3205039723083045,0,1
2589,0.9310807093773367,1.441031402712,2.3205039723083045,0,1
2590,0.9138689513078561,1.493457989169,2.3205039723083045,0,1
2591,0.9069860445582479,1.479942435075,2.3205039723083045,0,1
2592,0.9069860445582479,1.426040302578,2.3205039723083045,0,1
2593,0.903545489422536,1.217406209172,2.3205039723083045,0,1
2594,0.9001052336998547,1.00409734286,2.3205039723083045,0,1
2595,0.9001052336998547,0.96241258533,2.3205039723083045,0,1
2596,0.9173103048783166,0.987892023169,2.3205039723083045,0,1
2597,0.8897853647709031,1.006805815232,2.3205039723083045,0,1
2598,0.8829066498037247,1.061851475939,2.3205039723083045,0,1
2599,0.8794681406570558,1.127355231923,2.3205039723083045,0,1
2600,0.8932247721566641,1.182163449804,2.3205039723083045,0,1
2601,0.865715351624675,1.231300713276,2.3205039723083045,0,1
2602,0.81762043689551,1.23654370101,2.3205039723083045,0,1
2603,0.5814212817193174,1.26678271533,2.3205039723083045,0,1
2604,0.2889902385363733,1.943196500432,2.3205039723083045,0,1
2605,0.09637017590715158,2.421677413245,2.3205039723083045,1,1
2606,-0.03823083352395967,2.203880135604,2.3205039723083045,0,1
2607,-0.18574800960197632,1.42326176468,2.3205039723083045,0,1
2608,-0.3026837936908485,1.214202879984,2.3205039723083045,0,1
2609,-0.39930036157117593,1.072004966843,2.3205039723083045,0,1
2610,-0.47907172778485063,1.041095957402,2.3205039723083045,0,1
2611,-0.5719241498965428,1.029531240116,2.3205039723083045,0,1
2612,-0.6347997385924634,1.022913313551,2.3205039723083045,0,1
2613,-0.7008692658911471,1.020560388145,2.3205039723083045,0,1
2614,-0.7536406628445596,1.010735171719,2.3205039723083045,0,1
2615,-0.803044711148265,1.001880866779,2.3205039723083045,0,1
2616,-0.8425206225715108,0.985615845514,2.3205039723083045,0,1
2617,-0.8622426594903352,0.977486097759,2.3205039723083045,0,1
2618,-0.8950890673922842,0.972635078301,2.15785188590306,0,1
2619,-0.9246257636529348,0.975155070125,2.15785188590306,0,1
2620,-0.9344659729067137,0.982276505945,2.15785188590306,0,1
2621,-0.9016548957423867,0.992856497841,2.15785188590306,0,1
2622,-0.5917910029178798,1.017801270481,2.15785188590306,0,1
2623,-0.28600102359334767,1.053329671402,2.15785188590306,0,1
2624,-0.028152091889060732,1.085070329654,2.15785188590306,0,1
2625,0.18411376337827318,1.07279695842,2.15785188590306,0,1
2626,0.3432312294976927,1.062508379843,2.15785188590306,0,1
2627,0.5268505621579456,1.045200098199,2.15785188590306,0,1
2628,0.6189821973004123,1.037327525925,1.0843031971339,0,1
2629,0.6907885281693767,1.027211200126,1.0843031971339,0,1
2630,0.7455853544710949,1.004349855801,1.0843031971339,0,1
2631,0.7867323399208191,0.990084489377,1.0843031971339,0,1
2632,0.8244871254392888,0.978061868926,1.0843031971339,0,1
2633,0.8416607083473558,0.976889889019,1.0843031971339,0,1
2634,0.8622783894453313,0.977777776111,1.0843031971339,0,1
2635,0.8932247721566641,0.981516669118,1.0843031971339,0,1
2636,0.8932247721566641,0.99710219646,1.0843031971339,0,1
2637,0.9001052336998547,1.009555624031,1.0843031971339,0,1
2638,0.903545489422536,1.026537159362,1.0843031971339,0,1
2639,0.9138689513078561,1.028190334444,1.0843031971339,0,1
2640,0.9414112573710498,1.031741132144,1.0843031971339,0,1
2641,0.9448550062457558,1.029512783046,1.0843031971339,0,1
2642,0.9448550062457558,1.023544838668,1.0843031971339,0,1
2643,0.9310807093773367,1.016994371061,1.0843031971339,0,1
2644,0.9345236598172941,1.00073789216,1.0843031971339,0,1
2645,0.9414112573710498,0.989562320307,1.0843031971339,0,1
2646,0.9414112573710498,0.980413536557,1.0843031971339,0,1
2647,0.9379668098659387,0.978348031877,1.0843031971339,0,1
2648,0.9414112573710498,0.981243052714,1.0843031971339,0,1
2649,0.9689715282160851,0.986427841612,1.0843031971339,0,1
2650,0.9482990545334925,1.001106475784,1.0843031971339,0,1
2651,0.9551890473914937,1.012215903173,1.0843031971339,0,1
2652,0.9586339939183225,1.028935900091,1.0843031971339,0,1
2653,0.9551890473914937,1.029126609728,1.0843031971339,0,1
2654,0.9551890473914937,1.032417296618,1.0843031971339,0,1
2655,0.9586339939183225,1.031395159932,1.0843031971339,0,1
2656,0.9862069399149906,1.025791259764,1.0843031971339,0,1
2657,0.9724185706341288,1.012477206478,1.0843031971339,0,1
2658,0.9586339939183225,0.993907948382,1.0843031971339,0,1
2659,0.9689715282160851,0.983178955743,1.0843031971339,0,1
2660,0.9655256834501642,0.977525981758,1.0843031971339,0,1
2661,0.9655256834501642,0.977556975475,1.0843031971339,0,1
2662,0.9862069399149906,0.985076169638,1.0843031971339,0,1
2663,0.9620801380972741,0.99557481805,1.0843031971339,0,1
2664,0.9551890473914937,1.015093882272,1.0843031971339,0,1
2665,0.975865014226111,1.025483549528,1.0843031971339,0,1
2666,0.9448550062457558,1.032504879374,1.0843031971339,0,1
2667,0.9448550062457558,1.031821498061,1.0843031971339,0,1
2668,0.9620801380972741,1.036515752181,1.0843031971339,0,1
2669,0.9379668098659387,1.035044853024,2.15785188590306,0,1
2670,0.9379668098659387,1.046221134179,2.15785188590306,0,1
2671,0.9345236598172941,1.039662313035,2.15785188590306,0,1
2672,0.9551890473914937,1.023399264635,2.3205039723083045,0,1
2673,0.9448550062457558,1.002189823893,2.3205039723083045,0,1
2674,0.9310807093773367,0.982118427552,2.3205039723083045,0,1
2675,0.9310807093773367,0.972001769489,2.3205039723083045,0,1
2676,0.9241950081061088,0.969455323872,2.3205039723083045,0,1
2677,0.9241950081061088,0.971642164993,2.3205039723083045,0,1
2678,0.9241950081061088,0.984124598754,2.3205039723083045,0,1
2679,0.9345236598172941,1.000587951845,2.3205039723083045,0,1
2680,0.9379668098659387,1.034418871065,2.3205039723083045,0,1
2681,0.9138689513078561,1.054939824775,2.3205039723083045,0,1
2682,0.9104276975417391,1.078531678889,2.3205039723083045,0,1
2683,0.9104276975417391,1.091628136789,2.3205039723083045,0,1
2684,0.9241950081061088,1.199713756784,2.3205039723083045,0,1
2685,0.9069860445582479,1.333490565322,2.3205039723083045,0,1
2686,0.9001052336998547,1.368427311045,2.3205039723083045,0,1
2687,0.9001052336998547,1.457480882647,2.3205039723083045,0,1
2688,0.9276372599156613,1.500360085746,2.3205039723083045,0,1
2689,0.9207529559052433,1.520065435142,2.3205039723083045,0,1
2690,0.9241950081061088,1.39565677796,2.3205039723083045,0,1
2691,0.9104276975417391,1.172461514736,2.3205039723083045,0,1
2692,0.903545489422536,0.978180432123,2.3205039723083045,0,1
2693,0.9276372599156613,1.007340045395,2.3205039723083045,0,1
2694,0.9241950081061088,1.124922882434,2.3205039723083045,0,1
2695,0.9001052336998547,1.308448339573,2.3205039723083045,0,1
2696,0.9104276975417391,1.485895481546,2.3205039723083045,0,1
2697,0.8932247721566641,1.624296328412,2.3205039723083045,0,1
2698,0.8897853647709031,1.711574130814,2.3205039723083045,0,1
2699,0.8897853647709031,1.747513445892,2.3205039723083045,0,1
2700,0.8829066498037247,1.781915355294,2.3205039723083045,0,1
2701,0.7113284616837152,1.617508762094,2.3205039723083045,0,1
2702,0.3703797824744371,1.702054648901,2.3205039723083045,0,1
2703,0.18073481247362666,2.333403782081,2.3205039723083045,1,1
2704,0.03910709694714477,2.397870976579,2.3205039723083045,1,1
2705,-0.11541321892561826,1.810073054708,2.3205039723083045,0,1
2706,-0.23924917591553524,1.271115513646,2.3205039723083045,0,1
2707,-0.3226937661408575,1.121965393608,2.3205039723083045,0,1
2708,-0.4259100958480994,1.059657898416,2.3205039723083045,0,1
2709,-0.518893860475923,1.03542981977,2.3205039723083045,0,1
2710,-0.5917910029178798,1.028140839479,2.15785188590306,0,1
2711,-0.6480228659735455,1.02474788659,2.15785188590306,0,1
2712,-0.7107696072619237,1.017302025786,2.15785188590306,0,1
2713,-0.7569361024647282,1.007648444927,2.15785188590306,0,1
2714,-0.7931693707655513,0.996024992422,2.15785188590306,0,1
2715,-0.8129176562267332,0.980180084702,2.15785188590306,0,1
2716,-0.8490958325299084,0.974979066364,2.15785188590306,0,1
2717,-0.881954017344398,0.973894834367,2.15785188590306,0,1
2718,-0.9082195264403663,0.976428806416,2.15785188590306,0,1
2719,-0.8983722310781943,0.985974910275,2.15785188590306,0,1
2720,-0.7107696072619237,1.001202154272,2.15785188590306,0,1
2721,-0.3926452083335829,1.040678139373,2.15785188590306,0,1
2722,-0.11876535988847467,1.07408272579,2.15785188590306,0,1
2723,0.10985613178924034,1.083789250636,2.15785188590306,0,1
2724,0.2889902385363733,1.070224342356,2.15785188590306,0,1
2725,0.4281340110846696,1.04864025376,2.15785188590306,0,1
2726,0.5882477990148113,1.041268216226,2.15785188590306,0,1
2727,0.6702591739154561,1.029031818854,2.15785188590306,0,1
2728,0.7181772852499959,1.014713003881,1.0843031971339,0,1
2729,0.7627242054676012,0.997277643975,1.0843031971339,0,1
2730,0.8141866684551604,0.982503505133,1.0843031971339,0,1
2731,0.8210536564119699,0.976973673351,1.0843031971339,0,1
2732,0.8416607083473558,0.977153401859,1.0843031971339,0,1
2733,0.8554043153801287,0.979390923208,1.0843031971339,0,1
2734,0.8897853647709031,0.988545029499,1.0843031971339,0,1
2735,0.8932247721566641,1.005394974524,1.0843031971339,0,1
2736,0.8794681406570558,1.020726808318,1.0843031971339,0,1
2737,0.8794681406570558,1.026085396078,1.0843031971339,0,1
2738,0.9104276975417391,1.033218511051,1.0843031971339,0,1
2739,0.8897853647709031,1.029988771609,1.0843031971339,0,1
2740,0.9138689513078561,1.029280190953,1.0843031971339,0,1
2741,0.903545489422536,1.018840225661,1.0843031971339,0,1
2742,0.9207529559052433,1.007065187459,1.0843031971339,0,1
2743,0.9241950081061088,0.993189946735,1.0843031971339,0,1
2744,0.9276372599156613,0.982548420704,1.0843031971339,0,1
2745,0.9241950081061088,0.979015742409,1.0843031971339,0,1
2746,0.9104276975417391,0.979235196828,1.0843031971339,0,1
2747,0.9069860445582479,0.984106234614,1.0843031971339,0,1
2748,0.9138689513078561,0.994344652957,1.0843031971339,0,1
2749,0.9173103048783166,1.008779770221,1.0843031971339,0,1
2750,0.9138689513078561,1.023320870718,1.0843031971339,0,1
2751,0.9207529559052433,1.028455226188,1.0843031971339,0,1
2752,0.9276372599156613,1.033117117553,1.0843031971339,0,1
2753,0.9448550062457558,1.030664146288,1.0843031971339,0,1
2754,0.9379668098659387,1.031403849339,1.0843031971339,0,1
2755,0.9345236598172941,1.016399560639,1.0843031971339,0,1
2756,0.9620801380972741,0.999232871243,1.0843031971339,0,1
2757,0.9724185706341288,0.986212921986,1.0843031971339,0,1
2758,0.975865014226111,0.978112928204,1.0843031971339,0,1
2759,0.9551890473914937,0.977424750535,1.0843031971339,0,1
2760,0.9586339939183225,0.980551214029,1.0843031971339,0,1
2761,0.9620801380972741,0.990683251584,1.0843031971339,0,1
2762,0.9793117572311241,1.004486079924,1.0843031971339,0,1
2763,0.9655256834501642,1.024111243527,1.0843031971339,0,1
2764,0.9586339939183225,1.034439883217,1.0843031971339,0,1
2765,0.9551890473914937,1.029517795556,1.0843031971339,0,1
2766,0.9551890473914937,1.037869050367,1.0843031971339,0,1
2767,0.9551890473914937,1.033783165187,1.0843031971339,0,1
2768,0.9586339939183225,1.044245033219,1.0843031971339,0,1
2769,0.9689715282160851,1.039133533698,1.0843031971339,0,1
2770,0.9724185706341288,1.034609371058,2.15785188590306,0,1
2771,0.9724185706341288,1.010576731713,2.15785188590306,0,1
2772,0.9655256834501642,0.987811939858,2.15785188590306,0,1
2773,0.9482990545334925,0.975710997163,2.15785188590306,0,1
2774,0.9482990545334925,0.969628843189,2.15785188590306,0,1
2775,0.951744300473352,0.970879630134,2.15785188590306,0,1
2776,0.9414112573710498,0.980686459315,2.15785188590306,0,1
2777,0.9448550062457558,0.994106946808,2.15785188590306,0,1
2778,0.9310807093773367,1.025407706171,2.15785188590306,0,1
2779,0.9345236598172941,1.044348714982,2.15785188590306,0,1
2780,0.9379668098659387,1.075601711299,2.15785188590306,0,1
2781,0.9345236598172941,1.079418908007,2.15785188590306,0,1
2782,0.9379668098659387,1.156529744137,2.15785188590306,0,1
2783,0.9173103048783166,1.262297517732,2.15785188590306,0,1
2784,0.9138689513078561,1.34894728801,2.15785188590306,0,1
2785,0.9104276975417391,1.409607091565,2.15785188590306,0,1
2786,0.9138689513078561,1.440945282697,2.15785188590306,0,1
2787,0.9138689513078561,1.500960169088,2.15785188590306,0,1
2788,0.9207529559052433,1.46659209327,2.15785188590306,0,1
2789,0.9276372599156613,1.255797690626,2.15785188590306,0,1
2790,0.9104276975417391,1.036062648769,2.15785188590306,0,1
2791,0.9069860445582479,0.953218575257,2.15785188590306,0,1
2792,0.8966643791511121,0.983241572915,2.15785188590306,0,1
2793,0.9207529559052433,1.012909304705,2.15785188590306,0,1
2794,0.8897853647709031,1.077418564244,2.15785188590306,0,1
2795,0.8897853647709031,1.169213488566,2.15785188590306,0,1
2796,0.9069860445582479,1.266096826777,2.15785188590306,0,1
2797,0.8794681406570558,1.310153042339,2.15785188590306,0,1
2798,0.8725911722658899,1.289629186254,2.15785188590306,0,1
2799,0.7318789744584716,1.164625240821,2.15785188590306,0,1
2800,0.3907536665121695,1.438755481853,2.15785188590306,0,1
2801,0.2010097654558004,2.226838269784,2.15785188590306,1,1
2802,0.032375995722984614,2.305616207341,2.15785188590306,1,1
2803,-0.10535479995017771,1.79169876642,2.15785188590306,0,1
2804,-0.23256540378242496,1.263425191745,2.15785188590306,0,1
2805,-0.3426931343793627,1.120091852423,2.15785188590306,0,1
2806,-0.4392072780521067,1.059331151508,2.15785188590306,0,1
2807,-0.5056247731946293,1.034699514476,2.15785188590306,0,1
2808,-0.6017204871569775,1.02727409844,2.15785188590306,0,1
2809,-0.6678490986270516,1.022967597236,2.15785188590306,0,1
2810,-0.7008692658911471,1.01836128465,2.15785188590306,0,1
2811,-0.7734102066309207,1.006508507355,2.15785188590306,0,1
2812,-0.8096270072150556,0.995731552366,2.15785188590306,0,1
2813,-0.826077557556167,0.980180084702,2.15785188590306,0,1
2814,-0.8655285178935216,0.974979066364,2.15785188590306,0,1
2815,-0.8885222409987461,0.973894834367,2.15785188590306,0,1
2816,-0.9246257636529348,0.975756477555,2.15785188590306,0,1
2817,-0.9180642268896057,0.984248863623,2.15785188590306,0,1
2818,-0.7734102066309207,0.999392120361,2.15785188590306,0,1
2819,-0.45914479254868756,1.034552834908,2.15785188590306,0,1
2820,-0.17236060427138641,1.068746684486,2.15785188590306,0,1
2821,0.06267581236868239,1.087759304443,2.15785188590306,0,1
2822,0.2517435319799065,1.080677122852,2.15785188590306,0,1
2823,0.4043422773993862,1.049927283231,2.15785188590306,0,1
2824,0.5677714408673237,1.044626175038,2.15785188590306,0,1
2825,0.646321501328795,1.030225099195,2.15785188590306,0,1
2826,0.7113284616837152,1.016673621577,1.0843031971339,0,1
2827,0.7661535326146621,0.998279846732,1.0843031971339,0,1
2828,0.7970257107965544,0.984095710628,1.0843031971339,0,1
2829,0.8210536564119699,0.977428693933,1.0843031971339,0,1
2830,0.845095923950687,0.977023229478,1.0843031971339,0,1
2831,0.8622783894453313,0.979128254314,1.0843031971339,0,1
2832,0.8691535613583131,0.985475738863,1.0843031971339,0,1
2833,0.8829066498037247,1.003481273727,1.0843031971339,0,1
2834,0.8863454084612525,1.017614869472,1.0843031971339,0,1
2835,0.8966643791511121,1.031776328555,1.0843031971339,0,1
2836,0.9173103048783166,1.032417839859,1.0843031971339,0,1
2837,0.9138689513078561,1.031851660397,1.0843031971339,0,1
2838,0.9345236598172941,1.029603317283,1.0843031971339,0,1
2839,0.9207529559052433,1.021028893907,1.0843031971339,0,1
2840,0.9448550062457558,1.01072118902,1.0843031971339,0,1
2841,0.9482990545334925,0.994360116519,1.0843031971339,0,1
2842,0.9310807093773367,0.984291589431,1.0843031971339,0,1
2843,0.9345236598172941,0.979015742409,1.0843031971339,0,1
2844,0.9379668098659387,0.978918535008,1.0843031971339,0,1
2845,0.9345236598172941,0.983358255183,1.0843031971339,0,1
2846,0.9379668098659387,0.991320783468,1.0843031971339,0,1
2847,0.9655256834501642,1.007609547505,1.0843031971339,0,1
2848,0.9482990545334925,1.022560113382,1.0843031971339,0,1
2849,0.9448550062457558,1.026000950944,1.0843031971339,0,1
2850,0.9724185706341288,1.03295436871,1.0843031971339,0,1
2851,0.9689715282160851,1.030392672719,1.0843031971339,0,1
2852,0.9482990545334925,1.034157424833,1.0843031971339,0,1
2853,0.9586339939183225,1.017594135969,1.0843031971339,0,1
2854,0.9655256834501642,1.003124872839,1.0843031971339,0,1
2855,0.9724185706341288,0.987600020576,1.0843031971339,0,1
2856,0.9827595980839162,0.978561315292,1.0843031971339,0,1
2857,0.9655256834501642,0.977070005378,1.0843031971339,0,1
2858,0.9655256834501642,0.979123336044,1.0843031971339,0,1
2859,0.9620801380972741,0.988705658623,1.0843031971339,0,1
2860,0.9620801380972741,1.001090775679,1.0843031971339,0,1
2861,0.9551890473914937,1.022271956617,1.0843031971339,0,1
2862,0.9482990545334925,1.033831074627,1.0843031971339,0,1
2863,0.9414112573710498,1.030640472015,1.0843031971339,0,1
2864,0.9379668098659387,1.037005469158,1.0843031971339,0,1
2865,0.9345236598172941,1.036508554073,1.0843031971339,0,1
2866,0.9276372599156613,1.044395255669,1.0843031971339,0,1
2867,0.9310807093773367,1.038764317632,2.15785188590306,0,1
2868,0.9241950081061088,1.036383377419,2.15785188590306,0,1
2869,0.9276372599156613,1.012741540304,2.15785188590306,0,1
2870,0.9173103048783166,0.990963408941,2.15785188590306,0,1
2871,0.9241950081061088,0.978474656073,2.15785188590306,0,1
2872,0.9173103048783166,0.970825121472,2.15785188590306,0,1
2873,0.9138689513078561,0.970327322013,2.15785188590306,0,1
2874,0.9173103048783166,0.976425921351,2.15785188590306,0,1
2875,0.9414112573710498,0.989167789879,2.15785188590306,0,1
2876,0.9104276975417391,1.014606514973,2.15785188590306,0,1
2877,0.9138689513078561,1.042332093692,2.15785188590306,0,1
2878,0.9173103048783166,1.072480453814,2.15785188590306,0,1
2879,0.903545489422536,1.077518783725,2.15785188590306,0,1
2880,0.8966643791511121,1.131990535578,2.15785188590306,0,1
2881,0.9001052336998547,1.207445591891,2.15785188590306,0,1
2882,0.8966643791511121,1.362494973882,2.15785188590306,0,1
2883,0.9104276975417391,1.399539022374,2.15785188590306,0,1
2884,0.903545489422536,1.436623517685,2.15785188590306,0,1
2885,0.9001052336998547,1.520938441325,2.15785188590306,0,1
2886,0.903545489422536,1.512925116125,2.15785188590306,0,1
2887,0.9001052336998547,1.373848219483,2.15785188590306,0,1
2888,0.9138689513078561,1.183181465468,2.15785188590306,0,1
2889,0.9241950081061088,1.006336296477,2.15785188590306,0,1
2890,0.9001052336998547,0.990292081615,2.15785188590306,0,1
2891,0.8966643791511121,1.034522531601,2.15785188590306,0,1
2892,0.8932247721566641,1.103627499437,2.15785188590306,0,1
2893,0.8932247721566641,1.196241793686,2.15785188590306,0,1
2894,0.8932247721566641,1.289277007693,2.15785188590306,0,1
2895,0.8863454084612525,1.3618858213,2.15785188590306,0,1
2896,0.8760290825864974,1.414269406297,2.15785188590306,0,1
2897,0.8313558599721106,1.435596673742,2.15785188590306,0,1
2898,0.5984899702622978,1.445135993502,2.15785188590306,0,1
2899,0.27544249752784633,2.037335581144,2.15785188590306,0,1
2900,0.10648424827967248,2.499297981998,2.15785188590306,1,1
2901,-0.04158957404903432,2.227867505182,2.15785188590306,1,1
2902,-0.17236060427138641,1.369919879424,2.15785188590306,0,1
2903,-0.28600102359334767,1.218765983846,2.15785188590306,0,1
2904,-0.3826600831729478,1.073129100131,2.15785188590306,0,1
2905,-0.45250021857151246,1.041919555591,2.15785188590306,0,1
2906,-0.5520466677126162,1.029801243938,2.15785188590306,0,1
2907,-0.6149557906679746,1.024008961309,2.15785188590306,0,1
2908,-0.6414116765492928,1.020269929824,2.15785188590306,0,1
2909,-0.697568636445113,1.012120844203,2.15785188590306,0,1
2910,-0.7404546626792836,1.003706202391,2.15785188590306,0,1
2911,-0.7832911360568742,0.986536586095,2.15785188590306,0,1
2912,-0.8162082054340671,0.978179217045,2.15785188590306,0,1
2913,-0.8458084770615686,0.973055535888,2.15785188590306,0,1
2914,-0.8753846958422709,0.975155070125,2.15785188590306,0,1
2915,-0.8885222409987461,0.982276505945,2.15785188590306,0,1
2916,-0.881954017344398,0.993988169592,2.15785188590306,0,1
2917,-0.545418611354301,1.019447913361,2.15785188590306,0,1
2918,-0.2626320361563192,1.052014211546,2.15785188590306,0,1
2919,-0.011348433780416917,1.093448281555,2.15785188590306,0,1
2920,0.18749221526120188,1.077721392435,2.15785188590306,0,1
2921,0.3500165026482084,1.058975454389,1.0843031971339,0,1
2922,0.5268505621579456,1.045405666679,1.0843031971339,0,1
2923,0.6394850535011164,1.037112992207,1.0843031971339,0,1
2924,0.6805225036837783,1.02596324693,1.0843031971339,0,1
2925,0.7455853544710949,1.004224439469,1.0843031971339,0,1
2926,0.8004571837370019,0.990224047107,1.0843031971339,0,1
2927,0.8073217264873941,0.977923871304,1.0843031971339,0,1
2928,0.8416607083473558,0.976889889019,1.0843031971339,0,1
2929,0.8416607083473558,0.977777776111,1.0843031971339,0,1
2930,0.8760290825864974,0.981277533751,1.0843031971339,0,1
2931,0.8588416268746748,0.996701793804,1.0843031971339,0,1
2932,0.8725911722658899,1.009084031705,1.0843031971339,0,1
2933,0.9069860445582479,1.02655289014,1.0843031971339,0,1
2934,0.9104276975417391,1.027417081841,1.0843031971339,0,1
2935,0.8897853647709031,1.031101025052,1.0843031971339,0,1
2936,0.8932247721566641,1.028717980832,1.0843031971339,0,1
2937,0.9173103048783166,1.023323066371,1.0843031971339,0,1
2938,0.8966643791511121,1.01635117025,1.0843031971339,0,1
2939,0.9138689513078561,1.00013977323,1.0843031971339,0,1
2940,0.9173103048783166,0.989056401042,1.0843031971339,0,1
2941,0.9104276975417391,0.980413536557,1.0843031971339,0,1
2942,0.9069860445582479,0.978348031877,1.0843031971339,0,1
2943,0.9104276975417391,0.981243052714,1.0843031971339,0,1
2944,0.9241950081061088,0.986418109395,1.0843031971339,0,1
2945,0.9138689513078561,1.001302163816,1.0843031971339,0,1
2946,0.9207529559052433,1.012674690902,1.0843031971339,0,1
2947,0.9379668098659387,1.027226254556,1.0843031971339,0,1
2948,0.9173103048783166,1.029364633671,1.0843031971339,0,1
2949,0.9207529559052433,1.03183946756,1.0843031971339,0,1
2950,0.9482990545334925,1.03023665407,1.0843031971339,0,1
2951,0.9241950081061088,1.024392921717,1.0843031971339,0,1
2952,0.9345236598172941,1.011331761677,1.0843031971339,0,1
2953,0.9379668098659387,0.992406584092,1.0843031971339,0,1
2954,0.9379668098659387,0.982200797229,1.0843031971339,0,1
2955,0.951744300473352,0.977525981758,1.0843031971339,0,1
2956,0.9620801380972741,0.977556975475,1.0843031971339,0,1
2957,0.975865014226111,0.985607527416,1.0843031971339,0,1
2958,0.9586339939183225,0.995732474044,1.0843031971339,0,1
2959,0.9827595980839162,1.015536043812,1.0843031971339,0,1
2960,0.9586339939183225,1.025035797951,1.0843031971339,0,1
2961,0.9793117572311241,1.031563654949,1.0843031971339,0,1
2962,0.9620801380972741,1.030931687116,1.0843031971339,0,1
2963,0.951744300473352,1.035549914756,1.0843031971339,0,1
2964,0.9689715282160851,1.034951725623,1.0843031971339,0,1
2965,0.9724185706341288,1.042635392737,1.0843031971339,0,1
2966,0.951744300473352,1.04179307066,1.0843031971339,0,1
2967,0.975865014226111,1.025593660687,2.15785188590306,0,1
2968,0.9482990545334925,1.002406095922,2.15785188590306,0,1
2969,0.9482990545334925,0.980321119922,2.15785188590306,0,1
2970,0.9724185706341288,0.972001769489,2.15785188590306,0,1
2971,0.9689715282160851,0.969725214234,2.15785188590306,0,1
2972,0.951744300473352,0.974382141116,2.15785188590306,0,1
2973,0.9448550062457558,0.987087403456,2.15785188590306,0,1
2974,0.9586339939183225,1.006268093125,2.15785188590306,0,1
2975,0.9414112573710498,1.03696332877,2.15785188590306,0,1
2976,0.9620801380972741,1.060745572206,2.15785188590306,0,1
2977,0.9551890473914937,1.076670442114,2.15785188590306,0,1
2978,0.9345236598172941,1.104954179289,2.15785188590306,0,1
2979,0.9276372599156613,1.189517496936,2.15785188590306,0,1
2980,0.9276372599156613,1.319625049871,2.15785188590306,0,1
2981,0.9241950081061088,1.383640738569,2.15785188590306,0,1
2982,0.9345236598172941,1.4435247944,2.15785188590306,0,1
2983,0.9207529559052433,1.513741343838,2.15785188590306,0,1
2984,0.9448550062457558,1.497444663344,2.15785188590306,0,1
2985,0.9173103048783166,1.369748856421,2.15785188590306,0,1
2986,0.9173103048783166,1.170210399715,2.15785188590306,0,1
2987,0.9138689513078561,0.988196374481,2.15785188590306,0,1
2988,0.9104276975417391,0.963316495167,2.15785188590306,0,1
2989,0.9138689513078561,0.993087448219,2.15785188590306,0,1
2990,0.903545489422536,1.047857689469,2.15785188590306,0,1
2991,0.9138689513078561,1.152121799193,2.15785188590306,0,1
2992,0.8966643791511121,1.22644210783,2.15785188590306,0,1
2993,0.8932247721566641,1.304356253835,2.15785188590306,0,1
2994,0.8863454084612525,1.315951159144,2.15785188590306,0,1
2995,0.8966643791511121,1.364882663138,2.15785188590306,0,1
2996,0.7079042245581761,1.221265524772,2.15785188590306,0,1
2997,0.3669858609182558,1.486334816774,2.15785188590306,0,1
2998,0.1773569469412164,2.276900320043,2.15785188590306,1,1
2999,0.032375995722984614,2.234068456056,2.15785188590306,1,1
3000,-0.12211703925624212,1.620891891536,2.15785188590306,0,1
3001,-0.23924917591553524,1.27224456635,2.15785188590306,0,1
3002,-0.3593510781464018,1.12423356884,2.15785188590306,0,1
3003,-0.4259100958480994,1.06208156496,2.15785188590306,0,1
3004,-0.528842756659844,1.032535245957,2.15785188590306,0,1
3005,-0.6050298494830735,1.027997693938,2.15785188590306,0,1
3006,-0.6711524227903618,1.023157072562,2.15785188590306,0,1
3007,-0.7206672539154243,1.020144084785,2.15785188590306,0,1
3008,-0.7668213733796266,1.00599110818,2.15785188590306,0,1
3009,-0.7898767256670024,0.994440706895,2.15785188590306,0,1
3010,-0.835944314765334,0.980180084702,2.15785188590306,0,1
3011,-0.872099635873833,0.974979066364,2.15785188590306,0,1
3012,-0.8950890673922842,0.973894834367,2.15785188590306,0,1
3013,-0.9344659729067137,0.976428806416,2.15785188590306,0,1
3014,-0.9377455436362555,0.986031853748,2.15785188590306,0,1
3015,-0.7536406628445596,1.000444299944,2.15785188590306,0,1
3016,-0.42258466502268954,1.037525722593,2.15785188590306,0,1
3017,-0.11876535988847467,1.071511317048,2.15785188590306,0,1
3018,0.0862587545875066,1.08610956525,2.15785188590306,0,1
3019,0.27882848463871424,1.07370292587,2.15785188590306,0,1
3020,0.41793602821029646,1.048050346098,2.15785188590306,0,1
3021,0.5780083224846011,1.042312080503,2.15785188590306,0,1
3022,0.6531595959281424,1.029695995106,2.15785188590306,0,1
3023,0.7181772852499959,1.013776021662,2.15785188590306,0,1
3024,0.7592960260704914,0.997344588902,1.0843031971339,0,1
3025,0.793593738834389,0.982503505133,1.0843031971339,0,1
3026,0.8279217422165586,0.976973673351,1.0843031971339,0,1
3027,0.8485323372061411,0.977153401859,1.0843031971339,0,1
3028,0.865715351624675,0.979390923208,1.0843031971339,0,1
3029,0.8725911722658899,0.988204163866,1.0843031971339,0,1
3030,0.8794681406570558,1.005987971392,1.0843031971339,0,1
3031,0.8966643791511121,1.020807046399,1.0843031971339,0,1
3032,0.9001052336998547,1.031362146476,1.0843031971339,0,1
3033,0.9069860445582479,1.033088175367,1.0843031971339,0,1
3034,0.9173103048783166,1.03106810627,1.0843031971339,0,1
3035,0.9276372599156613,1.029881835586,1.0843031971339,0,1
3036,0.9379668098659387,1.021304654841,1.0843031971339,0,1
3037,0.9310807093773367,1.008942708542,1.0843031971339,0,1
3038,0.9379668098659387,0.993749720832,1.0843031971339,0,1
3039,0.9414112573710498,0.983425630578,1.0843031971339,0,1
3040,0.9655256834501642,0.979015742409,1.0843031971339,0,1
3041,0.9414112573710498,0.979235196828,1.0843031971339,0,1
3042,0.9448550062457558,0.984106234614,1.0843031971339,0,1
3043,0.9689715282160851,0.993612061282,1.0843031971339,0,1
3044,0.9482990545334925,1.008577264357,1.0843031971339,0,1
3045,0.9448550062457558,1.023067913784,1.0843031971339,0,1
3046,0.9482990545334925,1.028295744622,1.0843031971339,0,1
3047,0.9482990545334925,1.033353568436,1.0843031971339,0,1
3048,0.9448550062457558,1.029415468892,1.0843031971339,0,1
3049,0.9482990545334925,1.033337390909,1.0843031971339,0,1
3050,0.9448550062457558,1.017537408956,1.0843031971339,0,1
3051,0.951744300473352,1.00191983012,1.0843031971339,0,1
3052,0.9551890473914937,0.98677632461,1.0843031971339,0,1
3053,0.9620801380972741,0.978561315292,1.0843031971339,0,1
3054,0.9689715282160851,0.977424750535,1.0843031971339,0,1
3055,0.9620801380972741,0.979936766731,1.0843031971339,0,1
3056,0.9586339939183225,0.989656458039,1.0843031971339,0,1
3057,0.9586339939183225,1.002209380135,1.0843031971339,0,1
3058,0.975865014226111,1.02271624047,1.0843031971339,0,1
3059,0.9724185706341288,1.033528839086,1.0843031971339,0,1
3060,0.951744300473352,1.029683878902,1.0843031971339,0,1
3061,0.9655256834501642,1.038487709068,1.0843031971339,0,1
3062,0.9620801380972741,1.034736492936,1.0843031971339,0,1
3063,0.9345236598172941,1.046268429168,2.15785188590306,0,1
3064,0.9379668098659387,1.03720541669,2.15785188590306,0,1
3065,0.9482990545334925,1.034977388527,2.15785188590306,0,1
3066,0.9448550062457558,1.012125430212,2.15785188590306,0,1
3067,0.9241950081061088,0.989928755792,2.15785188590306,0,1
3068,0.9207529559052433,0.977485196608,2.15785188590306,0,1
3069,0.9173103048783166,0.970011643706,2.15785188590306,0,1
3070,0.9207529559052433,0.970327322013,2.15785188590306,0,1
3071,0.9345236598172941,0.977977313497,2.3205039723083045,0,1
3072,0.9241950081061088,0.99177607168,2.3205039723083045,0,1
3073,0.9482990545334925,1.020708241659,2.3205039723083045,0,1
3074,0.9379668098659387,1.044772657303,2.3205039723083045,0,1
3075,0.9138689513078561,1.077067036228,2.3205039723083045,0,1
3076,0.9207529559052433,1.077955623792,2.3205039723083045,0,1
3077,0.9345236598172941,1.149895198043,2.3205039723083045,0,1
3078,0.9207529559052433,1.230365281556,2.3205039723083045,0,1
3079,0.9345236598172941,1.336327725462,2.3205039723083045,0,1
3080,0.9104276975417391,1.427808830863,2.3205039723083045,0,1
3081,0.9069860445582479,1.440293465236,2.3205039723083045,0,1
3082,0.9104276975417391,1.515652190365,2.3205039723083045,0,1
3083,0.9104276975417391,1.498703773787,2.3205039723083045,0,1
3084,0.9069860445582479,1.340523591097,2.3205039723083045,0,1
3085,0.9138689513078561,1.132428522123,2.3205039723083045,0,1
3086,0.9345236598172941,0.969803834607,2.3205039723083045,0,1
3087,0.9104276975417391,0.989130178734,2.3205039723083045,0,1
3088,0.9001052336998547,1.043449311835,2.3205039723083045,0,1
3089,0.903545489422536,1.158317869863,2.3205039723083045,0,1
3090,0.9001052336998547,1.294407106626,2.3205039723083045,0,1
3091,0.8863454084612525,1.395089931802,2.3205039723083045,0,1
3092,0.8829066498037247,1.462257721537,2.3205039723083045,0,1
3093,0.8691535613583131,1.51958438464,2.3205039723083045,0,1
3094,0.8141866684551604,1.514564020549,2.3205039723083045,0,1
3095,0.5814212817193174,1.447476128219,2.3205039723083045,0,1
3096,0.26866936308061673,2.028338908025,2.3205039723083045,0,1
3097,0.09637017590715158,2.558347654616,2.3205039723083045,1,1
3098,-0.04830692410598268,2.222181117642,2.3205039723083045,0,1
3099,-0.17905498061600045,1.368376634136,2.3205039723083045,0,1
3100,-0.28600102359334767,1.218629790906,2.3205039723083045,0,1
3101,-0.3859890570525542,1.073055086224,2.3205039723083045,0,1
3102,-0.4691097572319226,1.042259042723,2.3205039723083045,0,1
3103,-0.5321585563661,1.029710196293,2.3205039723083045,0,1
3104,-0.5818589237658495,1.023731667527,2.3205039723083045,0,1
3105,-0.6645457245615696,1.019928988199,2.15785188590306,0,1
3106,-0.7041699452393528,1.011336942241,2.15785188590306,0,1
3107,-0.7602314422805533,1.003139529889,2.15785188590306,0,1
3108,-0.799753263701839,0.986292159845,2.15785188590306,0,1
3109,-0.8129176562267332,0.978179217045,2.15785188590306,0,1
3110,-0.8326555620361843,0.973055535888,2.15785188590306,0,1
3111,-0.8688142764923644,0.975155070125,2.15785188590306,0,1
3112,-0.8885222409987461,0.982276505945,2.15785188590306,0,1
3113,-0.8458084770615686,0.993976083896,2.15785188590306,0,1
3114,-0.5056247731946293,1.020822384392,2.15785188590306,0,1
3115,-0.23590765163972555,1.056507474085,2.15785188590306,0,1
3116,0.012189366465980046,1.089013676857,2.15785188590306,0,1
3117,0.2280593873769861,1.077856415621,2.15785188590306,0,1
3118,0.3635909912208107,1.058427925877,2.15785188590306,0,1
3119,0.5404862806953248,1.045354173689,2.15785188590306,0,1
3120,0.6258151519760661,1.035089182154,2.15785188590306,0,1
3121,0.6839443455050718,1.025574536801,2.15785188590306,0,1
3122,0.7524401163958176,1.00195824535,1.0843031971339,0,1
3123,0.7730113884740355,0.987909254771,1.0843031971339,0,1
3124,0.8210536564119699,0.977923871304,1.0843031971339,0,1
3125,0.8279217422165586,0.976856698191,1.0843031971339,0,1
3126,0.845095923950687,0.978647306273,1.0843031971339,0,1
3127,0.8588416268746748,0.982153769391,1.0843031971339,0,1
3128,0.865715351624675,0.998632843849,1.0843031971339,0,1
3129,0.8794681406570558,1.011444929538,1.0843031971339,0,1
3130,0.9001052336998547,1.02782251865,1.0843031971339,0,1
3131,0.8932247721566641,1.029195321719,1.0843031971339,0,1
3132,0.9001052336998547,1.032043615152,1.0843031971339,0,1
3133,0.8897853647709031,1.029717589911,1.0843031971339,0,1
3134,0.9173103048783166,1.024158195811,1.0843031971339,0,1
3135,0.8966643791511121,1.01551622079,1.0843031971339,0,1
3136,0.903545489422536,0.998357320387,1.0843031971339,0,1
3137,0.903545489422536,0.987833750136,1.0843031971339,0,1
3138,0.9001052336998547,0.979302253198,1.0843031971339,0,1
3139,0.9138689513078561,0.978690176641,1.0843031971339,0,1
3140,0.9414112573710498,0.981596013045,1.0843031971339,0,1
3141,0.9345236598172941,0.987525754078,1.0843031971339,0,1
3142,0.9379668098659387,1.00326334997,1.0843031971339,0,1
3143,0.9276372599156613,1.013932293802,1.0843031971339,0,1
3144,0.9551890473914937,1.028899864819,1.0843031971339,0,1
3145,0.9276372599156613,1.030570620491,1.0843031971339,0,1
3146,0.9276372599156613,1.032200072745,1.0843031971339,0,1
3147,0.9345236598172941,1.033332798979,1.0843031971339,0,1
3148,0.9345236598172941,1.022643179439,1.0843031971339,0,1
3149,0.9586339939183225,1.01022001801,1.0843031971339,0,1
3150,0.9655256834501642,0.990775098171,1.0843031971339,0,1
3151,0.9414112573710498,0.982057222079,1.0843031971339,0,1
3152,0.9551890473914937,0.976982128179,1.0843031971339,0,1
3153,0.951744300473352,0.978089756421,1.0843031971339,0,1
3154,0.9586339939183225,0.986342277306,1.0843031971339,0,1
3155,0.9689715282160851,0.996428767551,1.0843031971339,0,1
3156,0.9620801380972741,1.016728723652,1.0843031971339,0,1
3157,0.9620801380972741,1.027406911085,1.0843031971339,0,1
3158,0.951744300473352,1.032618490417,1.0843031971339,0,1
3159,0.9586339939183225,1.032081151868,1.0843031971339,0,1
3160,0.9724185706341288,1.035689330019,1.0843031971339,0,1
3161,0.9620801380972741,1.040316998414,1.0843031971339,0,1
3162,0.9482990545334925,1.045458249094,1.0843031971339,0,1
3163,0.9620801380972741,1.040108150483,1.0843031971339,0,1
3164,0.9620801380972741,1.020292723263,2.15785188590306,0,1
3165,0.9620801380972741,0.998446965441,2.15785188590306,0,1
3166,0.9448550062457558,0.980321119922,2.15785188590306,0,1
3167,0.9482990545334925,0.971617359726,2.15785188590306,0,1
3168,0.9448550062457558,0.969905118377,2.15785188590306,0,1
3169,0.9482990545334925,0.975628031394,2.15785188590306,0,1
3170,0.9724185706341288,0.98767634579,2.15785188590306,0,1
3171,0.9414112573710498,1.011303902709,2.15785188590306,0,1
3172,0.9448550062457558,1.039785346919,2.15785188590306,0,1
3173,0.9379668098659387,1.065679264536,2.15785188590306,0,1
3174,0.9345236598172941,1.076475922566,2.3205039723083045,0,1
3175,0.9448550062457558,1.117740392243,2.3205039723083045,0,1
3176,0.9241950081061088,1.190062276063,2.3205039723083045,0,1
3177,0.9379668098659387,1.345262856344,2.3205039723083045,0,1
3178,0.9241950081061088,1.380885756537,2.3205039723083045,0,1
3179,0.9448550062457558,1.444263269395,2.3205039723083045,0,1
3180,0.9207529559052433,1.506210560465,2.3205039723083045,0,1
3181,0.9207529559052433,1.48166874463,2.3205039723083045,0,1
3182,0.9138689513078561,1.370040480099,2.3205039723083045,0,1
3183,0.9138689513078561,1.186799565327,2.3205039723083045,0,1
3184,0.9310807093773367,0.99820439632,2.3205039723083045,0,1
3185,0.9104276975417391,0.955574034308,2.3205039723083045,0,1
3186,0.9241950081061088,0.983302897876,2.3205039723083045,0,1
3187,0.9207529559052433,1.008434512925,2.3205039723083045,0,1
3188,0.9069860445582479,1.061123385347,2.3205039723083045,0,1
3189,0.8863454084612525,1.118508754742,2.3205039723083045,0,1
3190,0.8829066498037247,1.154758004663,2.3205039723083045,0,1
3191,0.8760290825864974,1.182188502627,2.3205039723083045,0,1
3192,0.8829066498037247,1.200854692009,2.3205039723083045,0,1
3193,0.7044807359652138,1.147751874344,2.3205039723083045,0,1
3194,0.3432312294976927,1.62638749292,2.3205039723083045,0,1
3195,0.1604704512274137,2.321051170997,2.3205039723083045,1,1
3196,0.002100026857348808,2.183876816695,2.3205039723083045,0,1
3197,-0.12546899308595433,1.567317034815,2.3205039723083045,0,1
3198,-0.23924917591553524,1.255740431081,2.3205039723083045,0,1
3199,-0.3626818984063642,1.097461022851,2.3205039723083045,0,1
3200,-0.44253101220367597,1.060094706596,2.3205039723083045,0,1
3201,-0.5321585563661,1.031710632198,2.3205039723083045,0,1
3202,-0.6017204871569775,1.027755634947,2.3205039723083045,0,1
3203,-0.6645457245615696,1.021906585238,2.3205039723083045,0,1
3204,-0.7239661866876176,1.018519657836,2.3205039723083045,0,1
3205,-0.7668213733796266,1.004937828767,2.3205039723083045,0,1
3206,-0.8129176562267332,0.992338284192,2.3205039723083045,0,1
3207,-0.829366709502691,0.980180084702,2.3205039723083045,0,1
3208,-0.8622426594903352,0.974310936178,2.3205039723083045,0,1
3209,-0.9082195264403663,0.974432137895,2.3205039723083045,0,1
3210,-0.9213450950756138,0.977175992491,2.15785188590306,0,1
3211,-0.9344659729067137,0.987941800421,2.15785188590306,0,1
3212,-0.7173683710454026,1.002607565095,2.15785188590306,0,1
3213,-0.389317032888725,1.042332164959,2.15785188590306,0,1
3214,-0.11541321892561826,1.07508287769,2.15785188590306,0,1
3215,0.10648424827967248,1.084558152943,2.15785188590306,0,1
3216,0.2856033781374992,1.070980635979,2.15785188590306,0,1
3217,0.4315332222710598,1.046271678807,2.15785188590306,0,1
3218,0.5882477990148113,1.041327972903,2.15785188590306,0,1
3219,0.6668384798441136,1.02993922593,2.15785188590306,0,1
3220,0.7181772852499959,1.012100633973,1.0843031971339,0,1
3221,0.7661535326146621,0.996246691594,1.0843031971339,0,1
3222,0.8004571837370019,0.981934345539,1.0843031971339,0,1
3223,0.8244871254392888,0.976973673351,1.0843031971339,0,1
3224,0.8622783894453313,0.977153401859,1.0843031971339,0,1
3225,0.8554043153801287,0.980529107894,1.0843031971339,0,1
3226,0.8691535613583131,0.990027464974,1.0843031971339,0,1
3227,0.8966643791511121,1.006582636182,1.0843031971339,0,1
3228,0.903545489422536,1.022334784398,1.0843031971339,0,1
3229,0.8966643791511121,1.026563765836,1.0843031971339,0,1
3230,0.903545489422536,1.033681338519,1.0843031971339,0,1
3231,0.9138689513078561,1.030155307274,1.0843031971339,0,1
3232,0.9104276975417391,1.029050353641,1.0843031971339,0,1
3233,0.9414112573710498,1.018877809081,1.0843031971339,0,1
3234,0.9241950081061088,1.006614700122,1.0843031971339,0,1
3235,0.951744300473352,0.99308892554,1.0843031971339,0,1
3236,0.9276372599156613,0.982261734582,1.0843031971339,0,1
3237,0.9310807093773367,0.978624761602,1.0843031971339,0,1
3238,0.9379668098659387,0.97963315916,1.0843031971339,0,1
3239,0.9448550062457558,0.984106234614,1.0843031971339,0,1
3240,0.9551890473914937,0.995928032339,1.0843031971339,0,1
3241,0.975865014226111,1.008688154143,1.0843031971339,0,1
3242,0.9482990545334925,1.023947401212,1.0843031971339,0,1
3243,0.9551890473914937,1.026996236168,1.0843031971339,0,1
3244,0.9551890473914937,1.032677675474,1.0843031971339,0,1
3245,0.9724185706341288,1.029744719381,1.0843031971339,0,1
3246,0.9724185706341288,1.02991184991,1.0843031971339,0,1
3247,0.9655256834501642,1.014927833906,1.0843031971339,0,1
3248,0.9827595980839162,0.998023500232,1.0843031971339,0,1
3249,0.9655256834501642,0.986212921986,1.0843031971339,0,1
3250,0.9827595980839162,0.978112928204,1.0843031971339,0,1
3251,0.9655256834501642,0.977424750535,1.0843031971339,0,1
3252,0.9655256834501642,0.980551214029,1.0843031971339,0,1
3253,0.9551890473914937,0.990895930033,1.0843031971339,0,1
3254,0.9620801380972741,1.004903614513,1.0843031971339,0,1
3255,0.9724185706341288,1.02265479392,1.0843031971339,0,1
3256,0.9551890473914937,1.033266600113,1.0843031971339,0,1
3257,0.9482990545334925,1.028908681229,1.0843031971339,0,1
3258,0.9448550062457558,1.037840308169,1.0843031971339,0,1
3259,0.9414112573710498,1.035099208114,1.0843031971339,0,1
3260,0.9379668098659387,1.04442784084,2.15785188590306,0,1
3261,0.9414112573710498,1.035194149019,2.15785188590306,0,1
3262,0.9379668098659387,1.02884083848,2.15785188590306,0,1
3263,0.9276372599156613,1.010031107382,2.15785188590306,0,1
3264,0.9482990545334925,0.986382558075,2.15785188590306,0,1
3265,0.9345236598172941,0.975710997163,2.15785188590306,0,1
3266,0.9241950081061088,0.969628843189,2.15785188590306,0,1
3267,0.9207529559052433,0.970327322013,2.15785188590306,0,1
3268,0.9241950081061088,0.979092943316,2.15785188590306,0,1
3269,0.9241950081061088,0.993004601007,2.15785188590306,0,1
3270,0.9345236598172941,1.023420212737,2.15785188590306,0,1
3271,0.9207529559052433,1.045428069313,2.15785188590306,0,1
3272,0.9104276975417391,1.073980640115,2.15785188590306,0,1
3273,0.9138689513078561,1.080685294624,2.15785188590306,0,1
3274,0.9173103048783166,1.154832185313,2.15785188590306,0,1
3275,0.9069860445582479,1.256016276922,2.15785188590306,0,1
3276,0.9138689513078561,1.365605100107,2.15785188590306,0,1
3277,0.9173103048783166,1.424123175608,2.15785188590306,0,1
3278,0.9276372599156613,1.483434736789,2.15785188590306,0,1
3279,0.9138689513078561,1.510073526906,2.15785188590306,0,1
3280,0.9104276975417391,1.490881436897,2.15785188590306,0,1
3281,0.9104276975417391,1.283601162983,2.15785188590306,0,1
3282,0.9138689513078561,1.085218626544,2.15785188590306,0,1
3283,0.903545489422536,0.966346183589,2.15785188590306,0,1
3284,0.9001052336998547,0.994936854609,2.15785188590306,0,1
3285,0.8966643791511121,1.048023241197,2.15785188590306,0,1
3286,0.8966643791511121,1.124865060379,2.15785188590306,0,1
3287,0.8966643791511121,1.22084020466,2.15785188590306,0,1
3288,0.8863454084612525,1.277956081949,2.15785188590306,0,1
3289,0.8932247721566641,1.346219992976,2.15785188590306,0,1
3290,0.793593738834389,1.338718956666,2.15785188590306,0,1
3291,0.5609484666260263,1.39715954051,2.15785188590306,0,1
3292,0.2517435319799065,2.101955484186,2.15785188590306,0,1
3293,0.10648424827967248,2.459147910508,2.15785188590306,1,1
3294,-0.06173734510864905,2.167810720261,2.15785188590306,1,1
3295,-0.1890939502199888,1.334357919099,2.15785188590306,0,1
3296,-0.29267481529210143,1.174056390562,2.15785188590306,0,1
3297,-0.37933100948899784,1.064760322365,2.15785188590306,0,1
3298,-0.46578856809111424,1.039522292515,2.15785188590306,0,1
3299,-0.545418611354301,1.029349115272,2.15785188590306,0,1
3300,-0.6116471269722836,1.023022745168,2.15785188590306,0,1
3301,-0.6678490986270516,1.019712302776,2.15785188590306,0,1
3302,-0.7140693883710375,1.010881398127,2.15785188590306,0,1
3303,-0.7602314422805533,1.003014363636,2.15785188590306,0,1
3304,-0.7832911360568742,0.986196536763,2.15785188590306,0,1
3305,-0.8096270072150556,0.978179217045,2.15785188590306,0,1
3306,-0.8490958325299084,0.973055535888,2.15785188590306,0,1
3307,-0.8753846958422709,0.975155070125,2.15785188590306,0,1
3308,-0.8983722310781943,0.982276505945,2.15785188590306,0,1
3309,-0.8162082054340671,0.994393042806,2.15785188590306,0,1
3310,-0.5023065781841278,1.023127399931,2.15785188590306,0,1
3311,-0.2225378867268607,1.056357231746,2.15785188590306,0,1
3312,0.0189169371114866,1.085252615375,2.15785188590306,0,1
3313,0.21791392653841404,1.079920724867,2.15785188590306,0,1
3314,0.3703797824744371,1.059104369198,2.15785188590306,0,1
3315,0.5438956469736728,1.045377149971,2.15785188590306,0,1
3316,0.6292323029932121,1.034219608605,2.15785188590306,0,1
3317,0.6942112183275906,1.026265305385,1.0843031971339,0,1
3318,0.7490123861182537,1.001437106926,1.0843031971339,0,1
3319,0.8004571837370019,0.987478570353,1.0843031971339,0,1
3320,0.8107540976669337,0.978054306255,1.0843031971339,0,1
3321,0.8347901773363497,0.976856698191,1.0843031971339,0,1
3322,0.8554043153801287,0.978647306273,1.0843031971339,0,1
3323,0.8829066498037247,0.982272074382,1.0843031971339,0,1
3324,0.8691535613583131,0.998948904996,1.0843031971339,0,1
3325,0.8725911722658899,1.012120883217,1.0843031971339,0,1
3326,0.9001052336998547,1.028662625434,1.0843031971339,0,1
3327,0.8863454084612525,1.030109942781,1.0843031971339,0,1
3328,0.8897853647709031,1.032250023864,1.0843031971339,0,1
3329,0.9069860445582479,1.029088512979,1.0843031971339,0,1
3330,0.8966643791511121,1.02480065675,1.0843031971339,0,1
3331,0.9001052336998547,1.014015935764,1.0843031971339,0,1
3332,0.9001052336998547,0.997364282246,1.0843031971339,0,1
3333,0.9276372599156613,0.987626163317,1.0843031971339,0,1
3334,0.9069860445582479,0.979302253198,1.0843031971339,0,1
3335,0.9069860445582479,0.978690176641,1.0843031971339,0,1
3336,0.9104276975417391,0.981596013045,1.0843031971339,0,1
3337,0.9138689513078561,0.987835064869,1.0843031971339,0,1
3338,0.9173103048783166,1.004109269434,1.0843031971339,0,1
3339,0.9241950081061088,1.015031110213,1.0843031971339,0,1
3340,0.9207529559052433,1.029625112003,1.0843031971339,0,1
3341,0.9207529559052433,1.031089418383,1.0843031971339,0,1
3342,0.9207529559052433,1.032238007594,1.0843031971339,0,1
3343,0.9276372599156613,1.03321569306,1.0843031971339,0,1
3344,0.9310807093773367,1.02225050095,1.0843031971339,0,1
3345,0.9551890473914937,1.009386654076,1.0843031971339,0,1
3346,0.9414112573710498,0.99038087605,1.0843031971339,0,1
3347,0.9586339939183225,0.982057222079,1.0843031971339,0,1
3348,0.9448550062457558,0.977119476978,1.0843031971339,0,1
3349,0.951744300473352,0.978089756421,1.0843031971339,0,1
3350,0.951744300473352,0.986342277306,1.0843031971339,0,1
3351,0.9586339939183225,0.997278289717,1.0843031971339,0,1
3352,0.9655256834501642,1.016705786621,1.0843031971339,0,1
3353,0.9586339939183225,1.026600062523,1.0843031971339,0,1
3354,0.9586339939183225,1.032302223938,1.0843031971339,0,1
3355,0.9586339939183225,1.032266860394,1.0843031971339,0,1
3356,0.9655256834501642,1.035183104225,1.0843031971339,0,1
3357,0.9862069399149906,1.04405750768,1.0843031971339,0,1
3358,0.9620801380972741,1.044867410721,1.0843031971339,0,1
3359,0.9862069399149906,1.040047773465,1.0843031971339,0,1
3360,0.9586339939183225,1.022673800297,2.15785188590306,0,1
3361,0.9620801380972741,0.997674882747,2.15785188590306,0,1
3362,0.9551890473914937,0.980321119922,2.15785188590306,0,1
3363,0.9551890473914937,0.970825121472,2.15785188590306,0,1
3364,0.951744300473352,0.969905118377,2.15785188590306,0,1
3365,0.951744300473352,0.976383405288,2.15785188590306,0,1
3366,0.9655256834501642,0.989232010999,2.15785188590306,0,1
3367,0.9586339939183225,1.013472440857,2.15785188590306,0,1
3368,0.9448550062457558,1.040696841866,2.15785188590306,0,1
3369,0.9414112573710498,1.066641298211,2.15785188590306,0,1
3370,0.9448550062457558,1.077289665966,2.15785188590306,0,1
3371,0.9620801380972741,1.118452936244,2.15785188590306,0,1
3372,0.9414112573710498,1.207801732573,2.15785188590306,0,1
3373,0.9551890473914937,1.343672482167,2.15785188590306,0,1
3374,0.9345236598172941,1.402095292542,2.15785188590306,0,1
3375,0.9310807093773367,1.469090050009,2.3205039723083045,0,1
3376,0.9345236598172941,1.496700070522,2.3205039723083045,0,1
3377,0.9310807093773367,1.477520873656,2.3205039723083045,0,1
3378,0.9276372599156613,1.342026641137,2.3205039723083045,0,1
3379,0.9345236598172941,1.147127236905,2.3205039723083045,0,1
3380,0.9345236598172941,0.980641331649,2.3205039723083045,0,1
3381,0.9138689513078561,0.975228689071,2.3205039723083045,0,1
3382,0.9138689513078561,1.031411140315,2.3205039723083045,0,1
3383,0.9173103048783166,1.123640626158,2.3205039723083045,0,1
3384,0.9241950081061088,1.256416129702,2.3205039723083045,0,1
3385,0.9207529559052433,1.365144748295,2.3205039723083045,0,1
3386,0.9173103048783166,1.434543092424,2.3205039723083045,0,1
3387,0.8863454084612525,1.410642425623,2.3205039723083045,0,1
3388,0.8691535613583131,1.382797461322,2.3205039723083045,0,1
3389,0.6805225036837783,1.188119751867,2.3205039723083045,0,1
3390,0.3398388299577508,1.540773084277,2.3205039723083045,0,1
3391,0.15034225030250692,2.307299702501,2.3205039723083045,0,1
3392,-0.011348433780416917,2.178847784588,2.3205039723083045,0,1
3393,-0.13552212243118594,1.571493142338,2.3205039723083045,0,1
3394,-0.2626320361563192,1.261332927416,2.3205039723083045,0,1
3395,-0.3593510781464018,1.084423682449,2.3205039723083045,0,1
3396,-0.45250021857151246,1.056605438498,2.3205039723083045,0,1
3397,-0.528842756659844,1.029872198725,2.3205039723083045,0,1
3398,-0.6050298494830735,1.029714753984,2.3205039723083045,0,1
3399,-0.6711524227903618,1.020064765747,2.3205039723083045,0,1
3400,-0.7206672539154243,1.017645852937,2.3205039723083045,0,1
3401,-0.7536406628445596,1.004380546916,2.3205039723083045,0,1
3402,-0.7964614170380386,0.991584137575,2.3205039723083045,0,1
3403,-0.8589564018697745,0.978958046192,2.3205039723083045,0,1
3404,-0.8753846958422709,0.973803148121,2.3205039723083045,0,1
3405,-0.9082195264403663,0.974432137895,2.3205039723083045,0,1
3406,-0.9344659729067137,0.977175992491,2.3205039723083045,0,1
3407,-0.94430358724756,0.988152666298,2.3205039723083045,0,1
3408,-0.7107696072619237,1.00295526164,2.3205039723083045,0,1
3409,-0.37600218531590673,1.043707942597,2.3205039723083045,0,1
3410,-0.10870782667658327,1.078275495001,2.3205039723083045,0,1
3411,0.11660097170506933,1.079406315426,2.3205039723083045,0,1
3412,0.29237822173411243,1.074127353977,2.15785188590306,0,1
3413,0.4519389189433035,1.046174089525,2.15785188590306,0,1
3414,0.5814212817193174,1.038779542141,2.15785188590306,0,1
3415,0.6634185343053477,1.02824090936,2.15785188590306,0,1
3416,0.7216024206146271,1.011305832555,2.15785188590306,0,1
3417,0.7661535326146621,0.995706576924,2.15785188590306,0,1
3418,0.8073217264873941,0.981845889115,2.15785188590306,0,1
3419,0.8347901773363497,0.976973673351,1.0843031971339,0,1
3420,0.8554043153801287,0.977788802815,1.0843031971339,0,1
3421,0.865715351624675,0.980529107894,1.0843031971339,0,1
3422,0.8691535613583131,0.991211294179,1.0843031971339,0,1
3423,0.8794681406570558,1.006086538106,1.0843031971339,0,1
3424,0.8863454084612525,1.024616077777,1.0843031971339,0,1
3425,0.8863454084612525,1.027518125153,1.0843031971339,0,1
3426,0.8897853647709031,1.032945518583,1.0843031971339,0,1
3427,0.903545489422536,1.029849711549,1.0843031971339,0,1
3428,0.9345236598172941,1.029378092919,1.0843031971339,0,1
3429,0.9138689513078561,1.019718895048,1.0843031971339,0,1
3430,0.9138689513078561,1.00572290683,1.0843031971339,0,1
3431,0.9448550062457558,0.99271237534,1.0843031971339,0,1
3432,0.9276372599156613,0.982248574152,1.0843031971339,0,1
3433,0.9276372599156613,0.978624761602,1.0843031971339,0,1
3434,0.9276372599156613,0.980095492349,1.0843031971339,0,1
3435,0.9241950081061088,0.985279325167,1.0843031971339,0,1
3436,0.9345236598172941,0.99702172209,1.0843031971339,0,1
3437,0.9379668098659387,1.009510858471,1.0843031971339,0,1
3438,0.9586339939183225,1.025695750414,1.0843031971339,0,1
3439,0.9482990545334925,1.028062502603,1.0843031971339,0,1
3440,0.9414112573710498,1.032685236635,1.0843031971339,0,1
3441,0.9551890473914937,1.031180871888,1.0843031971339,0,1
3442,0.9482990545334925,1.028309722978,1.0843031971339,0,1
3443,0.951744300473352,1.015829740449,1.0843031971339,0,1
3444,0.9724185706341288,0.997974372207,1.0843031971339,0,1
3445,0.9827595980839162,0.985612052911,1.0843031971339,0,1
3446,0.9724185706341288,0.978112928204,1.0843031971339,0,1
3447,0.9586339939183225,0.977424750535,1.0843031971339,0,1
3448,0.9689715282160851,0.98056105095,1.0843031971339,0,1
3449,0.9655256834501642,0.991605289478,1.0843031971339,0,1
3450,0.9689715282160851,1.007113180742,1.0843031971339,0,1
3451,0.9862069399149906,1.024530819634,1.0843031971339,0,1
3452,0.975865014226111,1.034290583294,1.0843031971339,0,1
3453,0.975865014226111,1.029238299283,1.0843031971339,0,1
3454,0.951744300473352,1.036870556067,1.0843031971339,0,1
3455,0.951744300473352,1.034594881655,1.0843031971339,0,1
3456,0.9448550062457558,1.043772346116,1.0843031971339,0,1
3457,0.9448550062457558,1.034622553196,1.0843031971339,0,1
3458,0.9414112573710498,1.028136596397,1.0843031971339,0,1
3459,0.9345236598172941,1.010947549065,2.15785188590306,0,1
3460,0.9551890473914937,0.985779324003,2.15785188590306,0,1
3461,0.9241950081061088,0.975710997163,2.15785188590306,0,1
3462,0.9482990545334925,0.969628843189,2.15785188590306,0,1
3463,0.9241950081061088,0.970879630134,2.15785188590306,0,1
3464,0.9173103048783166,0.979542052995,2.15785188590306,0,1
3465,0.9138689513078561,0.993386707678,2.15785188590306,0,1
3466,0.9173103048783166,1.024503216084,2.15785188590306,0,1
3467,0.9138689513078561,1.044962395399,2.15785188590306,0,1
3468,0.9138689513078561,1.07317486193,2.15785188590306,0,1
3469,0.9241950081061088,1.079086426853,2.15785188590306,0,1
3470,0.9069860445582479,1.156245014391,2.15785188590306,0,1
3471,0.9001052336998547,1.257542489286,2.15785188590306,0,1
3472,0.9138689513078561,1.340691681828,2.15785188590306,0,1
3473,0.9241950081061088,1.424985142975,2.15785188590306,0,1
3474,0.903545489422536,1.455546614115,2.15785188590306,0,1
3475,0.9001052336998547,1.508873635934,2.15785188590306,0,1
3476,0.9207529559052433,1.457379455915,2.15785188590306,0,1
3477,0.9001052336998547,1.259237423479,2.15785188590306,0,1
3478,0.9001052336998547,1.031358308875,2.15785188590306,0,1
3479,0.9241950081061088,0.958016982544,2.15785188590306,0,1
3480,0.9001052336998547,0.9839123033,2.15785188590306,0,1
3481,0.8932247721566641,1.028379916187,2.15785188590306,0,1
3482,0.8966643791511121,1.114349220769,2.15785188590306,0,1
3483,0.8897853647709031,1.192472879833,2.15785188590306,0,1
3484,0.8897853647709031,1.253923472363,2.15785188590306,0,1
3485,0.8932247721566641,1.314916841491,2.15785188590306,0,1
3486,0.8932247721566641,1.371460592028,2.15785188590306,0,1
3487,0.7764416138601884,1.284128028388,2.15785188590306,0,1
3488,0.5609484666260263,1.299439521728,2.15785188590306,0,1
3489,0.23820790472357986,2.038922358739,2.15785188590306,0,1
3490,0.06941221335943012,2.354498735088,2.15785188590306,1,1
3491,-0.05838036363512973,2.099549346914,2.15785188590306,0,1
3492,-0.19913029995995857,1.342558510312,2.15785188590306,0,1
3493,-0.29601174856810714,1.156129080077,2.15785188590306,0,1
3494,-0.37933100948899784,1.068129821648,2.15785188590306,0,1
3495,-0.47243074676404384,1.041670632694,2.15785188590306,0,1
3496,-0.545418611354301,1.028772372423,2.15785188590306,0,1
3497,-0.6116471269722836,1.023669936717,2.15785188590306,0,1
3498,-0.674455746953672,1.019074737847,2.15785188590306,0,1
3499,-0.7305622557538203,1.009958040755,2.15785188590306,0,1
3500,-0.7503443748874706,1.001759240574,2.15785188590306,0,1
3501,-0.8194982556196833,0.985662522417,2.15785188590306,0,1
3502,-0.8326555620361843,0.977486097759,2.15785188590306,0,1
3503,-0.8655285178935216,0.972635078301,2.15785188590306,0,1
3504,-0.881954017344398,0.975155070125,2.15785188590306,0,1
3505,-0.9147828596818797,0.982276505945,2.15785188590306,0,1
3506,-0.835944314765334,0.994493676968,2.15785188590306,0,1
3507,-0.4956696891414072,1.023308657748,2.15785188590306,0,1
3508,-0.20581981084282375,1.056218017531,2.15785188590306,0,1
3509,0.032375995722984614,1.08570230589,2.15785188590306,0,1
3510,0.2348254481913656,1.081298628661,2.15785188590306,0,1
3511,0.4077406901510279,1.056349632141,2.15785188590306,0,1
3512,0.5575372539673225,1.045509463824,2.15785188590306,0,1
3513,0.632649703521217,1.032560682861,1.0843031971339,0,1
3514,0.7044807359652138,1.024130210233,1.0843031971339,0,1
3515,0.7455853544710949,1.001118140425,1.0843031971339,0,1
3516,0.7901629146221747,0.987225024409,1.0843031971339,0,1
3517,0.8141866684551604,0.978054306255,1.0843031971339,0,1
3518,0.8416607083473558,0.976984471821,1.0843031971339,0,1
3519,0.8519682514398772,0.978647306273,1.0843031971339,0,1
3520,0.8691535613583131,0.982450325454,1.0843031971339,0,1
3521,0.8863454084612525,0.999465776688,1.0843031971339,0,1
3522,0.8897853647709031,1.010911513379,1.0843031971339,0,1
3523,0.8794681406570558,1.027338445679,1.0843031971339,0,1
3524,0.8829066498037247,1.029124302118,1.0843031971339,0,1
3525,0.8829066498037247,1.032611389997,1.0843031971339,0,1
3526,0.9104276975417391,1.030160823452,1.0843031971339,0,1
3527,0.9104276975417391,1.025263767311,1.0843031971339,0,1
3528,0.9138689513078561,1.014009384314,1.0843031971339,0,1
3529,0.9069860445582479,0.996772180823,1.0843031971339,0,1
3530,0.9069860445582479,0.986666881674,1.0843031971339,0,1
3531,0.9001052336998547,0.978802450296,1.0843031971339,0,1
3532,0.903545489422536,0.978690176641,1.0843031971339,0,1
3533,0.9104276975417391,0.982201781993,1.0843031971339,0,1
3534,0.9104276975417391,0.988802141874,1.0843031971339,0,1
3535,0.9379668098659387,1.004286837777,1.0843031971339,0,1
3536,0.9414112573710498,1.014064636457,1.0843031971339,0,1
3537,0.9173103048783166,1.030176827429,1.0843031971339,0,1
3538,0.9207529559052433,1.032032513884,1.0843031971339,0,1
3539,0.9379668098659387,1.032759780764,1.0843031971339,0,1
3540,0.9241950081061088,1.034334717896,1.0843031971339,0,1
3541,0.9276372599156613,1.020709836368,1.0843031971339,0,1
3542,0.9310807093773367,1.00793746086,1.0843031971339,0,1
3543,0.9379668098659387,0.989406494181,1.0843031971339,0,1
3544,0.9379668098659387,0.98102279457,1.0843031971339,0,1
3545,0.9689715282160851,0.977119476978,1.0843031971339,0,1
3546,0.9482990545334925,0.978089756421,1.0843031971339,0,1
3547,0.9655256834501642,0.986342277306,1.0843031971339,0,1
3548,0.9586339939183225,0.997887490024,1.0843031971339,0,1
3549,0.9620801380972741,1.01803446189,1.0843031971339,0,1
3550,0.9724185706341288,1.028019827437,1.0843031971339,0,1
3551,0.9620801380972741,1.032716718005,1.0843031971339,0,1
3552,0.9931033202509799,1.034234076182,1.0843031971339,0,1
3553,0.9655256834501642,1.03789781382,1.0843031971339,0,1
3554,0.9586339939183225,1.042880691595,1.0843031971339,0,1
3555,0.9551890473914937,1.042363068485,1.0843031971339,0,1
3556,0.9586339939183225,1.041466629745,1.0843031971339,0,1
3557,0.9551890473914937,1.01988070736,1.0843031971339,0,1
3558,0.9620801380972741,0.995320569919,2.15785188590306,0,1
3559,0.9482990545334925,0.978474656073,2.15785188590306,0,1
3560,0.9448550062457558,0.970825121472,2.15785188590306,0,1
3561,0.9655256834501642,0.969905118377,2.15785188590306,0,1
3562,0.9448550062457558,0.976383405288,2.15785188590306,0,1
3563,0.9414112573710498,0.988657652551,2.15785188590306,0,1
3564,0.9345236598172941,1.012861504142,2.15785188590306,0,1
3565,0.9379668098659387,1.040386523908,2.15785188590306,0,1
3566,0.9448550062457558,1.066740103846,2.15785188590306,0,1
3567,0.9345236598172941,1.077566568289,2.15785188590306,0,1
3568,0.951744300473352,1.118215466529,2.15785188590306,0,1
3569,0.9276372599156613,1.204313738308,2.15785188590306,0,1
3570,0.9241950081061088,1.335977004704,2.15785188590306,0,1
3571,0.9241950081061088,1.392915967365,2.15785188590306,0,1
3572,0.9207529559052433,1.458986526132,2.15785188590306,0,1
3573,0.9173103048783166,1.488383113111,2.15785188590306,0,1
3574,0.9241950081061088,1.469994524911,2.15785188590306,0,1
3575,0.9138689513078561,1.343173685517,2.15785188590306,0,1
3576,0.9173103048783166,1.15640322119,2.15785188590306,0,1
3577,0.903545489422536,0.976612715455,2.15785188590306,0,1
3578,0.9310807093773367,0.963288298888,2.15785188590306,0,1
3579,0.9001052336998547,0.989790259228,2.15785188590306,0,1
3580,0.9207529559052433,1.04669746588,2.15785188590306,0,1
3581,0.8932247721566641,1.13347443391,2.15785188590306,0,1
3582,0.8966643791511121,1.200511057301,2.15785188590306,0,1
3583,0.8863454084612525,1.245414301861,2.15785188590306,0,1
3584,0.8794681406570558,1.256661554292,2.15785188590306,0,1
3585,0.8554043153801287,1.207754043083,2.15785188590306,0,1
3586,0.6531595959281424,1.117284351067,2.15785188590306,0,1
3587,0.32288209693716435,1.685195216774,2.15785188590306,0,1
3588,0.143592120756469,2.317328857049,2.15785188590306,1,1
3589,-0.007986661698406491,2.189285036685,2.15785188590306,1,1
3590,-0.14557259448577015,1.516556949832,2.15785188590306,0,1
3591,-0.2626320361563192,1.243706266981,2.15785188590306,0,1
3592,-0.3560204824462125,1.075761806396,2.15785188590306,0,1
3593,-0.44917733275686345,1.053006580707,2.15785188590306,0,1
3594,-0.528842756659844,1.02961814184,2.15785188590306,0,1
3595,-0.6017204871569775,1.028978665426,2.15785188590306,0,1
3596,-0.6678490986270516,1.020866971196,2.15785188590306,0,1
3597,-0.7272642711228907,1.015109980622,2.15785188590306,0,1
3598,-0.7832911360568742,1.003777781995,2.15785188590306,0,1
3599,-0.829366709502691,0.989184661025,2.15785188590306,0,1
3600,-0.8490958325299084,0.978958046192,2.15785188590306,0,1
3601,-0.8852381790737439,0.972873342753,2.15785188590306,0,1
3602,-0.9180642268896057,0.974432137895,2.15785188590306,0,1
3603,-0.9508605330110851,0.977175992491,2.15785188590306,0,1
3604,-0.957416380926831,0.989042815645,2.15785188590306,0,1
3605,-0.6942678572925637,1.004204232812,2.15785188590306,0,1
3606,-0.3626818984063642,1.045165418227,2.15785188590306,0,1
3607,-0.09864763617404446,1.079299010192,2.15785188590306,0,1
3608,0.1233469905597067,1.079991997823,2.15785188590306,0,1
3609,0.29915466220022263,1.07427875328,2.15785188590306,0,1
3610,0.43493358120740094,1.046190999486,2.15785188590306,0,1
3611,0.5916616564886197,1.039036457871,2.15785188590306,0,1
3612,0.656578693129988,1.028552082178,2.15785188590306,0,1
3613,0.7181772852499959,1.011640198903,1.0843031971339,0,1
3614,0.7730113884740355,0.995708714833,1.0843031971339,0,1
3615,0.7970257107965544,0.981845889115,1.0843031971339,0,1
3616,0.8244871254392888,0.976973673351,1.0843031971339,0,1
3617,0.845095923950687,0.977788802815,1.0843031971339,0,1
3618,0.8622783894453313,0.980529107894,1.0843031971339,0,1
3619,0.8829066498037247,0.990988977692,1.0843031971339,0,1
3620,0.903545489422536,1.006011527813,1.0843031971339,0,1
3621,0.8897853647709031,1.024584433472,1.0843031971339,0,1
3622,0.8863454084612525,1.0276202254,1.0843031971339,0,1
3623,0.9173103048783166,1.032673165489,1.0843031971339,0,1
3624,0.8966643791511121,1.029634792826,1.0843031971339,0,1
3625,0.9001052336998547,1.030589848202,1.0843031971339,0,1
3626,0.903545489422536,1.01879065693,1.0843031971339,0,1
3627,0.9241950081061088,1.004715318229,1.0843031971339,0,1
3628,0.9104276975417391,0.992624234564,1.0843031971339,0,1
3629,0.9207529559052433,0.982248574152,1.0843031971339,0,1
3630,0.9276372599156613,0.978624761602,1.0843031971339,0,1
3631,0.9276372599156613,0.980095492349,1.0843031971339,0,1
3632,0.9345236598172941,0.985279325167,1.0843031971339,0,1
3633,0.9379668098659387,0.996972652316,1.0843031971339,0,1
3634,0.9414112573710498,1.009072134326,1.0843031971339,0,1
3635,0.9620801380972741,1.024619397314,1.0843031971339,0,1
3636,0.9482990545334925,1.027424445852,1.0843031971339,0,1
3637,0.9620801380972741,1.032307149712,1.0843031971339,0,1
3638,0.951744300473352,1.03112631128,1.0843031971339,0,1
3639,0.9724185706341288,1.027477696429,1.0843031971339,0,1
3640,0.9551890473914937,1.015082540174,1.0843031971339,0,1
3641,0.9793117572311241,0.996924081133,1.0843031971339,0,1
3642,0.9586339939183225,0.985231497783,1.0843031971339,0,1
3643,0.9862069399149906,0.978112928204,1.0843031971339,0,1
3644,0.9827595980839162,0.97727835534,1.0843031971339,0,1
3645,0.9655256834501642,0.981638504112,1.0843031971339,0,1
3646,0.9793117572311241,0.992230662695,1.0843031971339,0,1
3647,0.9689715282160851,1.008539144389,1.0843031971339,0,1
3648,0.9896545811590957,1.022613868561,1.0843031971339,0,1
3649,0.9586339939183225,1.033209981211,1.0843031971339,0,1
3650,0.9620801380972741,1.029375778889,1.0843031971339,0,1
3651,0.951744300473352,1.036214473594,1.0843031971339,0,1
3652,0.9551890473914937,1.033948441481,1.0843031971339,0,1
3653,0.9414112573710498,1.041868679981,1.0843031971339,0,1
3654,0.9379668098659387,1.032972336077,2.15785188590306,0,1
3655,0.951744300473352,1.028710913696,2.15785188590306,0,1
3656,0.9310807093773367,1.009457383721,2.15785188590306,0,1
3657,0.9482990545334925,0.985393261223,2.15785188590306,0,1
3658,0.9276372599156613,0.975710997163,2.15785188590306,0,1
3659,0.9241950081061088,0.969628843189,2.15785188590306,0,1
3660,0.9241950081061088,0.970327322013,2.15785188590306,0,1
3661,0.9207529559052433,0.979717713145,2.15785188590306,0,1
3662,0.9173103048783166,0.993286133342,2.15785188590306,0,1
3663,0.9173103048783166,1.024164067007,2.15785188590306,0,1
3664,0.9173103048783166,1.044641705186,2.15785188590306,0,1
3665,0.9414112573710498,1.073656270962,2.15785188590306,0,1
3666,0.9069860445582479,1.079033319829,2.15785188590306,0,1
3667,0.903545489422536,1.153402487426,2.15785188590306,0,1
3668,0.9173103048783166,1.271580090062,2.15785188590306,0,1
3669,0.9345236598172941,1.351856874548,2.15785188590306,0,1
3670,0.9207529559052433,1.407530630958,2.15785188590306,0,1
3671,0.9104276975417391,1.458868158343,2.15785188590306,0,1
3672,0.9001052336998547,1.497205604603,2.15785188590306,0,1
3673,0.903545489422536,1.436487821393,2.15785188590306,0,1
3674,0.9001052336998547,1.225444549929,2.15785188590306,0,1
3675,0.903545489422536,1.012345642443,2.15785188590306,0,1
3676,0.9207529559052433,0.962674606217,2.15785188590306,0,1
3677,0.903545489422536,0.989661428167,2.15785188590306,0,1
3678,0.8932247721566641,1.044283042873,2.15785188590306,0,1
3679,0.8897853647709031,1.118566538115,2.15785188590306,0,1
3680,0.8897853647709031,1.1804313743,2.15785188590306,0,1
3681,0.8897853647709031,1.226906345434,2.15785188590306,0,1
3682,0.8897853647709031,1.260725524617,2.15785188590306,0,1
3683,0.8519682514398772,1.225462074674,2.15785188590306,0,1
3684,0.7592960260704914,1.181412320097,2.15785188590306,0,1
3685,0.5438956469736728,1.418137069879,2.15785188590306,0,1
3686,0.224677816608321,2.172308091152,2.15785188590306,1,1
3687,0.07951921833687235,2.316693746963,2.15785188590306,1,1
3688,-0.0785192957725675,1.95693665449,2.15785188590306,0,1
3689,-0.19913029995995857,1.31198406778,2.15785188590306,0,1
3690,-0.27932565997618275,1.142633445568,2.15785188590306,0,1
3691,-0.3859890570525542,1.062620134423,2.15785188590306,0,1
3692,-0.45914479254868756,1.042472153939,2.15785188590306,0,1
3693,-0.5520466677126162,1.028600394187,2.15785188590306,0,1
3694,-0.6215713215811723,1.023471298833,2.15785188590306,0,1
3695,-0.6546330573543625,1.019196275345,2.15785188590306,0,1
3696,-0.7371575263852743,1.009986021178,2.15785188590306,0,1
3697,-0.7767040493815923,1.001558450706,2.15785188590306,0,1
3698,-0.803044711148265,0.985610160546,2.15785188590306,0,1
3699,-0.8556698448361832,0.977486097759,2.15785188590306,0,1
3700,-0.8622426594903352,0.972635078301,2.15785188590306,0,1
3701,-0.8950890673922842,0.975155070125,2.15785188590306,0,1
3702,-0.9115012928654666,0.983542892155,2.15785188590306,0,1
3703,-0.799753263701839,0.995605256579,2.15785188590306,0,1
3704,-0.4691097572319226,1.027145912686,2.15785188590306,0,1
3705,-0.17570811680781,1.06128629706,2.15785188590306,0,1
3706,0.05930785814345022,1.085862366198,2.15785188590306,0,1
3707,0.25851289881316664,1.079417182153,2.15785188590306,0,1
3708,0.4043422773993862,1.053267836192,2.15785188590306,0,1
3709,0.574595562858572,1.045514984409,1.0843031971339,0,1
3710,0.656578693129988,1.032468863572,1.0843031971339,0,1
3711,0.7387313909811206,1.021452700391,1.0843031971339,0,1
3712,0.7695823607400053,0.999839886086,1.0843031971339,0,1
3713,0.8038888562861366,0.985507307383,1.0843031971339,0,1
3714,0.8279217422165586,0.978054306255,1.0843031971339,0,1
3715,0.8519682514398772,0.976984471821,1.0843031971339,0,1
3716,0.8622783894453313,0.979203740507,1.0843031971339,0,1
3717,0.8897853647709031,0.983909163411,1.0843031971339,0,1
3718,0.8794681406570558,1.001246158085,1.0843031971339,0,1
3719,0.9104276975417391,1.013133029858,1.0843031971339,0,1
3720,0.8897853647709031,1.029649618985,1.0843031971339,0,1
3721,0.9001052336998547,1.031446619901,1.0843031971339,0,1
3722,0.9001052336998547,1.033632983264,1.0843031971339,0,1
3723,0.8932247721566641,1.029721009051,1.0843031971339,0,1
3724,0.9276372599156613,1.024111574434,1.0843031971339,0,1
3725,0.9001052336998547,1.013552397813,1.0843031971339,0,1
3726,0.9104276975417391,0.995590790041,1.0843031971339,0,1
3727,0.9345236598172941,0.985445215575,1.0843031971339,0,1
3728,0.9379668098659387,0.978802450296,1.0843031971339,0,1
3729,0.9345236598172941,0.978320867288,1.0843031971339,0,1
3730,0.9207529559052433,0.983128972768,1.0843031971339,0,1
3731,0.9138689513078561,0.989269942374,1.0843031971339,0,1
3732,0.9276372599156613,1.006644261113,1.0843031971339,0,1
3733,0.9414112573710498,1.016984034708,1.0843031971339,0,1
3734,0.9241950081061088,1.029844926898,1.0843031971339,0,1
3735,0.9414112573710498,1.033205930281,1.0843031971339,0,1
3736,0.9310807093773367,1.032732578473,1.0843031971339,0,1
3737,0.9379668098659387,1.031610869365,1.0843031971339,0,1
3738,0.9414112573710498,1.020527334969,1.0843031971339,0,1
3739,0.9379668098659387,1.007262422174,1.0843031971339,0,1
3740,0.9482990545334925,0.988064602465,1.0843031971339,0,1
3741,0.951744300473352,0.980105732875,1.0843031971339,0,1
3742,0.9724185706341288,0.977119476978,1.0843031971339,0,1
3743,0.9551890473914937,0.979116166615,1.0843031971339,0,1
3744,0.9655256834501642,0.986840723301,1.0843031971339,0,1
3745,0.9586339939183225,0.998882501181,1.0843031971339,0,1
3746,0.9689715282160851,1.018667813665,1.0843031971339,0,1
3747,0.9827595980839162,1.02758752556,1.0843031971339,0,1
3748,0.9827595980839162,1.033077546696,1.0843031971339,0,1
3749,0.9586339939183225,1.036346948539,1.0843031971339,0,1
3750,0.9724185706341288,1.040963006926,1.0843031971339,0,1
3751,0.951744300473352,1.041116346597,1.0843031971339,0,1
3752,0.9689715282160851,1.040291682152,1.0843031971339,0,1
3753,0.9482990545334925,1.03786981961,2.15785188590306,0,1
3754,0.9689715282160851,1.017820540126,2.15785188590306,0,1
3755,0.9620801380972741,0.992401791161,2.15785188590306,0,1
3756,0.9414112573710498,0.978474656073,2.15785188590306,0,1
3757,0.9620801380972741,0.970011643706,2.15785188590306,0,1
3758,0.9379668098659387,0.970327322013,2.15785188590306,0,1
3759,0.9379668098659387,0.978993665636,2.15785188590306,0,1
3760,0.951744300473352,0.991841705475,2.15785188590306,0,1
3761,0.9689715282160851,1.020402727512,2.15785188590306,0,1
3762,0.9724185706341288,1.043822775837,2.3205039723083045,0,1
3763,0.9551890473914937,1.074471501416,2.3205039723083045,0,1
3764,0.9482990545334925,1.078483828771,2.3205039723083045,0,1
3765,0.9448550062457558,1.142440091289,2.3205039723083045,0,1
3766,0.9379668098659387,1.222410243768,2.3205039723083045,0,1
3767,0.951744300473352,1.346072783048,2.3205039723083045,0,1
3768,0.9310807093773367,1.427982395924,2.3205039723083045,0,1
3769,0.9241950081061088,1.450339927128,2.3205039723083045,0,1
3770,0.9241950081061088,1.523398127598,2.3205039723083045,0,1
3771,0.9207529559052433,1.48140358444,2.3205039723083045,0,1
3772,0.9207529559052433,1.246933212608,2.3205039723083045,0,1
3773,0.9276372599156613,1.023963172795,2.3205039723083045,0,1
3774,0.9345236598172941,0.964347585099,2.3205039723083045,0,1
3775,0.903545489422536,1.006823601867,2.3205039723083045,0,1
3776,0.903545489422536,1.097617603608,2.3205039723083045,0,1
3777,0.9001052336998547,1.202996533576,2.3205039723083045,0,1
3778,0.9138689513078561,1.317176135831,2.3205039723083045,0,1
3779,0.8897853647709031,1.36928267055,2.3205039723083045,0,1
3780,0.8863454084612525,1.387994108003,2.3205039723083045,0,1
3781,0.8966643791511121,1.388470529865,2.3205039723083045,0,1
3782,0.8416607083473558,1.355230588558,2.3205039723083045,0,1
3783,0.632649703521217,1.239310869178,2.3205039723083045,0,1
3784,0.3025435436370539,1.82315735002,2.3205039723083045,0,1
3785,0.12672033994557064,2.448782389336,2.3205039723083045,1,1
3786,0.002100026857348808,2.213806704223,2.3205039723083045,0,1
3787,-0.13552212243118594,1.520418794212,2.3205039723083045,0,1
3788,-0.2592927075760679,1.244170911096,2.3205039723083045,0,1
3789,-0.36934239117633794,1.075339398478,2.3205039723083045,0,1
3790,-0.45914479254868756,1.052795269072,2.3205039723083045,0,1
3791,-0.5421039094958244,1.029589731302,2.3205039723083045,0,1
3792,-0.6116471269722836,1.029177311591,2.3205039723083045,0,1
3793,-0.6777582726822338,1.02087899853,2.3205039723083045,0,1
3794,-0.7338603401890933,1.015096747223,2.3205039723083045,0,1
3795,-0.7668213733796266,1.003894349837,2.3205039723083045,0,1
3796,-0.8096270072150556,0.989256928812,2.3205039723083045,0,1
3797,-0.8688142764923644,0.978958046192,2.3205039723083045,0,1
3798,-0.9016548957423867,0.972873342753,2.3205039723083045,0,1
3799,-0.9344659729067137,0.974432137895,2.3205039723083045,0,1
3800,-0.94430358724756,0.978401894432,2.3205039723083045,0,1
3801,-0.9377455436362555,0.989676111243,2.3205039723083045,0,1
3802,-0.6513279367128681,1.007217827687,2.15785188590306,0,1
3803,-0.3393605425923021,1.047346937739,2.15785188590306,0,1
3804,-0.05838036363512973,1.08398004881,2.15785188590306,0,1
3805,0.143592120756469,1.076277838614,2.15785188590306,0,1
3806,0.3059330987532042,1.065752909132,2.15785188590306,0,1
3807,0.4519389189433035,1.046518369475,2.15785188590306,0,1
3808,0.5984899702622978,1.037556831923,2.15785188590306,0,1
3809,0.6702591739154561,1.028140025663,2.15785188590306,0,1
3810,0.72845299075692,1.009450587772,2.15785188590306,0,1
3811,0.7695823607400053,0.994135151925,1.0843031971339,0,1
3812,0.8107540976669337,0.980598569874,1.0843031971339,0,1
3813,0.8244871254392888,0.976869556492,1.0843031971339,0,1
3814,0.8725911722658899,0.977935711227,1.0843031971339,0,1
3815,0.865715351624675,0.980529107894,1.0843031971339,0,1
3816,0.8794681406570558,0.993395838068,1.0843031971339,0,1
3817,0.8863454084612525,1.00628056174,1.0843031971339,0,1
3818,0.8932247721566641,1.023997138746,1.0843031971339,0,1
3819,0.9001052336998547,1.026547003953,1.0843031971339,0,1
3820,0.903545489422536,1.033717623465,1.0843031971339,0,1
3821,0.9104276975417391,1.029835352077,1.0843031971339,0,1
3822,0.9207529559052433,1.028555439563,1.0843031971339,0,1
3823,0.9482990545334925,1.018100210676,1.0843031971339,0,1
3824,0.9448550062457558,1.003680765195,1.0843031971339,0,1
3825,0.9379668098659387,0.99194106356,1.0843031971339,0,1
3826,0.9620801380972741,0.981326237557,1.0843031971339,0,1
3827,0.9448550062457558,0.97838248298,1.0843031971339,0,1
3828,0.9724185706341288,0.980651008233,1.0843031971339,0,1
3829,0.951744300473352,0.985279325167,1.0843031971339,0,1
3830,0.9655256834501642,0.99840420132,1.0843031971339,0,1
3831,0.9551890473914937,1.009978932134,1.0843031971339,0,1
3832,0.9482990545334925,1.024558308186,1.0843031971339,0,1
3833,0.9482990545334925,1.027760687506,1.0843031971339,0,1
3834,0.951744300473352,1.032372145567,1.0843031971339,0,1
3835,0.9551890473914937,1.029686733807,1.0843031971339,0,1
3836,0.951744300473352,1.028677321144,1.0843031971339,0,1
3837,0.9551890473914937,1.014276994117,1.0843031971339,0,1
3838,0.9827595980839162,0.996551701879,1.0843031971339,0,1
3839,0.9689715282160851,0.985175845574,1.0843031971339,0,1
3840,0.9655256834501642,0.977351015024,1.0843031971339,0,1
3841,0.9689715282160851,0.97727835534,1.0843031971339,0,1
3842,0.9724185706341288,0.981703349493,1.0843031971339,0,1
3843,1.0,0.992786256287,1.0843031971339,0,1
3844,0.9689715282160851,1.010274641681,1.0843031971339,0,1
3845,0.9931033202509799,1.021525930999,1.0843031971339,0,1
3846,0.9655256834501642,1.034340265906,1.0843031971339,0,1
3847,0.9689715282160851,1.030118910869,1.0843031971339,0,1
3848,0.951744300473352,1.03777263285,1.0843031971339,0,1
3849,0.9448550062457558,1.037276449715,1.0843031971339,0,1
3850,0.9379668098659387,1.043772701685,1.0843031971339,0,1
3851,0.9655256834501642,1.036386442497,2.15785188590306,0,1
3852,0.9414112573710498,1.027471528448,2.15785188590306,0,1
3853,0.9620801380972741,1.010313737313,2.15785188590306,0,1
3854,0.9345236598172941,0.985393261223,2.15785188590306,0,1
3855,0.9310807093773367,0.974768469101,2.3205039723083045,0,1
3856,0.9310807093773367,0.969711768415,2.3205039723083045,0,1
3857,0.9276372599156613,0.970879630134,2.3205039723083045,0,1
3858,0.9276372599156613,0.981320930778,2.3205039723083045,0,1
3859,0.9241950081061088,0.995561407154,2.3205039723083045,0,1
3860,0.9241950081061088,1.027779595229,2.3205039723083045,0,1
3861,0.9345236598172941,1.046445010143,2.3205039723083045,0,1
3862,0.9207529559052433,1.075027862437,2.3205039723083045,0,1
3863,0.9173103048783166,1.084297087086,2.3205039723083045,0,1
3864,0.9104276975417391,1.172060681235,2.3205039723083045,0,1
3865,0.9069860445582479,1.278112097262,2.3205039723083045,0,1
3866,0.903545489422536,1.364534321356,2.3205039723083045,0,1
3867,0.9138689513078561,1.432392950762,2.3205039723083045,0,1
3868,0.9207529559052433,1.469175522802,2.3205039723083045,0,1
3869,0.8966643791511121,1.526543837187,2.3205039723083045,0,1
3870,0.8932247721566641,1.490161468235,2.3205039723083045,0,1
3871,0.9001052336998547,1.286223070231,2.3205039723083045,0,1
3872,0.8966643791511121,1.057462462349,2.3205039723083045,0,1
3873,0.8966643791511121,0.960366347836,2.3205039723083045,0,1
3874,0.8932247721566641,0.989052443181,2.3205039723083045,0,1
3875,0.8932247721566641,1.037460473373,2.3205039723083045,0,1
3876,0.8897853647709031,1.126308054205,2.3205039723083045,0,1
3877,0.8897853647709031,1.248030081462,2.3205039723083045,0,1
3878,0.9104276975417391,1.362138104623,2.3205039723083045,0,1
3879,0.903545489422536,1.498860530417,2.3205039723083045,0,1
3880,0.8725911722658899,1.585962451366,2.3205039723083045,0,1
3881,0.7798712903224518,1.549633047095,2.3205039723083045,0,1
3882,0.5643596293825583,1.492134527079,2.3205039723083045,0,1
3883,0.2348254481913656,2.05040193936,2.3205039723083045,0,1
3884,0.06941221335943012,2.627683630698,2.3205039723083045,1,1
3885,-0.07516362423105749,2.151806596693,2.3205039723083045,0,1
3886,-0.20247491817041874,1.376999095023,2.3205039723083045,0,1
3887,-0.3160252640723127,1.174532006491,2.3205039723083045,0,1
3888,-0.39930036157117593,1.065783245637,2.3205039723083045,0,1
3889,-0.5023065781841278,1.040981433453,2.3205039723083045,0,1
3890,-0.555360421429829,1.02883539361,2.15785188590306,0,1
3891,-0.6480228659735455,1.023255388699,2.15785188590306,0,1
3892,-0.7107696072619237,1.019554613298,2.15785188590306,0,1
3893,-0.7635266822920347,1.011850432608,2.15785188590306,0,1
3894,-0.8129176562267332,0.999880701172,2.15785188590306,0,1
3895,-0.8556698448361832,0.983883099419,2.15785188590306,0,1
3896,-0.8918058039020305,0.976542675241,2.15785188590306,0,1
3897,-0.9213450950756138,0.972329853803,2.15785188590306,0,1
3898,-0.9344659729067137,0.975735279742,2.15785188590306,0,1
3899,-0.957416380926831,0.983542892155,2.15785188590306,0,0
3900,-0.9311862025684848,0.996080266626,2.15785188590306,0,0
3901,-0.6248790870377712,1.023956257435,2.15785188590306,0,0
3902,-0.37933100948899784,1.056811213082,2.15785188590306,0,0
3903,-0.13217105436502286,1.093305331211,2.15785188590306,0,0
3904,0.02901069306232058,1.080645305755,1.0843031971339,0,0
3905,0.17397938082183684,1.072342498943,1.0843031971339,0,0
3906,0.3262734235804129,1.047240974885,1.0843031971339,0,0
3907,0.39754799690686377,1.043793605129,1.0843031971339,0,0
3908,0.46895244063537833,1.031246915137,1.0843031971339,0,0
3909,0.5575372539673225,1.020627618865,1.0843031971339,0,0
3910,0.605319381883755,1.000181792661,1.0843031971339,0,0
3911,0.6497404488241252,0.98549004644,1.0843031971339,0,0
3912,0.6599984889622383,0.978054306255,1.0843031971339,0,0
3913,0.6805225036837783,0.976860449455,1.0325438249606949,0,0
3914,0.6942112183275906,0.979390923208,1.0325438249606949,0,0
3915,0.7250277056857736,0.99208930925,1.0325438249606949,0,0
3916,0.7113284616837152,1.008348669274,1.0325438249606949,0,0
3917,0.7181772852499959,1.027128457067,1.0325438249606949,0,0
3918,0.7318789744584716,1.030923568299,1.0325438249606949,0,0
3919,0.7353052076708819,1.033898390024,1.0325438249606949,1,0
3920,0.7524401163958176,1.031330413838,1.0325438249606949,0,0
3921,0.7524401163958176,1.028669012808,1.0325438249606949,0,0
3922,0.7558680961842403,1.020145385756,1.0325438249606949,0,0
3923,0.7661535326146621,1.003636080396,1.0325438249606949,0,0
3924,0.7730113884740355,0.991451230828,1.0325438249606949,0,0
3925,0.7764416138601884,0.98152111382,1.0325438249606949,0,0
3926,0.7867323399208191,0.97838248298,1.0325438249606949,0,0
3927,0.7798712903224518,0.980442862776,1.0325438249606949,0,0
3928,0.7764416138601884,0.985110732516,1.0325438249606949,0,0
3929,0.8038888562861366,1.00020656851,1.0325438249606949,0,0
3930,0.8038888562861366,1.010093307881,1.0325438249606949,0,0
3931,0.7901629146221747,1.028139744935,1.0325438249606949,0,0
3932,0.81762043689551,1.030097388894,1.0325438249606949,0,0
3933,0.8038888562861366,1.037375043694,1.0325438249606949,1,0
3934,0.8073217264873941,1.032607832693,1.0325438249606949,1,0
3935,0.8141866684551604,1.036910590291,1.0325438249606949,1,0
3936,0.8244871254392888,1.022227815559,1.0325438249606949,0,0
3937,0.8279217422165586,1.004272647478,1.0325438249606949,0,0
3938,0.8485323372061411,0.986295565115,1.0325438249606949,0,0
3939,0.8588416268746748,0.978112928204,1.0325438249606949,0,0
3940,0.8313558599721106,0.977556975475,1.0325438249606949,0,0
3941,0.8416607083473558,0.986342277306,1.0325438249606949,0,0
3942,0.8347901773363497,1.00334886866,1.0325438249606949,0,0
3943,0.8313558599721106,1.027872221735,1.0325438249606949,0,0
3944,0.845095923950687,1.044190502286,1.0325438249606949,1,0
3945,0.8279217422165586,1.042273994494,1.0325438249606949,1,0
3946,0.8244871254392888,1.050677557196,1.0325438249606949,1,0
3947,0.8279217422165586,1.050874806632,1.0325438249606949,1,0
3948,0.8210536564119699,1.0574110812,1.0325438249606949,1,0
3949,0.81762043689551,1.077053089768,1.0325438249606949,1,0
3950,0.8244871254392888,1.077526052427,1.0325438249606949,1,0
3951,0.8347901773363497,1.081053062064,1.0325438249606949,1,0
3952,0.8244871254392888,1.052362397695,1.0325438249606949,1,0
3953,0.845095923950687,1.058992671188,1.0325438249606949,1,0
3954,0.8244871254392888,1.034628191409,1.0325438249606949,1,0
3955,0.8382257422548834,1.00802474748,1.0325438249606949,0,0
3956,0.8279217422165586,0.999031300188,1.0325438249606949,0,0
3957,0.8347901773363497,0.979119325146,1.0325438249606949,0,0
3958,0.8073217264873941,0.974775347515,1.0325438249606949,0,0
3959,0.8347901773363497,0.98683166255,1.0325438249606949,0,0
3960,0.8141866684551604,1.010155738495,1.0325438249606949,0,0
3961,0.8038888562861366,1.048494671757,1.0325438249606949,1,0
3962,0.8004571837370019,1.089459981073,1.0325438249606949,1,0
3963,0.7970257107965544,1.097032311,1.0325438249606949,1,0
3964,0.8210536564119699,1.174218898233,1.0325438249606949,1,0
3965,0.7833012162955741,1.258936386098,1.0325438249606949,1,0
3966,0.7833012162955741,1.397326781901,1.0325438249606949,1,0
3967,0.8004571837370019,1.482300496696,1.0325438249606949,1,0
3968,0.7970257107965544,1.535149183505,1.0325438249606949,1,0
3969,0.7764416138601884,1.655568275789,1.0325438249606949,1,0
3970,0.8004571837370019,1.725360930524,1.0325438249606949,1,0
3971,0.7867323399208191,1.766662338733,1.0325438249606949,1,0
3972,0.7730113884740355,1.852686084015,1.0325438249606949,1,0
3973,0.7627242054676012,1.875115610547,1.0325438249606949,1,0
3974,0.7627242054676012,1.845638916355,1.0325438249606949,1,0
3975,0.7558680961842403,1.849509239639,1.0325438249606949,1,0
3976,0.7455853544710949,1.846165437832,1.0325438249606949,1,0
3977,0.7455853544710949,1.862354145542,1.0325438249606949,1,0
3978,0.7455853544710949,1.869804531339,1.0325438249606949,1,0
3979,0.7250277056857736,1.808951972881,1.0325438249606949,1,0
3980,0.38396133220434653,1.548671528103,1.0325438249606949,1,0
3981,0.18411376337827318,1.415653480658,1.0325438249606949,1,0
3982,0.015552994285003632,1.321880988433,1.0325438249606949,1,0
3983,-0.06173734510864905,1.24246602172,1.0325438249606949,1,0
3984,-0.1924394666695411,1.116217944637,1.0325438249606949,1,0
3985,-0.3060198287277621,1.093843674983,1.0325438249606949,1,0
3986,-0.40595486608053577,1.053352153451,1.0325438249606949,1,0
3987,-0.49235059589181374,1.048146768959,1.0325438249606949,1,0
3988,-0.5686118433423117,1.039602368885,1.0325438249606949,1,0
3989,-0.6414116765492928,1.033503269811,1.0325438249606949,1,0
3990,-0.7041699452393528,1.022778730592,1.0325438249606949,0,0
3991,-0.7602314422805533,1.011012401383,1.0325438249606949,0,0
3992,-0.8096270072150556,0.988507138479,1.0325438249606949,0,0
3993,-0.8490958325299084,0.981334778938,1.0325438249606949,0,0
3994,-0.8885222409987461,0.975740660237,1.0325438249606949,0,0
3995,-0.9016548957423867,0.990928216321,1.0325438249606949,0,0
3996,-0.9475822597380097,1.003238947082,1.0325438249606949,0,0
3997,-0.9377455436362555,1.02646874234,1.0325438249606949,0,0
3998,-0.9770765391526453,1.064747805327,1.0325438249606949,1,0
3999,-0.6314928214727848,1.099971519604,1.0325438249606949,1,0
4000,-0.3826600831729478,1.109315570338,1.0325438249606949,1,0
4001,-0.15562042172524987,1.137854574342,1.0325438249606949,1,0
4002,0.03574139195022075,1.127986112277,1.0325438249606949,1,0
4003,0.19425080322535695,1.113861646878,1.0325438249606949,1,0
4004,0.2517435319799065,1.080295111144,1.0325438249606949,1,0
4005,0.3534098004272424,1.063928312524,1.0325438249606949,1,0
4006,0.4417347481996294,1.054226770831,1.0325438249606949,1,0
4007,0.5336676479429725,1.040310789743,1.0325438249606949,1,0
4008,0.5814212817193174,1.028312049749,1.0325438249606949,0,0
4009,0.6189821973004123,1.002162170688,1.0325438249606949,0,0
4010,0.6497404488241252,0.982166185914,1.0325438249606949,0,0
4011,0.6942112183275906,0.976856698191,1.0325438249606949,0,0
4012,0.6976338086814609,0.981856445917,1.0325438249606949,0,0
4013,0.7044807359652138,1.007172094434,1.0325438249606949,0,0
4014,0.7113284616837152,1.027247658016,1.0325438249606949,0,0
4015,0.7250277056857736,1.041925934198,1.0325438249606949,1,0
4016,0.7353052076708819,1.046268234074,1.0325438249606949,1,0
4017,0.7592960260704914,1.045025665235,1.0325438249606949,1,0
4018,0.7455853544710949,1.042400390016,1.0325438249606949,1,0
4019,0.7524401163958176,1.039604611635,1.0325438249606949,1,0
4020,0.7524401163958176,1.028885143578,1.0325438249606949,0,0
4021,0.7867323399208191,1.01631971733,1.0325438249606949,0,0
4022,0.7627242054676012,0.996488621312,1.0325438249606949,0,0
4023,0.7695823607400053,0.987791824843,1.0325438249606949,0,0
4024,0.7695823607400053,0.981584832602,1.0325438249606949,0,0
4025,0.7730113884740355,0.986236491322,1.0325438249606949,0,0
4026,0.8004571837370019,0.988817507886,1.0325438249606949,0,0
4027,0.7798712903224518,1.00936502214,1.0325438249606949,0,0
4028,0.7833012162955741,1.020159785561,1.0325438249606949,0,0
4029,0.8141866684551604,1.037559295323,1.0325438249606949,1,0
4030,0.8141866684551604,1.041997858613,1.0325438249606949,1,0
4031,0.8107540976669337,1.048641722242,1.0325438249606949,1,0
4032,0.8073217264873941,1.045087164784,1.0325438249606949,1,0
4033,0.8107540976669337,1.047236829983,1.0325438249606949,1,0
4034,0.8279217422165586,1.03732026947,1.0325438249606949,1,0
4035,0.8416607083473558,1.024040105487,1.0325438249606949,0,0
4036,0.8382257422548834,0.992595342447,1.0325438249606949,0,0
4037,0.8279217422165586,0.977351015024,1.0325438249606949,0,0
4038,0.8519682514398772,0.979116166615,1.0325438249606949,0,0
4039,0.8313558599721106,0.994568637477,1.0325438249606949,0,0
4040,0.8313558599721106,1.01845755334,1.0325438249606949,0,0
4041,0.8279217422165586,1.032228810107,1.0325438249606949,0,0
4042,0.8244871254392888,1.050063649062,1.0325438249606949,1,0
4043,0.81762043689551,1.044348201288,1.0325438249606949,1,0
4044,0.81762043689551,1.05293018928,1.0325438249606949,1,0
4045,0.8313558599721106,1.054413202771,1.0325438249606949,1,0
4046,0.8073217264873941,1.062540588906,1.0325438249606949,1,0
4047,0.8382257422548834,1.078091892526,1.0325438249606949,1,0
4048,0.8141866684551604,1.06763114293,1.0325438249606949,1,0
4049,0.8382257422548834,1.084078363191,1.0325438249606949,1,0
4050,0.8210536564119699,1.063363540747,1.0325438249606949,1,0
4051,0.8244871254392888,1.057942716824,1.0325438249606949,1,0
4052,0.8244871254392888,1.044288990852,1.0325438249606949,1,0
4053,0.8210536564119699,1.012263321068,1.0325438249606949,0,0
4054,0.81762043689551,1.002317634469,1.0325438249606949,0,0
4055,0.8347901773363497,0.981387962842,1.0325438249606949,0,0
4056,0.8107540976669337,0.973107842313,1.0325438249606949,0,0
4057,0.81762043689551,0.983065413586,1.0325438249606949,0,0
4058,0.8004571837370019,1.005520952786,1.0325438249606949,0,0
4059,0.8038888562861366,1.050115074422,1.0325438249606949,1,0
4060,0.8073217264873941,1.082618127473,1.0325438249606949,1,0
4061,0.7970257107965544,1.096918350046,1.0325438249606949,1,0
4062,0.7867323399208191,1.159658079654,1.0325438249606949,1,0
4063,0.7833012162955741,1.2404623553,1.0325438249606949,1,0
4064,0.7764416138601884,1.376131684561,1.0325438249606949,1,0
4065,0.7833012162955741,1.498617969416,1.0325438249606949,1,0
4066,0.793593738834389,1.550556642948,1.0325438249606949,1,0
4067,0.7730113884740355,1.588634586742,1.0325438249606949,1,0
4068,0.7661535326146621,1.737660869425,1.0325438249606949,1,0
4069,0.7695823607400053,1.780938123156,1.0325438249606949,1,0
4070,0.7901629146221747,1.785567032263,1.0325438249606949,1,0
4071,0.7867323399208191,1.876619060685,1.0325438249606949,1,0
4072,0.7592960260704914,1.880718461058,1.0325438249606949,1,0
4073,0.7592960260704914,1.884985526499,1.0325438249606949,1,0
4074,0.7833012162955741,1.90197156315,1.0325438249606949,1,0
4075,0.7695823607400053,1.895076080267,1.0325438249606949,1,0
4076,0.7490123861182537,1.910266637099,1.0325438249606949,1,0
4077,0.7387313909811206,1.916138050436,1.0325438249606949,1,0
4078,0.5541262908194775,1.763282924269,1.0325438249606949,1,0
4079,0.3025435436370539,1.51245082511,1.0325438249606949,1,0
4080,0.143592120756469,1.427454613873,1.0325438249606949,1,0
4081,-0.028152091889060732,1.311778865379,1.0325438249606949,1,0
4082,-0.1656656041496251,1.179126995266,1.0325438249606949,1,0
4083,-0.28600102359334767,1.099303563055,1.0325438249606949,1,0
4084,-0.3626818984063642,1.070370601764,1.0325438249606949,1,0
4085,-0.4691097572319226,1.046379309004,1.0325438249606949,1,0
4086,-0.5586735264188086,1.046108286981,1.0325438249606949,1,0
4087,-0.6347997385924634,1.032751682979,1.0325438249606949,1,0
4088,-0.6942678572925637,1.03420419132,1.0325438249606949,1,0
4089,-0.7503443748874706,1.015556474409,1.0325438249606949,0,0
4090,-0.799753263701839,1.00245627963,1.0325438249606949,0,0
4091,-0.8458084770615686,0.984037194441,1.0325438249606949,0,0
4092,-0.8786695562020216,0.980563135259,1.0325438249606949,0,0
4093,-0.9147828596818797,0.989068208274,1.0325438249606949,0,0
4094,-0.9246257636529348,1.010947138419,1.0325438249606949,0,0
4095,-0.9639708315817672,1.029349369256,1.0325438249606949,0,0
4096,-0.9639708315817672,1.06184792699,1.0325438249606949,1,0
4097,-0.7173683710454026,1.094033395234,1.0325438249606949,1,0
4098,-0.432559161020735,1.106815212857,1.0325438249606949,1,0
4099,-0.23924917591553524,1.124079535153,1.0325438249606949,1,0
4100,-0.01470972555402393,1.121490590147,1.0325438249606949,1,0
4101,0.15034225030250692,1.109966970722,1.0325438249606949,1,0
4102,0.28221556959736127,1.084710474664,1.0325438249606949,1,0
4103,0.3466243276680395,1.061589215576,1.0325438249606949,1,0
4104,0.4213343661086805,1.05615798704,1.0325438249606949,1,0
4105,0.5166269545183622,1.040666708845,1.0325438249606949,1,0
4106,0.574595562858572,1.031748042457,1.0325438249606949,0,0
4107,0.6087347364227169,1.004272495029,1.0325438249606949,0,0
4108,0.6360670042448783,0.986108263822,1.0325438249606949,0,0
4109,0.6668384798441136,0.976973673351,1.0325438249606949,0,0
4110,0.6839443455050718,0.978647306273,1.0325438249606949,0,0
4111,0.6976338086814609,0.995151633528,1.0325438249606949,0,0
4112,0.7044807359652138,1.015854862825,1.0325438249606949,0,0
4113,0.7216024206146271,1.041888041898,1.0325438249606949,1,0
4114,0.72845299075692,1.03962064432,1.0325438249606949,1,0
4115,0.7387313909811206,1.046710375022,1.0325438249606949,1,0
4116,0.7627242054676012,1.040174050566,1.0325438249606949,1,0
4117,0.7490123861182537,1.04246838922,1.0325438249606949,1,0
4118,0.7764416138601884,1.028928861206,1.0325438249606949,0,0
4119,0.7524401163958176,1.02188518889,1.0325438249606949,0,0
4120,0.7592960260704914,1.003981566076,1.0325438249606949,0,0
4121,0.7558680961842403,0.998417220723,1.0325438249606949,0,0
4122,0.7867323399208191,0.984903738249,1.0325438249606949,0,0
4123,0.7901629146221747,0.988673781848,1.0325438249606949,0,0
4124,0.7833012162955741,0.99035323625,1.0325438249606949,0,0
4125,0.7695823607400053,1.000473563699,1.0325438249606949,0,0
4126,0.8004571837370019,1.015874036136,1.0325438249606949,0,0
4127,0.7798712903224518,1.02688348816,1.0325438249606949,0,0
4128,0.7970257107965544,1.040853147955,1.0325438249606949,1,0
4129,0.7867323399208191,1.039713831248,1.0325438249606949,1,0
4130,0.8038888562861366,1.045718652267,1.0325438249606949,1,0
4131,0.8141866684551604,1.039785729438,1.0325438249606949,1,0
4132,0.8210536564119699,1.037598672324,1.0325438249606949,1,0
4133,0.8313558599721106,1.024870605177,1.0325438249606949,0,0
4134,0.8416607083473558,0.996985541489,1.0325438249606949,0,0
4135,0.8485323372061411,0.979291355629,1.0325438249606949,0,0
4136,0.8244871254392888,0.97727835534,1.0325438249606949,0,0
4137,0.8244871254392888,0.986342277306,1.0325438249606949,0,0
4138,0.8279217422165586,1.005530819208,1.0325438249606949,0,0
4139,0.8244871254392888,1.028031297275,1.0325438249606949,0,0
4140,0.8416607083473558,1.041216377628,1.0325438249606949,1,0
4141,0.8210536564119699,1.047023348093,1.0325438249606949,1,0
4142,0.81762043689551,1.047643397571,1.0325438249606949,1,0
4143,0.8313558599721106,1.053247832056,1.0325438249606949,1,0
4144,0.8107540976669337,1.050798540672,1.0325438249606949,1,0
4145,0.8244871254392888,1.068514240899,1.0325438249606949,1,0
4146,0.8347901773363497,1.064272084488,1.0325438249606949,1,0
4147,0.81762043689551,1.084969755911,1.0325438249606949,1,0
4148,0.8416607083473558,1.073870191981,1.0325438249606949,1,0
4149,0.8279217422165586,1.066053860145,1.0325438249606949,1,0
4150,0.8244871254392888,1.055134082748,1.0325438249606949,1,0
4151,0.81762043689551,1.022143268171,1.0325438249606949,0,0
4152,0.8141866684551604,1.006071471656,1.0325438249606949,0,0
4153,0.8141866684551604,0.987966274258,1.0325438249606949,0,0
4154,0.8313558599721106,0.974035554896,1.0325438249606949,0,0
4155,0.8038888562861366,0.982309840945,1.0325438249606949,0,0
4156,0.8279217422165586,0.997917823065,1.0325438249606949,0,0
4157,0.8004571837370019,1.04059969586,1.0325438249606949,1,0
4158,0.7970257107965544,1.072956208275,1.0325438249606949,1,0
4159,0.8210536564119699,1.098763672302,1.0325438249606949,1,0
4160,0.7833012162955741,1.122999250663,1.0325438249606949,1,0
4161,0.7798712903224518,1.242375736865,1.0325438249606949,1,0
4162,0.7798712903224518,1.319605884177,1.0325438249606949,1,0
4163,0.7970257107965544,1.421624838001,1.0325438249606949,1,0
4164,0.7764416138601884,1.535606264265,1.0325438249606949,1,0
4165,0.7867323399208191,1.611697980741,1.0325438249606949,1,0
4166,0.7764416138601884,1.669382454594,1.0325438249606949,1,0
4167,0.7764416138601884,1.751666683695,1.0325438249606949,1,0
4168,0.793593738834389,1.757291081768,1.0325438249606949,1,0
4169,0.7833012162955741,1.895573043226,1.0325438249606949,1,0
4170,0.7661535326146621,1.875520165666,1.0325438249606949,1,0
4171,0.7558680961842403,1.891753228245,1.0325438249606949,1,0
4172,0.7764416138601884,1.891410959077,1.0325438249606949,1,0
4173,0.7695823607400053,1.898805925115,1.0325438249606949,1,0
4174,0.7421582230195923,1.917457884647,1.0325438249606949,1,0
4175,0.7592960260704914,1.919668078886,1.0325438249606949,1,0
4176,0.6292323029932121,1.854209844773,1.0325438249606949,1,0
4177,0.4111381547614057,1.585765033003,1.0325438249606949,1,0
4178,0.224677816608321,1.461257552364,1.0325438249606949,1,0
4179,0.05257322295372148,1.354232976111,1.0325438249606949,1,0
4180,-0.09193911256373011,1.246295152914,1.0325438249606949,1,0
4181,-0.20916400488482384,1.121069561365,1.0325438249606949,1,0
4182,-0.3426931343793627,1.092644304423,1.0325438249606949,1,0
4183,-0.43588374350922454,1.054700200075,1.0325438249606949,1,0
4184,-0.518893860475923,1.050401821165,1.0325438249606949,1,0
4185,-0.5951012634830678,1.039726331295,1.0325438249606949,1,0
4186,-0.6612415021591672,1.03994903597,1.0325438249606949,1,0
4187,-0.7239661866876176,1.021043932536,1.0325438249606949,0,0
4188,-0.7799975927192333,1.009106803443,1.0325438249606949,0,0
4189,-0.8227880063922687,0.988633762349,1.0325438249606949,0,0
4190,-0.8589564018697745,0.983971275591,1.0325438249606949,0,0
4191,-0.8950890673922842,0.980735218905,1.0325438249606949,0,0
4192,-0.9082195264403663,1.002878899103,1.0325438249606949,0,0
4193,-0.9508605330110851,1.014825115081,1.0325438249606949,0,0
4194,-0.9639708315817672,1.040857942423,1.0325438249606949,1,0
4195,-0.9016548957423867,1.079909094659,1.0325438249606949,1,0
4196,-0.6381057574730499,1.106601288405,1.0325438249606949,1,0
4197,-0.3526888637515016,1.120915845167,1.0325438249606949,1,0
4198,-0.12882026076080458,1.150063561485,1.0325438249606949,1,0
4199,0.07951921833687235,1.117558169189,1.0325438249606949,1,0
4200,0.224677816608321,1.106913429369,1.0325438249606949,1,0
4201,0.2889902385363733,1.073632959842,1.0325438249606949,1,0
4202,0.37717059476602066,1.064137136566,1.0325438249606949,1,0
4203,0.4553410244556571,1.050933471798,1.0325438249606949,1,0
4204,0.5677714408673237,1.039995122379,1.0325438249606949,1,0
4205,0.5848341910518619,1.021743192858,1.0325438249606949,0,0
4206,0.6189821973004123,0.998933050617,1.0325438249606949,0,0
4207,0.6429033023660415,0.979398971858,1.0325438249606949,0,0
4208,0.6702591739154561,0.976860449455,1.0325438249606949,0,0
4209,0.6805225036837783,0.982517786522,1.0325438249606949,0,0
4210,0.6976338086814609,1.010292946743,1.0325438249606949,0,0
4211,0.72845299075692,1.031212036717,1.0325438249606949,0,0
4212,0.7147528984179414,1.040811741723,1.0325438249606949,1,0
4213,0.7250277056857736,1.048368543534,1.0325438249606949,1,0
4214,0.7455853544710949,1.045276517407,1.0325438249606949,1,0
4215,0.7455853544710949,1.047046310831,1.0325438249606949,1,0
4216,0.7592960260704914,1.035996481927,1.0325438249606949,1,0
4217,0.7661535326146621,1.028230434812,1.0325438249606949,0,0
4218,0.7592960260704914,1.013272413745,1.0325438249606949,0,0
4219,0.7558680961842403,1.000137260449,1.0325438249606949,0,0
4220,0.7798712903224518,0.991512602424,1.0325438249606949,0,0
4221,0.7833012162955741,0.984665929684,1.0325438249606949,0,0
4222,0.7901629146221747,0.988094337188,1.0325438249606949,0,0
4223,0.7867323399208191,0.991573973568,1.0325438249606949,0,0
4224,0.7730113884740355,1.011607014035,1.0325438249606949,0,0
4225,0.7798712903224518,1.020880209028,1.0325438249606949,0,0
4226,0.7867323399208191,1.041315961489,1.0325438249606949,1,0
4227,0.8141866684551604,1.039417315967,1.0325438249606949,1,0
4228,0.793593738834389,1.048856821127,1.0325438249606949,1,0
4229,0.793593738834389,1.042866427772,1.0325438249606949,1,0
4230,0.8244871254392888,1.047463594184,1.0325438249606949,1,0
4231,0.8038888562861366,1.031189856526,1.0325438249606949,0,0
4232,0.8382257422548834,1.018002916779,1.0325438249606949,0,0
4233,0.8141866684551604,0.987994262494,1.0325438249606949,0,0
4234,0.81762043689551,0.977525981758,1.0325438249606949,0,0
4235,0.8141866684551604,0.97980712192,1.0325438249606949,0,0
4236,0.8210536564119699,0.996951976614,1.0325438249606949,0,0
4237,0.81762043689551,1.024127087171,1.0325438249606949,0,0
4238,0.8244871254392888,1.034841093561,1.0325438249606949,1,0
4239,0.81762043689551,1.053336304752,1.0325438249606949,1,0
4240,0.81762043689551,1.04610573124,1.0325438249606949,1,0
4241,0.8141866684551604,1.058307872835,1.0325438249606949,1,0
4242,0.8141866684551604,1.054976213846,1.0325438249606949,1,0
4243,0.8210536564119699,1.070541938501,1.0325438249606949,1,0
4244,0.8347901773363497,1.07674250436,1.0325438249606949,1,0
4245,0.8073217264873941,1.079904155779,1.0325438249606949,1,0
4246,0.8279217422165586,1.095720361513,1.0325438249606949,1,0
4247,0.8141866684551604,1.064274907243,1.0325438249606949,1,0
4248,0.8382257422548834,1.069757801593,1.0325438249606949,1,0
4249,0.8382257422548834,1.044824149731,1.0325438249606949,1,0
4250,0.8347901773363497,1.012936125834,1.0325438249606949,0,0
4251,0.8141866684551604,1.002252874499,1.0325438249606949,0,0
4252,0.8141866684551604,0.98038094972,1.0325438249606949,0,0
4253,0.8073217264873941,0.974969396614,1.0325438249606949,0,0
4254,0.8279217422165586,0.985831729844,1.0325438249606949,0,0
4255,0.8004571837370019,1.011022707744,1.0325438249606949,0,0
4256,0.81762043689551,1.053599394378,1.0325438249606949,1,0
4257,0.793593738834389,1.092131713575,1.0325438249606949,1,0
4258,0.7867323399208191,1.101000184048,1.0325438249606949,1,0
4259,0.7970257107965544,1.170485878939,1.0325438249606949,1,0
4260,0.7901629146221747,1.251220242778,1.0325438249606949,1,0
4261,0.793593738834389,1.395784615244,1.0325438249606949,1,0
4262,0.7764416138601884,1.525024704337,1.0325438249606949,1,0
4263,0.7798712903224518,1.556203911007,1.0325438249606949,1,0
4264,0.7833012162955741,1.601901257266,1.0325438249606949,1,0
4265,0.7798712903224518,1.762303410753,1.0325438249606949,1,0
4266,0.7764416138601884,1.759702171507,1.0325438249606949,1,0
4267,0.7730113884740355,1.77324811582,1.0325438249606949,1,0
4268,0.7833012162955741,1.801318948409,1.0325438249606949,1,0
4269,0.7661535326146621,1.777553392376,1.0325438249606949,1,0
4270,0.7558680961842403,1.867236795104,1.0325438249606949,1,0
4271,0.7592960260704914,1.871966938207,1.0325438249606949,1,0
4272,0.7558680961842403,1.883331060904,1.0325438249606949,1,0
4273,0.7421582230195923,1.946542521951,1.0325438249606949,1,0
4274,0.7387313909811206,1.920427629208,1.0325438249606949,1,0
4275,0.5234422438252051,1.679917680564,1.0325438249606949,1,0
4276,0.27882848463871424,1.50589185419,1.0325438249606949,1,0
4277,0.10311266730202107,1.401905588713,1.0325438249606949,1,0
4278,-0.044948595273825234,1.309751393624,1.0325438249606949,1,0
4279,-0.15896903210945268,1.187859233253,1.0325438249606949,1,0
4280,-0.2826632170293357,1.098017066956,1.0325438249606949,1,0
4281,-0.39930036157117593,1.073455410565,1.0325438249606949,1,0
4282,-0.48239196878439516,1.048365872781,1.0325438249606949,1,0
4283,-0.5686118433423117,1.051258126419,1.0325438249606949,1,0
4284,-0.6347997385924634,1.036295465645,1.0325438249606949,1,0
4285,-0.697568636445113,1.035029730438,1.0325438249606949,1,0
4286,-0.7569361024647282,1.013509653939,1.0325438249606949,0,0
4287,-0.799753263701839,0.998270969262,1.0325438249606949,0,0
4288,-0.8392325684727661,0.985224631262,1.0325438249606949,0,0
4289,-0.8589564018697745,0.982491538452,1.0325438249606949,0,0
4290,-0.8918058039020305,0.993468036371,1.0325438249606949,0,0
4291,-0.9213450950756138,1.01099632302,1.0325438249606949,0,0
4292,-0.9508605330110851,1.034596100666,1.0325438249606949,1,0
4293,-0.9508605330110851,1.066562144143,1.0325438249606949,1,0
4294,-0.7371575263852743,1.106568711263,1.0325438249606949,1,0
4295,-0.46578856809111424,1.11810398064,1.0325438249606949,1,0
4296,-0.21919504004349877,1.134086020842,1.0325438249606949,1,0
4297,-0.01470972555402393,1.127714302981,1.0325438249606949,1,0
4298,0.15709435722210174,1.114982723491,1.0325438249606949,1,0
4299,0.2889902385363733,1.087197135539,1.0325438249606949,1,0
4300,0.3534098004272424,1.063185663222,1.0325438249606949,1,0
4301,0.4519389189433035,1.058026619969,1.0325438249606949,1,0
4302,0.5302591300015449,1.039564411607,1.0325438249606949,1,0
4303,0.5711835517651196,1.030424256398,1.0325438249606949,0,0
4304,0.6019046760730264,1.003760636018,1.0325438249606949,0,0
4305,0.6360670042448783,0.98542150638,1.0325438249606949,0,0
4306,0.6599984889622383,0.976869556492,1.0325438249606949,0,0
4307,0.6907885281693767,0.979491922722,1.0325438249606949,0,0
4308,0.6942112183275906,0.999484285584,1.0325438249606949,0,0
4309,0.7044807359652138,1.019125596732,1.0325438249606949,0,0
4310,0.7318789744584716,1.03903670684,1.0325438249606949,1,0
4311,0.7147528984179414,1.040078365772,1.0325438249606949,1,0
4312,0.7250277056857736,1.046130695966,1.0325438249606949,1,0
4313,0.7421582230195923,1.041118495321,1.0325438249606949,1,0
4314,0.7387313909811206,1.043157432372,1.0325438249606949,1,0
4315,0.7387313909811206,1.029865082033,1.0325438249606949,0,0
4316,0.7455853544710949,1.021197834718,1.0325438249606949,0,0
4317,0.7524401163958176,1.001292008347,1.0325438249606949,0,0
4318,0.7455853544710949,0.995736864391,1.0325438249606949,0,0
4319,0.7490123861182537,0.985489978513,1.0325438249606949,0,0
4320,0.7524401163958176,0.99237009982,1.0325438249606949,0,0
4321,0.7798712903224518,0.993182257006,1.0325438249606949,0,0
4322,0.7833012162955741,1.005302237584,1.0325438249606949,0,0
4323,0.7901629146221747,1.018152773789,1.0325438249606949,0,0
4324,0.7798712903224518,1.034236594886,1.0325438249606949,1,0
4325,0.7798712903224518,1.04281198497,1.0325438249606949,1,0
4326,0.7833012162955741,1.044675629879,1.0325438249606949,1,0
4327,0.8038888562861366,1.048436173634,1.0325438249606949,1,0
4328,0.8107540976669337,1.041554258022,1.0325438249606949,1,0
4329,0.8004571837370019,1.042129805288,1.0325438249606949,1,0
4330,0.8004571837370019,1.02560829434,1.0325438249606949,0,0
4331,0.81762043689551,0.99799545015,1.0325438249606949,0,0
4332,0.8347901773363497,0.9788091467,1.0325438249606949,0,0
4333,0.8210536564119699,0.977556975475,1.0325438249606949,0,0
4334,0.81762043689551,0.989707238911,1.0325438249606949,0,0
4335,0.8210536564119699,1.012929612915,1.0325438249606949,0,0
4336,0.8485323372061411,1.032645902735,1.0325438249606949,1,0
4337,0.845095923950687,1.047875235949,1.0325438249606949,1,0
4338,0.8244871254392888,1.048438500429,1.0325438249606949,1,0
4339,0.845095923950687,1.052444660039,1.0325438249606949,1,0
4340,0.81762043689551,1.056434576675,1.0325438249606949,1,0
4341,0.8382257422548834,1.0500152661,1.0325438249606949,1,0
4342,0.8279217422165586,1.074960327306,1.0325438249606949,1,0
4343,0.8107540976669337,1.062863364536,1.0325438249606949,1,0
4344,0.8313558599721106,1.091189084061,1.0325438249606949,1,0
4345,0.8004571837370019,1.081168389515,1.0325438249606949,1,0
4346,0.8107540976669337,1.074531532186,1.0325438249606949,1,0
4347,0.8107540976669337,1.058989402721,1.0325438249606949,1,0
4348,0.8107540976669337,1.030407668463,1.0325438249606949,0,0
4349,0.8107540976669337,1.016431447326,1.0325438249606949,0,0
4350,0.8141866684551604,0.996127294498,1.0325438249606949,0,0
4351,0.8107540976669337,0.979228770907,1.0325438249606949,0,0
4352,0.8073217264873941,0.985969639641,1.0325438249606949,0,0
4353,0.8141866684551604,1.000425912678,1.0325438249606949,0,0
4354,0.8038888562861366,1.047372031872,1.0325438249606949,1,0
4355,0.793593738834389,1.078519020648,1.0325438249606949,1,0
4356,0.8107540976669337,1.10134799432,1.0325438249606949,1,0
4357,0.8073217264873941,1.127263928771,1.0325438249606949,1,0
4358,0.8073217264873941,1.24775180512,1.0325438249606949,1,0
4359,0.7833012162955741,1.353192738081,1.0325438249606949,1,0
4360,0.7798712903224518,1.46667389759,1.0325438249606949,1,0
4361,0.7764416138601884,1.546764871832,1.0325438249606949,1,0
4362,0.8004571837370019,1.624196525579,1.0325438249606949,1,0
4363,0.7764416138601884,1.788031645752,1.0325438249606949,1,0
4364,0.7901629146221747,1.830170343185,1.0325438249606949,1,0
4365,0.7764416138601884,1.837538737541,1.0325438249606949,1,0
4366,0.7730113884740355,1.944566194565,1.0325438249606949,1,0
4367,0.7695823607400053,1.919968986762,1.0325438249606949,1,0
4368,0.7798712903224518,1.990085177452,1.0325438249606949,1,0
4369,0.7627242054676012,1.984228799988,1.0325438249606949,1,0
4370,0.7764416138601884,1.972187059933,1.0325438249606949,1,0
4371,0.7490123861182537,1.948677397919,1.0325438249606949,1,0
4372,0.7524401163958176,1.945518913075,1.0325438249606949,1,0
4373,0.6121503903747094,1.874201028418,1.0325438249606949,1,0
4374,0.3635909912208107,1.527785511656,1.0325438249606949,1,0
4375,0.18073481247362666,1.419027130351,1.0325438249606949,1,0
4376,0.02901069306232058,1.299427026949,1.0325438249606949,1,0
4377,-0.10535479995017771,1.204288079133,1.0325438249606949,1,0
4378,-0.24593162564109322,1.122908828731,1.0325438249606949,1,0
4379,-0.3293612951170526,1.081098962321,1.0325438249606949,1,0
4380,-0.4458546964530734,1.053753943985,1.0325438249606949,1,0
4381,-0.5321585563661,1.055034925904,1.0325438249606949,1,0
4382,-0.6050298494830735,1.040777157063,1.0325438249606949,1,0
4383,-0.6678490986270516,1.035657123365,1.0325438249606949,1,0
4384,-0.7272642711228907,1.021530200942,1.0325438249606949,0,0
4385,-0.7799975927192333,1.00667278437,1.0325438249606949,0,0
4386,-0.7931693707655513,0.988913294404,1.0325438249606949,0,0
4387,-0.8392325684727661,0.984096405139,1.0325438249606949,0,0
4388,-0.872099635873833,0.984545586809,1.0325438249606949,0,0
4389,-0.9016548957423867,0.999551442934,1.0325438249606949,0,0
4390,-0.9344659729067137,1.019231562261,1.0325438249606949,0,0
4391,-0.9639708315817672,1.03972189668,1.0325438249606949,1,0
4392,-0.8753846958422709,1.077264671385,1.0325438249606949,1,0
4393,-0.5917910029178798,1.096664773677,1.0325438249606949,1,0
4394,-0.32602805460175877,1.112120763887,1.0325438249606949,1,0
4395,-0.11206037933235688,1.143547751534,1.0325438249606949,1,0
4396,0.09637017590715158,1.10648215889,1.0325438249606949,1,0
4397,0.2348254481913656,1.099220059326,1.0325438249606949,1,0
4398,0.3093217306791765,1.068376825458,1.0325438249606949,1,0
4399,0.38396133220434653,1.063210817824,1.0325438249606949,1,0
4400,0.4621457345020821,1.048339334069,1.0325438249606949,1,0
4401,0.5166269545183622,1.040593090467,1.0325438249606949,1,0
4402,0.5882477990148113,1.019582188358,1.0325438249606949,0,0
4403,0.6189821973004123,0.999024149871,1.0325438249606949,0,0
4404,0.6497404488241252,0.978880234607,1.0325438249606949,0,0
4405,0.6702591739154561,0.977788802815,1.0325438249606949,0,0
4406,0.6839443455050718,0.989235191894,1.0325438249606949,0,0
4407,0.7010571475679078,1.016686137605,1.0325438249606949,0,0
4408,0.7044807359652138,1.040611986548,1.0325438249606949,1,0
4409,0.7250277056857736,1.039450805372,1.0325438249606949,1,0
4410,0.7216024206146271,1.050313930521,1.0325438249606949,1,0
4411,0.7216024206146271,1.044217822119,1.0325438249606949,1,0
4412,0.7455853544710949,1.049085920356,1.0325438249606949,1,0
4413,0.7490123861182537,1.03433694245,1.0325438249606949,1,0
4414,0.7798712903224518,1.03040756648,1.0325438249606949,0,0
4415,0.7592960260704914,1.010714306281,1.0325438249606949,0,0
4416,0.7627242054676012,0.998974385838,1.0325438249606949,0,0
4417,0.7695823607400053,0.987742646215,1.0325438249606949,0,0
4418,0.7730113884740355,0.983277478156,1.0325438249606949,0,0
4419,0.7764416138601884,0.986784669068,1.0325438249606949,0,0
4420,0.793593738834389,0.9925782693,1.0325438249606949,0,0
4421,0.7867323399208191,1.011309188046,1.0325438249606949,0,0
4422,0.7867323399208191,1.018628193298,1.0325438249606949,0,0
4423,0.8141866684551604,1.04066036654,1.0325438249606949,1,0
4424,0.7970257107965544,1.038035929809,1.0325438249606949,1,0
4425,0.7901629146221747,1.049572642421,1.0325438249606949,1,0
4426,0.7901629146221747,1.041788910288,1.0325438249606949,1,0
4427,0.8004571837370019,1.046661062667,1.0325438249606949,1,0
4428,0.793593738834389,1.031148976214,1.0325438249606949,0,0
4429,0.7970257107965544,1.015753151094,1.0325438249606949,0,0
4430,0.8141866684551604,0.988061834886,1.0325438249606949,0,0
4431,0.81762043689551,0.977177641516,1.0325438249606949,0,0
4432,0.8141866684551604,0.982369943071,1.0325438249606949,0,0
4433,0.8382257422548834,1.001610947691,1.0325438249606949,0,0
4434,0.8279217422165586,1.030960484831,1.0325438249606949,0,0
4435,0.8347901773363497,1.040356928075,1.0325438249606949,1,0
4436,0.8279217422165586,1.053710625867,1.0325438249606949,1,0
4437,0.8210536564119699,1.047783553961,1.0325438249606949,1,0
4438,0.8416607083473558,1.057944708207,1.0325438249606949,1,0
4439,0.8416607083473558,1.050694546241,1.0325438249606949,1,0
4440,0.8210536564119699,1.072103702665,1.0325438249606949,1,0
4441,0.8347901773363497,1.069526590973,1.0325438249606949,1,0
4442,0.8107540976669337,1.082445387126,1.0325438249606949,1,0
4443,0.8107540976669337,1.086633758302,1.0325438249606949,1,0
4444,0.8073217264873941,1.060947217981,1.0325438249606949,1,0
4445,0.8107540976669337,1.059601046244,1.0325438249606949,1,0
4446,0.8279217422165586,1.033498870979,1.0325438249606949,1,0
4447,0.8038888562861366,1.005510865851,1.0325438249606949,0,0
4448,0.8107540976669337,0.996183310043,1.0325438249606949,0,0
4449,0.8038888562861366,0.977400164087,1.0325438249606949,0,0
4450,0.8107540976669337,0.975315812841,1.0325438249606949,0,0
4451,0.8038888562861366,0.99046337218,1.0325438249606949,0,0
4452,0.8038888562861366,1.01808962722,1.0325438249606949,0,0
4453,0.8244871254392888,1.056195464529,1.0325438249606949,1,0
4454,0.8004571837370019,1.099591139707,1.0325438249606949,1,0
4455,0.7970257107965544,1.104978179605,1.0325438249606949,1,0
4456,0.81762043689551,1.183101535456,1.0325438249606949,1,0
4457,0.8038888562861366,1.251640841519,1.0325438249606949,1,0
4458,0.7867323399208191,1.397846058776,1.0325438249606949,1,0
4459,0.8107540976669337,1.5251409273,1.0325438249606949,1,0
4460,0.8038888562861366,1.553462876041,1.0325438249606949,1,0
4461,0.7833012162955741,1.597151766567,1.0325438249606949,1,0
4462,0.7798712903224518,1.754446723775,1.0325438249606949,1,0
4463,0.7798712903224518,1.796956220006,1.0325438249606949,1,0
4464,0.7764416138601884,1.800270739381,1.0325438249606949,1,0
4465,0.7730113884740355,1.898896586286,1.0325438249606949,1,0
4466,0.7661535326146621,1.88256223306,1.0325438249606949,1,0
4467,0.7592960260704914,1.900144252852,1.0325438249606949,1,0
4468,0.7524401163958176,1.906246224481,1.0325438249606949,1,0
4469,0.7455853544710949,1.904681513329,1.0325438249606949,1,0
4470,0.7421582230195923,1.924048058387,1.0325438249606949,1,0
4471,0.72845299075692,1.9358641473,1.0325438249606949,1,0
4472,0.502999469839327,1.644861008394,1.0325438249606949,1,0
4473,0.25851289881316664,1.492570087954,1.0325438249606949,1,0
4474,0.0862587545875066,1.370070737091,1.0325438249606949,1,0
4475,-0.05838036363512973,1.27950747217,1.0325438249606949,1,0
4476,-0.1924394666695411,1.144184291016,1.0325438249606949,1,0
4477,-0.2826632170293357,1.098102499131,1.0325438249606949,1,0
4478,-0.3859890570525542,1.063960602452,1.0325438249606949,1,0
4479,-0.49235059589181374,1.050903082517,1.0325438249606949,1,0
4480,-0.5686118433423117,1.050283150037,1.0325438249606949,1,0
4481,-0.6414116765492928,1.036192078746,1.0325438249606949,1,0
4482,-0.7008692658911471,1.027909064381,1.0325438249606949,0,0
4483,-0.7470481368325536,1.016303052195,1.0325438249606949,0,0
4484,-0.7931693707655513,0.99512141543,1.0325438249606949,0,0
4485,-0.8227880063922687,0.98569852992,1.0325438249606949,0,0
4486,-0.872099635873833,0.980693684793,1.0325438249606949,0,0
4487,-0.8885222409987461,0.994654755786,1.0325438249606949,0,0
4488,-0.9147828596818797,1.006675513536,1.0325438249606949,0,0
4489,-0.941024715148423,1.033767617711,1.0325438249606949,1,0
4490,-0.957416380926831,1.065224937834,1.0325438249606949,1,0
4491,-0.6711524227903618,1.090756962581,1.0325438249606949,1,0
4492,-0.44917733275686345,1.113344946264,1.0325438249606949,1,0
4493,-0.20581981084282375,1.132656128293,1.0325438249606949,1,0
4494,0.002100026857348808,1.125885553682,1.0325438249606949,1,0
4495,0.11997373474041484,1.111306684699,1.0325438249606949,1,0
4496,0.23820790472357986,1.082212936704,1.0325438249606949,1,0
4497,0.3601968201537705,1.063548133198,1.0325438249606949,1,0
4498,0.4281340110846696,1.057228092331,1.0325438249606949,1,0
4499,0.5234422438252051,1.039998320416,1.0325438249606949,1,0
4500,0.5643596293825583,1.032726751217,1.0325438249606949,1,0
4501,0.6121503903747094,1.005796051982,1.0325438249606949,0,0
4502,0.6394850535011164,0.986821047621,1.0325438249606949,0,0
4503,0.6599984889622383,0.976869556492,1.0325438249606949,0,0
4504,0.7044807359652138,0.980593200864,1.0325438249606949,0,0
4505,0.6942112183275906,1.00690393667,1.0325438249606949,0,0
4506,0.7044807359652138,1.026799090395,1.0325438249606949,0,0
4507,0.7113284616837152,1.042874507421,1.0325438249606949,1,0
4508,0.7387313909811206,1.045579666208,1.0325438249606949,1,0
4509,0.7318789744584716,1.046676204492,1.0325438249606949,1,0
4510,0.72845299075692,1.040768583403,1.0325438249606949,1,0
4511,0.7558680961842403,1.041081904689,1.0325438249606949,1,0
4512,0.7455853544710949,1.028153996184,1.0325438249606949,0,0
4513,0.7661535326146621,1.018909817086,1.0325438249606949,0,0
4514,0.7695823607400053,0.999306239715,1.0325438249606949,0,0
4515,0.7627242054676012,0.991260880451,1.0325438249606949,0,0
4516,0.7661535326146621,0.981685316363,1.0325438249606949,0,0
4517,0.793593738834389,0.986302342922,1.0325438249606949,0,0
4518,0.7798712903224518,0.98903858869,1.0325438249606949,0,0
4519,0.8073217264873941,1.004332401157,1.0325438249606949,0,0
4520,0.8004571837370019,1.015914250644,1.0325438249606949,0,0
4521,0.793593738834389,1.03204652963,1.0325438249606949,0,0
4522,0.7970257107965544,1.03965001742,1.0325438249606949,1,0
4523,0.7901629146221747,1.042939567798,1.0325438249606949,1,0
4524,0.8073217264873941,1.046847429116,1.0325438249606949,1,0
4525,0.793593738834389,1.040215871418,1.0325438249606949,1,0
4526,0.81762043689551,1.043851617145,1.0325438249606949,1,0
4527,0.8004571837370019,1.025463999397,1.0325438249606949,0,0
4528,0.8279217422165586,0.998628241859,1.0325438249606949,0,0
4529,0.8141866684551604,0.979279550945,1.0325438249606949,0,0
4530,0.8279217422165586,0.977556975475,1.0325438249606949,0,0
4531,0.8244871254392888,0.99109635967,1.0325438249606949,0,0
4532,0.8244871254392888,1.013930933974,1.0325438249606949,0,0
4533,0.8313558599721106,1.033630558749,1.0325438249606949,1,0
4534,0.8244871254392888,1.049740696299,1.0325438249606949,1,0
4535,0.8382257422548834,1.048153474105,1.0325438249606949,1,0
4536,0.81762043689551,1.054901165867,1.0325438249606949,1,0
4537,0.8244871254392888,1.058326687911,1.0325438249606949,1,0
4538,0.8107540976669337,1.055115158356,1.0325438249606949,1,0
4539,0.8107540976669337,1.07316166852,1.0325438249606949,1,0
4540,0.8210536564119699,1.062643191899,1.0325438249606949,1,0
4541,0.8073217264873941,1.083367702865,1.0325438249606949,1,0
4542,0.8244871254392888,1.073778548919,1.0325438249606949,1,0
4543,0.8073217264873941,1.06661868299,1.0325438249606949,1,0
4544,0.8210536564119699,1.055561273141,1.0325438249606949,1,0
4545,0.8073217264873941,1.021633362069,1.0325438249606949,0,0
4546,0.8141866684551604,1.004281063318,1.0325438249606949,0,0
4547,0.8347901773363497,0.984689055644,1.0325438249606949,0,0
4548,0.8107540976669337,0.973326638975,1.0325438249606949,0,0
4549,0.8107540976669337,0.982186174397,1.0325438249606949,0,0
4550,0.8244871254392888,0.999479988253,1.0325438249606949,0,0
4551,0.8141866684551604,1.04367733829,1.0325438249606949,1,0
4552,0.8038888562861366,1.077086166267,1.0325438249606949,1,0
4553,0.7901629146221747,1.098351335759,1.0325438249606949,1,0
4554,0.793593738834389,1.125462384503,1.0325438249606949,1,0
4555,0.8141866684551604,1.226659159762,1.0325438249606949,1,0
4556,0.7833012162955741,1.322887668531,1.0325438249606949,1,0
4557,0.7970257107965544,1.429116877849,1.0325438249606949,1,0
4558,0.7798712903224518,1.508798093662,1.0325438249606949,1,0
4559,0.7833012162955741,1.619768359054,1.0325438249606949,1,0
4560,0.7798712903224518,1.674331208289,1.0325438249606949,1,0
4561,0.793593738834389,1.75831331307,1.0325438249606949,1,0
4562,0.7730113884740355,1.814172622163,1.0325438249606949,1,0
4563,0.793593738834389,1.849145142637,1.0325438249606949,1,0
4564,0.7901629146221747,1.877193688323,1.0325438249606949,1,0
4565,0.7867323399208191,1.879643382746,1.0325438249606949,1,0
4566,0.7798712903224518,1.928139259263,1.0325438249606949,1,0
4567,0.7730113884740355,1.898035934797,1.0325438249606949,1,0
4568,0.7455853544710949,1.892741808978,1.0325438249606949,1,0
4569,0.7387313909811206,1.913525432674,1.0325438249606949,1,0
4570,0.5984899702622978,1.794449789151,1.0325438249606949,1,0
4571,0.3534098004272424,1.529613180366,1.0325438249606949,1,0
4572,0.16384764308050492,1.419819750034,1.0325438249606949,1,0
4573,0.012189366465980046,1.31256831337,1.0325438249606949,1,0
4574,-0.13217105436502286,1.190915539971,1.0325438249606949,1,0
4575,-0.25261247849715424,1.115992295305,1.0325438249606949,1,0
4576,-0.3593510781464018,1.075614271341,1.0325438249606949,1,0
4577,-0.44917733275686345,1.049575322089,1.0325438249606949,1,0
4578,-0.5321585563661,1.050171604826,1.0325438249606949,1,0
4579,-0.6083385630809361,1.036719671991,1.0325438249606949,1,0
4580,-0.6678490986270516,1.030810808273,1.0325438249606949,0,0
4581,-0.7206672539154243,1.017015630732,1.0325438249606949,0,0
4582,-0.7734102066309207,1.003637244864,1.0325438249606949,0,0
4583,-0.799753263701839,0.985962612811,1.0325438249606949,0,0
4584,-0.8523828885852176,0.98077331564,1.0325438249606949,0,0
4585,-0.8688142764923644,0.98374802274,1.0325438249606949,0,0
4586,-0.8983722310781943,1.002039959727,1.0325438249606949,0,0
4587,-0.9279062326215687,1.018005739252,1.0325438249606949,0,0
4588,-0.9508605330110851,1.044231276714,1.0325438249606949,1,0
4589,-0.8622426594903352,1.082777174063,1.0325438249606949,1,0
4590,-0.5089423194768975,1.095732550495,1.0325438249606949,1,0
4591,-0.3160252640723127,1.112711801136,1.0325438249606949,1,0
4592,-0.08187450571898855,1.13356256881,1.0325438249606949,1,0
4593,0.10985613178924034,1.114084066679,1.0325438249606949,1,0
4594,0.2517435319799065,1.096247367447,1.0325438249606949,1,0
4595,0.3568037718855954,1.065415450468,1.0325438249606949,1,0
4596,0.4213343661086805,1.060844557451,1.0325438249606949,1,0
4597,0.4621457345020821,1.045218995279,1.0325438249606949,1,0
4598,0.5438956469736728,1.03871403246,1.0325438249606949,1,0
4599,0.6019046760730264,1.012306994631,1.0325438249606949,0,0
4600,0.6429033023660415,0.993359096768,1.0325438249606949,0,0
4601,0.6429033023660415,0.97750812375,1.0325438249606949,0,0
4602,0.6599984889622383,0.977935711227,1.0325438249606949,0,0
4603,0.6942112183275906,0.990899708941,1.0325438249606949,0,0
4604,0.6942112183275906,1.016637512581,1.0325438249606949,0,0
4605,0.6976338086814609,1.041160852707,1.0325438249606949,1,0
4606,0.7079042245581761,1.037896094227,1.0325438249606949,1,0
4607,0.7181772852499959,1.048308208295,1.0325438249606949,1,0
4608,0.7216024206146271,1.041555680008,1.0325438249606949,1,0
4609,0.7421582230195923,1.04798175116,1.0325438249606949,1,0
4610,0.7387313909811206,1.034109186289,1.0325438249606949,1,0
4611,0.7524401163958176,1.028802778985,1.0325438249606949,0,0
4612,0.7764416138601884,1.006356793957,1.0325438249606949,0,0
4613,0.7558680961842403,0.999421401311,1.0325438249606949,0,0
4614,0.7558680961842403,0.987653725418,1.0325438249606949,0,0
4615,0.7661535326146621,0.984954882445,1.0325438249606949,0,0
4616,0.7764416138601884,0.987935369967,1.0325438249606949,0,0
4617,0.7901629146221747,0.996936204449,1.0325438249606949,0,0
4618,0.8107540976669337,1.014394142741,1.0325438249606949,0,0
4619,0.7901629146221747,1.020648899817,1.0325438249606949,0,0
4620,0.7970257107965544,1.040205321993,1.0325438249606949,1,0
4621,0.8004571837370019,1.037929920239,1.0325438249606949,1,0
4622,0.8038888562861366,1.047116883542,1.0325438249606949,1,0
4623,0.8004571837370019,1.039300176916,1.0325438249606949,1,0
4624,0.8004571837370019,1.046069655332,1.0325438249606949,1,0
4625,0.8004571837370019,1.023849772875,1.0325438249606949,0,0
4626,0.8141866684551604,1.00564225376,1.0325438249606949,0,0
4627,0.8210536564119699,0.98513844399,1.0325438249606949,0,0
4628,0.8210536564119699,0.977070005378,1.0325438249606949,0,0
4629,0.8244871254392888,0.984903793914,1.0325438249606949,0,0
4630,0.845095923950687,1.002422027079,1.0325438249606949,0,0
4631,0.8244871254392888,1.029189256759,1.0325438249606949,0,0
4632,0.8244871254392888,1.041544264779,1.0325438249606949,1,0
4633,0.8347901773363497,1.050873222421,1.0325438249606949,1,0
4634,0.8244871254392888,1.046524044225,1.0325438249606949,1,0
4635,0.8210536564119699,1.05767555209,1.0325438249606949,1,0
4636,0.81762043689551,1.054466204163,1.0325438249606949,1,0
4637,0.8313558599721106,1.076271249055,1.0325438249606949,1,0
4638,0.8141866684551604,1.073052429676,1.0325438249606949,1,0
4639,0.81762043689551,1.086921091128,1.0325438249606949,1,0
4640,0.8107540976669337,1.08079742447,1.0325438249606949,1,0
4641,0.8073217264873941,1.06492658989,1.0325438249606949,1,0
4642,0.8313558599721106,1.056905114187,1.0325438249606949,1,0
4643,0.8347901773363497,1.030727371168,1.0325438249606949,0,0
4644,0.8107540976669337,1.008140257392,1.0325438249606949,0,0
4645,0.8141866684551604,0.995472924898,1.0325438249606949,0,0
4646,0.8313558599721106,0.974362345957,1.0325438249606949,0,0
4647,0.8141866684551604,0.978449988526,1.0325438249606949,0,0
4648,0.8107540976669337,0.992518395229,1.0325438249606949,0,0
4649,0.8107540976669337,1.030998510034,1.0325438249606949,0,0
4650,0.8073217264873941,1.061013314243,1.0325438249606949,1,0
4651,0.8004571837370019,1.096898251228,1.0325438249606949,1,0
4652,0.7970257107965544,1.11444391213,1.0325438249606949,1,0
4653,0.8038888562861366,1.212184491478,1.0325438249606949,1,0
4654,0.8107540976669337,1.274303349766,1.0325438249606949,1,0
4655,0.7901629146221747,1.457379983376,1.0325438249606949,1,0
4656,0.7867323399208191,1.493577574487,1.0325438249606949,1,0
4657,0.7798712903224518,1.565299922948,1.0325438249606949,1,0
4658,0.7833012162955741,1.669325562927,1.0325438249606949,1,0
4659,0.8038888562861366,1.742570819289,1.0325438249606949,1,0
4660,0.7901629146221747,1.796705616673,1.0325438249606949,1,0
4661,0.7798712903224518,1.800747133618,1.0325438249606949,1,0
4662,0.7695823607400053,1.906513774162,1.0325438249606949,1,0
4663,0.7661535326146621,1.883707175885,1.0325438249606949,1,0
4664,0.7901629146221747,1.870567093668,1.0325438249606949,1,0
4665,0.7695823607400053,1.887853030968,1.0325438249606949,1,0
4666,0.7592960260704914,1.892553091461,1.0325438249606949,1,0
4667,0.7421582230195923,1.890861329126,1.0325438249606949,1,0
4668,0.7318789744584716,1.910311117487,1.0325438249606949,1,0
4669,0.5064060415960551,1.648702300732,1.0325438249606949,1,0
4670,0.2517435319799065,1.48741606449,1.0325438249606949,1,0
4671,0.07951921833687235,1.360784679443,1.0325438249606949,1,0
4672,-0.06509460104411316,1.274596219206,1.0325438249606949,1,0
4673,-0.1924394666695411,1.157984917853,1.0325438249606949,1,0
4674,-0.3060198287277621,1.095757057761,1.0325438249606949,1,0
4675,-0.4126074743073679,1.061924067609,1.0325438249606949,1,0
4676,-0.4956696891414072,1.049342423539,1.0325438249606949,1,0
4677,-0.5686118433423117,1.04821452472,1.0325438249606949,1,0
4678,-0.6381057574730499,1.03483780334,1.0325438249606949,1,0
4679,-0.697568636445113,1.026298013572,1.0325438249606949,0,0
4680,-0.7503443748874706,1.014955458416,1.0325438249606949,0,0
4681,-0.7964614170380386,0.993539114162,1.0325438249606949,0,0
4682,-0.835944314765334,0.985611995448,1.0325438249606949,0,0
4683,-0.8753846958422709,0.980450635789,1.0325438249606949,0,0
4684,-0.8852381790737439,0.994398014501,1.0325438249606949,0,0
4685,-0.9344659729067137,1.007075429846,1.0325438249606949,0,0
4686,-0.9377455436362555,1.034903335074,1.0325438249606949,1,0
4687,-0.957416380926831,1.066936782753,1.0325438249606949,1,0
4688,-0.6347997385924634,1.092215293765,1.0325438249606949,1,0
4689,-0.42923452863007366,1.11546973443,1.0325438249606949,1,0
4690,-0.18574800960197632,1.135843579554,1.0325438249606949,1,0
4691,-0.03487162516602457,1.117078041307,1.0325438249606949,1,0
4692,0.18749221526120188,1.105755088471,1.0325438249606949,1,0
4693,0.31271148540401394,1.083114273683,1.0325438249606949,1,0
4694,0.3635909912208107,1.062585164362,1.0325438249606949,1,0
4695,0.43493358120740094,1.054588366727,1.0325438249606949,1,0
4696,0.5473057118824256,1.040856818822,1.0325438249606949,1,0
4697,0.5575372539673225,1.026796956275,1.0325438249606949,0,0
4698,0.6121503903747094,1.002127742045,1.0325438249606949,0,0
4699,0.6394850535011164,0.983551521211,1.0325438249606949,0,0
4700,0.6668384798441136,0.976856698191,1.0325438249606949,0,0
4701,0.6907885281693767,0.980364073538,1.0325438249606949,0,0
4702,0.7079042245581761,1.004014296499,1.0325438249606949,0,0
4703,0.6976338086814609,1.025426335913,1.0325438249606949,0,0
4704,0.7353052076708819,1.041988829577,1.0325438249606949,1,0
4705,0.7421582230195923,1.04292790709,1.0325438249606949,1,0
4706,0.72845299075692,1.044916850162,1.0325438249606949,1,0
4707,0.7490123861182537,1.041167823054,1.0325438249606949,1,0
4708,0.7490123861182537,1.040295326728,1.0325438249606949,1,0
4709,0.7661535326146621,1.028467179912,1.0325438249606949,0,0
4710,0.7490123861182537,1.017461520461,1.0325438249606949,0,0
4711,0.7695823607400053,0.999168397316,1.0325438249606949,0,0
4712,0.7627242054676012,0.991232713278,1.0325438249606949,0,0
4713,0.7695823607400053,0.982097576864,1.0325438249606949,0,0
4714,0.7730113884740355,0.987110204049,1.0325438249606949,0,0
4715,0.7764416138601884,0.990479674696,1.0325438249606949,0,0
4716,0.7833012162955741,1.006747588759,1.0325438249606949,0,0
4717,0.7833012162955741,1.017998520758,1.0325438249606949,0,0
4718,0.793593738834389,1.030991738728,1.0325438249606949,0,0
4719,0.8004571837370019,1.041261552833,1.0325438249606949,1,0
4720,0.8210536564119699,1.044134814796,1.0325438249606949,1,0
4721,0.8073217264873941,1.044381076874,1.0325438249606949,1,0
4722,0.8038888562861366,1.043353352848,1.0325438249606949,1,0
4723,0.8038888562861366,1.038184249083,1.0325438249606949,1,0
4724,0.81762043689551,1.022816753808,1.0325438249606949,0,0
4725,0.8141866684551604,0.993830656917,1.0325438249606949,0,0
4726,0.8313558599721106,0.978112928204,1.0325438249606949,0,0
4727,0.8382257422548834,0.978089756421,1.0325438249606949,0,0
4728,0.845095923950687,0.991010588348,1.0325438249606949,0,0
4729,0.8485323372061411,1.013367900804,1.0325438249606949,0,0
4730,0.8485323372061411,1.032657477394,1.0325438249606949,1,0
4731,0.845095923950687,1.048193255713,1.0325438249606949,1,0
4732,0.8347901773363497,1.045098868295,1.0325438249606949,1,0
4733,0.8244871254392888,1.052088963257,1.0325438249606949,1,0
4734,0.845095923950687,1.053403415419,1.0325438249606949,1,0
4735,0.8244871254392888,1.057400493631,1.0325438249606949,1,0
4736,0.8416607083473558,1.064978057463,1.0325438249606949,1,0
4737,0.8279217422165586,1.061891374827,1.0325438249606949,1,0
4738,0.8244871254392888,1.078461694012,1.0325438249606949,1,0
4739,0.8416607083473558,1.065104202673,1.0325438249606949,1,0
4740,0.8210536564119699,1.05694033166,1.0325438249606949,1,0
4741,0.81762043689551,1.038437186558,1.0325438249606949,1,0
4742,0.8107540976669337,1.009609954763,1.0325438249606949,0,0
4743,0.8141866684551604,1.001365944807,1.0325438249606949,0,0
4744,0.8141866684551604,0.982180843233,1.0325438249606949,0,0
4745,0.8107540976669337,0.973833751281,1.0325438249606949,0,0
4746,0.8313558599721106,0.98300397735,1.0325438249606949,0,0
4747,0.8073217264873941,1.003712011358,1.0325438249606949,0,0
4748,0.8073217264873941,1.045633069595,1.0325438249606949,1,0
4749,0.8107540976669337,1.080791560444,1.0325438249606949,1,0
4750,0.81762043689551,1.097701134732,1.0325438249606949,1,0
4751,0.7970257107965544,1.152767679043,1.0325438249606949,1,0
4752,0.8107540976669337,1.248998597023,1.0325438249606949,1,0
4753,0.7970257107965544,1.355514492875,1.0325438249606949,1,0
4754,0.8073217264873941,1.500298768041,1.0325438249606949,1,0
4755,0.7901629146221747,1.543283104698,1.0325438249606949,1,0
4756,0.7867323399208191,1.57807713129,1.0325438249606949,1,0
4757,0.8107540976669337,1.721626317448,1.0325438249606949,1,0
4758,0.7833012162955741,1.803496521447,1.0325438249606949,1,0
4759,0.8004571837370019,1.873302372892,1.0325438249606949,1,0
4760,0.7764416138601884,1.882629553772,1.0325438249606949,1,0
4761,0.7730113884740355,1.926729241742,1.0325438249606949,1,0
4762,0.7833012162955741,1.918266164787,1.0325438249606949,1,0
4763,0.7558680961842403,1.936766649118,1.0325438249606949,1,0
4764,0.7524401163958176,1.935981383878,1.0325438249606949,1,0
4765,0.7524401163958176,1.952847360229,1.0325438249606949,1,0
4766,0.7353052076708819,1.910455824591,1.0325438249606949,1,0
4767,0.5814212817193174,1.820248999033,1.0325438249606949,1,0
4768,0.3398388299577508,1.510546000326,1.0325438249606949,1,0
4769,0.17397938082183684,1.409894909494,1.0325438249606949,1,0
4770,0.008825829094642815,1.307644195175,1.0325438249606949,1,0
4771,-0.13552212243118594,1.190882729157,1.0325438249606949,1,0
4772,-0.25261247849715424,1.10525054459,1.0325438249606949,1,0
4773,-0.3626818984063642,1.07054171278,1.0325438249606949,1,0
4774,-0.45250021857151246,1.047710677646,1.0325438249606949,1,0
4775,-0.5321585563661,1.048028859346,1.0325438249606949,1,0
4776,-0.6017204871569775,1.034622765109,1.0325438249606949,1,0
4777,-0.6579373296589367,1.029677750119,1.0325438249606949,0,0
4778,-0.7239661866876176,1.016331568143,1.0325438249606949,0,0
4779,-0.7734102066309207,1.003251340194,1.0325438249606949,0,0
4780,-0.799753263701839,0.983884012992,1.0325438249606949,0,0
4781,-0.8556698448361832,0.977275582278,1.0325438249606949,0,0
4782,-0.8885222409987461,0.98005406442,1.0325438249606949,0,0
4783,-0.9147828596818797,0.996123210018,1.0325438249606949,0,0
4784,-0.9475822597380097,1.012066678469,1.0325438249606949,0,0
4785,-0.9508605330110851,1.037625667844,1.0325438249606949,1,0
4786,-0.826077557556167,1.07605266281,1.0325438249606949,1,0
4787,-0.5321585563661,1.090612397488,1.0325438249606949,1,0
4788,-0.24927227662889678,1.111107570342,1.0325438249606949,1,0
4789,-0.044948595273825234,1.125641243085,1.0325438249606949,1,0
4790,0.10985613178924034,1.105799625389,1.0325438249606949,1,0
4791,0.20777071129757219,1.088897649376,1.0325438249606949,1,0
4792,0.3262734235804129,1.060942203093,1.0325438249606949,1,0
4793,0.4111381547614057,1.059785171232,1.0325438249606949,1,0
4794,0.5064060415960551,1.045661314838,1.0325438249606949,1,0
4795,0.5575372539673225,1.038192367685,1.0325438249606949,1,0
4796,0.5916616564886197,1.011909221245,1.0325438249606949,0,0
4797,0.6292323029932121,0.991444645205,1.0325438249606949,0,0
4798,0.6531595959281424,0.977428693933,1.0325438249606949,0,0
4799,0.6668384798441136,0.977777776111,1.0325438249606949,0,0
4800,0.6771009612755154,0.992367502562,1.0325438249606949,0,0
4801,0.6873660875220218,1.015350849349,1.0325438249606949,0,0
4802,0.6942112183275906,1.040245280524,1.0325438249606949,1,0
4803,0.7044807359652138,1.039245769917,1.0325438249606949,1,0
4804,0.7181772852499959,1.048955218484,1.0325438249606949,1,0
4805,0.7421582230195923,1.040759905469,1.0325438249606949,1,0
4806,0.7353052076708819,1.046275182815,1.0325438249606949,1,0
4807,0.7387313909811206,1.032356678945,1.0325438249606949,0,0
4808,0.7455853544710949,1.026561397797,1.0325438249606949,0,0
4809,0.7764416138601884,1.004401977852,1.0325438249606949,0,0
4810,0.7798712903224518,0.997543724555,1.0325438249606949,0,0
4811,0.7798712903224518,0.985185976591,1.0325438249606949,0,0
4812,0.7833012162955741,0.98312803721,1.0325438249606949,0,0
4813,0.793593738834389,0.986804624709,1.0325438249606949,0,0
4814,0.7867323399208191,0.994481245115,1.0325438249606949,0,0
4815,0.7867323399208191,1.012727888775,1.0325438249606949,0,0
4816,0.7764416138601884,1.022196318522,1.0325438249606949,0,0
4817,0.8004571837370019,1.038248757649,1.0325438249606949,1,0
4818,0.8038888562861366,1.038624928238,1.0325438249606949,1,0
4819,0.8004571837370019,1.046806499712,1.0325438249606949,1,0
4820,0.7901629146221747,1.039250503889,1.0325438249606949,1,0
4821,0.793593738834389,1.043773533453,1.0325438249606949,1,0
4822,0.8004571837370019,1.02481879158,1.0325438249606949,0,0
4823,0.8107540976669337,1.007932083845,1.0325438249606949,0,0
4824,0.8073217264873941,0.985660747101,1.0325438249606949,0,0
4825,0.8347901773363497,0.977070005378,1.0325438249606949,0,0
4826,0.81762043689551,0.9854005994,1.0325438249606949,0,0
4827,0.8279217422165586,1.004180762402,1.0325438249606949,0,0
4828,0.8210536564119699,1.028040808554,1.0325438249606949,0,0
4829,0.8210536564119699,1.041834476694,1.0325438249606949,1,0
4830,0.8279217422165586,1.050856352182,1.0325438249606949,1,0
4831,0.8279217422165586,1.047104916549,1.0325438249606949,1,0
4832,0.8279217422165586,1.057746723992,1.0325438249606949,1,0
4833,0.8382257422548834,1.054239723958,1.0325438249606949,1,0
4834,0.8244871254392888,1.076215270783,1.0325438249606949,1,0
4835,0.8279217422165586,1.073351131085,1.0325438249606949,1,0
4836,0.8313558599721106,1.087148610137,1.0325438249606949,1,0
4837,0.8485323372061411,1.080253194161,1.0325438249606949,1,0
4838,0.8210536564119699,1.062444958378,1.0325438249606949,1,0
4839,0.8279217422165586,1.052614846766,1.0325438249606949,1,0
4840,0.81762043689551,1.02492220667,1.0325438249606949,0,0
4841,0.8210536564119699,1.002043395397,1.0325438249606949,0,0
4842,0.8382257422548834,0.989010112506,1.0325438249606949,0,0
4843,0.8279217422165586,0.971768525536,1.0325438249606949,0,0
4844,0.81762043689551,0.97759766889,1.0325438249606949,0,0
4845,0.8141866684551604,0.992766813548,1.0325438249606949,0,0
4846,0.8347901773363497,1.032397280007,1.0325438249606949,0,0
4847,0.8210536564119699,1.064339439999,1.0325438249606949,1,0
4848,0.8073217264873941,1.094531721195,1.0325438249606949,1,0
4849,0.8210536564119699,1.112454061567,1.0325438249606949,1,0
4850,0.8073217264873941,1.221302157962,1.0325438249606949,1,0
4851,0.81762043689551,1.265607903872,1.0325438249606949,1,0
4852,0.7970257107965544,1.420164013103,1.0325438249606949,1,0
4853,0.81762043689551,1.485968662774,1.0325438249606949,1,0
4854,0.7901629146221747,1.553575572449,1.0325438249606949,1,0
4855,0.7867323399208191,1.647008328874,1.0325438249606949,1,0
4856,0.7798712903224518,1.758859284549,1.0325438249606949,1,0
4857,0.7764416138601884,1.768637780831,1.0325438249606949,1,0
4858,0.7764416138601884,1.77765392749,1.0325438249606949,1,0
4859,0.7592960260704914,1.76120230189,1.0325438249606949,1,0
4860,0.7524401163958176,1.744084263415,1.0325438249606949,1,0
4861,0.7661535326146621,1.761553519036,1.0325438249606949,1,0
4862,0.7490123861182537,1.767812860822,1.0325438249606949,1,0
4863,0.7455853544710949,1.741103301621,1.0325438249606949,1,0
4864,0.7490123861182537,1.742439115684,1.0325438249606949,1,0
4865,0.7147528984179414,1.759022779437,1.0325438249606949,1,0
4866,0.45874385354950153,1.584673377143,1.0325438249606949,1,0
4867,0.25851289881316664,1.468877138932,1.0325438249606949,1,0
4868,0.08288894045862487,1.347790924491,1.0325438249606949,1,0
4869,-0.07516362423105749,1.277293084926,1.0325438249606949,1,0
4870,-0.20581981084282375,1.140541432484,1.0325438249606949,1,0
4871,-0.29267481529210143,1.094762705682,1.0325438249606949,1,0
4872,-0.40595486608053577,1.060455033693,1.0325438249606949,1,0
4873,-0.49235059589181374,1.048115304043,1.0325438249606949,1,0
4874,-0.5719241498965428,1.04670740983,1.0325438249606949,1,0
4875,-0.6381057574730499,1.033573192656,1.0325438249606949,1,0
4876,-0.697568636445113,1.024334653747,1.0325438249606949,0,0
4877,-0.7536406628445596,1.012606483458,1.0325438249606949,0,0
4878,-0.799753263701839,0.990758225503,1.0325438249606949,0,0
4879,-0.8392325684727661,0.983575963723,1.0325438249606949,0,0
4880,-0.8786695562020216,0.977318024139,1.0325438249606949,0,0
4881,-0.881954017344398,0.994723159433,1.0325438249606949,0,0
4882,-0.9279062326215687,1.007431950913,1.0325438249606949,0,0
4883,-0.9541385068711299,1.036490718539,1.0325438249606949,1,0
4884,-0.9672478073983763,1.069110454783,1.0325438249606949,1,0
4885,-0.6281860041574497,1.094524788313,1.0325438249606949,1,0
4886,-0.3959732839740972,1.118259471537,1.0325438249606949,1,0
4887,-0.1656656041496251,1.129427971397,1.0325438249606949,1,0
4888,0.032375995722984614,1.12084190354,1.0325438249606949,1,0
4889,0.2010097654558004,1.108541580705,1.0325438249606949,1,0
4890,0.3262734235804129,1.078618480323,1.0325438249606949,1,0
4891,0.3703797824744371,1.062056136326,1.0325438249606949,1,0
4892,0.475759071915417,1.052558509653,1.0325438249606949,1,0
4893,0.5507160263020374,1.040121848464,1.0325438249606949,1,0
4894,0.5814212817193174,1.023787785789,1.0325438249606949,0,0
4895,0.6155659445223584,0.999253093285,1.0325438249606949,0,0
4896,0.646321501328795,0.979873711675,1.0325438249606949,0,0
4897,0.6599984889622383,0.976856698191,1.0325438249606949,0,0
4898,0.6805225036837783,0.980962199898,1.0325438249606949,0,0
4899,0.6873660875220218,1.003284035954,1.0325438249606949,0,0
4900,0.6976338086814609,1.023259236746,1.0325438249606949,0,0
4901,0.7010571475679078,1.040062880681,1.0325438249606949,1,0
4902,0.7079042245581761,1.044817053421,1.0325438249606949,1,0
4903,0.7181772852499959,1.043896800896,1.0325438249606949,1,0
4904,0.7353052076708819,1.041445650914,1.0325438249606949,1,0
4905,0.7421582230195923,1.040306775191,1.0325438249606949,1,0
4906,0.7387313909811206,1.027043123547,1.0325438249606949,0,0
4907,0.7455853544710949,1.016597158405,1.0325438249606949,0,0
4908,0.7490123861182537,0.998576126856,1.0325438249606949,0,0
4909,0.7695823607400053,0.988005978969,1.0325438249606949,0,0
4910,0.7592960260704914,0.982711332876,1.0325438249606949,0,0
4911,0.7661535326146621,0.988347756886,1.0325438249606949,0,0
4912,0.7764416138601884,0.990439225528,1.0325438249606949,0,0
4913,0.7695823607400053,1.010524169959,1.0325438249606949,0,0
4914,0.7833012162955741,1.020680948944,1.0325438249606949,0,0
4915,0.7833012162955741,1.037742796836,1.0325438249606949,1,0
4916,0.7970257107965544,1.042319111044,1.0325438249606949,1,0
4917,0.7867323399208191,1.049118309726,1.0325438249606949,1,0
4918,0.8141866684551604,1.046134108362,1.0325438249606949,1,0
4919,0.7970257107965544,1.046938797152,1.0325438249606949,1,0
4920,0.7970257107965544,1.035335205877,1.0325438249606949,1,0
4921,0.8004571837370019,1.022020166904,1.0325438249606949,0,0
4922,0.8313558599721106,0.991458916323,1.0325438249606949,0,0
4923,0.8107540976669337,0.977351015024,1.0325438249606949,0,0
4924,0.8382257422548834,0.979116166615,1.0325438249606949,0,0
4925,0.8313558599721106,0.993909169087,1.0325438249606949,0,0
4926,0.8313558599721106,1.016959839767,1.0325438249606949,0,0
4927,0.8210536564119699,1.034282856994,1.0325438249606949,1,0
4928,0.8416607083473558,1.051668199286,1.0325438249606949,1,0
4929,0.8347901773363497,1.045430427318,1.0325438249606949,1,0
4930,0.8347901773363497,1.054368892284,1.0325438249606949,1,0
4931,0.8347901773363497,1.05421487708,1.0325438249606949,1,0
4932,0.8279217422165586,1.060658962478,1.0325438249606949,1,0
4933,0.845095923950687,1.076030408677,1.0325438249606949,1,0
4934,0.845095923950687,1.076027272155,1.0325438249606949,1,0
4935,0.8485323372061411,1.082536113079,1.0325438249606949,1,0
4936,0.8279217422165586,1.061922552213,1.0325438249606949,1,0
4937,0.8416607083473558,1.062538401126,1.0325438249606949,1,0
4938,0.8382257422548834,1.041752592316,1.0325438249606949,1,0
4939,0.8141866684551604,1.011080522364,1.0325438249606949,0,0
4940,0.8073217264873941,1.003437371158,1.0325438249606949,0,0
4941,0.81762043689551,0.982463557576,1.0325438249606949,0,0
4942,0.8313558599721106,0.975598649183,1.0325438249606949,0,0
4943,0.8038888562861366,0.985870505628,1.0325438249606949,0,0
4944,0.8038888562861366,1.011464122713,1.0325438249606949,0,0
4945,0.8004571837370019,1.054939570595,1.0325438249606949,1,0
4946,0.8004571837370019,1.087318839752,1.0325438249606949,1,0
4947,0.81762043689551,1.100316976116,1.0325438249606949,1,0
4948,0.8073217264873941,1.163594030174,1.0325438249606949,1,0
4949,0.7867323399208191,1.261823790874,1.0325438249606949,1,0
4950,0.7833012162955741,1.378669899812,1.0325438249606949,1,0
4951,0.7833012162955741,1.537760991828,1.0325438249606949,1,0
4952,0.7798712903224518,1.564820694026,1.0325438249606949,1,0
4953,0.7764416138601884,1.611130284438,1.0325438249606949,1,0
4954,0.7798712903224518,1.741385298721,1.0325438249606949,1,0
4955,0.7730113884740355,1.780782953299,1.0325438249606949,1,0
4956,0.7695823607400053,1.799696929938,1.0325438249606949,1,0
4957,0.7627242054676012,1.824079176892,1.0325438249606949,1,0
4958,0.7592960260704914,1.810598592496,1.0325438249606949,1,0
4959,0.7524401163958176,1.886591791709,1.0325438249606949,1,0
4960,0.7695823607400053,1.888410799507,1.0325438249606949,1,0
4961,0.7421582230195923,1.895625945737,1.0325438249606949,1,0
4962,0.7353052076708819,1.910037154912,1.0325438249606949,1,0
4963,0.7318789744584716,1.909214247278,1.0325438249606949,1,0
4964,0.5643596293825583,1.758420100421,1.0325438249606949,1,0
4965,0.3194914439732348,1.520049547617,1.0325438249606949,1,0
4966,0.16384764308050492,1.442374971275,1.0325438249606949,1,0
4967,-0.007986661698406491,1.288552964817,1.0325438249606949,1,0
4968,-0.14557259448577015,1.193977742262,1.0325438249606949,1,0
4969,-0.2592927075760679,1.104469547275,1.0325438249606949,1,0
4970,-0.3593510781464018,1.075020732821,1.0325438249606949,1,0
4971,-0.44253101220367597,1.051138856798,1.0325438249606949,1,0
4972,-0.5354741065614969,1.051463575692,1.0325438249606949,1,0
4973,-0.6050298494830735,1.03913847669,1.0325438249606949,1,0
4974,-0.6711524227903618,1.033804378232,1.0325438249606949,1,0
4975,-0.7239661866876176,1.018914586888,1.0325438249606949,0,0
4976,-0.7799975927192333,1.00516631931,1.0325438249606949,0,0
4977,-0.826077557556167,0.986468000398,1.0325438249606949,0,0
4978,-0.8655285178935216,0.982204400659,1.0325438249606949,0,0
4979,-0.8885222409987461,0.985611797301,1.0325438249606949,0,0
4980,-0.9311862025684848,1.008732458096,1.0325438249606949,0,0
4981,-0.941024715148423,1.024944446956,1.0325438249606949,0,0
4982,-0.9738005613794718,1.051496052193,1.0325438249606949,1,0
4983,-0.8227880063922687,1.089359859033,1.0325438249606949,1,0
4984,-0.52552700685576,1.100041781207,1.0325438249606949,1,0
4985,-0.28600102359334767,1.115609301639,1.0325438249606949,1,0
4986,-0.055022920566521444,1.135658060324,1.0325438249606949,1,0
4987,0.12672033994557064,1.116215348299,1.0325438249606949,1,0
4988,0.21791392653841404,1.097109903057,1.0325438249606949,1,0
4989,0.32288209693716435,1.065863891834,1.0325438249606949,1,0
4990,0.40094458822923534,1.061838172567,1.0325438249606949,1,0
4991,0.5064060415960551,1.048516808162,1.0325438249606949,1,0
4992,0.5643596293825583,1.040589545581,1.0325438249606949,1,0
4993,0.5984899702622978,1.013556521522,1.0325438249606949,0,0
4994,0.6360670042448783,0.992657836509,1.0325438249606949,0,0
4995,0.656578693129988,0.977428693933,1.0325438249606949,0,0
4996,0.6736801174976575,0.977935711227,1.0325438249606949,0,0
4997,0.7079042245581761,0.991040921171,1.0325438249606949,0,0
4998,0.72845299075692,1.016042842963,1.0325438249606949,0,0
4999,0.7079042245581761,1.040626291548,1.0325438249606949,1,0
5000,0.7181772852499959,1.037368623379,1.0325438249606949,1,0
5001,0.7181772852499959,1.048298705427,1.0325438249606949,1,0
5002,0.72845299075692,1.041776047099,1.0325438249606949,1,0
5003,0.72845299075692,1.048008323765,1.0325438249606949,1,0
5004,0.7387313909811206,1.033779816764,1.0325438249606949,1,0
5005,0.7387313909811206,1.02770908045,1.0325438249606949,0,0
5006,0.7421582230195923,1.005272931877,1.0325438249606949,0,0
5007,0.7490123861182537,0.999494717525,1.0325438249606949,0,0
5008,0.7558680961842403,0.987935070915,1.0325438249606949,0,0
5009,0.7558680961842403,0.989103274684,1.0325438249606949,0,0
5010,0.7661535326146621,0.992813885459,1.0325438249606949,0,0
5011,0.7661535326146621,1.001565672659,1.0325438249606949,0,0
5012,0.7695823607400053,1.019922333394,1.0325438249606949,0,0
5013,0.7833012162955741,1.029186157091,1.0325438249606949,0,0
5014,0.7695823607400053,1.047886636645,1.0325438249606949,1,0
5015,0.8038888562861366,1.042049627403,1.0325438249606949,1,0
5016,0.8004571837370019,1.053969293893,1.0325438249606949,1,0
5017,0.7901629146221747,1.044911356056,1.0325438249606949,1,0
5018,0.81762043689551,1.050402605204,1.0325438249606949,1,0
5019,0.8004571837370019,1.028804584829,1.0325438249606949,0,0
5020,0.8073217264873941,1.012865445751,1.0325438249606949,0,0
5021,0.8244871254392888,0.986020959536,1.0325438249606949,0,0
5022,0.8210536564119699,0.977424750535,1.0325438249606949,0,0
5023,0.8244871254392888,0.986293214167,1.0325438249606949,0,0
5024,0.8244871254392888,1.005873173353,1.0325438249606949,0,0
5025,0.8279217422165586,1.028946719791,1.0325438249606949,0,0
5026,0.8519682514398772,1.043486123276,1.0325438249606949,1,0
5027,0.8347901773363497,1.051613368468,1.0325438249606949,1,0
5028,0.8382257422548834,1.045420080385,1.0325438249606949,1,0
5029,0.8554043153801287,1.055114226111,1.0325438249606949,1,0
5030,0.8313558599721106,1.055250705132,1.0325438249606949,1,0
5031,0.8554043153801287,1.077346957797,1.0325438249606949,1,0
5032,0.8485323372061411,1.064899881663,1.0325438249606949,1,0
5033,0.8416607083473558,1.085645681884,1.0325438249606949,1,0
5034,0.81762043689551,1.077383048951,1.0325438249606949,1,0
5035,0.81762043689551,1.066436449513,1.0325438249606949,1,0
5036,0.81762043689551,1.053117837981,1.0325438249606949,1,0
5037,0.8279217422165586,1.032426188819,1.0325438249606949,0,0
5038,0.8107540976669337,1.013995337553,1.0325438249606949,0,0
5039,0.8279217422165586,0.999742387197,1.0325438249606949,0,0
5040,0.8279217422165586,0.977595016412,1.0325438249606949,0,0
5041,0.8038888562861366,0.982335858073,1.0325438249606949,0,0
5042,0.8107540976669337,0.995332792285,1.0325438249606949,0,0
5043,0.793593738834389,1.031824747222,1.0325438249606949,0,0
5044,0.7970257107965544,1.059894759343,1.0325438249606949,1,0
5045,0.7901629146221747,1.100762082573,1.0325438249606949,1,0
5046,0.8141866684551604,1.112679439283,1.0325438249606949,1,0
5047,0.7901629146221747,1.216166173896,1.0325438249606949,1,0
5048,0.8073217264873941,1.278473754925,1.0325438249606949,1,0
5049,0.7867323399208191,1.433435335743,1.0325438249606949,1,0
5050,0.7833012162955741,1.501271276261,1.0325438249606949,1,0
5051,0.7867323399208191,1.570143500944,1.0325438249606949,1,0
5052,0.7764416138601884,1.708326091336,1.0325438249606949,1,0
5053,0.7661535326146621,1.75694787786,1.0325438249606949,1,0
5054,0.7764416138601884,1.806772566799,1.0325438249606949,1,0
5055,0.7627242054676012,1.900784460883,1.0325438249606949,1,0
5056,0.7798712903224518,1.934064727188,1.0325438249606949,1,0
5057,0.7524401163958176,1.950337495017,1.0325438249606949,1,0
5058,0.7490123861182537,1.955616576464,1.0325438249606949,1,0
5059,0.7455853544710949,1.964259168903,1.0325438249606949,1,0
5060,0.7695823607400053,1.975618577507,1.0325438249606949,1,0
5061,0.7387313909811206,1.973526232402,1.0325438249606949,1,0
5062,0.6429033023660415,1.889495071071,1.0325438249606949,1,0
5063,0.4417347481996294,1.612480494993,1.0325438249606949,1,0
5064,0.2212953226494779,1.456896660675,1.0325438249606949,1,0
5065,0.06604386003865517,1.319147199873,1.0325438249606949,1,0
5066,-0.08523000260289731,1.235163788935,1.0325438249606949,1,0
5067,-0.19913029995995857,1.130173612515,1.0325438249606949,1,0
5068,-0.3193593778756127,1.098308716009,1.0325438249606949,1,0
5069,-0.4126074743073679,1.059078140482,1.0325438249606949,1,0
5070,-0.4989880837605958,1.05498068007,1.0325438249606949,1,0
5071,-0.5719241498965428,1.045286945447,1.0325438249606949,1,0
5072,-0.6149557906679746,1.04417001577,1.0325438249606949,1,0
5073,-0.697568636445113,1.025380976554,1.0325438249606949,0,0
5074,-0.7635266822920347,1.016965582576,1.0325438249606949,0,0
5075,-0.8129176562267332,0.993558399305,1.0325438249606949,0,0
5076,-0.8523828885852176,0.987521010534,1.0325438249606949,0,0
5077,-0.8753846958422709,0.980390255521,1.0325438249606949,0,0
5078,-0.9082195264403663,0.997795262168,1.0325438249606949,0,0
5079,-0.94430358724756,1.013507410948,1.0325438249606949,0,0
5080,-0.9705242841932675,1.043858060447,1.0325438249606949,1,0
5081,-0.9836274966555565,1.076784818695,1.0325438249606949,1,0
5082,-0.6083385630809361,1.101231101413,1.0325438249606949,1,0
5083,-0.3859890570525542,1.116118687117,1.0325438249606949,1,0
5084,-0.1656656041496251,1.134465733823,1.0325438249606949,1,0
5085,0.03910709694714477,1.125287580742,1.0325438249606949,1,0
5086,0.1976301408718348,1.112330689661,1.0325438249606949,1,0
5087,0.26189822472025837,1.079825295827,1.0325438249606949,1,0
5088,0.3669858609182558,1.06334398531,1.0325438249606949,1,0
5089,0.4485379112787291,1.055263677583,1.0325438249606949,1,0
5090,0.5336676479429725,1.039257850885,1.0325438249606949,1,0
5091,0.5848341910518619,1.02683539151,1.0325438249606949,0,0
5092,0.6155659445223584,1.00183559543,1.0325438249606949,0,0
5093,0.6429033023660415,0.98279410147,1.0325438249606949,0,0
5094,0.6668384798441136,0.976856698191,1.0325438249606949,0,0
5095,0.6839443455050718,0.981729858708,1.0325438249606949,0,0
5096,0.6976338086814609,1.008292398991,1.0325438249606949,0,0
5097,0.7010571475679078,1.029947728887,1.0325438249606949,0,0
5098,0.7318789744584716,1.043638093602,1.0325438249606949,1,0
5099,0.7147528984179414,1.048988105779,1.0325438249606949,1,0
5100,0.72845299075692,1.046868478113,1.0325438249606949,1,0
5101,0.7250277056857736,1.044408850392,1.0325438249606949,1,0
5102,0.7490123861182537,1.043444860808,1.0325438249606949,1,0
5103,0.7455853544710949,1.029900987701,1.0325438249606949,0,0
5104,0.7421582230195923,1.02066052221,1.0325438249606949,0,0
5105,0.7524401163958176,1.001137075862,1.0325438249606949,0,0
5106,0.7592960260704914,0.991336438602,1.0325438249606949,0,0
5107,0.7627242054676012,0.984878952895,1.0325438249606949,0,0
5108,0.793593738834389,0.990063015745,1.0325438249606949,0,0
5109,0.7867323399208191,0.993313371446,1.0325438249606949,0,0
5110,0.7798712903224518,1.011525487231,1.0325438249606949,0,0
5111,0.7867323399208191,1.021282025887,1.0325438249606949,0,0
5112,0.7867323399208191,1.038422149961,1.0325438249606949,1,0
5113,0.7867323399208191,1.043080980183,1.0325438249606949,1,0
5114,0.7901629146221747,1.050215473059,1.0325438249606949,1,0
5115,0.793593738834389,1.047875227987,1.0325438249606949,1,0
5116,0.8073217264873941,1.04981801204,1.0325438249606949,1,0
5117,0.8004571837370019,1.039725200286,1.0325438249606949,1,0
5118,0.8107540976669337,1.026927521026,1.0325438249606949,0,0
5119,0.8073217264873941,0.994764089836,1.0325438249606949,0,0
5120,0.8347901773363497,0.977351015024,1.0325438249606949,0,0
5121,0.8382257422548834,0.979321007404,1.0325438249606949,0,0
5122,0.8416607083473558,0.995876735174,1.0325438249606949,0,0
5123,0.8416607083473558,1.021745860305,1.0325438249606949,0,0
5124,0.8347901773363497,1.034979900708,1.0325438249606949,1,0
5125,0.8347901773363497,1.052664728931,1.0325438249606949,1,0
5126,0.8347901773363497,1.045981560831,1.0325438249606949,1,0
5127,0.8347901773363497,1.054962632065,1.0325438249606949,1,0
5128,0.8279217422165586,1.055766612429,1.0325438249606949,1,0
5129,0.8244871254392888,1.062611358503,1.0325438249606949,1,0
5130,0.8210536564119699,1.079186559329,1.0325438249606949,1,0
5131,0.8279217422165586,1.069614507029,1.0325438249606949,1,0
5132,0.8347901773363497,1.086775338052,1.0325438249606949,1,0
5133,0.81762043689551,1.066797848988,1.0325438249606949,1,0
5134,0.8279217422165586,1.061684007496,1.0325438249606949,1,0
5135,0.8210536564119699,1.048891591151,1.0325438249606949,1,0
5136,0.8141866684551604,1.018012768774,1.0325438249606949,0,0
5137,0.8141866684551604,1.00815567883,1.0325438249606949,0,0
5138,0.8141866684551604,0.986152512661,1.0325438249606949,0,0
5139,0.8210536564119699,0.975658724613,1.0325438249606949,0,0
5140,0.81762043689551,0.984351111555,1.0325438249606949,0,0
5141,0.8073217264873941,1.005977902984,1.0325438249606949,0,0
5142,0.81762043689551,1.049768383178,1.0325438249606949,1,0
5143,0.8038888562861366,1.081851724361,1.0325438249606949,1,0
5144,0.7970257107965544,1.099759801291,1.0325438249606949,1,0
5145,0.793593738834389,1.164504946244,1.0325438249606949,1,0
5146,0.7901629146221747,1.248129942127,1.0325438249606949,1,0
5147,0.8073217264873941,1.386315495911,1.0325438249606949,1,0
5148,0.7833012162955741,1.512235490974,1.0325438249606949,1,0
5149,0.793593738834389,1.567232420985,1.0325438249606949,1,0
5150,0.7833012162955741,1.606969069281,1.0325438249606949,1,0
5151,0.7867323399208191,1.761131523784,1.0325438249606949,1,0
5152,0.7764416138601884,1.808971032837,1.0325438249606949,1,0
5153,0.7695823607400053,1.81161151589,1.0325438249606949,1,0
5154,0.7661535326146621,1.917141792296,1.0325438249606949,1,0
5155,0.7627242054676012,1.894567520839,1.0325438249606949,1,0
5156,0.7730113884740355,1.919441198885,1.0325438249606949,1,0
5157,0.7524401163958176,1.924737776001,1.0325438249606949,1,0
5158,0.7661535326146621,1.915418861998,1.0325438249606949,1,0
5159,0.7490123861182537,1.932290176169,1.0325438249606949,1,0
5160,0.7318789744584716,1.933813581508,1.0325438249606949,1,0
5161,0.5404862806953248,1.735451953363,1.0325438249606949,1,0
5162,0.29915466220022263,1.484611160539,1.0325438249606949,1,0
5163,0.11997373474041484,1.399552873765,1.0325438249606949,1,0
5164,-0.024791997767576485,1.263807012907,1.0325438249606949,1,0
5165,-0.15896903210945268,1.189152793233,1.0325438249606949,1,0
5166,-0.2693105186592205,1.106900448382,1.0325438249606949,1,0
5167,-0.37933100948899784,1.073989399421,1.0325438249606949,1,0
5168,-0.46578856809111424,1.048999292615,1.0325438249606949,1,0
5169,-0.5421039094958244,1.049261258031,1.0325438249606949,1,0
5170,-0.6149557906679746,1.036281495901,1.0325438249606949,1,0
5171,-0.6810606986064519,1.03817651783,1.0325438249606949,1,0
5172,-0.7437517989732928,1.015762182989,1.0325438249606949,0,0
5173,-0.7898767256670024,1.003976074369,1.0325438249606949,0,0
5174,-0.8392325684727661,0.985360686343,1.0325438249606949,0,0
5175,-0.8622426594903352,0.981670484006,1.0325438249606949,0,0
5176,-0.8918058039020305,0.988658924807,1.0325438249606949,0,0
5177,-0.9311862025684848,1.009131989514,1.0325438249606949,0,0
5178,-0.957416380926831,1.024854672779,1.0325438249606949,0,0
5179,-0.9705242841932675,1.057224001293,1.0325438249606949,1,0
5180,-0.7338603401890933,1.089712276431,1.0325438249606949,1,0
5181,-0.5155772124327469,1.102515453187,1.0325438249606949,1,0
5182,-0.25261247849715424,1.119950964879,1.0325438249606949,1,0
5183,-0.04830692410598268,1.128205482425,1.0325438249606949,1,0
5184,0.1334681303273063,1.106012617395,1.0325438249606949,1,0
5185,0.27882848463871424,1.088941283505,1.0325438249606949,1,0
5186,0.3161019387592563,1.062758897517,1.0325438249606949,1,0
5187,0.4519389189433035,1.057842031513,1.0325438249606949,1,0
5188,0.5098132620810163,1.041464410112,1.0325438249606949,1,0
5189,0.574595562858572,1.035323462893,1.0325438249606949,1,0
5190,0.6019046760730264,1.007289469201,1.0325438249606949,0,0
5191,0.6429033023660415,0.988614767804,1.0325438249606949,0,0
5192,0.6634185343053477,0.976973673351,1.0325438249606949,0,0
5193,0.6771009612755154,0.978647306273,1.0325438249606949,0,0
5194,0.7113284616837152,0.996782295595,1.0325438249606949,0,0
5195,0.7147528984179414,1.016126712068,1.0325438249606949,0,0
5196,0.7216024206146271,1.041061326881,1.0325438249606949,1,0
5197,0.7250277056857736,1.038147511608,1.0325438249606949,1,0
5198,0.7353052076708819,1.047703712114,1.0325438249606949,1,0
5199,0.7592960260704914,1.040117936522,1.0325438249606949,1,0
5200,0.7558680961842403,1.044696055082,1.0325438249606949,1,0
5201,0.7524401163958176,1.031102370378,1.0325438249606949,0,0
5202,0.7592960260704914,1.024042834294,1.0325438249606949,0,0
5203,0.7627242054676012,1.00201517388,1.0325438249606949,0,0
5204,0.7798712903224518,0.996102649208,1.0325438249606949,0,0
5205,0.7661535326146621,0.983974960676,1.0325438249606949,0,0
5206,0.7764416138601884,0.986523230306,1.0325438249606949,0,0
5207,0.7798712903224518,0.989274917257,1.0325438249606949,0,0
5208,0.7833012162955741,0.999306641057,1.0325438249606949,0,0
5209,0.7833012162955741,1.015340915126,1.0325438249606949,0,0
5210,0.7901629146221747,1.02942585581,1.0325438249606949,0,0
5211,0.793593738834389,1.043351955445,1.0325438249606949,1,0
5212,0.8073217264873941,1.040674179762,1.0325438249606949,1,0
5213,0.8004571837370019,1.048186498912,1.0325438249606949,1,0
5214,0.8038888562861366,1.040255854627,1.0325438249606949,1,0
5215,0.8244871254392888,1.041978853261,1.0325438249606949,1,0
5216,0.8107540976669337,1.022466725543,1.0325438249606949,0,0
5217,0.8073217264873941,1.004986545911,1.0325438249606949,0,0
5218,0.8416607083473558,0.981652130482,1.0325438249606949,0,0
5219,0.845095923950687,0.97727835534,1.0325438249606949,0,0
5220,0.8382257422548834,0.986418735489,1.0325438249606949,0,0
5221,0.8519682514398772,1.005997475792,1.0325438249606949,0,0
5222,0.8485323372061411,1.027516821529,1.0325438249606949,0,0
5223,0.8485323372061411,1.042161718907,1.0325438249606949,1,0
5224,0.845095923950687,1.047716330481,1.0325438249606949,1,0
5225,0.8485323372061411,1.043998745463,1.0325438249606949,1,0
5226,0.8279217422165586,1.051239879542,1.0325438249606949,1,0
5227,0.8416607083473558,1.048437908846,1.0325438249606949,1,0
5228,0.8416607083473558,1.067059517676,1.0325438249606949,1,0
5229,0.8244871254392888,1.069111200654,1.0325438249606949,1,0
5230,0.81762043689551,1.089242604538,1.0325438249606949,1,0
5231,0.8038888562861366,1.0694813902,1.0325438249606949,1,0
5232,0.8313558599721106,1.052831208107,1.0325438249606949,1,0
5233,0.8107540976669337,1.049108851638,1.0325438249606949,1,0
5234,0.8313558599721106,1.017544238238,1.0325438249606949,0,0
5235,0.8107540976669337,1.006687829525,1.0325438249606949,0,0
5236,0.8244871254392888,0.989276072371,1.0325438249606949,0,0
5237,0.8347901773363497,0.974648497248,1.0325438249606949,0,0
5238,0.81762043689551,0.981476741125,1.0325438249606949,0,0
5239,0.81762043689551,0.996543986567,1.0325438249606949,0,0
5240,0.8347901773363497,1.036769497928,1.0325438249606949,1,0
5241,0.8347901773363497,1.066943547385,1.0325438249606949,1,0
5242,0.8279217422165586,1.095795881935,1.0325438249606949,1,0
5243,0.8107540976669337,1.117672168573,1.0325438249606949,1,0
5244,0.793593738834389,1.208796458249,1.0325438249606949,1,0
5245,0.8004571837370019,1.313336093867,1.0325438249606949,1,0
5246,0.7867323399208191,1.445221838225,1.0325438249606949,1,0
5247,0.7798712903224518,1.513250705676,1.0325438249606949,1,0
5248,0.7901629146221747,1.580727380311,1.0325438249606949,1,0
5249,0.7764416138601884,1.724278827668,1.0325438249606949,1,0
5250,0.7798712903224518,1.755067636239,1.0325438249606949,1,0
5251,0.7661535326146621,1.753851493222,1.0325438249606949,1,0
5252,0.7627242054676012,1.847970874721,1.0325438249606949,1,0
5253,0.7661535326146621,1.847911017803,1.0325438249606949,1,0
5254,0.7490123861182537,1.865068239585,1.0325438249606949,1,0
5255,0.7387313909811206,1.863011431209,1.0325438249606949,1,0
5256,0.7627242054676012,1.877654753623,1.0325438249606949,1,0
5257,0.7387313909811206,1.887418611592,1.0325438249606949,1,0
5258,0.7353052076708819,1.868247448253,1.0325438249606949,1,0
5259,0.6292323029932121,1.734414210693,1.0325438249606949,1,0
5260,0.38735797342888995,1.524397239185,1.0325438249606949,1,0
5261,0.2010097654558004,1.431175992473,1.0325438249606949,1,0
5262,0.05930785814345022,1.337707243569,1.0325438249606949,1,0
5263,-0.09529372368408975,1.231478269288,1.0325438249606949,1,0
5264,-0.2225378867268607,1.111318518728,1.0325438249606949,1,0
5265,-0.33269478514320533,1.088602753635,1.0325438249606949,1,0
5266,-0.4259100958480994,1.05210674731,1.0325438249606949,1,0
5267,-0.4989880837605958,1.050698024134,1.0325438249606949,1,0
5268,-0.5884804928418329,1.038572793007,1.0325438249606949,1,0
5269,-0.6513279367128681,1.039033324159,1.0325438249606949,1,0
5270,-0.7140693883710375,1.020422382903,1.0325438249606949,0,0
5271,-0.7734102066309207,1.007869718105,1.0325438249606949,0,0
5272,-0.8227880063922687,0.986498709554,1.0325438249606949,0,0
5273,-0.8425206225715108,0.97990689631,1.0325438249606949,0,0
5274,-0.9049372609935483,0.977549256568,1.0325438249606949,0,0
5275,-0.9180642268896057,0.993346144813,1.0325438249606949,0,0
5276,-0.941024715148423,1.009239881572,1.0325438249606949,0,0
5277,-0.9705242841932675,1.034345208851,1.0325438249606949,1,0
5278,-0.9836274966555565,1.07459413882,1.0325438249606949,1,0
5279,-0.6513279367128681,1.102835589073,1.0325438249606949,1,0
5280,-0.3826600831729478,1.117577941807,1.0325438249606949,1,0
5281,-0.14557259448577015,1.145908093394,1.0325438249606949,1,0
5282,0.04247328381191508,1.123479744546,1.0325438249606949,1,0
5283,0.20777071129757219,1.111000636563,1.0325438249606949,1,0
5284,0.3398388299577508,1.078399245191,1.0325438249606949,1,0
5285,0.37377485178056935,1.065593799352,1.0325438249606949,1,0
5286,0.4553410244556571,1.056886399502,1.0325438249606949,1,0
5287,0.5473057118824256,1.041590876414,1.0325438249606949,1,0
5288,0.5848341910518619,1.026660598598,1.0325438249606949,0,0
5289,0.632649703521217,1.000599506021,1.0325438249606949,0,0
5290,0.656578693129988,0.980349947683,1.0325438249606949,0,0
5291,0.6668384798441136,0.976860449455,1.0325438249606949,0,0
5292,0.7010571475679078,0.98323531266,1.0325438249606949,0,0
5293,0.6976338086814609,1.010389970962,1.0325438249606949,0,0
5294,0.7250277056857736,1.029246773379,1.0325438249606949,0,0
5295,0.7147528984179414,1.041250364978,1.0325438249606949,1,0
5296,0.7353052076708819,1.046557361313,1.0325438249606949,1,0
5297,0.7455853544710949,1.044846361949,1.0325438249606949,1,0
5298,0.7421582230195923,1.043920143627,1.0325438249606949,1,0
5299,0.7627242054676012,1.038078444559,1.0325438249606949,1,0
5300,0.7558680961842403,1.02918631701,1.0325438249606949,0,0
5301,0.7833012162955741,1.014049302448,1.0325438249606949,0,0
5302,0.7695823607400053,0.999493289532,1.0325438249606949,0,0
5303,0.7867323399208191,0.988081596765,1.0325438249606949,0,0
5304,0.7695823607400053,0.983063063727,1.0325438249606949,0,0
5305,0.7730113884740355,0.987787003415,1.0325438249606949,0,0
5306,0.7970257107965544,0.991922424762,1.0325438249606949,0,0
5307,0.7764416138601884,1.014809596322,1.0325438249606949,0,0
5308,0.8073217264873941,1.020450046468,1.0325438249606949,0,0
5309,0.8004571837370019,1.042928670484,1.0325438249606949,1,0
5310,0.793593738834389,1.042080872272,1.0325438249606949,1,0
5311,0.793593738834389,1.050812566708,1.0325438249606949,1,0
5312,0.8004571837370019,1.047384329288,1.0325438249606949,1,0
5313,0.8210536564119699,1.050242783966,1.0325438249606949,1,0
5314,0.8107540976669337,1.035495769012,1.0325438249606949,1,0
5315,0.8313558599721106,1.023626136168,1.0325438249606949,0,0
5316,0.8279217422165586,0.991000987099,1.0325438249606949,0,0
5317,0.8519682514398772,0.977525981758,1.0325438249606949,0,0
5318,0.8313558599721106,0.97982551735,1.0325438249606949,0,0
5319,0.8347901773363497,0.996334702075,1.0325438249606949,0,0
5320,0.8382257422548834,1.021705550838,1.0325438249606949,0,0
5321,0.8588416268746748,1.032475736848,1.0325438249606949,0,0
5322,0.8554043153801287,1.050297076725,1.0325438249606949,1,0
5323,0.845095923950687,1.044019326617,1.0325438249606949,1,0
5324,0.8485323372061411,1.052360344395,1.0325438249606949,1,0
5325,0.8244871254392888,1.051905971259,1.0325438249606949,1,0
5326,0.8416607083473558,1.058491342469,1.0325438249606949,1,0
5327,0.8347901773363497,1.080033796796,1.0325438249606949,1,0
5328,0.8347901773363497,1.071471359598,1.0325438249606949,1,0
5329,0.8519682514398772,1.076403798172,1.0325438249606949,1,0
5330,0.8279217422165586,1.054529475086,1.0325438249606949,1,0
5331,0.8347901773363497,1.060980274944,1.0325438249606949,1,0
5332,0.8210536564119699,1.034540317804,1.0325438249606949,1,0
5333,0.8313558599721106,1.006946023301,1.0325438249606949,0,0
5334,0.81762043689551,0.999656878108,1.0325438249606949,0,0
5335,0.8210536564119699,0.980330984401,1.0325438249606949,0,0
5336,0.8107540976669337,0.974648477384,1.0325438249606949,0,0
5337,0.8141866684551604,0.985649471663,1.0325438249606949,0,0
5338,0.8107540976669337,1.007791252665,1.0325438249606949,0,0
5339,0.8073217264873941,1.050458580527,1.0325438249606949,1,0
5340,0.81762043689551,1.085698430544,1.0325438249606949,1,0
5341,0.8038888562861366,1.095860146943,1.0325438249606949,1,0
5342,0.793593738834389,1.166804833036,1.0325438249606949,1,0
5343,0.7970257107965544,1.246396231066,1.0325438249606949,1,0
5344,0.7833012162955741,1.384652122271,1.0325438249606949,1,0
5345,0.7798712903224518,1.502721352997,1.0325438249606949,1,0
5346,0.7695823607400053,1.526085741697,1.0325438249606949,1,0
5347,0.7764416138601884,1.652349121057,1.0325438249606949,1,0
5348,0.7764416138601884,1.726604602379,1.0325438249606949,1,0
5349,0.7695823607400053,1.764373343685,1.0325438249606949,1,0
5350,0.7661535326146621,1.766880014118,1.0325438249606949,1,0
5351,0.7627242054676012,1.743062912865,1.0325438249606949,1,0
5352,0.7592960260704914,1.8664461496,1.0325438249606949,1,0
5353,0.7627242054676012,1.866146110558,1.0325438249606949,1,0
5354,0.7490123861182537,1.890132393219,1.0325438249606949,1,0
5355,0.7455853544710949,1.911256728145,1.0325438249606949,1,0
5356,0.7455853544710949,1.909497415391,1.0325438249606949,1,0
5357,0.7353052076708819,1.912666526287,1.0325438249606949,1,0
5358,0.5268505621579456,1.697597058943,1.0325438249606949,1,0
5359,0.2889902385363733,1.493375510497,1.0325438249606949,1,0
5360,0.13009398874446532,1.414367050231,1.0325438249606949,1,0
5361,-0.024791997767576485,1.302942034073,1.0325438249606949,1,0
5362,-0.16901331629473584,1.180105382882,1.0325438249606949,1,0
5363,-0.28600102359334767,1.100512370109,1.0325438249606949,1,0
5364,-0.37600218531590673,1.070669741258,1.0325438249606949,1,0
5365,-0.47907172778485063,1.046816448018,1.0325438249606949,1,0
5366,-0.555360421429829,1.047593606942,1.0325438249606949,1,0
5367,-0.6281860041574497,1.034912938935,1.0325438249606949,1,0
5368,-0.6942678572925637,1.035872765111,1.0325438249606949,1,0
5369,-0.7536406628445596,1.013820464895,1.0325438249606949,0,0
5370,-0.7964614170380386,1.001031549321,1.0325438249606949,0,0
5371,-0.8458084770615686,0.984331569087,1.0325438249606949,0,0
5372,-0.8852381790737439,0.981234564612,1.0325438249606949,0,0
5373,-0.9180642268896057,0.987565601506,1.0325438249606949,0,0
5374,-0.9147828596818797,1.010328773741,1.0325438249606949,0,0
5375,-0.9738005613794718,1.026915489947,1.0325438249606949,0,0
5376,-0.9705242841932675,1.059354363723,1.0325438249606949,1,0
5377,-0.7799975927192333,1.092175626386,1.0325438249606949,1,0
5378,-0.4956696891414072,1.104020725997,1.0325438249606949,1,0
5379,-0.24927227662889678,1.130256493799,1.0325438249606949,1,0
5380,-0.004624802287595445,1.129609023287,1.0325438249606949,1,0
5381,0.15709435722210174,1.107894204331,1.0325438249606949,1,0
5382,0.29576690356225654,1.089911737973,1.0325438249606949,1,0
5383,0.3330553283343333,1.062852438848,1.0325438249606949,1,0
5384,0.4621457345020821,1.056574323534,1.0325438249606949,1,0
5385,0.5234422438252051,1.041216862599,1.0325438249606949,1,0
5386,0.574595562858572,1.032659752561,1.0325438249606949,1,0
5387,0.6189821973004123,1.00465853251,1.0325438249606949,0,0
5388,0.6634185343053477,0.985962186852,1.0325438249606949,0,0
5389,0.6668384798441136,0.976869556492,1.0325438249606949,0,0
5390,0.6805225036837783,0.978647306273,1.0325438249606949,0,0
5391,0.7079042245581761,0.994784514068,1.0325438249606949,0,0
5392,0.7216024206146271,1.014947553209,1.0325438249606949,0,0
5393,0.7147528984179414,1.040190636475,1.0325438249606949,1,0
5394,0.7455853544710949,1.037757260245,1.0325438249606949,1,0
5395,0.7353052076708819,1.046129216768,1.0325438249606949,1,0
5396,0.7592960260704914,1.039637145281,1.0325438249606949,1,0
5397,0.7627242054676012,1.042742959791,1.0325438249606949,1,0
5398,0.7592960260704914,1.028914825313,1.0325438249606949,0,0
5399,0.7833012162955741,1.021739130619,1.0325438249606949,0,0
5400,0.7661535326146621,1.000752455537,1.0325438249606949,0,0
5401,0.7730113884740355,0.997094465422,1.0325438249606949,0,0
5402,0.8004571837370019,0.984049162578,1.0325438249606949,0,0
5403,0.7867323399208191,0.988690990081,1.0325438249606949,0,0
5404,0.7798712903224518,0.991059569339,1.0325438249606949,0,0
5405,0.793593738834389,1.001413878599,1.0325438249606949,0,0
5406,0.7970257107965544,1.016719177986,1.0325438249606949,0,0
5407,0.7901629146221747,1.030977903455,1.0325438249606949,0,0
5408,0.8073217264873941,1.040986961223,1.0325438249606949,1,0
5409,0.8004571837370019,1.041658724832,1.0325438249606949,1,0
5410,0.8073217264873941,1.047104663916,1.0325438249606949,1,0
5411,0.8141866684551604,1.041101245268,1.0325438249606949,1,0
5412,0.8382257422548834,1.040298763611,1.0325438249606949,1,0
5413,0.8244871254392888,1.02442655912,1.0325438249606949,0,0
5414,0.8244871254392888,0.998827668093,1.0325438249606949,0,0
5415,0.8347901773363497,0.979502432874,1.0325438249606949,0,0
5416,0.8347901773363497,0.97727835534,1.0325438249606949,0,0
5417,0.845095923950687,0.986384177208,1.0325438249606949,0,0
5418,0.8416607083473558,1.005210853482,1.0325438249606949,0,0
5419,0.8554043153801287,1.026912859874,1.0325438249606949,0,0
5420,0.8485323372061411,1.04157291512,1.0325438249606949,1,0
5421,0.8485323372061411,1.045987633464,1.0325438249606949,1,0
5422,0.81762043689551,1.043785354295,1.0325438249606949,1,0
5423,0.8210536564119699,1.053308012258,1.0325438249606949,1,0
5424,0.8313558599721106,1.051894485538,1.0325438249606949,1,0
5425,0.8107540976669337,1.069304647366,1.0325438249606949,1,0
5426,0.8279217422165586,1.064194438635,1.0325438249606949,1,0
5427,0.8416607083473558,1.083724114196,1.0325438249606949,1,0
5428,0.8244871254392888,1.070915219024,1.0325438249606949,1,0
5429,0.8485323372061411,1.056087664384,1.0325438249606949,1,0
5430,0.8416607083473558,1.050533104841,1.0325438249606949,1,0
5431,0.8279217422165586,1.017611717872,1.0325438249606949,0,0
5432,0.8279217422165586,1.003404863142,1.0325438249606949,0,0
5433,0.8313558599721106,0.985447473956,1.0325438249606949,0,0
5434,0.8244871254392888,0.974040138913,1.0325438249606949,0,0
5435,0.8279217422165586,0.980404913428,1.0325438249606949,0,0
5436,0.8073217264873941,0.996800834351,1.0325438249606949,0,0
5437,0.8279217422165586,1.037490380178,1.0325438249606949,1,0
5438,0.8107540976669337,1.068137474232,1.0325438249606949,1,0
5439,0.8004571837370019,1.094410047968,1.0325438249606949,1,0
5440,0.7970257107965544,1.117356605918,1.0325438249606949,1,0
5441,0.793593738834389,1.231815101692,1.0325438249606949,1,0
5442,0.7970257107965544,1.324487587763,1.0325438249606949,1,0
5443,0.7833012162955741,1.457580172185,1.0325438249606949,1,0
5444,0.7764416138601884,1.537895302553,1.0325438249606949,1,0
5445,0.7730113884740355,1.570036053588,1.0325438249606949,1,0
5446,0.7764416138601884,1.716171519278,1.0325438249606949,1,0
5447,0.7798712903224518,1.749316374321,1.0325438249606949,1,0
5448,0.7661535326146621,1.707963735063,1.0325438249606949,1,0
5449,0.7833012162955741,1.724967434587,1.0325438249606949,1,0
5450,0.7627242054676012,1.842163285494,1.0325438249606949,1,0
5451,0.7524401163958176,1.800490455766,1.0325438249606949,1,0
5452,0.7524401163958176,1.809359504491,1.0325438249606949,1,0
5453,0.7627242054676012,1.863884025343,1.0325438249606949,1,0
5454,0.7421582230195923,1.882990210675,1.0325438249606949,1,0
5455,0.7353052076708819,1.841790803938,1.0325438249606949,1,0
5456,0.6155659445223584,1.737830725075,1.0325438249606949,1,0
5457,0.4043422773993862,1.523036805741,1.0325438249606949,1,0
5458,0.21115122164508693,1.429063267667,1.0325438249606949,1,0
5459,0.04247328381191508,1.334040480397,1.0325438249606949,1,0
5460,-0.10535479995017771,1.233088390999,1.0325438249606949,1,0
5461,-0.2425902760228848,1.117393746982,1.0325438249606949,1,0
5462,-0.33602817536501445,1.089724658549,1.0325438249606949,1,0
5463,-0.44253101220367597,1.052112125318,1.0325438249606949,1,0
5464,-0.52552700685576,1.049494105358,1.0325438249606949,1,0
5465,-0.5951012634830678,1.037159725707,1.0325438249606949,1,0
5466,-0.6347997385924634,1.037619378544,1.0325438249606949,1,0
5467,-0.7305622557538203,1.018719263525,1.0325438249606949,0,0
5468,-0.7569361024647282,1.006309106958,1.0325438249606949,0,0
5469,-0.8227880063922687,0.98570302155,1.0325438249606949,0,0
5470,-0.8688142764923644,0.979695540368,1.0325438249606949,0,0
5471,-0.8852381790737439,0.978580012589,1.0325438249606949,0,0
5472,-0.9147828596818797,0.99622264305,1.0325438249606949,0,0
5473,-0.9475822597380097,1.012350683491,1.0325438249606949,0,0
5474,-0.9738005613794718,1.038378058554,1.0325438249606949,1,0
5475,-0.9016548957423867,1.078023706124,1.0325438249606949,1,0
5476,-0.6347997385924634,1.105999745145,1.0325438249606949,1,0
5477,-0.3660126687641548,1.120973401062,1.0325438249606949,1,0
5478,-0.12546899308595433,1.14112215923,1.0325438249606949,1,0
5479,0.07614998276129471,1.11758919599,1.0325438249606949,1,0
5480,0.2280593873769861,1.106937254479,1.0325438249606949,1,0
5481,0.29576690356225654,1.073348345819,1.0325438249606949,1,0
5482,0.37717059476602066,1.064003004178,1.0325438249606949,1,0
5483,0.45874385354950153,1.051340179191,1.0325438249606949,1,0
5484,0.5507160263020374,1.040789657121,1.0325438249606949,1,0
5485,0.5882477990148113,1.022913279531,1.0325438249606949,0,0
5486,0.6258151519760661,0.998954509091,1.0325438249606949,0,0
5487,0.6531595959281424,0.979081699373,1.0325438249606949,0,0
5488,0.6839443455050718,0.976804625158,1.0325438249606949,0,0
5489,0.6839443455050718,0.98291677186,1.0325438249606949,0,0
5490,0.7044807359652138,1.010372285775,1.0325438249606949,0,0
5491,0.7181772852499959,1.031425415471,1.0325438249606949,0,0
5492,0.7250277056857736,1.043454453206,1.0325438249606949,1,0
5493,0.7387313909811206,1.047002725512,1.0325438249606949,1,0
5494,0.7421582230195923,1.044496198609,1.0325438249606949,1,0
5495,0.7421582230195923,1.04594320307,1.0325438249606949,1,0
5496,0.7490123861182537,1.035112938672,1.0325438249606949,1,0
5497,0.7558680961842403,1.030644603822,1.0325438249606949,0,0
5498,0.7524401163958176,1.011319162971,1.0325438249606949,0,0
5499,0.7695823607400053,0.998858412015,1.0325438249606949,0,0
5500,0.7764416138601884,0.989770897509,1.0325438249606949,0,0
5501,0.7592960260704914,0.985045492276,1.0325438249606949,0,0
5502,0.7661535326146621,0.988776822728,1.0325438249606949,0,0
5503,0.7695823607400053,0.994340852092,1.0325438249606949,0,0
5504,0.793593738834389,1.015297976405,1.0325438249606949,0,0
5505,0.7798712903224518,1.023433781162,1.0325438249606949,0,0
5506,0.7833012162955741,1.044135777095,1.0325438249606949,1,0
5507,0.7901629146221747,1.044515595523,1.0325438249606949,1,0
5508,0.7970257107965544,1.052140798521,1.0325438249606949,1,0
5509,0.8210536564119699,1.045130992269,1.0325438249606949,1,0
5510,0.8107540976669337,1.050506569824,1.0325438249606949,1,0
5511,0.81762043689551,1.033960430882,1.0325438249606949,1,0
5512,0.8210536564119699,1.020404215337,1.0325438249606949,0,0
5513,0.8279217422165586,0.989227398592,1.0325438249606949,0,0
5514,0.8519682514398772,0.977317294959,1.0325438249606949,0,0
5515,0.8279217422165586,0.980790099739,1.0325438249606949,0,0
5516,0.845095923950687,0.998430273265,1.0325438249606949,0,0
5517,0.8382257422548834,1.023733390709,1.0325438249606949,0,0
5518,0.845095923950687,1.034605587453,1.0325438249606949,1,0
5519,0.8347901773363497,1.051458862265,1.0325438249606949,1,0
5520,0.8141866684551604,1.044334689145,1.0325438249606949,1,0
5521,0.81762043689551,1.056619939802,1.0325438249606949,1,0
5522,0.8107540976669337,1.053146353959,1.0325438249606949,1,0
5523,0.81762043689551,1.06125395066,1.0325438249606949,1,0
5524,0.8141866684551604,1.073561094018,1.0325438249606949,1,0
5525,0.845095923950687,1.076612923349,1.0325438249606949,1,0
5526,0.8279217422165586,1.089862390508,1.0325438249606949,1,0
5527,0.8279217422165586,1.064183386171,1.0325438249606949,1,0
5528,0.8279217422165586,1.063523613414,1.0325438249606949,1,0
5529,0.8313558599721106,1.040266837224,1.0325438249606949,1,0
5530,0.8210536564119699,1.014564245391,1.0325438249606949,0,0
5531,0.8107540976669337,1.004823772905,1.0325438249606949,0,0
5532,0.8107540976669337,0.983647978224,1.0325438249606949,0,0
5533,0.8038888562861366,0.976629251083,1.0325438249606949,0,0
5534,0.8279217422165586,0.988358720534,1.0325438249606949,0,0
5535,0.8038888562861366,1.011462047132,1.0325438249606949,0,0
5536,0.7970257107965544,1.052759337928,1.0325438249606949,1,0
5537,0.793593738834389,1.090476225358,1.0325438249606949,1,0
5538,0.7901629146221747,1.101668898945,1.0325438249606949,1,0
5539,0.7764416138601884,1.171747424452,1.0325438249606949,1,0
5540,0.7764416138601884,1.252882011099,1.0325438249606949,1,0
5541,0.7833012162955741,1.395579797217,1.0325438249606949,1,0
5542,0.7798712903224518,1.522415305219,1.0325438249606949,1,0
5543,0.7901629146221747,1.549683941072,1.0325438249606949,1,0
5544,0.7730113884740355,1.643755871728,1.0325438249606949,1,0
5545,0.793593738834389,1.760264194446,1.0325438249606949,1,0
5546,0.7833012162955741,1.80450145058,1.0325438249606949,1,0
5547,0.7661535326146621,1.810188044862,1.0325438249606949,1,0
5548,0.7730113884740355,1.910427345712,1.0325438249606949,1,0
5549,0.7524401163958176,1.919585235617,1.0325438249606949,1,0
5550,0.7661535326146621,1.9221162301,1.0325438249606949,1,0
5551,0.7592960260704914,1.927551308331,1.0325438249606949,1,0
5552,0.7455853544710949,1.943998112853,1.0325438249606949,1,0
5553,0.7318789744584716,1.950509047746,1.0325438249606949,1,0
5554,0.5098132620810163,1.749288352684,1.0325438249606949,1,0
5555,0.26866936308061673,1.499083654491,1.0325438249606949,1,0
5556,0.11660097170506933,1.395642956954,1.0325438249606949,1,0
5557,-0.055022920566521444,1.256786395661,1.0325438249606949,1,0
5558,-0.1924394666695411,1.179444366791,1.0325438249606949,1,0
5559,-0.3060198287277621,1.105352486816,1.0325438249606949,1,0
5560,-0.40595486608053577,1.065831416354,1.0325438249606949,1,0
5561,-0.4857119602730807,1.051943264366,1.0325438249606949,1,0
5562,-0.5354741065614969,1.05117101934,1.0325438249606949,1,0
5563,-0.6447176954298793,1.034902544051,1.0325438249606949,1,0
5564,-0.7041699452393528,1.032165339035,1.0325438249606949,0,0
5565,-0.7635266822920347,1.012985876138,1.0325438249606949,0,0
5566,-0.7832911360568742,0.998215227944,1.0325438249606949,0,0
5567,-0.829366709502691,0.985888246196,1.0325438249606949,0,0
5568,-0.8655285178935216,0.982769592495,1.0325438249606949,0,0
5569,-0.9049372609935483,0.992655473582,1.0325438249606949,0,0
5570,-0.9279062326215687,1.00822195591,1.0325438249606949,0,0
5571,-0.957416380926831,1.030479054547,1.0325438249606949,0,0
5572,-0.9606937559608144,1.06207961375,1.0325438249606949,1,0
5573,-0.7074698261528101,1.094464588288,1.0325438249606949,1,0
5574,-0.46578856809111424,1.116297012103,1.0325438249606949,1,0
5575,-0.21585174424059078,1.134748247526,1.0325438249606949,1,0
5576,-0.01807070543905731,1.129728751067,1.0325438249606949,1,0
5577,0.15709435722210174,1.10730421543,1.0325438249606949,1,0
5578,0.2889902385363733,1.082073057186,1.0325438249606949,1,0
5579,0.3500165026482084,1.06311858103,1.0325438249606949,1,0
5580,0.41793602821029646,1.057470134117,1.0325438249606949,1,0
5581,0.5132195344247137,1.039897325356,1.0325438249606949,1,0
5582,0.5677714408673237,1.031879265754,1.0325438249606949,0,0
5583,0.6087347364227169,1.004896066795,1.0325438249606949,0,0
5584,0.6360670042448783,0.98623971202,1.0325438249606949,0,0
5585,0.6599984889622383,0.976869556492,1.0325438249606949,0,0
5586,0.6736801174976575,0.979416970955,1.0325438249606949,0,0
5587,0.6942112183275906,1.001871584047,1.0325438249606949,0,0
5588,0.7044807359652138,1.022559008396,1.0325438249606949,0,0
5589,0.7353052076708819,1.042033922754,1.0325438249606949,1,0
5590,0.7216024206146271,1.042923092701,1.0325438249606949,1,0
5591,0.7490123861182537,1.047222862429,1.0325438249606949,1,0
5592,0.7318789744584716,1.041689284116,1.0325438249606949,1,0
5593,0.7421582230195923,1.043851286931,1.0325438249606949,1,0
5594,0.7661535326146621,1.030563100073,1.0325438249606949,0,0
5595,0.7764416138601884,1.022398303707,1.0325438249606949,0,0
5596,0.7558680961842403,1.001888906749,1.0325438249606949,0,0
5597,0.7661535326146621,0.99518198137,1.0325438249606949,0,0
5598,0.7627242054676012,0.984101765128,1.0325438249606949,0,0
5599,0.7627242054676012,0.989647952675,1.0325438249606949,0,0
5600,0.7661535326146621,0.991214688398,1.0325438249606949,0,0
5601,0.7901629146221747,1.003563680598,1.0325438249606949,0,0
5602,0.793593738834389,1.017333879992,1.0325438249606949,0,0
5603,0.7970257107965544,1.029903117763,1.0325438249606949,0,0
5604,0.7867323399208191,1.04218634888,1.0325438249606949,1,0
5605,0.8004571837370019,1.043903540535,1.0325438249606949,1,0
5606,0.7970257107965544,1.047199221537,1.0325438249606949,1,0
5607,0.8004571837370019,1.040854531833,1.0325438249606949,1,0
5608,0.8210536564119699,1.041287650028,1.0325438249606949,1,0
5609,0.8107540976669337,1.025943503868,1.0325438249606949,0,0
5610,0.8279217422165586,0.998857105387,1.0325438249606949,0,0
5611,0.81762043689551,0.979416620674,1.0325438249606949,0,0
5612,0.8347901773363497,0.977556975475,1.0325438249606949,0,0
5613,0.8244871254392888,0.989826507489,1.0325438249606949,0,0
5614,0.8279217422165586,1.011537457897,1.0325438249606949,0,0
5615,0.81762043689551,1.034505987939,1.0325438249606949,1,0
5616,0.81762043689551,1.050174640276,1.0325438249606949,1,0
5617,0.8416607083473558,1.048896314838,1.0325438249606949,1,0
5618,0.8244871254392888,1.052951419077,1.0325438249606949,1,0
5619,0.8073217264873941,1.055989500658,1.0325438249606949,1,0
5620,0.8347901773363497,1.056359197271,1.0325438249606949,1,0
5621,0.8141866684551604,1.074719533713,1.0325438249606949,1,0
5622,0.8107540976669337,1.063959505239,1.0325438249606949,1,0
5623,0.81762043689551,1.085538909289,1.0325438249606949,1,0
5624,0.8210536564119699,1.076902735161,1.0325438249606949,1,0
5625,0.8416607083473558,1.062701642714,1.0325438249606949,1,0
5626,0.8210536564119699,1.058853008666,1.0325438249606949,1,0
5627,0.81762043689551,1.025081035747,1.0325438249606949,0,0
5628,0.8210536564119699,1.006962971315,1.0325438249606949,0,0
5629,0.8382257422548834,0.98651055173,1.0325438249606949,0,0
5630,0.8244871254392888,0.97366818306,1.0325438249606949,0,0
5631,0.8073217264873941,0.981882300923,1.0325438249606949,0,0
5632,0.8038888562861366,0.998112355163,1.0325438249606949,0,0
5633,0.8141866684551604,1.040855450116,1.0325438249606949,1,0
5634,0.7970257107965544,1.073775261805,1.0325438249606949,1,0
5635,0.8073217264873941,1.099605871634,1.0325438249606949,1,0
5636,0.7867323399208191,1.124217765318,1.0325438249606949,1,0
5637,0.7695823607400053,1.227962817426,1.0325438249606949,1,0
5638,0.7764416138601884,1.325500490064,1.0325438249606949,1,0
5639,0.793593738834389,1.43347048811,1.0325438249606949,1,0
5640,0.7764416138601884,1.514563922074,1.0325438249606949,1,0
5641,0.7798712903224518,1.589482830372,1.0325438249606949,1,0
5642,0.7730113884740355,1.697243080327,1.0325438249606949,1,0
5643,0.7730113884740355,1.743844440227,1.0325438249606949,1,0
5644,0.7970257107965544,1.794372007608,1.0325438249606949,1,0
5645,0.7730113884740355,1.809613597914,1.0325438249606949,1,0
5646,0.7627242054676012,1.792277471784,1.0325438249606949,1,0
5647,0.7558680961842403,1.865603776569,1.0325438249606949,1,0
5648,0.7490123861182537,1.888472894124,1.0325438249606949,1,0
5649,0.7661535326146621,1.879250445699,1.0325438249606949,1,0
5650,0.7387313909811206,1.95585066541,1.0325438249606949,1,0
5651,0.7353052076708819,1.96293638152,1.0325438249606949,1,0
5652,0.622398699589325,1.789634159503,1.0325438249606949,1,0
5653,0.3568037718855954,1.564047963229,1.0325438249606949,1,0
5654,0.1908709665571613,1.436725534929,1.0325438249606949,1,0
5655,0.03574139195022075,1.335200363758,1.0325438249606949,1,0
5656,-0.13217105436502286,1.208894237581,1.0325438249606949,1,0
5657,-0.25261247849715424,1.118295385775,1.0325438249606949,1,0
5658,-0.3560204824462125,1.083126203163,1.0325438249606949,1,0
5659,-0.44917733275686345,1.05272595731,1.0325438249606949,1,0
5660,-0.522210558421271,1.052097064654,1.0325438249606949,1,0
5661,-0.6149557906679746,1.040166180174,1.0325438249606949,1,0
5662,-0.6777582726822338,1.034057765477,1.0325438249606949,1,0
5663,-0.7371575263852743,1.019074728736,1.0325438249606949,0,0
5664,-0.7635266822920347,1.005738996493,1.0325438249606949,0,0
5665,-0.8326555620361843,0.98678537643,1.0325438249606949,0,0
5666,-0.8490958325299084,0.982558707517,1.0325438249606949,0,0
5667,-0.8983722310781943,0.985827553266,1.0325438249606949,0,0
5668,-0.9311862025684848,1.007335045867,1.0325438249606949,0,0
5669,-0.941024715148423,1.023970696318,1.0325438249606949,0,0
5670,-0.9606937559608144,1.049707913248,1.0325438249606949,1,0
5671,-0.872099635873833,1.088054469704,1.0325438249606949,1,0
5672,-0.5851700326679578,1.106096836985,1.0325438249606949,1,0
5673,-0.33269478514320533,1.118652825575,1.0325438249606949,1,0
5674,-0.10200107459336721,1.146799415296,1.0325438249606949,1,0
5675,0.09974117677205602,1.109055842497,1.0325438249606949,1,0
5676,0.19425080322535695,1.107954762353,1.0325438249606949,1,0
5677,0.29237822173411243,1.070859766625,1.0325438249606949,1,0
5678,0.38735797342888995,1.066247976222,1.0325438249606949,1,0
5679,0.45874385354950153,1.051468284665,1.0325438249606949,1,0
5680,0.5473057118824256,1.041763234982,1.0325438249606949,1,0
5681,0.5916616564886197,1.02048208609,1.0325438249606949,0,0
5682,0.6189821973004123,0.999057663448,1.0325438249606949,0,0
5683,0.6497404488241252,0.978877327422,1.0325438249606949,0,0
5684,0.6634185343053477,0.977788802815,1.0325438249606949,0,0
5685,0.6976338086814609,0.987576864602,1.0325438249606949,0,0
5686,0.6976338086814609,1.016735485124,1.0325438249606949,0,0
5687,0.7181772852499959,1.040751759201,1.0325438249606949,1,0
5688,0.7353052076708819,1.042344866611,1.0325438249606949,1,0
5689,0.7318789744584716,1.04983282349,1.0325438249606949,1,0
5690,0.72845299075692,1.045077900826,1.0325438249606949,1,0
5691,0.7353052076708819,1.050247506457,1.0325438249606949,1,0
5692,0.7455853544710949,1.035304236021,1.0325438249606949,1,0
5693,0.7592960260704914,1.03131139184,1.0325438249606949,0,0
5694,0.7627242054676012,1.011755983927,1.0325438249606949,0,0
5695,0.7558680961842403,1.000288804494,1.0325438249606949,0,0
5696,0.7592960260704914,0.991778153211,1.0325438249606949,0,0
5697,0.7833012162955741,0.986307208215,1.0325438249606949,0,0
5698,0.7798712903224518,0.990042300465,1.0325438249606949,0,0
5699,0.7661535326146621,0.994851421484,1.0325438249606949,0,0
5700,0.7867323399208191,1.013572379362,1.0325438249606949,0,0
5701,0.7764416138601884,1.020133893989,1.0325438249606949,0,0
5702,0.7764416138601884,1.043211269098,1.0325438249606949,1,0
5703,0.7798712903224518,1.040204329136,1.0325438249606949,1,0
5704,0.8073217264873941,1.052194433251,1.0325438249606949,1,0
5705,0.7970257107965544,1.043712948738,1.0325438249606949,1,0
5706,0.8038888562861366,1.050507211494,1.0325438249606949,1,0
5707,0.8004571837370019,1.033674273636,1.0325438249606949,1,0
5708,0.7970257107965544,1.020590437753,1.0325438249606949,0,0
5709,0.8107540976669337,0.988784590168,1.0325438249606949,0,0
5710,0.8141866684551604,0.977177641516,1.0325438249606949,0,0
5711,0.81762043689551,0.984132017383,1.0325438249606949,0,0
5712,0.8210536564119699,1.001921110012,1.0325438249606949,0,0
5713,0.8210536564119699,1.032864920173,1.0325438249606949,1,0
5714,0.8210536564119699,1.0419762997,1.0325438249606949,1,0
5715,0.81762043689551,1.055704334139,1.0325438249606949,1,0
5716,0.8210536564119699,1.049481722158,1.0325438249606949,1,0
5717,0.81762043689551,1.06326147966,1.0325438249606949,1,0
5718,0.8313558599721106,1.052379390534,1.0325438249606949,1,0
5719,0.8073217264873941,1.073522872778,1.0325438249606949,1,0
5720,0.8313558599721106,1.072284679152,1.0325438249606949,1,0
5721,0.8313558599721106,1.085869886137,1.0325438249606949,1,0
5722,0.8073217264873941,1.092314002326,1.0325438249606949,1,0
5723,0.8038888562861366,1.069665967543,1.0325438249606949,1,0
5724,0.8141866684551604,1.068799779225,1.0325438249606949,1,0
5725,0.8073217264873941,1.045794142771,1.0325438249606949,1,0
5726,0.8279217422165586,1.016329139246,1.0325438249606949,0,0
5727,0.8038888562861366,1.00519357636,1.0325438249606949,0,0
5728,0.8073217264873941,0.983244919797,1.0325438249606949,0,0
5729,0.81762043689551,0.976124638066,1.0325438249606949,0,0
5730,0.8073217264873941,0.989576125032,1.0325438249606949,0,0
5731,0.8210536564119699,1.015680728961,1.0325438249606949,0,0
5732,0.7901629146221747,1.054689465707,1.0325438249606949,1,0
5733,0.7867323399208191,1.097938721308,1.0325438249606949,1,0
5734,0.7867323399208191,1.105937214766,1.0325438249606949,1,0
5735,0.7833012162955741,1.176058689374,1.0325438249606949,1,0
5736,0.7798712903224518,1.261000647729,1.0325438249606949,1,0
5737,0.8004571837370019,1.412094917794,1.0325438249606949,1,0
5738,0.7798712903224518,1.516073611999,1.0325438249606949,1,0
5739,0.7764416138601884,1.582688915384,1.0325438249606949,1,0
5740,0.7798712903224518,1.62559930966,1.0325438249606949,1,0
5741,0.793593738834389,1.750331357513,1.0325438249606949,1,0
5742,0.7764416138601884,1.789859767972,1.0325438249606949,1,0
5743,0.7695823607400053,1.806915036807,1.0325438249606949,1,0
5744,0.7901629146221747,1.837616985571,1.0325438249606949,1,0
5745,0.7592960260704914,1.891086304294,1.0325438249606949,1,0
5746,0.7627242054676012,1.957173759263,1.0325438249606949,1,0
5747,0.7558680961842403,1.962543903891,1.0325438249606949,1,0
5748,0.7490123861182537,1.971944604043,1.0325438249606949,1,0
5749,0.7627242054676012,1.985557988917,1.0325438249606949,1,0
5750,0.7250277056857736,1.994294994363,1.0325438249606949,1,0
5751,0.4519389189433035,1.637686287803,1.0325438249606949,1,0
5752,0.2517435319799065,1.492084234824,1.0325438249606949,1,0
5753,0.07614998276129471,1.366930900296,1.0325438249606949,1,0
5754,-0.07180725405914251,1.254066334191,1.0325438249606949,1,0
5755,-0.19913029995995857,1.137511851937,1.0325438249606949,1,0
5756,-0.3126901023234052,1.100032659604,1.0325438249606949,1,0
5757,-0.40928104543852234,1.062895421287,1.0325438249606949,1,0
5758,-0.5056247731946293,1.054887853024,1.0325438249606949,1,0
5759,-0.5818589237658495,1.046209951133,1.0325438249606949,1,0
5760,-0.6480228659735455,1.046385493342,1.0325438249606949,1,0
5761,-0.7107696072619237,1.026905307089,1.0325438249606949,0,0
5762,-0.7602314422805533,1.018815778042,1.0325438249606949,0,0
5763,-0.8096270072150556,0.996384560691,1.0325438249606949,0,0
5764,-0.8425206225715108,0.991511518527,1.0325438249606949,0,0
5765,-0.8655285178935216,0.984887006279,1.0325438249606949,0,0
5766,-0.8950890673922842,1.003172609448,1.0325438249606949,0,0
5767,-0.9279062326215687,1.01895392068,1.0325438249606949,0,0
5768,-0.9541385068711299,1.05036665879,1.0325438249606949,1,0
5769,-0.9705242841932675,1.083429462241,1.0325438249606949,1,0
5770,-0.6777582726822338,1.106223644551,1.0325438249606949,1,0
5771,-0.4458546964530734,1.126227007221,1.0325438249606949,1,0
5772,-0.18240134540247305,1.142328506267,1.0325438249606949,1,0
5773,-0.004624802287595445,1.132018228949,1.0325438249606949,1,0
5774,0.18073481247362666,1.109361291958,1.0325438249606949,1,0
5775,0.24159147157911626,1.085666879036,1.0325438249606949,1,0
5776,0.3568037718855954,1.06523396223,1.0325438249606949,1,0
5777,0.41793602821029646,1.057566270239,1.0325438249606949,1,0
5778,0.5200351231445873,1.042594994273,1.0325438249606949,1,0
5779,0.5438956469736728,1.031513239487,1.0325438249606949,0,0
5780,0.6019046760730264,1.007376548787,1.0325438249606949,0,0
5781,0.6394850535011164,0.986797218503,1.0325438249606949,0,0
5782,0.656578693129988,0.976889889019,1.0325438249606949,0,0
5783,0.6805225036837783,0.981262259734,1.0325438249606949,0,0
5784,0.7113284616837152,1.008817268873,1.0325438249606949,0,0
5785,0.7113284616837152,1.031656904757,1.0325438249606949,0,0
5786,0.7147528984179414,1.043146553575,1.0325438249606949,1,0
5787,0.7387313909811206,1.047999160986,1.0325438249606949,1,0
5788,0.7353052076708819,1.049154437752,1.0325438249606949,1,0
5789,0.72845299075692,1.04492415958,1.0325438249606949,1,0
5790,0.7353052076708819,1.044621243989,1.0325438249606949,1,0
5791,0.7490123861182537,1.031652147749,1.0325438249606949,0,0
5792,0.7455853544710949,1.022170717688,1.0325438249606949,0,0
5793,0.7490123861182537,1.002767925785,1.0325438249606949,0,0
5794,0.7524401163958176,0.994667648491,1.0325438249606949,0,0
5795,0.7592960260704914,0.986388306953,1.0325438249606949,0,0
5796,0.7627242054676012,0.991666586309,1.0325438249606949,0,0
5797,0.7627242054676012,0.993048126894,1.0325438249606949,0,0
5798,0.7661535326146621,1.009870518269,1.0325438249606949,0,0
5799,0.7867323399208191,1.020098698331,1.0325438249606949,0,0
5800,0.793593738834389,1.037084975231,1.0325438249606949,1,0
5801,0.793593738834389,1.043535271575,1.0325438249606949,1,0
5802,0.7867323399208191,1.047238970846,1.0325438249606949,1,0
5803,0.793593738834389,1.049270771695,1.0325438249606949,1,0
5804,0.7901629146221747,1.045560954874,1.0325438249606949,1,0
5805,0.793593738834389,1.048850142139,1.0325438249606949,1,0
5806,0.8073217264873941,1.027860824645,1.0325438249606949,0,0
5807,0.8038888562861366,1.000606216257,1.0325438249606949,0,0
5808,0.8313558599721106,0.978984313978,1.0325438249606949,0,0
5809,0.8347901773363497,0.978597547427,1.0325438249606949,0,0
5810,0.8141866684551604,0.994947855025,1.0325438249606949,0,0
5811,0.8347901773363497,1.021178539512,1.0325438249606949,0,0
5812,0.8416607083473558,1.039440101628,1.0325438249606949,1,0
5813,0.8210536564119699,1.054033317599,1.0325438249606949,1,0
5814,0.845095923950687,1.049237938368,1.0325438249606949,1,0
5815,0.8141866684551604,1.056820730349,1.0325438249606949,1,0
5816,0.8347901773363497,1.062337034361,1.0325438249606949,1,0
5817,0.81762043689551,1.062042713606,1.0325438249606949,1,0
5818,0.8279217422165586,1.072997241506,1.0325438249606949,1,0
5819,0.8073217264873941,1.070304406896,1.0325438249606949,1,0
5820,0.8073217264873941,1.091566274835,1.0325438249606949,1,0
5821,0.8004571837370019,1.082904242657,1.0325438249606949,1,0
5822,0.8073217264873941,1.077569286254,1.0325438249606949,1,0
5823,0.8073217264873941,1.062478083798,1.0325438249606949,1,0
5824,0.8073217264873941,1.033433957581,1.0325438249606949,1,0
5825,0.8107540976669337,1.014897614179,1.0325438249606949,0,0
5826,0.8107540976669337,0.996494490376,1.0325438249606949,0,0
5827,0.8313558599721106,0.977627978052,1.0325438249606949,0,0
5828,0.8073217264873941,0.985020140509,1.0325438249606949,0,0
5829,0.81762043689551,1.000569595206,1.0325438249606949,0,0
5830,0.7970257107965544,1.046120025292,1.0325438249606949,1,0
5831,0.8004571837370019,1.076397626423,1.0325438249606949,1,0
5832,0.793593738834389,1.103027009916,1.0325438249606949,1,0
5833,0.8107540976669337,1.129622170719,1.0325438249606949,1,0
5834,0.8038888562861366,1.232583641362,1.0325438249606949,1,0
5835,0.7798712903224518,1.33251627341,1.0325438249606949,1,0
5836,0.793593738834389,1.443268674545,1.0325438249606949,1,0
5837,0.8038888562861366,1.522388895574,1.0325438249606949,1,0
5838,0.7798712903224518,1.597089229288,1.0325438249606949,1,0
5839,0.7764416138601884,1.697920443632,1.0325438249606949,1,0
5840,0.7798712903224518,1.786822123656,1.0325438249606949,1,0
5841,0.7764416138601884,1.844625495701,1.0325438249606949,1,0
5842,0.7798712903224518,1.948937647621,1.0325438249606949,1,0
5843,0.793593738834389,1.918962170612,1.0325438249606949,1,0
5844,0.7627242054676012,1.984073602149,1.0325438249606949,1,0
5845,0.7558680961842403,1.9889720521,1.0325438249606949,1,0
5846,0.7524401163958176,1.946794920908,1.0325438249606949,1,0
5847,0.7558680961842403,1.962311301309,1.0325438249606949,1,0
5848,0.7455853544710949,1.966083597648,1.0325438249606949,1,0
5849,0.5916616564886197,1.792582992314,1.0325438249606949,1,0
5850,0.3398388299577508,1.518337676888,1.0325438249606949,1,0
5851,0.15034225030250692,1.427476137601,1.0325438249606949,1,0
5852,-0.004624802287595445,1.266104782973,1.0325438249606949,1,0
5853,-0.14222241218315618,1.1987152571,1.0325438249606949,1,0
5854,-0.2659716142474294,1.108014505722,1.0325438249606949,1,0
5855,-0.3660126687641548,1.076460954111,1.0325438249606949,1,0
5856,-0.46578856809111424,1.052353455381,1.0325438249606949,1,0
5857,-0.5421039094958244,1.051158804348,1.0325438249606949,1,0
5858,-0.6215713215811723,1.036722111667,1.0325438249606949,1,0
5859,-0.6810606986064519,1.039740662505,1.0325438249606949,1,0
5860,-0.7338603401890933,1.020537636527,1.0325438249606949,0,0
5861,-0.7503443748874706,1.00536798528,1.0325438249606949,0,0
5862,-0.826077557556167,0.987044907914,1.0325438249606949,0,0
5863,-0.8622426594903352,0.983443632034,1.0325438249606949,0,0
5864,-0.872099635873833,0.986941136018,1.0325438249606949,0,0
5865,-0.9180642268896057,1.009895311001,1.0325438249606949,0,0
5866,-0.9147828596818797,1.025240947247,1.0325438249606949,0,0
5867,-0.94430358724756,1.051435876141,1.0325438249606949,1,0
5868,-0.8589564018697745,1.091100232653,1.0325438249606949,1,0
5869,-0.5619867312121318,1.103406222104,1.0325438249606949,1,0
5870,-0.3060198287277621,1.120054370464,1.0325438249606949,1,0
5871,-0.051664778867508185,1.140313987565,1.0325438249606949,1,0
5872,0.10985613178924034,1.109054312892,1.0325438249606949,1,0
5873,0.248359079360821,1.099771344082,1.0325438249606949,1,0
5874,0.32288209693716435,1.06699055358,1.0325438249606949,1,0
5875,0.3907536665121695,1.063217154905,1.0325438249606949,1,0
5876,0.5200351231445873,1.049986177149,1.0325438249606949,1,0
5877,0.5609484666260263,1.042693391599,1.0325438249606949,1,0
5878,0.6155659445223584,1.015398693989,1.0325438249606949,0,0
5879,0.6429033023660415,0.993938793813,1.0325438249606949,0,0
5880,0.6531595959281424,0.977542641834,1.0325438249606949,0,0
5881,0.6736801174976575,0.977777776111,1.0325438249606949,0,0
5882,0.6907885281693767,0.995301912607,1.0325438249606949,0,0
5883,0.6942112183275906,1.0170058043,1.0325438249606949,0,0
5884,0.72845299075692,1.040868213177,1.0325438249606949,1,0
5885,0.7353052076708819,1.038732909626,1.0325438249606949,1,0
5886,0.72845299075692,1.048598057937,1.0325438249606949,1,0
5887,0.7455853544710949,1.04124047751,1.0325438249606949,1,0
5888,0.7387313909811206,1.047283655515,1.0325438249606949,1,0
5889,0.7490123861182537,1.033378020819,1.0325438249606949,1,0
5890,0.7695823607400053,1.027663127042,1.0325438249606949,0,0
5891,0.7798712903224518,1.005226397272,1.0325438249606949,0,0
5892,0.7867323399208191,0.998052849718,1.0325438249606949,0,0
5893,0.7695823607400053,0.98605313671,1.0325438249606949,0,0
5894,0.7867323399208191,0.983655265056,1.0325438249606949,0,0
5895,0.7764416138601884,0.987498344315,1.0325438249606949,0,0
5896,0.7798712903224518,0.995023681761,1.0325438249606949,0,0
5897,0.7901629146221747,1.012631955264,1.0325438249606949,0,0
5898,0.8073217264873941,1.021491044514,1.0325438249606949,0,0
5899,0.793593738834389,1.040982976631,1.0325438249606949,1,0
5900,0.8141866684551604,1.038341233308,1.0325438249606949,1,0
5901,0.793593738834389,1.048083694857,1.0325438249606949,1,0
5902,0.7901629146221747,1.040166036771,1.0325438249606949,1,0
5903,0.7901629146221747,1.044763277863,1.0325438249606949,1,0
5904,0.7901629146221747,1.025676285026,1.0325438249606949,0,0
5905,0.8107540976669337,1.008407164137,1.0325438249606949,0,0
5906,0.8073217264873941,0.985849174355,1.0325438249606949,0,0
5907,0.8107540976669337,0.977070005378,1.0325438249606949,0,0
5908,0.8382257422548834,0.985451636559,1.0325438249606949,0,0
5909,0.81762043689551,1.004148424081,1.0325438249606949,0,0
5910,0.8210536564119699,1.027937547353,1.0325438249606949,0,0
5911,0.8210536564119699,1.043987813796,1.0325438249606949,1,0
5912,0.8382257422548834,1.05107356096,1.0325438249606949,1,0
5913,0.8382257422548834,1.047106579007,1.0325438249606949,1,0
5914,0.8141866684551604,1.057994237393,1.0325438249606949,1,0
5915,0.8073217264873941,1.05477884871,1.0325438249606949,1,0
5916,0.8073217264873941,1.077076280377,1.0325438249606949,1,0
5917,0.8210536564119699,1.074195892116,1.0325438249606949,1,0
5918,0.8038888562861366,1.088294390579,1.0325438249606949,1,0
5919,0.8004571837370019,1.082192147258,1.0325438249606949,1,0
5920,0.8141866684551604,1.065769918299,1.0325438249606949,1,0
5921,0.81762043689551,1.057707761208,1.0325438249606949,1,0
5922,0.8279217422165586,1.031336431972,1.0325438249606949,0,0
5923,0.8073217264873941,1.008488894936,1.0325438249606949,0,0
5924,0.8210536564119699,0.995493500806,1.0325438249606949,0,0
5925,0.8107540976669337,0.975463441973,1.0325438249606949,0,0
5926,0.8107540976669337,0.978724317281,1.0325438249606949,0,0
5927,0.8244871254392888,0.991726807258,1.0325438249606949,0,0
5928,0.8107540976669337,1.028435141048,1.0325438249606949,0,0
5929,0.8073217264873941,1.058262815093,1.0325438249606949,1,0
5930,0.8004571837370019,1.098202541753,1.0325438249606949,1,0
5931,0.8141866684551604,1.109293661183,1.0325438249606949,1,0
5932,0.8073217264873941,1.211919524725,1.0325438249606949,1,0
5933,0.8004571837370019,1.272011606586,1.0325438249606949,1,0
5934,0.7901629146221747,1.453416409554,1.0325438249606949,1,0
5935,0.8073217264873941,1.487461799554,1.0325438249606949,1,0
5936,0.7833012162955741,1.554427635772,1.0325438249606949,1,0
5937,0.7901629146221747,1.690627000885,1.0325438249606949,1,0
5938,0.7798712903224518,1.761408854925,1.0325438249606949,1,0
5939,0.7730113884740355,1.820983183243,1.0325438249606949,1,0
5940,0.7764416138601884,1.788801885932,1.0325438249606949,1,0
5941,0.7695823607400053,1.836163074447,1.0325438249606949,1,0
5942,0.7627242054676012,1.879355003516,1.0325438249606949,1,0
5943,0.7592960260704914,1.844397010334,1.0325438249606949,1,0
5944,0.7592960260704914,1.852519961812,1.0325438249606949,1,0
5945,0.7730113884740355,1.92252094239,1.0325438249606949,1,0
5946,0.7455853544710949,1.928594280148,1.0325438249606949,1,0
5947,0.72845299075692,1.908144950474,1.0325438249606949,1,0
5948,0.4315332222710598,1.603133197014,1.0325438249606949,1,0
5949,0.2348254481913656,1.48595494858,1.0325438249606949,1,0
5950,0.06941221335943012,1.361102320939,1.0325438249606949,1,0
5951,-0.08187450571898855,1.279170125257,1.0325438249606949,1,0
5952,-0.20916400488482384,1.131034057131,1.0325438249606949,1,0
5953,-0.3193593778756127,1.094909391576,1.0325438249606949,1,0
5954,-0.41925913439293616,1.056331231247,1.0325438249606949,1,0
5955,-0.5023065781841278,1.051090541378,1.0325438249606949,1,0
5956,-0.5785475154507105,1.041752077693,1.0325438249606949,1,0
5957,-0.6513279367128681,1.042229172983,1.0325438249606949,1,0
5958,-0.7107696072619237,1.022860482983,1.0325438249606949,0,0
5959,-0.7569361024647282,1.01448559461,1.0325438249606949,0,0
5960,-0.799753263701839,0.990918526149,1.0325438249606949,0,0
5961,-0.8425206225715108,0.985841382865,1.0325438249606949,0,0
5962,-0.8786695562020216,0.98017395301,1.0325438249606949,0,0
5963,-0.8918058039020305,0.999777494172,1.0325438249606949,0,0
5964,-0.9213450950756138,1.011496581094,1.0325438249606949,0,0
5965,-0.9475822597380097,1.035492226187,1.0325438249606949,1,0
5966,-0.9672478073983763,1.073514904515,1.0325438249606949,1,0
5967,-0.7140693883710375,1.106717961685,1.0325438249606949,1,0
5968,-0.42923452863007366,1.12891023847,1.0325438249606949,1,0
5969,-0.18574800960197632,1.136476771685,1.0325438249606949,1,0
5970,0.032375995722984614,1.125302101792,1.0325438249606949,1,0
5971,0.18073481247362666,1.112199380279,1.0325438249606949,1,0
5972,0.3059330987532042,1.086707149388,1.0325438249606949,1,0
5973,0.3432312294976927,1.065509814483,1.0325438249606949,1,0
5974,0.42473382680592964,1.058405532497,1.0325438249606949,1,0
5975,0.5370768146126333,1.039837741902,1.0325438249606949,1,0
5976,0.5677714408673237,1.030877522354,1.0325438249606949,0,0
5977,0.605319381883755,1.00454785477,1.0325438249606949,0,0
5978,0.6394850535011164,0.985248258742,1.0325438249606949,0,0
5979,0.656578693129988,0.976856698191,1.0325438249606949,0,0
5980,0.6873660875220218,0.982018135706,1.0325438249606949,0,0
5981,0.6873660875220218,1.009027442919,1.0325438249606949,0,0
5982,0.7079042245581761,1.029318862439,1.0325438249606949,0,0
5983,0.7147528984179414,1.043073319674,1.0325438249606949,1,0
5984,0.7147528984179414,1.048479632135,1.0325438249606949,1,0
5985,0.7318789744584716,1.047330601769,1.0325438249606949,1,0
5986,0.7318789744584716,1.044849054668,1.0325438249606949,1,0
5987,0.7627242054676012,1.042727514031,1.0325438249606949,1,0
5988,0.7661535326146621,1.031744983544,1.0325438249606949,0,0
5989,0.7592960260704914,1.020351847726,1.0325438249606949,0,0
5990,0.7764416138601884,0.99905173407,1.0325438249606949,0,0
5991,0.7592960260704914,0.99136808991,1.0325438249606949,0,0
5992,0.7730113884740355,0.982767138548,1.0325438249606949,0,0
5993,0.7764416138601884,0.988525029496,1.0325438249606949,0,0
5994,0.7798712903224518,0.990675093631,1.0325438249606949,0,0
5995,0.7833012162955741,1.010320317329,1.0325438249606949,0,0
5996,0.7901629146221747,1.021440298995,1.0325438249606949,0,0
5997,0.7901629146221747,1.034663725961,1.0325438249606949,1,0
5998,0.793593738834389,1.040936072494,1.0325438249606949,1,0
5999,0.8004571837370019,1.047373589349,1.0325438249606949,1,0
6000,0.7901629146221747,1.047042349972,1.0325438249606949,1,0
6001,0.793593738834389,1.046518069254,1.0325438249606949,1,0
6002,0.793593738834389,1.042337744554,1.0325438249606949,1,0
6003,0.8210536564119699,1.026508546625,1.0325438249606949,0,0
6004,0.8038888562861366,0.996490565171,1.0325438249606949,0,0
6005,0.8107540976669337,0.978253310267,1.0325438249606949,0,0
6006,0.8141866684551604,0.978582550387,1.0325438249606949,0,0
6007,0.8279217422165586,0.995187562849,1.0325438249606949,0,0
6008,0.8279217422165586,1.020687075115,1.0325438249606949,0,0
6009,0.8210536564119699,1.03871142917,1.0325438249606949,1,0
6010,0.8382257422548834,1.055898972509,1.0325438249606949,1,0
6011,0.8210536564119699,1.048599853002,1.0325438249606949,1,0
6012,0.81762043689551,1.058104203247,1.0325438249606949,1,0
6013,0.8107540976669337,1.059102310485,1.0325438249606949,1,0
6014,0.8073217264873941,1.065989458991,1.0325438249606949,1,0
6015,0.8313558599721106,1.085750870085,1.0325438249606949,1,0
6016,0.81762043689551,1.068266884062,1.0325438249606949,1,0
6017,0.8073217264873941,1.08872598378,1.0325438249606949,1,0
6018,0.8038888562861366,1.079688445906,1.0325438249606949,1,0
6019,0.8038888562861366,1.074509448922,1.0325438249606949,1,0
6020,0.8038888562861366,1.058152443908,1.0325438249606949,1,0
6021,0.8107540976669337,1.027042947912,1.0325438249606949,0,0
6022,0.8038888562861366,1.009562182474,1.0325438249606949,0,0
6023,0.8038888562861366,0.990494018435,1.0325438249606949,0,0
6024,0.8244871254392888,0.975640507017,1.0325438249606949,0,0
6025,0.8244871254392888,0.982819717784,1.0325438249606949,0,0
6026,0.8141866684551604,1.002454322141,1.0325438249606949,0,0
6027,0.8038888562861366,1.04468210604,1.0325438249606949,1,0
6028,0.8004571837370019,1.076670108486,1.0325438249606949,1,0
6029,0.8107540976669337,1.099095875466,1.0325438249606949,1,0
6030,0.8107540976669337,1.141462505305,1.0325438249606949,1,0
6031,0.793593738834389,1.257870698874,1.0325438249606949,1,0
6032,0.7901629146221747,1.344614287137,1.0325438249606949,1,0
6033,0.7833012162955741,1.460413662322,1.0325438249606949,1,0
6034,0.7901629146221747,1.546686359245,1.0325438249606949,1,0
6035,0.7970257107965544,1.627973159518,1.0325438249606949,1,0
6036,0.7833012162955741,1.690953941461,1.0325438249606949,1,0
6037,0.7764416138601884,1.778245960749,1.0325438249606949,1,0
6038,0.7730113884740355,1.836132415742,1.0325438249606949,1,0
6039,0.793593738834389,1.803929097854,1.0325438249606949,1,0
6040,0.7901629146221747,1.902273243908,1.0325438249606949,1,0
6041,0.7833012162955741,1.940359671092,1.0325438249606949,1,0
6042,0.7592960260704914,1.908500628912,1.0325438249606949,1,0
6043,0.7558680961842403,1.915284364262,1.0325438249606949,1,0
6044,0.7558680961842403,1.928340220044,1.0325438249606949,1,0
6045,0.7558680961842403,1.948519839485,1.0325438249606949,1,0
6046,0.5950754640602562,1.807225065627,1.0325438249606949,1,0
6047,0.3296638270334835,1.556547663023,1.0325438249606949,1,0
6048,0.143592120756469,1.427337123445,1.0325438249606949,1,0
6049,-0.004624802287595445,1.313300682367,1.0325438249606949,1,0
6050,-0.1489220906335221,1.189277035799,1.0325438249606949,1,0
6051,-0.2693105186592205,1.10200460626,1.0325438249606949,1,0
6052,-0.3726723131972082,1.073448990572,1.0325438249606949,1,0
6053,-0.45914479254868756,1.049434383081,1.0325438249606949,1,0
6054,-0.545418611354301,1.049563636733,1.0325438249606949,1,0
6055,-0.6116471269722836,1.036132100497,1.0325438249606949,1,0
6056,-0.674455746953672,1.039125408773,1.0325438249606949,1,0
6057,-0.7272642711228907,1.016762025838,1.0325438249606949,0,0
6058,-0.7767040493815923,1.003859823248,1.0325438249606949,0,0
6059,-0.803044711148265,0.986455420307,1.0325438249606949,0,0
6060,-0.8589564018697745,0.982924061958,1.0325438249606949,0,0
6061,-0.8753846958422709,0.986862260513,1.0325438249606949,0,0
6062,-0.9049372609935483,1.010235848106,1.0325438249606949,0,0
6063,-0.9508605330110851,1.027167443989,1.0325438249606949,0,0
6064,-0.957416380926831,1.053537610482,1.0325438249606949,1,0
6065,-0.8194982556196833,1.093598822774,1.0325438249606949,1,0
6066,-0.52552700685576,1.106113466401,1.0325438249606949,1,0
6067,-0.2826632170293357,1.123223787745,1.0325438249606949,1,0
6068,-0.028152091889060732,1.133392286442,1.0325438249606949,1,0
6069,0.12672033994557064,1.111931940497,1.0325438249606949,1,0
6070,0.27882848463871424,1.088068432864,1.0325438249606949,1,0
6071,0.3093217306791765,1.063490305818,1.0325438249606949,1,0
6072,0.40094458822923534,1.061314396399,1.0325438249606949,1,0
6073,0.502999469839327,1.046168111046,1.0325438249606949,1,0
6074,0.5541262908194775,1.03904769052,1.0325438249606949,1,0
6075,0.5950754640602562,1.012757397292,1.0325438249606949,0,0
6076,0.6360670042448783,0.991910998888,1.0325438249606949,0,0
6077,0.6805225036837783,0.977428693933,1.0325438249606949,0,0
6078,0.6736801174976575,0.977777776111,1.0325438249606949,0,0
6079,0.7010571475679078,0.994971263459,1.0325438249606949,0,0
6080,0.6976338086814609,1.015105620799,1.0325438249606949,0,0
6081,0.7079042245581761,1.043020203467,1.0325438249606949,1,0
6082,0.7113284616837152,1.037296906315,1.0325438249606949,1,0
6083,0.7216024206146271,1.048049606175,1.0325438249606949,1,0
6084,0.7318789744584716,1.040545451396,1.0325438249606949,1,0
6085,0.7353052076708819,1.044782567629,1.0325438249606949,1,0
6086,0.7490123861182537,1.030394104021,1.0325438249606949,0,0
6087,0.7455853544710949,1.024249998299,1.0325438249606949,0,0
6088,0.7524401163958176,1.005203007211,1.0325438249606949,0,0
6089,0.7798712903224518,0.997349409286,1.0325438249606949,0,0
6090,0.7695823607400053,0.985445221657,1.0325438249606949,0,0
6091,0.7730113884740355,0.985350242187,1.0325438249606949,0,0
6092,0.8004571837370019,0.987518398824,1.0325438249606949,0,0
6093,0.793593738834389,0.996911525724,1.0325438249606949,0,0
6094,0.8141866684551604,1.014169374404,1.0325438249606949,0,0
6095,0.8073217264873941,1.023712302732,1.0325438249606949,0,0
6096,0.8004571837370019,1.039420309567,1.0325438249606949,1,0
6097,0.7970257107965544,1.037736475689,1.0325438249606949,1,0
6098,0.8244871254392888,1.045597930572,1.0325438249606949,1,0
6099,0.8244871254392888,1.038441791072,1.0325438249606949,1,0
6100,0.8038888562861366,1.040459854488,1.0325438249606949,1,0
6101,0.8279217422165586,1.021509235172,1.0325438249606949,0,0
6102,0.8107540976669337,1.002981035583,1.0325438249606949,0,0
6103,0.8347901773363497,0.982213267785,1.0325438249606949,0,0
6104,0.8382257422548834,0.977424750535,1.0325438249606949,0,0
6105,0.81762043689551,0.985163913432,1.0325438249606949,0,0
6106,0.8416607083473558,1.00259051029,1.0325438249606949,0,0
6107,0.8313558599721106,1.026416661402,1.0325438249606949,0,0
6108,0.8485323372061411,1.039434448832,1.0325438249606949,1,0
6109,0.8347901773363497,1.048177367702,1.0325438249606949,1,0
6110,0.81762043689551,1.044854548679,1.0325438249606949,1,0
6111,0.8382257422548834,1.053145331124,1.0325438249606949,1,0
6112,0.8210536564119699,1.050117783608,1.0325438249606949,1,0
6113,0.81762043689551,1.069412053076,1.0325438249606949,1,0
6114,0.81762043689551,1.073329039144,1.0325438249606949,1,0
6115,0.81762043689551,1.087332861329,1.0325438249606949,1,0
6116,0.8382257422548834,1.071086685309,1.0325438249606949,1,0
6117,0.8313558599721106,1.061090703553,1.0325438249606949,1,0
6118,0.8210536564119699,1.047163574946,1.0325438249606949,1,0
6119,0.8073217264873941,1.024577960594,1.0325438249606949,0,0
6120,0.8107540976669337,1.005201073584,1.0325438249606949,0,0
6121,0.8107540976669337,0.990433629387,1.0325438249606949,0,0
6122,0.8107540976669337,0.973509146835,1.0325438249606949,0,0
6123,0.8141866684551604,0.979512616295,1.0325438249606949,0,0
6124,0.8073217264873941,0.994285422533,1.0325438249606949,0,0
6125,0.8073217264873941,1.036100005085,1.0325438249606949,1,0
6126,0.8004571837370019,1.061782071176,1.0325438249606949,1,0
6127,0.8107540976669337,1.096741495128,1.0325438249606949,1,0
6128,0.7970257107965544,1.114224179094,1.0325438249606949,1,0
6129,0.7901629146221747,1.218178367411,1.0325438249606949,1,0
6130,0.8141866684551604,1.282584867097,1.0325438249606949,1,0
6131,0.8073217264873941,1.433770080727,1.0325438249606949,1,0
6132,0.8073217264873941,1.507963677136,1.0843031971339,1,0
6133,0.793593738834389,1.573881314385,1.0843031971339,1,0
6134,0.7901629146221747,1.670889214346,1.0843031971339,1,0
6135,0.8038888562861366,1.786004828429,1.0843031971339,1,0
6136,0.7764416138601884,1.788945320659,1.0843031971339,1,0
6137,0.7730113884740355,1.874618841667,1.0843031971339,1,0
6138,0.7867323399208191,1.845919576678,1.0843031971339,1,0
6139,0.7627242054676012,1.875252978162,1.0843031971339,1,0
6140,0.7592960260704914,1.893566145593,1.0843031971339,1,0
6141,0.7524401163958176,1.842712533335,1.0843031971339,1,0
6142,0.7627242054676012,1.849294756338,1.0843031971339,1,0
6143,0.7592960260704914,1.862120069442,1.0843031971339,1,0
6144,0.7079042245581761,1.822169266164,1.0843031971339,1,0
6145,0.4111381547614057,1.565687491213,1.0843031971339,1,0
6146,0.2212953226494779,1.416837113434,1.0843031971339,1,0
6147,0.06604386003865517,1.353333068121,1.0843031971339,1,0
6148,-0.0885847883808582,1.259099807099,1.0843031971339,1,0
6149,-0.21585174424059078,1.115611755643,1.0843031971339,1,0
6150,-0.3060198287277621,1.09297870024,1.0843031971339,1,0
6151,-0.41925913439293616,1.053582158881,1.0843031971339,0,0
6152,-0.4989880837605958,1.048175059063,1.0843031971339,0,0
6153,-0.5785475154507105,1.039176337028,1.0843031971339,0,0
6154,-0.6381057574730499,1.037273669449,1.0843031971339,0,0
6155,-0.7074698261528101,1.022213664179,1.0843031971339,0,0
6156,-0.7503443748874706,1.014452040047,1.0843031971339,0,0
6157,-0.799753263701839,0.989692868603,1.0843031971339,0,0
6158,-0.8458084770615686,0.983061267856,1.0325438249606949,0,0
6159,-0.8786695562020216,0.976803709071,1.0325438249606949,0,0
6160,-0.8918058039020305,0.992024472203,1.0325438249606949,0,0
6161,-0.9246257636529348,1.003145548745,1.0325438249606949,0,0
6162,-0.9475822597380097,1.026450357844,1.0325438249606949,0,0
6163,-0.9541385068711299,1.064288335023,1.0325438249606949,1,0
6164,-0.6810606986064519,1.099339083844,1.0325438249606949,1,0
6165,-0.3959732839740972,1.108711105968,1.0325438249606949,1,0
6166,-0.15896903210945268,1.137567008353,1.0325438249606949,1,0
6167,0.05257322295372148,1.128846218456,1.0325438249606949,1,0
6168,0.1976301408718348,1.106711744773,1.0325438249606949,1,0
6169,0.26189822472025837,1.076026260929,1.0325438249606949,1,0
6170,0.380565414561294,1.063616782217,1.0325438249606949,1,0
6171,0.43493358120740094,1.05500146705,1.0325438249606949,1,0
6172,0.5507160263020374,1.043009252225,1.0325438249606949,1,0
6173,0.5711835517651196,1.02968937869,1.0325438249606949,0,0
6174,0.6360670042448783,1.002389410141,1.0325438249606949,0,0
6175,0.6429033023660415,0.982009892468,1.0325438249606949,0,0
6176,0.6531595959281424,0.976856698191,1.0325438249606949,0,0
6177,0.6839443455050718,0.982240782413,1.0325438249606949,0,0
6178,0.7010571475679078,1.009523272502,1.0325438249606949,0,0
6179,0.7181772852499959,1.030539307733,1.0325438249606949,0,0
6180,0.7113284616837152,1.045118440457,1.0325438249606949,1,0
6181,0.7250277056857736,1.047625017185,1.0325438249606949,1,0
6182,0.7216024206146271,1.046385958657,1.0325438249606949,1,0
6183,0.7421582230195923,1.043435355529,1.0325438249606949,1,0
6184,0.7353052076708819,1.04080744277,1.0325438249606949,1,0
6185,0.7421582230195923,1.028091759227,1.0325438249606949,0,0
6186,0.7455853544710949,1.017965468621,1.0325438249606949,0,0
6187,0.7524401163958176,0.999444987818,1.0325438249606949,0,0
6188,0.7592960260704914,0.988767677725,1.0325438249606949,0,0
6189,0.7627242054676012,0.982729994806,1.0325438249606949,0,0
6190,0.7695823607400053,0.987892826763,1.0325438249606949,0,0
6191,0.7764416138601884,0.990285664597,1.0325438249606949,0,0
6192,0.7798712903224518,1.011004115167,1.0325438249606949,0,0
6193,0.7833012162955741,1.021725372368,1.0325438249606949,0,0
6194,0.7833012162955741,1.039574688807,1.0325438249606949,1,0
6195,0.793593738834389,1.043232335113,1.0325438249606949,1,0
6196,0.7970257107965544,1.048990538339,1.0325438249606949,1,0
6197,0.7901629146221747,1.046538242677,1.0325438249606949,1,0
6198,0.7970257107965544,1.047933643431,1.0325438249606949,1,0
6199,0.8073217264873941,1.037340310696,1.0325438249606949,1,0
6200,0.8210536564119699,1.02409144623,1.0325438249606949,0,0
6201,0.8073217264873941,0.993624209866,1.0325438249606949,0,0
6202,0.8107540976669337,0.977351015024,1.0325438249606949,0,0
6203,0.8313558599721106,0.97926420756,1.0325438249606949,0,0
6204,0.81762043689551,0.995751289204,1.0325438249606949,0,0
6205,0.8416607083473558,1.021944288965,1.0325438249606949,0,0
6206,0.8382257422548834,1.035161130537,1.0325438249606949,1,0
6207,0.81762043689551,1.052004675665,1.0325438249606949,1,0
6208,0.8313558599721106,1.04662915502,1.0325438249606949,1,0
6209,0.8382257422548834,1.055364314629,1.0325438249606949,1,0
6210,0.8244871254392888,1.055267203003,1.0325438249606949,1,0
6211,0.8210536564119699,1.062075622215,1.0325438249606949,1,0
6212,0.8382257422548834,1.078833170212,1.0325438249606949,1,0
6213,0.8382257422548834,1.070131456004,1.0325438249606949,1,0
6214,0.8210536564119699,1.087071963234,1.0325438249606949,1,0
6215,0.8313558599721106,1.067286528102,1.0325438249606949,1,0
6216,0.8244871254392888,1.061943791466,1.0325438249606949,1,0
6217,0.8107540976669337,1.049015403766,1.0325438249606949,1,0
6218,0.8141866684551604,1.0169829873,1.0325438249606949,0,0
6219,0.8141866684551604,1.006944871699,1.0325438249606949,0,0
6220,0.8107540976669337,0.985765905646,1.0325438249606949,0,0
6221,0.8073217264873941,0.976143670855,1.0325438249606949,0,0
6222,0.8279217422165586,0.984860980925,1.0325438249606949,0,0
6223,0.8107540976669337,1.006839581004,1.0325438249606949,0,0
6224,0.8073217264873941,1.050054890623,1.0325438249606949,1,0
6225,0.8279217422165586,1.081260549507,1.0325438249606949,1,0
6226,0.8004571837370019,1.0996442728,1.0325438249606949,1,0
6227,0.8073217264873941,1.155179264425,1.0325438249606949,1,0
6228,0.7970257107965544,1.246540900766,1.0325438249606949,1,0
6229,0.793593738834389,1.38355041858,1.0325438249606949,1,0
6230,0.7901629146221747,1.50906307932,1.0325438249606949,1,0
6231,0.8107540976669337,1.563705027718,1.0325438249606949,1,0
6232,0.7867323399208191,1.602961011998,1.0325438249606949,1,0
6233,0.7833012162955741,1.757171594404,1.0325438249606949,1,0
6234,0.8004571837370019,1.802540802096,1.0325438249606949,1,0
6235,0.7730113884740355,1.803610921706,1.0325438249606949,1,0
6236,0.7833012162955741,1.905986555162,1.0325438249606949,1,0
6237,0.7627242054676012,1.935924921261,1.0325438249606949,1,0
6238,0.7592960260704914,1.946158751457,1.0325438249606949,1,0
6239,0.7592960260704914,1.914228818642,1.0325438249606949,1,0
6240,0.7490123861182537,1.90932342348,1.0325438249606949,1,0
6241,0.7695823607400053,1.924005550782,1.0325438249606949,1,0
6242,0.7421582230195923,1.924497249359,1.0325438249606949,1,0
6243,0.5575372539673225,1.773068945194,1.0325438249606949,1,0
6244,0.31271148540401394,1.501352722404,1.0325438249606949,1,0
6245,0.1334681303273063,1.391002734585,1.0325438249606949,1,0
6246,-0.011348433780416917,1.290409397996,1.0325438249606949,1,0
6247,-0.15562042172524987,1.187491757439,1.0325438249606949,1,0
6248,-0.2693105186592205,1.104920180509,1.0325438249606949,1,0
6249,-0.36934239117633794,1.073497756869,1.0325438249606949,1,0
6250,-0.45914479254868756,1.049132256775,1.0325438249606949,1,0
6251,-0.5421039094958244,1.050418244191,1.0325438249606949,1,0
6252,-0.6149557906679746,1.038078148299,1.0325438249606949,1,0
6253,-0.6711524227903618,1.036773712995,1.0325438249606949,1,0
6254,-0.7272642711228907,1.018203565348,1.0325438249606949,0,0
6255,-0.7799975927192333,1.003747144125,1.0325438249606949,0,0
6256,-0.8227880063922687,0.984980135962,1.0325438249606949,0,0
6257,-0.8392325684727661,0.980179411929,1.0325438249606949,0,0
6258,-0.8983722310781943,0.9848291416,1.0325438249606949,0,0
6259,-0.9082195264403663,1.004545916206,1.0325438249606949,0,0
6260,-0.9541385068711299,1.019115390129,1.0325438249606949,0,0
6261,-0.9639708315817672,1.051354451306,1.0325438249606949,1,0
6262,-0.8129176562267332,1.083654456603,1.0325438249606949,1,0
6263,-0.522210558421271,1.096370205929,1.0325438249606949,1,0
6264,-0.2693105186592205,1.12270686675,1.0325438249606949,1,0
6265,-0.051664778867508185,1.13281420688,1.0325438249606949,1,0
6266,0.14021669419270458,1.111904001233,1.0325438249606949,1,0
6267,0.27882848463871424,1.087186769155,1.0325438249606949,1,0
6268,0.3330553283343333,1.062089916383,1.0325438249606949,1,0
6269,0.4077406901510279,1.058992166969,1.0325438249606949,1,0
6270,0.5132195344247137,1.043372570968,1.0325438249606949,1,0
6271,0.5643596293825583,1.035018427802,1.0325438249606949,1,0
6272,0.6155659445223584,1.008747680708,1.0325438249606949,0,0
6273,0.6292323029932121,0.989980210779,1.0325438249606949,0,0
6274,0.6668384798441136,0.977003503003,1.0325438249606949,0,0
6275,0.6668384798441136,0.977777776111,1.0325438249606949,0,0
6276,0.6805225036837783,0.995221884002,1.0325438249606949,0,0
6277,0.6907885281693767,1.015673348873,1.0325438249606949,0,0
6278,0.6976338086814609,1.040679004613,1.0325438249606949,1,0
6279,0.7250277056857736,1.038075765079,1.0325438249606949,1,0
6280,0.7181772852499959,1.048184433629,1.0325438249606949,1,0
6281,0.7455853544710949,1.040882215969,1.0325438249606949,1,0
6282,0.7524401163958176,1.043425600591,1.0325438249606949,1,0
6283,0.7387313909811206,1.028889451806,1.0325438249606949,0,0
6284,0.7455853544710949,1.022413908396,1.0325438249606949,0,0
6285,0.7627242054676012,1.003496932662,1.0325438249606949,0,0
6286,0.7558680961842403,0.99750392639,1.0325438249606949,0,0
6287,0.7627242054676012,0.984131575507,1.0325438249606949,0,0
6288,0.7661535326146621,0.986747146969,1.0325438249606949,0,0
6289,0.7833012162955741,0.989043251244,1.0325438249606949,0,0
6290,0.7970257107965544,1.000045005603,1.0325438249606949,0,0
6291,0.7867323399208191,1.017353080177,1.0325438249606949,0,0
6292,0.7730113884740355,1.027622982777,1.0325438249606949,0,0
6293,0.7764416138601884,1.042531980612,1.0325438249606949,1,0
6294,0.7798712903224518,1.040094482925,1.0325438249606949,1,0
6295,0.7867323399208191,1.049694904755,1.0325438249606949,1,0
6296,0.8073217264873941,1.041967866441,1.0325438249606949,1,0
6297,0.8038888562861366,1.045625814669,1.0325438249606949,1,0
6298,0.8004571837370019,1.026198542859,1.0325438249606949,0,0
6299,0.8244871254392888,1.00739424981,1.0325438249606949,0,0
6300,0.8244871254392888,0.983662491964,1.0325438249606949,0,0
6301,0.8313558599721106,0.977424750535,1.0325438249606949,0,0
6302,0.8279217422165586,0.986458987082,1.0325438249606949,0,0
6303,0.81762043689551,1.007052598499,1.0325438249606949,0,0
6304,0.8347901773363497,1.027908643204,1.0325438249606949,0,0
6305,0.8416607083473558,1.044166987228,1.0325438249606949,1,0
6306,0.8313558599721106,1.050212428982,1.0325438249606949,1,0
6307,0.8347901773363497,1.046430009192,1.0325438249606949,1,0
6308,0.8244871254392888,1.054715809063,1.0325438249606949,1,0
6309,0.8519682514398772,1.051430935127,1.0325438249606949,1,0
6310,0.8279217422165586,1.07145556446,1.0325438249606949,1,0
6311,0.8244871254392888,1.075793009658,1.0325438249606949,1,0
6312,0.81762043689551,1.080802679593,1.0325438249606949,1,0
6313,0.8210536564119699,1.073008121222,1.0325438249606949,1,0
6314,0.8382257422548834,1.062610781846,1.0325438249606949,1,0
6315,0.8073217264873941,1.049866566869,1.0325438249606949,1,0
6316,0.8073217264873941,1.028176335252,1.0325438249606949,0,0
6317,0.8073217264873941,1.012462196799,1.0325438249606949,0,0
6318,0.8107540976669337,0.995862446279,1.0325438249606949,0,0
6319,0.8073217264873941,0.975977645552,1.0325438249606949,0,0
6320,0.8141866684551604,0.982684448556,1.0325438249606949,0,0
6321,0.81762043689551,0.995358969331,1.0325438249606949,0,0
6322,0.8038888562861366,1.036405328781,1.0325438249606949,1,0
6323,0.8107540976669337,1.065780429959,1.0325438249606949,1,0
6324,0.8141866684551604,1.097123135954,1.0325438249606949,1,0
6325,0.8004571837370019,1.115992692541,1.0325438249606949,1,0
6326,0.8038888562861366,1.223125460475,1.0325438249606949,1,0
6327,0.7833012162955741,1.291442510269,1.0325438249606949,1,0
6328,0.8038888562861366,1.448330613998,1.0325438249606949,1,0
6329,0.7867323399208191,1.525120876402,1.0325438249606949,1,0
6330,0.7901629146221747,1.595746786655,1.0325438249606949,1,0
6331,0.8004571837370019,1.696608238381,1.0325438249606949,1,0
6332,0.7764416138601884,1.780861304802,1.0325438249606949,1,0
6333,0.7695823607400053,1.835206221843,1.0325438249606949,1,0
6334,0.7661535326146621,1.87464277323,1.0325438249606949,1,0
6335,0.7592960260704914,1.909708532141,1.0325438249606949,1,0
6336,0.7798712903224518,1.896199191466,1.0325438249606949,1,0
6337,0.7558680961842403,1.917403013474,1.0325438249606949,1,0
6338,0.7455853544710949,1.92471199252,1.0325438249606949,1,0
6339,0.7421582230195923,1.92324500972,1.0325438249606949,1,0
6340,0.7387313909811206,1.943143623369,1.0325438249606949,1,0
6341,0.632649703521217,1.813838045596,1.0325438249606949,1,0
6342,0.39754799690686377,1.549993053293,1.0325438249606949,1,0
6343,0.21453282984038088,1.422124426293,1.0325438249606949,1,0
6344,0.04583956424325747,1.311629506537,1.0325438249606949,1,0
6345,-0.09529372368408975,1.221061404625,1.0325438249606949,1,0
6346,-0.21585174424059078,1.118033359948,1.0325438249606949,1,0
6347,-0.32602805460175877,1.093617802168,1.0325438249606949,1,0
6348,-0.41593380337186986,1.055071246199,1.0325438249606949,1,0
6349,-0.4989880837605958,1.054898287463,1.0325438249606949,1,0
6350,-0.5785475154507105,1.040307142281,1.0325438249606949,1,0
6351,-0.6447176954298793,1.04066301366,1.0325438249606949,1,0
6352,-0.6777582726822338,1.023148869527,1.0325438249606949,0,0
6353,-0.7305622557538203,1.012167578326,1.0325438249606949,0,0
6354,-0.7832911360568742,0.991739145695,1.0325438249606949,0,0
6355,-0.8458084770615686,0.984384011774,1.0325438249606949,0,0
6356,-0.872099635873833,0.978486945118,1.0325438249606949,0,0
6357,-0.9147828596818797,0.997253767571,1.0325438249606949,0,0
6358,-0.9344659729067137,1.008317042728,1.0325438249606949,0,0
6359,-0.9606937559608144,1.032268730443,1.0325438249606949,0,0
6360,-0.8786695562020216,1.070248105061,1.0325438249606949,1,0
6361,-0.5818589237658495,1.099058662464,1.0325438249606949,1,0
6362,-0.3826600831729478,1.116627042075,1.0325438249606949,1,0
6363,-0.14557259448577015,1.138107000782,1.0325438249606949,1,0
6364,0.008825829094642815,1.113276502736,1.0325438249606949,1,0
6365,0.1604704512274137,1.109394861709,1.0325438249606949,1,0
6366,0.27544249752784633,1.0766204626,1.0325438249606949,1,0
6367,0.38735797342888995,1.063956568742,1.0325438249606949,1,0
6368,0.4519389189433035,1.057147171583,1.0325438249606949,1,0
6369,0.5438956469736728,1.042871065057,1.0325438249606949,1,0
6370,0.5882477990148113,1.029528072871,1.0325438249606949,0,0
6371,0.632649703521217,1.002565898595,1.0325438249606949,0,0
6372,0.6429033023660415,0.981781789698,1.0325438249606949,0,0
6373,0.6805225036837783,0.976860449455,1.0325438249606949,0,0
6374,0.6976338086814609,0.984315504196,1.0325438249606949,0,0
6375,0.6873660875220218,1.011661216476,1.0325438249606949,0,0
6376,0.6976338086814609,1.034637666407,1.0325438249606949,1,0
6377,0.7181772852499959,1.041303947136,1.0325438249606949,1,0
6378,0.7044807359652138,1.048208318542,1.0325438249606949,1,0
6379,0.7113284616837152,1.045640199895,1.0325438249606949,1,0
6380,0.7181772852499959,1.044837174318,1.0325438249606949,1,0
6381,0.7455853544710949,1.037684088742,1.0325438249606949,1,0
6382,0.7592960260704914,1.029265398481,1.0325438249606949,0,0
6383,0.7421582230195923,1.014403345253,1.0325438249606949,0,0
6384,0.7490123861182537,0.999744080372,1.0325438249606949,0,0
6385,0.7592960260704914,0.988465314281,1.0325438249606949,0,0
6386,0.7627242054676012,0.982935357109,1.0325438249606949,0,0
6387,0.7695823607400053,0.987253752726,1.0325438249606949,0,0
6388,0.7695823607400053,0.991835180036,1.0325438249606949,0,0
6389,0.7798712903224518,1.01265722729,1.0325438249606949,0,0
6390,0.7730113884740355,1.021518958163,1.0325438249606949,0,0
6391,0.7798712903224518,1.045583922872,1.0325438249606949,1,0
6392,0.7833012162955741,1.043143691688,1.0325438249606949,1,0
6393,0.793593738834389,1.051968737188,1.0325438249606949,1,0
6394,0.7970257107965544,1.047999788879,1.0325438249606949,1,0
6395,0.8141866684551604,1.051763932777,1.0325438249606949,1,0
6396,0.793593738834389,1.037931519454,1.0325438249606949,1,0
6397,0.8004571837370019,1.025198183178,1.0325438249606949,0,0
6398,0.8004571837370019,0.994285049342,1.0325438249606949,0,0
6399,0.8073217264873941,0.977525981758,1.0325438249606949,0,0
6400,0.8107540976669337,0.981060563695,1.0325438249606949,0,0
6401,0.8141866684551604,1.000357246365,1.0325438249606949,0,0
6402,0.8382257422548834,1.027283421415,1.0325438249606949,0,0
6403,0.8244871254392888,1.037903217816,1.0325438249606949,1,0
6404,0.8313558599721106,1.05489927746,1.0325438249606949,1,0
6405,0.8313558599721106,1.046659779363,1.0325438249606949,1,0
6406,0.8588416268746748,1.059294367992,1.0325438249606949,1,0
6407,0.845095923950687,1.052233616969,1.0325438249606949,1,0
6408,0.8382257422548834,1.059589976321,1.0325438249606949,1,0
6409,0.8519682514398772,1.075427940028,1.0325438249606949,1,0
6410,0.845095923950687,1.066861601703,1.0325438249606949,1,0
6411,0.8416607083473558,1.082838343171,1.0325438249606949,1,0
6412,0.8382257422548834,1.061268229994,1.0325438249606949,1,0
6413,0.81762043689551,1.054136406469,1.0325438249606949,1,0
6414,0.8210536564119699,1.038923195038,1.0325438249606949,1,0
6415,0.8073217264873941,1.006961653374,1.0325438249606949,0,0
6416,0.8279217422165586,0.999878201174,1.0325438249606949,0,0
6417,0.8141866684551604,0.980851384807,1.0325438249606949,0,0
6418,0.8244871254392888,0.975558176098,1.0325438249606949,0,0
6419,0.8038888562861366,0.9864798645,1.0325438249606949,0,0
6420,0.8141866684551604,1.010501442643,1.0325438249606949,0,0
6421,0.8073217264873941,1.053584584644,1.0325438249606949,1,0
6422,0.8073217264873941,1.089945865639,1.0325438249606949,1,0
6423,0.793593738834389,1.10188194328,1.0325438249606949,1,0
6424,0.7901629146221747,1.156337043131,1.0325438249606949,1,0
6425,0.7833012162955741,1.25233689512,1.0325438249606949,1,0
6426,0.8107540976669337,1.365622754389,1.0325438249606949,1,0
6427,0.7833012162955741,1.456130506425,1.0325438249606949,1,0
6428,0.7798712903224518,1.581117202195,1.0325438249606949,1,0
6429,0.7764416138601884,1.620489528077,1.0325438249606949,1,0
6430,0.7798712903224518,1.701214186076,1.0325438249606949,1,0
6431,0.7764416138601884,1.7853080375,1.0325438249606949,1,0
6432,0.7661535326146621,1.802292788886,1.0325438249606949,1,0
6433,0.7592960260704914,1.838682787977,1.0325438249606949,1,0
6434,0.7627242054676012,1.892660439441,1.0325438249606949,1,0
6435,0.7524401163958176,1.914982792458,1.0325438249606949,1,0
6436,0.7730113884740355,1.960762902218,1.0325438249606949,1,0
6437,0.7490123861182537,1.952001321874,1.0325438249606949,1,0
6438,0.7558680961842403,1.957146323009,1.0325438249606949,1,0
6439,0.7353052076708819,1.978638550831,1.0325438249606949,1,0
6440,0.5473057118824256,1.81186780279,1.0325438249606949,1,0
6441,0.3194914439732348,1.521711824773,1.0325438249606949,1,0
6442,0.11997373474041484,1.448032137895,1.0325438249606949,1,0
6443,-0.028152091889060732,1.293762180247,1.0325438249606949,1,0
6444,-0.15896903210945268,1.189827683165,1.0325438249606949,1,0
6445,-0.27932565997618275,1.107477777723,1.0325438249606949,1,0
6446,-0.37600218531590673,1.076177389313,1.0325438249606949,1,0
6447,-0.4624668300264163,1.051622496786,1.0325438249606949,1,0
6448,-0.545418611354301,1.05195867706,1.0325438249606949,1,0
6449,-0.6116471269722836,1.038493559841,1.0325438249606949,1,0
6450,-0.6777582726822338,1.040573818858,1.0325438249606949,1,0
6451,-0.7338603401890933,1.01729279836,1.0325438249606949,0,0
6452,-0.7898767256670024,1.006534820215,1.0325438249606949,0,0
6453,-0.8326555620361843,0.988218972574,1.0325438249606949,0,0
6454,-0.8753846958422709,0.985105118966,1.0325438249606949,0,0
6455,-0.9115012928654666,0.994025077297,1.0325438249606949,0,0
6456,-0.9246257636529348,1.014309049056,1.0325438249606949,0,0
6457,-0.9705242841932675,1.037787989003,1.0325438249606949,1,0
6458,-0.9738005613794718,1.062268481263,1.0325438249606949,1,0
6459,-0.7272642711228907,1.100207956974,1.0325438249606949,1,0
6460,-0.518893860475923,1.110009752161,1.0325438249606949,1,0
6461,-0.23590765163972555,1.126201046966,1.0325438249606949,1,0
6462,-0.04158957404903432,1.135576939684,1.0325438249606949,1,0
6463,0.143592120756469,1.104148450941,1.0325438249606949,1,0
6464,0.27544249752784633,1.087794966906,1.0325438249606949,1,0
6465,0.3432312294976927,1.061675441688,1.0325438249606949,1,0
6466,0.4145367421706486,1.058009962689,1.0325438249606949,1,0
6467,0.5132195344247137,1.039664486246,1.0325438249606949,1,0
6468,0.5609484666260263,1.033068004099,1.0325438249606949,1,0
6469,0.605319381883755,1.005905864863,1.0325438249606949,0,0
6470,0.632649703521217,0.988246045728,1.0325438249606949,0,0
6471,0.6634185343053477,0.976973673351,1.0325438249606949,0,0
6472,0.6839443455050718,0.977777776111,1.0325438249606949,0,0
6473,0.6942112183275906,0.995099039693,1.0325438249606949,0,0
6474,0.6976338086814609,1.015655230704,1.0325438249606949,0,0
6475,0.7079042245581761,1.041380791953,1.0325438249606949,1,0
6476,0.7113284616837152,1.039276005114,1.0325438249606949,1,0
6477,0.7216024206146271,1.049007689901,1.0325438249606949,1,0
6478,0.7250277056857736,1.041262139609,1.0325438249606949,1,0
6479,0.7387313909811206,1.045073068286,1.0325438249606949,1,0
6480,0.7524401163958176,1.03115404563,1.0325438249606949,0,0
6481,0.7387313909811206,1.024553912625,1.0325438249606949,0,0
6482,0.7455853544710949,1.003102016247,1.0325438249606949,0,0
6483,0.7730113884740355,0.998585500371,1.0325438249606949,0,0
6484,0.7558680961842403,0.986838556915,1.0325438249606949,0,0
6485,0.7695823607400053,0.990693026392,1.0325438249606949,0,0
6486,0.7695823607400053,0.992474000824,1.0325438249606949,0,0
6487,0.7901629146221747,1.001968862479,1.0325438249606949,0,0
6488,0.7764416138601884,1.020678079827,1.0325438249606949,0,0
6489,0.7833012162955741,1.031284332334,1.0325438249606949,0,0
6490,0.7764416138601884,1.045157990245,1.0325438249606949,1,0
6491,0.7970257107965544,1.042252616817,1.0325438249606949,1,0
6492,0.8038888562861366,1.050323981038,1.0325438249606949,1,0
6493,0.7901629146221747,1.041713597223,1.0325438249606949,1,0
6494,0.8107540976669337,1.046862012362,1.0325438249606949,1,0
6495,0.7970257107965544,1.023382501611,1.0325438249606949,0,0
6496,0.7970257107965544,1.006042558135,1.0325438249606949,0,0
6497,0.8073217264873941,0.982518080593,1.0325438249606949,0,0
6498,0.8107540976669337,0.97727835534,1.0325438249606949,0,0
6499,0.8416607083473558,0.987149658784,1.0325438249606949,0,0
6500,0.8279217422165586,1.010322434968,1.0325438249606949,0,0
6501,0.8347901773363497,1.030903476004,1.0325438249606949,0,0
6502,0.8519682514398772,1.044550132973,1.0325438249606949,1,0
6503,0.8347901773363497,1.050146303358,1.0325438249606949,1,0
6504,0.8588416268746748,1.047465927985,1.0325438249606949,1,0
6505,0.8485323372061411,1.057536207096,1.0325438249606949,1,0
6506,0.8519682514398772,1.049628703131,1.0325438249606949,1,0
6507,0.8519682514398772,1.076064783159,1.0325438249606949,1,0
6508,0.8313558599721106,1.071881253587,1.0325438249606949,1,0
6509,0.8210536564119699,1.093783681523,1.0325438249606949,1,0
6510,0.8244871254392888,1.075724943304,1.0325438249606949,1,0
6511,0.81762043689551,1.058584100641,1.0325438249606949,1,0
6512,0.8244871254392888,1.050817956571,1.0325438249606949,1,0
6513,0.81762043689551,1.024021188321,1.0325438249606949,0,0
6514,0.8107540976669337,1.010425509018,1.0325438249606949,0,0
6515,0.81762043689551,0.99337108415,1.0325438249606949,0,0
6516,0.8038888562861366,0.976168104927,1.0325438249606949,0,0
6517,0.8073217264873941,0.983830044123,1.0325438249606949,0,0
6518,0.8073217264873941,0.998369119401,1.0325438249606949,0,0
6519,0.8004571837370019,1.040412305431,1.0325438249606949,1,0
6520,0.8073217264873941,1.066992029098,1.0325438249606949,1,0
6521,0.7901629146221747,1.100902093936,1.0325438249606949,1,0
6522,0.8107540976669337,1.123431981484,1.0325438249606949,1,0
6523,0.8073217264873941,1.222289644479,1.0325438249606949,1,0
6524,0.7833012162955741,1.290684474733,1.0325438249606949,1,0
6525,0.7798712903224518,1.45253551298,1.0325438249606949,1,0
6526,0.8004571837370019,1.529699201772,1.0325438249606949,1,0
6527,0.7764416138601884,1.563182695684,1.0325438249606949,1,0
6528,0.7833012162955741,1.706943830378,1.0325438249606949,1,0
6529,0.7764416138601884,1.755586896572,1.0325438249606949,1,0
6530,0.7695823607400053,1.805535742823,1.0325438249606949,1,0
6531,0.7661535326146621,1.822406326713,1.0325438249606949,1,0
6532,0.7764416138601884,1.92413103513,1.0325438249606949,1,0
6533,0.7592960260704914,1.937088997616,1.0325438249606949,1,0
6534,0.7695823607400053,1.948277926384,1.0325438249606949,1,0
6535,0.7524401163958176,1.937881139087,1.0325438249606949,1,0
6536,0.7490123861182537,1.951323761222,1.0325438249606949,1,0
6537,0.7353052076708819,1.948489626889,1.0325438249606949,1,0
6538,0.6429033023660415,1.925316383426,1.0325438249606949,1,0
6539,0.40094458822923534,1.615196897291,1.0325438249606949,1,0
6540,0.19425080322535695,1.430954230633,1.0325438249606949,1,0
6541,0.032375995722984614,1.322018829718,1.0325438249606949,1,0
6542,-0.10535479995017771,1.219267210808,1.0325438249606949,1,0
6543,-0.22922343038706922,1.13096862966,1.0325438249606949,1,0
6544,-0.33602817536501445,1.094703374875,1.0325438249606949,1,0
6545,-0.432559161020735,1.05527934638,1.0325438249606949,1,0
6546,-0.5089423194768975,1.055994558303,1.0325438249606949,1,0
6547,-0.5851700326679578,1.042090887903,1.0325438249606949,1,0
6548,-0.6414116765492928,1.042103259561,1.0325438249606949,1,0
6549,-0.7140693883710375,1.023553954692,1.0325438249606949,0,0
6550,-0.7668213733796266,1.012116867575,1.0325438249606949,0,1
6551,-0.8227880063922687,0.992623335429,1.0325438249606949,0,1
6552,-0.8655285178935216,0.98678622985,1.0325438249606949,0,1
6553,-0.9016548957423867,0.984529969342,1.0325438249606949,0,1
6554,-0.9279062326215687,1.003537120511,1.0325438249606949,0,1
6555,-0.957416380926831,1.018760139744,1.0325438249606949,0,1
6556,-0.9770765391526453,1.044759914449,1.0325438249606949,1,1
6557,-0.8983722310781943,1.081129279344,1.0325438249606949,1,1
6558,-0.5752361570377432,1.106283705862,1.0325438249606949,1,1
6559,0.7387313909811206,1.114765689911,1.0325438249606949,1,1
6560,0.7387313909811206,1.096343018119,1.0325438249606949,1,1
6561,0.7730113884740355,1.075030487218,1.0325438249606949,1,1
6562,0.7592960260704914,1.051929671142,1.0325438249606949,1,1
6563,0.7558680961842403,1.038771902646,1.0325438249606949,1,1
6564,0.7661535326146621,1.028611827679,1.0325438249606949,0,1
6565,0.7730113884740355,1.002348972935,1.0325438249606949,0,1
6566,0.7730113884740355,0.988672550229,1.0325438249606949,0,1
6567,0.7798712903224518,0.978057394529,1.0325438249606949,0,1
6568,0.8004571837370019,0.977516282952,1.0325438249606949,0,1
6569,0.7833012162955741,0.978821051452,1.0325438249606949,0,1
6570,0.7901629146221747,0.982813347238,1.0325438249606949,0,1
6571,0.793593738834389,0.999898984079,1.0325438249606949,0,1
6572,0.8004571837370019,1.012826861392,1.0325438249606949,0,1
6573,0.8004571837370019,1.028768439387,1.0325438249606949,0,1
6574,0.8038888562861366,1.031695044717,1.0325438249606949,0,1
6575,0.8279217422165586,1.032560251444,1.0325438249606949,1,1
6576,0.8107540976669337,1.033048761301,1.0325438249606949,1,1
6577,0.8347901773363497,1.019874034321,1.0325438249606949,0,1
6578,0.8244871254392888,1.010517812031,1.0325438249606949,0,1
6579,0.8313558599721106,0.99563796569,1.0325438249606949,0,1
6580,0.8588416268746748,0.988351706271,1.0325438249606949,0,1
6581,0.8382257422548834,0.982018053647,1.0325438249606949,0,1
6582,0.8347901773363497,0.989073046464,1.0325438249606949,0,1
6583,0.845095923950687,0.990556979434,1.0325438249606949,0,1
6584,0.8313558599721106,0.996437985844,1.0325438249606949,0,1
6585,0.8279217422165586,1.012650243171,1.0325438249606949,0,1
6586,0.8244871254392888,1.01677413112,1.0325438249606949,0,0
6587,0.81762043689551,1.031471642612,1.0325438249606949,0,0
6588,0.8382257422548834,1.032374498829,1.0325438249606949,0,0
6589,0.8141866684551604,1.033892398514,1.0325438249606949,1,0
6590,0.8141866684551604,1.030829856318,1.0325438249606949,0,0
6591,0.8107540976669337,1.021009657925,1.0325438249606949,0,0
6592,0.8073217264873941,1.004415821983,1.0325438249606949,0,0
6593,0.8279217422165586,0.986212921986,1.0325438249606949,0,0
6594,0.8073217264873941,0.978112928204,1.0325438249606949,0,0
6595,0.8038888562861366,0.977424750535,1.0325438249606949,0,0
6596,0.8073217264873941,0.980551214029,1.0325438249606949,0,0
6597,0.8038888562861366,0.990847559675,1.0325438249606949,0,0
6598,0.81762043689551,1.003225501819,1.0325438249606949,0,0
6599,0.8038888562861366,1.023238289983,1.0325438249606949,0,0
6600,0.8004571837370019,1.032250859395,1.0325438249606949,0,0
6601,0.7970257107965544,1.035960505148,1.0325438249606949,1,0
6602,0.7901629146221747,1.040864788712,1.0325438249606949,1,0
6603,0.8107540976669337,1.038706356648,1.0325438249606949,1,0
6604,0.8038888562861366,1.050487539429,1.0325438249606949,1,0
6605,0.7867323399208191,1.046433717912,1.0325438249606949,1,0
6606,0.8004571837370019,1.051363421698,1.0325438249606949,1,0
6607,0.8038888562861366,1.02943981854,1.0325438249606949,0,0
6608,0.7833012162955741,1.019539429528,1.0325438249606949,0,0
6609,0.7798712903224518,1.004694478924,1.0325438249606949,0,0
6610,0.7730113884740355,1.019830607316,1.0325438249606949,0,0
6611,0.7627242054676012,1.016003673751,1.0325438249606949,0,0
6612,0.7558680961842403,1.013421329649,1.0325438249606949,0,0
6613,0.7455853544710949,1.015501769624,1.0325438249606949,0,0
6614,0.7387313909811206,1.019509719908,1.0325438249606949,0,0
6615,0.7353052076708819,1.052017761066,1.0325438249606949,1,0
6616,0.7421582230195923,1.066814797963,1.0325438249606949,1,0
6617,0.7318789744584716,1.098466478603,1.0325438249606949,1,0
6618,0.5166269545183622,1.114610507217,1.0325438249606949,1,0
6619,0.29915466220022263,1.238163736265,1.0325438249606949,1,0
6620,0.11322850184498305,1.266183086703,1.0325438249606949,1,0
6621,-0.044948595273825234,1.167228229377,1.0325438249606949,1,0
6622,-0.17905498061600045,1.164833462161,1.0325438249606949,1,0
6623,-0.28600102359334767,1.106097748522,1.0325438249606949,1,0
6624,-0.389317032888725,1.065958501809,1.0325438249606949,1,0
6625,-0.47575158658964967,1.050912675726,1.0325438249606949,1,0
6626,-0.555360421429829,1.05166387294,1.0325438249606949,1,0
6627,-0.5951012634830678,1.036460621069,1.0325438249606949,1,0
6628,-0.6942678572925637,1.035944342675,1.0325438249606949,1,0
6629,-0.7140693883710375,1.012628588848,1.0325438249606949,0,0
6630,-0.799753263701839,1.001125814656,1.0325438249606949,0,0
6631,-0.8490958325299084,0.983557969162,1.0325438249606949,0,0
6632,-0.8852381790737439,0.980600283461,1.0325438249606949,0,0
6633,-0.9049372609935483,0.988410097325,1.0325438249606949,0,0
6634,-0.9311862025684848,1.004218864951,1.0325438249606949,0,0
6635,-0.9606937559608144,1.025015274711,1.0325438249606949,0,0
6636,-0.990177456115032,1.063962935106,1.0325438249606949,1,0
6637,-0.7767040493815923,1.098214781532,1.0325438249606949,1,0
6638,-0.5089423194768975,1.11144296944,1.0325438249606949,1,0
6639,-0.24927227662889678,1.128095789849,1.0325438249606949,1,0
6640,-0.03487162516602457,1.123403392931,1.0325438249606949,1,0
6641,0.1469670358229726,1.110728608546,1.0325438249606949,1,0
6642,0.23820790472357986,1.091675182652,1.0325438249606949,1,0
6643,0.3432312294976927,1.064823462366,1.0325438249606949,1,0
6644,0.4315332222710598,1.060794744096,1.0325438249606949,1,0
6645,0.5200351231445873,1.044266296192,1.0325438249606949,1,0
6646,0.5711835517651196,1.039100555369,1.0325438249606949,1,0
6647,0.6121503903747094,1.01027456073,1.0325438249606949,0,0
6648,0.6634185343053477,0.990211430138,1.0325438249606949,0,0
6649,0.6702591739154561,0.976986854056,1.0325438249606949,0,0
6650,0.6771009612755154,0.979707722237,1.0325438249606949,0,0
6651,0.7079042245581761,1.00108104284,1.0325438249606949,0,0
6652,0.72845299075692,1.01904991238,1.0325438249606949,0,0
6653,0.7079042245581761,1.041763616193,1.0325438249606949,1,0
6654,0.7250277056857736,1.04095409588,1.0325438249606949,1,0
6655,0.7353052076708819,1.04766271025,1.0325438249606949,1,0
6656,0.7318789744584716,1.040689282895,1.0325438249606949,1,0
6657,0.7387313909811206,1.043772468397,1.0325438249606949,1,0
6658,0.7387313909811206,1.029677977562,1.0325438249606949,0,0
6659,0.7524401163958176,1.022500489268,1.0325438249606949,0,0
6660,0.7833012162955741,1.001255507003,1.0325438249606949,0,0
6661,0.7661535326146621,0.997327057041,1.0325438249606949,0,0
6662,0.7764416138601884,0.984077585909,1.0325438249606949,0,0
6663,0.7867323399208191,0.9887623322,1.0325438249606949,0,0
6664,0.7764416138601884,0.9898215664,1.0325438249606949,0,0
6665,0.7764416138601884,1.003216569152,1.0325438249606949,0,0
6666,0.793593738834389,1.018399634878,1.0325438249606949,0,0
6667,0.7833012162955741,1.029596912042,1.0325438249606949,0,0
6668,0.7901629146221747,1.042924640294,1.0325438249606949,1,0
6669,0.8073217264873941,1.043257680036,1.0325438249606949,1,0
6670,0.7970257107965544,1.050810079252,1.0325438249606949,1,0
6671,0.7970257107965544,1.042651637098,1.0325438249606949,1,0
6672,0.8210536564119699,1.044808395758,1.0325438249606949,1,0
6673,0.8073217264873941,1.024469478863,1.0325438249606949,0,0
6674,0.8141866684551604,1.006839960446,1.0325438249606949,0,0
6675,0.8279217422165586,0.982057001782,1.0325438249606949,0,0
6676,0.8313558599721106,0.97727835534,1.0325438249606949,0,0
6677,0.845095923950687,0.987739023711,1.0325438249606949,0,0
6678,0.8485323372061411,1.00876019641,1.0325438249606949,0,0
6679,0.8622783894453313,1.030065738365,1.0325438249606949,0,0
6680,0.845095923950687,1.042719233843,1.0325438249606949,1,0
6681,0.8554043153801287,1.048145897333,1.0325438249606949,1,0
6682,0.8519682514398772,1.045242418924,1.0325438249606949,1,0
6683,0.8279217422165586,1.051792071973,1.0325438249606949,1,0
6684,0.845095923950687,1.04849023175,1.0325438249606949,1,0
6685,0.8347901773363497,1.06710020149,1.0325438249606949,1,0
6686,0.8244871254392888,1.069669122989,1.0325438249606949,1,0
6687,0.8244871254392888,1.090582460486,1.0325438249606949,1,0
6688,0.81762043689551,1.071532523417,1.0325438249606949,1,0
6689,0.8210536564119699,1.061555222201,1.0325438249606949,1,0
6690,0.8347901773363497,1.047420074209,1.0325438249606949,1,0
6691,0.8141866684551604,1.02277895274,1.0325438249606949,0,0
6692,0.8141866684551604,1.010654860749,1.0325438249606949,0,0
6693,0.8279217422165586,0.9943025393,1.0325438249606949,0,0
6694,0.8210536564119699,0.976527600788,1.0325438249606949,0,0
6695,0.8382257422548834,0.981708048329,1.0325438249606949,0,0
6696,0.8244871254392888,0.997159579726,1.0325438249606949,0,0
6697,0.81762043689551,1.037704019224,1.0325438249606949,1,0
6698,0.8073217264873941,1.064652637328,1.0325438249606949,1,0
6699,0.8038888562861366,1.097931963997,1.0325438249606949,1,0
6700,0.8004571837370019,1.118195706568,1.0325438249606949,1,0
6701,0.793593738834389,1.210892489754,1.0325438249606949,1,0
6702,0.793593738834389,1.318688542605,1.0325438249606949,1,0
6703,0.7901629146221747,1.417593893157,1.0325438249606949,1,0
6704,0.7901629146221747,1.523760831764,1.0325438249606949,1,0
6705,0.7867323399208191,1.594700709071,1.0325438249606949,1,0
6706,0.7833012162955741,1.737131269484,1.0325438249606949,1,0
6707,0.7764416138601884,1.77404902465,1.0325438249606949,1,0
6708,0.7901629146221747,1.773998297168,1.0325438249606949,1,0
6709,0.7901629146221747,1.859096245378,1.0325438249606949,1,0
6710,0.7627242054676012,1.910820165823,1.0325438249606949,1,0
6711,0.7592960260704914,1.908789179325,1.0325438249606949,1,0
6712,0.7524401163958176,1.913239946574,1.0325438249606949,1,0
6713,0.7490123861182537,1.925820600697,1.0325438249606949,1,0
6714,0.7421582230195923,1.897231845273,1.0325438249606949,1,0
6715,0.7524401163958176,1.902905076946,1.0325438249606949,1,0
6716,0.6087347364227169,1.778974269666,1.0325438249606949,1,0
6717,0.37377485178056935,1.51600089558,1.0325438249606949,1,0
6718,0.1976301408718348,1.417566367706,1.0325438249606949,1,0
6719,0.02901069306232058,1.321544060429,1.0325438249606949,1,0
6720,-0.12211703925624212,1.217138140508,1.0325438249606949,1,0
6721,-0.22588100787216747,1.112372153898,1.0325438249606949,1,0
6722,-0.3426931343793627,1.084120742527,1.0325438249606949,1,0
6723,-0.4392072780521067,1.051144745578,1.0325438249606949,1,0
6724,-0.52552700685576,1.050913838242,1.0325438249606949,1,0
6725,-0.5984108753200227,1.037846204836,1.0325438249606949,1,0
6726,-0.6612415021591672,1.036819850386,1.0325438249606949,1,0
6727,-0.7008692658911471,1.019867258027,1.0325438249606949,0,0
6728,-0.7799975927192333,1.007025565153,1.0325438249606949,0,0
6729,-0.829366709502691,0.986712568164,1.0325438249606949,0,0
6730,-0.872099635873833,0.980739579525,1.0325438249606949,0,0
6731,-0.8852381790737439,0.980440666661,1.0325438249606949,0,0
6732,-0.9213450950756138,0.998406755413,1.0325438249606949,0,0
6733,-0.9672478073983763,1.014759049469,1.0325438249606949,0,0
6734,-0.9967260183136979,1.035338514345,1.0325438249606949,1,0
6735,-0.8852381790737439,1.072207960333,1.0325438249606949,1,0
6736,-0.6314928214727848,1.099745045182,1.0325438249606949,1,0
6737,-0.3660126687641548,1.114130128998,1.0325438249606949,1,0
6738,-0.12882026076080458,1.14496563255,1.0325438249606949,1,0
6739,0.06267581236868239,1.120111038111,1.0325438249606949,1,0
6740,0.15709435722210174,1.107575583098,1.0325438249606949,1,0
6741,0.2889902385363733,1.073774180142,1.0325438249606949,1,0
6742,0.380565414561294,1.064803488842,1.0325438249606949,1,0
6743,0.45874385354950153,1.053108368689,1.0325438249606949,1,0
6744,0.5507160263020374,1.042889569905,1.0325438249606949,1,0
6745,0.5916616564886197,1.024014496139,1.0325438249606949,0,0
6746,0.6258151519760661,1.001231012889,1.0325438249606949,0,0
6747,0.646321501328795,0.980197702586,1.0325438249606949,0,0
6748,0.6736801174976575,0.976804625158,1.0325438249606949,0,0
6749,0.6839443455050718,0.985716110033,1.0325438249606949,0,0
6750,0.7079042245581761,1.012935020455,1.0325438249606949,0,0
6751,0.7079042245581761,1.036870707886,1.0325438249606949,1,0
6752,0.7147528984179414,1.042740263178,1.0325438249606949,1,0
6753,0.7250277056857736,1.049460989028,1.0325438249606949,1,0
6754,0.7455853544710949,1.045225527686,1.0325438249606949,1,0
6755,0.7627242054676012,1.046899928613,1.0325438249606949,1,0
6756,0.7661535326146621,1.036088750358,1.0325438249606949,1,0
6757,0.7558680961842403,1.027798047449,1.0325438249606949,0,0
6758,0.7764416138601884,1.012604079613,1.0325438249606949,0,0
6759,0.7695823607400053,0.999206282589,1.0325438249606949,0,0
6760,0.7661535326146621,0.989690688526,1.0325438249606949,0,0
6761,0.7695823607400053,0.984144138838,1.0325438249606949,0,0
6762,0.7730113884740355,0.988510693269,1.0325438249606949,0,0
6763,0.7730113884740355,0.993312794081,1.0325438249606949,0,0
6764,0.7695823607400053,1.015027980587,1.0325438249606949,0,0
6765,0.7798712903224518,1.023599634199,1.0325438249606949,0,0
6766,0.793593738834389,1.044481182114,1.0325438249606949,1,0
6767,0.81762043689551,1.041641655577,1.0325438249606949,1,0
6768,0.81762043689551,1.051181801687,1.0325438249606949,1,0
6769,0.8004571837370019,1.045567916048,1.0325438249606949,1,0
6770,0.8073217264873941,1.051728784759,1.0325438249606949,1,0
6771,0.8141866684551604,1.036289485364,1.0325438249606949,1,0
6772,0.8279217422165586,1.024083359413,1.0325438249606949,0,0
6773,0.8347901773363497,0.990359431563,1.0325438249606949,0,0
6774,0.8313558599721106,0.977317294959,1.0325438249606949,0,0
6775,0.8313558599721106,0.98117000034,1.0325438249606949,0,0
6776,0.8554043153801287,0.998656825542,1.0325438249606949,0,0
6777,0.8588416268746748,1.025566127004,1.0325438249606949,0,0
6778,0.8382257422548834,1.03613835244,1.0325438249606949,1,0
6779,0.8313558599721106,1.053319964172,1.0325438249606949,1,0
6780,0.8279217422165586,1.045284996083,1.0325438249606949,1,0
6781,0.8210536564119699,1.05764281823,1.0325438249606949,1,0
6782,0.8210536564119699,1.054759430265,1.0325438249606949,1,0
6783,0.8210536564119699,1.062976941719,1.0325438249606949,1,0
6784,0.8210536564119699,1.077551559103,1.0325438249606949,1,0
6785,0.8244871254392888,1.079448958595,1.0325438249606949,1,0
6786,0.8382257422548834,1.093747171184,1.0325438249606949,1,0
6787,0.8244871254392888,1.059749505245,1.0325438249606949,1,0
6788,0.8485323372061411,1.066210001487,1.0325438249606949,1,0
6789,0.8210536564119699,1.041897966992,1.0325438249606949,1,0
6790,0.8210536564119699,1.013274120732,1.0325438249606949,0,0
6791,0.845095923950687,1.003470003662,1.0325438249606949,0,0
6792,0.8210536564119699,0.981668872324,1.0325438249606949,0,0
6793,0.81762043689551,0.975509063116,1.0325438249606949,0,0
6794,0.8107540976669337,0.985211239263,1.0325438249606949,0,0
6795,0.8073217264873941,1.008500136109,1.0325438249606949,0,0
6796,0.8244871254392888,1.04910806777,1.0325438249606949,1,0
6797,0.81762043689551,1.091425287484,1.0325438249606949,1,0
6798,0.7970257107965544,1.098933356146,1.0325438249606949,1,0
6799,0.7970257107965544,1.168395713028,1.0325438249606949,1,0
6800,0.8004571837370019,1.249141516038,1.0325438249606949,1,0
6801,0.7867323399208191,1.389987227992,1.0325438249606949,1,0
6802,0.7867323399208191,1.511044887928,1.0325438249606949,1,0
6803,0.7798712903224518,1.534730943125,1.0325438249606949,1,0
6804,0.7764416138601884,1.656327537542,1.0325438249606949,1,0
6805,0.7798712903224518,1.759549720023,1.0325438249606949,1,0
6806,0.7970257107965544,1.807300928712,1.0325438249606949,1,0
6807,0.7833012162955741,1.82268400609,1.0325438249606949,1,0
6808,0.7833012162955741,1.854424584442,1.0325438249606949,1,0
6809,0.7592960260704914,1.857407563449,1.0325438249606949,1,0
6810,0.7490123861182537,1.87420188697,1.0325438249606949,1,0
6811,0.7455853544710949,1.885176067957,1.0325438249606949,1,0
6812,0.7387313909811206,1.886585261021,1.0325438249606949,1,0
6813,0.7558680961842403,1.891035860147,1.0325438249606949,1,0
6814,0.7524401163958176,1.911630763053,1.0325438249606949,1,0
6815,0.4621457345020821,1.636237110223,1.0325438249606949,1,0
6816,0.26189822472025837,1.473071065888,1.0325438249606949,1,0
6817,0.10648424827967248,1.355817661123,1.0325438249606949,1,0
6818,-0.051664778867508185,1.270138666267,1.0325438249606949,1,0
6819,-0.1924394666695411,1.157079877283,1.0325438249606949,1,0
6820,-0.2993476588495913,1.101209556759,1.0325438249606949,1,0
6821,-0.39930036157117593,1.062186152192,1.0325438249606949,1,0
6822,-0.4890312531313613,1.048038924652,1.0325438249606949,1,0
6823,-0.5686118433423117,1.047739109764,1.0325438249606949,1,0
6824,-0.6083385630809361,1.033174983287,1.0325438249606949,1,0
6825,-0.7008692658911471,1.030769225247,1.0325438249606949,0,0
6826,-0.7569361024647282,1.011291289913,1.0325438249606949,0,0
6827,-0.8129176562267332,0.995188518398,1.0325438249606949,0,0
6828,-0.8523828885852176,0.981444544489,1.0325438249606949,0,0
6829,-0.872099635873833,0.979533644954,1.0325438249606949,0,0
6830,-0.9082195264403663,0.989295889325,1.0325438249606949,0,0
6831,-0.941024715148423,1.006488337819,1.0325438249606949,0,0
6832,-0.9803522175127879,1.029945449098,1.0325438249606949,0,0
6833,-0.9770765391526453,1.062667463087,1.0325438249606949,1,0
6834,-0.7635266822920347,1.095929519784,1.0325438249606949,1,0
6835,-0.47243074676404384,1.117398273122,1.0325438249606949,1,0
6836,-0.23256540378242496,1.134226991176,1.0325438249606949,1,0
6837,-0.004624802287595445,1.128654336339,1.0325438249606949,1,0
6838,0.15709435722210174,1.115925529569,1.0325438249606949,1,0
6839,0.23820790472357986,1.087373870401,1.0325438249606949,1,0
6840,0.39415048239431416,1.063926047219,1.0325438249606949,1,0
6841,0.4213343661086805,1.058324785232,1.0325438249606949,1,0
6842,0.5268505621579456,1.041882532014,1.0325438249606949,1,0
6843,0.5711835517651196,1.033588365554,1.0325438249606949,1,0
6844,0.6121503903747094,1.005359092584,1.0325438249606949,0,0
6845,0.656578693129988,0.986033104535,1.0325438249606949,0,0
6846,0.6634185343053477,0.976869556492,1.0325438249606949,0,0
6847,0.6839443455050718,0.979439307566,1.0325438249606949,0,0
6848,0.6976338086814609,1.000229490309,1.0325438249606949,0,0
6849,0.7113284616837152,1.019556590581,1.0325438249606949,0,0
6850,0.7455853544710949,1.038819042068,1.0325438249606949,1,0
6851,0.7250277056857736,1.039522622983,1.0325438249606949,1,0
6852,0.7524401163958176,1.046740801654,1.0325438249606949,1,0
6853,0.7592960260704914,1.041080423061,1.0325438249606949,1,0
6854,0.7490123861182537,1.040629188475,1.0325438249606949,1,0
6855,0.7558680961842403,1.027099131956,1.0325438249606949,0,0
6856,0.7524401163958176,1.021956652749,1.0325438249606949,0,0
6857,0.7592960260704914,1.001322566024,1.0325438249606949,0,0
6858,0.7627242054676012,0.994278237334,1.0325438249606949,0,0
6859,0.7695823607400053,0.983677646887,1.0325438249606949,0,0
6860,0.7730113884740355,0.99000305653,1.0325438249606949,0,0
6861,0.7730113884740355,0.991912403852,1.0325438249606949,0,0
6862,0.8004571837370019,1.004192681928,1.0325438249606949,0,0
6863,0.7833012162955741,1.0176238144,1.0325438249606949,0,0
6864,0.7867323399208191,1.033337625688,1.0325438249606949,1,0
6865,0.7901629146221747,1.042295437384,1.0325438249606949,1,0
6866,0.8004571837370019,1.044020399414,1.0325438249606949,1,0
6867,0.81762043689551,1.048743566745,1.0325438249606949,1,0
6868,0.81762043689551,1.042061213791,1.0325438249606949,1,0
6869,0.8141866684551604,1.043903435549,1.0325438249606949,1,0
6870,0.8347901773363497,1.027026669933,1.0325438249606949,0,0
6871,0.8313558599721106,0.999252370399,1.0325438249606949,0,0
6872,0.8210536564119699,0.979409824455,1.0325438249606949,0,0
6873,0.8279217422165586,0.977556975475,1.0325438249606949,0,0
6874,0.8519682514398772,0.988944287056,1.0325438249606949,0,0
6875,0.8313558599721106,1.011499609708,1.0325438249606949,0,0
6876,0.8313558599721106,1.030846965493,1.0325438249606949,0,0
6877,0.8244871254392888,1.04677895457,1.0325438249606949,1,0
6878,0.8210536564119699,1.04797646611,1.0325438249606949,1,0
6879,0.8347901773363497,1.049285855068,1.0325438249606949,1,0
6880,0.8141866684551604,1.053312929252,1.0325438249606949,1,0
6881,0.8107540976669337,1.050822273205,1.0325438249606949,1,0
6882,0.8141866684551604,1.068784280302,1.0325438249606949,1,0
6883,0.8107540976669337,1.064829094687,1.0325438249606949,1,0
6884,0.81762043689551,1.086198421062,1.0325438249606949,1,0
6885,0.81762043689551,1.077832994213,1.0325438249606949,1,0
6886,0.8244871254392888,1.071883636437,1.0325438249606949,1,0
6887,0.8279217422165586,1.063175063366,1.0325438249606949,1,0
6888,0.8210536564119699,1.03427535963,1.0325438249606949,1,0
6889,0.8210536564119699,1.015565998675,1.0325438249606949,0,0
6890,0.8210536564119699,0.996753328523,1.0325438249606949,0,0
6891,0.8107540976669337,0.976745373807,1.0325438249606949,0,0
6892,0.8244871254392888,0.982539412828,1.0325438249606949,0,0
6893,0.8073217264873941,0.997725291357,1.0325438249606949,0,0
6894,0.8073217264873941,1.040545165873,1.0325438249606949,1,0
6895,0.8210536564119699,1.072506191729,1.0325438249606949,1,0
6896,0.8141866684551604,1.097161145898,1.0325438249606949,1,0
6897,0.7867323399208191,1.121999223928,1.0325438249606949,1,0
6898,0.7833012162955741,1.240141571247,1.0325438249606949,1,0
6899,0.7798712903224518,1.34022840681,1.0325438249606949,1,0
6900,0.7798712903224518,1.447887710533,1.0325438249606949,1,0
6901,0.7901629146221747,1.52325729655,1.0325438249606949,1,0
6902,0.7661535326146621,1.601082075863,1.0325438249606949,1,0
6903,0.7627242054676012,1.754368849418,1.0325438249606949,1,0
6904,0.7592960260704914,1.750009002357,1.0325438249606949,1,0
6905,0.7661535326146621,1.765034238925,1.0325438249606949,1,0
6906,0.7627242054676012,1.795259162082,1.0325438249606949,1,0
6907,0.7592960260704914,1.777351973418,1.0325438249606949,1,0
6908,0.7592960260704914,1.871379913467,1.0325438249606949,1,0
6909,0.7524401163958176,1.881618627004,1.0325438249606949,1,0
6910,0.7558680961842403,1.896932946336,1.0325438249606949,1,0
6911,0.7455853544710949,1.905476341555,1.0325438249606949,1,0
6912,0.7387313909811206,1.875287598751,1.0325438249606949,1,0
6913,0.5882477990148113,1.718839871596,1.0325438249606949,1,0
6914,0.3534098004272424,1.518677285443,1.0325438249606949,1,0
6915,0.16384764308050492,1.438070016959,1.0325438249606949,1,0
6916,0.005462772031708994,1.29794122907,1.0325438249606949,1,0
6917,-0.11876535988847467,1.189736610548,1.0325438249606949,1,0
6918,-0.2592927075760679,1.110229270753,1.0325438249606949,1,0
6919,-0.3626818984063642,1.078084951603,1.0325438249606949,1,0
6920,-0.45914479254868756,1.050578064925,1.0325438249606949,1,0
6921,-0.5421039094958244,1.050990949152,1.0325438249606949,1,0
6922,-0.6116471269722836,1.03696929596,1.0325438249606949,1,0
6923,-0.6843631245306702,1.034235097817,1.0325438249606949,1,0
6924,-0.7371575263852743,1.01565760944,1.0325438249606949,0,0
6925,-0.7832911360568742,1.001331070429,1.0325438249606949,0,0
6926,-0.8162082054340671,0.985176686359,1.0325438249606949,0,0
6927,-0.8589564018697745,0.979440944437,1.0325438249606949,0,0
6928,-0.9115012928654666,0.983499423973,1.0325438249606949,0,0
6929,-0.9246257636529348,1.006977574538,1.0325438249606949,0,0
6930,-0.9508605330110851,1.025033276768,1.0325438249606949,0,0
6931,-0.9738005613794718,1.05313877866,1.0325438249606949,1,0
6932,-0.8852381790737439,1.094174207257,1.0325438249606949,1,0
6933,-0.5984108753200227,1.11319128591,1.0325438249606949,1,0
6934,-0.32602805460175877,1.125638712399,1.0325438249606949,1,0
6935,-0.10870782667658327,1.152047344693,1.0325438249606949,1,0
6936,0.10311266730202107,1.112694915708,1.0325438249606949,1,0
6937,0.2348254481913656,1.104442456248,1.0325438249606949,1,0
6938,0.3025435436370539,1.07304865016,1.0325438249606949,1,0
6939,0.38396133220434653,1.067943468115,1.0325438249606949,1,0
6940,0.46895244063537833,1.052720931226,1.0325438249606949,1,0
6941,0.5507160263020374,1.042400704786,1.0325438249606949,1,0
6942,0.5984899702622978,1.020640936387,1.0325438249606949,0,0
6943,0.6258151519760661,1.000014505222,1.0325438249606949,0,0
6944,0.656578693129988,0.979485809269,1.0325438249606949,0,0
6945,0.6736801174976575,0.977788802815,1.0325438249606949,0,0
6946,0.7044807359652138,0.990055840852,1.0325438249606949,0,0
6947,0.7044807359652138,1.016393915457,1.0325438249606949,0,0
6948,0.7147528984179414,1.042936097653,1.0325438249606949,1,0
6949,0.7181772852499959,1.03922202591,1.0325438249606949,1,0
6950,0.7318789744584716,1.050334743856,1.0325438249606949,1,0
6951,0.7353052076708819,1.04442327418,1.0325438249606949,1,0
6952,0.7490123861182537,1.049073612623,1.0325438249606949,1,0
6953,0.7695823607400053,1.037704248485,1.0325438249606949,1,0
6954,0.7524401163958176,1.033216026779,1.0325438249606949,1,0
6955,0.7661535326146621,1.009807972083,1.0325438249606949,0,0
6956,0.7592960260704914,0.999244548782,1.0325438249606949,0,0
6957,0.7592960260704914,0.991005678937,1.0325438249606949,0,0
6958,0.7627242054676012,0.987462136767,1.0325438249606949,0,0
6959,0.7798712903224518,0.991160850894,1.0325438249606949,0,0
6960,0.7798712903224518,0.997461376387,1.0325438249606949,0,0
6961,0.7730113884740355,1.016906798376,1.0325438249606949,0,0
6962,0.7798712903224518,1.022456023946,1.0325438249606949,0,0
6963,0.7833012162955741,1.045847428425,1.0325438249606949,1,0
6964,0.7901629146221747,1.041854223062,1.0325438249606949,1,0
6965,0.81762043689551,1.053891639618,1.0325438249606949,1,0
6966,0.8038888562861366,1.045866014339,1.0325438249606949,1,0
6967,0.8073217264873941,1.050396712843,1.0325438249606949,1,0
6968,0.8107540976669337,1.036114385954,1.0325438249606949,1,0
6969,0.8313558599721106,1.016289289152,1.0325438249606949,0,0
6970,0.81762043689551,0.987568439993,1.0325438249606949,0,0
6971,0.8244871254392888,0.977070005378,1.0325438249606949,0,0
6972,0.8244871254392888,0.984679898686,1.0325438249606949,0,0
6973,0.8279217422165586,1.002114757391,1.0325438249606949,0,0
6974,0.8485323372061411,1.029659327385,1.0325438249606949,0,0
6975,0.8244871254392888,1.041202109342,1.0325438249606949,1,0
6976,0.81762043689551,1.053899486552,1.0325438249606949,1,0
6977,0.8279217422165586,1.047681938154,1.0325438249606949,1,0
6978,0.81762043689551,1.060599717257,1.0325438249606949,1,0
6979,0.8210536564119699,1.055547816384,1.0325438249606949,1,0
6980,0.8141866684551604,1.070596228354,1.0325438249606949,1,0
6981,0.8141866684551604,1.075581237488,1.0325438249606949,1,0
6982,0.8210536564119699,1.081077025422,1.0325438249606949,1,0
6983,0.8244871254392888,1.093720049777,1.0325438249606949,1,0
6984,0.8244871254392888,1.071287007904,1.0325438249606949,1,0
6985,0.8279217422165586,1.064291428555,1.0325438249606949,1,0
6986,0.8485323372061411,1.040620868691,1.0325438249606949,1,0
6987,0.8244871254392888,1.016898693016,1.0325438249606949,0,0
6988,0.8313558599721106,1.002109478027,1.0325438249606949,0,0
6989,0.8279217422165586,0.979875257305,1.0325438249606949,0,0
6990,0.8107540976669337,0.976528557163,1.0325438249606949,0,0
6991,0.81762043689551,0.989289279011,1.0325438249606949,0,0
6992,0.8038888562861366,1.017710215331,1.0325438249606949,0,0
6993,0.8004571837370019,1.052847600008,1.0325438249606949,1,0
6994,0.793593738834389,1.096227637393,1.0325438249606949,1,0
6995,0.7901629146221747,1.104317401828,1.0325438249606949,1,0
6996,0.7798712903224518,1.17932451998,1.0325438249606949,1,0
6997,0.793593738834389,1.264497030206,1.0325438249606949,1,0
6998,0.7798712903224518,1.413083664806,1.0325438249606949,1,0
6999,0.7764416138601884,1.512351797382,1.0325438249606949,1,0
7000,0.7695823607400053,1.546517119227,1.0325438249606949,1,0
7001,0.7764416138601884,1.643106942627,1.0325438249606949,1,0
7002,0.793593738834389,1.713219492326,1.0325438249606949,1,0
7003,0.7695823607400053,1.813123518944,1.0325438249606949,1,0
7004,0.7764416138601884,1.772078709549,1.0325438249606949,1,0
7005,0.7627242054676012,1.802876117941,1.0325438249606949,1,0
7006,0.7592960260704914,1.875849186135,1.0325438249606949,1,0
7007,0.7592960260704914,1.881469510228,1.0325438249606949,1,0
7008,0.7524401163958176,1.889478087743,1.0325438249606949,1,0
7009,0.7421582230195923,1.905812508415,1.0325438249606949,1,0
7010,0.7353052076708819,1.972299583143,1.0325438249606949,1,0
7011,0.7250277056857736,1.884281515708,1.0325438249606949,1,0
7012,0.43833463877414713,1.628167686116,1.0325438249606949,1,0
7013,0.24497573706505762,1.49983947242,1.0325438249606949,1,0
7014,0.07951921833687235,1.36598726867,1.0325438249606949,1,0
7015,-0.07180725405914251,1.273155118244,1.0325438249606949,1,0
7016,-0.20916400488482384,1.134504534783,1.0325438249606949,1,0
7017,-0.3026837936908485,1.097705413599,1.0325438249606949,1,0
7018,-0.4126074743073679,1.061011749275,1.0325438249606949,1,0
7019,-0.4956696891414072,1.051830680745,1.0325438249606949,1,0
7020,-0.5818589237658495,1.045940498967,1.0325438249606949,1,0
7021,-0.6546330573543625,1.037696890695,1.0325438249606949,1,0
7022,-0.7140693883710375,1.026245468121,1.0325438249606949,0,0
7023,-0.7701158648585313,1.017219169855,1.0325438249606949,0,0
7024,-0.8096270072150556,0.992970275157,1.0325438249606949,0,0
7025,-0.8523828885852176,0.987216329319,1.0325438249606949,0,0
7026,-0.8688142764923644,0.980470232812,1.0325438249606949,0,0
7027,-0.9180642268896057,0.999300755172,1.0325438249606949,0,0
7028,-0.9311862025684848,1.015695875166,1.0325438249606949,0,0
7029,-0.9606937559608144,1.04776271265,1.0325438249606949,1,0
7030,-0.9279062326215687,1.080773026299,1.0325438249606949,1,0
7031,-0.6414116765492928,1.104655570691,1.0325438249606949,1,0
7032,-0.42923452863007366,1.126073911281,1.0325438249606949,1,0
7033,-0.1957852326299523,1.142726454961,1.0325438249606949,1,0
7034,0.02901069306232058,1.122697323278,1.0325438249606949,1,0
7035,0.18749221526120188,1.110352087305,1.0325438249606949,1,0
7036,0.3025435436370539,1.085628624741,1.0325438249606949,1,0
7037,0.3601968201537705,1.064509406995,1.0325438249606949,1,0
7038,0.4281340110846696,1.056306259638,1.0325438249606949,1,0
7039,0.5268505621579456,1.041938354663,1.0325438249606949,1,0
7040,0.5711835517651196,1.030133272143,1.0325438249606949,0,0
7041,0.632649703521217,1.00290807735,1.0325438249606949,0,0
7042,0.6360670042448783,0.983431964882,1.0325438249606949,0,0
7043,0.656578693129988,0.976856698191,1.0325438249606949,0,0
7044,0.6942112183275906,0.98079347715,1.0325438249606949,0,0
7045,0.6942112183275906,1.005488960979,1.0325438249606949,0,0
7046,0.7181772852499959,1.027332426564,1.0325438249606949,0,0
7047,0.7250277056857736,1.040116907726,1.0325438249606949,1,0
7048,0.7216024206146271,1.046025870729,1.0325438249606949,1,0
7049,0.7318789744584716,1.046628072301,1.0325438249606949,1,0
7050,0.7353052076708819,1.04499545799,1.0325438249606949,1,0
7051,0.7592960260704914,1.043117242699,1.0325438249606949,1,0
7052,0.7661535326146621,1.03198927733,1.0325438249606949,0,0
7053,0.7695823607400053,1.02108727133,1.0325438249606949,0,0
7054,0.7764416138601884,1.000161419359,1.0325438249606949,0,0
7055,0.7558680961842403,0.993102337494,1.0325438249606949,0,0
7056,0.7627242054676012,0.984760119113,1.0325438249606949,0,0
7057,0.7627242054676012,0.990893343182,1.0325438249606949,0,0
7058,0.7627242054676012,0.992129664377,1.0325438249606949,0,0
7059,0.7730113884740355,1.011410196349,1.0325438249606949,0,0
7060,0.7901629146221747,1.021830607273,1.0325438249606949,0,0
7061,0.7901629146221747,1.034874359583,1.0325438249606949,1,0
7062,0.7833012162955741,1.044406217917,1.0325438249606949,1,0
7063,0.7833012162955741,1.048032380805,1.0325438249606949,1,0
7064,0.7867323399208191,1.048186640722,1.0325438249606949,1,0
7065,0.7867323399208191,1.047404634458,1.0325438249606949,1,0
7066,0.8004571837370019,1.043411148253,1.0325438249606949,1,0
7067,0.81762043689551,1.026751071064,1.0325438249606949,0,0
7068,0.8073217264873941,0.996879828752,1.0325438249606949,0,0
7069,0.8141866684551604,0.977474537729,1.0325438249606949,0,0
7070,0.8279217422165586,0.978698728321,1.0325438249606949,0,0
7071,0.8210536564119699,0.995353158857,1.0325438249606949,0,0
7072,0.81762043689551,1.020174468034,1.0325438249606949,0,0
7073,0.8244871254392888,1.037083646961,1.0325438249606949,1,0
7074,0.8141866684551604,1.0542230355,1.0325438249606949,1,0
7075,0.8347901773363497,1.047912921247,1.0325438249606949,1,0
7076,0.8244871254392888,1.057692643776,1.0325438249606949,1,0
7077,0.8279217422165586,1.059028405492,1.0325438249606949,1,0
7078,0.8141866684551604,1.06559195217,1.0325438249606949,1,0
7079,0.8347901773363497,1.084169937155,1.0325438249606949,1,0
7080,0.8210536564119699,1.066171778511,1.0325438249606949,1,0
7081,0.8141866684551604,1.085144682652,1.0325438249606949,1,0
7082,0.8210536564119699,1.074363134727,1.0325438249606949,1,0
7083,0.8244871254392888,1.068890739055,1.0325438249606949,1,0
7084,0.8107540976669337,1.051524694971,1.0325438249606949,1,0
7085,0.8141866684551604,1.021372555864,1.0325438249606949,0,0
7086,0.8141866684551604,1.007829650566,1.0325438249606949,0,0
7087,0.8141866684551604,0.986971130486,1.0325438249606949,0,0
7088,0.8107540976669337,0.975050275879,1.0325438249606949,0,0
7089,0.8107540976669337,0.983867452843,1.0325438249606949,0,0
7090,0.81762043689551,1.003115371026,1.0325438249606949,0,0
7091,0.7970257107965544,1.048984233652,1.0325438249606949,1,0
7092,0.8107540976669337,1.081173109829,1.0325438249606949,1,0
7093,0.7970257107965544,1.100290794116,1.0325438249606949,1,0
7094,0.8073217264873941,1.148625167154,1.0325438249606949,1,0
7095,0.7833012162955741,1.259219323032,1.0325438249606949,1,0
7096,0.7764416138601884,1.347192402094,1.0325438249606949,1,0
7097,0.7970257107965544,1.462212338748,1.0325438249606949,1,0
7098,0.7798712903224518,1.547253100761,1.0325438249606949,1,0
7099,0.7764416138601884,1.631373239637,1.0325438249606949,1,0
7100,0.7764416138601884,1.695733222321,1.0325438249606949,1,0
7101,0.7970257107965544,1.743713863607,1.0325438249606949,1,0
7102,0.7661535326146621,1.797250703663,1.0325438249606949,1,0
7103,0.7661535326146621,1.826876483119,1.0325438249606949,1,0
7104,0.7592960260704914,1.879065200557,1.0325438249606949,1,0
7105,0.7592960260704914,1.900786538909,1.0325438249606949,1,0
7106,0.7558680961842403,1.95189353389,1.0325438249606949,1,0
7107,0.7558680961842403,1.980443101698,1.0325438249606949,1,0
7108,0.7661535326146621,1.980102262227,1.0325438249606949,1,0
7109,0.7421582230195923,2.000790207659,1.0325438249606949,1,0
7110,0.5984899702622978,1.828849928886,1.0325438249606949,1,0
7111,0.3330553283343333,1.548698146771,1.0325438249606949,1,0
7112,0.15034225030250692,1.453288560321,1.0325438249606949,1,0
7113,0.002100026857348808,1.298934698743,1.0325438249606949,1,0
7114,-0.14222241218315618,1.193014132111,1.0325438249606949,1,0
7115,-0.2726489490003797,1.114243623674,1.0325438249606949,1,0
7116,-0.36934239117633794,1.076190314289,1.0325438249606949,1,0
7117,-0.4691097572319226,1.052247064442,1.0325438249606949,1,0
7118,-0.528842756659844,1.052407099212,1.0325438249606949,1,0
7119,-0.6248790870377712,1.03820257748,1.0325438249606949,1,0
7120,-0.6645457245615696,1.037697204735,1.0325438249606949,1,0
7121,-0.7470481368325536,1.021175860876,1.0325438249606949,0,0
7122,-0.7635266822920347,1.008221426754,1.0325438249606949,0,0
7123,-0.829366709502691,0.988055407242,1.0325438249606949,0,0
7124,-0.8490958325299084,0.985568391962,1.0325438249606949,0,0
7125,-0.881954017344398,0.990473674254,1.0325438249606949,0,0
7126,-0.9115012928654666,1.013750501452,1.0325438249606949,0,0
7127,-0.941024715148423,1.030863494381,1.0325438249606949,0,0
7128,-0.9639708315817672,1.055795273616,1.0325438249606949,1,0
7129,-0.8458084770615686,1.095118087392,1.0325438249606949,1,0
7130,-0.5652996365924242,1.105624109073,1.0325438249606949,1,0
7131,-0.30935484077015424,1.129085723829,1.0325438249606949,1,0
7132,-0.055022920566521444,1.137856067793,1.0325438249606949,1,0
7133,0.10985613178924034,1.117242303287,1.0325438249606949,1,0
7134,0.248359079360821,1.099231705335,1.0325438249606949,1,0
7135,0.3635909912208107,1.067483619235,1.0325438249606949,1,0
7136,0.39415048239431416,1.06344439853,1.0325438249606949,1,0
7137,0.46895244063537833,1.047142250554,1.0325438249606949,1,0
7138,0.5473057118824256,1.040387685988,1.0325438249606949,1,0
7139,0.5950754640602562,1.013909258239,1.0325438249606949,0,0
7140,0.6189821973004123,0.995702620985,1.0325438249606949,0,0
7141,0.6429033023660415,0.977833316456,1.0325438249606949,0,0
7142,0.6702591739154561,0.977935711227,1.0325438249606949,0,0
7143,0.7044807359652138,0.993678646354,1.0325438249606949,0,0
7144,0.7079042245581761,1.015962632466,1.0325438249606949,0,0
7145,0.7044807359652138,1.043851110746,1.0325438249606949,1,0
7146,0.7147528984179414,1.039651651164,1.0325438249606949,1,0
7147,0.7216024206146271,1.050455024398,1.0325438249606949,1,0
7148,0.7524401163958176,1.042876905937,1.0325438249606949,1,0
7149,0.7318789744584716,1.049402939021,1.0325438249606949,1,0
7150,0.7592960260704914,1.03533407618,1.0325438249606949,1,0
7151,0.7661535326146621,1.030196645548,1.0325438249606949,0,0
7152,0.7524401163958176,1.007199943816,1.0325438249606949,0,0
7153,0.7524401163958176,1.000393339936,1.0325438249606949,0,0
7154,0.7558680961842403,0.988660393325,1.0325438249606949,0,0
7155,0.7592960260704914,0.986703079895,1.0325438249606949,0,0
7156,0.7798712903224518,0.990139994699,1.0325438249606949,0,0
7157,0.7661535326146621,1.000227486466,1.0325438249606949,0,0
7158,0.7730113884740355,1.016985189111,1.0325438249606949,0,0
7159,0.7695823607400053,1.026594371716,1.0325438249606949,0,0
7160,0.7730113884740355,1.042133150739,1.0325438249606949,1,0
7161,0.8038888562861366,1.040405943657,1.0325438249606949,1,0
7162,0.7901629146221747,1.052179238358,1.0325438249606949,1,0
7163,0.7833012162955741,1.044152226278,1.0325438249606949,1,0
7164,0.7901629146221747,1.05062748733,1.0325438249606949,1,0
7165,0.793593738834389,1.030869725158,1.0325438249606949,0,0
7166,0.7970257107965544,1.014118204236,1.0325438249606949,0,0
7167,0.8038888562861366,0.987104420464,1.0325438249606949,0,0
7168,0.8107540976669337,0.977070005378,1.0325438249606949,0,0
7169,0.8347901773363497,0.986211492288,1.0325438249606949,0,0
7170,0.8141866684551604,1.007591753853,1.0325438249606949,0,0
7171,0.8210536564119699,1.030281840787,1.0325438249606949,0,0
7172,0.81762043689551,1.046903211144,1.0325438249606949,1,0
7173,0.81762043689551,1.053632044233,1.0325438249606949,1,0
7174,0.81762043689551,1.049923681537,1.0325438249606949,1,0
7175,0.8279217422165586,1.060962406584,1.0325438249606949,1,0
7176,0.81762043689551,1.057125159261,1.0325438249606949,1,0
7177,0.8244871254392888,1.080378550342,1.0325438249606949,1,0
7178,0.8107540976669337,1.078769001286,1.0325438249606949,1,0
7179,0.81762043689551,1.093974568107,1.0325438249606949,1,0
7180,0.8073217264873941,1.089173574276,1.0325438249606949,1,0
7181,0.8107540976669337,1.074023964053,1.0325438249606949,1,0
7182,0.8073217264873941,1.067118539458,1.0325438249606949,1,0
7183,0.81762043689551,1.042451857707,1.0325438249606949,1,0
7184,0.8107540976669337,1.019854967112,1.0325438249606949,0,0
7185,0.8107540976669337,1.00284827382,1.0325438249606949,0,0
7186,0.8141866684551604,0.981018244039,1.0325438249606949,0,0
7187,0.8073217264873941,0.979568601969,1.0325438249606949,0,0
7188,0.8073217264873941,0.992928912005,1.0325438249606949,0,0
7189,0.7970257107965544,1.025803662001,1.0325438249606949,0,0
7190,0.793593738834389,1.062610136804,1.0325438249606949,1,0
7191,0.7867323399208191,1.101597642262,1.0325438249606949,1,0
7192,0.7970257107965544,1.111642321795,1.0325438249606949,1,0
7193,0.7970257107965544,1.210296395399,1.0325438249606949,1,0
7194,0.7867323399208191,1.294802193192,1.0325438249606949,1,0
7195,0.7833012162955741,1.424550625236,1.0325438249606949,1,0
7196,0.7833012162955741,1.534889084774,1.0325438249606949,1,0
7197,0.7764416138601884,1.572170579001,1.0325438249606949,1,0
7198,0.7970257107965544,1.672422826543,1.0325438249606949,1,0
7199,0.7798712903224518,1.756205416056,1.0325438249606949,1,0
7200,0.7970257107965544,1.850643039446,1.0325438249606949,1,0
7201,0.7661535326146621,1.814875983113,1.0325438249606949,1,0
7202,0.7867323399208191,1.972340421531,1.0325438249606949,1,0
7203,0.7627242054676012,1.961797568379,1.0325438249606949,1,0
7204,0.7592960260704914,1.982679294944,1.0325438249606949,1,0
7205,0.7524401163958176,1.976846490383,1.0325438249606949,1,0
7206,0.7661535326146621,2.000250044795,1.0325438249606949,1,0
7207,0.7353052076708819,2.002147746797,1.0325438249606949,1,0
7208,0.7181772852499959,2.013199916009,1.0325438249606949,1,0
7209,0.41793602821029646,1.65767832056,1.0325438249606949,1,0
7210,0.2517435319799065,1.510076572616,1.0325438249606949,1,0
7211,0.07278105127707638,1.3612983374,1.0325438249606949,1,0
7212,-0.09193911256373011,1.255583383595,1.0325438249606949,1,0
7213,-0.21919504004349877,1.131066176539,1.0325438249606949,1,0
7214,-0.30935484077015424,1.099736769788,1.0325438249606949,1,0
7215,-0.4259100958480994,1.060564220818,1.0325438249606949,1,0
7216,-0.4989880837605958,1.056722911118,1.0325438249606949,1,0
7217,-0.5884804928418329,1.045381704919,1.0325438249606949,1,0
7218,-0.6546330573543625,1.046049663846,1.0325438249606949,1,0
7219,-0.7107696072619237,1.027135482262,1.0325438249606949,0,0
7220,-0.7635266822920347,1.016133096315,1.0325438249606949,0,0
7221,-0.7865840805684536,0.997039918724,1.0325438249606949,0,0
7222,-0.826077557556167,0.991315719679,1.0325438249606949,0,0
7223,-0.8753846958422709,0.985512062711,1.0325438249606949,0,0
7224,-0.8950890673922842,1.005250973628,1.0325438249606949,0,0
7225,-0.9279062326215687,1.017429046127,1.0325438249606949,0,0
7226,-0.957416380926831,1.048197810806,1.0325438249606949,1,0
7227,-0.9606937559608144,1.078999898552,1.0325438249606949,1,0
7228,-0.6347997385924634,1.110346759376,1.0325438249606949,1,0
7229,-0.40928104543852234,1.114877642643,1.0325438249606949,1,0
7230,-0.17236060427138641,1.140703438809,1.0325438249606949,1,0
7231,0.04247328381191508,1.129672257816,1.0325438249606949,1,0
7232,0.1368423654767194,1.114265227394,1.0325438249606949,1,0
7233,0.2551286707538541,1.082007667857,1.0325438249606949,1,0
7234,0.37717059476602066,1.06559360536,1.0325438249606949,1,0
7235,0.43833463877414713,1.057072622089,1.0325438249606949,1,0
7236,0.5302591300015449,1.042948426819,1.0325438249606949,1,0
7237,0.5780083224846011,1.029370092979,1.0325438249606949,0,0
7238,0.6121503903747094,1.005129484373,1.0325438249606949,0,0
7239,0.6429033023660415,0.985165009268,1.0325438249606949,0,0
7240,0.6634185343053477,0.976856698191,1.0325438249606949,0,0
7241,0.6805225036837783,0.982646547003,1.0325438249606949,0,0
7242,0.6907885281693767,1.011044894788,1.0325438249606949,0,0
7243,0.7044807359652138,1.033044761474,1.0325438249606949,1,0
7244,0.72845299075692,1.045830728705,1.0325438249606949,1,0
7245,0.7147528984179414,1.051453681049,1.0325438249606949,1,0
7246,0.7181772852499959,1.048573834891,1.0325438249606949,1,0
7247,0.72845299075692,1.045818718408,1.0325438249606949,1,0
7248,0.7455853544710949,1.044861483687,1.0325438249606949,1,0
7249,0.7661535326146621,1.031388717936,1.0325438249606949,0,0
7250,0.7627242054676012,1.020103766048,1.0325438249606949,0,0
7251,0.7730113884740355,0.999920041101,1.0325438249606949,0,0
7252,0.7592960260704914,0.992261900653,1.0325438249606949,0,0
7253,0.7695823607400053,0.983826921455,1.0325438249606949,0,0
7254,0.7695823607400053,0.988816519207,1.0325438249606949,0,0
7255,0.7695823607400053,0.991611275569,1.0325438249606949,0,0
7256,0.7764416138601884,1.011920152135,1.0325438249606949,0,0
7257,0.7764416138601884,1.019588183733,1.0325438249606949,0,0
7258,0.7833012162955741,1.036717137296,1.0325438249606949,1,0
7259,0.7970257107965544,1.04199594783,1.0325438249606949,1,0
7260,0.8107540976669337,1.048853073012,1.0325438249606949,1,0
7261,0.7901629146221747,1.04619137799,1.0325438249606949,1,0
7262,0.8004571837370019,1.048876639235,1.0325438249606949,1,0
7263,0.8141866684551604,1.039269042589,1.0325438249606949,1,0
7264,0.81762043689551,1.027312120631,1.0325438249606949,0,0
7265,0.8210536564119699,0.995149225167,1.0325438249606949,0,0
7266,0.8073217264873941,0.977351015024,1.0325438249606949,0,0
7267,0.8107540976669337,0.978821145843,1.0325438249606949,0,0
7268,0.8347901773363497,0.996298518437,1.0325438249606949,0,0
7269,0.8244871254392888,1.022154057827,1.0325438249606949,0,0
7270,0.81762043689551,1.036096943077,1.0325438249606949,1,0
7271,0.8313558599721106,1.054312174763,1.0325438249606949,1,0
7272,0.8313558599721106,1.047834782966,1.0325438249606949,1,0
7273,0.81762043689551,1.05685152151,1.0325438249606949,1,0
7274,0.8141866684551604,1.056630018752,1.0325438249606949,1,0
7275,0.8244871254392888,1.063428313129,1.0325438249606949,1,0
7276,0.8073217264873941,1.081666763025,1.0325438249606949,1,0
7277,0.8073217264873941,1.073980444765,1.0325438249606949,1,0
7278,0.81762043689551,1.092722106243,1.0325438249606949,1,0
7279,0.8244871254392888,1.074507407691,1.0325438249606949,1,0
7280,0.8244871254392888,1.069648832954,1.0325438249606949,1,0
7281,0.8107540976669337,1.052435222349,1.0325438249606949,1,0
7282,0.8073217264873941,1.022061701283,1.0325438249606949,0,0
7283,0.8279217422165586,1.007168462813,1.0325438249606949,0,0
7284,0.8141866684551604,0.986181318773,1.0325438249606949,0,0
7285,0.8279217422165586,0.974271762671,1.0325438249606949,0,0
7286,0.8210536564119699,0.983836130781,1.0325438249606949,0,0
7287,0.8210536564119699,1.002667528053,1.0325438249606949,0,0
7288,0.8038888562861366,1.04925978294,1.0325438249606949,1,0
7289,0.7970257107965544,1.082519709684,1.0325438249606949,1,0
7290,0.8141866684551604,1.100426207892,1.0325438249606949,1,0
7291,0.81762043689551,1.156168135703,1.0325438249606949,1,0
7292,0.7901629146221747,1.253790211119,1.0325438249606949,1,0
7293,0.8038888562861366,1.338367101984,1.0325438249606949,1,0
7294,0.7901629146221747,1.451754807227,1.0325438249606949,1,0
7295,0.7798712903224518,1.537170360355,1.0325438249606949,1,0
7296,0.7730113884740355,1.615488315841,1.0325438249606949,1,0
7297,0.8004571837370019,1.770871006856,1.0325438249606949,1,0
7298,0.7867323399208191,1.761096915365,1.0325438249606949,1,0
7299,0.7764416138601884,1.820396564772,1.0325438249606949,1,0
7300,0.7695823607400053,1.86369037009,1.0325438249606949,1,0
7301,0.7695823607400053,1.900079952522,1.0325438249606949,1,0
7302,0.7627242054676012,1.892893225909,1.0325438249606949,1,0
7303,0.7661535326146621,1.915485858823,1.0325438249606949,1,0
7304,0.7524401163958176,1.868487385579,1.0325438249606949,1,0
7305,0.7455853544710949,1.885352628614,1.0325438249606949,1,0
7306,0.7387313909811206,1.895328570528,1.0325438249606949,1,0
7307,0.5575372539673225,1.670599434063,1.0325438249606949,1,0
7308,0.31271148540401394,1.491087177765,1.0325438249606949,1,0
7309,0.15371855639204898,1.399680458172,1.0325438249606949,1,0
7310,-0.024791997767576485,1.282277635223,1.0325438249606949,1,0
7311,-0.16231719337410944,1.187168219883,1.0325438249606949,1,0
7312,-0.27932565997618275,1.105091183938,1.0325438249606949,1,0
7313,-0.3859890570525542,1.073516958361,1.0325438249606949,1,0
7314,-0.47243074676404384,1.048954185804,1.0325438249606949,1,0
7315,-0.5520466677126162,1.049319988174,1.0325438249606949,1,0
7316,-0.6182636060267452,1.036270469823,1.0325438249606949,1,0
7317,-0.6810606986064519,1.038034975997,1.0325438249606949,1,0
7318,-0.7338603401890933,1.015648538517,1.0325438249606949,0,0
7319,-0.7668213733796266,1.003336403023,1.0325438249606949,0,0
7320,-0.8063360587903474,0.984483738734,1.0325438249606949,0,0
7321,-0.8655285178935216,0.980380653131,1.0325438249606949,0,0
7322,-0.881954017344398,0.98509709718,1.0325438249606949,0,0
7323,-0.9082195264403663,1.008631347205,1.0325438249606949,0,0
7324,-0.9344659729067137,1.024702407062,1.0325438249606949,0,0
7325,-0.9606937559608144,1.057560063573,1.0325438249606949,1,0
7326,-0.829366709502691,1.091480992039,1.0325438249606949,1,0
7327,-0.5421039094958244,1.104169656185,1.0325438249606949,1,0
7328,-0.2826632170293357,1.128830763395,1.0325438249606949,1,0
7329,-0.05838036363512973,1.136204838689,1.0325438249606949,1,0
7330,0.1334681303273063,1.113891685698,1.0325438249606949,1,0
7331,0.2010097654558004,1.095054691789,1.0325438249606949,1,0
7332,0.3161019387592563,1.065553101474,1.0325438249606949,1,0
7333,0.39754799690686377,1.063560777077,1.0325438249606949,1,0
7334,0.49959409573472163,1.050304240255,1.0325438249606949,1,0
7335,0.5541262908194775,1.043510570974,1.0325438249606949,1,0
7336,0.5916616564886197,1.016938233906,1.0325438249606949,0,0
7337,0.6292323029932121,0.995075919014,1.0325438249606949,0,0
7338,0.656578693129988,0.977551589972,1.0325438249606949,0,0
7339,0.6736801174976575,0.978085033369,1.0325438249606949,0,0
7340,0.7044807359652138,0.9980549327,1.0325438249606949,0,0
7341,0.6976338086814609,1.017216678679,1.0325438249606949,0,0
7342,0.7044807359652138,1.04568165851,1.0325438249606949,1,0
7343,0.7113284616837152,1.039115949187,1.0325438249606949,1,0
7344,0.7318789744584716,1.04949513118,1.0325438249606949,1,0
7345,0.7387313909811206,1.041575204571,1.0325438249606949,1,0
7346,0.7318789744584716,1.046138564198,1.0325438249606949,1,0
7347,0.7421582230195923,1.031668527134,1.0325438249606949,0,0
7348,0.7524401163958176,1.025857374333,1.0325438249606949,0,0
7349,0.7558680961842403,1.006410118346,1.0325438249606949,0,0
7350,0.7627242054676012,0.997743676744,1.0325438249606949,0,0
7351,0.7627242054676012,0.985793769613,1.0325438249606949,0,0
7352,0.7730113884740355,0.986234130215,1.0325438249606949,0,0
7353,0.793593738834389,0.988690190911,1.0325438249606949,0,0
7354,0.7833012162955741,0.999424888967,1.0325438249606949,0,0
7355,0.793593738834389,1.0165308358,1.0325438249606949,0,0
7356,0.793593738834389,1.026502260208,1.0325438249606949,0,0
7357,0.8141866684551604,1.041773474633,1.0325438249606949,1,0
7358,0.8141866684551604,1.041345302906,1.0325438249606949,1,0
7359,0.8244871254392888,1.049363859706,1.0325438249606949,1,0
7360,0.7901629146221747,1.042221770611,1.0325438249606949,1,0
7361,0.7901629146221747,1.047672909154,1.0325438249606949,1,0
7362,0.8141866684551604,1.027937591139,1.0325438249606949,0,0
7363,0.81762043689551,1.00910918861,1.0325438249606949,0,0
7364,0.8004571837370019,0.985639029342,1.0325438249606949,0,0
7365,0.8347901773363497,0.977424750535,1.0325438249606949,0,0
7366,0.8416607083473558,0.986472092687,1.0325438249606949,0,0
7367,0.81762043689551,1.008470626392,1.0325438249606949,0,0
7368,0.8416607083473558,1.029367623194,1.0325438249606949,0,0
7369,0.8244871254392888,1.045797807164,1.0325438249606949,1,0
7370,0.8382257422548834,1.051503682905,1.0325438249606949,1,0
7371,0.8210536564119699,1.047852322706,1.0325438249606949,1,0
7372,0.8313558599721106,1.056186339985,1.0325438249606949,1,0
7373,0.8107540976669337,1.052438965863,1.0325438249606949,1,0
7374,0.8073217264873941,1.073485279005,1.0325438249606949,1,0
7375,0.8107540976669337,1.079391505104,1.0325438249606949,1,0
7376,0.8004571837370019,1.086365742984,1.0325438249606949,1,0
7377,0.8210536564119699,1.080872379266,1.0325438249606949,1,0
7378,0.8141866684551604,1.072591268068,1.0325438249606949,1,0
7379,0.8107540976669337,1.059645387338,1.0325438249606949,1,0
7380,0.8004571837370019,1.035438788674,1.0325438249606949,1,0
7381,0.8038888562861366,1.01614266594,1.0325438249606949,0,0
7382,0.8244871254392888,0.99971188953,1.0325438249606949,0,0
7383,0.8038888562861366,0.977240931642,1.0325438249606949,0,0
7384,0.8073217264873941,0.979092777136,1.0325438249606949,0,0
7385,0.8313558599721106,0.993575728635,1.0325438249606949,0,0
7386,0.8073217264873941,1.029479814729,1.0325438249606949,0,0
7387,0.8038888562861366,1.059969638212,1.0325438249606949,1,0
7388,0.8279217422165586,1.096972552207,1.0325438249606949,1,0
7389,0.7970257107965544,1.114928404974,1.0325438249606949,1,0
7390,0.8004571837370019,1.212944728372,1.0325438249606949,1,0
7391,0.8107540976669337,1.272932528894,1.0325438249606949,1,0
7392,0.8073217264873941,1.454979796505,1.0325438249606949,1,0
7393,0.7833012162955741,1.490899252951,1.0325438249606949,1,0
7394,0.7867323399208191,1.560010002446,1.0325438249606949,1,0
7395,0.8038888562861366,1.690474885376,1.0325438249606949,1,0
7396,0.7970257107965544,1.758252063795,1.0325438249606949,1,0
7397,0.7798712903224518,1.817609837153,1.0325438249606949,1,0
7398,0.7867323399208191,1.900927658894,1.0325438249606949,1,0
7399,0.7695823607400053,1.878521767521,1.0325438249606949,1,0
7400,0.7798712903224518,1.90628496874,1.0325438249606949,1,0
7401,0.7730113884740355,1.915541403556,1.0325438249606949,1,0
7402,0.7730113884740355,1.867703502918,1.0325438249606949,1,0
7403,0.7455853544710949,1.878500936577,1.0325438249606949,1,0
7404,0.7387313909811206,1.825256036313,1.0325438249606949,1,0
7405,0.6360670042448783,1.72736834578,1.0325438249606949,1,0
7406,0.4077406901510279,1.493643916511,1.0325438249606949,1,0
7407,0.21115122164508693,1.407151063047,1.0325438249606949,1,0
7408,0.049206152664566336,1.30456751426,1.0325438249606949,1,0
7409,-0.09193911256373011,1.216436225429,1.0325438249606949,1,0
7410,-0.2225378867268607,1.112673218149,1.0325438249606949,1,0
7411,-0.33269478514320533,1.089541041776,1.0325438249606949,1,0
7412,-0.4259100958480994,1.052407472279,1.0325438249606949,1,0
7413,-0.5089423194768975,1.052110819113,1.0325438249606949,1,0
7414,-0.5851700326679578,1.038300860421,1.0325438249606949,1,0
7415,-0.6546330573543625,1.038397552037,1.0325438249606949,1,0
7416,-0.7041699452393528,1.020272647788,1.0325438249606949,0,0
7417,-0.7602314422805533,1.008299288276,1.0325438249606949,0,0
7418,-0.803044711148265,0.987677546053,1.0325438249606949,0,0
7419,-0.8425206225715108,0.981422258714,1.0325438249606949,0,0
7420,-0.8753846958422709,0.978408841334,1.0325438249606949,0,0
7421,-0.8918058039020305,0.995169494654,1.0325438249606949,0,0
7422,-0.9246257636529348,1.011031259191,1.0325438249606949,0,0
7423,-0.9508605330110851,1.031114425151,1.0325438249606949,0,0
7424,-0.9639708315817672,1.068533043721,1.0325438249606949,1,0
7425,-0.6116471269722836,1.096595575585,1.0325438249606949,1,0
7426,-0.3926452083335829,1.120885688402,1.0325438249606949,1,0
7427,-0.15896903210945268,1.140971584967,1.0325438249606949,1,0
7428,0.03910709694714477,1.116532600066,1.0325438249606949,1,0
7429,0.2010097654558004,1.113268129429,1.0325438249606949,1,0
7430,0.26866936308061673,1.078479038168,1.0325438249606949,1,0
7431,0.3635909912208107,1.065644516177,1.0325438249606949,1,0
7432,0.43833463877414713,1.058789647229,1.0325438249606949,1,0
7433,0.5438956469736728,1.043751021873,1.0325438249606949,1,0
7434,0.5780083224846011,1.03136915851,1.0325438249606949,0,0
7435,0.6121503903747094,1.004141093665,1.0325438249606949,0,0
7436,0.6429033023660415,0.982777285961,1.0325438249606949,0,0
7437,0.6668384798441136,0.976860449455,1.0325438249606949,0,0
7438,0.6839443455050718,0.985658604878,1.0325438249606949,0,0
7439,0.6976338086814609,1.013378578581,1.0325438249606949,0,0
7440,0.7250277056857736,1.036079015234,1.0325438249606949,1,0
7441,0.7147528984179414,1.042391804203,1.0325438249606949,1,0
7442,0.7250277056857736,1.04865172239,1.0325438249606949,1,0
7443,0.7353052076708819,1.046016162377,1.0325438249606949,1,0
7444,0.7387313909811206,1.044937369166,1.0325438249606949,1,0
7445,0.7558680961842403,1.038445088539,1.0325438249606949,1,0
7446,0.7455853544710949,1.029890506831,1.0325438249606949,0,0
7447,0.7558680961842403,1.015206248378,1.0325438249606949,0,0
7448,0.7798712903224518,0.997781170776,1.0325438249606949,0,0
7449,0.7627242054676012,0.988332051718,1.0325438249606949,0,0
7450,0.7867323399208191,0.981504597031,1.0325438249606949,0,0
7451,0.7695823607400053,0.985483196624,1.0325438249606949,0,0
7452,0.7833012162955741,0.989873036655,1.0325438249606949,0,0
7453,0.8107540976669337,1.009409942234,1.0325438249606949,0,0
7454,0.8038888562861366,1.019461912552,1.0325438249606949,0,0
7455,0.7970257107965544,1.039027368635,1.0325438249606949,1,0
7456,0.81762043689551,1.041120018183,1.0325438249606949,1,0
7457,0.8210536564119699,1.048476212293,1.0325438249606949,1,0
7458,0.7970257107965544,1.043296849163,1.0325438249606949,1,0
7459,0.81762043689551,1.046601400115,1.0325438249606949,1,0
7460,0.8073217264873941,1.032390277743,1.0325438249606949,0,0
7461,0.8210536564119699,1.022207567889,1.0325438249606949,0,0
7462,0.8313558599721106,0.991198298265,1.0325438249606949,0,0
7463,0.81762043689551,0.977351015024,1.0325438249606949,0,0
7464,0.81762043689551,0.979414575385,1.0325438249606949,0,0
7465,0.81762043689551,0.997096723571,1.0325438249606949,0,0
7466,0.8244871254392888,1.024971247339,1.0325438249606949,0,0
7467,0.8210536564119699,1.035462634711,1.0325438249606949,1,0
7468,0.8382257422548834,1.054744300884,1.0325438249606949,1,0
7469,0.81762043689551,1.046080619213,1.0325438249606949,1,0
7470,0.8141866684551604,1.059040933772,1.0325438249606949,1,0
7471,0.8073217264873941,1.051765279319,1.0325438249606949,1,0
7472,0.8279217422165586,1.065630981452,1.0325438249606949,1,0
7473,0.8107540976669337,1.082577223358,1.0325438249606949,1,0
7474,0.8141866684551604,1.076394753864,1.0325438249606949,1,0
7475,0.8073217264873941,1.085267721474,1.0325438249606949,1,0
7476,0.8107540976669337,1.067464701293,1.0325438249606949,1,0
7477,0.8141866684551604,1.063309521287,1.0325438249606949,1,0
7478,0.8073217264873941,1.050619536753,1.0325438249606949,1,0
7479,0.8210536564119699,1.016365567436,1.0325438249606949,0,0
7480,0.8073217264873941,1.005154540041,1.0325438249606949,0,0
7481,0.81762043689551,0.982872221981,1.0325438249606949,0,0
7482,0.8313558599721106,0.972513792519,1.0325438249606949,0,0
7483,0.8073217264873941,0.982854937105,1.0325438249606949,0,0
7484,0.8141866684551604,1.006856132897,1.0325438249606949,0,0
7485,0.8004571837370019,1.052848501215,1.0325438249606949,1,0
7486,0.793593738834389,1.086055105612,1.0325438249606949,1,0
7487,0.7970257107965544,1.100231640463,1.0325438249606949,1,0
7488,0.7901629146221747,1.163483475029,1.0325438249606949,1,0
7489,0.7970257107965544,1.244553976882,1.0325438249606949,1,0
7490,0.7867323399208191,1.38225691179,1.0325438249606949,1,0
7491,0.7901629146221747,1.508557062282,1.0325438249606949,1,0
7492,0.7833012162955741,1.566386452002,1.0325438249606949,1,0
7493,0.7833012162955741,1.608449914582,1.0325438249606949,1,0
7494,0.7798712903224518,1.716223263093,1.0325438249606949,1,0
7495,0.7764416138601884,1.756743205752,1.0325438249606949,1,0
7496,0.7764416138601884,1.816123249335,1.0325438249606949,1,0
7497,0.7730113884740355,1.796789868965,1.0325438249606949,1,0
7498,0.7695823607400053,1.841404004316,1.0325438249606949,1,0
7499,0.7627242054676012,1.829275758482,1.0325438249606949,1,0
7500,0.7695823607400053,1.850217116908,1.0325438249606949,1,0
7501,0.7695823607400053,1.856065020914,1.0325438249606949,1,0
7502,0.7421582230195923,1.872274678262,1.0325438249606949,1,0
7503,0.7490123861182537,1.878760988613,1.0325438249606949,1,0
7504,0.5473057118824256,1.689677716099,1.0325438249606949,1,0
7505,0.29576690356225654,1.494249090058,1.0325438249606949,1,0
7506,0.11997373474041484,1.409170455577,1.0325438249606949,1,0
7507,-0.01807070543905731,1.286455864605,1.0325438249606949,1,0
7508,-0.16901331629473584,1.184578973731,1.0325438249606949,1,0
7509,-0.28600102359334767,1.10316708489,1.0325438249606949,1,0
7510,-0.3826600831729478,1.071630652102,1.0325438249606949,1,0
7511,-0.47243074676404384,1.047254061598,1.0325438249606949,1,0
7512,-0.5487326145823728,1.048132454578,1.0325438249606949,1,0
7513,-0.6182636060267452,1.035624404564,1.0325438249606949,1,0
7514,-0.6777582726822338,1.033198832447,1.0325438249606949,1,0
7515,-0.7338603401890933,1.014820982699,1.0325438249606949,0,0
7516,-0.7799975927192333,1.001199702072,1.0325438249606949,0,0
7517,-0.8227880063922687,0.983685431006,1.0325438249606949,0,0
7518,-0.8425206225715108,0.980523095147,1.0325438249606949,0,0
7519,-0.8950890673922842,0.986549279565,1.0325438249606949,0,0
7520,-0.8950890673922842,1.006699447149,1.0325438249606949,0,0
7521,-0.9344659729067137,1.023487530428,1.0325438249606949,0,0
7522,-0.9377455436362555,1.060820553617,1.0325438249606949,1,0
7523,-0.7338603401890933,1.094826432993,1.0325438249606949,1,0
7524,-0.5122598657591658,1.108665400079,1.0325438249606949,1,0
7525,-0.2626320361563192,1.125731357142,1.0325438249606949,1,0
7526,-0.04158957404903432,1.132370742643,1.0325438249606949,1,0
7527,0.08288894045862487,1.107603189417,1.0325438249606949,1,0
7528,0.2043904878875452,1.0898359416,1.0325438249606949,1,0
7529,0.38735797342888995,1.064004510509,1.0325438249606949,1,0
7530,0.4077406901510279,1.060548383993,1.0325438249606949,1,0
7531,0.5336676479429725,1.044370606421,1.0325438249606949,1,0
7532,0.5575372539673225,1.036849326307,1.0325438249606949,1,0
7533,0.6087347364227169,1.010825342868,1.0325438249606949,0,0
7534,0.6394850535011164,0.991202501094,1.0325438249606949,0,0
7535,0.6771009612755154,0.977083401243,1.0325438249606949,0,0
7536,0.6839443455050718,0.978929686328,1.0325438249606949,0,0
7537,0.7010571475679078,0.998921679527,1.0325438249606949,0,0
7538,0.7147528984179414,1.019290450672,1.0325438249606949,0,0
7539,0.7079042245581761,1.04394969311,1.0325438249606949,1,0
7540,0.7113284616837152,1.040114516322,1.0325438249606949,1,0
7541,0.72845299075692,1.047745088417,1.0325438249606949,1,0
7542,0.7421582230195923,1.040796123467,1.0325438249606949,1,0
7543,0.7592960260704914,1.044967332379,1.0325438249606949,1,0
7544,0.7592960260704914,1.031488973323,1.0325438249606949,0,0
7545,0.7455853544710949,1.02462616088,1.0325438249606949,0,0
7546,0.7764416138601884,1.002814888817,1.0325438249606949,0,0
7547,0.7627242054676012,0.996717391403,1.0325438249606949,0,0
7548,0.7867323399208191,0.984374310235,1.0325438249606949,0,0
7549,0.7695823607400053,0.98573057571,1.0325438249606949,0,0
7550,0.7833012162955741,0.988518386683,1.0325438249606949,0,0
7551,0.7867323399208191,0.998580522436,1.0325438249606949,0,0
7552,0.7901629146221747,1.014788401417,1.0325438249606949,0,0
7553,0.793593738834389,1.025597364516,1.0325438249606949,0,0
7554,0.793593738834389,1.039832655047,1.0325438249606949,1,0
7555,0.7970257107965544,1.040581235128,1.0325438249606949,1,0
7556,0.7970257107965544,1.047270993642,1.0325438249606949,1,0
7557,0.8244871254392888,1.039360767299,1.0325438249606949,1,0
7558,0.8107540976669337,1.044752923912,1.0325438249606949,1,0
7559,0.8244871254392888,1.02211401353,1.0325438249606949,0,0
7560,0.81762043689551,1.004846119804,1.0325438249606949,0,0
7561,0.8210536564119699,0.981975080266,1.0325438249606949,0,0
7562,0.8279217422165586,0.97727835534,1.0325438249606949,0,0
7563,0.8244871254392888,0.986496909128,1.0325438249606949,0,0
7564,0.8244871254392888,1.00851773422,1.0325438249606949,0,0
7565,0.8244871254392888,1.030349991344,1.0325438249606949,0,0
7566,0.8416607083473558,1.043246350431,1.0325438249606949,1,0
7567,0.8347901773363497,1.04832762769,1.0325438249606949,1,0
7568,0.81762043689551,1.046432689311,1.0325438249606949,1,0
7569,0.81762043689551,1.05556869033,1.0325438249606949,1,0
7570,0.8141866684551604,1.054526496099,1.0325438249606949,1,0
7571,0.81762043689551,1.073886009959,1.0325438249606949,1,0
7572,0.81762043689551,1.070393037795,1.0325438249606949,1,0
7573,0.81762043689551,1.093082020288,1.0325438249606949,1,0
7574,0.81762043689551,1.076049249867,1.0325438249606949,1,0
7575,0.8141866684551604,1.059004339469,1.0325438249606949,1,0
7576,0.8244871254392888,1.050446697821,1.0325438249606949,1,0
7577,0.8244871254392888,1.021516285029,1.0325438249606949,0,0
7578,0.8107540976669337,1.006215024934,1.0325438249606949,0,0
7579,0.8073217264873941,0.988790112968,1.0325438249606949,0,0
7580,0.8244871254392888,0.973387140814,1.0325438249606949,0,0
7581,0.81762043689551,0.981401497193,1.0325438249606949,0,0
7582,0.8107540976669337,0.996470248043,1.0325438249606949,0,0
7583,0.8073217264873941,1.039526231922,1.0325438249606949,1,0
7584,0.8073217264873941,1.066476057103,1.0325438249606949,1,0
7585,0.81762043689551,1.099168971615,1.0325438249606949,1,0
7586,0.8073217264873941,1.119829492193,1.0325438249606949,1,0
7587,0.8210536564119699,1.217040998526,1.0325438249606949,1,0
7588,0.8004571837370019,1.281031744211,1.0325438249606949,1,0
7589,0.8107540976669337,1.430428998727,1.0325438249606949,1,0
7590,0.7901629146221747,1.501447664915,1.0325438249606949,1,0
7591,0.8004571837370019,1.602117484205,1.0325438249606949,1,0
7592,0.7867323399208191,1.743622368318,1.0325438249606949,1,0
7593,0.7867323399208191,1.773702299299,1.0325438249606949,1,0
7594,0.8038888562861366,1.774915659589,1.0325438249606949,1,0
7595,0.7764416138601884,1.914932870043,1.0325438249606949,1,0
7596,0.7695823607400053,1.891996252171,1.0325438249606949,1,0
7597,0.7627242054676012,1.899566099741,1.0325438249606949,1,0
7598,0.7592960260704914,1.903831427326,1.0325438249606949,1,0
7599,0.7764416138601884,1.858693681234,1.0325438249606949,1,0
7600,0.7421582230195923,1.876369981377,1.0325438249606949,1,0
7601,0.7387313909811206,1.882529024013,1.0325438249606949,1,0
7602,0.6360670042448783,1.760894089981,1.0325438249606949,1,0
7603,0.3907536665121695,1.516894667669,1.0325438249606949,1,0
7604,0.224677816608321,1.41579630004,1.0325438249606949,1,0
7605,0.03574139195022075,1.335202538168,1.0325438249606949,1,0
7606,-0.10200107459336721,1.230779277972,1.0325438249606949,1,0
7607,-0.22588100787216747,1.110907666792,1.0325438249606949,1,0
7608,-0.3293612951170526,1.088681409629,1.0325438249606949,1,0
7609,-0.4259100958480994,1.05164755867,1.0325438249606949,1,0
7610,-0.5089423194768975,1.051282161976,1.0325438249606949,1,0
7611,-0.5851700326679578,1.037610576317,1.0325438249606949,1,0
7612,-0.6513279367128681,1.037617562419,1.0325438249606949,1,0
7613,-0.7074698261528101,1.019595763532,1.0325438249606949,0,0
7614,-0.7602314422805533,1.007329617833,1.0325438249606949,0,0
7615,-0.8063360587903474,0.986743330213,1.0325438249606949,0,0
7616,-0.826077557556167,0.980292783828,1.0325438249606949,0,0
7617,-0.881954017344398,0.978017977697,1.0325438249606949,0,0
7618,-0.8950890673922842,0.993978463508,1.0325438249606949,0,0
7619,-0.9279062326215687,1.0097989347,1.0325438249606949,0,0
7620,-0.9508605330110851,1.029612460289,1.0325438249606949,0,0
7621,-0.8918058039020305,1.067429308032,1.0325438249606949,1,0
7622,-0.5719241498965428,1.089132795132,1.0325438249606949,1,0
7623,-0.37933100948899784,1.104307747592,1.0325438249606949,1,0
7624,-0.13887250434248705,1.144674986222,1.0325438249606949,1,0
7625,0.05594038719930943,1.108900182378,1.0325438249606949,1,0
7626,0.21115122164508693,1.107679823593,1.0325438249606949,1,0
7627,0.27544249752784633,1.072704031951,1.0325438249606949,1,0
7628,0.37377485178056935,1.063528930503,1.0325438249606949,1,0
7629,0.4519389189433035,1.051917934153,1.0325438249606949,1,0
7630,0.5438956469736728,1.042753893195,1.0325438249606949,1,0
7631,0.5780083224846011,1.024319126465,1.0325438249606949,0,0
7632,0.6121503903747094,1.001347752504,1.0325438249606949,0,0
7633,0.6360670042448783,0.980135127752,1.0325438249606949,0,0
7634,0.656578693129988,0.976804625158,1.0325438249606949,0,0
7635,0.6907885281693767,0.986252246516,1.0325438249606949,0,0
7636,0.6873660875220218,1.01473882523,1.0325438249606949,0,0
7637,0.6942112183275906,1.03747061059,1.0325438249606949,1,0
7638,0.7147528984179414,1.040432791158,1.0325438249606949,1,0
7639,0.7250277056857736,1.048444758342,1.0325438249606949,1,0
7640,0.7250277056857736,1.044079867757,1.0325438249606949,1,0
7641,0.7250277056857736,1.045765388891,1.0325438249606949,1,0
7642,0.7387313909811206,1.03753427124,1.0325438249606949,1,0
7643,0.7592960260704914,1.030092532686,1.0325438249606949,0,0
7644,0.7661535326146621,1.011150470042,1.0325438249606949,0,0
7645,0.7592960260704914,0.998084907489,1.0325438249606949,0,0
7646,0.7764416138601884,0.987860390715,1.0325438249606949,0,0
7647,0.7901629146221747,0.981391250011,1.0325438249606949,0,0
7648,0.7661535326146621,0.984593955273,1.0325438249606949,0,0
7649,0.7867323399208191,0.989792585591,1.0325438249606949,0,0
7650,0.7764416138601884,1.010487648088,1.0325438249606949,0,0
7651,0.793593738834389,1.019093636986,1.0325438249606949,0,0
7652,0.7833012162955741,1.040235494872,1.0325438249606949,1,0
7653,0.8004571837370019,1.036990143973,1.0325438249606949,1,0
7654,0.8073217264873941,1.048448254464,1.0325438249606949,1,0
7655,0.8073217264873941,1.042572321359,1.0325438249606949,1,0
7656,0.793593738834389,1.048362987659,1.0325438249606949,1,0
7657,0.8004571837370019,1.033691192763,1.0325438249606949,1,0
7658,0.81762043689551,1.022659734958,1.0325438249606949,0,0
7659,0.8244871254392888,0.990075847788,1.0325438249606949,0,0
7660,0.8382257422548834,0.977525981758,1.0325438249606949,0,0
7661,0.8141866684551604,0.980494261799,1.0325438249606949,0,0
7662,0.8416607083473558,0.999175665129,1.0325438249606949,0,0
7663,0.8382257422548834,1.027109409988,1.0325438249606949,0,0
7664,0.8416607083473558,1.034802205528,1.0325438249606949,1,0
7665,0.8416607083473558,1.052130784283,1.0325438249606949,1,0
7666,0.8313558599721106,1.045362585693,1.0325438249606949,1,0
7667,0.8210536564119699,1.056689630866,1.0325438249606949,1,0
7668,0.8347901773363497,1.053168498832,1.0325438249606949,1,0
7669,0.845095923950687,1.061685340554,1.0325438249606949,1,0
7670,0.8313558599721106,1.075744302588,1.0325438249606949,1,0
7671,0.81762043689551,1.078369217981,1.0325438249606949,1,0
7672,0.8141866684551604,1.08381910931,1.0325438249606949,1,0
7673,0.8313558599721106,1.05593622661,1.0325438249606949,1,0
7674,0.8107540976669337,1.062775931541,1.0325438249606949,1,0
7675,0.81762043689551,1.036261111701,1.0325438249606949,1,0
7676,0.8107540976669337,1.00657988142,1.0325438249606949,0,0
7677,0.8107540976669337,0.998466722837,1.0325438249606949,0,0
7678,0.8141866684551604,0.979221160748,1.0325438249606949,0,0
7679,0.8210536564119699,0.973623305495,1.0325438249606949,0,0
7680,0.8141866684551604,0.986912737737,1.0325438249606949,0,0
7681,0.8107540976669337,1.012454598134,1.0325438249606949,0,0
7682,0.8073217264873941,1.054274267276,1.0325438249606949,1,0
7683,0.8004571837370019,1.097182069993,1.0325438249606949,1,0
7684,0.8073217264873941,1.102928901342,1.0325438249606949,1,0
7685,0.81762043689551,1.17356955715,1.0325438249606949,1,0
7686,0.8073217264873941,1.259229005908,1.0325438249606949,1,0
7687,0.7901629146221747,1.375095374829,1.0325438249606949,1,0
7688,0.7970257107965544,1.499946876957,1.0325438249606949,1,0
7689,0.8004571837370019,1.55577313897,1.0325438249606949,1,0
7690,0.7798712903224518,1.597263070337,1.0325438249606949,1,0
7691,0.7970257107965544,1.748124534904,1.0325438249606949,1,0
7692,0.793593738834389,1.787004350254,1.0325438249606949,1,0
7693,0.7730113884740355,1.790022689205,1.0325438249606949,1,0
7694,0.7695823607400053,1.889238424725,1.0325438249606949,1,0
7695,0.7627242054676012,1.861817028926,1.0325438249606949,1,0
7696,0.7627242054676012,1.912179014327,1.0325438249606949,1,0
7697,0.7524401163958176,1.872109112842,1.0325438249606949,1,0
7698,0.7421582230195923,1.882345654808,1.0325438249606949,1,0
7699,0.7387313909811206,1.845008246829,1.0325438249606949,1,0
7700,0.72845299075692,1.857010258852,1.0325438249606949,1,0
7701,0.5302591300015449,1.645855540015,1.0325438249606949,1,0
7702,0.28221556959736127,1.483106692995,1.0325438249606949,1,0
7703,0.10985613178924034,1.366601169818,1.0325438249606949,1,0
7704,-0.03487162516602457,1.275979854725,1.0325438249606949,1,0
7705,-0.16901331629473584,1.172153965522,1.0325438249606949,1,0
7706,-0.2693105186592205,1.098565622562,1.0325438249606949,1,0
7707,-0.37600218531590673,1.069648882744,1.0325438249606949,1,0
7708,-0.46578856809111424,1.047786477043,1.0325438249606949,1,0
7709,-0.545418611354301,1.051335866711,1.0325438249606949,1,0
7710,-0.6182636060267452,1.037371386254,1.0325438249606949,1,0
7711,-0.6579373296589367,1.03552921752,1.0325438249606949,1,0
7712,-0.7338603401890933,1.014123171809,1.0325438249606949,0,0
7713,-0.7602314422805533,1.001596649049,1.0325438249606949,0,0
7714,-0.835944314765334,0.983022743981,1.0325438249606949,0,0
7715,-0.8688142764923644,0.97898556074,1.0325438249606949,0,0
7716,-0.8983722310781943,0.983223454231,1.0325438249606949,0,0
7717,-0.9115012928654666,1.002733703244,1.0325438249606949,0,0
7718,-0.9311862025684848,1.017189976198,1.0325438249606949,0,0
7719,-0.9377455436362555,1.047972416727,1.0325438249606949,1,0
7720,-0.7074698261528101,1.081272551725,1.0325438249606949,1,0
7721,-0.47243074676404384,1.104937512467,1.0325438249606949,1,0
7722,-0.2225378867268607,1.126519506328,1.0325438249606949,1,0
7723,-0.024791997767576485,1.124355722588,1.0325438249606949,1,0
7724,0.15709435722210174,1.102591013896,1.0325438249606949,1,0
7725,0.2212953226494779,1.083399508904,1.0325438249606949,1,0
7726,0.3432312294976927,1.060576964635,1.0325438249606949,1,0
7727,0.4213343661086805,1.056577389205,1.0325438249606949,1,0
7728,0.5234422438252051,1.042869366156,1.0325438249606949,1,0
7729,0.5643596293825583,1.033040900239,1.0325438249606949,1,0
7730,0.6087347364227169,1.007785385491,1.0325438249606949,0,0
7731,0.6360670042448783,0.987709818019,1.0325438249606949,0,0
7732,0.6771009612755154,0.976869556492,1.0325438249606949,0,0
7733,0.6771009612755154,0.979691449401,1.0325438249606949,0,0
7734,0.6873660875220218,1.0019384878,1.0325438249606949,0,0
7735,0.6942112183275906,1.021990156863,1.0325438249606949,0,0
7736,0.6976338086814609,1.040564607241,1.0325438249606949,1,0
7737,0.7113284616837152,1.040824623059,1.0325438249606949,1,0
7738,0.7147528984179414,1.04597614812,1.0325438249606949,1,0
7739,0.7318789744584716,1.041058798015,1.0325438249606949,1,0
7740,0.7421582230195923,1.040771654994,1.0325438249606949,1,0
7741,0.7318789744584716,1.027335868067,1.0325438249606949,0,0
7742,0.7490123861182537,1.019249812756,1.0325438249606949,0,0
7743,0.7455853544710949,1.001745095427,1.0325438249606949,0,0
7744,0.7730113884740355,0.994428011443,1.0325438249606949,0,0
7745,0.7627242054676012,0.982501469914,1.0325438249606949,0,0
7746,0.7661535326146621,0.986853881818,1.0325438249606949,0,0
7747,0.7695823607400053,0.989587300275,1.0325438249606949,0,0
7748,0.7764416138601884,1.002066763876,1.0325438249606949,0,0
7749,0.7833012162955741,1.016269029175,1.0325438249606949,0,0
7750,0.7764416138601884,1.031721496126,1.0325438249606949,0,0
7751,0.7764416138601884,1.041126178733,1.0325438249606949,1,0
7752,0.7970257107965544,1.042736496306,1.0325438249606949,1,0
7753,0.7970257107965544,1.048549132091,1.0325438249606949,1,0
7754,0.793593738834389,1.042651879109,1.0325438249606949,1,0
7755,0.8141866684551604,1.043763961338,1.0325438249606949,1,0
7756,0.8073217264873941,1.028421208975,1.0325438249606949,0,0
7757,0.8107540976669337,1.004012191839,1.0325438249606949,0,0
7758,0.8107540976669337,0.980820420606,1.0325438249606949,0,0
7759,0.8141866684551604,0.977556975475,1.0325438249606949,0,0
7760,0.8141866684551604,0.989423723984,1.0325438249606949,0,0
7761,0.8313558599721106,1.013531570295,1.0325438249606949,0,0
7762,0.8210536564119699,1.033197071422,1.0325438249606949,1,0
7763,0.8347901773363497,1.048196185957,1.0325438249606949,1,0
7764,0.845095923950687,1.048701362391,1.0325438249606949,1,0
7765,0.8279217422165586,1.050067449748,1.0325438249606949,1,0
7766,0.8279217422165586,1.054263872255,1.0325438249606949,1,0
7767,0.8210536564119699,1.052294490167,1.0325438249606949,1,0
7768,0.81762043689551,1.071294398107,1.0325438249606949,1,0
7769,0.8210536564119699,1.067826121626,1.0325438249606949,1,0
7770,0.81762043689551,1.089803959089,1.0325438249606949,1,0
7771,0.8141866684551604,1.073139268524,1.0325438249606949,1,0
7772,0.81762043689551,1.064597570367,1.0325438249606949,1,0
7773,0.8416607083473558,1.050313071623,1.0325438249606949,1,0
7774,0.8141866684551604,1.022646052935,1.0325438249606949,0,0
7775,0.8107540976669337,1.008457797788,1.0325438249606949,0,0
7776,0.8038888562861366,0.990845741938,1.0325438249606949,0,0
7777,0.8073217264873941,0.975305042332,1.0325438249606949,0,0
7778,0.8107540976669337,0.982632740278,1.0325438249606949,0,0
7779,0.8038888562861366,1.000012677107,1.0325438249606949,0,0
7780,0.8244871254392888,1.045923584577,1.0325438249606949,1,0
7781,0.8210536564119699,1.077474113644,1.0325438249606949,1,0
7782,0.8004571837370019,1.100518780481,1.0325438249606949,1,0
7783,0.7970257107965544,1.12638794079,1.0325438249606949,1,0
7784,0.8073217264873941,1.219167261414,1.0325438249606949,1,0
7785,0.8004571837370019,1.336497826788,1.0325438249606949,1,0
7786,0.7867323399208191,1.446235838185,1.0325438249606949,1,0
7787,0.7970257107965544,1.525354311177,1.0325438249606949,1,0
7788,0.7798712903224518,1.560053089864,1.0325438249606949,1,0
7789,0.7764416138601884,1.700799623376,1.0325438249606949,1,0
7790,0.7695823607400053,1.793482117082,1.0325438249606949,1,0
7791,0.7901629146221747,1.852081507283,1.0325438249606949,1,0
7792,0.7833012162955741,1.822441295927,1.0325438249606949,1,0
7793,0.7695823607400053,1.929261249218,1.0325438249606949,1,0
7794,0.7524401163958176,1.923219087179,1.0325438249606949,1,0
7795,0.7490123861182537,1.936359486778,1.0325438249606949,1,0
7796,0.7490123861182537,1.884884609814,1.0325438249606949,1,0
7797,0.7524401163958176,1.895088598299,1.0325438249606949,1,0
7798,0.7387313909811206,1.894971581028,1.0325438249606949,1,0
7799,0.6155659445223584,1.774160631486,1.0325438249606949,1,0
7800,0.4145367421706486,1.536280228035,1.0325438249606949,1,0
7801,0.1908709665571613,1.43847860325,1.0325438249606949,1,0
7802,0.04583956424325747,1.313496462897,1.0325438249606949,1,0
7803,-0.10870782667658327,1.227446383142,1.0325438249606949,1,0
7804,-0.22922343038706922,1.12050267648,1.0325438249606949,1,0
7805,-0.33269478514320533,1.089920318709,1.0325438249606949,1,0
7806,-0.4259100958480994,1.054939004279,1.0325438249606949,1,0
7807,-0.5122598657591658,1.055267905297,1.0325438249606949,1,0
7808,-0.5851700326679578,1.041565568478,1.0325438249606949,1,0
7809,-0.6480228659735455,1.041207930242,1.0325438249606949,1,0
7810,-0.7107696072619237,1.022700379912,1.0325438249606949,0,0
7811,-0.7635266822920347,1.010060143502,1.0325438249606949,0,0
7812,-0.8096270072150556,0.989624492342,1.0325438249606949,0,0
7813,-0.8556698448361832,0.983116361256,1.0325438249606949,0,0
7814,-0.8950890673922842,0.982596673844,1.0325438249606949,0,0
7815,-0.9115012928654666,1.001355364583,1.0325438249606949,0,0
7816,-0.9541385068711299,1.018180430052,1.0325438249606949,0,0
7817,-0.9672478073983763,1.039127617517,1.0325438249606949,1,0
7818,-0.8983722310781943,1.076356453343,1.0325438249606949,1,0
7819,-0.6314928214727848,1.111068226264,1.0325438249606949,1,0
7820,-0.3460256513131657,1.12563418102,1.0325438249606949,1,0
7821,-0.12882026076080458,1.145009028089,1.0325438249606949,1,0
7822,0.07614998276129471,1.120303288654,1.0325438249606949,1,0
7823,0.2212953226494779,1.108501195564,1.0325438249606949,1,0
7824,0.3398388299577508,1.070114812581,1.0325438249606949,1,0
7825,0.39415048239431416,1.065016733103,1.0325438249606949,1,0
7826,0.4485379112787291,1.053963604037,1.0325438249606949,1,0
7827,0.5404862806953248,1.040773485416,1.0325438249606949,1,0
7828,0.5848341910518619,1.023671060984,1.0325438249606949,0,0
7829,0.6155659445223584,0.999764103613,1.0325438249606949,0,0
7830,0.6497404488241252,0.979449500379,1.0325438249606949,0,0
7831,0.6668384798441136,0.976804625158,1.0325438249606949,0,0
7832,0.6873660875220218,0.985207711976,1.0325438249606949,0,0
7833,0.6907885281693767,1.012881448946,1.0325438249606949,0,0
7834,0.7079042245581761,1.037310867792,1.0325438249606949,1,0
7835,0.7044807359652138,1.043092636936,1.0325438249606949,1,0
7836,0.7318789744584716,1.049813967157,1.0325438249606949,1,0
7837,0.7181772852499959,1.044357553747,1.0325438249606949,1,0
7838,0.7250277056857736,1.046106362724,1.0325438249606949,1,0
7839,0.72845299075692,1.036933219007,1.0325438249606949,1,0
7840,0.7353052076708819,1.033007287315,1.0325438249606949,1,0
7841,0.7353052076708819,1.012830789853,1.0325438249606949,0,0
7842,0.7592960260704914,1.000768055805,1.0325438249606949,0,0
7843,0.7558680961842403,0.99014939964,1.0325438249606949,0,0
7844,0.7764416138601884,0.985752484903,1.0325438249606949,0,0
7845,0.7798712903224518,0.989573949621,1.0325438249606949,0,0
7846,0.7661535326146621,0.99353623314,1.0325438249606949,0,0
7847,0.7627242054676012,1.014521769456,1.0325438249606949,0,0
7848,0.7730113884740355,1.025416193852,1.0325438249606949,0,0
7849,0.7901629146221747,1.046592447892,1.0325438249606949,1,0
7850,0.7730113884740355,1.042865908212,1.0325438249606949,1,0
7851,0.7764416138601884,1.05261944048,1.0325438249606949,1,0
7852,0.8004571837370019,1.045788393654,1.0325438249606949,1,0
7853,0.7867323399208191,1.051538839109,1.0325438249606949,1,0
7854,0.8073217264873941,1.034712184591,1.0325438249606949,1,0
7855,0.793593738834389,1.022807305138,1.0325438249606949,0,0
7856,0.8210536564119699,0.990647267733,1.0325438249606949,0,0
7857,0.8073217264873941,0.977177641516,1.0325438249606949,0,0
7858,0.81762043689551,0.982229552218,1.0325438249606949,0,0
7859,0.8244871254392888,1.000166418513,1.0325438249606949,0,0
7860,0.845095923950687,1.028925381349,1.0325438249606949,0,0
7861,0.8519682514398772,1.036045156594,1.0325438249606949,1,0
7862,0.8485323372061411,1.053611305268,1.0325438249606949,1,0
7863,0.8347901773363497,1.046506671503,1.0325438249606949,1,0
7864,0.8485323372061411,1.057799596526,1.0325438249606949,1,0
7865,0.8485323372061411,1.05439962806,1.0325438249606949,1,0
7866,0.8485323372061411,1.062583983468,1.0325438249606949,1,0
7867,0.8347901773363497,1.075983721452,1.0325438249606949,1,0
7868,0.81762043689551,1.078230318852,1.0325438249606949,1,0
7869,0.81762043689551,1.091588405962,1.0325438249606949,1,0
7870,0.8279217422165586,1.064985974231,1.0325438249606949,1,0
7871,0.8279217422165586,1.063850917246,1.0325438249606949,1,0
7872,0.8038888562861366,1.041312033119,1.0325438249606949,1,0
7873,0.8073217264873941,1.019255860251,1.0325438249606949,0,0
7874,0.81762043689551,1.007845711691,1.0325438249606949,0,0
7875,0.8004571837370019,0.9862831741,1.0325438249606949,0,0
7876,0.81762043689551,0.978576268257,1.0325438249606949,0,0
7877,0.8004571837370019,0.990919775006,1.0325438249606949,0,0
7878,0.8073217264873941,1.014449185996,1.0325438249606949,0,0
7879,0.8107540976669337,1.054546003354,1.0325438249606949,1,0
7880,0.7901629146221747,1.0981631449,1.0325438249606949,1,0
7881,0.7833012162955741,1.105857644993,1.0325438249606949,1,0
7882,0.7867323399208191,1.178135401511,1.0325438249606949,1,0
7883,0.7833012162955741,1.263538982151,1.0325438249606949,1,0
7884,0.8038888562861366,1.413699570749,1.0325438249606949,1,0
7885,0.7833012162955741,1.548155278222,1.0325438249606949,1,0
7886,0.7764416138601884,1.579863063742,1.0325438249606949,1,0
7887,0.7764416138601884,1.627697192924,1.0325438249606949,1,0
7888,0.7764416138601884,1.716239096391,1.0325438249606949,1,0
7889,0.7695823607400053,1.858831477573,1.0325438249606949,1,0
7890,0.7627242054676012,1.821443406337,1.0325438249606949,1,0
7891,0.7592960260704914,1.859717384305,1.0325438249606949,1,0
7892,0.7524401163958176,1.915846852418,1.0325438249606949,1,0
7893,0.7490123861182537,1.984427636206,1.0325438249606949,1,0
7894,0.7661535326146621,1.986726654272,1.0325438249606949,1,0
7895,0.7421582230195923,1.979912269786,1.0325438249606949,1,0
7896,0.7353052076708819,1.991198570335,1.0325438249606949,1,0
7897,0.7318789744584716,2.011124428412,1.0325438249606949,1,0
7898,0.5098132620810163,1.758332991764,1.0325438249606949,1,0
7899,0.26866936308061673,1.518966512905,1.0325438249606949,1,0
7900,0.11322850184498305,1.377680812118,1.0325438249606949,1,0
7901,-0.04158957404903432,1.266416241697,1.0325438249606949,1,0
7902,-0.18240134540247305,1.172247453745,1.0325438249606949,1,0
7903,-0.289337807162838,1.111466941122,1.0325438249606949,1,0
7904,-0.389317032888725,1.070532483884,1.0325438249606949,1,0
7905,-0.47243074676404384,1.054575753866,1.0325438249606949,1,0
7906,-0.545418611354301,1.054421159398,1.0325438249606949,1,0
7907,-0.5884804928418329,1.038858638726,1.0325438249606949,1,0
7908,-0.6876647520201398,1.037867286082,1.0325438249606949,1,0
7909,-0.7437517989732928,1.017581865398,1.0325438249606949,0,0
7910,-0.799753263701839,1.004214586968,1.0325438249606949,0,0
7911,-0.8194982556196833,0.989984891306,1.0325438249606949,0,0
7912,-0.8852381790737439,0.985468072785,1.0325438249606949,0,0
7913,-0.9180642268896057,0.995231340072,1.0325438249606949,0,0
7914,-0.9344659729067137,1.014515876183,1.0325438249606949,0,0
7915,-0.9606937559608144,1.03676472262,1.0325438249606949,1,0
7916,-0.9836274966555565,1.069157033867,1.0325438249606949,1,0
7917,-0.697568636445113,1.099692237814,1.0325438249606949,1,0
7918,-0.47907172778485063,1.111755299097,1.0325438249606949,1,0
7919,-0.22922343038706922,1.128559987038,1.0325438249606949,1,0
7920,-0.001262624750439284,1.124968244645,1.0325438249606949,1,0
7921,0.15371855639204898,1.112844061591,1.0325438249606949,1,0
7922,0.2856033781374992,1.085762068411,1.0325438249606949,1,0
7923,0.3500165026482084,1.062245024011,1.0325438249606949,1,0
7924,0.42473382680592964,1.056602972187,1.0325438249606949,1,0
7925,0.5166269545183622,1.041768919637,1.0325438249606949,1,0
7926,0.5711835517651196,1.034575039142,1.0325438249606949,1,0
7927,0.6155659445223584,1.006532006376,1.0325438249606949,0,0
7928,0.6429033023660415,0.987666027884,1.0325438249606949,0,0
7929,0.6668384798441136,0.976869556492,1.0325438249606949,0,0
7930,0.6873660875220218,0.979734594461,1.0325438249606949,0,0
7931,0.6907885281693767,1.002350586487,1.0325438249606949,0,0
7932,0.6976338086814609,1.021364265923,1.0325438249606949,0,0
7933,0.7113284616837152,1.040647612947,1.0325438249606949,1,0
7934,0.7147528984179414,1.041749625824,1.0325438249606949,1,0
7935,0.7216024206146271,1.047737435765,1.0325438249606949,1,0
7936,0.7250277056857736,1.042326711216,1.0325438249606949,1,0
7937,0.7318789744584716,1.042416370621,1.0325438249606949,1,0
7938,0.7353052076708819,1.031640104577,1.0325438249606949,0,0
7939,0.7627242054676012,1.02374172945,1.0325438249606949,0,0
7940,0.7592960260704914,1.002961301295,1.0325438249606949,0,0
7941,0.7730113884740355,0.997191946664,1.0325438249606949,0,0
7942,0.7798712903224518,0.985484749069,1.0325438249606949,0,0
7943,0.7661535326146621,0.991358540781,1.0325438249606949,0,0
7944,0.7798712903224518,0.992085808576,1.0325438249606949,0,0
7945,0.793593738834389,1.006303009724,1.0325438249606949,0,0
7946,0.7730113884740355,1.01724179781,1.0325438249606949,0,0
7947,0.7764416138601884,1.033033989517,1.0325438249606949,1,0
7948,0.7833012162955741,1.045220642113,1.0325438249606949,1,0
7949,0.8004571837370019,1.043760003495,1.0325438249606949,1,0
7950,0.8038888562861366,1.049493590568,1.0325438249606949,1,0
7951,0.81762043689551,1.042613865168,1.0325438249606949,1,0
7952,0.7970257107965544,1.042422685463,1.0325438249606949,1,0
7953,0.8107540976669337,1.028887128379,1.0325438249606949,0,0
7954,0.8004571837370019,1.001456744383,1.0325438249606949,0,0
7955,0.8073217264873941,0.980068050739,1.0325438249606949,0,0
7956,0.8313558599721106,0.977556975475,1.0325438249606949,0,0
7957,0.8244871254392888,0.989197225544,1.0325438249606949,0,0
7958,0.8485323372061411,1.013023062951,1.0325438249606949,0,0
7959,0.8347901773363497,1.032562472817,1.0325438249606949,1,0
7960,0.8347901773363497,1.047647631475,1.0325438249606949,1,0
7961,0.8485323372061411,1.04818724863,1.0325438249606949,1,0
7962,0.8347901773363497,1.049627846591,1.0325438249606949,1,0
7963,0.8279217422165586,1.053437619329,1.0325438249606949,1,0
7964,0.8347901773363497,1.051057249157,1.0325438249606949,1,0
7965,0.8279217422165586,1.069286161111,1.0325438249606949,1,0
7966,0.8210536564119699,1.065411907976,1.0325438249606949,1,0
7967,0.8244871254392888,1.086580041682,1.0325438249606949,1,0
7968,0.8210536564119699,1.076331753,1.0325438249606949,1,0
7969,0.8279217422165586,1.061661298024,1.0325438249606949,1,0
7970,0.8210536564119699,1.057991400447,1.0325438249606949,1,0
7971,0.8141866684551604,1.026760327093,1.0325438249606949,0,0
7972,0.8107540976669337,1.010342567552,1.0325438249606949,0,0
7973,0.81762043689551,0.992419356004,1.0325438249606949,0,0
7974,0.8107540976669337,0.975888217415,1.0325438249606949,0,0
7975,0.8073217264873941,0.983626759426,1.0325438249606949,0,0
7976,0.8279217422165586,0.998232874198,1.0325438249606949,0,0
7977,0.8073217264873941,1.04278449691,1.0325438249606949,1,0
7978,0.8073217264873941,1.072782726131,1.0325438249606949,1,0
7979,0.8279217422165586,1.099804127541,1.0325438249606949,1,0
7980,0.8004571837370019,1.125372135699,1.0325438249606949,1,0
7981,0.8073217264873941,1.244891260081,1.0325438249606949,1,0
7982,0.7833012162955741,1.348867924805,1.0325438249606949,1,0
7983,0.7867323399208191,1.460625753407,1.0325438249606949,1,0
7984,0.7867323399208191,1.54030557686,1.0325438249606949,1,0
7985,0.7798712903224518,1.619231969817,1.0325438249606949,1,0
7986,0.7764416138601884,1.680547900815,1.0325438249606949,1,0
7987,0.7798712903224518,1.767153845027,1.0325438249606949,1,0
7988,0.7798712903224518,1.823198612675,1.0325438249606949,1,0
7989,0.7661535326146621,1.864886309657,1.0325438249606949,1,0
7990,0.7627242054676012,1.902126389196,1.0325438249606949,1,0
7991,0.7558680961842403,1.899096660658,1.0325438249606949,1,0
7992,0.7490123861182537,1.908289697801,1.0325438249606949,1,0
7993,0.7421582230195923,1.874775963709,1.0325438249606949,1,0
7994,0.7353052076708819,1.874610750763,1.0325438249606949,1,0
7995,0.7490123861182537,1.831185816514,1.0325438249606949,1,0
7996,0.5916616564886197,1.741506644779,1.0325438249606949,1,0
7997,0.3534098004272424,1.504944877675,1.0325438249606949,1,0
7998,0.18749221526120188,1.428207806173,1.0325438249606949,1,0
7999,0.04583956424325747,1.287062761976,1.0325438249606949,1,0
8000,-0.11206037933235688,1.201784713081,1.0325438249606949,1,0
8001,-0.2225378867268607,1.118950468033,1.0325438249606949,1,0
8002,-0.34935712030136123,1.082893820109,1.0325438249606949,1,0
8003,-0.4392072780521067,1.053269675437,1.0325438249606949,1,0
8004,-0.518893860475923,1.052382260577,1.0325438249606949,1,0
8005,-0.5951012634830678,1.041761223836,1.0325438249606949,1,0
8006,-0.6645457245615696,1.036414340713,1.0325438249606949,1,0
8007,-0.7239661866876176,1.01855725317,1.0325438249606949,0,0
8008,-0.7503443748874706,1.006296637957,1.0325438249606949,0,0
8009,-0.8063360587903474,0.987129905763,1.0325438249606949,0,0
8010,-0.8523828885852176,0.980617851674,1.0325438249606949,0,0
8011,-0.881954017344398,0.982861576105,1.0325438249606949,0,0
8012,-0.9246257636529348,0.99772338231,1.0325438249606949,0,0
8013,-0.9541385068711299,1.019291833246,1.0325438249606949,0,0
8014,-1.0,1.041007294902,1.0325438249606949,1,0
8015,-0.8983722310781943,1.079172317527,1.0325438249606949,1,0
8016,-0.555360421429829,1.097406853885,1.0325438249606949,1,0
8017,-0.3460256513131657,1.111106680651,1.0325438249606949,1,0
8018,-0.12546899308595433,1.150790784071,1.0325438249606949,1,0
8019,0.02228135400860149,1.112515286878,1.0325438249606949,1,0
8020,0.224677816608321,1.110532746954,1.0325438249606949,1,0
8021,0.3025435436370539,1.070310599167,1.0325438249606949,1,0
8022,0.380565414561294,1.065747837594,1.0325438249606949,1,0
8023,0.45874385354950153,1.055421969835,1.0325438249606949,1,0
8024,0.5473057118824256,1.042057357681,1.0325438249606949,1,0
8025,0.5711835517651196,1.026411500106,1.0325438249606949,0,0
8026,0.622398699589325,1.001111938839,1.0325438249606949,0,0
8027,0.6497404488241252,0.979975562004,1.0325438249606949,0,0
8028,0.6668384798441136,0.977104018698,1.0325438249606949,0,0
8029,0.6839443455050718,0.987633956666,1.0325438249606949,0,0
8030,0.6976338086814609,1.016491983013,1.0325438249606949,0,0
8031,0.7147528984179414,1.039382069918,1.0325438249606949,1,0
8032,0.7147528984179414,1.041624903372,1.0325438249606949,1,0
8033,0.7181772852499959,1.050027181614,1.0325438249606949,1,0
8034,0.7250277056857736,1.044803712632,1.0325438249606949,1,0
8035,0.7353052076708819,1.04874517197,1.0325438249606949,1,0
8036,0.7421582230195923,1.037133920464,1.0325438249606949,1,0
8037,0.7524401163958176,1.029641549986,1.0325438249606949,0,0
8038,0.7592960260704914,1.013113843261,1.0325438249606949,0,0
8039,0.7627242054676012,0.99809019131,1.0325438249606949,0,0
8040,0.7901629146221747,0.989019749441,1.0325438249606949,0,0
8041,0.7730113884740355,0.984298026055,1.0325438249606949,0,0
8042,0.7970257107965544,0.987649452884,1.0325438249606949,0,0
8043,0.7798712903224518,0.99289103866,1.0325438249606949,0,0
8044,0.7798712903224518,1.014362481451,1.0325438249606949,0,0
8045,0.8107540976669337,1.021665174115,1.0325438249606949,0,0
8046,0.8004571837370019,1.04347518237,1.0325438249606949,1,0
8047,0.7970257107965544,1.039179699922,1.0325438249606949,1,0
8048,0.8004571837370019,1.050878545872,1.0325438249606949,1,0
8049,0.793593738834389,1.044257552145,1.0325438249606949,1,0
8050,0.7970257107965544,1.049932236881,1.0325438249606949,1,0
8051,0.8073217264873941,1.034252959268,1.0325438249606949,1,0
8052,0.81762043689551,1.022298899662,1.0325438249606949,0,0
8053,0.8210536564119699,0.990616401393,1.0325438249606949,0,0
8054,0.81762043689551,0.977177641516,1.0325438249606949,0,0
8055,0.8279217422165586,0.982336747419,1.0325438249606949,0,0
8056,0.8416607083473558,1.001063039318,1.0325438249606949,0,0
8057,0.8519682514398772,1.028129307902,1.0325438249606949,0,0
8058,0.845095923950687,1.037046738541,1.0325438249606949,1,0
8059,0.8519682514398772,1.053361175481,1.0325438249606949,1,0
8060,0.8313558599721106,1.04632086978,1.0325438249606949,1,0
8061,0.8279217422165586,1.056449407371,1.0325438249606949,1,0
8062,0.8485323372061411,1.052784931622,1.0325438249606949,1,0
8063,0.8210536564119699,1.068073052943,1.0325438249606949,1,0
8064,0.8382257422548834,1.073664418621,1.0325438249606949,1,0
8065,0.8347901773363497,1.076201169391,1.0325438249606949,1,0
8066,0.8073217264873941,1.089488447401,1.0325438249606949,1,0
8067,0.8038888562861366,1.055725172947,1.0325438249606949,1,0
8068,0.81762043689551,1.062055240559,1.0325438249606949,1,0
8069,0.7970257107965544,1.038161629948,1.0325438249606949,1,0
8070,0.8107540976669337,1.010712466336,1.0325438249606949,0,0
8071,0.7970257107965544,1.002147792029,1.0325438249606949,0,0
8072,0.8004571837370019,0.982556496421,1.0325438249606949,0,0
8073,0.8004571837370019,0.976063843568,1.0325438249606949,0,0
8074,0.8038888562861366,0.988331191115,1.0325438249606949,0,0
8075,0.8038888562861366,1.013278360694,1.0325438249606949,0,0
8076,0.8141866684551604,1.053274600009,1.0325438249606949,1,0
8077,0.7970257107965544,1.097136545587,1.0325438249606949,1,0
8078,0.793593738834389,1.10422524003,1.0325438249606949,1,0
8079,0.7867323399208191,1.17499053645,1.0325438249606949,1,0
8080,0.7798712903224518,1.26143369143,1.0325438249606949,1,0
8081,0.7798712903224518,1.381281340662,1.0325438249606949,1,0
8082,0.7798712903224518,1.511293266804,1.0325438249606949,1,0
8083,0.7833012162955741,1.567039934056,1.0325438249606949,1,0
8084,0.7764416138601884,1.611899858133,1.0325438249606949,1,0
8085,0.7695823607400053,1.736608174073,1.0325438249606949,1,0
8086,0.7867323399208191,1.824648792322,1.0325438249606949,1,0
8087,0.7627242054676012,1.784251987988,1.0325438249606949,1,0
8088,0.7661535326146621,1.876205020182,1.0325438249606949,1,0
8089,0.7627242054676012,1.91843150242,1.0325438249606949,1,0
8090,0.7558680961842403,1.937383616514,1.0325438249606949,1,0
8091,0.7421582230195923,1.93061891095,1.0325438249606949,1,0
8092,0.7558680961842403,1.922494674338,1.0325438249606949,1,0
8093,0.72845299075692,1.955762562158,1.0325438249606949,1,0
8094,0.4485379112787291,1.613555692722,1.0325438249606949,1,0
8095,0.28221556959736127,1.477784246528,1.0325438249606949,1,0
8096,0.09974117677205602,1.363156454356,1.0325438249606949,1,0
8097,-0.05838036363512973,1.250749179491,1.0325438249606949,1,0
8098,-0.1924394666695411,1.16651947756,1.0325438249606949,1,0
8099,-0.3026837936908485,1.100816393789,1.0325438249606949,1,0
8100,-0.39930036157117593,1.06533268724,1.0325438249606949,1,0
8101,-0.4857119602730807,1.052150332546,1.0325438249606949,1,0
8102,-0.5652996365924242,1.050871964257,1.0325438249606949,1,0
8103,-0.6381057574730499,1.037061341011,1.0325438249606949,1,0
8104,-0.7008692658911471,1.028968138649,1.0325438249606949,0,0
8105,-0.7602314422805533,1.017599264032,1.0325438249606949,0,0
8106,-0.8063360587903474,0.996884184209,1.0325438249606949,0,0
8107,-0.8326555620361843,0.98886679339,1.0325438249606949,0,0
8108,-0.872099635873833,0.984454854339,1.0325438249606949,0,0
8109,-0.9082195264403663,0.997869885264,1.0325438249606949,0,0
8110,-0.941024715148423,1.014783556546,1.0325438249606949,0,0
8111,-0.9869026759939814,1.038684017628,1.0325438249606949,1,0
8112,-0.9311862025684848,1.06961268886,1.0325438249606949,1,0
8113,-0.7437517989732928,1.100648316889,1.0325438249606949,1,0
8114,-0.46578856809111424,1.112493842216,1.0325438249606949,1,0
8115,-0.21919504004349877,1.139056846389,1.0325438249606949,1,0
8116,-0.01470972555402393,1.122157850068,1.0325438249606949,1,0
8117,0.16384764308050492,1.109889609592,1.0325438249606949,1,0
8118,0.29237822173411243,1.083352038194,1.0325438249606949,1,0
8119,0.3534098004272424,1.064325843418,1.0325438249606949,1,0
8120,0.42473382680592964,1.057810396674,1.0325438249606949,1,0
8121,0.5404862806953248,1.043484527142,1.0325438249606949,1,0
8122,0.5780083224846011,1.031491099392,1.0325438249606949,0,0
8123,0.6121503903747094,1.006933063064,1.0325438249606949,0,0
8124,0.6394850535011164,0.98665409897,1.0325438249606949,0,0
8125,0.6497404488241252,0.976869556492,1.0325438249606949,0,0
8126,0.6771009612755154,0.980614524758,1.0325438249606949,0,0
8127,0.6942112183275906,1.005319330198,1.0325438249606949,0,0
8128,0.7010571475679078,1.025155840992,1.0325438249606949,0,0
8129,0.7079042245581761,1.043193133195,1.0325438249606949,1,0
8130,0.7147528984179414,1.047447960349,1.0325438249606949,1,0
8131,0.7318789744584716,1.049048812462,1.0325438249606949,1,0
8132,0.7627242054676012,1.042590685244,1.0325438249606949,1,0
8133,0.7490123861182537,1.043847000365,1.0325438249606949,1,0
8134,0.7730113884740355,1.030235749295,1.0325438249606949,0,0
8135,0.7592960260704914,1.021520463566,1.0325438249606949,0,0
8136,0.7627242054676012,1.001414676051,1.0325438249606949,0,0
8137,0.7901629146221747,0.994942113485,1.0325438249606949,0,0
8138,0.7730113884740355,0.984255560895,1.0325438249606949,0,0
8139,0.793593738834389,0.989793218114,1.0325438249606949,0,0
8140,0.793593738834389,0.989741274838,1.0325438249606949,0,0
8141,0.7730113884740355,1.004597093115,1.0325438249606949,0,0
8142,0.7798712903224518,1.018452726028,1.0325438249606949,0,0
8143,0.7867323399208191,1.031204723844,1.0325438249606949,0,0
8144,0.7901629146221747,1.043068879961,1.0325438249606949,1,0
8145,0.7901629146221747,1.044872541811,1.0325438249606949,1,0
8146,0.7970257107965544,1.047913133205,1.0325438249606949,1,0
8147,0.8004571837370019,1.041371090154,1.0325438249606949,1,0
8148,0.8038888562861366,1.042617570701,1.0325438249606949,1,0
8149,0.8210536564119699,1.026252392069,1.0325438249606949,0,0
8150,0.8210536564119699,0.999559449081,1.0325438249606949,0,0
8151,0.8244871254392888,0.979494669414,1.0325438249606949,0,0
8152,0.8279217422165586,0.977556975475,1.0325438249606949,0,0
8153,0.8347901773363497,0.991178826336,1.0325438249606949,0,0
8154,0.845095923950687,1.013426639462,1.0325438249606949,0,0
8155,0.8279217422165586,1.035818770177,1.0325438249606949,1,0
8156,0.8519682514398772,1.048921746505,1.0325438249606949,1,0
8157,0.8279217422165586,1.048405227936,1.0325438249606949,1,0
8158,0.8210536564119699,1.052777258558,1.0325438249606949,1,0
8159,0.81762043689551,1.055749317452,1.0325438249606949,1,0
8160,0.8382257422548834,1.049723260446,1.0325438249606949,1,0
8161,0.8141866684551604,1.074528264239,1.0325438249606949,1,0
8162,0.8210536564119699,1.063366402728,1.0325438249606949,1,0
8163,0.8210536564119699,1.084301910899,1.0325438249606949,1,0
8164,0.8141866684551604,1.074795438261,1.0325438249606949,1,0
8165,0.8244871254392888,1.067658028015,1.0325438249606949,1,0
8166,0.8485323372061411,1.05634460486,1.0325438249606949,1,0
8167,0.8485323372061411,1.021855748944,1.0325438249606949,0,0
8168,0.8210536564119699,1.004933429323,1.0325438249606949,0,0
8169,0.8244871254392888,0.986093118656,1.0325438249606949,0,0
8170,0.8382257422548834,0.973432155902,1.0325438249606949,0,0
8171,0.81762043689551,0.981763516324,1.0325438249606949,0,0
8172,0.8382257422548834,0.997835074726,1.0325438249606949,0,0
8173,0.8107540976669337,1.04087236247,1.0325438249606949,1,0
8174,0.8313558599721106,1.074654883149,1.0325438249606949,1,0
8175,0.8279217422165586,1.096312138036,1.0325438249606949,1,0
8176,0.8004571837370019,1.127578133973,1.0325438249606949,1,0
8177,0.7970257107965544,1.252203789264,1.0325438249606949,1,0
8178,0.8073217264873941,1.331379878193,1.0325438249606949,1,0
8179,0.793593738834389,1.437812436209,1.0325438249606949,1,0
8180,0.7901629146221747,1.512407089608,1.0325438249606949,1,0
8181,0.7867323399208191,1.588186693255,1.0325438249606949,1,0
8182,0.8073217264873941,1.686609054823,1.0325438249606949,1,0
8183,0.7970257107965544,1.714816001281,1.0325438249606949,1,0
8184,0.7970257107965544,1.75989657654,1.0325438249606949,1,0
8185,0.7695823607400053,1.853867634808,1.0325438249606949,1,0
8186,0.7627242054676012,1.826097424612,1.0325438249606949,1,0
8187,0.7627242054676012,1.844765559472,1.0325438249606949,1,0
8188,0.7592960260704914,1.846400353029,1.0325438249606949,1,0
8189,0.7730113884740355,1.853516401402,1.0325438249606949,1,0
8190,0.7524401163958176,1.869261175623,1.0325438249606949,1,0
8191,0.7421582230195923,1.876612038262,1.0325438249606949,1,0
8192,0.5848341910518619,1.726058220965,1.0325438249606949,1,0
8193,0.3466243276680395,1.483572528576,1.0325438249606949,1,0
8194,0.1773569469412164,1.429454436296,1.0325438249606949,1,0
8195,0.008825829094642815,1.317894007674,1.0325438249606949,1,0
8196,-0.12546899308595433,1.186538799619,1.0325438249606949,1,0
8197,-0.25595295482735647,1.112151524877,1.0325438249606949,1,0
8198,-0.3560204824462125,1.073184604921,1.0325438249606949,1,0
8199,-0.45250021857151246,1.047975625155,1.0325438249606949,1,0
8200,-0.5387890080286607,1.048414863953,1.0325438249606949,1,0
8201,-0.5951012634830678,1.036343424211,1.0325438249606949,1,0
8202,-0.6777582726822338,1.030099846707,1.0325438249606949,0,0
8203,-0.7371575263852743,1.016072234934,1.0325438249606949,0,0
8204,-0.7898767256670024,1.002069796698,1.0325438249606949,0,0
8205,-0.8392325684727661,0.983529169596,1.0325438249606949,0,0
8206,-0.8786695562020216,0.977426471482,1.0325438249606949,0,0
8207,-0.8885222409987461,0.982467506891,1.0325438249606949,0,0
8208,-0.9377455436362555,1.000981362507,1.0325438249606949,0,0
8209,-0.9541385068711299,1.01816809074,1.0325438249606949,0,0
8210,-0.9869026759939814,1.045233982063,1.0325438249606949,1,0
8211,-0.8490958325299084,1.084032458804,1.0325438249606949,1,0
8212,-0.5984108753200227,1.103413670271,1.0325438249606949,1,0
8213,-0.3193593778756127,1.118717874784,1.0325438249606949,1,0
8214,-0.09864763617404446,1.149062262244,1.0325438249606949,1,0
8215,0.10311266730202107,1.11016827621,1.0325438249606949,1,0
8216,0.17060130320519648,1.100963846645,1.0325438249606949,1,0
8217,0.3025435436370539,1.069737330286,1.0325438249606949,1,0
8218,0.3907536665121695,1.064584454222,1.0325438249606949,1,0
8219,0.4655487382535277,1.048909026764,1.0325438249606949,1,0
8220,0.5507160263020374,1.043620785379,1.0325438249606949,1,0
8221,0.5984899702622978,1.017166544135,1.0325438249606949,0,0
8222,0.632649703521217,0.99711067277,1.0325438249606949,0,0
8223,0.6771009612755154,0.978330303119,1.0325438249606949,0,0
8224,0.6805225036837783,0.977788802815,1.0325438249606949,0,0
8225,0.6907885281693767,0.988041419897,1.0325438249606949,0,0
8226,0.72845299075692,1.014251372995,1.0325438249606949,0,0
8227,0.7113284616837152,1.038714969543,1.0325438249606949,1,0
8228,0.7147528984179414,1.036367570842,1.0325438249606949,1,0
8229,0.7490123861182537,1.046475363978,1.0325438249606949,1,0
8230,0.72845299075692,1.042366568265,1.0325438249606949,1,0
8231,0.7421582230195923,1.046793753308,1.0325438249606949,1,0
8232,0.7661535326146621,1.032049743222,1.0325438249606949,0,0
8233,0.7558680961842403,1.027279766813,1.0325438249606949,0,0
8234,0.7833012162955741,1.007381737124,1.0325438249606949,0,0
8235,0.7730113884740355,0.996800185332,1.0325438249606949,0,0
8236,0.7730113884740355,0.98696276765,1.0325438249606949,0,0
8237,0.7730113884740355,0.983164076525,1.0325438249606949,0,0
8238,0.8004571837370019,0.986303314631,1.0325438249606949,0,0
8239,0.7730113884740355,0.994421606224,1.0325438249606949,0,0
8240,0.7867323399208191,1.01392884795,1.0325438249606949,0,0
8241,0.7833012162955741,1.020746153628,1.0325438249606949,0,0
8242,0.793593738834389,1.039522440004,1.0325438249606949,1,0
8243,0.81762043689551,1.039527717083,1.0325438249606949,1,0
8244,0.8107540976669337,1.050451022007,1.0325438249606949,1,0
8245,0.8141866684551604,1.041977846801,1.0325438249606949,1,0
8246,0.8073217264873941,1.049574548091,1.0325438249606949,1,0
8247,0.8382257422548834,1.032669160557,1.0325438249606949,1,0
8248,0.8279217422165586,1.013601861319,1.0325438249606949,0,0
8249,0.8382257422548834,0.986712806165,1.0325438249606949,0,0
8250,0.8347901773363497,0.977070005378,1.0325438249606949,0,0
8251,0.8416607083473558,0.982784856187,1.0325438249606949,0,0
8252,0.8279217422165586,1.000307528852,1.0325438249606949,0,0
8253,0.8279217422165586,1.028434062578,1.0325438249606949,0,0
8254,0.8382257422548834,1.037568784259,1.0325438249606949,1,0
8255,0.8210536564119699,1.051454166399,1.0325438249606949,1,0
8256,0.81762043689551,1.046454927149,1.0325438249606949,1,0
8257,0.8141866684551604,1.056804603671,1.0325438249606949,1,0
8258,0.8347901773363497,1.049462184031,1.0325438249606949,1,0
8259,0.8210536564119699,1.06983393282,1.0325438249606949,1,0
8260,0.8210536564119699,1.074714066483,1.0325438249606949,1,0
8261,0.8313558599721106,1.079255712613,1.0325438249606949,1,0
8262,0.8485323372061411,1.090904269705,1.0325438249606949,1,0
8263,0.8347901773363497,1.065672109494,1.0325438249606949,1,0
8264,0.8244871254392888,1.058052288379,1.0325438249606949,1,0
8265,0.8210536564119699,1.034656842731,1.0325438249606949,1,0
8266,0.8279217422165586,1.011107244642,1.0325438249606949,0,0
8267,0.8141866684551604,0.998136771348,1.0325438249606949,0,0
8268,0.8279217422165586,0.977301624748,1.0325438249606949,0,0
8269,0.8107540976669337,0.975814064597,1.0325438249606949,0,0
8270,0.8073217264873941,0.988154094016,1.0325438249606949,0,0
8271,0.8244871254392888,1.017125124741,1.0325438249606949,0,0
8272,0.81762043689551,1.053033421053,1.0325438249606949,1,0
8273,0.793593738834389,1.096518274553,1.0325438249606949,1,0
8274,0.7901629146221747,1.102740299193,1.0325438249606949,1,0
8275,0.7901629146221747,1.175194726992,1.0325438249606949,1,0
8276,0.7833012162955741,1.25820705433,1.0325438249606949,1,0
8277,0.7833012162955741,1.403518786255,1.0325438249606949,1,0
8278,0.7695823607400053,1.499635635898,1.0325438249606949,1,0
8279,0.7661535326146621,1.531019960658,1.0325438249606949,1,0
8280,0.7764416138601884,1.6561450906,1.0325438249606949,1,0
8281,0.7833012162955741,1.730073453342,1.0325438249606949,1,0
8282,0.7592960260704914,1.778478719872,1.0325438249606949,1,0
8283,0.7558680961842403,1.747597925514,1.0325438249606949,1,0
8284,0.7558680961842403,1.772994162503,1.0325438249606949,1,0
8285,0.7730113884740355,1.789629440982,1.0325438249606949,1,0
8286,0.7558680961842403,1.864026420893,1.0325438249606949,1,0
8287,0.7661535326146621,1.855552030931,1.0325438249606949,1,0
8288,0.7627242054676012,1.873670539698,1.0325438249606949,1,0
8289,0.7421582230195923,1.929006076613,1.0325438249606949,1,0
8290,0.7387313909811206,1.902114858379,1.0325438249606949,1,0
8291,0.4315332222710598,1.603172719712,1.0325438249606949,1,0
8292,0.2314420684689734,1.496222371115,1.0325438249606949,1,0
8293,0.06941221335943012,1.351327195418,1.0325438249606949,1,0
8294,-0.0785192957725675,1.270448406903,1.0325438249606949,1,0
8295,-0.21585174424059078,1.142956175118,1.0325438249606949,1,0
8296,-0.3293612951170526,1.098151257366,1.0325438249606949,1,0
8297,-0.41925913439293616,1.058009047108,1.0325438249606949,1,0
8298,-0.5122598657591658,1.048911182281,1.0325438249606949,1,0
8299,-0.5917910029178798,1.042697838638,1.0325438249606949,1,0
8300,-0.6579373296589367,1.035102247815,1.0325438249606949,1,0
8301,-0.7173683710454026,1.023381991499,1.0325438249606949,0,0
8302,-0.7437517989732928,1.015554682884,1.0325438249606949,0,0
8303,-0.8162082054340671,0.990711498844,1.0325438249606949,0,0
8304,-0.8622426594903352,0.985410985591,1.0325438249606949,0,0
8305,-0.8918058039020305,0.979399198518,1.0325438249606949,0,0
8306,-0.9246257636529348,0.998731159391,1.0325438249606949,0,0
8307,-0.957416380926831,1.016516447787,1.0325438249606949,0,0
8308,-0.9639708315817672,1.048850659818,1.0325438249606949,1,0
8309,-0.9836274966555565,1.084027337832,1.0325438249606949,1,0
8310,-0.7964614170380386,1.117495499806,1.0325438249606949,1,0
8311,-0.432559161020735,1.127325569585,1.0325438249606949,1,0
8312,-0.1957852326299523,1.140864937055,1.0325438249606949,1,0
8313,0.012189366465980046,1.13017423657,1.0325438249606949,1,0
8314,0.18073481247362666,1.116820186596,1.0325438249606949,1,0
8315,0.3059330987532042,1.087362574819,1.0325438249606949,1,0
8316,0.3466243276680395,1.066630628019,1.0325438249606949,1,0
8317,0.4315332222710598,1.058862695913,1.0325438249606949,1,0
8318,0.5302591300015449,1.042326623829,1.0325438249606949,1,0
8319,0.5780083224846011,1.032406451883,1.0325438249606949,0,0
8320,0.6189821973004123,1.004541182574,1.0325438249606949,0,0
8321,0.6429033023660415,0.985500778749,1.0325438249606949,0,0
8322,0.6702591739154561,0.976889889019,1.0325438249606949,0,0
8323,0.6873660875220218,0.980467025384,1.0325438249606949,0,0
8324,0.7147528984179414,1.005496340241,1.0325438249606949,0,0
8325,0.7181772852499959,1.024083304758,1.0325438249606949,0,0
8326,0.7353052076708819,1.042115323477,1.0325438249606949,1,0
8327,0.72845299075692,1.046892009139,1.0325438249606949,1,0
8328,0.7353052076708819,1.048468043235,1.0325438249606949,1,0
8329,0.7490123861182537,1.044013889694,1.0325438249606949,1,0
8330,0.7490123861182537,1.044599204887,1.0325438249606949,1,0
8331,0.7524401163958176,1.031380195635,1.0325438249606949,0,0
8332,0.7592960260704914,1.021824513696,1.0325438249606949,0,0
8333,0.7592960260704914,1.002846691664,1.0325438249606949,0,0
8334,0.7661535326146621,0.996852574626,1.0325438249606949,0,0
8335,0.7833012162955741,0.987765492261,1.0325438249606949,0,0
8336,0.7661535326146621,0.994505564121,1.0325438249606949,0,0
8337,0.7695823607400053,0.995209356521,1.0325438249606949,0,0
8338,0.7798712903224518,1.011123246961,1.0325438249606949,0,0
8339,0.8073217264873941,1.023776833997,1.0325438249606949,0,0
8340,0.7867323399208191,1.036786288696,1.0325438249606949,1,0
8341,0.7867323399208191,1.044091580771,1.0325438249606949,1,0
8342,0.8038888562861366,1.047509625217,1.0325438249606949,1,0
8343,0.8141866684551604,1.049895002662,1.0325438249606949,1,0
8344,0.8073217264873941,1.045658257777,1.0325438249606949,1,0
8345,0.8107540976669337,1.046643066633,1.0325438249606949,1,0
8346,0.8313558599721106,1.024851648083,1.0325438249606949,0,0
8347,0.8141866684551604,0.996345622147,1.0325438249606949,0,0
8348,0.8382257422548834,0.978167519076,1.0325438249606949,0,0
8349,0.8210536564119699,0.978414812863,1.0325438249606949,0,0
8350,0.8244871254392888,0.993661168043,1.0325438249606949,0,0
8351,0.8210536564119699,1.017637651427,1.0325438249606949,0,0
8352,0.8347901773363497,1.037056288157,1.0325438249606949,1,0
8353,0.8279217422165586,1.053745543887,1.0325438249606949,1,0
8354,0.8382257422548834,1.048723096495,1.0325438249606949,1,0
8355,0.8141866684551604,1.056285574163,1.0325438249606949,1,0
8356,0.8313558599721106,1.057481104152,1.0325438249606949,1,0
8357,0.8073217264873941,1.061637408452,1.0325438249606949,1,0
8358,0.8107540976669337,1.080332712537,1.0325438249606949,1,0
8359,0.81762043689551,1.069941747561,1.0325438249606949,1,0
8360,0.8107540976669337,1.090925210309,1.0325438249606949,1,0
8361,0.8347901773363497,1.082176604082,1.0325438249606949,1,0
8362,0.8210536564119699,1.078252233599,1.0325438249606949,1,0
8363,0.8210536564119699,1.06391885682,1.0325438249606949,1,0
8364,0.8210536564119699,1.034988480715,1.0325438249606949,1,0
8365,0.8313558599721106,1.017752504088,1.0325438249606949,0,0
8366,0.81762043689551,0.996132973145,1.0325438249606949,0,0
8367,0.8347901773363497,0.977249176943,1.0325438249606949,0,0
8368,0.8107540976669337,0.984124190249,1.0325438249606949,0,0
8369,0.8244871254392888,0.998468366507,1.0325438249606949,0,0
8370,0.8038888562861366,1.040981770225,1.0325438249606949,1,0
8371,0.8141866684551604,1.075415473506,1.0325438249606949,1,0
8372,0.8210536564119699,1.096970295745,1.0325438249606949,1,0
8373,0.793593738834389,1.135913316441,1.0325438249606949,1,0
8374,0.7833012162955741,1.247806554669,1.0325438249606949,1,0
8375,0.7798712903224518,1.355547665944,1.0325438249606949,1,0
8376,0.7730113884740355,1.505901371581,1.0325438249606949,1,0
8377,0.7764416138601884,1.559408819476,1.0325438249606949,1,0
8378,0.7764416138601884,1.599111032156,1.0325438249606949,1,0
8379,0.7798712903224518,1.758170692701,1.0325438249606949,1,0
8380,0.7833012162955741,1.748331299769,1.0325438249606949,1,0
8381,0.7695823607400053,1.759045888174,1.0325438249606949,1,0
8382,0.7764416138601884,1.786018719911,1.0325438249606949,1,0
8383,0.7798712903224518,1.832743039213,1.0325438249606949,1,0
8384,0.7764416138601884,1.906528991139,1.0325438249606949,1,0
8385,0.7524401163958176,1.901997542852,1.0325438249606949,1,0
8386,0.7455853544710949,1.87340572343,1.0325438249606949,1,0
8387,0.7421582230195923,1.93876894525,1.0325438249606949,1,0
8388,0.5677714408673237,1.730390173115,1.0325438249606949,1,0
8389,0.32288209693716435,1.515125533486,1.0325438249606949,1,0
8390,0.15709435722210174,1.39305025775,1.0325438249606949,1,0
8391,-0.021431591757518603,1.287012639497,1.0325438249606949,1,0
8392,-0.15562042172524987,1.184200083026,1.0325438249606949,1,0
8393,-0.2726489490003797,1.102188347346,1.0325438249606949,1,0
8394,-0.37600218531590673,1.072578741534,1.0325438249606949,1,0
8395,-0.47575158658964967,1.04812101235,1.0325438249606949,1,0
8396,-0.5520466677126162,1.047794746532,1.0325438249606949,1,0
8397,-0.6248790870377712,1.034180999664,1.0325438249606949,1,0
8398,-0.697568636445113,1.035606851551,1.0325438249606949,1,0
8399,-0.7173683710454026,1.017386098118,1.0325438249606949,0,0
8400,-0.7734102066309207,1.002493406941,1.0325438249606949,0,0
8401,-0.8227880063922687,0.984778770792,1.0325438249606949,0,0
8402,-0.8753846958422709,0.980172267477,1.0325438249606949,0,0
8403,-0.8885222409987461,0.986663481141,1.0325438249606949,0,0
8404,-0.9213450950756138,1.00744507858,1.0325438249606949,0,0
8405,-0.9344659729067137,1.02278959226,1.0325438249606949,0,0
8406,-0.9705242841932675,1.055820770527,1.0325438249606949,1,0
8407,-0.8458084770615686,1.097167798388,1.0325438249606949,1,0
8408,-0.555360421429829,1.108748496345,1.0325438249606949,1,0
8409,-0.29267481529210143,1.123600551555,1.0325438249606949,1,0
8410,-0.07180725405914251,1.141731537352,1.0325438249606949,1,0
8411,0.1233469905597067,1.110372226191,1.0325438249606949,1,0
8412,0.20777071129757219,1.100363034118,1.0325438249606949,1,0
8413,0.3194914439732348,1.067949558633,1.0325438249606949,1,0
8414,0.39754799690686377,1.064343734043,1.0325438249606949,1,0
8415,0.5234422438252051,1.050364969784,1.0325438249606949,1,0
8416,0.5575372539673225,1.042798466006,1.0325438249606949,1,0
8417,0.6189821973004123,1.014743340686,1.0325438249606949,0,0
8418,0.6497404488241252,0.992970013659,1.0325438249606949,0,0
8419,0.6497404488241252,0.977428693933,1.0325438249606949,0,0
8420,0.6736801174976575,0.977777776111,1.0325438249606949,0,0
8421,0.6873660875220218,0.99400406906,1.0325438249606949,0,0
8422,0.6976338086814609,1.015616836776,1.0325438249606949,0,0
8423,0.7113284616837152,1.03959021366,1.0325438249606949,1,0
8424,0.7421582230195923,1.037948084347,1.0325438249606949,1,0
8425,0.7250277056857736,1.048442574942,1.0325438249606949,1,0
8426,0.72845299075692,1.041269295075,1.0325438249606949,1,0
8427,0.7558680961842403,1.047252347972,1.0325438249606949,1,0
8428,0.7490123861182537,1.03313557179,1.0325438249606949,1,0
8429,0.7592960260704914,1.027302577158,1.0325438249606949,0,0
8430,0.7490123861182537,1.004708311799,1.0325438249606949,0,0
8431,0.7524401163958176,0.99887530321,1.0325438249606949,0,0
8432,0.7764416138601884,0.987112395663,1.0325438249606949,0,0
8433,0.7592960260704914,0.98730940003,1.0325438249606949,0,0
8434,0.7695823607400053,0.991187682007,1.0325438249606949,0,0
8435,0.7730113884740355,0.999608356087,1.0325438249606949,0,0
8436,0.7695823607400053,1.018747553697,1.0325438249606949,0,0
8437,0.7730113884740355,1.024464347914,1.0325438249606949,0,0
8438,0.7867323399208191,1.043578623511,1.0325438249606949,1,0
8439,0.8038888562861366,1.041143000738,1.0325438249606949,1,0
8440,0.7901629146221747,1.052220179063,1.0325438249606949,1,0
8441,0.8141866684551604,1.042755121435,1.0325438249606949,1,0
8442,0.8038888562861366,1.047503932084,1.0325438249606949,1,0
8443,0.8141866684551604,1.029649930454,1.0325438249606949,0,0
8444,0.8073217264873941,1.010977824398,1.0325438249606949,0,0
8445,0.8107540976669337,0.98621995278,1.0325438249606949,0,0
8446,0.8347901773363497,0.977424750535,1.0325438249606949,0,0
8447,0.8141866684551604,0.986317644217,1.0325438249606949,0,0
8448,0.81762043689551,1.006860465338,1.0325438249606949,0,0
8449,0.8210536564119699,1.030401184095,1.0325438249606949,0,0
8450,0.81762043689551,1.044074884389,1.0325438249606949,1,0
8451,0.8279217422165586,1.052381383217,1.0325438249606949,1,0
8452,0.8107540976669337,1.048764292568,1.0325438249606949,1,0
8453,0.8073217264873941,1.059271650029,1.0325438249606949,1,0
8454,0.8073217264873941,1.055086273323,1.0325438249606949,1,0
8455,0.8141866684551604,1.077257439111,1.0325438249606949,1,0
8456,0.8210536564119699,1.075522891497,1.0325438249606949,1,0
8457,0.8210536564119699,1.091028802626,1.0325438249606949,1,0
8458,0.81762043689551,1.086042605314,1.0325438249606949,1,0
8459,0.8210536564119699,1.078672023546,1.0325438249606949,1,0
8460,0.8313558599721106,1.066011925328,1.0325438249606949,1,0
8461,0.8313558599721106,1.041290770202,1.0325438249606949,1,0
8462,0.81762043689551,1.017843446433,1.0325438249606949,0,0
8463,0.8141866684551604,1.004482609743,1.0325438249606949,0,0
8464,0.8107540976669337,0.979867760312,1.0325438249606949,0,0
8465,0.8038888562861366,0.979880499021,1.0325438249606949,0,0
8466,0.8038888562861366,0.993332701935,1.0325438249606949,0,0
8467,0.81762043689551,1.026794037753,1.0325438249606949,0,0
8468,0.7970257107965544,1.060708702475,1.0325438249606949,1,0
8469,0.7901629146221747,1.098042208594,1.0325438249606949,1,0
8470,0.8004571837370019,1.111575045786,1.0325438249606949,1,0
8471,0.7798712903224518,1.202941692955,1.0325438249606949,1,0
8472,0.7764416138601884,1.2823400595,1.0325438249606949,1,0
8473,0.793593738834389,1.439341998856,1.0325438249606949,1,0
8474,0.7764416138601884,1.509318798782,1.0325438249606949,1,0
8475,0.7798712903224518,1.545733049523,1.0325438249606949,1,0
8476,0.7833012162955741,1.682083394578,1.0325438249606949,1,0
8477,0.7970257107965544,1.76621331006,1.0325438249606949,1,0
8478,0.7695823607400053,1.825046021637,1.0325438249606949,1,0
8479,0.7730113884740355,1.842311125719,1.0325438249606949,1,0
8480,0.7627242054676012,1.830731587067,1.0325438249606949,1,0
8481,0.7524401163958176,1.890636763483,1.0325438249606949,1,0
8482,0.7524401163958176,1.916412262705,1.0325438249606949,1,0
8483,0.7421582230195923,1.926804984494,1.0325438249606949,1,0
8484,0.7627242054676012,1.921280255677,1.0325438249606949,1,0
8485,0.7353052076708819,1.898846975851,1.0325438249606949,1,0
8486,0.6429033023660415,1.824437015743,1.0325438249606949,1,0
8487,0.4145367421706486,1.568981062991,1.0325438249606949,1,0
8488,0.21791392653841404,1.440039768908,1.0325438249606949,1,0
8489,0.06267581236868239,1.31663224643,1.0325438249606949,1,0
8490,-0.09529372368408975,1.223199552523,1.0325438249606949,1,0
8491,-0.2225378867268607,1.132872382898,1.0325438249606949,1,0
8492,-0.33602817536501445,1.095306531541,1.0325438249606949,1,0
8493,-0.432559161020735,1.057119012131,1.0325438249606949,1,0
8494,-0.522210558421271,1.056408212517,1.0325438249606949,1,0
8495,-0.5984108753200227,1.044028938676,1.0325438249606949,1,0
8496,-0.6612415021591672,1.043556403364,1.0325438249606949,1,0
8497,-0.7206672539154243,1.02404646535,1.0325438249606949,0,0
8498,-0.7734102066309207,1.011312283051,1.0325438249606949,0,0
8499,-0.8194982556196833,0.991183862692,1.0325438249606949,0,0
8500,-0.829366709502691,0.985213796559,1.0325438249606949,0,0
8501,-0.872099635873833,0.984422724227,1.0325438249606949,0,0
8502,-0.9213450950756138,1.005498533569,1.0325438249606949,0,0
8503,-0.9344659729067137,1.022293854929,1.0325438249606949,0,0
8504,-0.957416380926831,1.049012535445,1.0325438249606949,1,0
8505,-0.9541385068711299,1.08939652173,1.0325438249606949,1,0
8506,-0.6942678572925637,1.114206992324,1.0325438249606949,1,0
8507,-0.4026276886791135,1.124954522719,1.0325438249606949,1,0
8508,-0.12882026076080458,1.1504592334,1.0325438249606949,1,0
8509,-0.01470972555402393,1.13460443509,1.0325438249606949,1,0
8510,0.19425080322535695,1.119781012443,1.0325438249606949,1,0
8511,0.26189822472025837,1.085102044573,1.0325438249606949,1,0
8512,0.37717059476602066,1.068079756316,1.0325438249606949,1,0
8513,0.43493358120740094,1.05887808281,1.0325438249606949,1,0
8514,0.5473057118824256,1.043107932056,1.0325438249606949,1,0
8515,0.5814212817193174,1.032068432398,1.0325438249606949,0,0
8516,0.6189821973004123,1.004481252129,1.0325438249606949,0,0
8517,0.6429033023660415,0.984388712577,1.0325438249606949,0,0
8518,0.6668384798441136,0.976856698191,1.0325438249606949,0,0
8519,0.6805225036837783,0.983817025816,1.0325438249606949,0,0
8520,0.6942112183275906,1.0132071003,1.0325438249606949,0,0
8521,0.7113284616837152,1.035299115577,1.0325438249606949,1,0
8522,0.7079042245581761,1.048119848244,1.0325438249606949,1,0
8523,0.7353052076708819,1.050926377683,1.0325438249606949,1,0
8524,0.7421582230195923,1.048684788611,1.0325438249606949,1,0
8525,0.7353052076708819,1.048300859543,1.0325438249606949,1,0
8526,0.7558680961842403,1.043282327627,1.0325438249606949,1,0
8527,0.7455853544710949,1.033755468877,1.0325438249606949,1,0
8528,0.7490123861182537,1.020754318464,1.0325438249606949,0,0
8529,0.7695823607400053,1.001730459327,1.0325438249606949,0,0
8530,0.7627242054676012,0.992110285945,1.0325438249606949,0,0
8531,0.7592960260704914,0.986360530296,1.0325438249606949,0,0
8532,0.7661535326146621,0.992011081521,1.0325438249606949,0,0
8533,0.7695823607400053,0.993185684744,1.0325438249606949,0,0
8534,0.7730113884740355,1.014560450597,1.0325438249606949,0,0
8535,0.7764416138601884,1.023644993787,1.0325438249606949,0,0
8536,0.8004571837370019,1.04211206722,1.0325438249606949,1,0
8537,0.7833012162955741,1.045365652965,1.0325438249606949,1,0
8538,0.7867323399208191,1.052894754259,1.0325438249606949,1,0
8539,0.7970257107965544,1.050101355526,1.0325438249606949,1,0
8540,0.8141866684551604,1.051175706522,1.0325438249606949,1,0
8541,0.8004571837370019,1.042003848699,1.0325438249606949,1,0
8542,0.7970257107965544,1.029137431908,1.0325438249606949,0,0
8543,0.8004571837370019,0.997656692553,1.0325438249606949,0,0
8544,0.8244871254392888,0.977351015024,1.0325438249606949,0,0
8545,0.8347901773363497,0.980708946032,1.0325438249606949,0,0
8546,0.8313558599721106,0.998759098959,1.0325438249606949,0,0
8547,0.8141866684551604,1.026325435192,1.0325438249606949,0,0
8548,0.8210536564119699,1.037123800934,1.0325438249606949,1,0
8549,0.8141866684551604,1.057127339955,1.0325438249606949,1,0
8550,0.8107540976669337,1.049208994233,1.0325438249606949,1,0
8551,0.8141866684551604,1.060634612191,1.0325438249606949,1,0
8552,0.8244871254392888,1.056614357144,1.0325438249606949,1,0
8553,0.8141866684551604,1.063633461938,1.0325438249606949,1,0
8554,0.8073217264873941,1.089830551986,1.0325438249606949,1,0
8555,0.8141866684551604,1.08361005399,1.0325438249606949,1,0
8556,0.8279217422165586,1.094442972418,1.0325438249606949,1,0
8557,0.8141866684551604,1.078565375241,1.0325438249606949,1,0
8558,0.8107540976669337,1.074861367279,1.0325438249606949,1,0
8559,0.8073217264873941,1.064483365806,1.0325438249606949,1,0
8560,0.8107540976669337,1.030715689371,1.0325438249606949,0,0
8561,0.8038888562861366,1.015226333937,1.0325438249606949,0,0
8562,0.8107540976669337,0.992350671669,1.0325438249606949,0,0
8563,0.8073217264873941,0.977711290285,1.0325438249606949,0,0
8564,0.8004571837370019,0.985413475293,1.0325438249606949,0,0
8565,0.7970257107965544,1.002609842317,1.0325438249606949,0,0
8566,0.793593738834389,1.047910136863,1.0325438249606949,1,0
8567,0.8038888562861366,1.080557210146,1.0325438249606949,1,0
8568,0.7901629146221747,1.101527571322,1.0325438249606949,1,0
8569,0.793593738834389,1.151449046153,1.0325438249606949,1,0
8570,0.7901629146221747,1.259782308533,1.0325438249606949,1,0
8571,0.7798712903224518,1.350173240651,1.0325438249606949,1,0
8572,0.7833012162955741,1.47272056307,1.0325438249606949,1,0
8573,0.7798712903224518,1.555320242746,1.0325438249606949,1,0
8574,0.7798712903224518,1.642072819038,1.0325438249606949,1,0
8575,0.7901629146221747,1.753511067685,1.0325438249606949,1,0
8576,0.7730113884740355,1.800423421887,1.0325438249606949,1,0
8577,0.7764416138601884,1.820426526542,1.0325438249606949,1,0
8578,0.793593738834389,1.910466337815,1.0325438249606949,1,0
8579,0.7867323399208191,1.947428896143,1.0325438249606949,1,0
8580,0.7764416138601884,1.955422661722,1.0325438249606949,1,0
8581,0.7764416138601884,1.955293325928,1.0325438249606949,1,0
8582,0.7730113884740355,1.994252936765,1.0325438249606949,1,0
8583,0.7421582230195923,1.970324517217,1.0325438249606949,1,0
8584,0.7353052076708819,1.972464282433,1.0325438249606949,1,0
8585,0.5507160263020374,1.813863257422,1.0325438249606949,1,0
8586,0.3296638270334835,1.523711301472,1.0325438249606949,1,0
8587,0.14021669419270458,1.449871846992,1.0325438249606949,1,0
8588,-0.028152091889060732,1.271449847125,1.0325438249606949,1,0
8589,-0.15896903210945268,1.193566381941,1.0325438249606949,1,0
8590,-0.2659716142474294,1.110296480772,1.0325438249606949,1,0
8591,-0.3926452083335829,1.077328315985,1.0325438249606949,1,0
8592,-0.47907172778485063,1.051978523085,1.0325438249606949,1,0
8593,-0.5619867312121318,1.055969368089,1.0325438249606949,1,0
8594,-0.6314928214727848,1.040731435346,1.0325438249606949,1,0
8595,-0.6942678572925637,1.041543918088,1.0325438249606949,1,0
8596,-0.7272642711228907,1.016019602572,1.0325438249606949,0,0
8597,-0.7898767256670024,1.007537590354,1.0325438249606949,0,0
8598,-0.8162082054340671,0.990132241245,1.0325438249606949,0,0
8599,-0.8458084770615686,0.986083195121,1.0325438249606949,0,0
8600,-0.8852381790737439,0.993502772946,1.0325438249606949,0,0
8601,-0.9180642268896057,1.015984270617,1.0325438249606949,0,0
8602,-0.9475822597380097,1.033798313057,1.0325438249606949,1,0
8603,-0.9672478073983763,1.065391850186,1.0325438249606949,1,0
8604,-0.799753263701839,1.097820100343,1.0325438249606949,1,0
8605,-0.528842756659844,1.108544224035,1.0325438249606949,1,0
8606,-0.2659716142474294,1.132812592328,1.0325438249606949,1,0
8607,-0.055022920566521444,1.139988929014,1.0325438249606949,1,0
8608,0.07278105127707638,1.115632456521,1.0325438249606949,1,0
8609,0.265284261733298,1.090913987538,1.0325438249606949,1,0
8610,0.32288209693716435,1.06578355137,1.0325438249606949,1,0
8611,0.40094458822923534,1.063505039585,1.0325438249606949,1,0
