timestep,value,score,threshold,anomaly,evaluation_label
64,0.98,1.057042291898,1.2774112903463197,0,0
65,0.98,1.070851181307,1.2774112903463197,0,0
66,0.98,1.078393443832,1.2774112903463197,0,0
67,0.98,1.084112068446,1.2774112903463197,0,0
68,0.98,1.059828235303,1.2774112903463197,0,0
69,0.98,1.072590960084,1.2774112903463197,0,0
70,0.98,1.054645653171,1.2774112903463197,0,0
71,0.98,1.068322394043,1.2774112903463197,0,0
72,0.98,1.048167167405,1.2774112903463197,0,0
73,0.98,1.055221145171,1.2774112903463197,0,0
74,0.98,1.03928331984,1.2774112903463197,0,0
75,0.98,1.048390849424,1.2774112903463197,0,0
76,0.98,1.030260126107,1.2774112903463197,0,0
77,0.98,1.039757949035,1.2774112903463197,0,0
78,0.98,1.026581309104,1.2774112903463197,0,0
79,1.0,1.11128543107,1.2774112903463197,0,0
80,1.0,1.148791741905,1.2774112903463197,0,0
81,1.0,1.162997543243,1.2774112903463197,0,0
82,1.0,1.155436064193,1.2774112903463197,0,0
83,1.0,1.187298378915,1.2774112903463197,0,0
84,1.0,1.189164312161,1.2774112903463197,0,0
85,1.0,1.185517099188,1.2774112903463197,0,0
86,1.0,1.20412473641,1.2774112903463197,0,0
87,1.0,1.231912597808,1.2774112903463197,0,0
88,1.0,1.232097477109,1.2774112903463197,0,0
89,1.0,1.213839066844,1.2774112903463197,0,0
90,1.0,1.221859522524,1.2774112903463197,0,0
91,1.0,1.215552066639,1.2774112903463197,0,0
92,1.0,1.216350054425,1.2774112903463197,0,0
93,1.0,1.20945756379,1.2774112903463197,0,0
94,1.0,1.194483980773,1.2774112903463197,0,0
95,1.0,1.195630126246,1.2774112903463197,0,0
96,1.0,1.215995185267,1.2774112903463197,0,0
97,1.0,1.215063591826,1.2774112903463197,0,0
98,1.0,1.188589555887,1.2774112903463197,0,0
99,1.0,1.170357862991,1.2774112903463197,0,0
100,1.0,1.161189239317,1.2774112903463197,0,0
101,1.0,1.16254151348,1.2774112903463197,0,0
102,1.0,1.166376399183,1.2774112903463197,0,0
103,1.0,1.141450916242,1.2774112903463197,0,0
104,1.0,1.138401274383,1.2774112903463197,0,0
105,1.0,1.169289272344,1.2774112903463197,0,0
106,1.0,1.169545959935,1.2774112903463197,0,0
107,1.0,1.204295337818,1.2774112903463197,0,0
108,1.0,1.186008231978,1.2774112903463197,0,0
109,1.0,1.165534479932,1.2774112903463197,0,0
110,1.0,1.171014898679,1.2774112903463197,0,0
111,1.0,1.163876364963,1.2774112903463197,0,0
112,1.0,1.165264364309,1.2774112903463197,0,0
113,1.0,1.218274581255,1.2774112903463197,0,0
114,1.0,1.230495745224,1.2774112903463197,0,0
115,1.0,1.237230095509,1.2774112903463197,0,0
116,1.0,1.158086567643,1.2774112903463197,0,0
117,1.0,1.139658926375,1.2774112903463197,0,0
118,1.0,1.146601333007,1.2774112903463197,0,0
119,1.0,1.177191056712,1.2774112903463197,0,0
120,1.0,1.212841802306,1.2774112903463197,0,0
121,1.0,1.087604286925,1.2774112903463197,0,0
122,1.0,1.063115580428,1.2774112903463197,0,0
123,1.0,1.047981438126,1.2774112903463197,0,0
124,1.0,1.029424330793,1.2774112903463197,0,0
125,1.0,0.997547523705,1.2774112903463197,0,0
126,1.0,0.997353366791,1.2774112903463197,0,0
127,1.0,0.996738890077,1.2774112903463197,0,0
128,1.0,1.000497642284,1.2774112903463197,0,0
129,1.0,0.994907503171,1.2774112903463197,0,0
130,1.0,0.99471631392,1.2774112903463197,0,0
131,1.0,0.997942931527,1.2774112903463197,0,0
132,1.0,0.993803752221,1.2774112903463197,0,0
133,1.0,0.996261218554,1.2774112903463197,0,0
134,1.0,0.993698711335,1.2774112903463197,0,0
135,1.0,1.004235243282,1.2774112903463197,0,0
136,1.0,1.005486752951,1.2774112903463197,0,0
137,1.0,1.010487408892,1.2774112903463197,0,0
138,1.0,1.014605058368,1.2774112903463197,0,0
139,1.0,0.99022894392,1.2774112903463197,0,0
140,0.98,1.026238103143,1.2774112903463197,0,0
141,0.98,1.039052228204,1.2774112903463197,0,0
142,0.98,0.996725175283,1.2774112903463197,0,0
143,0.98,1.029884239057,1.2774112903463197,0,0
144,0.98,1.028318771786,1.2774112903463197,0,0
145,0.98,1.018071815546,1.2774112903463197,0,0
146,0.98,1.011373742258,1.2774112903463197,0,0
147,0.98,1.000135858093,1.2774112903463197,0,0
148,0.98,1.002090386233,1.2774112903463197,0,0
149,0.98,0.997281469341,1.2774112903463197,0,0
150,0.98,0.999689713595,1.2774112903463197,0,0
151,0.98,1.005586141273,1.2774112903463197,0,0
152,0.98,1.000869661789,1.2774112903463197,0,0
153,0.98,1.000554887149,1.2774112903463197,0,0
154,0.98,1.000918964546,1.2774112903463197,0,0
155,0.98,0.999264423957,1.2774112903463197,0,0
156,0.98,1.0004665977,1.2774112903463197,0,0
157,0.98,1.000164313863,1.2774112903463197,0,0
158,0.98,1.002199731829,1.2774112903463197,0,0
159,0.98,0.997570061483,1.2774112903463197,0,0
160,0.98,1.003994708955,1.2774112903463197,0,0
161,0.98,1.010788113287,1.2774112903463197,0,0
162,0.98,1.01504869831,1.2774112903463197,0,0
163,0.98,1.010699518673,1.2774112903463197,0,0
164,1.0,1.04544635325,1.2774112903463197,0,0
165,1.0,1.072132860108,1.2774112903463197,0,0
166,1.0,1.092731105828,1.2774112903463197,0,0
167,1.0,1.079432271202,1.2774112903463197,0,0
168,1.0,1.108457849904,1.2774112903463197,0,0
169,1.0,1.084435911548,1.2774112903463197,0,0
170,1.0,1.098163748692,1.2774112903463197,0,0
171,1.0,1.061279522718,1.2774112903463197,0,0
172,1.0,1.092641277375,1.2774112903463197,0,0
173,1.0,1.071653134102,1.2774112903463197,0,0
174,1.0,1.098244029511,1.2774112903463197,0,0
175,1.0,1.082096117929,1.2774112903463197,0,0
176,1.0,1.090237952715,1.2774112903463197,0,0
177,1.0,1.073080934018,1.2774112903463197,0,0
178,1.0,1.082579232601,1.2774112903463197,0,0
179,1.0,1.05554723201,1.2774112903463197,0,0
180,1.0,1.074578972085,1.2774112903463197,0,0
181,1.0,1.053343992992,1.2774112903463197,0,0
182,1.0,1.069947581672,1.2774112903463197,0,0
183,1.0,1.061713976041,1.2774112903463197,0,0
184,1.0,1.056487455249,1.2774112903463197,0,0
185,1.0,1.0545804924,1.2774112903463197,0,0
186,1.0,1.055868690422,1.2774112903463197,0,0
187,1.0,1.039796887376,1.2774112903463197,0,0
188,1.0,1.079555169288,1.2774112903463197,0,0
189,1.0,1.067413142796,1.2774112903463197,0,0
190,1.0,1.073989941037,1.2774112903463197,0,0
191,1.0,1.079004811994,1.2774112903463197,0,0
192,1.0,1.111853866053,1.2774112903463197,0,0
193,1.0,1.076464258402,1.2774112903463197,0,0
194,1.0,1.137093377089,1.2774112903463197,0,0
195,1.0,1.109346822174,1.2774112903463197,0,0
196,1.0,1.114352789019,1.2774112903463197,0,0
197,1.0,1.071394631029,1.2774112903463197,0,0
198,1.0,1.111245067559,1.2774112903463197,0,0
199,1.0,1.09923382532,1.2774112903463197,0,0
200,1.0,1.122543216613,1.2774112903463197,0,0
201,1.0,1.07228306933,1.2774112903463197,0,0
202,1.0,1.050937618142,1.2774112903463197,0,0
203,1.0,1.012673432423,1.2774112903463197,0,0
204,1.0,1.02856856297,1.2774112903463197,0,0
205,1.0,1.015271759247,1.2774112903463197,0,0
206,1.0,1.011778924644,1.2774112903463197,0,0
207,1.0,1.002909387826,1.2774112903463197,0,0
208,1.0,1.002594914923,1.2774112903463197,0,0
209,1.0,1.000751721577,1.2774112903463197,0,0
210,1.0,0.997547523705,1.2774112903463197,0,0
211,1.0,0.997353366791,1.2774112903463197,0,0
212,1.0,0.996738890077,1.2774112903463197,0,0
213,1.0,1.000497642284,1.2774112903463197,0,0
214,1.0,0.994907503171,1.2774112903463197,0,0
215,1.0,0.99471631392,1.2774112903463197,0,0
216,1.0,0.997942931527,1.2774112903463197,0,0
217,1.0,0.993803752221,1.2774112903463197,0,0
218,1.0,0.996261218554,1.2774112903463197,0,0
219,1.0,0.993698711335,1.2774112903463197,0,0
220,0.98,1.030943011314,1.2774112903463197,0,0
221,0.98,1.125663148403,1.2774112903463197,0,0
222,1.0,1.108754326386,1.2774112903463197,0,0
223,1.0,1.16780254007,1.2774112903463197,0,0
224,0.98,1.164934442133,1.2774112903463197,0,0
225,0.98,1.184150568948,1.2774112903463197,0,0
226,0.98,1.092276911298,1.2774112903463197,0,0
227,0.98,1.070851181307,1.2774112903463197,0,0
228,0.98,1.078393443832,1.2774112903463197,0,0
229,0.98,1.084112068446,1.2774112903463197,0,0
230,0.98,1.059828235303,1.2774112903463197,0,0
231,0.98,1.072590960084,1.2774112903463197,0,0
232,0.98,1.054645653171,1.2774112903463197,0,0
233,0.98,1.068322394043,1.2774112903463197,0,0
234,0.98,1.048167167405,1.2774112903463197,0,0
235,0.98,1.055221145171,1.2774112903463197,0,0
236,0.98,1.03928331984,1.2774112903463197,0,0
237,0.98,1.048390849424,1.2774112903463197,0,0
238,1.0,1.093832205116,1.2774112903463197,0,0
239,1.0,1.178203748645,1.2774112903463197,0,0
240,0.98,1.156478529897,1.2774112903463197,0,0
241,0.98,1.18012641765,1.2774112903463197,0,0
242,1.0,1.232916170438,1.2774112903463197,0,0
243,1.0,1.171486183285,1.2774112903463197,0,0
244,1.0,1.230509866586,1.2774112903463197,0,0
245,1.0,1.186103494757,1.2774112903463197,0,0
246,1.0,1.262925416073,1.2774112903463197,0,0
247,1.0,1.271144714688,1.2774112903463197,0,0
248,1.0,1.286394987162,1.2774112903463197,1,0
249,1.0,1.268862577537,1.2774112903463197,0,0
250,1.0,1.283914529156,1.2774112903463197,1,0
251,1.0,1.259445517516,1.2774112903463197,0,0
252,1.0,1.292244081517,1.2774112903463197,1,0
253,1.0,1.270533761907,1.2774112903463197,0,0
254,1.0,1.291125546445,1.2774112903463197,1,0
255,1.0,1.242148029352,1.2774112903463197,0,0
256,1.0,1.29252871673,1.2774112903463197,1,0
257,1.0,1.249293711684,1.2774112903463197,0,0
258,1.0,1.299901845647,1.2774112903463197,1,0
259,1.0,1.262637761512,1.2774112903463197,0,0
260,1.0,1.302696564178,1.2774112903463197,1,0
261,1.0,1.279074804232,1.2774112903463197,1,0
262,1.0,1.277229544773,1.2774112903463197,0,0
263,1.0,1.264402390033,1.2774112903463197,0,0
264,1.0,1.298742576448,1.2774112903463197,1,0
265,1.0,1.286634765985,1.2774112903463197,1,0
266,1.0,1.330379256964,1.2774112903463197,1,0
267,1.0,1.271265057595,1.2774112903463197,0,0
268,1.0,1.312608119364,1.2774112903463197,1,0
269,1.0,1.275107437865,1.2774112903463197,0,0
270,1.0,1.322801256366,1.2774112903463197,1,0
271,1.0,1.283401823016,1.2774112903463197,1,0
272,1.0,1.31878886079,1.2774112903463197,1,0
273,1.0,1.305691400012,1.2774112903463197,1,0
274,1.0,1.308049622132,1.2774112903463197,1,0
275,1.0,1.288958763034,1.2774112903463197,1,0
276,1.0,1.342169501269,1.2774112903463197,1,0
277,1.0,1.288120958834,1.2774112903463197,1,0
278,1.0,1.305939087124,1.2774112903463197,1,0
279,1.0,1.21623208221,1.2774112903463197,0,0
280,1.0,1.258633652376,1.2774112903463197,0,0
281,1.0,1.221819896287,1.2774112903463197,0,0
282,1.0,1.297205016926,1.2774112903463197,1,0
283,1.0,1.174409298386,1.2774112903463197,0,0
284,1.0,1.200561237711,1.2774112903463197,0,0
285,1.0,1.160688643176,1.2774112903463197,0,0
286,1.0,1.110194946885,1.2774112903463197,0,0
287,1.0,1.03897093273,1.2774112903463197,0,0
288,1.0,1.036982828459,1.2774112903463197,0,0
289,1.0,1.027141186316,1.2774112903463197,0,0
290,1.0,1.04779953889,1.2774112903463197,0,0
291,1.0,1.044643854523,1.2774112903463197,0,0
292,1.0,1.048831493822,1.2774112903463197,0,0
293,1.0,1.04228387887,1.2774112903463197,0,0
294,1.0,1.055346723531,1.2774112903463197,0,0
295,1.0,1.074964135363,1.2774112903463197,0,0
296,1.0,1.073136394051,1.2774112903463197,0,0
297,1.0,1.052173580252,1.2774112903463197,0,0
298,1.0,1.053039600818,1.2774112903463197,0,0
299,1.0,1.058361798893,1.2774112903463197,0,0
300,1.0,1.067165429558,1.2774112903463197,0,0
301,1.0,1.021671483323,1.2774112903463197,0,0
302,1.0,0.997237358439,1.2774112903463197,0,0
303,1.0,0.987442304198,1.2774112903463197,0,0
304,1.0,0.983218631057,1.2774112903463197,0,0
305,1.0,0.989908062803,1.2774112903463197,0,0
306,1.0,0.989908062803,1.2774112903463197,0,0
307,0.98,0.991272636416,1.2774112903463197,0,0
308,0.98,1.003988102963,1.2774112903463197,0,0
309,0.98,0.996725175283,1.2774112903463197,0,0
310,1.0,1.031353332322,1.2774112903463197,0,0
311,0.98,1.011864296613,1.2774112903463197,0,0
312,0.98,1.025468449896,1.2774112903463197,0,0
313,0.98,1.00585458911,1.2774112903463197,0,0
314,0.98,1.024144985572,1.2774112903463197,0,0
315,0.98,1.025319005013,1.2774112903463197,0,0
316,0.98,1.040283328682,1.2774112903463197,0,0
317,0.98,1.024726966737,1.2774112903463197,0,0
318,0.98,1.033086527186,1.2774112903463197,0,0
319,0.98,1.0077948262,1.2774112903463197,0,0
320,0.98,1.036283763671,1.2774112903463197,0,0
321,0.98,1.011525226054,1.2774112903463197,0,0
322,0.98,1.017738133683,1.2774112903463197,0,0
323,0.98,1.022403978113,1.2774112903463197,0,0
324,0.98,1.018254067096,1.2774112903463197,0,0
325,0.98,1.015264312927,1.2774112903463197,0,0
326,0.98,1.016460335771,1.2774112903463197,0,0
327,0.98,1.00693225641,1.2774112903463197,0,0
328,0.98,1.020312647645,1.2774112903463197,0,0
329,0.98,1.025322131773,1.2774112903463197,0,0
330,0.98,1.023046014127,1.2774112903463197,0,0
331,1.0,1.063571191405,1.2774112903463197,0,0
332,0.98,1.036468249629,1.2774112903463197,0,0
333,0.98,1.071685605096,1.2774112903463197,0,0
334,1.0,1.072076338551,1.2774112903463197,0,0
335,1.0,1.14013626529,1.2774112903463197,0,0
336,1.0,1.117141849311,1.2774112903463197,0,0
337,1.0,1.144370390454,1.2774112903463197,0,0
338,1.0,1.111928272067,1.2774112903463197,0,0
339,1.0,1.146722691897,1.2774112903463197,0,0
340,1.0,1.135249081392,1.2774112903463197,0,0
341,1.0,1.164455036679,1.2774112903463197,0,0
342,1.0,1.116182001141,1.2774112903463197,0,0
343,1.0,1.113592605009,1.2774112903463197,0,0
344,1.0,1.063948306525,1.2774112903463197,0,0
345,1.0,1.12422091728,1.2774112903463197,0,0
346,1.0,1.075998832999,1.2774112903463197,0,0
347,1.0,1.104514498697,1.2774112903463197,0,0
348,1.0,1.069615046253,1.2774112903463197,0,0
349,1.0,1.100314662549,1.2774112903463197,0,0
350,1.0,1.072654398268,1.2774112903463197,0,0
351,1.0,1.094759777047,1.2774112903463197,0,0
352,1.0,1.070067857499,1.2774112903463197,0,0
353,1.0,1.095735438985,1.2774112903463197,0,0
354,1.0,1.066639314551,1.2774112903463197,0,0
355,1.0,1.086648290085,1.2774112903463197,0,0
356,1.0,1.064536456273,1.2774112903463197,0,0
357,1.0,1.09250324351,1.2774112903463197,0,0
358,1.0,1.066926537814,1.2774112903463197,0,0
359,1.0,1.113725276614,1.2774112903463197,0,0
360,1.0,1.08780123785,1.2774112903463197,0,0
361,1.0,1.11965003626,1.2774112903463197,0,0
362,1.0,1.1137918576,1.2774112903463197,0,0
363,1.0,1.16555771318,1.2774112903463197,0,0
364,1.0,1.124806798462,1.2774112903463197,0,0
365,1.0,1.165760452287,1.2774112903463197,0,0
366,1.0,1.118840892701,1.2774112903463197,0,0
367,1.0,1.110002136594,1.2774112903463197,0,0
368,1.0,1.102990653959,1.2774112903463197,0,0
369,1.0,1.133484505515,1.2774112903463197,0,0
370,1.0,1.063469422236,1.2774112903463197,0,0
371,1.0,1.074698151359,1.2774112903463197,0,0
372,1.0,1.044541992341,1.2774112903463197,0,0
373,1.0,1.047061676013,1.2774112903463197,0,0
374,1.0,1.02438798814,1.2774112903463197,0,0
375,1.0,1.017030480576,1.2774112903463197,0,0
376,1.0,1.007210028847,1.2774112903463197,0,0
377,1.0,0.999751474049,1.2774112903463197,0,0
378,1.0,1.00285815045,1.2774112903463197,0,0
379,1.0,1.000466333065,1.2774112903463197,0,0
380,1.0,0.99495122089,1.2774112903463197,0,0
381,1.0,0.997483941003,1.2774112903463197,0,0
382,1.0,0.999212508472,1.2774112903463197,0,0
383,1.0,1.000822788922,1.2774112903463197,0,0
384,1.0,1.005690339761,1.2774112903463197,0,0
385,1.0,0.999435071367,1.2774112903463197,0,0
386,1.0,0.997193400656,1.2774112903463197,0,0
387,1.0,0.99896916175,1.2774112903463197,0,0
388,1.0,1.001951455945,1.2774112903463197,0,0
389,1.0,1.007528761792,1.2774112903463197,0,0
390,1.0,0.9947877542,1.2774112903463197,0,0
391,1.0,0.989325373143,1.2774112903463197,0,0
392,1.0,1.012882935658,1.2774112903463197,0,0
393,1.0,0.98469621664,1.2774112903463197,0,0
394,1.0,0.997237358439,1.2774112903463197,0,0
395,1.0,0.987442304198,1.2774112903463197,0,0
396,1.0,0.983218631057,1.2774112903463197,0,0
397,1.0,0.989908062803,1.2774112903463197,0,0
398,1.0,0.989908062803,1.2774112903463197,0,0
399,0.98,0.991272636416,1.2774112903463197,0,0
400,0.98,1.003988102963,1.2774112903463197,0,0
401,0.98,0.996725175283,1.2774112903463197,0,0
402,1.0,1.031353332322,1.2774112903463197,0,0
403,0.98,1.011864296613,1.2774112903463197,0,0
404,0.98,1.025468449896,1.2774112903463197,0,0
405,0.98,1.00585458911,1.2774112903463197,0,0
406,0.98,1.024144985572,1.2774112903463197,0,0
407,0.98,1.025319005013,1.2774112903463197,0,0
408,0.98,1.040283328682,1.2774112903463197,0,0
409,0.98,1.024726966737,1.2774112903463197,0,0
410,0.98,1.033086527186,1.2774112903463197,0,0
411,0.98,1.0077948262,1.2774112903463197,0,0
412,0.98,1.036283763671,1.2774112903463197,0,0
413,0.98,1.011525226054,1.2774112903463197,0,0
414,0.98,1.017738133683,1.2774112903463197,0,0
415,0.98,1.022403978113,1.2774112903463197,0,0
416,0.98,1.018254067096,1.2774112903463197,0,0
417,0.98,1.015264312927,1.2774112903463197,0,0
418,0.98,1.016460335771,1.2774112903463197,0,0
419,0.98,1.00693225641,1.2774112903463197,0,0
420,0.98,1.020312647645,1.2774112903463197,0,0
421,0.98,1.025322131773,1.2774112903463197,0,0
422,1.0,1.063135599296,1.2774112903463197,0,0
423,0.98,1.023394936717,1.2774112903463197,0,0
424,0.98,1.074042099273,1.2774112903463197,0,0
425,0.98,1.079362173523,1.2774112903463197,0,0
426,1.0,1.108473774153,1.2774112903463197,0,0
427,1.0,1.141340296218,1.2774112903463197,0,0
428,1.0,1.112647629443,1.2774112903463197,0,0
429,1.0,1.1565959379,1.2774112903463197,0,0
430,1.0,1.155854150321,1.2774112903463197,0,0
431,1.0,1.171158702642,1.2774112903463197,0,0
432,1.0,1.172959858025,1.2774112903463197,0,0
433,1.0,1.153326719451,1.2774112903463197,0,0
434,1.0,1.158942336278,1.2774112903463197,0,0
435,1.0,1.110687071134,1.2774112903463197,0,0
436,1.0,1.122737865574,1.2774112903463197,0,0
437,1.0,1.110454405543,1.2774112903463197,0,0
438,1.0,1.11732540491,1.2774112903463197,0,0
439,1.0,1.111611583986,1.2774112903463197,0,0
440,1.0,1.118497901553,1.2774112903463197,0,0
441,1.0,1.100425652354,1.2774112903463197,0,0
442,1.0,1.100762779275,1.2774112903463197,0,0
443,1.0,1.090196973848,1.2774112903463197,0,0
444,1.0,1.10333013608,1.2774112903463197,0,0
445,1.0,1.100695482963,1.2774112903463197,0,0
446,1.0,1.100249641636,1.2774112903463197,0,0
447,1.0,1.078671651458,1.2774112903463197,0,0
448,1.0,1.110516009689,1.2774112903463197,0,0
449,1.0,1.124331908253,1.2774112903463197,0,0
450,1.0,1.150065968377,1.2774112903463197,0,0
451,1.0,1.139585377854,1.2774112903463197,0,0
452,1.0,1.135252400552,1.2774112903463197,0,0
453,1.0,1.142741771403,1.2774112903463197,0,0
454,1.0,1.181721190713,1.2774112903463197,0,0
455,1.0,1.191490420174,1.2774112903463197,0,0
456,1.0,1.175350095484,1.2774112903463197,0,0
457,1.0,1.171646016416,1.2774112903463197,0,0
458,1.0,1.172378223096,1.2774112903463197,0,0
459,1.0,1.11959003809,1.2774112903463197,0,0
460,1.0,1.138875074695,1.2774112903463197,0,0
461,1.0,1.154550240798,1.2774112903463197,0,0
462,1.0,1.101579553453,1.2774112903463197,0,0
463,1.0,1.085753040852,1.2774112903463197,0,0
464,1.0,1.044574089645,1.2774112903463197,0,0
465,1.0,1.071311977108,1.2774112903463197,0,0
466,1.0,1.039271568634,1.2774112903463197,0,0
467,1.0,1.037118505855,1.2774112903463197,0,0
468,1.0,1.02260868286,1.2774112903463197,0,0
469,1.0,1.015760965398,1.2774112903463197,0,0
470,1.0,1.01664387358,1.2774112903463197,0,0
471,1.0,1.009793270698,1.2774112903463197,0,0
472,1.0,1.019412236169,1.2774112903463197,0,0
473,1.0,1.007908116614,1.2774112903463197,0,0
474,1.0,1.031307499866,1.2774112903463197,0,0
475,1.0,1.011145546661,1.2774112903463197,0,0
476,1.0,1.020090544484,1.2774112903463197,0,0
477,1.0,1.009782628406,1.2774112903463197,0,0
478,1.0,1.026224603454,1.2774112903463197,0,0
479,1.0,1.036754561004,1.2774112903463197,0,0
480,1.0,1.022975785747,1.2774112903463197,0,0
481,1.0,1.002306823616,1.2774112903463197,0,0
482,1.0,1.013911001965,1.2774112903463197,0,0
483,1.0,1.021470323747,1.2774112903463197,0,0
484,1.0,1.030948223469,1.2774112903463197,0,0
485,1.0,1.034163675146,1.2774112903463197,0,0
486,1.0,0.99022894392,1.2774112903463197,0,0
487,1.0,0.987442304198,1.2774112903463197,0,0
488,1.0,0.983218631057,1.2774112903463197,0,0
489,1.0,0.989908062803,1.2774112903463197,0,0
490,1.0,0.989908062803,1.2774112903463197,0,0
491,1.0,0.989908062803,1.2774112903463197,0,0
492,0.98,0.991272636416,1.2774112903463197,0,0
493,0.98,1.003988102963,1.2774112903463197,0,0
494,0.98,0.996725175283,1.2774112903463197,0,0
495,1.0,1.031353332322,1.2774112903463197,0,0
496,0.98,1.011864296613,1.2774112903463197,0,0
497,0.98,1.025468449896,1.2774112903463197,0,0
498,0.98,1.00585458911,1.2774112903463197,0,0
499,0.98,1.024144985572,1.2774112903463197,0,0
500,0.98,1.025319005013,1.2774112903463197,0,0
501,0.98,1.040283328682,1.2774112903463197,0,0
502,0.98,1.024726966737,1.2774112903463197,0,0
503,0.98,1.033086527186,1.2774112903463197,0,0
504,0.98,1.0077948262,1.2774112903463197,0,0
505,0.98,1.036283763671,1.2774112903463197,0,0
506,0.98,1.011525226054,1.2774112903463197,0,0
507,0.98,1.017738133683,1.2774112903463197,0,0
508,0.98,1.022403978113,1.2774112903463197,0,0
509,0.98,1.018254067096,1.2774112903463197,0,0
510,0.98,1.015264312927,1.2774112903463197,0,0
511,0.98,1.016460335771,1.2774112903463197,0,0
512,0.98,1.00693225641,1.2774112903463197,0,0
513,0.98,1.020312647645,1.2774112903463197,0,0
514,0.98,1.025322131773,1.2774112903463197,0,0
515,0.98,1.023046014127,1.2774112903463197,0,0
516,1.0,1.063571191405,1.2774112903463197,0,0
517,0.98,1.036468249629,1.2774112903463197,0,0
518,0.98,1.071685605096,1.2774112903463197,0,0
519,1.0,1.072076338551,1.2774112903463197,0,0
520,1.0,1.14013626529,1.2774112903463197,0,0
521,1.0,1.117141849311,1.2774112903463197,0,0
522,1.0,1.144370390454,1.2774112903463197,0,0
523,1.0,1.111928272067,1.2774112903463197,0,0
524,1.0,1.146722691897,1.2774112903463197,0,0
525,1.0,1.135249081392,1.2774112903463197,0,0
526,1.0,1.164455036679,1.2774112903463197,0,0
527,1.0,1.116182001141,1.2774112903463197,0,0
528,1.0,1.113592605009,1.2774112903463197,0,0
529,1.0,1.063948306525,1.2774112903463197,0,0
530,1.0,1.12422091728,1.2774112903463197,0,0
531,1.0,1.075998832999,1.2774112903463197,0,0
532,1.0,1.104514498697,1.2774112903463197,0,0
533,1.0,1.069615046253,1.2774112903463197,0,0
534,1.0,1.100314662549,1.2774112903463197,0,0
535,1.0,1.072654398268,1.2774112903463197,0,0
536,1.0,1.094759777047,1.2774112903463197,0,0
537,1.0,1.070067857499,1.2774112903463197,0,0
538,1.0,1.095735438985,1.2774112903463197,0,0
539,1.0,1.066639314551,1.2774112903463197,0,0
540,1.0,1.086648290085,1.2774112903463197,0,0
541,1.0,1.064536456273,1.2774112903463197,0,0
542,1.0,1.09250324351,1.2774112903463197,0,0
543,1.0,1.066926537814,1.2774112903463197,0,0
544,1.0,1.113725276614,1.2774112903463197,0,0
545,1.0,1.08780123785,1.2774112903463197,0,0
546,1.0,1.11965003626,1.2774112903463197,0,0
547,1.0,1.1137918576,1.2774112903463197,0,0
548,1.0,1.16555771318,1.2774112903463197,0,0
549,1.0,1.124806798462,1.2774112903463197,0,0
550,1.0,1.165760452287,1.2774112903463197,0,0
551,1.0,1.118840892701,1.2774112903463197,0,0
552,1.0,1.110002136594,1.2774112903463197,0,0
553,1.0,1.102990653959,1.2774112903463197,0,0
554,1.0,1.133484505515,1.2774112903463197,0,0
555,1.0,1.063469422236,1.2774112903463197,0,0
556,1.0,1.074698151359,1.2774112903463197,0,0
557,1.0,1.044541992341,1.2774112903463197,0,0
558,1.0,1.047061676013,1.2774112903463197,0,0
559,1.0,1.02438798814,1.2774112903463197,0,0
560,1.0,1.017030480576,1.2774112903463197,0,0
561,1.0,1.007210028847,1.2774112903463197,0,0
562,1.0,0.999751474049,1.2774112903463197,0,0
563,1.0,1.00285815045,1.2774112903463197,0,0
564,1.0,1.000466333065,1.2774112903463197,0,0
565,1.0,0.99495122089,1.2774112903463197,0,0
566,1.0,0.997483941003,1.2774112903463197,0,0
567,1.0,0.999212508472,1.2774112903463197,0,0
568,1.0,1.000822788922,1.2774112903463197,0,0
569,1.0,1.005690339761,1.2774112903463197,0,0
570,1.0,0.999435071367,1.2774112903463197,0,0
571,1.0,0.997193400656,1.2774112903463197,0,0
572,1.0,0.99896916175,1.2774112903463197,0,0
573,1.0,1.001951455945,1.2774112903463197,0,0
574,1.0,1.007528761792,1.2774112903463197,0,0
575,1.0,0.9947877542,1.2774112903463197,0,0
576,1.0,0.989325373143,1.2774112903463197,0,0
577,1.0,1.012882935658,1.2774112903463197,0,0
578,1.0,0.98469621664,1.2774112903463197,0,0
579,1.0,0.997237358439,1.2774112903463197,0,0
580,1.0,0.987442304198,1.2774112903463197,0,0
581,1.0,0.983218631057,1.2774112903463197,0,0
582,1.0,0.989908062803,1.2774112903463197,0,0
583,1.0,0.989908062803,1.2774112903463197,0,0
584,1.0,0.989908062803,1.2774112903463197,0,0
585,0.98,0.991272636416,1.2774112903463197,0,0
586,0.98,1.003988102963,1.2774112903463197,0,0
587,1.0,0.998890345754,1.2774112903463197,0,0
588,1.0,1.024909818277,1.2774112903463197,0,0
589,0.98,1.037905923441,1.2774112903463197,0,0
590,0.98,1.044320876409,1.2774112903463197,0,0
591,0.98,1.057042291898,1.2774112903463197,0,0
592,0.98,1.070851181307,1.2774112903463197,0,0
593,0.98,1.078393443832,1.2774112903463197,0,0
594,0.98,1.084112068446,1.2774112903463197,0,0
595,0.98,1.059828235303,1.2774112903463197,0,0
596,0.98,1.072590960084,1.2774112903463197,0,0
597,0.98,1.054645653171,1.2774112903463197,0,0
598,0.98,1.068322394043,1.2774112903463197,0,0
599,0.98,1.048167167405,1.2774112903463197,0,0
600,0.98,1.055221145171,1.2774112903463197,0,0
601,0.98,1.03928331984,1.2774112903463197,0,0
602,0.98,1.048390849424,1.2774112903463197,0,0
603,0.98,1.030260126107,1.2774112903463197,0,0
604,0.98,1.039757949035,1.2774112903463197,0,0
605,0.98,1.026581309104,1.2774112903463197,0,0
606,0.98,1.043442532084,1.2774112903463197,0,0
607,0.98,1.044242626312,1.2774112903463197,0,0
608,0.98,1.042576610083,1.2774112903463197,0,0
609,0.98,1.055265236346,1.2774112903463197,0,0
610,1.0,1.082934517578,1.2774112903463197,0,0
611,1.0,1.154491396858,1.2774112903463197,0,0
612,1.0,1.214521450135,1.2774112903463197,0,0
613,1.0,1.194288181367,1.2774112903463197,0,0
614,1.0,1.222060714817,1.2774112903463197,0,0
615,1.0,1.164480928194,1.2774112903463197,0,0
616,1.0,1.230521932001,1.2774112903463197,0,0
617,1.0,1.22120601362,1.2774112903463197,0,0
618,1.0,1.238253775895,1.2774112903463197,0,0
619,1.0,1.187932688558,1.2774112903463197,0,0
620,1.0,1.17387597134,1.2774112903463197,0,0
621,1.0,1.185302198919,1.2774112903463197,0,0
622,1.0,1.194384740718,1.2774112903463197,0,0
623,1.0,1.210171567822,1.2774112903463197,0,0
624,1.0,1.168461909468,1.2774112903463197,0,0
625,1.0,1.175412883215,1.2774112903463197,0,0
626,1.0,1.176707677288,1.2774112903463197,0,0
627,1.0,1.151270355818,1.2774112903463197,0,0
628,1.0,1.172825833393,1.2774112903463197,0,0
629,1.0,1.145188426572,1.2774112903463197,0,0
630,1.0,1.166369289565,1.2774112903463197,0,0
631,1.0,1.140838394428,1.2774112903463197,0,0
632,1.0,1.165981466232,1.2774112903463197,0,0
633,1.0,1.133142596247,1.2774112903463197,0,0
634,1.0,1.121607482618,1.2774112903463197,0,0
635,1.0,1.143314613151,1.2774112903463197,0,0
636,1.0,1.135059111366,1.2774112903463197,0,0
637,1.0,1.183296103372,1.2774112903463197,0,0
638,1.0,1.165814074626,1.2774112903463197,0,0
639,1.0,1.188083521631,1.2774112903463197,0,0
640,1.0,1.216316040104,1.2774112903463197,0,0
641,1.0,1.180437073686,1.2774112903463197,0,0
642,1.0,1.19148643926,1.2774112903463197,0,0
643,1.0,1.176988959475,1.2774112903463197,0,0
644,1.0,1.165626042101,1.2774112903463197,0,0
645,1.0,1.208974401991,1.2774112903463197,0,0
646,1.0,1.199403024184,1.2774112903463197,0,0
647,1.0,1.175709883218,1.2774112903463197,0,0
648,1.0,1.129470178455,1.2774112903463197,0,0
649,1.0,1.098517147772,1.2774112903463197,0,0
650,1.0,1.122026386635,1.2774112903463197,0,0
651,1.0,1.074378912898,1.2774112903463197,0,0
652,1.0,1.011778924644,1.2774112903463197,0,0
653,1.0,1.002909387826,1.2774112903463197,0,0
654,1.0,1.002594914923,1.2774112903463197,0,0
655,1.0,1.000751721577,1.2774112903463197,0,0
656,1.0,0.997547523705,1.2774112903463197,0,0
657,1.0,0.997353366791,1.2774112903463197,0,0
658,1.0,0.996738890077,1.2774112903463197,0,0
659,1.0,1.000497642284,1.2774112903463197,0,0
660,1.0,0.994907503171,1.2774112903463197,0,0
661,1.0,0.99471631392,1.2774112903463197,0,0
662,1.0,0.997942931527,1.2774112903463197,0,0
663,1.0,0.993803752221,1.2774112903463197,0,0
664,1.0,0.996261218554,1.2774112903463197,0,0
665,1.0,0.993698711335,1.2774112903463197,0,0
666,1.0,1.004235243282,1.2774112903463197,0,0
667,1.0,1.005486752951,1.2774112903463197,0,0
668,1.0,1.010487408892,1.2774112903463197,0,0
669,1.0,1.014605058368,1.2774112903463197,0,0
670,1.0,0.99022894392,1.2774112903463197,0,0
671,1.0,0.987442304198,1.2774112903463197,0,0
672,1.0,0.983218631057,1.2774112903463197,0,0
673,0.98,0.991272636416,1.2774112903463197,0,0
674,0.98,1.003988102963,1.2774112903463197,0,0
675,0.98,0.996725175283,1.2774112903463197,0,0
676,1.0,1.031353332322,1.2774112903463197,0,0
677,0.98,1.011864296613,1.2774112903463197,0,0
678,0.98,1.025468449896,1.2774112903463197,0,0
679,0.98,1.00585458911,1.2774112903463197,0,0
680,0.98,1.024144985572,1.2774112903463197,0,0
681,0.98,1.025319005013,1.2774112903463197,0,0
682,0.98,1.040283328682,1.2774112903463197,0,0
683,0.98,1.024726966737,1.2774112903463197,0,0
684,0.98,1.033086527186,1.2774112903463197,0,0
685,0.98,1.0077948262,1.2774112903463197,0,0
686,0.98,1.036283763671,1.2774112903463197,0,0
687,0.98,1.011525226054,1.2774112903463197,0,0
688,0.98,1.017738133683,1.2774112903463197,0,0
689,0.98,1.022403978113,1.2774112903463197,0,0
690,0.98,1.018254067096,1.2774112903463197,0,0
691,0.98,1.015264312927,1.2774112903463197,0,0
692,0.98,1.016460335771,1.2774112903463197,0,0
693,0.98,1.00693225641,1.2774112903463197,0,0
694,0.98,1.020312647645,1.2774112903463197,0,0
695,0.98,1.025322131773,1.2774112903463197,0,0
696,0.98,1.023046014127,1.2774112903463197,0,0
697,1.0,1.063571191405,1.2774112903463197,0,0
698,0.98,1.036468249629,1.2774112903463197,0,0
699,0.98,1.071685605096,1.2774112903463197,0,0
700,1.0,1.072076338551,1.2774112903463197,0,0
701,1.0,1.14013626529,1.2774112903463197,0,0
702,1.0,1.117141849311,1.2774112903463197,0,0
703,1.0,1.144370390454,1.2774112903463197,0,0
704,1.0,1.111928272067,1.2774112903463197,0,0
705,1.0,1.146722691897,1.2774112903463197,0,0
706,1.0,1.135249081392,1.2774112903463197,0,0
707,1.0,1.164455036679,1.2774112903463197,0,0
708,1.0,1.116182001141,1.2774112903463197,0,0
709,1.0,1.113592605009,1.2774112903463197,0,0
710,1.0,1.063948306525,1.2774112903463197,0,0
711,1.0,1.12422091728,1.2774112903463197,0,0
712,1.0,1.075998832999,1.2774112903463197,0,0
713,1.0,1.104514498697,1.2774112903463197,0,0
714,1.0,1.069615046253,1.2774112903463197,0,0
715,1.0,1.100314662549,1.2774112903463197,0,0
716,1.0,1.072654398268,1.2774112903463197,0,0
717,1.0,1.094759777047,1.2774112903463197,0,0
718,1.0,1.070067857499,1.2774112903463197,0,0
719,1.0,1.095735438985,1.2774112903463197,0,0
720,1.0,1.066639314551,1.2774112903463197,0,0
721,1.0,1.086648290085,1.2774112903463197,0,0
722,1.0,1.064536456273,1.2774112903463197,0,0
723,1.0,1.09250324351,1.2774112903463197,0,0
724,1.0,1.066926537814,1.2774112903463197,0,0
725,1.0,1.113725276614,1.2774112903463197,0,0
726,1.0,1.08780123785,1.2774112903463197,0,0
727,1.0,1.11965003626,1.2774112903463197,0,0
728,1.0,1.1137918576,1.2774112903463197,0,0
729,1.0,1.16555771318,1.2774112903463197,0,0
730,1.0,1.124806798462,1.2774112903463197,0,0
731,1.0,1.165760452287,1.2774112903463197,0,0
732,1.0,1.118840892701,1.2774112903463197,0,0
733,1.0,1.110002136594,1.2774112903463197,0,0
734,1.0,1.102990653959,1.2774112903463197,0,0
735,1.0,1.133484505515,1.2774112903463197,0,0
736,1.0,1.063469422236,1.2774112903463197,0,0
737,1.0,1.074698151359,1.2774112903463197,0,0
738,1.0,1.044541992341,1.2774112903463197,0,0
739,1.0,1.047061676013,1.2774112903463197,0,0
740,1.0,1.02438798814,1.2774112903463197,0,0
741,1.0,1.017030480576,1.2774112903463197,0,0
742,1.0,1.007210028847,1.2774112903463197,0,0
743,1.0,0.999751474049,1.2774112903463197,0,0
744,1.0,1.00285815045,1.2774112903463197,0,0
745,1.0,1.000466333065,1.2774112903463197,0,0
746,1.0,0.99495122089,1.2774112903463197,0,0
747,1.0,0.997483941003,1.2774112903463197,0,0
748,1.0,0.999212508472,1.2774112903463197,0,0
749,1.0,1.000822788922,1.2774112903463197,0,0
750,1.0,1.005690339761,1.2774112903463197,0,0
751,1.0,0.999435071367,1.2774112903463197,0,0
752,1.0,0.997193400656,1.2774112903463197,0,0
753,1.0,0.99896916175,1.2774112903463197,0,0
754,1.0,1.001951455945,1.2774112903463197,0,0
755,1.0,1.007528761792,1.2774112903463197,0,0
756,1.0,0.9947877542,1.2774112903463197,0,0
757,1.0,0.989325373143,1.2774112903463197,0,0
758,1.0,1.012882935658,1.2774112903463197,0,0
759,1.0,0.98469621664,1.2774112903463197,0,0
760,1.0,0.997237358439,1.2774112903463197,0,0
761,1.0,0.987442304198,1.2774112903463197,0,0
762,1.0,0.983218631057,1.2774112903463197,0,0
763,1.0,0.989908062803,1.2774112903463197,0,0
764,0.98,0.991272636416,1.2774112903463197,0,0
765,0.98,1.003988102963,1.2774112903463197,0,0
766,0.98,0.996725175283,1.2774112903463197,0,0
767,0.98,1.029884239057,1.2774112903463197,0,0
768,0.98,1.028318771786,1.2774112903463197,0,0
769,0.98,1.018071815546,1.2774112903463197,0,0
770,0.98,1.011373742258,1.2774112903463197,0,0
771,0.98,1.000135858093,1.2774112903463197,0,0
772,0.98,1.002090386233,1.2774112903463197,0,0
773,0.98,0.997281469341,1.2774112903463197,0,0
774,0.98,0.999689713595,1.2774112903463197,0,0
775,0.98,1.005586141273,1.2774112903463197,0,0
776,0.98,1.000869661789,1.2774112903463197,0,0
777,0.98,1.000554887149,1.2774112903463197,0,0
778,0.98,1.000918964546,1.2774112903463197,0,0
779,0.98,0.999264423957,1.2774112903463197,0,0
780,0.98,1.0004665977,1.2774112903463197,0,0
781,0.98,1.000164313863,1.2774112903463197,0,0
782,1.0,1.035066258226,1.2774112903463197,0,0
783,0.98,1.018721470261,1.2774112903463197,0,0
784,0.98,1.008872651503,1.2774112903463197,0,0
785,0.98,1.035685172655,1.2774112903463197,0,0
786,1.0,1.052929189384,1.2774112903463197,0,0
787,1.0,1.079861716255,1.2774112903463197,0,0
788,1.0,1.082824021612,1.2774112903463197,0,0
789,1.0,1.109655338183,1.2774112903463197,0,0
790,1.0,1.079194184888,1.2774112903463197,0,0
791,1.0,1.117872000862,1.2774112903463197,0,0
792,1.0,1.107391643071,1.2774112903463197,0,0
793,1.0,1.112950807671,1.2774112903463197,0,0
794,1.0,1.122188692435,1.2774112903463197,0,0
795,1.0,1.073124332631,1.2774112903463197,0,0
796,1.0,1.070209503077,1.2774112903463197,0,0
797,1.0,1.094762660032,1.2774112903463197,0,0
798,1.0,1.093822826074,1.2774112903463197,0,0
799,1.0,1.134999924546,1.2774112903463197,0,0
800,1.0,1.109321982715,1.2774112903463197,0,0
801,1.0,1.105405267586,1.2774112903463197,0,0
802,1.0,1.096680819632,1.2774112903463197,0,0
803,1.0,1.060600990017,1.2774112903463197,0,0
804,1.0,1.082250240223,1.2774112903463197,0,0
805,1.0,1.088539642486,1.2774112903463197,0,0
806,1.0,1.085682008429,1.2774112903463197,0,0
807,1.0,1.112252431244,1.2774112903463197,0,0
808,1.0,1.121089049948,1.2774112903463197,0,0
809,1.0,1.126698392407,1.2774112903463197,0,0
810,1.0,1.123459148345,1.2774112903463197,0,0
811,1.0,1.145352069971,1.2774112903463197,0,0
812,1.0,1.146768957824,1.2774112903463197,0,0
813,1.0,1.144847560097,1.2774112903463197,0,0
814,1.0,1.130932240829,1.2774112903463197,0,0
815,1.0,1.149130380921,1.2774112903463197,0,0
816,1.0,1.142924105522,1.2774112903463197,0,0
817,1.0,1.171360017902,1.2774112903463197,0,0
818,1.0,1.155865034508,1.2774112903463197,0,0
819,1.0,1.152203114557,1.2774112903463197,0,0
820,1.0,1.138685620647,1.2774112903463197,0,0
821,1.0,1.122348873385,1.2774112903463197,0,0
822,1.0,1.112517347861,1.2774112903463197,0,0
823,1.0,1.137237024279,1.2774112903463197,0,0
824,1.0,1.105290245164,1.2774112903463197,0,0
825,1.0,1.126636007039,1.2774112903463197,0,0
826,1.0,1.104490137784,1.2774112903463197,0,0
827,1.0,1.037118505855,1.2774112903463197,0,0
828,1.0,1.02260868286,1.2774112903463197,0,0
829,1.0,1.015760965398,1.2774112903463197,0,0
830,1.0,1.01664387358,1.2774112903463197,0,0
831,1.0,1.009793270698,1.2774112903463197,0,0
832,1.0,1.019412236169,1.2774112903463197,0,0
833,1.0,1.007908116614,1.2774112903463197,0,0
834,1.0,1.031307499866,1.2774112903463197,0,0
835,1.0,1.011145546661,1.2774112903463197,0,0
836,1.0,1.020090544484,1.2774112903463197,0,0
837,1.0,1.009782628406,1.2774112903463197,0,0
838,1.0,1.026224603454,1.2774112903463197,0,0
839,1.0,1.036754561004,1.2774112903463197,0,0
840,1.0,1.022975785747,1.2774112903463197,0,0
841,1.0,1.002306823616,1.2774112903463197,0,0
842,1.0,1.013911001965,1.2774112903463197,0,0
843,0.98,1.0866934651,1.2774112903463197,0,0
844,0.98,1.102825553693,1.2774112903463197,0,0
845,0.98,1.193682034725,1.2774112903463197,0,0
846,1.0,1.17252006788,1.2774112903463197,0,0
847,0.98,1.120887149292,1.2774112903463197,0,0
848,0.98,1.085989734752,1.2774112903463197,0,0
849,0.98,1.00585458911,1.2774112903463197,0,0
850,0.98,1.024144985572,1.2774112903463197,0,0
851,0.98,1.025319005013,1.2774112903463197,0,0
852,0.98,1.040283328682,1.2774112903463197,0,0
853,0.98,1.024726966737,1.2774112903463197,0,0
854,0.98,1.033086527186,1.2774112903463197,0,0
855,0.98,1.0077948262,1.2774112903463197,0,0
856,0.98,1.036283763671,1.2774112903463197,0,0
857,0.98,1.011525226054,1.2774112903463197,0,0
858,0.98,1.017738133683,1.2774112903463197,0,0
859,0.98,1.022403978113,1.2774112903463197,0,0
860,0.98,1.018254067096,1.2774112903463197,0,0
861,0.98,1.015264312927,1.2774112903463197,0,0
862,0.98,1.016460335771,1.2774112903463197,0,0
863,1.0,1.070600209168,1.2774112903463197,0,0
864,0.98,1.101964997299,1.2774112903463197,0,0
865,0.98,1.062571442442,1.2774112903463197,0,0
866,1.0,1.172350326203,1.2774112903463197,0,0
867,1.0,1.092227285486,1.2774112903463197,0,0
868,1.0,1.169896753997,1.2774112903463197,0,0
869,1.0,1.110390940121,1.2774112903463197,0,0
870,1.0,1.180870066116,1.2774112903463197,0,0
871,1.0,1.134433031639,1.2774112903463197,0,0
872,1.0,1.196087510923,1.2774112903463197,0,0
873,1.0,1.143603406434,1.2774112903463197,0,0
874,1.0,1.178433097929,1.2774112903463197,0,0
875,1.0,1.145159837249,1.2774112903463197,0,0
876,1.0,1.191775552703,1.2774112903463197,0,0
877,1.0,1.142326676899,1.2774112903463197,0,0
878,1.0,1.181938663996,1.2774112903463197,0,0
879,1.0,1.13265771376,1.2774112903463197,0,0
880,1.0,1.183315955369,1.2774112903463197,0,0
881,1.0,1.144981160371,1.2774112903463197,0,0
882,1.0,1.185243561366,1.2774112903463197,0,0
883,1.0,1.112984166968,1.2774112903463197,0,0
884,1.0,1.167379540593,1.2774112903463197,0,0
885,1.0,1.084572981324,1.2774112903463197,0,0
886,1.0,1.143887182561,1.2774112903463197,0,0
887,1.0,1.097234649631,1.2774112903463197,0,0
888,1.0,1.138078051451,1.2774112903463197,0,0
889,1.0,1.086558743475,1.2774112903463197,0,0
890,1.0,1.140393755567,1.2774112903463197,0,0
891,1.0,1.122697319004,1.2774112903463197,0,0
892,1.0,1.166314857457,1.2774112903463197,0,0
893,1.0,1.13999278045,1.2774112903463197,0,0
894,1.0,1.159523220553,1.2774112903463197,0,0
895,1.0,1.139552190897,1.2774112903463197,0,0
896,1.0,1.17077752718,1.2774112903463197,0,0
897,1.0,1.136500371639,1.2774112903463197,0,0
898,1.0,1.201509628822,1.2774112903463197,0,0
899,1.0,1.130273914406,1.2774112903463197,0,0
900,1.0,1.187753899051,1.2774112903463197,0,0
901,1.0,1.132011414754,1.2774112903463197,0,0
902,1.0,1.195033727585,1.2774112903463197,0,0
903,1.0,1.10399570037,1.2774112903463197,0,0
904,1.0,1.123550172418,1.2774112903463197,0,0
905,1.0,1.081007929651,1.2774112903463197,0,0
906,1.0,1.069172694302,1.2774112903463197,0,0
907,1.0,1.031301139945,1.2774112903463197,0,0
908,1.0,1.040510632938,1.2774112903463197,0,0
909,1.0,1.042760407742,1.2774112903463197,0,0
910,1.0,1.00285815045,1.2774112903463197,0,0
911,1.0,1.000466333065,1.2774112903463197,0,0
912,1.0,0.99495122089,1.2774112903463197,0,0
913,1.0,0.997483941003,1.2774112903463197,0,0
914,1.0,0.999212508472,1.2774112903463197,0,0
915,1.0,1.000822788922,1.2774112903463197,0,0
916,1.0,1.005690339761,1.2774112903463197,0,0
917,1.0,0.999435071367,1.2774112903463197,0,0
918,1.0,0.997193400656,1.2774112903463197,0,0
919,1.0,0.99896916175,1.2774112903463197,0,0
920,1.0,1.001951455945,1.2774112903463197,0,0
921,1.0,1.007528761792,1.2774112903463197,0,0
922,1.0,0.9947877542,1.2774112903463197,0,0
923,1.0,0.989325373143,1.2774112903463197,0,0
924,1.0,1.012882935658,1.2774112903463197,0,0
925,1.0,0.98469621664,1.2774112903463197,0,0
926,1.0,0.997237358439,1.2774112903463197,0,0
927,1.0,0.987442304198,1.2774112903463197,0,0
928,1.0,0.983218631057,1.2774112903463197,0,0
929,0.98,0.991272636416,1.2774112903463197,0,0
930,0.98,1.003988102963,1.2774112903463197,0,0
931,1.0,0.998890345754,1.2774112903463197,0,0
932,1.0,1.024909818277,1.2774112903463197,0,0
933,0.98,1.037905923441,1.2774112903463197,0,0
934,0.98,1.044320876409,1.2774112903463197,0,0
935,0.98,1.057042291898,1.2774112903463197,0,0
936,0.98,1.070851181307,1.2774112903463197,0,0
937,0.98,1.078393443832,1.2774112903463197,0,0
938,0.98,1.084112068446,1.2774112903463197,0,0
939,0.98,1.059828235303,1.2774112903463197,0,0
940,0.98,1.072590960084,1.2774112903463197,0,0
941,0.98,1.054645653171,1.2774112903463197,0,0
942,0.98,1.068322394043,1.2774112903463197,0,0
943,0.98,1.048167167405,1.2774112903463197,0,0
944,0.98,1.055221145171,1.2774112903463197,0,0
945,0.98,1.03928331984,1.2774112903463197,0,0
946,0.98,1.048390849424,1.2774112903463197,0,0
947,0.98,1.030260126107,1.2774112903463197,0,0
948,0.98,1.039757949035,1.2774112903463197,0,0
949,0.98,1.026581309104,1.2774112903463197,0,0
950,1.0,1.11128543107,1.2774112903463197,0,0
951,1.0,1.148791741905,1.2774112903463197,0,0
952,1.0,1.162997543243,1.2774112903463197,0,0
953,1.0,1.155436064193,1.2774112903463197,0,0
954,1.0,1.187298378915,1.2774112903463197,0,0
955,1.0,1.189164312161,1.2774112903463197,0,0
956,1.0,1.185517099188,1.2774112903463197,0,0
957,1.0,1.20412473641,1.2774112903463197,0,0
958,1.0,1.231912597808,1.2774112903463197,0,0
959,1.0,1.232097477109,1.2774112903463197,0,0
960,1.0,1.213839066844,1.2774112903463197,0,0
961,1.0,1.221859522524,1.2774112903463197,0,0
962,1.0,1.215552066639,1.2774112903463197,0,0
963,1.0,1.216350054425,1.2774112903463197,0,0
964,1.0,1.20945756379,1.2774112903463197,0,0
965,1.0,1.194483980773,1.2774112903463197,0,0
966,1.0,1.195630126246,1.2774112903463197,0,0
967,1.0,1.215995185267,1.2774112903463197,0,0
968,1.0,1.215063591826,1.2774112903463197,0,0
969,1.0,1.188589555887,1.2774112903463197,0,0
970,1.0,1.170357862991,1.2774112903463197,0,0
971,1.0,1.161189239317,1.2774112903463197,0,0
972,1.0,1.16254151348,1.2774112903463197,0,0
973,1.0,1.166376399183,1.2774112903463197,0,0
974,1.0,1.141450916242,1.2774112903463197,0,0
975,1.0,1.138401274383,1.2774112903463197,0,0
976,1.0,1.169289272344,1.2774112903463197,0,0
977,1.0,1.169545959935,1.2774112903463197,0,0
978,1.0,1.204295337818,1.2774112903463197,0,0
979,1.0,1.186008231978,1.2774112903463197,0,0
980,1.0,1.165534479932,1.2774112903463197,0,0
981,1.0,1.171014898679,1.2774112903463197,0,0
982,1.0,1.163876364963,1.2774112903463197,0,0
983,1.0,1.165264364309,1.2774112903463197,0,0
984,1.0,1.218274581255,1.2774112903463197,0,0
985,1.0,1.230495745224,1.2774112903463197,0,0
986,1.0,1.237230095509,1.2774112903463197,0,0
987,1.0,1.158086567643,1.2774112903463197,0,0
988,1.0,1.139658926375,1.2774112903463197,0,0
989,1.0,1.146601333007,1.2774112903463197,0,0
990,1.0,1.177191056712,1.2774112903463197,0,0
991,1.0,1.212841802306,1.2774112903463197,0,0
992,1.0,1.087604286925,1.2774112903463197,0,0
993,1.0,1.063115580428,1.2774112903463197,0,0
994,1.0,1.047981438126,1.2774112903463197,0,0
995,1.0,1.029424330793,1.2774112903463197,0,0
996,1.0,0.997547523705,1.2774112903463197,0,0
997,1.0,0.997353366791,1.2774112903463197,0,0
998,1.0,0.996738890077,1.2774112903463197,0,0
999,1.0,1.000497642284,1.2774112903463197,0,0
1000,1.0,0.994907503171,1.2774112903463197,0,0
1001,1.0,0.99471631392,1.2774112903463197,0,0
1002,1.0,0.997942931527,1.2774112903463197,0,0
1003,1.0,0.993803752221,1.2774112903463197,0,0
1004,1.0,0.996261218554,1.2774112903463197,0,0
1005,1.0,0.993698711335,1.2774112903463197,0,0
1006,1.0,1.004235243282,1.2774112903463197,0,0
1007,1.0,1.005486752951,1.2774112903463197,0,0
1008,1.0,1.010487408892,1.2774112903463197,0,0
1009,1.0,1.014605058368,1.2774112903463197,0,0
1010,1.0,0.99022894392,1.2774112903463197,0,0
1011,1.0,0.987442304198,1.2774112903463197,0,0
1012,1.0,0.983218631057,1.2774112903463197,0,0
1013,0.98,0.991272636416,1.2774112903463197,0,0
1014,0.98,1.003988102963,1.2774112903463197,0,0
1015,0.98,0.996725175283,1.2774112903463197,0,0
1016,1.0,1.031353332322,1.2774112903463197,0,0
1017,0.98,1.011864296613,1.2774112903463197,0,0
1018,0.98,1.025468449896,1.2774112903463197,0,0
1019,0.98,1.00585458911,1.2774112903463197,0,0
1020,0.98,1.024144985572,1.2774112903463197,0,0
1021,0.98,1.025319005013,1.2774112903463197,0,0
1022,0.98,1.040283328682,1.2774112903463197,0,0
1023,0.98,1.024726966737,1.2774112903463197,0,0
1024,0.98,1.033086527186,1.2774112903463197,0,0
1025,0.98,1.0077948262,1.2774112903463197,0,0
1026,0.98,1.036283763671,1.2774112903463197,0,0
1027,0.98,1.011525226054,1.2774112903463197,0,0
1028,0.98,1.017738133683,1.2774112903463197,0,0
1029,0.98,1.022403978113,1.2774112903463197,0,0
1030,0.98,1.018254067096,1.2774112903463197,0,0
1031,0.98,1.015264312927,1.2774112903463197,0,0
1032,0.98,1.016460335771,1.2774112903463197,0,0
1033,0.98,1.00693225641,1.2774112903463197,0,0
1034,0.98,1.020312647645,1.2774112903463197,0,0
1035,1.0,1.080816596684,1.2774112903463197,0,0
1036,0.98,1.028806233354,1.2774112903463197,0,0
1037,0.98,1.051639199525,1.2774112903463197,0,0
1038,1.0,1.108772340193,1.2774112903463197,0,0
1039,1.0,1.120037906464,1.2774112903463197,0,0
1040,1.0,1.189314444624,1.2774112903463197,0,0
1041,1.0,1.150917899177,1.2774112903463197,0,0
1042,1.0,1.18842341634,1.2774112903463197,0,0
1043,1.0,1.128087315966,1.2774112903463197,0,0
1044,1.0,1.178190387564,1.2774112903463197,0,0
1045,1.0,1.168304782282,1.2774112903463197,0,0
1046,1.0,1.17607099167,1.2774112903463197,0,0
1047,1.0,1.150512641584,1.2774112903463197,0,0
1048,1.0,1.151893798879,1.2774112903463197,0,0
1049,1.0,1.127799115225,1.2774112903463197,0,0
1050,1.0,1.168972462483,1.2774112903463197,0,0
1051,1.0,1.123965671104,1.2774112903463197,0,0
1052,1.0,1.138055136405,1.2774112903463197,0,0
1053,1.0,1.109257104498,1.2774112903463197,0,0
1054,1.0,1.121298548847,1.2774112903463197,0,0
1055,1.0,1.102667964149,1.2774112903463197,0,0
1056,1.0,1.120954853186,1.2774112903463197,0,0
1057,1.0,1.084555489804,1.2774112903463197,0,0
1058,1.0,1.114423103516,1.2774112903463197,0,0
1059,1.0,1.082305961658,1.2774112903463197,0,0
1060,1.0,1.095101037063,1.2774112903463197,0,0
1061,1.0,1.091248611028,1.2774112903463197,0,0
1062,1.0,1.125674758189,1.2774112903463197,0,0
1063,1.0,1.099263844211,1.2774112903463197,0,0
1064,1.0,1.135599275531,1.2774112903463197,0,0
1065,1.0,1.117499717053,1.2774112903463197,0,0
1066,1.0,1.159082695645,1.2774112903463197,0,0
1067,1.0,1.146096376596,1.2774112903463197,0,0
1068,1.0,1.188651180141,1.2774112903463197,0,0
1069,1.0,1.145171279186,1.2774112903463197,0,0
1070,1.0,1.194249549961,1.2774112903463197,0,0
1071,1.0,1.154743581193,1.2774112903463197,0,0
1072,1.0,1.161057062996,1.2774112903463197,0,0
1073,1.0,1.119228304742,1.2774112903463197,0,0
1074,1.0,1.186851871853,1.2774112903463197,0,0
1075,1.0,1.103184733264,1.2774112903463197,0,0
1076,1.0,1.080466009892,1.2774112903463197,0,0
1077,1.0,1.034750562465,1.2774112903463197,0,0
1078,1.0,1.044215859207,1.2774112903463197,0,0
1079,1.0,1.058838191254,1.2774112903463197,0,0
1080,1.0,1.007210028847,1.2774112903463197,0,0
1081,1.0,0.999751474049,1.2774112903463197,0,0
1082,1.0,1.00285815045,1.2774112903463197,0,0
1083,1.0,1.000466333065,1.2774112903463197,0,0
1084,1.0,0.99495122089,1.2774112903463197,0,0
1085,1.0,0.997483941003,1.2774112903463197,0,0
1086,1.0,0.999212508472,1.2774112903463197,0,0
1087,1.0,1.000822788922,1.2774112903463197,0,0
1088,1.0,1.005690339761,1.2774112903463197,0,0
1089,1.0,0.999435071367,1.2774112903463197,0,0
1090,1.0,0.997193400656,1.2774112903463197,0,0
1091,1.0,0.99896916175,1.2774112903463197,0,0
1092,1.0,1.001951455945,1.2774112903463197,0,0
1093,1.0,1.007528761792,1.2774112903463197,0,0
1094,1.0,0.9947877542,1.2774112903463197,0,0
1095,1.0,0.989325373143,1.2774112903463197,0,0
1096,1.0,1.012882935658,1.2774112903463197,0,0
1097,1.0,0.98469621664,1.2774112903463197,0,0
1098,1.0,0.997237358439,1.2774112903463197,0,0
1099,1.0,0.987442304198,1.2774112903463197,0,0
1100,0.98,0.986144353273,1.2774112903463197,0,0
1101,0.98,1.003988102963,1.2774112903463197,0,0
1102,0.98,0.996725175283,1.2774112903463197,0,0
1103,0.98,1.029884239057,1.2774112903463197,0,0
1104,0.98,1.028318771786,1.2774112903463197,0,0
1105,0.98,1.018071815546,1.2774112903463197,0,0
1106,0.98,1.011373742258,1.2774112903463197,0,0
1107,0.98,1.000135858093,1.2774112903463197,0,0
1108,0.98,1.002090386233,1.2774112903463197,0,0
1109,0.98,0.997281469341,1.2774112903463197,0,0
1110,0.98,0.999689713595,1.2774112903463197,0,0
1111,0.98,1.005586141273,1.2774112903463197,0,0
1112,0.98,1.000869661789,1.2774112903463197,0,0
1113,0.98,1.000554887149,1.2774112903463197,0,0
1114,0.98,1.000918964546,1.2774112903463197,0,0
1115,0.98,0.999264423957,1.2774112903463197,0,0
1116,0.98,1.0004665977,1.2774112903463197,0,0
1117,0.98,1.000164313863,1.2774112903463197,0,0
1118,0.98,1.002199731829,1.2774112903463197,0,0
1119,0.98,0.997570061483,1.2774112903463197,0,0
1120,0.98,1.003994708955,1.2774112903463197,0,0
1121,0.98,1.010788113287,1.2774112903463197,0,0
1122,1.0,1.049190994904,1.2774112903463197,0,0
1123,0.98,1.007007710323,1.2774112903463197,0,0
1124,0.98,1.047847384773,1.2774112903463197,0,0
1125,0.98,1.051372353804,1.2774112903463197,0,0
1126,1.0,1.095262299783,1.2774112903463197,0,0
1127,1.0,1.111280462979,1.2774112903463197,0,0
1128,1.0,1.118626982756,1.2774112903463197,0,0
1129,1.0,1.121627586886,1.2774112903463197,0,0
1130,1.0,1.132061332338,1.2774112903463197,0,0
1131,1.0,1.119319560806,1.2774112903463197,0,0
1132,1.0,1.139021207867,1.2774112903463197,0,0
1133,1.0,1.123849842802,1.2774112903463197,0,0
1134,1.0,1.148986133507,1.2774112903463197,0,0
1135,1.0,1.100874300335,1.2774112903463197,0,0
1136,1.0,1.077960594593,1.2774112903463197,0,0
1137,1.0,1.071263232182,1.2774112903463197,0,0
1138,1.0,1.076525783467,1.2774112903463197,0,0
1139,1.0,1.082435565357,1.2774112903463197,0,0
1140,1.0,1.097395878617,1.2774112903463197,0,0
1141,1.0,1.09737256848,1.2774112903463197,0,0
1142,1.0,1.086191336095,1.2774112903463197,0,0
1143,1.0,1.075266000176,1.2774112903463197,0,0
1144,1.0,1.091103384106,1.2774112903463197,0,0
1145,1.0,1.103181459972,1.2774112903463197,0,0
1146,1.0,1.089985459489,1.2774112903463197,0,0
1147,1.0,1.089805780538,1.2774112903463197,0,0
1148,1.0,1.127557154996,1.2774112903463197,0,0
1149,1.0,1.098215294971,1.2774112903463197,0,0
1150,1.0,1.154150528791,1.2774112903463197,0,0
1151,1.0,1.13644555254,1.2774112903463197,0,0
1152,1.0,1.154500103059,1.2774112903463197,0,0
1153,1.0,1.151874266188,1.2774112903463197,0,0
1154,1.0,1.145690319636,1.2774112903463197,0,0
1155,1.0,1.190744764889,1.2774112903463197,0,0
1156,1.0,1.198764423542,1.2774112903463197,0,0
1157,1.0,1.15720773956,1.2774112903463197,0,0
1158,1.0,1.162031282957,1.2774112903463197,0,0
1159,1.0,1.179399315303,1.2774112903463197,0,0
1160,1.0,1.137800013158,1.2774112903463197,0,0
1161,1.0,1.174431526388,1.2774112903463197,0,0
1162,1.0,1.100635806802,1.2774112903463197,0,0
1163,1.0,1.057335987916,1.2774112903463197,0,0
1164,1.0,1.043015411442,1.2774112903463197,0,0
1165,1.0,1.03559498573,1.2774112903463197,0,0
1166,1.0,1.039271568634,1.2774112903463197,0,0
1167,1.0,1.037118505855,1.2774112903463197,0,0
1168,1.0,1.02260868286,1.2774112903463197,0,0
1169,1.0,1.015760965398,1.2774112903463197,0,0
1170,1.0,1.01664387358,1.2774112903463197,0,0
1171,1.0,1.009793270698,1.2774112903463197,0,0
1172,1.0,1.019412236169,1.2774112903463197,0,0
1173,1.0,1.007908116614,1.2774112903463197,0,0
1174,1.0,1.031307499866,1.2774112903463197,0,0
1175,1.0,1.011145546661,1.2774112903463197,0,0
1176,1.0,1.020090544484,1.2774112903463197,0,0
1177,1.0,1.009782628406,1.2774112903463197,0,0
1178,1.0,1.026224603454,1.2774112903463197,0,0
1179,1.0,1.036754561004,1.2774112903463197,0,0
1180,1.0,1.022975785747,1.2774112903463197,0,0
1181,1.0,1.002306823616,1.2774112903463197,0,0
1182,1.0,1.013911001965,1.2774112903463197,0,0
1183,1.0,1.021470323747,1.2774112903463197,0,0
1184,1.0,1.030948223469,1.2774112903463197,0,0
1185,1.0,1.034163675146,1.2774112903463197,0,0
1186,1.0,0.99022894392,1.2774112903463197,0,0
1187,1.0,0.987442304198,1.2774112903463197,0,0
1188,1.0,0.983218631057,1.2774112903463197,0,0
1189,0.98,0.991272636416,1.2774112903463197,0,0
1190,0.98,1.003988102963,1.2774112903463197,0,0
1191,0.98,0.996725175283,1.2774112903463197,0,0
1192,1.0,1.031353332322,1.2774112903463197,0,0
1193,0.98,1.011864296613,1.2774112903463197,0,0
1194,0.98,1.025468449896,1.2774112903463197,0,0
1195,0.98,1.00585458911,1.2774112903463197,0,0
1196,0.98,1.024144985572,1.2774112903463197,0,0
1197,0.98,1.025319005013,1.2774112903463197,0,0
1198,0.98,1.040283328682,1.2774112903463197,0,0
1199,0.98,1.024726966737,1.2774112903463197,0,0
1200,0.98,1.033086527186,1.2774112903463197,0,0
1201,0.98,1.0077948262,1.2774112903463197,0,0
1202,0.98,1.036283763671,1.2774112903463197,0,0
1203,0.98,1.011525226054,1.2774112903463197,0,0
1204,0.98,1.017738133683,1.2774112903463197,0,0
1205,0.98,1.022403978113,1.2774112903463197,0,0
1206,0.98,1.018254067096,1.2774112903463197,0,0
1207,0.98,1.015264312927,1.2774112903463197,0,0
1208,0.98,1.016460335771,1.2774112903463197,0,0
1209,0.98,1.00693225641,1.2774112903463197,0,0
1210,0.98,1.020312647645,1.2774112903463197,0,0
1211,1.0,1.080816596684,1.2774112903463197,0,0
1212,0.98,1.028806233354,1.2774112903463197,0,0
1213,0.98,1.051639199525,1.2774112903463197,0,0
1214,1.0,1.108772340193,1.2774112903463197,0,0
1215,1.0,1.120037906464,1.2774112903463197,0,0
1216,1.0,1.189314444624,1.2774112903463197,0,0
1217,1.0,1.150917899177,1.2774112903463197,0,0
1218,1.0,1.18842341634,1.2774112903463197,0,0
1219,1.0,1.128087315966,1.2774112903463197,0,0
1220,1.0,1.178190387564,1.2774112903463197,0,0
1221,1.0,1.168304782282,1.2774112903463197,0,0
1222,1.0,1.17607099167,1.2774112903463197,0,0
1223,1.0,1.150512641584,1.2774112903463197,0,0
1224,1.0,1.151893798879,1.2774112903463197,0,0
1225,1.0,1.127799115225,1.2774112903463197,0,0
1226,1.0,1.168972462483,1.2774112903463197,0,0
1227,1.0,1.123965671104,1.2774112903463197,0,0
1228,1.0,1.138055136405,1.2774112903463197,0,0
1229,1.0,1.109257104498,1.2774112903463197,0,0
1230,1.0,1.121298548847,1.2774112903463197,0,0
1231,1.0,1.102667964149,1.2774112903463197,0,0
1232,1.0,1.120954853186,1.2774112903463197,0,0
1233,1.0,1.084555489804,1.2774112903463197,0,0
1234,1.0,1.114423103516,1.2774112903463197,0,0
1235,1.0,1.082305961658,1.2774112903463197,0,0
1236,1.0,1.095101037063,1.2774112903463197,0,0
1237,1.0,1.091248611028,1.2774112903463197,0,0
1238,1.0,1.125674758189,1.2774112903463197,0,0
1239,1.0,1.099263844211,1.2774112903463197,0,0
1240,1.0,1.135599275531,1.2774112903463197,0,0
1241,1.0,1.117499717053,1.2774112903463197,0,0
1242,1.0,1.159082695645,1.2774112903463197,0,0
1243,1.0,1.146096376596,1.2774112903463197,0,0
1244,1.0,1.188651180141,1.2774112903463197,0,0
1245,1.0,1.145171279186,1.2774112903463197,0,0
1246,1.0,1.194249549961,1.2774112903463197,0,0
1247,1.0,1.154743581193,1.2774112903463197,0,0
1248,1.0,1.161057062996,1.2774112903463197,0,0
1249,1.0,1.119228304742,1.2774112903463197,0,0
1250,1.0,1.186851871853,1.2774112903463197,0,0
1251,1.0,1.103184733264,1.2774112903463197,0,0
1252,1.0,1.080466009892,1.2774112903463197,0,0
1253,1.0,1.034750562465,1.2774112903463197,0,0
1254,1.0,1.044215859207,1.2774112903463197,0,0
1255,1.0,1.058838191254,1.2774112903463197,0,0
1256,1.0,1.007210028847,1.2774112903463197,0,0
1257,1.0,0.999751474049,1.2774112903463197,0,0
1258,1.0,1.00285815045,1.2774112903463197,0,0
1259,1.0,1.000466333065,1.2774112903463197,0,0
1260,1.0,0.99495122089,1.2774112903463197,0,0
1261,1.0,0.997483941003,1.2774112903463197,0,0
1262,1.0,0.999212508472,1.2774112903463197,0,0
1263,1.0,1.000822788922,1.2774112903463197,0,0
1264,1.0,1.005690339761,1.2774112903463197,0,0
1265,1.0,0.999435071367,1.2774112903463197,0,0
1266,1.0,0.997193400656,1.2774112903463197,0,0
1267,1.0,0.99896916175,1.2774112903463197,0,0
1268,1.0,1.001951455945,1.2774112903463197,0,0
1269,0.98,1.026524137928,1.2774112903463197,0,0
1270,0.98,1.090450792038,1.2774112903463197,0,0
1271,0.98,1.118115235081,1.2774112903463197,0,0
1272,0.98,1.182040045522,1.2774112903463197,0,0
1273,0.98,1.113136505022,1.2774112903463197,0,0
1274,0.98,1.10002002523,1.2774112903463197,0,0
1275,0.98,1.103948813135,1.2774112903463197,0,0
1276,0.98,1.031998525806,1.2774112903463197,0,0
1277,0.98,1.002090386233,1.2774112903463197,0,0
1278,0.98,0.997281469341,1.2774112903463197,0,0
1279,0.98,0.999689713595,1.2774112903463197,0,0
1280,0.98,1.005586141273,1.2774112903463197,0,0
1281,0.98,1.000869661789,1.2774112903463197,0,0
1282,0.98,1.000554887149,1.2774112903463197,0,0
1283,0.98,1.000918964546,1.2774112903463197,0,0
1284,0.98,0.999264423957,1.2774112903463197,0,0
1285,0.98,1.0004665977,1.2774112903463197,0,0
1286,0.98,1.000164313863,1.2774112903463197,0,0
1287,0.98,1.002199731829,1.2774112903463197,0,0
1288,0.98,0.997570061483,1.2774112903463197,0,0
1289,1.0,1.037743741919,1.2774112903463197,0,0
1290,0.98,1.065221286795,1.2774112903463197,0,0
1291,0.98,1.036293938332,1.2774112903463197,0,0
1292,0.98,1.05440565461,1.2774112903463197,0,0
1293,1.0,1.06723500011,1.2774112903463197,0,0
1294,1.0,1.108769599125,1.2774112903463197,0,0
1295,1.0,1.085787009381,1.2774112903463197,0,0
1296,1.0,1.134961839254,1.2774112903463197,0,0
1297,1.0,1.130125003569,1.2774112903463197,0,0
1298,1.0,1.122480681595,1.2774112903463197,0,0
1299,1.0,1.11288917753,1.2774112903463197,0,0
1300,1.0,1.113885513158,1.2774112903463197,0,0
1301,1.0,1.093242418388,1.2774112903463197,0,0
1302,1.0,1.118320203521,1.2774112903463197,0,0
1303,1.0,1.081272305156,1.2774112903463197,0,0
1304,1.0,1.118722687045,1.2774112903463197,0,0
1305,1.0,1.061458385654,1.2774112903463197,0,0
1306,1.0,1.104844435707,1.2774112903463197,0,0
1307,1.0,1.063909061114,1.2774112903463197,0,0
1308,1.0,1.076408108945,1.2774112903463197,0,0
1309,1.0,1.0758214204,1.2774112903463197,0,0
1310,1.0,1.0897889926,1.2774112903463197,0,0
1311,1.0,1.063804327844,1.2774112903463197,0,0
1312,1.0,1.097502900359,1.2774112903463197,0,0
1313,1.0,1.085268794367,1.2774112903463197,0,0
1314,1.0,1.119300195232,1.2774112903463197,0,0
1315,1.0,1.113896949635,1.2774112903463197,0,0
1316,1.0,1.148550573832,1.2774112903463197,0,0
1317,1.0,1.157948382575,1.2774112903463197,0,0
1318,1.0,1.177834309618,1.2774112903463197,0,0
1319,1.0,1.149722100773,1.2774112903463197,0,0
1320,1.0,1.175193007465,1.2774112903463197,0,0
1321,1.0,1.161298445046,1.2774112903463197,0,0
1322,1.0,1.161556257812,1.2774112903463197,0,0
1323,1.0,1.15483164799,1.2774112903463197,0,0
1324,1.0,1.182184858208,1.2774112903463197,0,0
1325,1.0,1.158727886612,1.2774112903463197,0,0
1326,1.0,1.17165560595,1.2774112903463197,0,0
1327,1.0,1.148973921301,1.2774112903463197,0,0
1328,1.0,1.157173340615,1.2774112903463197,0,0
1329,1.0,1.155911157702,1.2774112903463197,0,0
1330,1.0,1.123615295182,1.2774112903463197,0,0
1331,1.0,1.074608093706,1.2774112903463197,0,0
1332,1.0,1.03559498573,1.2774112903463197,0,0
1333,1.0,1.039271568634,1.2774112903463197,0,0
1334,1.0,1.037118505855,1.2774112903463197,0,0
1335,1.0,1.02260868286,1.2774112903463197,0,0
1336,1.0,1.015760965398,1.2774112903463197,0,0
1337,1.0,1.01664387358,1.2774112903463197,0,0
1338,1.0,1.009793270698,1.2774112903463197,0,0
1339,1.0,1.019412236169,1.2774112903463197,0,0
1340,1.0,1.007908116614,1.2774112903463197,0,0
1341,1.0,1.031307499866,1.2774112903463197,0,0
1342,1.0,1.011145546661,1.2774112903463197,0,0
1343,1.0,1.020090544484,1.2774112903463197,0,0
1344,1.0,1.009782628406,1.2774112903463197,0,0
1345,1.0,1.026224603454,1.2774112903463197,0,0
1346,1.0,1.036754561004,1.2774112903463197,0,0
1347,1.0,1.022975785747,1.2774112903463197,0,0
1348,1.0,1.002306823616,1.2774112903463197,0,0
1349,1.0,1.013911001965,1.2774112903463197,0,0
1350,1.0,1.021470323747,1.2774112903463197,0,0
1351,1.0,1.030948223469,1.2774112903463197,0,0
1352,0.98,1.114987394412,1.2774112903463197,0,0
1353,0.98,1.107304266428,1.2774112903463197,0,0
1354,1.0,1.091449449142,1.2774112903463197,0,0
1355,0.98,1.065978259973,1.2774112903463197,0,0
1356,0.98,1.010081568874,1.2774112903463197,0,0
1357,0.98,0.996604169177,1.2774112903463197,0,0
1358,0.98,1.012636855094,1.2774112903463197,0,0
1359,0.98,1.015818055748,1.2774112903463197,0,0
1360,0.98,1.002953812814,1.2774112903463197,0,0
1361,0.98,1.006324250882,1.2774112903463197,0,0
1362,0.98,0.998876183764,1.2774112903463197,0,0
1363,0.98,1.00419367329,1.2774112903463197,0,0
1364,0.98,1.012014572713,1.2774112903463197,0,0
1365,0.98,1.002663179133,1.2774112903463197,0,0
1366,0.98,1.000819242484,1.2774112903463197,0,0
1367,0.98,1.001892945862,1.2774112903463197,0,0
1368,0.98,1.004881792614,1.2774112903463197,0,0
1369,0.98,0.999051321734,1.2774112903463197,0,0
1370,0.98,1.004343716876,1.2774112903463197,0,0
1371,0.98,0.998501427433,1.2774112903463197,0,0
1372,0.98,1.000343571215,1.2774112903463197,0,0
1373,0.98,1.012173405508,1.2774112903463197,0,0
1374,1.0,1.055596408791,1.2774112903463197,0,0
1375,0.98,1.008618328006,1.2774112903463197,0,0
1376,0.98,1.045646889776,1.2774112903463197,0,0
1377,0.98,1.070948233168,1.2774112903463197,0,0
1378,1.0,1.095067760052,1.2774112903463197,0,0
1379,1.0,1.097566606934,1.2774112903463197,0,0
1380,1.0,1.122190583846,1.2774112903463197,0,0
1381,1.0,1.140749725274,1.2774112903463197,0,0
1382,1.0,1.144257709057,1.2774112903463197,0,0
1383,1.0,1.132302946902,1.2774112903463197,0,0
1384,1.0,1.152084796407,1.2774112903463197,0,0
1385,1.0,1.124816426131,1.2774112903463197,0,0
1386,1.0,1.14922738038,1.2774112903463197,0,0
1387,1.0,1.090152331677,1.2774112903463197,0,0
1388,1.0,1.117392982049,1.2774112903463197,0,0
1389,1.0,1.079257259262,1.2774112903463197,0,0
1390,1.0,1.085825687731,1.2774112903463197,0,0
1391,1.0,1.095017339201,1.2774112903463197,0,0
1392,1.0,1.083323743406,1.2774112903463197,0,0
1393,1.0,1.087734438733,1.2774112903463197,0,0
1394,1.0,1.08096727992,1.2774112903463197,0,0
1395,1.0,1.077515894681,1.2774112903463197,0,0
1396,1.0,1.07508916367,1.2774112903463197,0,0
1397,1.0,1.09106961307,1.2774112903463197,0,0
1398,1.0,1.102911296443,1.2774112903463197,0,0
1399,1.0,1.083984370077,1.2774112903463197,0,0
1400,1.0,1.118834728589,1.2774112903463197,0,0
1401,1.0,1.116840163106,1.2774112903463197,0,0
1402,1.0,1.143079213215,1.2774112903463197,0,0
1403,1.0,1.115885942743,1.2774112903463197,0,0
1404,1.0,1.13382192951,1.2774112903463197,0,0
1405,1.0,1.149852141158,1.2774112903463197,0,0
1406,1.0,1.165038876312,1.2774112903463197,0,0
1407,1.0,1.180900243116,1.2774112903463197,0,0
1408,1.0,1.183671650666,1.2774112903463197,0,0
1409,1.0,1.13206755449,1.2774112903463197,0,0
1410,1.0,1.159020358899,1.2774112903463197,0,0
1411,1.0,1.134776944621,1.2774112903463197,0,0
1412,1.0,1.152312965348,1.2774112903463197,0,0
1413,1.0,1.179181216931,1.2774112903463197,0,0
1414,1.0,1.117246838507,1.2774112903463197,0,0
1415,1.0,1.085753040852,1.2774112903463197,0,0
1416,1.0,1.044574089645,1.2774112903463197,0,0
1417,1.0,1.071311977108,1.2774112903463197,0,0
1418,1.0,1.039271568634,1.2774112903463197,0,0
1419,1.0,1.037118505855,1.2774112903463197,0,0
1420,1.0,1.02260868286,1.2774112903463197,0,0
1421,1.0,1.015760965398,1.2774112903463197,0,0
1422,1.0,1.01664387358,1.2774112903463197,0,0
1423,1.0,1.009793270698,1.2774112903463197,0,0
1424,1.0,1.019412236169,1.2774112903463197,0,0
1425,1.0,1.007908116614,1.2774112903463197,0,0
1426,1.0,1.031307499866,1.2774112903463197,0,0
1427,1.0,1.011145546661,1.2774112903463197,0,0
1428,1.0,1.020090544484,1.2774112903463197,0,0
1429,1.0,1.009782628406,1.2774112903463197,0,0
1430,1.0,1.026224603454,1.2774112903463197,0,0
1431,1.0,1.036754561004,1.2774112903463197,0,0
1432,1.0,1.022975785747,1.2774112903463197,0,0
1433,1.0,1.002306823616,1.2774112903463197,0,0
1434,1.0,1.013911001965,1.2774112903463197,0,0
1435,1.0,1.021470323747,1.2774112903463197,0,0
1436,1.0,1.030948223469,1.2774112903463197,0,0
1437,1.0,1.034163675146,1.2774112903463197,0,0
1438,0.98,1.052200041272,1.2774112903463197,0,0
1439,0.98,1.088113844714,1.2774112903463197,0,0
1440,0.98,1.050952607685,1.2774112903463197,0,0
1441,1.0,1.031353332322,1.2774112903463197,0,0
1442,0.98,1.011864296613,1.2774112903463197,0,0
1443,0.98,1.025468449896,1.2774112903463197,0,0
1444,0.98,1.00585458911,1.2774112903463197,0,0
1445,0.98,1.024144985572,1.2774112903463197,0,0
1446,0.98,1.025319005013,1.2774112903463197,0,0
1447,0.98,1.040283328682,1.2774112903463197,0,0
1448,0.98,1.024726966737,1.2774112903463197,0,0
1449,0.98,1.033086527186,1.2774112903463197,0,0
1450,0.98,1.0077948262,1.2774112903463197,0,0
1451,0.98,1.036283763671,1.2774112903463197,0,0
1452,0.98,1.011525226054,1.2774112903463197,0,0
1453,0.98,1.017738133683,1.2774112903463197,0,0
1454,0.98,1.022403978113,1.2774112903463197,0,0
1455,0.98,1.018254067096,1.2774112903463197,0,0
1456,0.98,1.015264312927,1.2774112903463197,0,0
1457,0.98,1.016460335771,1.2774112903463197,0,0
1458,0.98,1.00693225641,1.2774112903463197,0,0
1459,0.98,1.020312647645,1.2774112903463197,0,0
1460,0.98,1.025322131773,1.2774112903463197,0,0
1461,0.98,1.023046014127,1.2774112903463197,0,0
1462,1.0,1.063571191405,1.2774112903463197,0,0
1463,1.0,1.110756810138,1.2774112903463197,0,0
1464,1.0,1.12922770659,1.2774112903463197,0,0
1465,1.0,1.120716481675,1.2774112903463197,0,0
1466,1.0,1.156587705369,1.2774112903463197,0,0
1467,1.0,1.135197092514,1.2774112903463197,0,0
1468,1.0,1.152566318589,1.2774112903463197,0,0
1469,1.0,1.154322898936,1.2774112903463197,0,0
1470,1.0,1.166954973286,1.2774112903463197,0,0
1471,1.0,1.144539490387,1.2774112903463197,0,0
1472,1.0,1.157471807362,1.2774112903463197,0,0
1473,1.0,1.149611160971,1.2774112903463197,0,0
1474,1.0,1.112104805959,1.2774112903463197,0,0
1475,1.0,1.145169823803,1.2774112903463197,0,0
1476,1.0,1.152959905992,1.2774112903463197,0,0
1477,1.0,1.148842222879,1.2774112903463197,0,0
1478,1.0,1.092701077239,1.2774112903463197,0,0
1479,1.0,1.102859078724,1.2774112903463197,0,0
1480,1.0,1.079506398292,1.2774112903463197,0,0
1481,1.0,1.089215857235,1.2774112903463197,0,0
1482,1.0,1.073726247921,1.2774112903463197,0,0
1483,1.0,1.077541048888,1.2774112903463197,0,0
1484,1.0,1.077237522625,1.2774112903463197,0,0
1485,1.0,1.057792791737,1.2774112903463197,0,0
1486,1.0,1.0803799338,1.2774112903463197,0,0
1487,1.0,1.077527272451,1.2774112903463197,0,0
1488,1.0,1.091996665621,1.2774112903463197,0,0
1489,1.0,1.080412190611,1.2774112903463197,0,0
1490,1.0,1.122219595109,1.2774112903463197,0,0
1491,1.0,1.105243842852,1.2774112903463197,0,0
1492,1.0,1.140178831923,1.2774112903463197,0,0
1493,1.0,1.125351825429,1.2774112903463197,0,0
1494,1.0,1.137616504353,1.2774112903463197,0,0
1495,1.0,1.118636171632,1.2774112903463197,0,0
1496,1.0,1.167912059844,1.2774112903463197,0,0
1497,1.0,1.127559849889,1.2774112903463197,0,0
1498,1.0,1.115741928051,1.2774112903463197,0,0
1499,1.0,1.08549298396,1.2774112903463197,0,0
1500,1.0,1.094491562958,1.2774112903463197,0,0
1501,1.0,1.044263471626,1.2774112903463197,0,0
1502,1.0,1.07556148731,1.2774112903463197,0,0
1503,1.0,1.054158841393,1.2774112903463197,0,0
1504,1.0,1.062043587202,1.2774112903463197,0,0
1505,1.0,1.002909387826,1.2774112903463197,0,0
1506,1.0,1.002594914923,1.2774112903463197,0,0
1507,1.0,1.000751721577,1.2774112903463197,0,0
1508,1.0,0.997547523705,1.2774112903463197,0,0
1509,1.0,0.997353366791,1.2774112903463197,0,0
1510,1.0,0.996738890077,1.2774112903463197,0,0
1511,1.0,1.000497642284,1.2774112903463197,0,0
1512,1.0,0.994907503171,1.2774112903463197,0,0
1513,1.0,0.99471631392,1.2774112903463197,0,0
1514,1.0,0.997942931527,1.2774112903463197,0,0
1515,1.0,0.993803752221,1.2774112903463197,0,0
1516,1.0,0.996261218554,1.2774112903463197,0,0
1517,1.0,0.993698711335,1.2774112903463197,0,0
1518,1.0,1.004235243282,1.2774112903463197,0,0
1519,1.0,1.005486752951,1.2774112903463197,0,0
1520,1.0,1.010487408892,1.2774112903463197,0,0
1521,1.0,1.014605058368,1.2774112903463197,0,0
1522,1.0,0.99022894392,1.2774112903463197,0,0
1523,1.0,0.987442304198,1.2774112903463197,0,0
1524,1.0,0.983218631057,1.2774112903463197,0,0
1525,1.0,0.989908062803,1.2774112903463197,0,0
1526,1.0,0.989908062803,1.2774112903463197,0,0
1527,1.0,0.989908062803,1.2774112903463197,0,0
1528,1.0,0.989908062803,1.2774112903463197,0,0
1529,1.0,0.989908062803,1.2774112903463197,0,0
1530,1.0,0.989908062803,1.2774112903463197,0,0
1531,0.98,0.991272636416,1.2774112903463197,0,0
1532,0.98,1.003988102963,1.2774112903463197,0,0
1533,0.98,0.996725175283,1.2774112903463197,0,0
1534,0.98,1.029884239057,1.2774112903463197,0,0
1535,0.98,1.028318771786,1.2774112903463197,0,0
1536,0.98,1.018071815546,1.2774112903463197,0,0
1537,0.98,1.011373742258,1.2774112903463197,0,0
1538,0.98,1.000135858093,1.2774112903463197,0,0
1539,0.98,1.002090386233,1.2774112903463197,0,0
1540,0.98,0.997281469341,1.2774112903463197,0,0
1541,0.98,0.999689713595,1.2774112903463197,0,0
1542,0.98,1.005586141273,1.2774112903463197,0,0
1543,0.98,1.000869661789,1.2774112903463197,0,0
1544,0.98,1.000554887149,1.2774112903463197,0,0
1545,0.98,1.000918964546,1.2774112903463197,0,0
1546,0.98,0.999264423957,1.2774112903463197,0,0
1547,0.98,1.0004665977,1.2774112903463197,0,0
1548,0.98,1.000164313863,1.2774112903463197,0,0
1549,0.98,1.002199731829,1.2774112903463197,0,0
1550,0.98,0.997570061483,1.2774112903463197,0,0
1551,0.98,1.003994708955,1.2774112903463197,0,0
1552,0.98,1.010788113287,1.2774112903463197,0,0
1553,0.98,1.01504869831,1.2774112903463197,0,0
1554,1.0,1.033814226994,1.2774112903463197,0,0
1555,0.98,1.005937212588,1.2774112903463197,0,0
1556,0.98,1.04341478087,1.2774112903463197,0,0
1557,1.0,1.05175317631,1.2774112903463197,0,0
1558,1.0,1.087784523472,1.2774112903463197,0,0
1559,1.0,1.132595470966,1.2774112903463197,0,0
1560,1.0,1.080321164664,1.2774112903463197,0,0
1561,1.0,1.099550828789,1.2774112903463197,0,0
1562,1.0,1.083707850152,1.2774112903463197,0,0
1563,1.0,1.11177000477,1.2774112903463197,0,0
1564,1.0,1.111543211072,1.2774112903463197,0,0
1565,1.0,1.094805239662,1.2774112903463197,0,0
1566,1.0,1.07371879513,1.2774112903463197,0,0
1567,1.0,1.072889913036,1.2774112903463197,0,0
1568,1.0,1.051993412721,1.2774112903463197,0,0
1569,1.0,1.058809549611,1.2774112903463197,0,0
1570,1.0,1.062718758919,1.2774112903463197,0,0
1571,1.0,1.076922091684,1.2774112903463197,0,0
1572,1.0,1.07299924681,1.2774112903463197,0,0
1573,1.0,1.067675202792,1.2774112903463197,0,0
1574,1.0,1.063663718135,1.2774112903463197,0,0
1575,1.0,1.073413771954,1.2774112903463197,0,0
1576,1.0,1.074880659589,1.2774112903463197,0,0
1577,1.0,1.084607264952,1.2774112903463197,0,0
1578,1.0,1.063879357406,1.2774112903463197,0,0
1579,1.0,1.088693448016,1.2774112903463197,0,0
1580,1.0,1.066854018047,1.2774112903463197,0,0
1581,1.0,1.088229881138,1.2774112903463197,0,0
1582,1.0,1.102966553956,1.2774112903463197,0,0
1583,1.0,1.122468642384,1.2774112903463197,0,0
1584,1.0,1.087474135719,1.2774112903463197,0,0
1585,1.0,1.121563425744,1.2774112903463197,0,0
1586,1.0,1.128820640152,1.2774112903463197,0,0
1587,1.0,1.165126637364,1.2774112903463197,0,0
1588,1.0,1.114950884664,1.2774112903463197,0,0
1589,1.0,1.114011444205,1.2774112903463197,0,0
1590,1.0,1.125661271072,1.2774112903463197,0,0
1591,1.0,1.107098822341,1.2774112903463197,0,0
1592,1.0,1.110207483364,1.2774112903463197,0,0
1593,1.0,1.128528629355,1.2774112903463197,0,0
1594,1.0,1.032729935078,1.2774112903463197,0,0
1595,1.0,1.025643854407,1.2774112903463197,0,0
1596,1.0,1.012203719099,1.2774112903463197,0,0
1597,1.0,1.02438798814,1.2774112903463197,0,0
1598,1.0,1.017030480576,1.2774112903463197,0,0
1599,1.0,1.007210028847,1.2774112903463197,0,0
1600,1.0,0.999751474049,1.2774112903463197,0,0
1601,1.0,1.00285815045,1.2774112903463197,0,0
1602,1.0,1.000466333065,1.2774112903463197,0,0
1603,1.0,0.99495122089,1.2774112903463197,0,0
1604,1.0,0.997483941003,1.2774112903463197,0,0
1605,1.0,0.999212508472,1.2774112903463197,0,0
1606,1.0,1.000822788922,1.2774112903463197,0,0
1607,1.0,1.005690339761,1.2774112903463197,0,0
1608,1.0,0.999435071367,1.2774112903463197,0,0
1609,1.0,0.997193400656,1.2774112903463197,0,0
1610,1.0,0.99896916175,1.2774112903463197,0,0
1611,1.0,1.001951455945,1.2774112903463197,0,0
1612,1.0,1.007528761792,1.2774112903463197,0,0
1613,1.0,0.9947877542,1.2774112903463197,0,0
1614,1.0,0.989325373143,1.2774112903463197,0,0
1615,1.0,1.012882935658,1.2774112903463197,0,0
1616,1.0,0.98469621664,1.2774112903463197,0,0
1617,0.98,1.084278890564,1.2774112903463197,0,0
1618,0.98,1.088113844714,1.2774112903463197,0,0
1619,0.98,1.050952607685,1.2774112903463197,0,0
1620,1.0,1.031353332322,1.2774112903463197,0,0
1621,0.98,1.011864296613,1.2774112903463197,0,0
1622,0.98,1.025468449896,1.2774112903463197,0,0
1623,0.98,1.00585458911,1.2774112903463197,0,0
1624,0.98,1.024144985572,1.2774112903463197,0,0
1625,0.98,1.025319005013,1.2774112903463197,0,0
1626,0.98,1.040283328682,1.2774112903463197,0,0
1627,0.98,1.024726966737,1.2774112903463197,0,0
1628,0.98,1.033086527186,1.2774112903463197,0,0
1629,0.98,1.0077948262,1.2774112903463197,0,0
1630,0.98,1.036283763671,1.2774112903463197,0,0
1631,0.98,1.011525226054,1.2774112903463197,0,0
1632,0.98,1.017738133683,1.2774112903463197,0,0
1633,0.98,1.022403978113,1.2774112903463197,0,0
1634,0.98,1.018254067096,1.2774112903463197,0,0
1635,0.98,1.015264312927,1.2774112903463197,0,0
1636,0.98,1.016460335771,1.2774112903463197,0,0
1637,0.98,1.00693225641,1.2774112903463197,0,0
1638,0.98,1.020312647645,1.2774112903463197,0,0
1639,1.0,1.080816596684,1.2774112903463197,0,0
1640,0.98,1.028806233354,1.2774112903463197,0,0
1641,0.98,1.051639199525,1.2774112903463197,0,0
1642,1.0,1.108772340193,1.2774112903463197,0,0
1643,1.0,1.120037906464,1.2774112903463197,0,0
1644,1.0,1.189314444624,1.2774112903463197,0,0
1645,1.0,1.150917899177,1.2774112903463197,0,0
1646,1.0,1.18842341634,1.2774112903463197,0,0
1647,1.0,1.128087315966,1.2774112903463197,0,0
1648,1.0,1.178190387564,1.2774112903463197,0,0
1649,1.0,1.168304782282,1.2774112903463197,0,0
1650,1.0,1.17607099167,1.2774112903463197,0,0
1651,1.0,1.150512641584,1.2774112903463197,0,0
1652,1.0,1.151893798879,1.2774112903463197,0,0
1653,1.0,1.127799115225,1.2774112903463197,0,0
1654,1.0,1.168972462483,1.2774112903463197,0,0
1655,1.0,1.123965671104,1.2774112903463197,0,0
1656,1.0,1.138055136405,1.2774112903463197,0,0
1657,1.0,1.109257104498,1.2774112903463197,0,0
1658,1.0,1.121298548847,1.2774112903463197,0,0
1659,1.0,1.102667964149,1.2774112903463197,0,0
1660,1.0,1.120954853186,1.2774112903463197,0,0
1661,1.0,1.084555489804,1.2774112903463197,0,0
1662,1.0,1.114423103516,1.2774112903463197,0,0
1663,1.0,1.082305961658,1.2774112903463197,0,0
1664,1.0,1.095101037063,1.2774112903463197,0,0
1665,1.0,1.091248611028,1.2774112903463197,0,0
1666,1.0,1.125674758189,1.2774112903463197,0,0
1667,1.0,1.099263844211,1.2774112903463197,0,0
1668,1.0,1.135599275531,1.2774112903463197,0,0
1669,1.0,1.117499717053,1.2774112903463197,0,0
1670,1.0,1.159082695645,1.2774112903463197,0,0
1671,1.0,1.146096376596,1.2774112903463197,0,0
1672,1.0,1.188651180141,1.2774112903463197,0,0
1673,1.0,1.145171279186,1.2774112903463197,0,0
1674,1.0,1.194249549961,1.2774112903463197,0,0
1675,1.0,1.154743581193,1.2774112903463197,0,0
1676,1.0,1.161057062996,1.2774112903463197,0,0
1677,1.0,1.119228304742,1.2774112903463197,0,0
1678,1.0,1.186851871853,1.2774112903463197,0,0
1679,1.0,1.103184733264,1.2774112903463197,0,0
1680,1.0,1.080466009892,1.2774112903463197,0,0
1681,1.0,1.034750562465,1.2774112903463197,0,0
1682,1.0,1.044215859207,1.2774112903463197,0,0
1683,1.0,1.058838191254,1.2774112903463197,0,0
1684,1.0,1.007210028847,1.2774112903463197,0,0
1685,1.0,0.999751474049,1.2774112903463197,0,0
1686,1.0,1.00285815045,1.2774112903463197,0,0
1687,1.0,1.000466333065,1.2774112903463197,0,0
1688,1.0,0.99495122089,1.2774112903463197,0,0
1689,1.0,0.997483941003,1.2774112903463197,0,0
1690,1.0,0.999212508472,1.2774112903463197,0,0
1691,1.0,1.000822788922,1.2774112903463197,0,0
1692,1.0,1.005690339761,1.2774112903463197,0,0
1693,1.0,0.999435071367,1.2774112903463197,0,0
1694,1.0,0.997193400656,1.2774112903463197,0,0
1695,1.0,0.99896916175,1.2774112903463197,0,0
1696,1.0,1.001951455945,1.2774112903463197,0,0
1697,1.0,1.007528761792,1.2774112903463197,0,0
1698,1.0,0.9947877542,1.2774112903463197,0,0
1699,1.0,0.989325373143,1.2774112903463197,0,0
1700,1.0,1.012882935658,1.2774112903463197,0,0
1701,1.0,0.98469621664,1.2774112903463197,0,0
1702,1.0,0.997237358439,1.2774112903463197,0,0
1703,1.0,0.987442304198,1.2774112903463197,0,0
1704,0.98,0.986144353273,1.2774112903463197,0,0
1705,0.98,1.003988102963,1.2774112903463197,0,0
1706,0.98,0.996725175283,1.2774112903463197,0,0
1707,1.0,1.031353332322,1.2774112903463197,0,0
1708,0.98,1.011864296613,1.2774112903463197,0,0
1709,0.98,1.025468449896,1.2774112903463197,0,0
1710,0.98,1.00585458911,1.2774112903463197,0,0
1711,0.98,1.024144985572,1.2774112903463197,0,0
1712,0.98,1.025319005013,1.2774112903463197,0,0
1713,0.98,1.040283328682,1.2774112903463197,0,0
1714,0.98,1.024726966737,1.2774112903463197,0,0
1715,0.98,1.033086527186,1.2774112903463197,0,0
1716,0.98,1.0077948262,1.2774112903463197,0,0
1717,0.98,1.036283763671,1.2774112903463197,0,0
1718,0.98,1.011525226054,1.2774112903463197,0,0
1719,0.98,1.017738133683,1.2774112903463197,0,0
1720,0.98,1.022403978113,1.2774112903463197,0,0
1721,0.98,1.018254067096,1.2774112903463197,0,0
1722,0.98,1.015264312927,1.2774112903463197,0,0
1723,0.98,1.016460335771,1.2774112903463197,0,0
1724,0.98,1.00693225641,1.2774112903463197,0,0
1725,0.98,1.020312647645,1.2774112903463197,0,0
1726,0.98,1.025322131773,1.2774112903463197,0,0
1727,0.98,1.023046014127,1.2774112903463197,0,0
1728,1.0,1.063571191405,1.2774112903463197,0,0
1729,1.0,1.110756810138,1.2774112903463197,0,0
1730,1.0,1.12922770659,1.2774112903463197,0,0
1731,1.0,1.120716481675,1.2774112903463197,0,0
1732,1.0,1.156587705369,1.2774112903463197,0,0
1733,1.0,1.135197092514,1.2774112903463197,0,0
1734,1.0,1.152566318589,1.2774112903463197,0,0
1735,1.0,1.154322898936,1.2774112903463197,0,0
1736,1.0,1.166954973286,1.2774112903463197,0,0
1737,1.0,1.144539490387,1.2774112903463197,0,0
1738,1.0,1.157471807362,1.2774112903463197,0,0
1739,1.0,1.149611160971,1.2774112903463197,0,0
1740,1.0,1.112104805959,1.2774112903463197,0,0
1741,1.0,1.145169823803,1.2774112903463197,0,0
1742,1.0,1.152959905992,1.2774112903463197,0,0
1743,1.0,1.148842222879,1.2774112903463197,0,0
1744,1.0,1.092701077239,1.2774112903463197,0,0
1745,1.0,1.102859078724,1.2774112903463197,0,0
1746,1.0,1.079506398292,1.2774112903463197,0,0
1747,1.0,1.089215857235,1.2774112903463197,0,0
1748,1.0,1.073726247921,1.2774112903463197,0,0
1749,1.0,1.077541048888,1.2774112903463197,0,0
1750,1.0,1.077237522625,1.2774112903463197,0,0
1751,1.0,1.057792791737,1.2774112903463197,0,0
1752,1.0,1.0803799338,1.2774112903463197,0,0
1753,1.0,1.077527272451,1.2774112903463197,0,0
1754,1.0,1.091996665621,1.2774112903463197,0,0
1755,1.0,1.080412190611,1.2774112903463197,0,0
1756,1.0,1.122219595109,1.2774112903463197,0,0
1757,1.0,1.105243842852,1.2774112903463197,0,0
1758,1.0,1.140178831923,1.2774112903463197,0,0
1759,1.0,1.125351825429,1.2774112903463197,0,0
1760,1.0,1.137616504353,1.2774112903463197,0,0
1761,1.0,1.118636171632,1.2774112903463197,0,0
1762,1.0,1.167912059844,1.2774112903463197,0,0
1763,1.0,1.127559849889,1.2774112903463197,0,0
1764,1.0,1.115741928051,1.2774112903463197,0,0
1765,1.0,1.08549298396,1.2774112903463197,0,0
1766,1.0,1.094491562958,1.2774112903463197,0,0
1767,1.0,1.044263471626,1.2774112903463197,0,0
1768,1.0,1.07556148731,1.2774112903463197,0,0
1769,1.0,1.054158841393,1.2774112903463197,0,0
1770,1.0,1.062043587202,1.2774112903463197,0,0
1771,1.0,1.002909387826,1.2774112903463197,0,0
1772,1.0,1.002594914923,1.2774112903463197,0,0
1773,1.0,1.000751721577,1.2774112903463197,0,0
1774,1.0,0.997547523705,1.2774112903463197,0,0
1775,1.0,0.997353366791,1.2774112903463197,0,0
1776,1.0,0.996738890077,1.2774112903463197,0,0
1777,1.0,1.000497642284,1.2774112903463197,0,0
1778,1.0,0.994907503171,1.2774112903463197,0,0
1779,1.0,0.99471631392,1.2774112903463197,0,0
1780,1.0,0.997942931527,1.2774112903463197,0,0
1781,1.0,0.993803752221,1.2774112903463197,0,0
1782,1.0,0.996261218554,1.2774112903463197,0,0
1783,1.0,0.993698711335,1.2774112903463197,0,0
1784,0.98,1.030943011314,1.2774112903463197,0,0
1785,0.98,1.125663148403,1.2774112903463197,0,0
1786,0.98,1.14449579485,1.2774112903463197,0,0
1787,1.0,1.198932783581,1.2774112903463197,0,0
1788,0.98,1.150471986454,1.2774112903463197,0,0
1789,0.98,1.146672347661,1.2774112903463197,0,0
1790,0.98,1.06154315931,1.2774112903463197,0,0
1791,0.98,1.024144985572,1.2774112903463197,0,0
1792,0.98,1.025319005013,1.2774112903463197,0,0
1793,0.98,1.040283328682,1.2774112903463197,0,0
1794,0.98,1.024726966737,1.2774112903463197,0,0
1795,0.98,1.033086527186,1.2774112903463197,0,0
1796,0.98,1.0077948262,1.2774112903463197,0,0
1797,0.98,1.036283763671,1.2774112903463197,0,0
1798,0.98,1.011525226054,1.2774112903463197,0,0
1799,0.98,1.017738133683,1.2774112903463197,0,0
1800,0.98,1.022403978113,1.2774112903463197,0,0
1801,0.98,1.018254067096,1.2774112903463197,0,0
1802,0.98,1.015264312927,1.2774112903463197,0,0
1803,1.0,1.050224258494,1.2774112903463197,0,0
1804,0.98,1.045664713965,1.2774112903463197,0,0
1805,0.98,1.039743965309,1.2774112903463197,0,0
1806,0.98,1.093088615648,1.2774112903463197,0,0
1807,1.0,1.078911359364,1.2774112903463197,0,0
1808,1.0,1.113016699535,1.2774112903463197,0,0
1809,1.0,1.118191157565,1.2774112903463197,0,0
1810,1.0,1.136225997588,1.2774112903463197,0,0
1811,1.0,1.152497250481,1.2774112903463197,0,0
1812,1.0,1.17577358459,1.2774112903463197,0,0
1813,1.0,1.152245470728,1.2774112903463197,0,0
1814,1.0,1.151031734295,1.2774112903463197,0,0
1815,1.0,1.165180863846,1.2774112903463197,0,0
1816,1.0,1.142651502775,1.2774112903463197,0,0
1817,1.0,1.158565963993,1.2774112903463197,0,0
1818,1.0,1.157772038438,1.2774112903463197,0,0
1819,1.0,1.138394794828,1.2774112903463197,0,0
1820,1.0,1.135342156965,1.2774112903463197,0,0
1821,1.0,1.154256957141,1.2774112903463197,0,0
1822,1.0,1.158485414787,1.2774112903463197,0,0
1823,1.0,1.149965597845,1.2774112903463197,0,0
1824,1.0,1.135075531906,1.2774112903463197,0,0
1825,1.0,1.110518872433,1.2774112903463197,0,0
1826,1.0,1.118377900135,1.2774112903463197,0,0
1827,1.0,1.125091075303,1.2774112903463197,0,0
1828,1.0,1.12651488606,1.2774112903463197,0,0
1829,1.0,1.125283517106,1.2774112903463197,0,0
1830,1.0,1.155158328083,1.2774112903463197,0,0
1831,1.0,1.122598323594,1.2774112903463197,0,0
1832,1.0,1.160810111377,1.2774112903463197,0,0
1833,1.0,1.132786289308,1.2774112903463197,0,0
1834,1.0,1.160138233972,1.2774112903463197,0,0
1835,1.0,1.138256165073,1.2774112903463197,0,0
1836,1.0,1.192504415911,1.2774112903463197,0,0
1837,1.0,1.143525338904,1.2774112903463197,0,0
1838,1.0,1.183018715128,1.2774112903463197,0,0
1839,1.0,1.150786416118,1.2774112903463197,0,0
1840,1.0,1.174550462717,1.2774112903463197,0,0
1841,1.0,1.181660899997,1.2774112903463197,0,0
1842,1.0,1.170585261172,1.2774112903463197,0,0
1843,1.0,1.154852282221,1.2774112903463197,0,0
1844,1.0,1.13426947191,1.2774112903463197,0,0
1845,1.0,1.139053330848,1.2774112903463197,0,0
1846,1.0,1.113194633335,1.2774112903463197,0,0
1847,1.0,1.09551532459,1.2774112903463197,0,0
1848,1.0,1.070211975662,1.2774112903463197,0,0
1849,1.0,1.063951534453,1.2774112903463197,0,0
1850,1.0,1.073627018541,1.2774112903463197,0,0
1851,1.0,1.01664387358,1.2774112903463197,0,0
1852,1.0,1.009793270698,1.2774112903463197,0,0
1853,1.0,1.019412236169,1.2774112903463197,0,0
1854,1.0,1.007908116614,1.2774112903463197,0,0
1855,1.0,1.031307499866,1.2774112903463197,0,0
1856,1.0,1.011145546661,1.2774112903463197,0,0
1857,1.0,1.020090544484,1.2774112903463197,0,0
1858,1.0,1.009782628406,1.2774112903463197,0,0
1859,1.0,1.026224603454,1.2774112903463197,0,0
1860,1.0,1.036754561004,1.2774112903463197,0,0
1861,1.0,1.022975785747,1.2774112903463197,0,0
1862,1.0,1.002306823616,1.2774112903463197,0,0
1863,1.0,1.013911001965,1.2774112903463197,0,0
1864,1.0,1.021470323747,1.2774112903463197,0,0
1865,1.0,1.030948223469,1.2774112903463197,0,0
1866,1.0,1.034163675146,1.2774112903463197,0,0
1867,1.0,0.99022894392,1.2774112903463197,0,0
1868,1.0,0.987442304198,1.2774112903463197,0,0
1869,1.0,0.983218631057,1.2774112903463197,0,0
1870,1.0,0.989908062803,1.2774112903463197,0,0
1871,0.98,0.991272636416,1.2774112903463197,0,0
1872,0.98,1.003988102963,1.2774112903463197,0,0
1873,1.0,0.998890345754,1.2774112903463197,0,0
1874,0.98,1.001767232655,1.2774112903463197,0,0
1875,0.98,1.010081568874,1.2774112903463197,0,0
1876,0.98,0.996604169177,1.2774112903463197,0,0
1877,0.98,1.012636855094,1.2774112903463197,0,0
1878,0.98,1.015818055748,1.2774112903463197,0,0
1879,0.98,1.002953812814,1.2774112903463197,0,0
1880,0.98,1.006324250882,1.2774112903463197,0,0
1881,0.98,0.998876183764,1.2774112903463197,0,0
1882,0.98,1.00419367329,1.2774112903463197,0,0
1883,0.98,1.012014572713,1.2774112903463197,0,0
1884,0.98,1.002663179133,1.2774112903463197,0,0
1885,0.98,1.000819242484,1.2774112903463197,0,0
1886,0.98,1.001892945862,1.2774112903463197,0,0
1887,0.98,1.004881792614,1.2774112903463197,0,0
1888,1.0,1.046439708648,1.2774112903463197,0,0
1889,0.98,1.023092756856,1.2774112903463197,0,0
1890,0.98,1.010897997528,1.2774112903463197,0,0
1891,0.98,1.028728538965,1.2774112903463197,0,0
1892,1.0,1.066111435363,1.2774112903463197,0,0
1893,1.0,1.115787159978,1.2774112903463197,0,0
1894,1.0,1.1181749341,1.2774112903463197,0,0
1895,1.0,1.12842337444,1.2774112903463197,0,0
1896,1.0,1.138691578546,1.2774112903463197,0,0
1897,1.0,1.133395363376,1.2774112903463197,0,0
1898,1.0,1.155118931316,1.2774112903463197,0,0
1899,1.0,1.157423967846,1.2774112903463197,0,0
1900,1.0,1.176753113228,1.2774112903463197,0,0
1901,1.0,1.169396843762,1.2774112903463197,0,0
1902,1.0,1.149215715715,1.2774112903463197,0,0
1903,1.0,1.146880365937,1.2774112903463197,0,0
1904,1.0,1.156624671741,1.2774112903463197,0,0
1905,1.0,1.151358564588,1.2774112903463197,0,0
1906,1.0,1.190057256912,1.2774112903463197,0,0
1907,1.0,1.157287594213,1.2774112903463197,0,0
1908,1.0,1.166062893407,1.2774112903463197,0,0
1909,1.0,1.153063459577,1.2774112903463197,0,0
1910,1.0,1.162610764643,1.2774112903463197,0,0
1911,1.0,1.162210413021,1.2774112903463197,0,0
1912,1.0,1.169072870355,1.2774112903463197,0,0
1913,1.0,1.150709000019,1.2774112903463197,0,0
1914,1.0,1.171721932635,1.2774112903463197,0,0
1915,1.0,1.170552490951,1.2774112903463197,0,0
1916,1.0,1.189018629495,1.2774112903463197,0,0
1917,1.0,1.186593236357,1.2774112903463197,0,0
1918,1.0,1.188059350112,1.2774112903463197,0,0
1919,1.0,1.181871833449,1.2774112903463197,0,0
1920,1.0,1.201549857174,1.2774112903463197,0,0
1921,1.0,1.18031692554,1.2774112903463197,0,0
1922,1.0,1.184899299771,1.2774112903463197,0,0
1923,1.0,1.19922712907,1.2774112903463197,0,0
1924,1.0,1.207887127716,1.2774112903463197,0,0
1925,1.0,1.185984902943,1.2774112903463197,0,0
1926,1.0,1.210283618309,1.2774112903463197,0,0
1927,1.0,1.188870356326,1.2774112903463197,0,0
1928,1.0,1.184505434894,1.2774112903463197,0,0
1929,1.0,1.135179552679,1.2774112903463197,0,0
1930,1.0,1.157587963287,1.2774112903463197,0,0
1931,1.0,1.104142061376,1.2774112903463197,0,0
1932,1.0,1.150004437485,1.2774112903463197,0,0
1933,1.0,1.112303892009,1.2774112903463197,0,0
1934,1.0,1.065399960212,1.2774112903463197,0,0
1935,1.0,1.032310495143,1.2774112903463197,0,0
1936,1.0,1.065298105462,1.2774112903463197,0,0
1937,1.0,1.009793270698,1.2774112903463197,0,0
1938,1.0,1.019412236169,1.2774112903463197,0,0
1939,1.0,1.007908116614,1.2774112903463197,0,0
1940,1.0,1.031307499866,1.2774112903463197,0,0
1941,1.0,1.011145546661,1.2774112903463197,0,0
1942,1.0,1.020090544484,1.2774112903463197,0,0
1943,1.0,1.009782628406,1.2774112903463197,0,0
1944,1.0,1.026224603454,1.2774112903463197,0,0
1945,1.0,1.036754561004,1.2774112903463197,0,0
1946,1.0,1.022975785747,1.2774112903463197,0,0
1947,1.0,1.002306823616,1.2774112903463197,0,0
1948,1.0,1.013911001965,1.2774112903463197,0,0
1949,1.0,1.021470323747,1.2774112903463197,0,0
1950,1.0,1.030948223469,1.2774112903463197,0,0
1951,0.98,1.114987394412,1.2774112903463197,0,0
1952,0.98,1.107304266428,1.2774112903463197,0,0
1953,0.98,1.106734639382,1.2774112903463197,0,0
1954,1.0,1.119974435814,1.2774112903463197,0,0
1955,0.98,1.011864296613,1.2774112903463197,0,0
1956,0.98,1.025468449896,1.2774112903463197,0,0
1957,0.98,1.00585458911,1.2774112903463197,0,0
1958,0.98,1.024144985572,1.2774112903463197,0,0
1959,0.98,1.025319005013,1.2774112903463197,0,0
1960,0.98,1.040283328682,1.2774112903463197,0,0
1961,0.98,1.024726966737,1.2774112903463197,0,0
1962,0.98,1.033086527186,1.2774112903463197,0,0
1963,0.98,1.0077948262,1.2774112903463197,0,0
1964,0.98,1.036283763671,1.2774112903463197,0,0
1965,0.98,1.011525226054,1.2774112903463197,0,0
1966,0.98,1.017738133683,1.2774112903463197,0,0
1967,0.98,1.022403978113,1.2774112903463197,0,0
1968,0.98,1.018254067096,1.2774112903463197,0,0
1969,0.98,1.015264312927,1.2774112903463197,0,0
1970,0.98,1.016460335771,1.2774112903463197,0,0
1971,0.98,1.00693225641,1.2774112903463197,0,0
1972,0.98,1.020312647645,1.2774112903463197,0,0
1973,0.98,1.025322131773,1.2774112903463197,0,0
1974,0.98,1.023046014127,1.2774112903463197,0,0
1975,1.0,1.063571191405,1.2774112903463197,0,0
1976,0.98,1.036468249629,1.2774112903463197,0,0
1977,0.98,1.071685605096,1.2774112903463197,0,0
1978,1.0,1.072076338551,1.2774112903463197,0,0
1979,1.0,1.14013626529,1.2774112903463197,0,0
1980,1.0,1.117141849311,1.2774112903463197,0,0
1981,1.0,1.144370390454,1.2774112903463197,0,0
1982,1.0,1.111928272067,1.2774112903463197,0,0
1983,1.0,1.146722691897,1.2774112903463197,0,0
1984,1.0,1.135249081392,1.2774112903463197,0,0
1985,1.0,1.164455036679,1.2774112903463197,0,0
1986,1.0,1.116182001141,1.2774112903463197,0,0
1987,1.0,1.113592605009,1.2774112903463197,0,0
1988,1.0,1.063948306525,1.2774112903463197,0,0
1989,1.0,1.12422091728,1.2774112903463197,0,0
1990,1.0,1.075998832999,1.2774112903463197,0,0
1991,1.0,1.104514498697,1.2774112903463197,0,0
1992,1.0,1.069615046253,1.2774112903463197,0,0
1993,1.0,1.100314662549,1.2774112903463197,0,0
1994,1.0,1.072654398268,1.2774112903463197,0,0
1995,1.0,1.094759777047,1.2774112903463197,0,0
1996,1.0,1.070067857499,1.2774112903463197,0,0
1997,1.0,1.095735438985,1.2774112903463197,0,0
1998,1.0,1.066639314551,1.2774112903463197,0,0
1999,1.0,1.086648290085,1.2774112903463197,0,0
2000,1.0,1.064536456273,1.2774112903463197,0,0
2001,1.0,1.09250324351,1.2774112903463197,0,0
2002,1.0,1.066926537814,1.2774112903463197,0,0
2003,1.0,1.113725276614,1.2774112903463197,0,0
2004,1.0,1.08780123785,1.2774112903463197,0,0
2005,1.0,1.11965003626,1.2774112903463197,0,0
2006,1.0,1.1137918576,1.2774112903463197,0,0
2007,1.0,1.16555771318,1.2774112903463197,0,0
2008,1.0,1.124806798462,1.2774112903463197,0,0
2009,1.0,1.165760452287,1.2774112903463197,0,0
2010,1.0,1.118840892701,1.2774112903463197,0,0
2011,1.0,1.110002136594,1.2774112903463197,0,0
2012,1.0,1.102990653959,1.2774112903463197,0,0
2013,1.0,1.133484505515,1.2774112903463197,0,0
2014,1.0,1.063469422236,1.2774112903463197,0,0
2015,1.0,1.074698151359,1.2774112903463197,0,0
2016,1.0,1.044541992341,1.2774112903463197,0,0
2017,1.0,1.047061676013,1.2774112903463197,0,0
2018,1.0,1.02438798814,1.2774112903463197,0,0
2019,1.0,1.017030480576,1.2774112903463197,0,0
2020,1.0,1.007210028847,1.2774112903463197,0,0
2021,1.0,0.999751474049,1.2774112903463197,0,0
2022,1.0,1.00285815045,1.2774112903463197,0,0
2023,1.0,1.000466333065,1.2774112903463197,0,0
2024,1.0,0.99495122089,1.2774112903463197,0,0
2025,1.0,0.997483941003,1.2774112903463197,0,0
2026,1.0,0.999212508472,1.2774112903463197,0,0
2027,1.0,1.000822788922,1.2774112903463197,0,0
2028,1.0,1.005690339761,1.2774112903463197,0,0
2029,1.0,0.999435071367,1.2774112903463197,0,0
2030,1.0,0.997193400656,1.2774112903463197,0,0
2031,1.0,0.99896916175,1.2774112903463197,0,0
2032,1.0,1.001951455945,1.2774112903463197,0,0
2033,1.0,1.007528761792,1.2774112903463197,0,0
2034,1.0,0.9947877542,1.2774112903463197,0,0
2035,1.0,0.989325373143,1.2774112903463197,0,0
2036,1.0,1.012882935658,1.2774112903463197,0,0
2037,1.0,0.98469621664,1.2774112903463197,0,0
2038,1.0,0.997237358439,1.2774112903463197,0,0
2039,1.0,0.987442304198,1.2774112903463197,0,0
2040,1.0,0.983218631057,1.2774112903463197,0,0
2041,1.0,0.989908062803,1.2774112903463197,0,0
2042,0.98,0.991272636416,1.2774112903463197,0,0
2043,0.98,1.003988102963,1.2774112903463197,0,0
2044,1.0,0.998890345754,1.2774112903463197,0,0
2045,0.98,1.001767232655,1.2774112903463197,0,0
2046,0.98,1.010081568874,1.2774112903463197,0,0
2047,0.98,0.996604169177,1.2774112903463197,0,0
2048,0.98,1.012636855094,1.2774112903463197,0,0
2049,0.98,1.015818055748,1.2774112903463197,0,0
2050,0.98,1.002953812814,1.2774112903463197,0,0
2051,0.98,1.006324250882,1.2774112903463197,0,0
2052,0.98,0.998876183764,1.2774112903463197,0,0
2053,0.98,1.00419367329,1.2774112903463197,0,0
2054,0.98,1.012014572713,1.2774112903463197,0,0
2055,0.98,1.002663179133,1.2774112903463197,0,0
2056,0.98,1.000819242484,1.2774112903463197,0,0
2057,0.98,1.001892945862,1.2774112903463197,0,0
2058,0.98,1.004881792614,1.2774112903463197,0,0
2059,0.98,0.999051321734,1.2774112903463197,0,0
2060,1.0,1.026360881064,1.2774112903463197,0,0
2061,0.98,1.02453237099,1.2774112903463197,0,0
2062,0.98,1.004404352528,1.2774112903463197,0,0
2063,0.98,1.038245698645,1.2774112903463197,0,0
2064,1.0,1.072456228237,1.2774112903463197,0,0
2065,1.0,1.09059177506,1.2774112903463197,0,0
2066,1.0,1.087766279439,1.2774112903463197,0,0
2067,1.0,1.124483826586,1.2774112903463197,0,0
2068,1.0,1.090898308131,1.2774112903463197,0,0
2069,1.0,1.138270330205,1.2774112903463197,0,0
2070,1.0,1.106431489632,1.2774112903463197,0,0
2071,1.0,1.159629002644,1.2774112903463197,0,0
2072,1.0,1.155300356726,1.2774112903463197,0,0
2073,1.0,1.148765325347,1.2774112903463197,0,0
2074,1.0,1.129284470988,1.2774112903463197,0,0
2075,1.0,1.134915586396,1.2774112903463197,0,0
2076,1.0,1.123045159883,1.2774112903463197,0,0
2077,1.0,1.17018084895,1.2774112903463197,0,0
2078,1.0,1.119567898037,1.2774112903463197,0,0
2079,1.0,1.138718396788,1.2774112903463197,0,0
2080,1.0,1.126446386445,1.2774112903463197,0,0
2081,1.0,1.144936530982,1.2774112903463197,0,0
2082,1.0,1.120504967165,1.2774112903463197,0,0
2083,1.0,1.152303733502,1.2774112903463197,0,0
2084,1.0,1.11620763567,1.2774112903463197,0,0
2085,1.0,1.149283971602,1.2774112903463197,0,0
2086,1.0,1.122859145862,1.2774112903463197,0,0
2087,1.0,1.170719497425,1.2774112903463197,0,0
2088,1.0,1.132792976153,1.2774112903463197,0,0
2089,1.0,1.189306695637,1.2774112903463197,0,0
2090,1.0,1.145146268414,1.2774112903463197,0,0
2091,1.0,1.187063335336,1.2774112903463197,0,0
2092,1.0,1.132945891816,1.2774112903463197,0,0
2093,1.0,1.172955389532,1.2774112903463197,0,0
2094,1.0,1.14534061673,1.2774112903463197,0,0
2095,1.0,1.186215579748,1.2774112903463197,0,0
2096,1.0,1.143573943743,1.2774112903463197,0,0
2097,1.0,1.173027047665,1.2774112903463197,0,0
2098,1.0,1.150462814189,1.2774112903463197,0,0
2099,1.0,1.169695497964,1.2774112903463197,0,0
2100,1.0,1.10485971081,1.2774112903463197,0,0
2101,1.0,1.137316401153,1.2774112903463197,0,0
2102,1.0,1.100749713007,1.2774112903463197,0,0
2103,1.0,1.131327299358,1.2774112903463197,0,0
2104,1.0,1.131261339871,1.2774112903463197,0,0
2105,1.0,1.070211975662,1.2774112903463197,0,0
2106,1.0,1.063951534453,1.2774112903463197,0,0
2107,1.0,1.073627018541,1.2774112903463197,0,0
2108,1.0,1.01664387358,1.2774112903463197,0,0
2109,1.0,1.009793270698,1.2774112903463197,0,0
2110,1.0,1.019412236169,1.2774112903463197,0,0
2111,1.0,1.007908116614,1.2774112903463197,0,0
2112,1.0,1.031307499866,1.2774112903463197,0,0
2113,1.0,1.011145546661,1.2774112903463197,0,0
2114,1.0,1.020090544484,1.2774112903463197,0,0
2115,1.0,1.009782628406,1.2774112903463197,0,0
2116,1.0,1.026224603454,1.2774112903463197,0,0
2117,1.0,1.036754561004,1.2774112903463197,0,0
2118,1.0,1.022975785747,1.2774112903463197,0,0
2119,1.0,1.002306823616,1.2774112903463197,0,0
2120,1.0,1.013911001965,1.2774112903463197,0,0
2121,1.0,1.021470323747,1.2774112903463197,0,0
2122,1.0,1.030948223469,1.2774112903463197,0,0
2123,0.98,1.114987394412,1.2774112903463197,0,0
2124,0.98,1.107304266428,1.2774112903463197,0,0
2125,0.98,1.106734639382,1.2774112903463197,0,0
2126,1.0,1.119974435814,1.2774112903463197,0,0
2127,0.98,1.011864296613,1.2774112903463197,0,0
2128,0.98,1.025468449896,1.2774112903463197,0,0
2129,0.98,1.00585458911,1.2774112903463197,0,0
2130,0.98,1.024144985572,1.2774112903463197,0,0
2131,0.98,1.025319005013,1.2774112903463197,0,0
2132,0.98,1.040283328682,1.2774112903463197,0,0
2133,0.98,1.024726966737,1.2774112903463197,0,0
2134,0.98,1.033086527186,1.2774112903463197,0,0
2135,0.98,1.0077948262,1.2774112903463197,0,0
2136,0.98,1.036283763671,1.2774112903463197,0,0
2137,0.98,1.011525226054,1.2774112903463197,0,0
2138,0.98,1.017738133683,1.2774112903463197,0,0
2139,0.98,1.022403978113,1.2774112903463197,0,0
2140,0.98,1.018254067096,1.2774112903463197,0,0
2141,0.98,1.015264312927,1.2774112903463197,0,0
2142,1.0,1.050224258494,1.2774112903463197,0,0
2143,0.98,1.045664713965,1.2774112903463197,0,0
2144,0.98,1.039743965309,1.2774112903463197,0,0
2145,1.0,1.109263195728,1.2774112903463197,0,0
2146,1.0,1.076799224968,1.2774112903463197,0,0
2147,1.0,1.094161770895,1.2774112903463197,0,0
2148,1.0,1.097977908997,1.2774112903463197,0,0
2149,1.0,1.126706026085,1.2774112903463197,0,0
2150,1.0,1.12548293235,1.2774112903463197,0,0
2151,1.0,1.158118609748,1.2774112903463197,0,0
2152,1.0,1.137759720325,1.2774112903463197,0,0
2153,1.0,1.157754416704,1.2774112903463197,0,0
2154,1.0,1.13748451994,1.2774112903463197,0,0
2155,1.0,1.146606932982,1.2774112903463197,0,0
2156,1.0,1.125886713057,1.2774112903463197,0,0
2157,1.0,1.134027940203,1.2774112903463197,0,0
2158,1.0,1.151015267973,1.2774112903463197,0,0
2159,1.0,1.14732996488,1.2774112903463197,0,0
2160,1.0,1.135450541662,1.2774112903463197,0,0
2161,1.0,1.15189217632,1.2774112903463197,0,0
2162,1.0,1.138075309323,1.2774112903463197,0,0
2163,1.0,1.163429853323,1.2774112903463197,0,0
2164,1.0,1.108856074509,1.2774112903463197,0,0
2165,1.0,1.13650888165,1.2774112903463197,0,0
2166,1.0,1.102580271235,1.2774112903463197,0,0
2167,1.0,1.133921225625,1.2774112903463197,0,0
2168,1.0,1.094647440684,1.2774112903463197,0,0
2169,1.0,1.150041903056,1.2774112903463197,0,0
2170,1.0,1.116943009075,1.2774112903463197,0,0
2171,1.0,1.161621074581,1.2774112903463197,0,0
2172,1.0,1.135170324542,1.2774112903463197,0,0
2173,1.0,1.168561976593,1.2774112903463197,0,0
2174,1.0,1.128227520045,1.2774112903463197,0,0
2175,1.0,1.159105885315,1.2774112903463197,0,0
2176,1.0,1.139260597826,1.2774112903463197,0,0
2177,1.0,1.1752446416,1.2774112903463197,0,0
2178,1.0,1.15801120777,1.2774112903463197,0,0
2179,1.0,1.159244289984,1.2774112903463197,0,0
2180,1.0,1.138754455909,1.2774112903463197,0,0
2181,1.0,1.128653209916,1.2774112903463197,0,0
2182,1.0,1.129957326567,1.2774112903463197,0,0
2183,1.0,1.10138301564,1.2774112903463197,0,0
2184,1.0,1.106232278249,1.2774112903463197,0,0
2185,1.0,1.123529548602,1.2774112903463197,0,0
2186,1.0,1.045434950643,1.2774112903463197,0,0
2187,1.0,1.019677663115,1.2774112903463197,0,0
2188,1.0,1.01917549452,1.2774112903463197,0,0
2189,1.0,1.038218955471,1.2774112903463197,0,0
2190,1.0,1.000466333065,1.2774112903463197,0,0
2191,1.0,0.99495122089,1.2774112903463197,0,0
2192,1.0,0.997483941003,1.2774112903463197,0,0
2193,1.0,0.999212508472,1.2774112903463197,0,0
2194,1.0,1.000822788922,1.2774112903463197,0,0
2195,1.0,1.005690339761,1.2774112903463197,0,0
2196,1.0,0.999435071367,1.2774112903463197,0,0
2197,1.0,0.997193400656,1.2774112903463197,0,0
2198,1.0,0.99896916175,1.2774112903463197,0,0
2199,1.0,1.001951455945,1.2774112903463197,0,0
2200,1.0,1.007528761792,1.2774112903463197,0,0
2201,1.0,0.9947877542,1.2774112903463197,0,0
2202,1.0,0.989325373143,1.2774112903463197,0,0
2203,1.0,1.012882935658,1.2774112903463197,0,0
2204,1.0,0.98469621664,1.2774112903463197,0,0
2205,1.0,0.997237358439,1.2774112903463197,0,0
2206,1.0,0.987442304198,1.2774112903463197,0,0
2207,1.0,0.983218631057,1.2774112903463197,0,0
2208,0.98,0.991272636416,1.2774112903463197,0,0
2209,0.98,1.003988102963,1.2774112903463197,0,0
2210,0.98,0.996725175283,1.2774112903463197,0,0
2211,1.0,1.031353332322,1.2774112903463197,0,0
2212,0.98,1.011864296613,1.2774112903463197,0,0
2213,0.98,1.025468449896,1.2774112903463197,0,0
2214,0.98,1.00585458911,1.2774112903463197,0,0
2215,0.98,1.024144985572,1.2774112903463197,0,0
2216,0.98,1.025319005013,1.2774112903463197,0,0
2217,0.98,1.040283328682,1.2774112903463197,0,0
2218,0.98,1.024726966737,1.2774112903463197,0,0
2219,0.98,1.033086527186,1.2774112903463197,0,0
2220,0.98,1.0077948262,1.2774112903463197,0,0
2221,0.98,1.036283763671,1.2774112903463197,0,0
2222,0.98,1.011525226054,1.2774112903463197,0,0
2223,0.98,1.017738133683,1.2774112903463197,0,0
2224,0.98,1.022403978113,1.2774112903463197,0,0
2225,0.98,1.018254067096,1.2774112903463197,0,0
2226,0.98,1.015264312927,1.2774112903463197,0,0
2227,0.98,1.016460335771,1.2774112903463197,0,0
2228,0.98,1.00693225641,1.2774112903463197,0,0
2229,0.98,1.020312647645,1.2774112903463197,0,0
2230,0.98,1.025322131773,1.2774112903463197,0,0
2231,0.98,1.023046014127,1.2774112903463197,0,0
2232,1.0,1.063571191405,1.2774112903463197,0,0
2233,0.98,1.036468249629,1.2774112903463197,0,0
2234,0.98,1.071685605096,1.2774112903463197,0,0
2235,0.98,1.081577966664,1.2774112903463197,0,0
2236,1.0,1.11970457797,1.2774112903463197,0,0
2237,1.0,1.110500318878,1.2774112903463197,0,0
2238,1.0,1.137259685896,1.2774112903463197,0,0
2239,1.0,1.150544179742,1.2774112903463197,0,0
2240,1.0,1.183544974255,1.2774112903463197,0,0
2241,1.0,1.160784119421,1.2774112903463197,0,0
2242,1.0,1.182618568618,1.2774112903463197,0,0
2243,1.0,1.12920138889,1.2774112903463197,0,0
2244,1.0,1.123809915118,1.2774112903463197,0,0
2245,1.0,1.103825707557,1.2774112903463197,0,0
2246,1.0,1.137332869555,1.2774112903463197,0,0
2247,1.0,1.113024623186,1.2774112903463197,0,0
2248,1.0,1.122717756549,1.2774112903463197,0,0
2249,1.0,1.098032937677,1.2774112903463197,0,0
2250,1.0,1.105114829632,1.2774112903463197,0,0
2251,1.0,1.09705374004,1.2774112903463197,0,0
2252,1.0,1.100497098148,1.2774112903463197,0,0
2253,1.0,1.102131017542,1.2774112903463197,0,0
2254,1.0,1.111393061073,1.2774112903463197,0,0
2255,1.0,1.09443537641,1.2774112903463197,0,0
2256,1.0,1.100568676544,1.2774112903463197,0,0
2257,1.0,1.090597184484,1.2774112903463197,0,0
2258,1.0,1.114077540745,1.2774112903463197,0,0
2259,1.0,1.106769070999,1.2774112903463197,0,0
2260,1.0,1.139906044535,1.2774112903463197,0,0
2261,1.0,1.131213312367,1.2774112903463197,0,0
2262,1.0,1.12751871243,1.2774112903463197,0,0
2263,1.0,1.128514012853,1.2774112903463197,0,0
2264,1.0,1.184479410789,1.2774112903463197,0,0
2265,1.0,1.177941163988,1.2774112903463197,0,0
2266,1.0,1.21031633159,1.2774112903463197,0,0
2267,1.0,1.150555092449,1.2774112903463197,0,0
2268,1.0,1.137094312542,1.2774112903463197,0,0
2269,1.0,1.133670270717,1.2774112903463197,0,0
2270,1.0,1.151752069208,1.2774112903463197,0,0
2271,1.0,1.126494832261,1.2774112903463197,0,0
2272,1.0,1.102083472129,1.2774112903463197,0,0
2273,1.0,1.052766098714,1.2774112903463197,0,0
2274,1.0,1.074608093706,1.2774112903463197,0,0
2275,1.0,1.03559498573,1.2774112903463197,0,0
2276,1.0,1.039271568634,1.2774112903463197,0,0
2277,1.0,1.037118505855,1.2774112903463197,0,0
2278,1.0,1.02260868286,1.2774112903463197,0,0
2279,1.0,1.015760965398,1.2774112903463197,0,0
2280,1.0,1.01664387358,1.2774112903463197,0,0
2281,1.0,1.009793270698,1.2774112903463197,0,0
2282,1.0,1.019412236169,1.2774112903463197,0,0
2283,1.0,1.007908116614,1.2774112903463197,0,0
2284,1.0,1.031307499866,1.2774112903463197,0,0
2285,1.0,1.011145546661,1.2774112903463197,0,0
2286,1.0,1.020090544484,1.2774112903463197,0,0
2287,1.0,1.009782628406,1.2774112903463197,0,0
2288,1.0,1.026224603454,1.2774112903463197,0,0
2289,1.0,1.036754561004,1.2774112903463197,0,0
2290,1.0,1.022975785747,1.2774112903463197,0,0
2291,1.0,1.002306823616,1.2774112903463197,0,0
2292,1.0,1.013911001965,1.2774112903463197,0,0
2293,1.0,1.021470323747,1.2774112903463197,0,0
2294,1.0,1.030948223469,1.2774112903463197,0,0
2295,1.0,1.034163675146,1.2774112903463197,0,0
2296,1.0,0.99022894392,1.2774112903463197,0,0
2297,0.98,1.026238103143,1.2774112903463197,0,0
2298,0.98,1.039052228204,1.2774112903463197,0,0
2299,0.98,0.996725175283,1.2774112903463197,0,0
2300,1.0,1.031353332322,1.2774112903463197,0,0
2301,0.98,1.011864296613,1.2774112903463197,0,0
2302,0.98,1.025468449896,1.2774112903463197,0,0
2303,0.98,1.00585458911,1.2774112903463197,0,0
2304,0.98,1.024144985572,1.2774112903463197,0,0
2305,0.98,1.025319005013,1.2774112903463197,0,0
2306,0.98,1.040283328682,1.2774112903463197,0,0
2307,0.98,1.024726966737,1.2774112903463197,0,0
2308,0.98,1.033086527186,1.2774112903463197,0,0
2309,0.98,1.0077948262,1.2774112903463197,0,0
2310,0.98,1.036283763671,1.2774112903463197,0,0
2311,0.98,1.011525226054,1.2774112903463197,0,0
2312,0.98,1.017738133683,1.2774112903463197,0,0
2313,0.98,1.022403978113,1.2774112903463197,0,0
2314,0.98,1.018254067096,1.2774112903463197,0,0
2315,0.98,1.015264312927,1.2774112903463197,0,0
2316,0.98,1.016460335771,1.2774112903463197,0,0
2317,0.98,1.00693225641,1.2774112903463197,0,0
2318,0.98,1.020312647645,1.2774112903463197,0,0
2319,0.98,1.025322131773,1.2774112903463197,0,0
2320,1.0,1.063135599296,1.2774112903463197,0,0
2321,0.98,1.023394936717,1.2774112903463197,0,0
2322,0.98,1.074042099273,1.2774112903463197,0,0
2323,0.98,1.079362173523,1.2774112903463197,0,0
2324,1.0,1.108473774153,1.2774112903463197,0,0
2325,1.0,1.141340296218,1.2774112903463197,0,0
2326,1.0,1.112647629443,1.2774112903463197,0,0
2327,1.0,1.1565959379,1.2774112903463197,0,0
2328,1.0,1.155854150321,1.2774112903463197,0,0
2329,1.0,1.171158702642,1.2774112903463197,0,0
2330,1.0,1.172959858025,1.2774112903463197,0,0
2331,1.0,1.153326719451,1.2774112903463197,0,0
2332,1.0,1.158942336278,1.2774112903463197,0,0
2333,1.0,1.110687071134,1.2774112903463197,0,0
2334,1.0,1.122737865574,1.2774112903463197,0,0
2335,1.0,1.110454405543,1.2774112903463197,0,0
2336,1.0,1.11732540491,1.2774112903463197,0,0
2337,1.0,1.111611583986,1.2774112903463197,0,0
2338,1.0,1.118497901553,1.2774112903463197,0,0
2339,1.0,1.100425652354,1.2774112903463197,0,0
2340,1.0,1.100762779275,1.2774112903463197,0,0
2341,1.0,1.090196973848,1.2774112903463197,0,0
2342,1.0,1.10333013608,1.2774112903463197,0,0
2343,1.0,1.100695482963,1.2774112903463197,0,0
2344,1.0,1.100249641636,1.2774112903463197,0,0
2345,1.0,1.078671651458,1.2774112903463197,0,0
2346,1.0,1.110516009689,1.2774112903463197,0,0
2347,1.0,1.124331908253,1.2774112903463197,0,0
2348,1.0,1.150065968377,1.2774112903463197,0,0
2349,1.0,1.139585377854,1.2774112903463197,0,0
2350,1.0,1.135252400552,1.2774112903463197,0,0
2351,1.0,1.142741771403,1.2774112903463197,0,0
2352,1.0,1.181721190713,1.2774112903463197,0,0
2353,1.0,1.191490420174,1.2774112903463197,0,0
2354,1.0,1.175350095484,1.2774112903463197,0,0
2355,1.0,1.171646016416,1.2774112903463197,0,0
2356,1.0,1.172378223096,1.2774112903463197,0,0
2357,1.0,1.11959003809,1.2774112903463197,0,0
2358,1.0,1.138875074695,1.2774112903463197,0,0
2359,1.0,1.154550240798,1.2774112903463197,0,0
2360,1.0,1.101579553453,1.2774112903463197,0,0
2361,1.0,1.085753040852,1.2774112903463197,0,0
2362,1.0,1.044574089645,1.2774112903463197,0,0
2363,1.0,1.071311977108,1.2774112903463197,0,0
2364,1.0,1.039271568634,1.2774112903463197,0,0
2365,1.0,1.037118505855,1.2774112903463197,0,0
2366,1.0,1.02260868286,1.2774112903463197,0,0
2367,1.0,1.015760965398,1.2774112903463197,0,0
2368,1.0,1.01664387358,1.2774112903463197,0,0
2369,1.0,1.009793270698,1.2774112903463197,0,0
2370,1.0,1.019412236169,1.2774112903463197,0,0
2371,1.0,1.007908116614,1.2774112903463197,0,0
2372,1.0,1.031307499866,1.2774112903463197,0,0
2373,1.0,1.011145546661,1.2774112903463197,0,0
2374,1.0,1.020090544484,1.2774112903463197,0,0
2375,1.0,1.009782628406,1.2774112903463197,0,0
2376,1.0,1.026224603454,1.2774112903463197,0,0
2377,1.0,1.036754561004,1.2774112903463197,0,0
2378,1.0,1.022975785747,1.2774112903463197,0,0
2379,1.0,1.002306823616,1.2774112903463197,0,0
2380,1.0,1.013911001965,1.2774112903463197,0,0
2381,0.98,1.0866934651,1.2774112903463197,0,0
2382,0.98,1.102825553693,1.2774112903463197,0,0
2383,1.0,1.146215980974,1.2774112903463197,0,0
2384,0.98,1.114087311273,1.2774112903463197,0,0
2385,0.98,1.121047999867,1.2774112903463197,0,0
2386,0.98,1.028364419736,1.2774112903463197,0,0
2387,0.98,1.012636855094,1.2774112903463197,0,0
2388,0.98,1.015818055748,1.2774112903463197,0,0
2389,0.98,1.002953812814,1.2774112903463197,0,0
2390,0.98,1.006324250882,1.2774112903463197,0,0
2391,0.98,0.998876183764,1.2774112903463197,0,0
2392,0.98,1.00419367329,1.2774112903463197,0,0
2393,0.98,1.012014572713,1.2774112903463197,0,0
2394,0.98,1.002663179133,1.2774112903463197,0,0
2395,0.98,1.000819242484,1.2774112903463197,0,0
2396,0.98,1.001892945862,1.2774112903463197,0,0
2397,0.98,1.004881792614,1.2774112903463197,0,0
2398,0.98,0.999051321734,1.2774112903463197,0,0
2399,0.98,1.004343716876,1.2774112903463197,0,0
2400,0.98,0.998501427433,1.2774112903463197,0,0
2401,0.98,1.000343571215,1.2774112903463197,0,0
2402,0.98,1.012173405508,1.2774112903463197,0,0
2403,1.0,1.055596408791,1.2774112903463197,0,0
2404,0.98,1.008618328006,1.2774112903463197,0,0
2405,0.98,1.045646889776,1.2774112903463197,0,0
2406,0.98,1.070948233168,1.2774112903463197,0,0
2407,1.0,1.095067760052,1.2774112903463197,0,0
2408,1.0,1.097566606934,1.2774112903463197,0,0
2409,1.0,1.122190583846,1.2774112903463197,0,0
2410,1.0,1.140749725274,1.2774112903463197,0,0
2411,1.0,1.144257709057,1.2774112903463197,0,0
2412,1.0,1.132302946902,1.2774112903463197,0,0
2413,1.0,1.152084796407,1.2774112903463197,0,0
2414,1.0,1.124816426131,1.2774112903463197,0,0
2415,1.0,1.14922738038,1.2774112903463197,0,0
2416,1.0,1.090152331677,1.2774112903463197,0,0
2417,1.0,1.117392982049,1.2774112903463197,0,0
2418,1.0,1.079257259262,1.2774112903463197,0,0
2419,1.0,1.085825687731,1.2774112903463197,0,0
2420,1.0,1.095017339201,1.2774112903463197,0,0
2421,1.0,1.083323743406,1.2774112903463197,0,0
2422,1.0,1.087734438733,1.2774112903463197,0,0
2423,1.0,1.08096727992,1.2774112903463197,0,0
2424,1.0,1.077515894681,1.2774112903463197,0,0
2425,1.0,1.07508916367,1.2774112903463197,0,0
2426,1.0,1.09106961307,1.2774112903463197,0,0
2427,1.0,1.102911296443,1.2774112903463197,0,0
2428,1.0,1.083984370077,1.2774112903463197,0,0
2429,1.0,1.118834728589,1.2774112903463197,0,0
2430,1.0,1.116840163106,1.2774112903463197,0,0
2431,1.0,1.143079213215,1.2774112903463197,0,0
2432,1.0,1.115885942743,1.2774112903463197,0,0
2433,1.0,1.13382192951,1.2774112903463197,0,0
2434,1.0,1.149852141158,1.2774112903463197,0,0
2435,1.0,1.165038876312,1.2774112903463197,0,0
2436,1.0,1.180900243116,1.2774112903463197,0,0
2437,1.0,1.183671650666,1.2774112903463197,0,0
2438,1.0,1.13206755449,1.2774112903463197,0,0
2439,1.0,1.159020358899,1.2774112903463197,0,0
2440,1.0,1.134776944621,1.2774112903463197,0,0
2441,1.0,1.152312965348,1.2774112903463197,0,0
2442,1.0,1.179181216931,1.2774112903463197,0,0
2443,1.0,1.117246838507,1.2774112903463197,0,0
2444,1.0,1.085753040852,1.2774112903463197,0,0
2445,1.0,1.044574089645,1.2774112903463197,0,0
2446,1.0,1.071311977108,1.2774112903463197,0,0
2447,1.0,1.039271568634,1.2774112903463197,0,0
2448,1.0,1.037118505855,1.2774112903463197,0,0
2449,1.0,1.02260868286,1.2774112903463197,0,0
2450,1.0,1.015760965398,1.2774112903463197,0,0
2451,1.0,1.01664387358,1.2774112903463197,0,0
2452,1.0,1.009793270698,1.2774112903463197,0,0
2453,1.0,1.019412236169,1.2774112903463197,0,0
2454,1.0,1.007908116614,1.2774112903463197,0,0
2455,1.0,1.031307499866,1.2774112903463197,0,0
2456,1.0,1.011145546661,1.2774112903463197,0,0
2457,1.0,1.020090544484,1.2774112903463197,0,0
2458,1.0,1.009782628406,1.2774112903463197,0,0
2459,1.0,1.026224603454,1.2774112903463197,0,0
2460,1.0,1.036754561004,1.2774112903463197,0,0
2461,1.0,1.022975785747,1.2774112903463197,0,0
2462,1.0,1.002306823616,1.2774112903463197,0,0
2463,1.0,1.013911001965,1.2774112903463197,0,0
2464,1.0,1.021470323747,1.2774112903463197,0,0
2465,1.0,1.030948223469,1.2774112903463197,0,0
2466,1.0,1.034163675146,1.2774112903463197,0,0
2467,0.98,1.052200041272,1.2774112903463197,0,0
2468,0.98,1.088113844714,1.2774112903463197,0,0
2469,1.0,1.076319143693,1.2774112903463197,0,0
2470,1.0,1.024909818277,1.2774112903463197,0,0
2471,0.98,1.037905923441,1.2774112903463197,0,0
2472,0.98,1.044320876409,1.2774112903463197,0,0
2473,0.98,1.057042291898,1.2774112903463197,0,0
2474,0.98,1.070851181307,1.2774112903463197,0,0
2475,0.98,1.078393443832,1.2774112903463197,0,0
2476,0.98,1.084112068446,1.2774112903463197,0,0
2477,0.98,1.059828235303,1.2774112903463197,0,0
2478,0.98,1.072590960084,1.2774112903463197,0,0
2479,0.98,1.054645653171,1.2774112903463197,0,0
2480,0.98,1.068322394043,1.2774112903463197,0,0
2481,0.98,1.048167167405,1.2774112903463197,0,0
2482,0.98,1.055221145171,1.2774112903463197,0,0
2483,0.98,1.03928331984,1.2774112903463197,0,0
2484,0.98,1.048390849424,1.2774112903463197,0,0
2485,0.98,1.030260126107,1.2774112903463197,0,0
2486,0.98,1.039757949035,1.2774112903463197,0,0
2487,0.98,1.026581309104,1.2774112903463197,0,0
2488,1.0,1.11128543107,1.2774112903463197,0,0
2489,0.98,1.09118600964,1.2774112903463197,0,0
2490,0.98,1.097556045321,1.2774112903463197,0,0
2491,0.98,1.114073609346,1.2774112903463197,0,0
2492,1.0,1.155481382559,1.2774112903463197,0,0
2493,1.0,1.213619042785,1.2774112903463197,0,0
2494,1.0,1.185296882111,1.2774112903463197,0,0
2495,1.0,1.269547522396,1.2774112903463197,0,0
2496,1.0,1.245309748069,1.2774112903463197,0,0
2497,1.0,1.273345366271,1.2774112903463197,0,0
2498,1.0,1.25770220459,1.2774112903463197,0,0
2499,1.0,1.263394250625,1.2774112903463197,0,0
2500,1.0,1.224832033375,1.2774112903463197,0,0
2501,1.0,1.224074732446,1.2774112903463197,0,0
2502,1.0,1.198858775521,1.2774112903463197,0,0
2503,1.0,1.220364597734,1.2774112903463197,0,0
2504,1.0,1.197429574499,1.2774112903463197,0,0
2505,1.0,1.215586974781,1.2774112903463197,0,0
2506,1.0,1.18780932847,1.2774112903463197,0,0
2507,1.0,1.192599788299,1.2774112903463197,0,0
2508,1.0,1.182062852241,1.2774112903463197,0,0
2509,1.0,1.186494985869,1.2774112903463197,0,0
2510,1.0,1.171875966557,1.2774112903463197,0,0
2511,1.0,1.190835370185,1.2774112903463197,0,0
2512,1.0,1.196181647497,1.2774112903463197,0,0
2513,1.0,1.185388017401,1.2774112903463197,0,0
2514,1.0,1.193854518165,1.2774112903463197,0,0
2515,1.0,1.225807745967,1.2774112903463197,0,0
2516,1.0,1.196489684853,1.2774112903463197,0,0
2517,1.0,1.235524568039,1.2774112903463197,0,0
2518,1.0,1.196074333087,1.2774112903463197,0,0
2519,1.0,1.261499175017,1.2774112903463197,0,0
2520,1.0,1.209354855478,1.2774112903463197,0,0
2521,1.0,1.298768625421,1.2774112903463197,1,0
2522,1.0,1.266747335224,1.2774112903463197,0,0
2523,1.0,1.289760949844,1.2774112903463197,1,0
2524,1.0,1.265232954283,1.2774112903463197,0,0
2525,1.0,1.285920232984,1.2774112903463197,1,0
2526,1.0,1.2242015052,1.2774112903463197,0,0
2527,1.0,1.298396695387,1.2774112903463197,1,0
2528,1.0,1.232202811239,1.2774112903463197,0,0
2529,1.0,1.260029599495,1.2774112903463197,0,0
2530,1.0,1.175546439608,1.2774112903463197,0,0
2531,1.0,1.14609730348,1.2774112903463197,0,0
2532,1.0,1.15434120081,1.2774112903463197,0,0
2533,1.0,1.110441876453,1.2774112903463197,0,0
2534,1.0,1.02260868286,1.2774112903463197,0,0
2535,1.0,1.015760965398,1.2774112903463197,0,0
2536,1.0,1.01664387358,1.2774112903463197,0,0
2537,1.0,1.009793270698,1.2774112903463197,0,0
2538,1.0,1.019412236169,1.2774112903463197,0,0
2539,1.0,1.007908116614,1.2774112903463197,0,0
2540,1.0,1.031307499866,1.2774112903463197,0,0
2541,1.0,1.011145546661,1.2774112903463197,0,0
2542,1.0,1.020090544484,1.2774112903463197,0,0
2543,1.0,1.009782628406,1.2774112903463197,0,0
2544,1.0,1.026224603454,1.2774112903463197,0,0
2545,1.0,1.036754561004,1.2774112903463197,0,0
2546,1.0,1.022975785747,1.2774112903463197,0,0
2547,1.0,1.002306823616,1.2774112903463197,0,0
2548,1.0,1.013911001965,1.2774112903463197,0,0
2549,1.0,1.021470323747,1.2774112903463197,0,0
2550,1.0,1.030948223469,1.2774112903463197,0,0
2551,1.0,1.034163675146,1.2774112903463197,0,0
2552,1.0,0.99022894392,1.2774112903463197,0,0
2553,1.0,0.987442304198,1.2774112903463197,0,0
2554,1.0,0.983218631057,1.2774112903463197,0,0
2555,1.0,0.989908062803,1.2774112903463197,0,0
2556,1.0,0.989908062803,1.2774112903463197,0,0
2557,1.0,0.989908062803,1.2774112903463197,0,0
2558,1.0,0.989908062803,1.2774112903463197,0,0
2559,1.0,0.989908062803,1.2774112903463197,0,0
2560,0.98,0.991272636416,1.2774112903463197,0,0
2561,0.98,1.003988102963,1.2774112903463197,0,0
2562,1.0,0.998890345754,1.2774112903463197,0,0
2563,0.98,1.001767232655,1.2774112903463197,0,0
2564,0.98,1.010081568874,1.2774112903463197,0,0
2565,0.98,0.996604169177,1.2774112903463197,0,0
2566,0.98,1.012636855094,1.2774112903463197,0,0
2567,0.98,1.015818055748,1.2774112903463197,0,0
2568,0.98,1.002953812814,1.2774112903463197,0,0
2569,0.98,1.006324250882,1.2774112903463197,0,0
2570,0.98,0.998876183764,1.2774112903463197,0,0
2571,0.98,1.00419367329,1.2774112903463197,0,0
2572,0.98,1.012014572713,1.2774112903463197,0,0
2573,0.98,1.002663179133,1.2774112903463197,0,0
2574,0.98,1.000819242484,1.2774112903463197,0,0
2575,0.98,1.001892945862,1.2774112903463197,0,0
2576,0.98,1.004881792614,1.2774112903463197,0,0
2577,0.98,0.999051321734,1.2774112903463197,0,0
2578,0.98,1.004343716876,1.2774112903463197,0,0
2579,0.98,0.998501427433,1.2774112903463197,0,0
2580,0.98,1.000343571215,1.2774112903463197,0,0
2581,0.98,1.012173405508,1.2774112903463197,0,0
2582,0.98,1.009638002777,1.2774112903463197,0,0
2583,1.0,1.049867952258,1.2774112903463197,0,0
2584,0.98,1.040585644845,1.2774112903463197,0,0
2585,0.98,1.049513287919,1.2774112903463197,0,0
2586,1.0,1.081769603772,1.2774112903463197,0,0
2587,1.0,1.120158800887,1.2774112903463197,0,0
2588,1.0,1.130418734844,1.2774112903463197,0,0
2589,1.0,1.120995754294,1.2774112903463197,0,0
2590,1.0,1.128480785849,1.2774112903463197,0,0
2591,1.0,1.128036266997,1.2774112903463197,0,0
2592,1.0,1.112351324174,1.2774112903463197,0,0
2593,1.0,1.141820287735,1.2774112903463197,0,0
2594,1.0,1.106684580901,1.2774112903463197,0,0
2595,1.0,1.09151561991,1.2774112903463197,0,0
2596,1.0,1.102445726366,1.2774112903463197,0,0
2597,1.0,1.094369960848,1.2774112903463197,0,0
2598,1.0,1.103097864571,1.2774112903463197,0,0
2599,1.0,1.089519632544,1.2774112903463197,0,0
2600,1.0,1.072978567124,1.2774112903463197,0,0
2601,1.0,1.088983521598,1.2774112903463197,0,0
2602,1.0,1.071948264244,1.2774112903463197,0,0
2603,1.0,1.086941458184,1.2774112903463197,0,0
2604,1.0,1.079606910121,1.2774112903463197,0,0
2605,1.0,1.082366900362,1.2774112903463197,0,0
2606,1.0,1.0819200164,1.2774112903463197,0,0
2607,1.0,1.068888691495,1.2774112903463197,0,0
2608,1.0,1.083601723813,1.2774112903463197,0,0
2609,1.0,1.077595402017,1.2774112903463197,0,0
2610,1.0,1.088990338743,1.2774112903463197,0,0
2611,1.0,1.101367947399,1.2774112903463197,0,0
2612,1.0,1.121007747365,1.2774112903463197,0,0
2613,1.0,1.119062791002,1.2774112903463197,0,0
2614,1.0,1.121921166124,1.2774112903463197,0,0
2615,1.0,1.164945941435,1.2774112903463197,0,0
2616,1.0,1.142216505833,1.2774112903463197,0,0
2617,1.0,1.150461416162,1.2774112903463197,0,0
2618,1.0,1.11595542227,1.2774112903463197,0,0
2619,1.0,1.132872854503,1.2774112903463197,0,0
2620,1.0,1.115886394224,1.2774112903463197,0,0
2621,1.0,1.162325700396,1.2774112903463197,0,0
2622,1.0,1.116284125509,1.2774112903463197,0,0
2623,1.0,1.074698151359,1.2774112903463197,0,0
2624,1.0,1.044541992341,1.2774112903463197,0,0
2625,1.0,1.047061676013,1.2774112903463197,0,0
2626,1.0,1.02438798814,1.2774112903463197,0,0
2627,1.0,1.017030480576,1.2774112903463197,0,0
2628,1.0,1.007210028847,1.2774112903463197,0,0
2629,1.0,0.999751474049,1.2774112903463197,0,0
2630,1.0,1.00285815045,1.2774112903463197,0,0
2631,1.0,1.000466333065,1.2774112903463197,0,0
2632,1.0,0.99495122089,1.2774112903463197,0,0
2633,1.0,0.997483941003,1.2774112903463197,0,0
2634,1.0,0.999212508472,1.2774112903463197,0,0
2635,1.0,1.000822788922,1.2774112903463197,0,0
2636,1.0,1.005690339761,1.2774112903463197,0,0
2637,1.0,0.999435071367,1.2774112903463197,0,0
2638,1.0,0.997193400656,1.2774112903463197,0,0
2639,1.0,0.99896916175,1.2774112903463197,0,0
2640,1.0,1.001951455945,1.2774112903463197,0,0
2641,1.0,1.007528761792,1.2774112903463197,0,0
2642,1.0,0.9947877542,1.2774112903463197,0,0
2643,1.0,0.989325373143,1.2774112903463197,0,0
2644,1.0,1.012882935658,1.2774112903463197,0,0
2645,1.0,0.98469621664,1.2774112903463197,0,0
2646,0.98,1.084278890564,1.2774112903463197,0,0
2647,0.98,1.088113844714,1.2774112903463197,0,0
2648,0.98,1.050952607685,1.2774112903463197,0,0
2649,1.0,1.031353332322,1.2774112903463197,0,0
2650,1.0,1.065937514268,1.2774112903463197,0,0
2651,0.98,1.061989801631,1.2774112903463197,0,0
2652,0.98,1.068523143689,1.2774112903463197,0,0
2653,0.98,1.07359572973,1.2774112903463197,0,0
2654,0.98,1.093594863107,1.2774112903463197,0,0
2655,0.98,1.111438850591,1.2774112903463197,0,0
2656,0.98,1.102157199223,1.2774112903463197,0,0
2657,0.98,1.076905159422,1.2774112903463197,0,0
2658,0.98,1.077054270988,1.2774112903463197,0,0
2659,0.98,1.049477355606,1.2774112903463197,0,0
2660,0.98,1.083317116314,1.2774112903463197,0,0
2661,0.98,1.056847762177,1.2774112903463197,0,0
2662,0.98,1.05850134648,1.2774112903463197,0,0
2663,0.98,1.051671583223,1.2774112903463197,0,0
2664,0.98,1.053608322577,1.2774112903463197,0,0
2665,0.98,1.03419295941,1.2774112903463197,0,0
2666,0.98,1.038241803404,1.2774112903463197,0,0
2667,0.98,1.038164072484,1.2774112903463197,0,0
2668,0.98,1.049576225505,1.2774112903463197,0,0
2669,0.98,1.039501538993,1.2774112903463197,0,0
2670,0.98,1.07251215716,1.2774112903463197,0,0
2671,1.0,1.115399739961,1.2774112903463197,0,0
2672,1.0,1.131543205629,1.2774112903463197,0,0
2673,1.0,1.232386161386,1.2774112903463197,0,0
2674,1.0,1.199660867393,1.2774112903463197,0,0
2675,1.0,1.23014142949,1.2774112903463197,0,0
2676,1.0,1.183816882266,1.2774112903463197,0,0
2677,1.0,1.261582527572,1.2774112903463197,0,0
2678,1.0,1.216154611047,1.2774112903463197,0,0
2679,1.0,1.252940765334,1.2774112903463197,0,0
2680,1.0,1.168478212744,1.2774112903463197,0,0
2681,1.0,1.206148314839,1.2774112903463197,0,0
2682,1.0,1.182546486041,1.2774112903463197,0,0
2683,1.0,1.221679677184,1.2774112903463197,0,0
2684,1.0,1.179937960531,1.2774112903463197,0,0
2685,1.0,1.178407777137,1.2774112903463197,0,0
2686,1.0,1.145551008551,1.2774112903463197,0,0
2687,1.0,1.183281183892,1.2774112903463197,0,0
2688,1.0,1.16413402138,1.2774112903463197,0,0
2689,1.0,1.181292625066,1.2774112903463197,0,0
2690,1.0,1.141687153215,1.2774112903463197,0,0
2691,1.0,1.155831469891,1.2774112903463197,0,0
2692,1.0,1.141424419074,1.2774112903463197,0,0
2693,1.0,1.181305918688,1.2774112903463197,0,0
2694,1.0,1.143334594689,1.2774112903463197,0,0
2695,1.0,1.168151325473,1.2774112903463197,0,0
2696,1.0,1.133965984921,1.2774112903463197,0,0
2697,1.0,1.164724406337,1.2774112903463197,0,0
2698,1.0,1.153575557726,1.2774112903463197,0,0
2699,1.0,1.204631772685,1.2774112903463197,0,0
2700,1.0,1.205496444872,1.2774112903463197,0,0
2701,1.0,1.222107493162,1.2774112903463197,0,0
2702,1.0,1.201089687813,1.2774112903463197,0,0
2703,1.0,1.209989445017,1.2774112903463197,0,0
2704,1.0,1.190524416002,1.2774112903463197,0,0
2705,1.0,1.249677076984,1.2774112903463197,0,0
2706,1.0,1.185541106181,1.2774112903463197,0,0
2707,1.0,1.199242944964,1.2774112903463197,0,0
2708,1.0,1.148658924302,1.2774112903463197,0,0
2709,1.0,1.156017194308,1.2774112903463197,0,0
2710,1.0,1.119001591206,1.2774112903463197,0,0
2711,0.98,1.169650603558,1.2774112903463197,0,0
2712,1.0,1.082219192717,1.2774112903463197,0,0
2713,1.0,1.08504908894,1.2774112903463197,0,0
2714,1.0,1.033120471652,1.2774112903463197,0,0
2715,1.0,1.024341471988,1.2774112903463197,0,0
2716,1.0,1.035343277767,1.2774112903463197,0,0
2717,1.0,1.022132200525,1.2774112903463197,0,0
2718,1.0,1.016073337659,1.2774112903463197,0,0
2719,1.0,1.021184661453,1.2774112903463197,0,0
2720,1.0,1.009605693426,1.2774112903463197,0,0
2721,1.0,1.017786148372,1.2774112903463197,0,0
2722,1.0,1.021985967415,1.2774112903463197,0,0
2723,1.0,1.037605148899,1.2774112903463197,0,0
2724,1.0,1.034177033539,1.2774112903463197,0,0
2725,1.0,1.036423312677,1.2774112903463197,0,0
2726,1.0,1.034320346286,1.2774112903463197,0,0
2727,1.0,1.038457014197,1.2774112903463197,0,0
2728,1.0,1.041858901231,1.2774112903463197,0,0
2729,1.0,1.069286998454,1.2774112903463197,0,0
2730,1.0,1.079911273822,1.2774112903463197,0,0
2731,1.0,1.08005774742,1.2774112903463197,0,0
2732,0.98,1.091305629018,1.2774112903463197,0,0
2733,0.98,1.054188411017,1.2774112903463197,0,0
2734,1.0,1.083369094938,1.2774112903463197,0,0
2735,0.98,1.006980748098,1.2774112903463197,0,0
2736,0.98,1.071161965658,1.2774112903463197,0,0
2737,0.98,1.023620562535,1.2774112903463197,0,0
2738,0.98,1.106892605219,1.2774112903463197,0,0
2739,0.98,1.037603858311,1.2774112903463197,0,0
2740,0.98,1.067218264897,1.2774112903463197,0,0
2741,0.98,1.035403701525,1.2774112903463197,0,0
2742,0.98,1.086999811011,1.2774112903463197,0,0
2743,0.98,1.026275654636,1.2774112903463197,0,0
2744,0.98,1.08808754156,1.2774112903463197,0,0
2745,0.98,1.009384526559,1.2774112903463197,0,0
2746,0.98,1.02815933124,1.2774112903463197,0,0
2747,0.98,1.005008589286,1.2774112903463197,0,0
2748,0.98,1.058013236472,1.2774112903463197,0,0
2749,0.98,1.010290186416,1.2774112903463197,0,0
2750,0.98,1.030269681122,1.2774112903463197,0,0
2751,1.0,1.037073019619,1.2774112903463197,0,0
2752,0.98,1.100009549937,1.2774112903463197,0,0
2753,0.98,1.044100256723,1.2774112903463197,0,0
2754,0.98,1.136515938294,1.2774112903463197,0,0
2755,1.0,1.075871184254,1.2774112903463197,0,0
2756,1.0,1.189500267616,1.2774112903463197,0,0
2757,1.0,1.120323661366,1.2774112903463197,0,0
2758,1.0,1.208156749159,1.2774112903463197,0,0
2759,1.0,1.16607822984,1.2774112903463197,0,0
2760,1.0,1.218168105905,1.2774112903463197,0,0
2761,1.0,1.154469245831,1.2774112903463197,0,0
2762,1.0,1.228182802194,1.2774112903463197,0,0
2763,1.0,1.159192060397,1.2774112903463197,0,0
2764,1.0,1.188004702899,1.2774112903463197,0,0
2765,1.0,1.150397016805,1.2774112903463197,0,0
2766,1.0,1.209989653597,1.2774112903463197,0,0
2767,1.0,1.158526061602,1.2774112903463197,0,0
2768,1.0,1.214843889831,1.2774112903463197,0,0
2769,1.0,1.151802764211,1.2774112903463197,0,0
2770,1.0,1.178468613534,1.2774112903463197,0,0
2771,1.0,1.128237757194,1.2774112903463197,0,0
2772,1.0,1.216739106627,1.2774112903463197,0,0
2773,1.0,1.144525123846,1.2774112903463197,0,0
2774,1.0,1.188148590903,1.2774112903463197,0,0
2775,1.0,1.100713757069,1.2774112903463197,0,0
2776,1.0,1.125411708482,1.2774112903463197,0,0
2777,1.0,1.10811313129,1.2774112903463197,0,0
2778,1.0,1.154030340448,1.2774112903463197,0,0
2779,1.0,1.135948661338,1.2774112903463197,0,0
2780,1.0,1.174371464358,1.2774112903463197,0,0
2781,1.0,1.142763310408,1.2774112903463197,0,0
2782,1.0,1.161195103556,1.2774112903463197,0,0
2783,1.0,1.1458066069,1.2774112903463197,0,0
2784,1.0,1.189206321343,1.2774112903463197,0,0
2785,1.0,1.137404609971,1.2774112903463197,0,0
2786,1.0,1.189941466873,1.2774112903463197,0,0
2787,1.0,1.150693450438,1.2774112903463197,0,0
2788,1.0,1.175745862319,1.2774112903463197,0,0
2789,1.0,1.169723138294,1.2774112903463197,0,0
2790,1.0,1.168087774606,1.2774112903463197,0,0
2791,1.0,1.157002101896,1.2774112903463197,0,0
2792,1.0,1.137771979251,1.2774112903463197,0,0
2793,1.0,1.135323955648,1.2774112903463197,0,0
2794,1.0,1.127240915236,1.2774112903463197,0,0
2795,1.0,1.107182608251,1.2774112903463197,0,0
2796,1.0,1.08193211967,1.2774112903463197,0,0
2797,1.0,1.098427824206,1.2774112903463197,0,0
2798,1.0,1.015760965398,1.2774112903463197,0,0
2799,1.0,1.01664387358,1.2774112903463197,0,0
2800,1.0,1.009793270698,1.2774112903463197,0,0
2801,1.0,1.019412236169,1.2774112903463197,0,0
2802,1.0,1.007908116614,1.2774112903463197,0,0
2803,1.0,1.031307499866,1.2774112903463197,0,0
2804,1.0,1.011145546661,1.2774112903463197,0,0
2805,1.0,1.020090544484,1.2774112903463197,0,0
2806,1.0,1.009782628406,1.2774112903463197,0,0
2807,1.0,1.026224603454,1.2774112903463197,0,0
2808,0.98,1.068974007416,1.2774112903463197,0,0
2809,0.98,1.108369917891,1.2774112903463197,0,0
2810,0.98,1.101044490174,1.2774112903463197,0,0
2811,1.0,1.169657416056,1.2774112903463197,0,0
2812,0.98,1.171897924137,1.2774112903463197,0,0
2813,0.98,1.160724098338,1.2774112903463197,0,0
2814,0.98,1.166928621454,1.2774112903463197,0,0
2815,0.98,1.155598263798,1.2774112903463197,0,0
2816,0.98,1.112417769603,1.2774112903463197,0,0
2817,0.98,1.07278366434,1.2774112903463197,0,0
2818,0.98,1.024726966737,1.2774112903463197,0,0
2819,0.98,1.033086527186,1.2774112903463197,0,0
2820,0.98,1.0077948262,1.2774112903463197,0,0
2821,0.98,1.036283763671,1.2774112903463197,0,0
2822,0.98,1.011525226054,1.2774112903463197,0,0
2823,0.98,1.017738133683,1.2774112903463197,0,0
2824,0.98,1.022403978113,1.2774112903463197,0,0
2825,0.98,1.018254067096,1.2774112903463197,0,0
2826,0.98,1.015264312927,1.2774112903463197,0,0
2827,0.98,1.016460335771,1.2774112903463197,0,0
2828,0.98,1.00693225641,1.2774112903463197,0,0
2829,0.98,1.020312647645,1.2774112903463197,0,0
2830,1.0,1.080816596684,1.2774112903463197,0,0
2831,0.98,1.028806233354,1.2774112903463197,0,0
2832,0.98,1.051639199525,1.2774112903463197,0,0
2833,0.98,1.078538646608,1.2774112903463197,0,0
2834,1.0,1.098410497248,1.2774112903463197,0,0
2835,1.0,1.182325172567,1.2774112903463197,0,0
2836,1.0,1.158939057062,1.2774112903463197,0,0
2837,1.0,1.168819162819,1.2774112903463197,0,0
2838,1.0,1.16641898134,1.2774112903463197,0,0
2839,1.0,1.177736184317,1.2774112903463197,0,0
2840,1.0,1.186576804754,1.2774112903463197,0,0
2841,1.0,1.188554325768,1.2774112903463197,0,0
2842,1.0,1.17609944153,1.2774112903463197,0,0
2843,1.0,1.14558972707,1.2774112903463197,0,0
2844,1.0,1.118216693428,1.2774112903463197,0,0
2845,1.0,1.142676490617,1.2774112903463197,0,0
2846,1.0,1.133255636228,1.2774112903463197,0,0
2847,1.0,1.13533864764,1.2774112903463197,0,0
2848,1.0,1.103172970632,1.2774112903463197,0,0
2849,1.0,1.132147137292,1.2774112903463197,0,0
2850,1.0,1.11431477383,1.2774112903463197,0,0
2851,1.0,1.127856971727,1.2774112903463197,0,0
2852,1.0,1.109191396173,1.2774112903463197,0,0
2853,1.0,1.126679687894,1.2774112903463197,0,0
2854,1.0,1.106363157623,1.2774112903463197,0,0
2855,1.0,1.100301857883,1.2774112903463197,0,0
2856,1.0,1.117850904169,1.2774112903463197,0,0
2857,1.0,1.13330132033,1.2774112903463197,0,0
2858,1.0,1.12450483588,1.2774112903463197,0,0
2859,1.0,1.161802910597,1.2774112903463197,0,0
2860,1.0,1.143779800632,1.2774112903463197,0,0
2861,1.0,1.190630416245,1.2774112903463197,0,0
2862,1.0,1.145359679267,1.2774112903463197,0,0
2863,1.0,1.22444014988,1.2774112903463197,0,0
2864,1.0,1.203807570614,1.2774112903463197,0,0
2865,1.0,1.200196330528,1.2774112903463197,0,0
2866,1.0,1.173525552997,1.2774112903463197,0,0
2867,1.0,1.178124918448,1.2774112903463197,0,0
2868,1.0,1.134178208844,1.2774112903463197,0,0
2869,1.0,1.218052391781,1.2774112903463197,0,0
2870,1.0,1.158759459002,1.2774112903463197,0,0
2871,1.0,1.110637952843,1.2774112903463197,0,0
2872,1.0,1.076208145787,1.2774112903463197,0,0
2873,1.0,1.05156185079,1.2774112903463197,0,0
2874,1.0,1.104490137784,1.2774112903463197,0,0
2875,1.0,1.037118505855,1.2774112903463197,0,0
2876,1.0,1.02260868286,1.2774112903463197,0,0
2877,1.0,1.015760965398,1.2774112903463197,0,0
2878,1.0,1.01664387358,1.2774112903463197,0,0
2879,1.0,1.009793270698,1.2774112903463197,0,0
2880,1.0,1.019412236169,1.2774112903463197,0,0
2881,1.0,1.007908116614,1.2774112903463197,0,0
2882,1.0,1.031307499866,1.2774112903463197,0,0
2883,1.0,1.011145546661,1.2774112903463197,0,0
2884,1.0,1.020090544484,1.2774112903463197,0,0
2885,1.0,1.009782628406,1.2774112903463197,0,0
2886,1.0,1.026224603454,1.2774112903463197,0,0
2887,1.0,1.036754561004,1.2774112903463197,0,0
2888,1.0,1.022975785747,1.2774112903463197,0,0
2889,1.0,1.002306823616,1.2774112903463197,0,0
2890,1.0,1.013911001965,1.2774112903463197,0,0
2891,1.0,1.021470323747,1.2774112903463197,0,0
2892,1.0,1.030948223469,1.2774112903463197,0,0
2893,1.0,1.034163675146,1.2774112903463197,0,0
2894,1.0,0.99022894392,1.2774112903463197,0,0
2895,1.0,0.987442304198,1.2774112903463197,0,0
2896,1.0,0.983218631057,1.2774112903463197,0,0
2897,1.0,0.989908062803,1.2774112903463197,0,0
2898,1.0,0.989908062803,1.2774112903463197,0,0
2899,1.0,0.989908062803,1.2774112903463197,0,0
2900,1.0,0.989908062803,1.2774112903463197,0,0
2901,1.0,0.989908062803,1.2774112903463197,0,0
2902,1.0,0.989908062803,1.2774112903463197,0,0
2903,0.98,0.991272636416,1.2774112903463197,0,0
2904,0.98,1.003988102963,1.2774112903463197,0,0
2905,0.98,0.996725175283,1.2774112903463197,0,0
2906,1.0,1.031353332322,1.2774112903463197,0,0
2907,0.98,1.011864296613,1.2774112903463197,0,0
2908,0.98,1.025468449896,1.2774112903463197,0,0
2909,0.98,1.00585458911,1.2774112903463197,0,0
2910,0.98,1.024144985572,1.2774112903463197,0,0
2911,0.98,1.025319005013,1.2774112903463197,0,0
2912,0.98,1.040283328682,1.2774112903463197,0,0
2913,0.98,1.024726966737,1.2774112903463197,0,0
2914,0.98,1.033086527186,1.2774112903463197,0,0
2915,0.98,1.0077948262,1.2774112903463197,0,0
2916,0.98,1.036283763671,1.2774112903463197,0,0
2917,0.98,1.011525226054,1.2774112903463197,0,0
2918,0.98,1.017738133683,1.2774112903463197,0,0
2919,0.98,1.022403978113,1.2774112903463197,0,0
2920,0.98,1.018254067096,1.2774112903463197,0,0
2921,0.98,1.015264312927,1.2774112903463197,0,0
2922,0.98,1.016460335771,1.2774112903463197,0,0
2923,0.98,1.00693225641,1.2774112903463197,0,0
2924,0.98,1.020312647645,1.2774112903463197,0,0
2925,0.98,1.025322131773,1.2774112903463197,0,0
2926,1.0,1.063135599296,1.2774112903463197,0,0
2927,0.98,1.023394936717,1.2774112903463197,0,0
2928,0.98,1.074042099273,1.2774112903463197,0,0
2929,1.0,1.057285383051,1.2774112903463197,0,0
2930,1.0,1.160915572655,1.2774112903463197,0,0
2931,1.0,1.140295001063,1.2774112903463197,0,0
2932,1.0,1.14110435679,1.2774112903463197,0,0
2933,1.0,1.124497497102,1.2774112903463197,0,0
2934,1.0,1.144615488566,1.2774112903463197,0,0
2935,1.0,1.130362582837,1.2774112903463197,0,0
2936,1.0,1.179203094942,1.2774112903463197,0,0
2937,1.0,1.117229034721,1.2774112903463197,0,0
2938,1.0,1.133090576772,1.2774112903463197,0,0
2939,1.0,1.09430706393,1.2774112903463197,0,0
2940,1.0,1.127410297103,1.2774112903463197,0,0
2941,1.0,1.109622406587,1.2774112903463197,0,0
2942,1.0,1.125525730377,1.2774112903463197,0,0
2943,1.0,1.083471328284,1.2774112903463197,0,0
2944,1.0,1.110464425005,1.2774112903463197,0,0
2945,1.0,1.092239235881,1.2774112903463197,0,0
2946,1.0,1.10217837352,1.2774112903463197,0,0
2947,1.0,1.070523108419,1.2774112903463197,0,0
2948,1.0,1.094463774779,1.2774112903463197,0,0
2949,1.0,1.074456194388,1.2774112903463197,0,0
2950,1.0,1.086234565908,1.2774112903463197,0,0
2951,1.0,1.065453907853,1.2774112903463197,0,0
2952,1.0,1.083426335151,1.2774112903463197,0,0
2953,1.0,1.094286913036,1.2774112903463197,0,0
2954,1.0,1.117497088199,1.2774112903463197,0,0
2955,1.0,1.12502241411,1.2774112903463197,0,0
2956,1.0,1.123825823712,1.2774112903463197,0,0
2957,1.0,1.12929347067,1.2774112903463197,0,0
2958,1.0,1.147459913412,1.2774112903463197,0,0
2959,1.0,1.164553558736,1.2774112903463197,0,0
2960,1.0,1.160936917972,1.2774112903463197,0,0
2961,1.0,1.132467415424,1.2774112903463197,0,0
2962,1.0,1.130755452013,1.2774112903463197,0,0
2963,1.0,1.096157284507,1.2774112903463197,0,0
2964,1.0,1.126934632581,1.2774112903463197,0,0
2965,1.0,1.12079687165,1.2774112903463197,0,0
2966,1.0,1.08964553609,1.2774112903463197,0,0
2967,1.0,1.056052056972,1.2774112903463197,0,0
2968,1.0,1.021761594981,1.2774112903463197,0,0
2969,1.0,1.079088210123,1.2774112903463197,0,0
2970,1.0,1.017030480576,1.2774112903463197,0,0
2971,1.0,1.007210028847,1.2774112903463197,0,0
2972,1.0,0.999751474049,1.2774112903463197,0,0
2973,1.0,1.00285815045,1.2774112903463197,0,0
2974,1.0,1.000466333065,1.2774112903463197,0,0
2975,1.0,0.99495122089,1.2774112903463197,0,0
2976,1.0,0.997483941003,1.2774112903463197,0,0
2977,1.0,0.999212508472,1.2774112903463197,0,0
2978,1.0,1.000822788922,1.2774112903463197,0,0
2979,1.0,1.005690339761,1.2774112903463197,0,0
2980,1.0,0.999435071367,1.2774112903463197,0,0
2981,1.0,0.997193400656,1.2774112903463197,0,0
2982,1.0,0.99896916175,1.2774112903463197,0,0
2983,1.0,1.001951455945,1.2774112903463197,0,0
2984,1.0,1.007528761792,1.2774112903463197,0,0
2985,1.0,0.9947877542,1.2774112903463197,0,0
2986,1.0,0.989325373143,1.2774112903463197,0,0
2987,1.0,1.012882935658,1.2774112903463197,0,0
2988,1.0,0.98469621664,1.2774112903463197,0,0
2989,1.0,0.997237358439,1.2774112903463197,0,0
2990,1.0,0.987442304198,1.2774112903463197,0,0
2991,1.0,0.983218631057,1.2774112903463197,0,0
2992,1.0,0.989908062803,1.2774112903463197,0,0
2993,1.0,0.989908062803,1.2774112903463197,0,0
2994,1.0,0.989908062803,1.2774112903463197,0,0
2995,1.0,0.989908062803,1.2774112903463197,0,0
2996,0.98,0.991272636416,1.2774112903463197,0,0
2997,0.98,1.003988102963,1.2774112903463197,0,0
2998,0.98,0.996725175283,1.2774112903463197,0,0
2999,1.0,1.031353332322,1.2774112903463197,0,0
3000,0.98,1.011864296613,1.2774112903463197,0,0
3001,0.98,1.025468449896,1.2774112903463197,0,0
3002,0.98,1.00585458911,1.2774112903463197,0,0
3003,0.98,1.024144985572,1.2774112903463197,0,0
3004,0.98,1.025319005013,1.2774112903463197,0,0
3005,0.98,1.040283328682,1.2774112903463197,0,0
3006,0.98,1.024726966737,1.2774112903463197,0,0
3007,0.98,1.033086527186,1.2774112903463197,0,0
3008,0.98,1.0077948262,1.2774112903463197,0,0
3009,0.98,1.036283763671,1.2774112903463197,0,0
3010,0.98,1.011525226054,1.2774112903463197,0,0
3011,0.98,1.017738133683,1.2774112903463197,0,0
3012,0.98,1.022403978113,1.2774112903463197,0,0
3013,0.98,1.018254067096,1.2774112903463197,0,0
3014,0.98,1.015264312927,1.2774112903463197,0,0
3015,0.98,1.016460335771,1.2774112903463197,0,0
3016,0.98,1.00693225641,1.2774112903463197,0,0
3017,0.98,1.020312647645,1.2774112903463197,0,0
3018,0.98,1.025322131773,1.2774112903463197,0,0
3019,1.0,1.063135599296,1.2774112903463197,0,0
3020,0.98,1.023394936717,1.2774112903463197,0,0
3021,0.98,1.074042099273,1.2774112903463197,0,0
3022,0.98,1.079362173523,1.2774112903463197,0,0
3023,1.0,1.108473774153,1.2774112903463197,0,0
3024,1.0,1.141340296218,1.2774112903463197,0,0
3025,1.0,1.112647629443,1.2774112903463197,0,0
3026,1.0,1.1565959379,1.2774112903463197,0,0
3027,1.0,1.155854150321,1.2774112903463197,0,0
3028,1.0,1.171158702642,1.2774112903463197,0,0
3029,1.0,1.172959858025,1.2774112903463197,0,0
3030,1.0,1.153326719451,1.2774112903463197,0,0
3031,1.0,1.158942336278,1.2774112903463197,0,0
3032,1.0,1.110687071134,1.2774112903463197,0,0
3033,1.0,1.122737865574,1.2774112903463197,0,0
3034,1.0,1.110454405543,1.2774112903463197,0,0
3035,1.0,1.11732540491,1.2774112903463197,0,0
3036,1.0,1.111611583986,1.2774112903463197,0,0
3037,1.0,1.118497901553,1.2774112903463197,0,0
3038,1.0,1.100425652354,1.2774112903463197,0,0
3039,1.0,1.100762779275,1.2774112903463197,0,0
3040,1.0,1.090196973848,1.2774112903463197,0,0
3041,1.0,1.10333013608,1.2774112903463197,0,0
3042,1.0,1.100695482963,1.2774112903463197,0,0
3043,1.0,1.100249641636,1.2774112903463197,0,0
3044,1.0,1.078671651458,1.2774112903463197,0,0
3045,1.0,1.110516009689,1.2774112903463197,0,0
3046,1.0,1.124331908253,1.2774112903463197,0,0
3047,1.0,1.150065968377,1.2774112903463197,0,0
3048,1.0,1.139585377854,1.2774112903463197,0,0
3049,1.0,1.135252400552,1.2774112903463197,0,0
3050,1.0,1.142741771403,1.2774112903463197,0,0
3051,1.0,1.181721190713,1.2774112903463197,0,0
3052,1.0,1.191490420174,1.2774112903463197,0,0
3053,1.0,1.175350095484,1.2774112903463197,0,0
3054,1.0,1.171646016416,1.2774112903463197,0,0
3055,1.0,1.172378223096,1.2774112903463197,0,0
3056,1.0,1.11959003809,1.2774112903463197,0,0
3057,1.0,1.138875074695,1.2774112903463197,0,0
3058,1.0,1.154550240798,1.2774112903463197,0,0
3059,1.0,1.101579553453,1.2774112903463197,0,0
3060,1.0,1.085753040852,1.2774112903463197,0,0
3061,1.0,1.044574089645,1.2774112903463197,0,0
3062,1.0,1.071311977108,1.2774112903463197,0,0
3063,1.0,1.039271568634,1.2774112903463197,0,0
3064,1.0,1.037118505855,1.2774112903463197,0,0
3065,1.0,1.02260868286,1.2774112903463197,0,0
3066,1.0,1.015760965398,1.2774112903463197,0,0
3067,1.0,1.01664387358,1.2774112903463197,0,0
3068,1.0,1.009793270698,1.2774112903463197,0,0
3069,1.0,1.019412236169,1.2774112903463197,0,0
3070,1.0,1.007908116614,1.2774112903463197,0,0
3071,1.0,1.031307499866,1.2774112903463197,0,0
3072,1.0,1.011145546661,1.2774112903463197,0,0
3073,1.0,1.020090544484,1.2774112903463197,0,0
3074,1.0,1.009782628406,1.2774112903463197,0,0
3075,1.0,1.026224603454,1.2774112903463197,0,0
3076,1.0,1.036754561004,1.2774112903463197,0,0
3077,1.0,1.022975785747,1.2774112903463197,0,0
3078,1.0,1.002306823616,1.2774112903463197,0,0
3079,1.0,1.013911001965,1.2774112903463197,0,0
3080,1.0,1.021470323747,1.2774112903463197,0,0
3081,1.0,1.030948223469,1.2774112903463197,0,0
3082,1.0,1.034163675146,1.2774112903463197,0,0
3083,1.0,0.99022894392,1.2774112903463197,0,0
3084,1.0,0.987442304198,1.2774112903463197,0,0
3085,1.0,0.983218631057,1.2774112903463197,0,0
3086,1.0,0.989908062803,1.2774112903463197,0,0
3087,1.0,0.989908062803,1.2774112903463197,0,0
3088,1.0,0.989908062803,1.2774112903463197,0,0
3089,1.0,0.989908062803,1.2774112903463197,0,0
3090,1.0,0.989908062803,1.2774112903463197,0,0
3091,1.0,0.989908062803,1.2774112903463197,0,0
3092,0.98,0.991272636416,1.2774112903463197,0,0
3093,0.98,1.003988102963,1.2774112903463197,0,0
3094,0.98,0.996725175283,1.2774112903463197,0,0
3095,1.0,1.031353332322,1.2774112903463197,0,0
3096,0.98,1.011864296613,1.2774112903463197,0,0
3097,0.98,1.025468449896,1.2774112903463197,0,0
3098,0.98,1.00585458911,1.2774112903463197,0,0
3099,0.98,1.024144985572,1.2774112903463197,0,0
3100,0.98,1.025319005013,1.2774112903463197,0,0
3101,0.98,1.040283328682,1.2774112903463197,0,0
3102,0.98,1.024726966737,1.2774112903463197,0,0
3103,0.98,1.033086527186,1.2774112903463197,0,0
3104,0.98,1.0077948262,1.2774112903463197,0,0
3105,0.98,1.036283763671,1.2774112903463197,0,0
3106,0.98,1.011525226054,1.2774112903463197,0,0
3107,0.98,1.017738133683,1.2774112903463197,0,0
3108,0.98,1.022403978113,1.2774112903463197,0,0
3109,0.98,1.018254067096,1.2774112903463197,0,0
3110,0.98,1.015264312927,1.2774112903463197,0,0
3111,0.98,1.016460335771,1.2774112903463197,0,0
3112,0.98,1.00693225641,1.2774112903463197,0,0
3113,0.98,1.020312647645,1.2774112903463197,0,0
3114,0.98,1.025322131773,1.2774112903463197,0,0
3115,1.0,1.063135599296,1.2774112903463197,0,0
3116,0.98,1.023394936717,1.2774112903463197,0,0
3117,0.98,1.074042099273,1.2774112903463197,0,0
3118,0.98,1.079362173523,1.2774112903463197,0,0
3119,1.0,1.108473774153,1.2774112903463197,0,0
3120,1.0,1.141340296218,1.2774112903463197,0,0
3121,1.0,1.112647629443,1.2774112903463197,0,0
3122,1.0,1.1565959379,1.2774112903463197,0,0
3123,1.0,1.155854150321,1.2774112903463197,0,0
3124,1.0,1.171158702642,1.2774112903463197,0,0
3125,1.0,1.172959858025,1.2774112903463197,0,0
3126,1.0,1.153326719451,1.2774112903463197,0,0
3127,1.0,1.158942336278,1.2774112903463197,0,0
3128,1.0,1.110687071134,1.2774112903463197,0,0
3129,1.0,1.122737865574,1.2774112903463197,0,0
3130,1.0,1.110454405543,1.2774112903463197,0,0
3131,1.0,1.11732540491,1.2774112903463197,0,0
3132,1.0,1.111611583986,1.2774112903463197,0,0
3133,1.0,1.118497901553,1.2774112903463197,0,0
3134,1.0,1.100425652354,1.2774112903463197,0,0
3135,1.0,1.100762779275,1.2774112903463197,0,0
3136,1.0,1.090196973848,1.2774112903463197,0,0
3137,1.0,1.10333013608,1.2774112903463197,0,0
3138,1.0,1.100695482963,1.2774112903463197,0,0
3139,1.0,1.100249641636,1.2774112903463197,0,0
3140,1.0,1.078671651458,1.2774112903463197,0,0
3141,1.0,1.110516009689,1.2774112903463197,0,0
3142,1.0,1.124331908253,1.2774112903463197,0,0
3143,1.0,1.150065968377,1.2774112903463197,0,0
3144,1.0,1.139585377854,1.2774112903463197,0,0
3145,1.0,1.135252400552,1.2774112903463197,0,0
3146,1.0,1.142741771403,1.2774112903463197,0,0
3147,1.0,1.181721190713,1.2774112903463197,0,0
3148,1.0,1.191490420174,1.2774112903463197,0,0
3149,1.0,1.175350095484,1.2774112903463197,0,0
3150,1.0,1.171646016416,1.2774112903463197,0,0
3151,1.0,1.172378223096,1.2774112903463197,0,0
3152,1.0,1.11959003809,1.2774112903463197,0,0
3153,1.0,1.138875074695,1.2774112903463197,0,0
3154,1.0,1.154550240798,1.2774112903463197,0,0
3155,1.0,1.101579553453,1.2774112903463197,0,0
3156,1.0,1.085753040852,1.2774112903463197,0,0
3157,1.0,1.044574089645,1.2774112903463197,0,0
3158,1.0,1.071311977108,1.2774112903463197,0,0
3159,1.0,1.039271568634,1.2774112903463197,0,0
3160,1.0,1.037118505855,1.2774112903463197,0,0
3161,1.0,1.02260868286,1.2774112903463197,0,0
3162,1.0,1.015760965398,1.2774112903463197,0,0
3163,1.0,1.01664387358,1.2774112903463197,0,0
3164,1.0,1.009793270698,1.2774112903463197,0,0
3165,1.0,1.019412236169,1.2774112903463197,0,0
3166,1.0,1.007908116614,1.2774112903463197,0,0
3167,1.0,1.031307499866,1.2774112903463197,0,0
3168,1.0,1.011145546661,1.2774112903463197,0,0
3169,1.0,1.020090544484,1.2774112903463197,0,0
3170,1.0,1.009782628406,1.2774112903463197,0,0
3171,1.0,1.026224603454,1.2774112903463197,0,0
3172,1.0,1.036754561004,1.2774112903463197,0,0
3173,1.0,1.022975785747,1.2774112903463197,0,0
3174,1.0,1.002306823616,1.2774112903463197,0,0
3175,1.0,1.013911001965,1.2774112903463197,0,0
3176,1.0,1.021470323747,1.2774112903463197,0,0
3177,1.0,1.030948223469,1.2774112903463197,0,0
3178,1.0,1.034163675146,1.2774112903463197,0,0
3179,1.0,0.99022894392,1.2774112903463197,0,0
3180,1.0,0.987442304198,1.2774112903463197,0,0
3181,1.0,0.983218631057,1.2774112903463197,0,0
3182,1.0,0.989908062803,1.2774112903463197,0,0
3183,1.0,0.989908062803,1.2774112903463197,0,0
3184,0.98,0.991272636416,1.2774112903463197,0,0
3185,0.98,1.003988102963,1.2774112903463197,0,0
3186,0.98,0.996725175283,1.2774112903463197,0,0
3187,1.0,1.031353332322,1.2774112903463197,0,0
3188,0.98,1.011864296613,1.2774112903463197,0,0
3189,0.98,1.025468449896,1.2774112903463197,0,0
3190,0.98,1.00585458911,1.2774112903463197,0,0
3191,0.98,1.024144985572,1.2774112903463197,0,0
3192,0.98,1.025319005013,1.2774112903463197,0,0
3193,0.98,1.040283328682,1.2774112903463197,0,0
3194,0.98,1.024726966737,1.2774112903463197,0,0
3195,0.98,1.033086527186,1.2774112903463197,0,0
3196,0.98,1.0077948262,1.2774112903463197,0,0
3197,0.98,1.036283763671,1.2774112903463197,0,0
3198,0.98,1.011525226054,1.2774112903463197,0,0
3199,0.98,1.017738133683,1.2774112903463197,0,0
3200,0.98,1.022403978113,1.2774112903463197,0,0
3201,0.98,1.018254067096,1.2774112903463197,0,0
3202,0.98,1.015264312927,1.2774112903463197,0,0
3203,0.98,1.016460335771,1.2774112903463197,0,0
3204,0.98,1.00693225641,1.2774112903463197,0,0
3205,0.98,1.020312647645,1.2774112903463197,0,0
3206,0.98,1.025322131773,1.2774112903463197,0,0
3207,0.98,1.023046014127,1.2774112903463197,0,0
3208,1.0,1.063571191405,1.2774112903463197,0,0
3209,0.98,1.036468249629,1.2774112903463197,0,0
3210,0.98,1.071685605096,1.2774112903463197,0,0
3211,0.98,1.081577966664,1.2774112903463197,0,0
3212,1.0,1.11970457797,1.2774112903463197,0,0
3213,1.0,1.110500318878,1.2774112903463197,0,0
3214,1.0,1.137259685896,1.2774112903463197,0,0
3215,1.0,1.150544179742,1.2774112903463197,0,0
3216,1.0,1.183544974255,1.2774112903463197,0,0
3217,1.0,1.160784119421,1.2774112903463197,0,0
3218,1.0,1.182618568618,1.2774112903463197,0,0
3219,1.0,1.12920138889,1.2774112903463197,0,0
3220,1.0,1.123809915118,1.2774112903463197,0,0
3221,1.0,1.103825707557,1.2774112903463197,0,0
3222,1.0,1.137332869555,1.2774112903463197,0,0
3223,1.0,1.113024623186,1.2774112903463197,0,0
3224,1.0,1.122717756549,1.2774112903463197,0,0
3225,1.0,1.098032937677,1.2774112903463197,0,0
3226,1.0,1.105114829632,1.2774112903463197,0,0
3227,1.0,1.09705374004,1.2774112903463197,0,0
3228,1.0,1.100497098148,1.2774112903463197,0,0
3229,1.0,1.102131017542,1.2774112903463197,0,0
3230,1.0,1.111393061073,1.2774112903463197,0,0
3231,1.0,1.09443537641,1.2774112903463197,0,0
3232,1.0,1.100568676544,1.2774112903463197,0,0
3233,1.0,1.090597184484,1.2774112903463197,0,0
3234,1.0,1.114077540745,1.2774112903463197,0,0
3235,1.0,1.106769070999,1.2774112903463197,0,0
3236,1.0,1.139906044535,1.2774112903463197,0,0
3237,1.0,1.131213312367,1.2774112903463197,0,0
3238,1.0,1.12751871243,1.2774112903463197,0,0
3239,1.0,1.128514012853,1.2774112903463197,0,0
3240,1.0,1.184479410789,1.2774112903463197,0,0
3241,1.0,1.177941163988,1.2774112903463197,0,0
3242,1.0,1.21031633159,1.2774112903463197,0,0
3243,1.0,1.150555092449,1.2774112903463197,0,0
3244,1.0,1.137094312542,1.2774112903463197,0,0
3245,1.0,1.133670270717,1.2774112903463197,0,0
3246,1.0,1.151752069208,1.2774112903463197,0,0
3247,1.0,1.126494832261,1.2774112903463197,0,0
3248,1.0,1.102083472129,1.2774112903463197,0,0
3249,1.0,1.052766098714,1.2774112903463197,0,0
3250,1.0,1.074608093706,1.2774112903463197,0,0
3251,1.0,1.03559498573,1.2774112903463197,0,0
3252,1.0,1.039271568634,1.2774112903463197,0,0
3253,1.0,1.037118505855,1.2774112903463197,0,0
3254,1.0,1.02260868286,1.2774112903463197,0,0
3255,1.0,1.015760965398,1.2774112903463197,0,0
3256,1.0,1.01664387358,1.2774112903463197,0,0
3257,1.0,1.009793270698,1.2774112903463197,0,0
3258,1.0,1.019412236169,1.2774112903463197,0,0
3259,1.0,1.007908116614,1.2774112903463197,0,0
3260,1.0,1.031307499866,1.2774112903463197,0,0
3261,1.0,1.011145546661,1.2774112903463197,0,0
3262,1.0,1.020090544484,1.2774112903463197,0,0
3263,1.0,1.009782628406,1.2774112903463197,0,0
3264,1.0,1.026224603454,1.2774112903463197,0,0
3265,1.0,1.036754561004,1.2774112903463197,0,0
3266,1.0,1.022975785747,1.2774112903463197,0,0
3267,1.0,1.002306823616,1.2774112903463197,0,0
3268,1.0,1.013911001965,1.2774112903463197,0,0
3269,1.0,1.021470323747,1.2774112903463197,0,0
3270,1.0,1.030948223469,1.2774112903463197,0,0
3271,1.0,1.034163675146,1.2774112903463197,0,0
3272,1.0,0.99022894392,1.2774112903463197,0,0
3273,1.0,0.987442304198,1.2774112903463197,0,0
3274,1.0,0.983218631057,1.2774112903463197,0,0
3275,1.0,0.989908062803,1.2774112903463197,0,0
3276,0.98,0.991272636416,1.2774112903463197,0,0
3277,0.98,1.003988102963,1.2774112903463197,0,0
3278,0.98,0.996725175283,1.2774112903463197,0,0
3279,1.0,1.031353332322,1.2774112903463197,0,0
3280,0.98,1.011864296613,1.2774112903463197,0,0
3281,0.98,1.025468449896,1.2774112903463197,0,0
3282,0.98,1.00585458911,1.2774112903463197,0,0
3283,0.98,1.024144985572,1.2774112903463197,0,0
3284,0.98,1.025319005013,1.2774112903463197,0,0
3285,0.98,1.040283328682,1.2774112903463197,0,0
3286,0.98,1.024726966737,1.2774112903463197,0,0
3287,0.98,1.033086527186,1.2774112903463197,0,0
3288,0.98,1.0077948262,1.2774112903463197,0,0
3289,0.98,1.036283763671,1.2774112903463197,0,0
3290,0.98,1.011525226054,1.2774112903463197,0,0
3291,0.98,1.017738133683,1.2774112903463197,0,0
3292,0.98,1.022403978113,1.2774112903463197,0,0
3293,0.98,1.018254067096,1.2774112903463197,0,0
3294,0.98,1.015264312927,1.2774112903463197,0,0
3295,1.0,1.050224258494,1.2774112903463197,0,0
3296,0.98,1.045664713965,1.2774112903463197,0,0
3297,0.98,1.039743965309,1.2774112903463197,0,0
3298,1.0,1.109263195728,1.2774112903463197,0,0
3299,1.0,1.076799224968,1.2774112903463197,0,0
3300,1.0,1.094161770895,1.2774112903463197,0,0
3301,1.0,1.097977908997,1.2774112903463197,0,0
3302,1.0,1.126706026085,1.2774112903463197,0,0
3303,1.0,1.12548293235,1.2774112903463197,0,0
3304,1.0,1.158118609748,1.2774112903463197,0,0
3305,1.0,1.137759720325,1.2774112903463197,0,0
3306,1.0,1.157754416704,1.2774112903463197,0,0
3307,1.0,1.13748451994,1.2774112903463197,0,0
3308,1.0,1.146606932982,1.2774112903463197,0,0
3309,1.0,1.125886713057,1.2774112903463197,0,0
3310,1.0,1.134027940203,1.2774112903463197,0,0
3311,1.0,1.151015267973,1.2774112903463197,0,0
3312,1.0,1.14732996488,1.2774112903463197,0,0
3313,1.0,1.135450541662,1.2774112903463197,0,0
3314,1.0,1.15189217632,1.2774112903463197,0,0
3315,1.0,1.138075309323,1.2774112903463197,0,0
3316,1.0,1.163429853323,1.2774112903463197,0,0
3317,1.0,1.108856074509,1.2774112903463197,0,0
3318,1.0,1.13650888165,1.2774112903463197,0,0
3319,1.0,1.102580271235,1.2774112903463197,0,0
3320,1.0,1.133921225625,1.2774112903463197,0,0
3321,1.0,1.094647440684,1.2774112903463197,0,0
3322,1.0,1.150041903056,1.2774112903463197,0,0
3323,1.0,1.116943009075,1.2774112903463197,0,0
3324,1.0,1.161621074581,1.2774112903463197,0,0
3325,1.0,1.135170324542,1.2774112903463197,0,0
3326,1.0,1.168561976593,1.2774112903463197,0,0
3327,1.0,1.128227520045,1.2774112903463197,0,0
3328,1.0,1.159105885315,1.2774112903463197,0,0
3329,1.0,1.139260597826,1.2774112903463197,0,0
3330,1.0,1.1752446416,1.2774112903463197,0,0
3331,1.0,1.15801120777,1.2774112903463197,0,0
3332,1.0,1.159244289984,1.2774112903463197,0,0
3333,1.0,1.138754455909,1.2774112903463197,0,0
3334,1.0,1.128653209916,1.2774112903463197,0,0
3335,1.0,1.129957326567,1.2774112903463197,0,0
3336,1.0,1.10138301564,1.2774112903463197,0,0
3337,1.0,1.106232278249,1.2774112903463197,0,0
3338,1.0,1.123529548602,1.2774112903463197,0,0
3339,1.0,1.045434950643,1.2774112903463197,0,0
3340,1.0,1.019677663115,1.2774112903463197,0,0
3341,1.0,1.01917549452,1.2774112903463197,0,0
3342,1.0,1.038218955471,1.2774112903463197,0,0
3343,1.0,1.000466333065,1.2774112903463197,0,0
3344,1.0,0.99495122089,1.2774112903463197,0,0
3345,1.0,0.997483941003,1.2774112903463197,0,0
3346,1.0,0.999212508472,1.2774112903463197,0,0
3347,1.0,1.000822788922,1.2774112903463197,0,0
3348,1.0,1.005690339761,1.2774112903463197,0,0
3349,1.0,0.999435071367,1.2774112903463197,0,0
3350,1.0,0.997193400656,1.2774112903463197,0,0
3351,1.0,0.99896916175,1.2774112903463197,0,0
3352,1.0,1.001951455945,1.2774112903463197,0,0
3353,1.0,1.007528761792,1.2774112903463197,0,0
3354,1.0,0.9947877542,1.2774112903463197,0,0
3355,1.0,0.989325373143,1.2774112903463197,0,0
3356,1.0,1.012882935658,1.2774112903463197,0,0
3357,1.0,0.98469621664,1.2774112903463197,0,0
3358,1.0,0.997237358439,1.2774112903463197,0,0
3359,1.0,0.987442304198,1.2774112903463197,0,0
3360,0.98,0.986144353273,1.2774112903463197,0,0
3361,0.98,1.003988102963,1.2774112903463197,0,0
3362,0.98,0.996725175283,1.2774112903463197,0,0
3363,0.98,1.029884239057,1.2774112903463197,0,0
3364,0.98,1.028318771786,1.2774112903463197,0,0
3365,0.98,1.018071815546,1.2774112903463197,0,0
3366,0.98,1.011373742258,1.2774112903463197,0,0
3367,0.98,1.000135858093,1.2774112903463197,0,0
3368,0.98,1.002090386233,1.2774112903463197,0,0
3369,0.98,0.997281469341,1.2774112903463197,0,0
3370,0.98,0.999689713595,1.2774112903463197,0,0
3371,0.98,1.005586141273,1.2774112903463197,0,0
3372,0.98,1.000869661789,1.2774112903463197,0,0
3373,0.98,1.000554887149,1.2774112903463197,0,0
3374,0.98,1.000918964546,1.2774112903463197,0,0
3375,0.98,0.999264423957,1.2774112903463197,0,0
3376,0.98,1.0004665977,1.2774112903463197,0,0
3377,0.98,1.000164313863,1.2774112903463197,0,0
3378,0.98,1.002199731829,1.2774112903463197,0,0
3379,0.98,0.997570061483,1.2774112903463197,0,0
3380,0.98,1.003994708955,1.2774112903463197,0,0
3381,0.98,1.010788113287,1.2774112903463197,0,0
3382,0.98,1.01504869831,1.2774112903463197,0,0
3383,1.0,1.033814226994,1.2774112903463197,0,0
3384,1.0,1.069288267702,1.2774112903463197,0,0
3385,1.0,1.085071913418,1.2774112903463197,0,0
3386,1.0,1.066606398728,1.2774112903463197,0,0
3387,1.0,1.096671689718,1.2774112903463197,0,0
3388,1.0,1.07484385746,1.2774112903463197,0,0
3389,1.0,1.090979785877,1.2774112903463197,0,0
3390,1.0,1.064376040691,1.2774112903463197,0,0
3391,1.0,1.072810993448,1.2774112903463197,0,0
3392,1.0,1.054934421661,1.2774112903463197,0,0
3393,1.0,1.078798664232,1.2774112903463197,0,0
3394,1.0,1.065076027162,1.2774112903463197,0,0
3395,1.0,1.084482900839,1.2774112903463197,0,0
3396,1.0,1.090629169212,1.2774112903463197,0,0
3397,1.0,1.077863388954,1.2774112903463197,0,0
3398,1.0,1.078621747432,1.2774112903463197,0,0
3399,1.0,1.054494597772,1.2774112903463197,0,0
3400,1.0,1.052621313176,1.2774112903463197,0,0
3401,1.0,1.071296466747,1.2774112903463197,0,0
3402,1.0,1.060183326621,1.2774112903463197,0,0
3403,1.0,1.053001357366,1.2774112903463197,0,0
3404,1.0,1.047355705045,1.2774112903463197,0,0
3405,1.0,1.051787496953,1.2774112903463197,0,0
3406,1.0,1.045420608643,1.2774112903463197,0,0
3407,1.0,1.057143101171,1.2774112903463197,0,0
3408,1.0,1.07233111103,1.2774112903463197,0,0
3409,1.0,1.089475237554,1.2774112903463197,0,0
3410,1.0,1.080268107862,1.2774112903463197,0,0
3411,1.0,1.086975478141,1.2774112903463197,0,0
3412,1.0,1.081891676326,1.2774112903463197,0,0
3413,1.0,1.08485970887,1.2774112903463197,0,0
3414,1.0,1.090574299183,1.2774112903463197,0,0
3415,1.0,1.101926627491,1.2774112903463197,0,0
3416,1.0,1.100798982391,1.2774112903463197,0,0
3417,1.0,1.106087291875,1.2774112903463197,0,0
3418,1.0,1.079605812417,1.2774112903463197,0,0
3419,1.0,1.105551606111,1.2774112903463197,0,0
3420,1.0,1.084562049217,1.2774112903463197,0,0
3421,1.0,1.09923468276,1.2774112903463197,0,0
3422,1.0,1.04825942325,1.2774112903463197,0,0
3423,1.0,1.02856856297,1.2774112903463197,0,0
3424,1.0,1.015271759247,1.2774112903463197,0,0
3425,1.0,1.011778924644,1.2774112903463197,0,0
3426,1.0,1.002909387826,1.2774112903463197,0,0
3427,1.0,1.002594914923,1.2774112903463197,0,0
3428,1.0,1.000751721577,1.2774112903463197,0,0
3429,1.0,0.997547523705,1.2774112903463197,0,0
3430,1.0,0.997353366791,1.2774112903463197,0,0
3431,1.0,0.996738890077,1.2774112903463197,0,0
3432,1.0,1.000497642284,1.2774112903463197,0,0
3433,1.0,0.994907503171,1.2774112903463197,0,0
3434,1.0,0.99471631392,1.2774112903463197,0,0
3435,1.0,0.997942931527,1.2774112903463197,0,0
3436,1.0,0.993803752221,1.2774112903463197,0,0
3437,1.0,0.996261218554,1.2774112903463197,0,0
3438,1.0,0.993698711335,1.2774112903463197,0,0
3439,1.0,1.004235243282,1.2774112903463197,0,0
3440,1.0,1.005486752951,1.2774112903463197,0,0
3441,1.0,1.010487408892,1.2774112903463197,0,0
3442,0.98,1.055005584946,1.2774112903463197,0,0
3443,0.98,1.107304266428,1.2774112903463197,0,0
3444,0.98,1.106734639382,1.2774112903463197,0,0
3445,1.0,1.119974435814,1.2774112903463197,0,0
3446,0.98,1.011864296613,1.2774112903463197,0,0
3447,0.98,1.025468449896,1.2774112903463197,0,0
3448,0.98,1.00585458911,1.2774112903463197,0,0
3449,0.98,1.024144985572,1.2774112903463197,0,0
3450,0.98,1.025319005013,1.2774112903463197,0,0
3451,0.98,1.040283328682,1.2774112903463197,0,0
3452,0.98,1.024726966737,1.2774112903463197,0,0
3453,0.98,1.033086527186,1.2774112903463197,0,0
3454,0.98,1.0077948262,1.2774112903463197,0,0
3455,0.98,1.036283763671,1.2774112903463197,0,0
3456,0.98,1.011525226054,1.2774112903463197,0,0
3457,0.98,1.017738133683,1.2774112903463197,0,0
3458,1.0,1.059554971908,1.2774112903463197,0,0
3459,0.98,1.057420959048,1.2774112903463197,0,0
3460,0.98,1.04360709044,1.2774112903463197,0,0
3461,1.0,1.074483752106,1.2774112903463197,0,0
3462,1.0,1.143747668597,1.2774112903463197,0,0
3463,1.0,1.136705772641,1.2774112903463197,0,0
3464,1.0,1.176615999763,1.2774112903463197,0,0
3465,1.0,1.142291710584,1.2774112903463197,0,0
3466,1.0,1.089322341526,1.2774112903463197,0,0
3467,1.0,1.137193530222,1.2774112903463197,0,0
3468,1.0,1.163480460206,1.2774112903463197,0,0
3469,1.0,1.201640415353,1.2774112903463197,0,0
3470,1.0,1.219504055136,1.2774112903463197,0,0
3471,1.0,1.1657396527,1.2774112903463197,0,0
3472,1.0,1.192224548096,1.2774112903463197,0,0
3473,1.0,1.165513443469,1.2774112903463197,0,0
3474,1.0,1.210044312272,1.2774112903463197,0,0
3475,1.0,1.163562884555,1.2774112903463197,0,0
3476,1.0,1.199214085719,1.2774112903463197,0,0
3477,1.0,1.181281736635,1.2774112903463197,0,0
3478,1.0,1.197794746665,1.2774112903463197,0,0
3479,1.0,1.164096966724,1.2774112903463197,0,0
3480,1.0,1.195247135448,1.2774112903463197,0,0
3481,1.0,1.169532772636,1.2774112903463197,0,0
3482,1.0,1.209951021329,1.2774112903463197,0,0
3483,1.0,1.18058610301,1.2774112903463197,0,0
3484,1.0,1.178791373679,1.2774112903463197,0,0
3485,1.0,1.178384232843,1.2774112903463197,0,0
3486,1.0,1.170418483823,1.2774112903463197,0,0
3487,1.0,1.208748808857,1.2774112903463197,0,0
3488,1.0,1.202270482293,1.2774112903463197,0,0
3489,1.0,1.187406923116,1.2774112903463197,0,0
3490,1.0,1.15418204931,1.2774112903463197,0,0
3491,1.0,1.19612901665,1.2774112903463197,0,0
3492,1.0,1.160005795529,1.2774112903463197,0,0
3493,1.0,1.189760998512,1.2774112903463197,0,0
3494,1.0,1.18753107628,1.2774112903463197,0,0
3495,1.0,1.181648927193,1.2774112903463197,0,0
3496,1.0,1.198807818374,1.2774112903463197,0,0
3497,1.0,1.186516431608,1.2774112903463197,0,0
3498,1.0,1.170565865778,1.2774112903463197,0,0
3499,1.0,1.166743136319,1.2774112903463197,0,0
3500,1.0,1.110720817044,1.2774112903463197,0,0
3501,1.0,1.205691819987,1.2774112903463197,0,0
3502,1.0,1.136016848912,1.2774112903463197,0,0
3503,1.0,1.161331905621,1.2774112903463197,0,0
3504,1.0,1.109850364024,1.2774112903463197,0,0
3505,1.0,1.045458929867,1.2774112903463197,0,0
3506,1.0,1.01630426031,1.2774112903463197,0,0
3507,1.0,1.017320108829,1.2774112903463197,0,0
3508,1.0,1.01945938755,1.2774112903463197,0,0
3509,1.0,0.999212508472,1.2774112903463197,0,0
3510,1.0,1.000822788922,1.2774112903463197,0,0
3511,1.0,1.005690339761,1.2774112903463197,0,0
3512,1.0,0.999435071367,1.2774112903463197,0,0
3513,1.0,0.997193400656,1.2774112903463197,0,0
3514,1.0,0.99896916175,1.2774112903463197,0,0
3515,1.0,1.001951455945,1.2774112903463197,0,0
3516,1.0,1.007528761792,1.2774112903463197,0,0
3517,1.0,0.9947877542,1.2774112903463197,0,0
3518,1.0,0.989325373143,1.2774112903463197,0,0
3519,1.0,1.012882935658,1.2774112903463197,0,0
3520,1.0,0.98469621664,1.2774112903463197,0,0
3521,0.98,1.084278890564,1.2774112903463197,0,0
3522,0.98,1.088113844714,1.2774112903463197,0,0
3523,0.98,1.050952607685,1.2774112903463197,0,0
3524,0.98,1.029884239057,1.2774112903463197,0,0
3525,0.98,1.028318771786,1.2774112903463197,0,0
3526,0.98,1.018071815546,1.2774112903463197,0,0
3527,0.98,1.011373742258,1.2774112903463197,0,0
3528,0.98,1.000135858093,1.2774112903463197,0,0
3529,0.98,1.002090386233,1.2774112903463197,0,0
3530,0.98,0.997281469341,1.2774112903463197,0,0
3531,0.98,0.999689713595,1.2774112903463197,0,0
3532,0.98,1.005586141273,1.2774112903463197,0,0
3533,0.98,1.000869661789,1.2774112903463197,0,0
3534,0.98,1.000554887149,1.2774112903463197,0,0
3535,0.98,1.000918964546,1.2774112903463197,0,0
3536,0.98,0.999264423957,1.2774112903463197,0,0
3537,0.98,1.0004665977,1.2774112903463197,0,0
3538,0.98,1.000164313863,1.2774112903463197,0,0
3539,0.98,1.002199731829,1.2774112903463197,0,0
3540,0.98,0.997570061483,1.2774112903463197,0,0
3541,0.98,1.003994708955,1.2774112903463197,0,0
3542,0.98,1.010788113287,1.2774112903463197,0,0
3543,0.98,1.01504869831,1.2774112903463197,0,0
3544,0.98,1.010699518673,1.2774112903463197,0,0
3545,0.98,1.018681541317,1.2774112903463197,0,0
3546,1.0,1.05484820301,1.2774112903463197,0,0
3547,1.0,1.081445991565,1.2774112903463197,0,0
3548,1.0,1.112951478843,1.2774112903463197,0,0
3549,1.0,1.107206330679,1.2774112903463197,0,0
3550,1.0,1.107909709003,1.2774112903463197,0,0
3551,1.0,1.090183225076,1.2774112903463197,0,0
3552,1.0,1.095068217039,1.2774112903463197,0,0
3553,1.0,1.094469140526,1.2774112903463197,0,0
3554,1.0,1.104547261789,1.2774112903463197,0,0
3555,1.0,1.073941137848,1.2774112903463197,0,0
3556,1.0,1.068078789022,1.2774112903463197,0,0
3557,1.0,1.059504625641,1.2774112903463197,0,0
3558,1.0,1.055690632216,1.2774112903463197,0,0
3559,1.0,1.048545381104,1.2774112903463197,0,0
3560,1.0,1.051079238934,1.2774112903463197,0,0
3561,1.0,1.059684682328,1.2774112903463197,0,0
3562,1.0,1.053982694209,1.2774112903463197,0,0
3563,1.0,1.046305671159,1.2774112903463197,0,0
3564,1.0,1.071372902689,1.2774112903463197,0,0
3565,1.0,1.054551685113,1.2774112903463197,0,0
3566,1.0,1.069927304823,1.2774112903463197,0,0
3567,1.0,1.060651419974,1.2774112903463197,0,0
3568,1.0,1.046198815906,1.2774112903463197,0,0
3569,1.0,1.053023507674,1.2774112903463197,0,0
3570,1.0,1.063736096261,1.2774112903463197,0,0
3571,1.0,1.078117513518,1.2774112903463197,0,0
3572,1.0,1.076351664858,1.2774112903463197,0,0
3573,1.0,1.055506417136,1.2774112903463197,0,0
3574,1.0,1.088798932628,1.2774112903463197,0,0
3575,1.0,1.112158425376,1.2774112903463197,0,0
3576,1.0,1.150951257569,1.2774112903463197,0,0
3577,1.0,1.132498686931,1.2774112903463197,0,0
3578,1.0,1.08431894829,1.2774112903463197,0,0
3579,1.0,1.077625123997,1.2774112903463197,0,0
3580,1.0,1.113583959922,1.2774112903463197,0,0
3581,1.0,1.103851052879,1.2774112903463197,0,0
3582,1.0,1.096728187148,1.2774112903463197,0,0
3583,1.0,1.056977566643,1.2774112903463197,0,0
3584,1.0,1.028475216893,1.2774112903463197,0,0
3585,1.0,1.012673432423,1.2774112903463197,0,0
3586,1.0,1.02856856297,1.2774112903463197,0,0
3587,1.0,1.015271759247,1.2774112903463197,0,0
3588,1.0,1.011778924644,1.2774112903463197,0,0
3589,1.0,1.002909387826,1.2774112903463197,0,0
3590,1.0,1.002594914923,1.2774112903463197,0,0
3591,1.0,1.000751721577,1.2774112903463197,0,0
3592,1.0,0.997547523705,1.2774112903463197,0,0
3593,1.0,0.997353366791,1.2774112903463197,0,0
3594,1.0,0.996738890077,1.2774112903463197,0,0
3595,1.0,1.000497642284,1.2774112903463197,0,0
3596,1.0,0.994907503171,1.2774112903463197,0,0
3597,1.0,0.99471631392,1.2774112903463197,0,0
3598,1.0,0.997942931527,1.2774112903463197,0,0
3599,1.0,0.993803752221,1.2774112903463197,0,0
3600,1.0,0.996261218554,1.2774112903463197,0,0
3601,1.0,0.993698711335,1.2774112903463197,0,0
3602,1.0,1.004235243282,1.2774112903463197,0,0
3603,1.0,1.005486752951,1.2774112903463197,0,0
3604,1.0,1.010487408892,1.2774112903463197,0,0
3605,1.0,1.014605058368,1.2774112903463197,0,0
3606,1.0,0.99022894392,1.2774112903463197,0,0
3607,1.0,0.987442304198,1.2774112903463197,0,0
3608,1.0,0.983218631057,1.2774112903463197,0,0
3609,1.0,0.989908062803,1.2774112903463197,0,0
3610,0.98,0.991272636416,1.2774112903463197,0,0
3611,0.98,1.003988102963,1.2774112903463197,0,0
3612,1.0,0.998890345754,1.2774112903463197,0,0
3613,1.0,1.024909818277,1.2774112903463197,0,0
3614,0.98,1.037905923441,1.2774112903463197,0,0
3615,0.98,1.044320876409,1.2774112903463197,0,0
3616,0.98,1.057042291898,1.2774112903463197,0,0
3617,0.98,1.070851181307,1.2774112903463197,0,0
3618,0.98,1.078393443832,1.2774112903463197,0,0
3619,0.98,1.084112068446,1.2774112903463197,0,0
3620,0.98,1.059828235303,1.2774112903463197,0,0
3621,0.98,1.072590960084,1.2774112903463197,0,0
3622,0.98,1.054645653171,1.2774112903463197,0,0
3623,0.98,1.068322394043,1.2774112903463197,0,0
3624,0.98,1.048167167405,1.2774112903463197,0,0
3625,0.98,1.055221145171,1.2774112903463197,0,0
3626,0.98,1.03928331984,1.2774112903463197,0,0
3627,0.98,1.048390849424,1.2774112903463197,0,0
3628,0.98,1.030260126107,1.2774112903463197,0,0
3629,0.98,1.039757949035,1.2774112903463197,0,0
3630,0.98,1.026581309104,1.2774112903463197,0,0
3631,0.98,1.043442532084,1.2774112903463197,0,0
3632,0.98,1.044242626312,1.2774112903463197,0,0
3633,1.0,1.122112996344,1.2774112903463197,0,0
3634,1.0,1.142112453219,1.2774112903463197,0,0
3635,1.0,1.152700424304,1.2774112903463197,0,0
3636,1.0,1.160351124015,1.2774112903463197,0,0
3637,1.0,1.149383634727,1.2774112903463197,0,0
3638,1.0,1.158752577335,1.2774112903463197,0,0
3639,1.0,1.167517897968,1.2774112903463197,0,0
3640,1.0,1.185403620919,1.2774112903463197,0,0
3641,1.0,1.181438347334,1.2774112903463197,0,0
3642,1.0,1.184571155206,1.2774112903463197,0,0
3643,1.0,1.171498140232,1.2774112903463197,0,0
3644,1.0,1.190973211719,1.2774112903463197,0,0
3645,1.0,1.168309370192,1.2774112903463197,0,0
3646,1.0,1.17732243877,1.2774112903463197,0,0
3647,1.0,1.166785900886,1.2774112903463197,0,0
3648,1.0,1.190769983024,1.2774112903463197,0,0
3649,1.0,1.152243331781,1.2774112903463197,0,0
3650,1.0,1.15593562757,1.2774112903463197,0,0
3651,1.0,1.118100428611,1.2774112903463197,0,0
3652,1.0,1.100625181814,1.2774112903463197,0,0
3653,1.0,1.110103237408,1.2774112903463197,0,0
3654,1.0,1.104419910089,1.2774112903463197,0,0
3655,1.0,1.109690621274,1.2774112903463197,0,0
3656,1.0,1.100488275983,1.2774112903463197,0,0
3657,1.0,1.111692915009,1.2774112903463197,0,0
3658,1.0,1.092796217345,1.2774112903463197,0,0
3659,1.0,1.124929005064,1.2774112903463197,0,0
3660,1.0,1.125034819912,1.2774112903463197,0,0
3661,1.0,1.128176444511,1.2774112903463197,0,0
3662,1.0,1.177339358918,1.2774112903463197,0,0
3663,1.0,1.164075925701,1.2774112903463197,0,0
3664,1.0,1.132750375134,1.2774112903463197,0,0
3665,1.0,1.139717892739,1.2774112903463197,0,0
3666,1.0,1.141497986876,1.2774112903463197,0,0
3667,1.0,1.203530367918,1.2774112903463197,0,0
3668,1.0,1.185209342326,1.2774112903463197,0,0
3669,1.0,1.129160706116,1.2774112903463197,0,0
3670,1.0,1.104912378075,1.2774112903463197,0,0
3671,1.0,1.135451850423,1.2774112903463197,0,0
3672,1.0,1.143391605636,1.2774112903463197,0,0
3673,1.0,1.147497695893,1.2774112903463197,0,0
3674,1.0,1.099214398342,1.2774112903463197,0,0
3675,1.0,1.072350899006,1.2774112903463197,0,0
3676,1.0,1.038804543013,1.2774112903463197,0,0
3677,1.0,1.002594914923,1.2774112903463197,0,0
3678,1.0,1.000751721577,1.2774112903463197,0,0
3679,1.0,0.997547523705,1.2774112903463197,0,0
3680,1.0,0.997353366791,1.2774112903463197,0,0
3681,1.0,0.996738890077,1.2774112903463197,0,0
3682,1.0,1.000497642284,1.2774112903463197,0,0
3683,1.0,0.994907503171,1.2774112903463197,0,0
3684,1.0,0.99471631392,1.2774112903463197,0,0
3685,1.0,0.997942931527,1.2774112903463197,0,0
3686,1.0,0.993803752221,1.2774112903463197,0,0
3687,1.0,0.996261218554,1.2774112903463197,0,0
3688,1.0,0.993698711335,1.2774112903463197,0,0
3689,0.98,1.030943011314,1.2774112903463197,0,0
3690,0.98,1.125663148403,1.2774112903463197,0,0
3691,0.98,1.14449579485,1.2774112903463197,0,0
3692,1.0,1.198932783581,1.2774112903463197,0,0
3693,0.98,1.150471986454,1.2774112903463197,0,0
3694,0.98,1.146672347661,1.2774112903463197,0,0
3695,0.98,1.06154315931,1.2774112903463197,0,0
3696,0.98,1.024144985572,1.2774112903463197,0,0
3697,0.98,1.025319005013,1.2774112903463197,0,0
3698,0.98,1.040283328682,1.2774112903463197,0,0
3699,0.98,1.024726966737,1.2774112903463197,0,0
3700,0.98,1.033086527186,1.2774112903463197,0,0
3701,0.98,1.0077948262,1.2774112903463197,0,0
3702,0.98,1.036283763671,1.2774112903463197,0,0
3703,0.98,1.011525226054,1.2774112903463197,0,0
3704,0.98,1.017738133683,1.2774112903463197,0,0
3705,0.98,1.022403978113,1.2774112903463197,0,0
3706,0.98,1.018254067096,1.2774112903463197,0,0
3707,0.98,1.015264312927,1.2774112903463197,0,0
3708,0.98,1.016460335771,1.2774112903463197,0,0
3709,0.98,1.00693225641,1.2774112903463197,0,0
3710,0.98,1.020312647645,1.2774112903463197,0,0
3711,1.0,1.080816596684,1.2774112903463197,0,0
3712,0.98,1.028806233354,1.2774112903463197,0,0
3713,0.98,1.051639199525,1.2774112903463197,0,0
3714,1.0,1.108772340193,1.2774112903463197,0,0
3715,1.0,1.120037906464,1.2774112903463197,0,0
3716,1.0,1.189314444624,1.2774112903463197,0,0
3717,1.0,1.150917899177,1.2774112903463197,0,0
3718,1.0,1.18842341634,1.2774112903463197,0,0
3719,1.0,1.128087315966,1.2774112903463197,0,0
3720,1.0,1.178190387564,1.2774112903463197,0,0
3721,1.0,1.168304782282,1.2774112903463197,0,0
3722,1.0,1.17607099167,1.2774112903463197,0,0
3723,1.0,1.150512641584,1.2774112903463197,0,0
3724,1.0,1.151893798879,1.2774112903463197,0,0
3725,1.0,1.127799115225,1.2774112903463197,0,0
3726,1.0,1.168972462483,1.2774112903463197,0,0
3727,1.0,1.123965671104,1.2774112903463197,0,0
3728,1.0,1.138055136405,1.2774112903463197,0,0
3729,1.0,1.109257104498,1.2774112903463197,0,0
3730,1.0,1.121298548847,1.2774112903463197,0,0
3731,1.0,1.102667964149,1.2774112903463197,0,0
3732,1.0,1.120954853186,1.2774112903463197,0,0
3733,1.0,1.084555489804,1.2774112903463197,0,0
3734,1.0,1.114423103516,1.2774112903463197,0,0
3735,1.0,1.082305961658,1.2774112903463197,0,0
3736,1.0,1.095101037063,1.2774112903463197,0,0
3737,1.0,1.091248611028,1.2774112903463197,0,0
3738,1.0,1.125674758189,1.2774112903463197,0,0
3739,1.0,1.099263844211,1.2774112903463197,0,0
3740,1.0,1.135599275531,1.2774112903463197,0,0
3741,1.0,1.117499717053,1.2774112903463197,0,0
3742,1.0,1.159082695645,1.2774112903463197,0,0
3743,1.0,1.146096376596,1.2774112903463197,0,0
3744,1.0,1.188651180141,1.2774112903463197,0,0
3745,1.0,1.145171279186,1.2774112903463197,0,0
3746,1.0,1.194249549961,1.2774112903463197,0,0
3747,1.0,1.154743581193,1.2774112903463197,0,0
3748,1.0,1.161057062996,1.2774112903463197,0,0
3749,1.0,1.119228304742,1.2774112903463197,0,0
3750,1.0,1.186851871853,1.2774112903463197,0,0
3751,1.0,1.103184733264,1.2774112903463197,0,0
3752,1.0,1.080466009892,1.2774112903463197,0,0
3753,1.0,1.034750562465,1.2774112903463197,0,0
3754,1.0,1.044215859207,1.2774112903463197,0,0
3755,1.0,1.058838191254,1.2774112903463197,0,0
3756,1.0,1.007210028847,1.2774112903463197,0,0
3757,1.0,0.999751474049,1.2774112903463197,0,0
3758,1.0,1.00285815045,1.2774112903463197,0,0
3759,1.0,1.000466333065,1.2774112903463197,0,0
3760,1.0,0.99495122089,1.2774112903463197,0,0
3761,1.0,0.997483941003,1.2774112903463197,0,0
3762,1.0,0.999212508472,1.2774112903463197,0,0
3763,1.0,1.000822788922,1.2774112903463197,0,0
3764,1.0,1.005690339761,1.2774112903463197,0,0
3765,1.0,0.999435071367,1.2774112903463197,0,0
3766,1.0,0.997193400656,1.2774112903463197,0,0
3767,1.0,0.99896916175,1.2774112903463197,0,0
3768,1.0,1.001951455945,1.2774112903463197,0,0
3769,1.0,1.007528761792,1.2774112903463197,0,0
3770,1.0,0.9947877542,1.2774112903463197,0,0
3771,1.0,0.989325373143,1.2774112903463197,0,0
3772,1.0,1.012882935658,1.2774112903463197,0,0
3773,1.0,0.98469621664,1.2774112903463197,0,0
3774,1.0,0.997237358439,1.2774112903463197,0,0
3775,1.0,0.987442304198,1.2774112903463197,0,0
3776,0.98,0.986144353273,1.2774112903463197,0,0
3777,0.98,1.003988102963,1.2774112903463197,0,0
3778,1.0,0.998890345754,1.2774112903463197,0,0
3779,0.98,1.001767232655,1.2774112903463197,0,0
3780,0.98,1.010081568874,1.2774112903463197,0,0
3781,0.98,0.996604169177,1.2774112903463197,0,0
3782,0.98,1.012636855094,1.2774112903463197,0,0
3783,0.98,1.015818055748,1.2774112903463197,0,0
3784,0.98,1.002953812814,1.2774112903463197,0,0
3785,0.98,1.006324250882,1.2774112903463197,0,0
3786,0.98,0.998876183764,1.2774112903463197,0,0
3787,0.98,1.00419367329,1.2774112903463197,0,0
3788,0.98,1.012014572713,1.2774112903463197,0,0
3789,0.98,1.002663179133,1.2774112903463197,0,0
3790,0.98,1.000819242484,1.2774112903463197,0,0
3791,0.98,1.001892945862,1.2774112903463197,0,0
3792,0.98,1.004881792614,1.2774112903463197,0,0
3793,0.98,0.999051321734,1.2774112903463197,0,0
3794,0.98,1.004343716876,1.2774112903463197,0,0
3795,0.98,0.998501427433,1.2774112903463197,0,0
3796,0.98,1.000343571215,1.2774112903463197,0,0
3797,0.98,1.012173405508,1.2774112903463197,0,0
3798,1.0,1.055596408791,1.2774112903463197,0,0
3799,1.0,1.073571831125,1.2774112903463197,0,0
3800,1.0,1.074097007568,1.2774112903463197,0,0
3801,1.0,1.113616492,1.2774112903463197,0,0
3802,1.0,1.078015889724,1.2774112903463197,0,0
3803,1.0,1.07676362371,1.2774112903463197,0,0
3804,1.0,1.093336750265,1.2774112903463197,0,0
3805,1.0,1.134334476309,1.2774112903463197,0,0
3806,1.0,1.131170365275,1.2774112903463197,0,0
3807,1.0,1.140569503336,1.2774112903463197,0,0
3808,1.0,1.09923027831,1.2774112903463197,0,0
3809,1.0,1.130634712714,1.2774112903463197,0,0
3810,1.0,1.106386919593,1.2774112903463197,0,0
3811,1.0,1.142894021171,1.2774112903463197,0,0
3812,1.0,1.108767419311,1.2774112903463197,0,0
3813,1.0,1.123977640396,1.2774112903463197,0,0
3814,1.0,1.110668605421,1.2774112903463197,0,0
3815,1.0,1.139082400975,1.2774112903463197,0,0
3816,1.0,1.104365378662,1.2774112903463197,0,0
3817,1.0,1.093302246016,1.2774112903463197,0,0
3818,1.0,1.07358065043,1.2774112903463197,0,0
3819,1.0,1.08739616941,1.2774112903463197,0,0
3820,1.0,1.071150290636,1.2774112903463197,0,0
3821,1.0,1.067966559943,1.2774112903463197,0,0
3822,1.0,1.057315297669,1.2774112903463197,0,0
3823,1.0,1.091064485416,1.2774112903463197,0,0
3824,1.0,1.104643524066,1.2774112903463197,0,0
3825,1.0,1.148536120964,1.2774112903463197,0,0
3826,1.0,1.086092917604,1.2774112903463197,0,0
3827,1.0,1.097287212899,1.2774112903463197,0,0
3828,1.0,1.121388284175,1.2774112903463197,0,0
3829,1.0,1.105961423244,1.2774112903463197,0,0
3830,1.0,1.101127473478,1.2774112903463197,0,0
3831,1.0,1.119611087503,1.2774112903463197,0,0
3832,1.0,1.131622954057,1.2774112903463197,0,0
3833,1.0,1.144076332229,1.2774112903463197,0,0
3834,1.0,1.095591024564,1.2774112903463197,0,0
3835,1.0,1.104228275096,1.2774112903463197,0,0
3836,1.0,1.078781753782,1.2774112903463197,0,0
3837,1.0,1.088602112091,1.2774112903463197,0,0
3838,1.0,1.108685628063,1.2774112903463197,0,0
3839,1.0,1.044951250361,1.2774112903463197,0,0
3840,1.0,1.029073838972,1.2774112903463197,0,0
3841,1.0,1.038804543013,1.2774112903463197,0,0
3842,1.0,1.002594914923,1.2774112903463197,0,0
3843,1.0,1.000751721577,1.2774112903463197,0,0
3844,1.0,0.997547523705,1.2774112903463197,0,0
3845,1.0,0.997353366791,1.2774112903463197,0,0
3846,1.0,0.996738890077,1.2774112903463197,0,0
3847,1.0,1.000497642284,1.2774112903463197,0,0
3848,1.0,0.994907503171,1.2774112903463197,0,0
3849,1.0,0.99471631392,1.2774112903463197,0,0
3850,1.0,0.997942931527,1.2774112903463197,0,0
3851,1.0,0.993803752221,1.2774112903463197,0,0
3852,1.0,0.996261218554,1.2774112903463197,0,0
3853,1.0,0.993698711335,1.2774112903463197,0,0
3854,1.0,1.004235243282,1.2774112903463197,0,0
3855,0.98,1.046658876579,1.2774112903463197,0,0
3856,0.98,1.153958910897,1.2774112903463197,0,0
3857,1.0,1.11391588948,1.2774112903463197,0,0
3858,0.98,1.114087311273,1.2774112903463197,0,0
3859,0.98,1.121047999867,1.2774112903463197,0,0
3860,0.98,1.028364419736,1.2774112903463197,0,0
3861,0.98,1.012636855094,1.2774112903463197,0,0
3862,0.98,1.015818055748,1.2774112903463197,0,0
3863,0.98,1.002953812814,1.2774112903463197,0,0
3864,0.98,1.006324250882,1.2774112903463197,0,0
3865,0.98,0.998876183764,1.2774112903463197,0,0
3866,0.98,1.00419367329,1.2774112903463197,0,0
3867,0.98,1.012014572713,1.2774112903463197,0,0
3868,0.98,1.002663179133,1.2774112903463197,0,0
3869,0.98,1.000819242484,1.2774112903463197,0,0
3870,0.98,1.001892945862,1.2774112903463197,0,0
3871,0.98,1.004881792614,1.2774112903463197,0,0
3872,0.98,0.999051321734,1.2774112903463197,0,0
3873,0.98,1.004343716876,1.2774112903463197,0,0
3874,0.98,0.998501427433,1.2774112903463197,0,0
3875,0.98,1.000343571215,1.2774112903463197,0,0
3876,0.98,1.012173405508,1.2774112903463197,0,0
3877,1.0,1.055596408791,1.2774112903463197,0,0
3878,1.0,1.073571831125,1.2774112903463197,0,0
3879,1.0,1.074097007568,1.2774112903463197,0,0
3880,1.0,1.113616492,1.2774112903463197,0,0
3881,1.0,1.078015889724,1.2774112903463197,0,0
3882,1.0,1.07676362371,1.2774112903463197,0,0
3883,1.0,1.093336750265,1.2774112903463197,0,0
3884,1.0,1.134334476309,1.2774112903463197,0,0
3885,1.0,1.131170365275,1.2774112903463197,0,0
3886,1.0,1.140569503336,1.2774112903463197,0,0
3887,1.0,1.09923027831,1.2774112903463197,0,0
3888,1.0,1.130634712714,1.2774112903463197,0,0
3889,1.0,1.106386919593,1.2774112903463197,0,0
3890,1.0,1.142894021171,1.2774112903463197,0,0
3891,1.0,1.108767419311,1.2774112903463197,0,0
3892,1.0,1.123977640396,1.2774112903463197,0,0
3893,1.0,1.110668605421,1.2774112903463197,0,0
3894,1.0,1.139082400975,1.2774112903463197,0,0
3895,1.0,1.104365378662,1.2774112903463197,0,0
3896,1.0,1.093302246016,1.2774112903463197,0,0
3897,1.0,1.07358065043,1.2774112903463197,0,0
3898,1.0,1.08739616941,1.2774112903463197,0,0
3899,1.0,1.071150290636,1.2774112903463197,0,0
3900,1.0,1.067966559943,1.2774112903463197,0,0
3901,1.0,1.057315297669,1.2774112903463197,0,0
3902,1.0,1.091064485416,1.2774112903463197,0,0
3903,1.0,1.104643524066,1.2774112903463197,0,0
3904,1.0,1.148536120964,1.2774112903463197,0,0
3905,1.0,1.086092917604,1.2774112903463197,0,0
3906,1.0,1.097287212899,1.2774112903463197,0,0
3907,1.0,1.121388284175,1.2774112903463197,0,0
3908,1.0,1.105961423244,1.2774112903463197,0,0
3909,1.0,1.101127473478,1.2774112903463197,0,0
3910,1.0,1.119611087503,1.2774112903463197,0,0
3911,1.0,1.131622954057,1.2774112903463197,0,0
3912,1.0,1.144076332229,1.2774112903463197,0,0
3913,1.0,1.095591024564,1.2774112903463197,0,0
3914,1.0,1.104228275096,1.2774112903463197,0,0
3915,1.0,1.078781753782,1.2774112903463197,0,0
3916,1.0,1.088602112091,1.2774112903463197,0,0
3917,1.0,1.108685628063,1.2774112903463197,0,0
3918,1.0,1.044951250361,1.2774112903463197,0,0
3919,1.0,1.029073838972,1.2774112903463197,0,0
3920,1.0,1.038804543013,1.2774112903463197,0,0
3921,1.0,1.002594914923,1.2774112903463197,0,0
3922,1.0,1.000751721577,1.2774112903463197,0,0
3923,1.0,0.997547523705,1.2774112903463197,0,0
3924,1.0,0.997353366791,1.2774112903463197,0,0
3925,1.0,0.996738890077,1.2774112903463197,0,0
3926,1.0,1.000497642284,1.2774112903463197,0,0
3927,1.0,0.994907503171,1.2774112903463197,0,0
3928,1.0,0.99471631392,1.2774112903463197,0,0
3929,1.0,0.997942931527,1.2774112903463197,0,0
3930,1.0,0.993803752221,1.2774112903463197,0,0
3931,1.0,0.996261218554,1.2774112903463197,0,0
3932,1.0,0.993698711335,1.2774112903463197,0,0
3933,1.0,1.004235243282,1.2774112903463197,0,0
3934,1.0,1.005486752951,1.2774112903463197,0,0
3935,1.0,1.010487408892,1.2774112903463197,0,0
3936,0.98,1.055005584946,1.2774112903463197,0,0
3937,0.98,1.107304266428,1.2774112903463197,0,0
3938,1.0,1.091449449142,1.2774112903463197,0,0
3939,0.98,1.065978259973,1.2774112903463197,0,0
3940,0.98,1.010081568874,1.2774112903463197,0,0
3941,0.98,0.996604169177,1.2774112903463197,0,0
3942,0.98,1.012636855094,1.2774112903463197,0,0
3943,0.98,1.015818055748,1.2774112903463197,0,0
3944,0.98,1.002953812814,1.2774112903463197,0,0
3945,0.98,1.006324250882,1.2774112903463197,0,0
3946,0.98,0.998876183764,1.2774112903463197,0,0
3947,0.98,1.00419367329,1.2774112903463197,0,0
3948,0.98,1.012014572713,1.2774112903463197,0,0
3949,0.98,1.002663179133,1.2774112903463197,0,0
3950,0.98,1.000819242484,1.2774112903463197,0,0
3951,0.98,1.001892945862,1.2774112903463197,0,0
3952,0.98,1.004881792614,1.2774112903463197,0,0
3953,0.98,0.999051321734,1.2774112903463197,0,0
3954,0.98,1.004343716876,1.2774112903463197,0,0
3955,0.98,0.998501427433,1.2774112903463197,0,0
3956,0.98,1.000343571215,1.2774112903463197,0,0
3957,0.98,1.012173405508,1.2774112903463197,0,0
3958,0.98,1.009638002777,1.2774112903463197,0,0
3959,0.98,1.003797909606,1.2774112903463197,0,0
3960,1.0,1.045928362702,1.2774112903463197,0,0
3961,1.0,1.08735946953,1.2774112903463197,0,0
3962,1.0,1.132301121256,1.2774112903463197,0,0
3963,1.0,1.106779412715,1.2774112903463197,0,0
3964,1.0,1.14650213435,1.2774112903463197,0,0
3965,1.0,1.107829196824,1.2774112903463197,0,0
3966,1.0,1.15227643748,1.2774112903463197,0,0
3967,1.0,1.121363234907,1.2774112903463197,0,0
3968,1.0,1.153288710238,1.2774112903463197,0,0
3969,1.0,1.125997972923,1.2774112903463197,0,0
3970,1.0,1.131548911602,1.2774112903463197,0,0
3971,1.0,1.119137919026,1.2774112903463197,0,0
3972,1.0,1.149194039241,1.2774112903463197,0,0
3973,1.0,1.122352773994,1.2774112903463197,0,0
3974,1.0,1.151048025895,1.2774112903463197,0,0
3975,1.0,1.106747136414,1.2774112903463197,0,0
3976,1.0,1.101658055388,1.2774112903463197,0,0
3977,1.0,1.085545419441,1.2774112903463197,0,0
3978,1.0,1.088602784592,1.2774112903463197,0,0
3979,1.0,1.080878936474,1.2774112903463197,0,0
3980,1.0,1.073438889876,1.2774112903463197,0,0
3981,1.0,1.071909846767,1.2774112903463197,0,0
3982,1.0,1.072827775642,1.2774112903463197,0,0
3983,1.0,1.072356262252,1.2774112903463197,0,0
3984,1.0,1.078823173017,1.2774112903463197,0,0
3985,1.0,1.05957194012,1.2774112903463197,0,0
3986,1.0,1.099731234159,1.2774112903463197,0,0
3987,1.0,1.097881432203,1.2774112903463197,0,0
3988,1.0,1.12012596707,1.2774112903463197,0,0
3989,1.0,1.094540143386,1.2774112903463197,0,0
3990,1.0,1.140430706662,1.2774112903463197,0,0
3991,1.0,1.093730971641,1.2774112903463197,0,0
3992,1.0,1.133671731327,1.2774112903463197,0,0
3993,1.0,1.11154408163,1.2774112903463197,0,0
3994,1.0,1.143493604168,1.2774112903463197,0,0
3995,1.0,1.10785538131,1.2774112903463197,0,0
3996,1.0,1.139300971831,1.2774112903463197,0,0
3997,1.0,1.087446650899,1.2774112903463197,0,0
3998,1.0,1.081346288144,1.2774112903463197,0,0
3999,1.0,1.053704256643,1.2774112903463197,0,0
4000,1.0,1.049685526949,1.2774112903463197,0,0
4001,1.0,1.074378912898,1.2774112903463197,0,0
4002,1.0,1.011778924644,1.2774112903463197,0,0
4003,1.0,1.002909387826,1.2774112903463197,0,0
4004,1.0,1.002594914923,1.2774112903463197,0,0
4005,1.0,1.000751721577,1.2774112903463197,0,0
4006,1.0,0.997547523705,1.2774112903463197,0,0
4007,1.0,0.997353366791,1.2774112903463197,0,0
4008,1.0,0.996738890077,1.2774112903463197,0,0
4009,1.0,1.000497642284,1.2774112903463197,0,0
4010,1.0,0.994907503171,1.2774112903463197,0,0
4011,1.0,0.99471631392,1.2774112903463197,0,0
4012,1.0,0.997942931527,1.2774112903463197,0,0
4013,1.0,0.993803752221,1.2774112903463197,0,0
4014,1.0,0.996261218554,1.2774112903463197,0,0
4015,1.0,0.993698711335,1.2774112903463197,0,0
4016,1.0,1.004235243282,1.2774112903463197,0,0
4017,1.0,1.005486752951,1.2774112903463197,0,0
4018,1.0,1.010487408892,1.2774112903463197,0,0
4019,0.98,1.055005584946,1.2774112903463197,0,0
4020,0.98,1.107304266428,1.2774112903463197,0,0
4021,0.98,1.106734639382,1.2774112903463197,0,0
4022,1.0,1.119974435814,1.2774112903463197,0,0
4023,0.98,1.011864296613,1.2774112903463197,0,0
4024,0.98,1.025468449896,1.2774112903463197,0,0
4025,0.98,1.00585458911,1.2774112903463197,0,0
4026,0.98,1.024144985572,1.2774112903463197,0,0
4027,0.98,1.025319005013,1.2774112903463197,0,0
4028,0.98,1.040283328682,1.2774112903463197,0,0
4029,0.98,1.024726966737,1.2774112903463197,0,0
4030,0.98,1.033086527186,1.2774112903463197,0,0
4031,0.98,1.0077948262,1.2774112903463197,0,0
4032,0.98,1.036283763671,1.2774112903463197,0,0
4033,0.98,1.011525226054,1.2774112903463197,0,0
4034,0.98,1.017738133683,1.2774112903463197,0,0
4035,0.98,1.022403978113,1.2774112903463197,0,0
4036,0.98,1.018254067096,1.2774112903463197,0,0
4037,0.98,1.015264312927,1.2774112903463197,0,0
4038,0.98,1.016460335771,1.2774112903463197,0,0
4039,0.98,1.00693225641,1.2774112903463197,0,0
4040,0.98,1.020312647645,1.2774112903463197,0,0
4041,1.0,1.080816596684,1.2774112903463197,0,0
4042,0.98,1.028806233354,1.2774112903463197,0,0
4043,0.98,1.051639199525,1.2774112903463197,0,0
4044,0.98,1.078538646608,1.2774112903463197,0,0
4045,1.0,1.098410497248,1.2774112903463197,0,0
4046,1.0,1.182325172567,1.2774112903463197,0,0
4047,1.0,1.158939057062,1.2774112903463197,0,0
4048,1.0,1.168819162819,1.2774112903463197,0,0
4049,1.0,1.16641898134,1.2774112903463197,0,0
4050,1.0,1.177736184317,1.2774112903463197,0,0
4051,1.0,1.186576804754,1.2774112903463197,0,0
4052,1.0,1.188554325768,1.2774112903463197,0,0
4053,1.0,1.17609944153,1.2774112903463197,0,0
4054,1.0,1.14558972707,1.2774112903463197,0,0
4055,1.0,1.118216693428,1.2774112903463197,0,0
4056,1.0,1.142676490617,1.2774112903463197,0,0
4057,1.0,1.133255636228,1.2774112903463197,0,0
4058,1.0,1.13533864764,1.2774112903463197,0,0
4059,1.0,1.103172970632,1.2774112903463197,0,0
4060,1.0,1.132147137292,1.2774112903463197,0,0
4061,1.0,1.11431477383,1.2774112903463197,0,0
4062,1.0,1.127856971727,1.2774112903463197,0,0
4063,1.0,1.109191396173,1.2774112903463197,0,0
4064,1.0,1.126679687894,1.2774112903463197,0,0
4065,1.0,1.106363157623,1.2774112903463197,0,0
4066,1.0,1.100301857883,1.2774112903463197,0,0
4067,1.0,1.117850904169,1.2774112903463197,0,0
4068,1.0,1.13330132033,1.2774112903463197,0,0
4069,1.0,1.12450483588,1.2774112903463197,0,0
4070,1.0,1.161802910597,1.2774112903463197,0,0
4071,1.0,1.143779800632,1.2774112903463197,0,0
4072,1.0,1.190630416245,1.2774112903463197,0,0
4073,1.0,1.145359679267,1.2774112903463197,0,0
4074,1.0,1.22444014988,1.2774112903463197,0,0
4075,1.0,1.203807570614,1.2774112903463197,0,0
4076,1.0,1.200196330528,1.2774112903463197,0,0
4077,1.0,1.173525552997,1.2774112903463197,0,0
4078,1.0,1.178124918448,1.2774112903463197,0,0
4079,1.0,1.134178208844,1.2774112903463197,0,0
4080,1.0,1.218052391781,1.2774112903463197,0,0
4081,1.0,1.158759459002,1.2774112903463197,0,0
4082,1.0,1.110637952843,1.2774112903463197,0,0
4083,1.0,1.076208145787,1.2774112903463197,0,0
4084,1.0,1.05156185079,1.2774112903463197,0,0
4085,1.0,1.104490137784,1.2774112903463197,0,0
4086,1.0,1.037118505855,1.2774112903463197,0,0
4087,1.0,1.02260868286,1.2774112903463197,0,0
4088,1.0,1.015760965398,1.2774112903463197,0,0
4089,1.0,1.01664387358,1.2774112903463197,0,0
4090,1.0,1.009793270698,1.2774112903463197,0,0
4091,1.0,1.019412236169,1.2774112903463197,0,0
4092,1.0,1.007908116614,1.2774112903463197,0,0
4093,1.0,1.031307499866,1.2774112903463197,0,0
4094,1.0,1.011145546661,1.2774112903463197,0,0
4095,1.0,1.020090544484,1.2774112903463197,0,0
4096,1.0,1.009782628406,1.2774112903463197,0,0
4097,1.0,1.026224603454,1.2774112903463197,0,0
4098,1.0,1.036754561004,1.2774112903463197,0,0
4099,1.0,1.022975785747,1.2774112903463197,0,0
4100,1.0,1.002306823616,1.2774112903463197,0,0
4101,1.0,1.013911001965,1.2774112903463197,0,0
4102,0.98,1.0866934651,1.2774112903463197,0,0
4103,0.98,1.102825553693,1.2774112903463197,0,0
4104,0.98,1.193682034725,1.2774112903463197,0,0
4105,1.0,1.17252006788,1.2774112903463197,0,0
4106,0.98,1.120887149292,1.2774112903463197,0,0
4107,0.98,1.085989734752,1.2774112903463197,0,0
4108,0.98,1.00585458911,1.2774112903463197,0,0
4109,0.98,1.024144985572,1.2774112903463197,0,0
4110,0.98,1.025319005013,1.2774112903463197,0,0
4111,0.98,1.040283328682,1.2774112903463197,0,0
4112,0.98,1.024726966737,1.2774112903463197,0,0
4113,0.98,1.033086527186,1.2774112903463197,0,0
4114,0.98,1.0077948262,1.2774112903463197,0,0
4115,0.98,1.036283763671,1.2774112903463197,0,0
4116,0.98,1.011525226054,1.2774112903463197,0,0
4117,0.98,1.017738133683,1.2774112903463197,0,0
4118,0.98,1.022403978113,1.2774112903463197,0,0
4119,0.98,1.018254067096,1.2774112903463197,0,0
4120,0.98,1.015264312927,1.2774112903463197,0,0
4121,0.98,1.016460335771,1.2774112903463197,0,0
4122,0.98,1.00693225641,1.2774112903463197,0,0
4123,0.98,1.020312647645,1.2774112903463197,0,0
4124,1.0,1.080816596684,1.2774112903463197,0,0
4125,1.0,1.110337570502,1.2774112903463197,0,0
4126,1.0,1.095361550476,1.2774112903463197,0,0
4127,1.0,1.122555956913,1.2774112903463197,0,0
4128,1.0,1.110014200763,1.2774112903463197,0,0
4129,1.0,1.118509661071,1.2774112903463197,0,0
4130,1.0,1.125798109439,1.2774112903463197,0,0
4131,1.0,1.149282302472,1.2774112903463197,0,0
4132,1.0,1.145157205615,1.2774112903463197,0,0
4133,1.0,1.130747337175,1.2774112903463197,0,0
4134,1.0,1.130849050679,1.2774112903463197,0,0
4135,1.0,1.130664596893,1.2774112903463197,0,0
4136,1.0,1.120728387499,1.2774112903463197,0,0
4137,1.0,1.1467021793,1.2774112903463197,0,0
4138,1.0,1.127747943832,1.2774112903463197,0,0
4139,1.0,1.140141799522,1.2774112903463197,0,0
4140,1.0,1.132055549262,1.2774112903463197,0,0
4141,1.0,1.136132812387,1.2774112903463197,0,0
4142,1.0,1.134394358782,1.2774112903463197,0,0
4143,1.0,1.076314633584,1.2774112903463197,0,0
4144,1.0,1.107236029035,1.2774112903463197,0,0
4145,1.0,1.095450442437,1.2774112903463197,0,0
4146,1.0,1.089772861996,1.2774112903463197,0,0
4147,1.0,1.063101491678,1.2774112903463197,0,0
4148,1.0,1.054511796415,1.2774112903463197,0,0
4149,1.0,1.076656688629,1.2774112903463197,0,0
4150,1.0,1.103001348849,1.2774112903463197,0,0
4151,1.0,1.128654174262,1.2774112903463197,0,0
4152,1.0,1.123239078225,1.2774112903463197,0,0
4153,1.0,1.098770392815,1.2774112903463197,0,0
4154,1.0,1.107558792499,1.2774112903463197,0,0
4155,1.0,1.09849748453,1.2774112903463197,0,0
4156,1.0,1.111632346567,1.2774112903463197,0,0
4157,1.0,1.130465943367,1.2774112903463197,0,0
4158,1.0,1.145582743272,1.2774112903463197,0,0
4159,1.0,1.148296556451,1.2774112903463197,0,0
4160,1.0,1.117451152125,1.2774112903463197,0,0
4161,1.0,1.115365843682,1.2774112903463197,0,0
4162,1.0,1.102510067588,1.2774112903463197,0,0
4163,1.0,1.07762177118,1.2774112903463197,0,0
4164,1.0,1.099367962613,1.2774112903463197,0,0
4165,1.0,1.04598298445,1.2774112903463197,0,0
4166,1.0,1.026883784065,1.2774112903463197,0,0
4167,1.0,1.014032805752,1.2774112903463197,0,0
4168,1.0,1.038372112517,1.2774112903463197,0,0
4169,1.0,1.000751721577,1.2774112903463197,0,0
4170,1.0,0.997547523705,1.2774112903463197,0,0
4171,1.0,0.997353366791,1.2774112903463197,0,0
4172,1.0,0.996738890077,1.2774112903463197,0,0
4173,1.0,1.000497642284,1.2774112903463197,0,0
4174,1.0,0.994907503171,1.2774112903463197,0,0
4175,1.0,0.99471631392,1.2774112903463197,0,0
4176,1.0,0.997942931527,1.2774112903463197,0,0
4177,1.0,0.993803752221,1.2774112903463197,0,0
4178,1.0,0.996261218554,1.2774112903463197,0,0
4179,1.0,0.993698711335,1.2774112903463197,0,0
4180,1.0,1.004235243282,1.2774112903463197,0,0
4181,1.0,1.005486752951,1.2774112903463197,0,0
4182,1.0,1.010487408892,1.2774112903463197,0,0
4183,0.98,1.055005584946,1.2774112903463197,0,0
4184,0.98,1.107304266428,1.2774112903463197,0,0
4185,0.98,1.106734639382,1.2774112903463197,0,0
4186,0.98,1.061088401559,1.2774112903463197,0,0
4187,0.98,1.028318771786,1.2774112903463197,0,0
4188,0.98,1.018071815546,1.2774112903463197,0,0
4189,0.98,1.011373742258,1.2774112903463197,0,0
4190,0.98,1.000135858093,1.2774112903463197,0,0
4191,0.98,1.002090386233,1.2774112903463197,0,0
4192,0.98,0.997281469341,1.2774112903463197,0,0
4193,0.98,0.999689713595,1.2774112903463197,0,0
4194,0.98,1.005586141273,1.2774112903463197,0,0
4195,0.98,1.000869661789,1.2774112903463197,0,0
4196,0.98,1.000554887149,1.2774112903463197,0,0
4197,0.98,1.000918964546,1.2774112903463197,0,0
4198,0.98,0.999264423957,1.2774112903463197,0,0
4199,0.98,1.0004665977,1.2774112903463197,0,0
4200,0.98,1.000164313863,1.2774112903463197,0,0
4201,1.0,1.035066258226,1.2774112903463197,0,0
4202,0.98,1.018721470261,1.2774112903463197,0,0
4203,0.98,1.008872651503,1.2774112903463197,0,0
4204,1.0,1.05009206464,1.2774112903463197,0,0
4205,1.0,1.085499365835,1.2774112903463197,0,0
4206,1.0,1.049723231265,1.2774112903463197,0,0
4207,1.0,1.10105597715,1.2774112903463197,0,0
4208,1.0,1.071570409546,1.2774112903463197,0,0
4209,1.0,1.077032920976,1.2774112903463197,0,0
4210,1.0,1.095158180884,1.2774112903463197,0,0
4211,1.0,1.135872679531,1.2774112903463197,0,0
4212,1.0,1.141791005299,1.2774112903463197,0,0
4213,1.0,1.145085857768,1.2774112903463197,0,0
4214,1.0,1.079708056924,1.2774112903463197,0,0
4215,1.0,1.103026589922,1.2774112903463197,0,0
4216,1.0,1.065074346495,1.2774112903463197,0,0
4217,1.0,1.140702130774,1.2774112903463197,0,0
4218,1.0,1.132363057598,1.2774112903463197,0,0
4219,1.0,1.144268175304,1.2774112903463197,0,0
4220,1.0,1.090187568456,1.2774112903463197,0,0
4221,1.0,1.1191232434,1.2774112903463197,0,0
4222,1.0,1.077926453645,1.2774112903463197,0,0
4223,1.0,1.131698505664,1.2774112903463197,0,0
4224,1.0,1.083117998512,1.2774112903463197,0,0
4225,1.0,1.108976409047,1.2774112903463197,0,0
4226,1.0,1.102849821471,1.2774112903463197,0,0
4227,1.0,1.122211262482,1.2774112903463197,0,0
4228,1.0,1.115796309941,1.2774112903463197,0,0
4229,1.0,1.140281462359,1.2774112903463197,0,0
4230,1.0,1.133390733547,1.2774112903463197,0,0
4231,1.0,1.181672721429,1.2774112903463197,0,0
4232,1.0,1.132930792704,1.2774112903463197,0,0
4233,1.0,1.137803342376,1.2774112903463197,0,0
4234,1.0,1.127980544879,1.2774112903463197,0,0
4235,1.0,1.157918438106,1.2774112903463197,0,0
4236,1.0,1.165875057085,1.2774112903463197,0,0
4237,1.0,1.180589379174,1.2774112903463197,0,0
4238,1.0,1.123662067453,1.2774112903463197,0,0
4239,1.0,1.147628914391,1.2774112903463197,0,0
4240,1.0,1.072391938438,1.2774112903463197,0,0
4241,1.0,1.142187271295,1.2774112903463197,0,0
4242,1.0,1.10013387216,1.2774112903463197,0,0
4243,1.0,1.109392932275,1.2774112903463197,0,0
4244,1.0,1.097049546417,1.2774112903463197,0,0
4245,1.0,1.058838191254,1.2774112903463197,0,0
4246,1.0,1.007210028847,1.2774112903463197,0,0
4247,1.0,0.999751474049,1.2774112903463197,0,0
4248,1.0,1.00285815045,1.2774112903463197,0,0
4249,1.0,1.000466333065,1.2774112903463197,0,0
4250,1.0,0.99495122089,1.2774112903463197,0,0
4251,1.0,0.997483941003,1.2774112903463197,0,0
4252,1.0,0.999212508472,1.2774112903463197,0,0
4253,1.0,1.000822788922,1.2774112903463197,0,0
4254,1.0,1.005690339761,1.2774112903463197,0,0
4255,1.0,0.999435071367,1.2774112903463197,0,0
4256,1.0,0.997193400656,1.2774112903463197,0,0
4257,1.0,0.99896916175,1.2774112903463197,0,0
4258,1.0,1.001951455945,1.2774112903463197,0,0
4259,1.0,1.007528761792,1.2774112903463197,0,0
4260,1.0,0.9947877542,1.2774112903463197,0,0
4261,1.0,0.989325373143,1.2774112903463197,0,0
4262,1.0,1.012882935658,1.2774112903463197,0,0
4263,1.0,0.98469621664,1.2774112903463197,0,0
4264,0.98,1.084278890564,1.2774112903463197,0,0
4265,0.98,1.088113844714,1.2774112903463197,0,0
4266,0.98,1.050952607685,1.2774112903463197,0,0
4267,1.0,1.031353332322,1.2774112903463197,0,0
4268,0.98,1.011864296613,1.2774112903463197,0,0
4269,0.98,1.025468449896,1.2774112903463197,0,0
4270,0.98,1.00585458911,1.2774112903463197,0,0
4271,0.98,1.024144985572,1.2774112903463197,0,0
4272,0.98,1.025319005013,1.2774112903463197,0,0
4273,0.98,1.040283328682,1.2774112903463197,0,0
4274,0.98,1.024726966737,1.2774112903463197,0,0
4275,0.98,1.033086527186,1.2774112903463197,0,0
4276,0.98,1.0077948262,1.2774112903463197,0,0
4277,0.98,1.036283763671,1.2774112903463197,0,0
4278,0.98,1.011525226054,1.2774112903463197,0,0
4279,0.98,1.017738133683,1.2774112903463197,0,0
4280,0.98,1.022403978113,1.2774112903463197,0,0
4281,0.98,1.018254067096,1.2774112903463197,0,0
4282,0.98,1.015264312927,1.2774112903463197,0,0
4283,0.98,1.016460335771,1.2774112903463197,0,0
4284,0.98,1.00693225641,1.2774112903463197,0,0
4285,0.98,1.020312647645,1.2774112903463197,0,0
4286,0.98,1.025322131773,1.2774112903463197,0,0
4287,0.98,1.023046014127,1.2774112903463197,0,0
4288,0.98,1.030471124082,1.2774112903463197,0,0
4289,0.98,1.049501720818,1.2774112903463197,0,0
4290,1.0,1.052022816121,1.2774112903463197,0,0
4291,1.0,1.131599696658,1.2774112903463197,0,0
4292,1.0,1.165701597477,1.2774112903463197,0,0
4293,1.0,1.150112000825,1.2774112903463197,0,0
4294,1.0,1.139906746741,1.2774112903463197,0,0
4295,1.0,1.159952652138,1.2774112903463197,0,0
4296,1.0,1.173932948024,1.2774112903463197,0,0
4297,1.0,1.185737434357,1.2774112903463197,0,0
4298,1.0,1.168206311625,1.2774112903463197,0,0
4299,1.0,1.128189423398,1.2774112903463197,0,0
4300,1.0,1.111797835417,1.2774112903463197,0,0
4301,1.0,1.121764079996,1.2774112903463197,0,0
4302,1.0,1.117979531076,1.2774112903463197,0,0
4303,1.0,1.120374667992,1.2774112903463197,0,0
4304,1.0,1.099666535172,1.2774112903463197,0,0
4305,1.0,1.105402720592,1.2774112903463197,0,0
4306,1.0,1.092646522825,1.2774112903463197,0,0
4307,1.0,1.110006310468,1.2774112903463197,0,0
4308,1.0,1.093681888157,1.2774112903463197,0,0
4309,1.0,1.089266236501,1.2774112903463197,0,0
4310,1.0,1.097218918754,1.2774112903463197,0,0
4311,1.0,1.081534178443,1.2774112903463197,0,0
4312,1.0,1.077084359604,1.2774112903463197,0,0
4313,1.0,1.075717039934,1.2774112903463197,0,0
4314,1.0,1.081223871802,1.2774112903463197,0,0
4315,1.0,1.100057770521,1.2774112903463197,0,0
4316,1.0,1.100345856732,1.2774112903463197,0,0
4317,1.0,1.092984899683,1.2774112903463197,0,0
4318,1.0,1.130555790785,1.2774112903463197,0,0
4319,1.0,1.158085046669,1.2774112903463197,0,0
4320,1.0,1.176704561308,1.2774112903463197,0,0
4321,1.0,1.127885341323,1.2774112903463197,0,0
4322,1.0,1.113666446012,1.2774112903463197,0,0
4323,1.0,1.111817275645,1.2774112903463197,0,0
4324,1.0,1.10617588085,1.2774112903463197,0,0
4325,1.0,1.140788799435,1.2774112903463197,0,0
4326,1.0,1.136114847408,1.2774112903463197,0,0
4327,1.0,1.06946236377,1.2774112903463197,0,0
4328,1.0,1.07053733188,1.2774112903463197,0,0
4329,1.0,1.025748968806,1.2774112903463197,0,0
4330,1.0,1.065390415064,1.2774112903463197,0,0
4331,1.0,1.015271759247,1.2774112903463197,0,0
4332,1.0,1.011778924644,1.2774112903463197,0,0
4333,1.0,1.002909387826,1.2774112903463197,0,0
4334,1.0,1.002594914923,1.2774112903463197,0,0
4335,1.0,1.000751721577,1.2774112903463197,0,0
4336,1.0,0.997547523705,1.2774112903463197,0,0
4337,1.0,0.997353366791,1.2774112903463197,0,0
4338,1.0,0.996738890077,1.2774112903463197,0,0
4339,1.0,1.000497642284,1.2774112903463197,0,0
4340,1.0,0.994907503171,1.2774112903463197,0,0
4341,1.0,0.99471631392,1.2774112903463197,0,0
4342,1.0,0.997942931527,1.2774112903463197,0,0
4343,1.0,0.993803752221,1.2774112903463197,0,0
4344,1.0,0.996261218554,1.2774112903463197,0,0
4345,1.0,0.993698711335,1.2774112903463197,0,0
4346,1.0,1.004235243282,1.2774112903463197,0,0
4347,1.0,1.005486752951,1.2774112903463197,0,0
4348,1.0,1.010487408892,1.2774112903463197,0,0
4349,1.0,1.014605058368,1.2774112903463197,0,0
4350,1.0,0.99022894392,1.2774112903463197,0,0
4351,1.0,0.987442304198,1.2774112903463197,0,0
4352,1.0,0.983218631057,1.2774112903463197,0,0
4353,1.0,0.989908062803,1.2774112903463197,0,0
4354,0.98,0.991272636416,1.2774112903463197,0,0
4355,0.98,1.003988102963,1.2774112903463197,0,0
4356,0.98,0.996725175283,1.2774112903463197,0,0
4357,1.0,1.031353332322,1.2774112903463197,0,0
4358,0.98,1.011864296613,1.2774112903463197,0,0
4359,0.98,1.025468449896,1.2774112903463197,0,0
4360,0.98,1.00585458911,1.2774112903463197,0,0
4361,0.98,1.024144985572,1.2774112903463197,0,0
4362,0.98,1.025319005013,1.2774112903463197,0,0
4363,0.98,1.040283328682,1.2774112903463197,0,0
4364,0.98,1.024726966737,1.2774112903463197,0,0
4365,0.98,1.033086527186,1.2774112903463197,0,0
4366,0.98,1.0077948262,1.2774112903463197,0,0
4367,0.98,1.036283763671,1.2774112903463197,0,0
4368,0.98,1.011525226054,1.2774112903463197,0,0
4369,0.98,1.017738133683,1.2774112903463197,0,0
4370,0.98,1.022403978113,1.2774112903463197,0,0
4371,0.98,1.018254067096,1.2774112903463197,0,0
4372,0.98,1.015264312927,1.2774112903463197,0,0
4373,0.98,1.016460335771,1.2774112903463197,0,0
4374,1.0,1.070600209168,1.2774112903463197,0,0
4375,0.98,1.101964997299,1.2774112903463197,0,0
4376,0.98,1.062571442442,1.2774112903463197,0,0
4377,1.0,1.172350326203,1.2774112903463197,0,0
4378,1.0,1.092227285486,1.2774112903463197,0,0
4379,1.0,1.169896753997,1.2774112903463197,0,0
4380,1.0,1.110390940121,1.2774112903463197,0,0
4381,1.0,1.180870066116,1.2774112903463197,0,0
4382,1.0,1.134433031639,1.2774112903463197,0,0
4383,1.0,1.196087510923,1.2774112903463197,0,0
4384,1.0,1.143603406434,1.2774112903463197,0,0
4385,1.0,1.178433097929,1.2774112903463197,0,0
4386,1.0,1.145159837249,1.2774112903463197,0,0
4387,1.0,1.191775552703,1.2774112903463197,0,0
4388,1.0,1.142326676899,1.2774112903463197,0,0
4389,1.0,1.181938663996,1.2774112903463197,0,0
4390,1.0,1.13265771376,1.2774112903463197,0,0
4391,1.0,1.183315955369,1.2774112903463197,0,0
4392,1.0,1.144981160371,1.2774112903463197,0,0
4393,1.0,1.185243561366,1.2774112903463197,0,0
4394,1.0,1.112984166968,1.2774112903463197,0,0
4395,1.0,1.167379540593,1.2774112903463197,0,0
4396,1.0,1.084572981324,1.2774112903463197,0,0
4397,1.0,1.143887182561,1.2774112903463197,0,0
4398,1.0,1.097234649631,1.2774112903463197,0,0
4399,1.0,1.138078051451,1.2774112903463197,0,0
4400,1.0,1.086558743475,1.2774112903463197,0,0
4401,1.0,1.140393755567,1.2774112903463197,0,0
4402,1.0,1.122697319004,1.2774112903463197,0,0
4403,1.0,1.166314857457,1.2774112903463197,0,0
4404,1.0,1.13999278045,1.2774112903463197,0,0
4405,1.0,1.159523220553,1.2774112903463197,0,0
4406,1.0,1.139552190897,1.2774112903463197,0,0
4407,1.0,1.17077752718,1.2774112903463197,0,0
4408,1.0,1.136500371639,1.2774112903463197,0,0
4409,1.0,1.201509628822,1.2774112903463197,0,0
4410,1.0,1.130273914406,1.2774112903463197,0,0
4411,1.0,1.187753899051,1.2774112903463197,0,0
4412,1.0,1.132011414754,1.2774112903463197,0,0
4413,1.0,1.195033727585,1.2774112903463197,0,0
4414,1.0,1.10399570037,1.2774112903463197,0,0
4415,1.0,1.123550172418,1.2774112903463197,0,0
4416,1.0,1.081007929651,1.2774112903463197,0,0
4417,1.0,1.069172694302,1.2774112903463197,0,0
4418,1.0,1.031301139945,1.2774112903463197,0,0
4419,1.0,1.040510632938,1.2774112903463197,0,0
4420,1.0,1.042760407742,1.2774112903463197,0,0
4421,1.0,1.00285815045,1.2774112903463197,0,0
4422,1.0,1.000466333065,1.2774112903463197,0,0
4423,1.0,0.99495122089,1.2774112903463197,0,0
4424,1.0,0.997483941003,1.2774112903463197,0,0
4425,1.0,0.999212508472,1.2774112903463197,0,0
4426,1.0,1.000822788922,1.2774112903463197,0,0
4427,1.0,1.005690339761,1.2774112903463197,0,0
4428,1.0,0.999435071367,1.2774112903463197,0,0
4429,1.0,0.997193400656,1.2774112903463197,0,0
4430,1.0,0.99896916175,1.2774112903463197,0,0
4431,1.0,1.001951455945,1.2774112903463197,0,0
4432,1.0,1.007528761792,1.2774112903463197,0,0
4433,1.0,0.9947877542,1.2774112903463197,0,0
4434,1.0,0.989325373143,1.2774112903463197,0,0
4435,0.98,1.07063248079,1.2774112903463197,0,0
4436,0.98,1.065756864995,1.2774112903463197,0,0
4437,0.98,1.136113267519,1.2774112903463197,0,0
4438,1.0,1.156962818589,1.2774112903463197,0,0
4439,0.98,1.092982105186,1.2774112903463197,0,0
4440,0.98,1.025468449896,1.2774112903463197,0,0
4441,0.98,1.00585458911,1.2774112903463197,0,0
4442,0.98,1.024144985572,1.2774112903463197,0,0
4443,0.98,1.025319005013,1.2774112903463197,0,0
4444,0.98,1.040283328682,1.2774112903463197,0,0
4445,0.98,1.024726966737,1.2774112903463197,0,0
4446,0.98,1.033086527186,1.2774112903463197,0,0
4447,0.98,1.0077948262,1.2774112903463197,0,0
4448,0.98,1.036283763671,1.2774112903463197,0,0
4449,0.98,1.011525226054,1.2774112903463197,0,0
4450,0.98,1.017738133683,1.2774112903463197,0,0
4451,0.98,1.022403978113,1.2774112903463197,0,0
4452,0.98,1.018254067096,1.2774112903463197,0,0
4453,0.98,1.015264312927,1.2774112903463197,0,0
4454,0.98,1.016460335771,1.2774112903463197,0,0
4455,0.98,1.00693225641,1.2774112903463197,0,0
4456,1.0,1.069246934127,1.2774112903463197,0,0
4457,0.98,1.088103543751,1.2774112903463197,0,0
4458,0.98,1.059156700409,1.2774112903463197,0,0
4459,1.0,1.128799262521,1.2774112903463197,0,0
4460,1.0,1.139197855991,1.2774112903463197,0,0
4461,1.0,1.167647692629,1.2774112903463197,0,0
4462,1.0,1.149728564512,1.2774112903463197,0,0
4463,1.0,1.205095174754,1.2774112903463197,0,0
4464,1.0,1.153203713543,1.2774112903463197,0,0
4465,1.0,1.193629099049,1.2774112903463197,0,0
4466,1.0,1.162337363818,1.2774112903463197,0,0
4467,1.0,1.1786824932,1.2774112903463197,0,0
4468,1.0,1.147249622066,1.2774112903463197,0,0
4469,1.0,1.202726830008,1.2774112903463197,0,0
4470,1.0,1.12339446698,1.2774112903463197,0,0
4471,1.0,1.187829820482,1.2774112903463197,0,0
4472,1.0,1.120690526985,1.2774112903463197,0,0
4473,1.0,1.199781840944,1.2774112903463197,0,0
4474,1.0,1.122396169998,1.2774112903463197,0,0
4475,1.0,1.150900124534,1.2774112903463197,0,0
4476,1.0,1.10751598573,1.2774112903463197,0,0
4477,1.0,1.138911819555,1.2774112903463197,0,0
4478,1.0,1.092509278647,1.2774112903463197,0,0
4479,1.0,1.121179092121,1.2774112903463197,0,0
4480,1.0,1.100579295267,1.2774112903463197,0,0
4481,1.0,1.119002522763,1.2774112903463197,0,0
4482,1.0,1.089610741151,1.2774112903463197,0,0
4483,1.0,1.185766961861,1.2774112903463197,0,0
4484,1.0,1.117892087624,1.2774112903463197,0,0
4485,1.0,1.191512374397,1.2774112903463197,0,0
4486,1.0,1.121907493971,1.2774112903463197,0,0
4487,1.0,1.199298886107,1.2774112903463197,0,0
4488,1.0,1.14664213891,1.2774112903463197,0,0
4489,1.0,1.207425067952,1.2774112903463197,0,0
4490,1.0,1.173399250451,1.2774112903463197,0,0
4491,1.0,1.198444505384,1.2774112903463197,0,0
4492,1.0,1.174956462424,1.2774112903463197,0,0
4493,1.0,1.207170692666,1.2774112903463197,0,0
4494,1.0,1.153086797976,1.2774112903463197,0,0
4495,1.0,1.191760743156,1.2774112903463197,0,0
4496,1.0,1.098531109492,1.2774112903463197,0,0
4497,1.0,1.109925487167,1.2774112903463197,0,0
4498,1.0,1.046789915162,1.2774112903463197,0,0
4499,1.0,1.077856858522,1.2774112903463197,0,0
4500,1.0,1.042737465928,1.2774112903463197,0,0
4501,1.0,1.056709277563,1.2774112903463197,0,0
4502,1.0,0.999751474049,1.2774112903463197,0,0
4503,1.0,1.00285815045,1.2774112903463197,0,0
4504,1.0,1.000466333065,1.2774112903463197,0,0
4505,1.0,0.99495122089,1.2774112903463197,0,0
4506,1.0,0.997483941003,1.2774112903463197,0,0
4507,1.0,0.999212508472,1.2774112903463197,0,0
4508,1.0,1.000822788922,1.2774112903463197,0,0
4509,1.0,1.005690339761,1.2774112903463197,0,0
4510,1.0,0.999435071367,1.2774112903463197,0,0
4511,1.0,0.997193400656,1.2774112903463197,0,0
4512,1.0,0.99896916175,1.2774112903463197,0,0
4513,1.0,1.001951455945,1.2774112903463197,0,0
4514,1.0,1.007528761792,1.2774112903463197,0,0
4515,1.0,0.9947877542,1.2774112903463197,0,0
4516,1.0,0.989325373143,1.2774112903463197,0,0
4517,1.0,1.012882935658,1.2774112903463197,0,0
4518,1.0,0.98469621664,1.2774112903463197,0,0
4519,1.0,0.997237358439,1.2774112903463197,0,0
4520,1.0,0.987442304198,1.2774112903463197,0,0
4521,1.0,0.983218631057,1.2774112903463197,0,0
4522,1.0,0.989908062803,1.2774112903463197,0,0
4523,1.0,0.989908062803,1.2774112903463197,0,0
4524,0.98,0.991272636416,1.2774112903463197,0,0
4525,0.98,1.003988102963,1.2774112903463197,0,0
4526,1.0,0.998890345754,1.2774112903463197,0,0
4527,1.0,1.024909818277,1.2774112903463197,0,0
4528,0.98,1.037905923441,1.2774112903463197,0,0
4529,0.98,1.044320876409,1.2774112903463197,0,0
4530,0.98,1.057042291898,1.2774112903463197,0,0
4531,0.98,1.070851181307,1.2774112903463197,0,0
4532,0.98,1.078393443832,1.2774112903463197,0,0
4533,0.98,1.084112068446,1.2774112903463197,0,0
4534,0.98,1.059828235303,1.2774112903463197,0,0
4535,0.98,1.072590960084,1.2774112903463197,0,0
4536,0.98,1.054645653171,1.2774112903463197,0,0
4537,0.98,1.068322394043,1.2774112903463197,0,0
4538,0.98,1.048167167405,1.2774112903463197,0,0
4539,0.98,1.055221145171,1.2774112903463197,0,0
4540,0.98,1.03928331984,1.2774112903463197,0,0
4541,0.98,1.048390849424,1.2774112903463197,0,0
4542,0.98,1.030260126107,1.2774112903463197,0,0
4543,0.98,1.039757949035,1.2774112903463197,0,0
4544,0.98,1.026581309104,1.2774112903463197,0,0
4545,0.98,1.043442532084,1.2774112903463197,0,0
4546,0.98,1.044242626312,1.2774112903463197,0,0
4547,0.98,1.042576610083,1.2774112903463197,0,0
4548,0.98,1.055265236346,1.2774112903463197,0,0
4549,0.98,1.050474860735,1.2774112903463197,0,0
4550,1.0,1.083409748389,1.2774112903463197,0,0
4551,1.0,1.192193540111,1.2774112903463197,0,0
4552,1.0,1.200964375037,1.2774112903463197,0,0
4553,1.0,1.232573343892,1.2774112903463197,0,0
4554,1.0,1.191502424425,1.2774112903463197,0,0
4555,1.0,1.219228107836,1.2774112903463197,0,0
4556,1.0,1.226267500014,1.2774112903463197,0,0
4557,1.0,1.234907312974,1.2774112903463197,0,0
4558,1.0,1.211581938253,1.2774112903463197,0,0
4559,1.0,1.173044493897,1.2774112903463197,0,0
4560,1.0,1.185123905955,1.2774112903463197,0,0
4561,1.0,1.184775101185,1.2774112903463197,0,0
4562,1.0,1.14665276517,1.2774112903463197,0,0
4563,1.0,1.163087042132,1.2774112903463197,0,0
4564,1.0,1.135911841027,1.2774112903463197,0,0
4565,1.0,1.168946533862,1.2774112903463197,0,0
4566,1.0,1.131978419555,1.2774112903463197,0,0
4567,1.0,1.167815164251,1.2774112903463197,0,0
4568,1.0,1.125602275667,1.2774112903463197,0,0
4569,1.0,1.148002977911,1.2774112903463197,0,0
4570,1.0,1.12066436166,1.2774112903463197,0,0
4571,1.0,1.134768036871,1.2774112903463197,0,0
4572,1.0,1.117373770245,1.2774112903463197,0,0
4573,1.0,1.116054219081,1.2774112903463197,0,0
4574,1.0,1.128770616798,1.2774112903463197,0,0
4575,1.0,1.13608664191,1.2774112903463197,0,0
4576,1.0,1.133378946263,1.2774112903463197,0,0
4577,1.0,1.145697451843,1.2774112903463197,0,0
4578,1.0,1.160374151729,1.2774112903463197,0,0
4579,1.0,1.217063890765,1.2774112903463197,0,0
4580,1.0,1.187922794148,1.2774112903463197,0,0
4581,1.0,1.165185216771,1.2774112903463197,0,0
4582,1.0,1.151350509165,1.2774112903463197,0,0
4583,1.0,1.1329415345,1.2774112903463197,0,0
4584,1.0,1.181885864429,1.2774112903463197,0,0
4585,1.0,1.214108580768,1.2774112903463197,0,0
4586,1.0,1.177618909947,1.2774112903463197,0,0
4587,1.0,1.155957757636,1.2774112903463197,0,0
4588,1.0,1.0804118826,1.2774112903463197,0,0
4589,1.0,1.092318785277,1.2774112903463197,0,0
4590,1.0,1.065390415064,1.2774112903463197,0,0
4591,1.0,1.015271759247,1.2774112903463197,0,0
4592,1.0,1.011778924644,1.2774112903463197,0,0
4593,1.0,1.002909387826,1.2774112903463197,0,0
4594,1.0,1.002594914923,1.2774112903463197,0,0
4595,1.0,1.000751721577,1.2774112903463197,0,0
4596,1.0,0.997547523705,1.2774112903463197,0,0
4597,1.0,0.997353366791,1.2774112903463197,0,0
4598,1.0,0.996738890077,1.2774112903463197,0,0
4599,1.0,1.000497642284,1.2774112903463197,0,0
4600,1.0,0.994907503171,1.2774112903463197,0,0
4601,1.0,0.99471631392,1.2774112903463197,0,0
4602,1.0,0.997942931527,1.2774112903463197,0,0
4603,1.0,0.993803752221,1.2774112903463197,0,0
4604,1.0,0.996261218554,1.2774112903463197,0,0
4605,1.0,0.993698711335,1.2774112903463197,0,0
4606,1.0,1.004235243282,1.2774112903463197,0,0
4607,1.0,1.005486752951,1.2774112903463197,0,0
4608,1.0,1.010487408892,1.2774112903463197,0,0
4609,1.0,1.014605058368,1.2774112903463197,0,0
4610,1.0,0.99022894392,1.2774112903463197,0,0
4611,1.0,0.987442304198,1.2774112903463197,0,0
4612,1.0,0.983218631057,1.2774112903463197,0,0
4613,1.0,0.989908062803,1.2774112903463197,0,0
4614,1.0,0.989908062803,1.2774112903463197,0,0
4615,1.0,0.989908062803,1.2774112903463197,0,0
4616,0.98,0.991272636416,1.2774112903463197,0,0
4617,0.98,1.003988102963,1.2774112903463197,0,0
4618,1.0,0.998890345754,1.2774112903463197,0,0
4619,0.98,1.001767232655,1.2774112903463197,0,0
4620,0.98,1.010081568874,1.2774112903463197,0,0
4621,0.98,0.996604169177,1.2774112903463197,0,0
4622,0.98,1.012636855094,1.2774112903463197,0,0
4623,0.98,1.015818055748,1.2774112903463197,0,0
4624,0.98,1.002953812814,1.2774112903463197,0,0
4625,0.98,1.006324250882,1.2774112903463197,0,0
4626,0.98,0.998876183764,1.2774112903463197,0,0
4627,0.98,1.00419367329,1.2774112903463197,0,0
4628,0.98,1.012014572713,1.2774112903463197,0,0
4629,0.98,1.002663179133,1.2774112903463197,0,0
4630,0.98,1.000819242484,1.2774112903463197,0,0
4631,0.98,1.001892945862,1.2774112903463197,0,0
4632,0.98,1.004881792614,1.2774112903463197,0,0
4633,0.98,0.999051321734,1.2774112903463197,0,0
4634,0.98,1.004343716876,1.2774112903463197,0,0
4635,0.98,0.998501427433,1.2774112903463197,0,0
4636,0.98,1.000343571215,1.2774112903463197,0,0
4637,0.98,1.012173405508,1.2774112903463197,0,0
4638,0.98,1.009638002777,1.2774112903463197,0,0
4639,1.0,1.049867952258,1.2774112903463197,0,0
4640,0.98,1.040585644845,1.2774112903463197,0,0
4641,0.98,1.049513287919,1.2774112903463197,0,0
4642,0.98,1.053564829105,1.2774112903463197,0,0
4643,1.0,1.078374131792,1.2774112903463197,0,0
4644,1.0,1.098388160127,1.2774112903463197,0,0
4645,1.0,1.098339259948,1.2774112903463197,0,0
4646,1.0,1.138489289462,1.2774112903463197,0,0
4647,1.0,1.149252114071,1.2774112903463197,0,0
4648,1.0,1.135798365462,1.2774112903463197,0,0
4649,1.0,1.144480187428,1.2774112903463197,0,0
4650,1.0,1.128282067773,1.2774112903463197,0,0
4651,1.0,1.123942680041,1.2774112903463197,0,0
4652,1.0,1.090844030505,1.2774112903463197,0,0
4653,1.0,1.100570386621,1.2774112903463197,0,0
4654,1.0,1.082025447141,1.2774112903463197,0,0
4655,1.0,1.088864808893,1.2774112903463197,0,0
4656,1.0,1.087838961938,1.2774112903463197,0,0
4657,1.0,1.087967841867,1.2774112903463197,0,0
4658,1.0,1.076908259097,1.2774112903463197,0,0
4659,1.0,1.076511472445,1.2774112903463197,0,0
4660,1.0,1.078169788239,1.2774112903463197,0,0
4661,1.0,1.091870547282,1.2774112903463197,0,0
4662,1.0,1.081138572496,1.2774112903463197,0,0
4663,1.0,1.089640127141,1.2774112903463197,0,0
4664,1.0,1.092848361699,1.2774112903463197,0,0
4665,1.0,1.106235620056,1.2774112903463197,0,0
4666,1.0,1.101147927397,1.2774112903463197,0,0
4667,1.0,1.115066936306,1.2774112903463197,0,0
4668,1.0,1.132719485385,1.2774112903463197,0,0
4669,1.0,1.129700569016,1.2774112903463197,0,0
4670,1.0,1.117262444182,1.2774112903463197,0,0
4671,1.0,1.163641073098,1.2774112903463197,0,0
4672,1.0,1.164737251128,1.2774112903463197,0,0
4673,1.0,1.149478973683,1.2774112903463197,0,0
4674,1.0,1.161562915294,1.2774112903463197,0,0
4675,1.0,1.151106498881,1.2774112903463197,0,0
4676,1.0,1.12061597738,1.2774112903463197,0,0
4677,1.0,1.143324006194,1.2774112903463197,0,0
4678,1.0,1.128157886255,1.2774112903463197,0,0
4679,1.0,1.102083472129,1.2774112903463197,0,0
4680,1.0,1.052766098714,1.2774112903463197,0,0
4681,1.0,1.074608093706,1.2774112903463197,0,0
4682,1.0,1.03559498573,1.2774112903463197,0,0
4683,1.0,1.039271568634,1.2774112903463197,0,0
4684,1.0,1.037118505855,1.2774112903463197,0,0
4685,1.0,1.02260868286,1.2774112903463197,0,0
4686,1.0,1.015760965398,1.2774112903463197,0,0
4687,1.0,1.01664387358,1.2774112903463197,0,0
4688,1.0,1.009793270698,1.2774112903463197,0,0
4689,1.0,1.019412236169,1.2774112903463197,0,0
4690,1.0,1.007908116614,1.2774112903463197,0,1
4691,1.0,1.031307499866,1.2774112903463197,0,1
4692,1.0,1.011145546661,1.2774112903463197,0,1
4693,1.0,1.020090544484,1.2774112903463197,0,1
4694,1.0,1.009782628406,1.2774112903463197,0,1
4695,1.0,1.026224603454,1.2774112903463197,0,1
4696,1.0,1.036754561004,1.2774112903463197,0,1
4697,1.0,1.022975785747,1.2774112903463197,0,1
4698,1.0,1.002306823616,1.2774112903463197,0,1
4699,1.0,1.013911001965,1.2774112903463197,0,1
4700,1.0,1.021470323747,1.2774112903463197,0,1
4701,1.0,1.030948223469,1.2774112903463197,0,1
4702,1.0,1.034163675146,1.2774112903463197,0,1
4703,1.0,0.99022894392,1.2774112903463197,0,1
4704,1.0,0.987442304198,1.2774112903463197,0,1
4705,1.0,0.983218631057,1.2774112903463197,0,1
4706,-1.0,52.848893996594,1.2774112903463197,1,1
4707,-1.0,75.759034378037,1.2774112903463197,1,1
4708,1.0,72.649712621404,1.2774112903463197,1,1
4709,1.0,76.043311678595,1.2774112903463197,1,1
4710,1.0,77.583390158009,1.2774112903463197,1,1
4711,1.0,72.183169822526,1.2774112903463197,1,1
4712,1.0,78.496821583301,1.2774112903463197,1,1
4713,1.0,75.657005056736,1.2774112903463197,1,1
4714,1.0,79.469775085243,1.2774112903463197,1,1
4715,1.0,78.721122154563,1.2774112903463197,1,1
4716,1.0,74.707888598017,1.2774112903463197,1,1
4717,0.98,74.264997012955,1.2774112903463197,1,1
4718,0.98,74.133552751489,1.2774112903463197,1,1
4719,0.98,76.174640095457,1.2774112903463197,1,1
4720,0.98,74.751968728621,1.2774112903463197,1,1
4721,0.98,73.122984936393,1.2774112903463197,1,0
4722,0.98,72.647916196279,1.2774112903463197,1,0
4723,0.98,72.047960017005,1.2774112903463197,1,0
4724,0.98,70.031386897816,1.2774112903463197,1,0
4725,0.98,69.798029303922,1.2774112903463197,1,0
4726,0.98,70.513131165302,1.2774112903463197,1,0
4727,0.98,71.720175302941,1.2774112903463197,1,0
4728,0.98,69.603421165808,1.2774112903463197,1,0
4729,0.98,60.729123289535,1.2774112903463197,1,0
4730,0.98,63.840195137032,1.2774112903463197,1,0
4731,0.98,62.961346557219,1.2774112903463197,1,0
4732,0.98,66.479923432985,1.2774112903463197,1,0
4733,0.98,69.38473944917,1.2774112903463197,1,0
4734,0.98,67.996294897819,1.2774112903463197,1,0
4735,0.98,60.482115014597,1.2774112903463197,1,0
4736,0.98,62.544808008588,1.2774112903463197,1,0
4737,1.0,65.216312747228,1.2774112903463197,1,0
4738,1.0,70.967379675122,1.2774112903463197,1,0
4739,1.0,66.701395278431,1.2774112903463197,1,0
4740,1.0,66.251902124992,1.2774112903463197,1,0
4741,1.0,61.634219187601,1.2774112903463197,1,0
4742,1.0,62.686084807945,1.2774112903463197,1,0
4743,1.0,66.809377656474,1.2774112903463197,1,0
4744,1.0,71.717592166778,1.2774112903463197,1,0
4745,1.0,66.310079471762,1.2774112903463197,1,0
4746,1.0,69.212315716281,1.2774112903463197,1,0
4747,1.0,63.907090819816,1.2774112903463197,1,0
4748,1.0,69.730428598348,1.2774112903463197,1,0
4749,1.0,69.316847018298,1.2774112903463197,1,0
4750,1.0,73.312738647666,1.2774112903463197,1,0
4751,1.0,73.534864920574,1.2774112903463197,1,0
4752,1.0,72.403630266047,1.2774112903463197,1,0
4753,1.0,70.169767445981,1.2774112903463197,1,0
4754,1.0,73.144404695893,1.2774112903463197,1,0
4755,1.0,71.365559712096,1.2774112903463197,1,0
4756,1.0,78.008618464854,1.2774112903463197,1,0
4757,1.0,74.806318583822,1.2774112903463197,1,0
4758,1.0,74.565411833921,1.2774112903463197,1,0
4759,1.0,74.444217749853,1.2774112903463197,1,0
4760,1.0,75.633157612305,1.2774112903463197,1,0
4761,1.0,79.926018273769,1.2774112903463197,1,0
4762,1.0,80.63432552493,1.2774112903463197,1,0
4763,1.0,75.324419252147,1.2774112903463197,1,0
4764,1.0,80.1981637436,1.2774112903463197,1,0
4765,1.0,73.336531002305,1.2774112903463197,1,0
4766,1.0,78.004120088652,1.2774112903463197,1,0
4767,1.0,80.66102888345,1.2774112903463197,1,0
4768,1.0,76.653137489472,1.2774112903463197,1,0
4769,1.0,78.522723339458,1.2774112903463197,1,0
4770,1.0,54.918750487434,1.2774112903463197,1,0
4771,1.0,1.184227220118,1.2774112903463197,0,0
4772,1.0,1.159634716081,1.2774112903463197,0,0
4773,1.0,1.133359062231,1.2774112903463197,0,0
4774,1.0,1.076183779271,1.2774112903463197,0,0
4775,1.0,1.098107850562,1.2774112903463197,0,0
4776,1.0,1.112168585263,1.2774112903463197,0,0
4777,1.0,1.138585432253,1.2774112903463197,0,0
4778,1.0,1.089230616922,1.2774112903463197,0,0
4779,1.0,1.062043587202,1.2774112903463197,0,0
4780,1.0,1.002909387826,1.2774112903463197,0,0
4781,1.0,1.002594914923,1.2774112903463197,0,0
4782,1.0,1.000751721577,1.2774112903463197,0,0
4783,1.0,0.997547523705,1.2774112903463197,0,0
4784,1.0,0.997353366791,1.2774112903463197,0,0
4785,1.0,0.996738890077,1.2774112903463197,0,0
4786,1.0,1.000497642284,1.2774112903463197,0,0
4787,1.0,0.994907503171,1.2774112903463197,0,0
4788,1.0,0.99471631392,1.2774112903463197,0,0
4789,1.0,0.997942931527,1.2774112903463197,0,0
4790,1.0,0.993803752221,1.2774112903463197,0,0
4791,1.0,0.996261218554,1.2774112903463197,0,0
4792,1.0,0.993698711335,1.2774112903463197,0,0
4793,1.0,1.004235243282,1.2774112903463197,0,0
4794,1.0,1.005486752951,1.2774112903463197,0,0
4795,1.0,1.010487408892,1.2774112903463197,0,0
4796,1.0,1.014605058368,1.2774112903463197,0,0
4797,1.0,0.99022894392,1.2774112903463197,0,0
4798,1.0,0.987442304198,1.2774112903463197,0,0
4799,1.0,0.983218631057,1.2774112903463197,0,0
4800,1.0,0.989908062803,1.2774112903463197,0,0
4801,1.0,0.989908062803,1.2774112903463197,0,0
4802,1.0,0.989908062803,1.2774112903463197,0,0
4803,1.0,0.989908062803,1.2774112903463197,0,0
4804,1.0,0.989908062803,1.2774112903463197,0,0
4805,1.0,0.989908062803,1.2774112903463197,0,0
4806,1.0,0.989908062803,1.2774112903463197,0,0
4807,1.0,0.989908062803,1.2774112903463197,0,0
4808,1.0,0.989908062803,1.2774112903463197,0,0
4809,1.0,0.989908062803,1.2774112903463197,0,0
4810,1.0,0.989908062803,1.2774112903463197,0,0
4811,1.0,0.989908062803,1.2774112903463197,0,0
4812,1.0,0.989908062803,1.2774112903463197,0,0
4813,1.0,0.989908062803,1.2774112903463197,0,0
4814,0.98,0.991272636416,1.2774112903463197,0,0
4815,0.98,1.003988102963,1.2774112903463197,0,0
4816,0.98,0.996725175283,1.2774112903463197,0,0
4817,0.98,1.029884239057,1.2774112903463197,0,0
4818,0.98,1.028318771786,1.2774112903463197,0,0
4819,0.98,1.018071815546,1.2774112903463197,0,0
4820,0.98,1.011373742258,1.2774112903463197,0,0
4821,0.98,1.000135858093,1.2774112903463197,0,0
4822,0.98,1.002090386233,1.2774112903463197,0,0
4823,0.98,0.997281469341,1.2774112903463197,0,0
4824,0.98,0.999689713595,1.2774112903463197,0,0
4825,0.98,1.005586141273,1.2774112903463197,0,0
4826,0.98,1.000869661789,1.2774112903463197,0,0
4827,0.98,1.000554887149,1.2774112903463197,0,0
4828,0.98,1.000918964546,1.2774112903463197,0,0
4829,0.98,0.999264423957,1.2774112903463197,0,0
4830,0.98,1.0004665977,1.2774112903463197,0,0
4831,0.98,1.000164313863,1.2774112903463197,0,0
4832,0.98,1.002199731829,1.2774112903463197,0,0
4833,1.0,1.036775648175,1.2774112903463197,0,0
4834,1.0,1.061212978049,1.2774112903463197,0,0
4835,1.0,1.075166677177,1.2774112903463197,0,0
4836,1.0,1.129846441229,1.2774112903463197,0,0
4837,1.0,1.08997572803,1.2774112903463197,0,0
4838,1.0,1.093158954466,1.2774112903463197,0,0
4839,1.0,1.118649424411,1.2774112903463197,0,0
4840,1.0,1.111580924901,1.2774112903463197,0,0
4841,1.0,1.152987247602,1.2774112903463197,0,0
4842,1.0,1.166296888357,1.2774112903463197,0,0
4843,1.0,1.135807584178,1.2774112903463197,0,0
4844,1.0,1.178510534379,1.2774112903463197,0,0
4845,1.0,1.149921112683,1.2774112903463197,0,0
4846,1.0,1.119655361562,1.2774112903463197,0,0
4847,1.0,1.113880542855,1.2774112903463197,0,0
4848,1.0,1.165162631339,1.2774112903463197,0,0
4849,1.0,1.178586752561,1.2774112903463197,0,0
4850,1.0,1.183435857961,1.2774112903463197,0,0
4851,1.0,1.123853156809,1.2774112903463197,0,0
4852,1.0,1.116782548928,1.2774112903463197,0,0
4853,1.0,1.130356897969,1.2774112903463197,0,0
4854,1.0,1.137224359257,1.2774112903463197,0,0
4855,1.0,1.115348944621,1.2774112903463197,0,0
4856,1.0,1.113354561725,1.2774112903463197,0,0
4857,1.0,1.099698045919,1.2774112903463197,0,0
4858,1.0,1.124053361246,1.2774112903463197,0,0
4859,1.0,1.120921724324,1.2774112903463197,0,0
4860,1.0,1.194481841173,1.2774112903463197,0,0
4861,1.0,1.162604821342,1.2774112903463197,0,0
4862,1.0,1.165653541251,1.2774112903463197,0,0
4863,1.0,1.145507331855,1.2774112903463197,0,0
4864,1.0,1.110626239079,1.2774112903463197,0,0
4865,1.0,1.132168199068,1.2774112903463197,0,0
4866,1.0,1.147945626913,1.2774112903463197,0,0
4867,1.0,1.173370942099,1.2774112903463197,0,0
4868,1.0,1.210022569116,1.2774112903463197,0,0
4869,1.0,1.123616676963,1.2774112903463197,0,0
4870,1.0,1.099145368187,1.2774112903463197,0,0
4871,1.0,1.059293761498,1.2774112903463197,0,0
4872,1.0,1.088015202119,1.2774112903463197,0,0
4873,1.0,1.147600329416,1.2774112903463197,0,0
4874,1.0,1.098416786553,1.2774112903463197,0,0
4875,1.0,1.072350899006,1.2774112903463197,0,0
4876,1.0,1.038804543013,1.2774112903463197,0,0
4877,1.0,1.002594914923,1.2774112903463197,0,0
4878,1.0,1.000751721577,1.2774112903463197,0,0
4879,1.0,0.997547523705,1.2774112903463197,0,0
4880,1.0,0.997353366791,1.2774112903463197,0,0
4881,1.0,0.996738890077,1.2774112903463197,0,0
4882,1.0,1.000497642284,1.2774112903463197,0,0
4883,1.0,0.994907503171,1.2774112903463197,0,0
4884,1.0,0.99471631392,1.2774112903463197,0,0
4885,1.0,0.997942931527,1.2774112903463197,0,0
4886,1.0,0.993803752221,1.2774112903463197,0,0
4887,1.0,0.996261218554,1.2774112903463197,0,0
4888,1.0,0.993698711335,1.2774112903463197,0,0
4889,1.0,1.004235243282,1.2774112903463197,0,0
4890,1.0,1.005486752951,1.2774112903463197,0,0
4891,1.0,1.010487408892,1.2774112903463197,0,0
4892,1.0,1.014605058368,1.2774112903463197,0,0
4893,1.0,0.99022894392,1.2774112903463197,0,0
4894,1.0,0.987442304198,1.2774112903463197,0,0
4895,1.0,0.983218631057,1.2774112903463197,0,0
4896,1.0,0.989908062803,1.2774112903463197,0,0
4897,1.0,0.989908062803,1.2774112903463197,0,0
4898,1.0,0.989908062803,1.2774112903463197,0,0
4899,1.0,0.989908062803,1.2774112903463197,0,0
4900,1.0,0.989908062803,1.2774112903463197,0,0
4901,1.0,0.989908062803,1.2774112903463197,0,0
4902,1.0,0.989908062803,1.2774112903463197,0,0
4903,1.0,0.989908062803,1.2774112903463197,0,0
4904,1.0,0.989908062803,1.2774112903463197,0,0
4905,1.0,0.989908062803,1.2774112903463197,0,0
4906,1.0,0.989908062803,1.2774112903463197,0,0
4907,1.0,0.989908062803,1.2774112903463197,0,0
4908,1.0,0.989908062803,1.2774112903463197,0,0
4909,1.0,0.989908062803,1.2774112903463197,0,0
4910,1.0,0.989908062803,1.2774112903463197,0,0
4911,0.98,0.991272636416,1.2774112903463197,0,0
4912,0.98,1.003988102963,1.2774112903463197,0,0
4913,0.98,0.996725175283,1.2774112903463197,0,0
4914,0.98,1.029884239057,1.2774112903463197,0,0
4915,0.98,1.028318771786,1.2774112903463197,0,0
4916,0.98,1.018071815546,1.2774112903463197,0,0
4917,0.98,1.011373742258,1.2774112903463197,0,0
4918,0.98,1.000135858093,1.2774112903463197,0,0
4919,0.98,1.002090386233,1.2774112903463197,0,0
4920,0.98,0.997281469341,1.2774112903463197,0,0
4921,0.98,0.999689713595,1.2774112903463197,0,0
4922,0.98,1.005586141273,1.2774112903463197,0,0
4923,0.98,1.000869661789,1.2774112903463197,0,0
4924,0.98,1.000554887149,1.2774112903463197,0,0
4925,0.98,1.000918964546,1.2774112903463197,0,0
4926,0.98,0.999264423957,1.2774112903463197,0,0
4927,0.98,1.0004665977,1.2774112903463197,0,0
4928,0.98,1.000164313863,1.2774112903463197,0,0
4929,0.98,1.002199731829,1.2774112903463197,0,0
4930,0.98,0.997570061483,1.2774112903463197,0,0
4931,1.0,1.037743741919,1.2774112903463197,0,0
4932,1.0,1.07187723964,1.2774112903463197,0,0
4933,1.0,1.09874972664,1.2774112903463197,0,0
4934,1.0,1.109599690755,1.2774112903463197,0,0
4935,1.0,1.121762318378,1.2774112903463197,0,0
4936,1.0,1.080610823571,1.2774112903463197,0,0
4937,1.0,1.128834326165,1.2774112903463197,0,0
4938,1.0,1.129899576088,1.2774112903463197,0,0
4939,1.0,1.172264865894,1.2774112903463197,0,0
4940,1.0,1.155722068381,1.2774112903463197,0,0
4941,1.0,1.152372073688,1.2774112903463197,0,0
4942,1.0,1.135902746247,1.2774112903463197,0,0
4943,1.0,1.127772146082,1.2774112903463197,0,0
4944,1.0,1.117728125695,1.2774112903463197,0,0
4945,1.0,1.138455177662,1.2774112903463197,0,0
4946,1.0,1.170482199111,1.2774112903463197,0,0
4947,1.0,1.173214115193,1.2774112903463197,0,0
4948,1.0,1.141593197146,1.2774112903463197,0,0
4949,1.0,1.120529718391,1.2774112903463197,0,0
4950,1.0,1.111808201037,1.2774112903463197,0,0
4951,1.0,1.120114166486,1.2774112903463197,0,0
4952,1.0,1.110158616503,1.2774112903463197,0,0
4953,1.0,1.118726318086,1.2774112903463197,0,0
4954,1.0,1.087745124843,1.2774112903463197,0,0
4955,1.0,1.114085129852,1.2774112903463197,0,0
4956,1.0,1.112978518623,1.2774112903463197,0,0
4957,1.0,1.139165082229,1.2774112903463197,0,0
4958,1.0,1.159160496313,1.2774112903463197,0,0
4959,1.0,1.173635223883,1.2774112903463197,0,0
4960,1.0,1.139359443428,1.2774112903463197,0,0
4961,1.0,1.126431928116,1.2774112903463197,0,0
4962,1.0,1.112503770888,1.2774112903463197,0,0
4963,1.0,1.148246314537,1.2774112903463197,0,0
4964,1.0,1.157269349187,1.2774112903463197,0,0
4965,1.0,1.184227220118,1.2774112903463197,0,0
4966,1.0,1.159634716081,1.2774112903463197,0,0
4967,1.0,1.133359062231,1.2774112903463197,0,0
4968,1.0,1.076183779271,1.2774112903463197,0,0
4969,1.0,1.098107850562,1.2774112903463197,0,0
4970,1.0,1.112168585263,1.2774112903463197,0,0
4971,1.0,1.138585432253,1.2774112903463197,0,0
4972,1.0,1.089230616922,1.2774112903463197,0,0
4973,1.0,1.062043587202,1.2774112903463197,0,0
4974,1.0,1.002909387826,1.2774112903463197,0,0
4975,1.0,1.002594914923,1.2774112903463197,0,0
4976,1.0,1.000751721577,1.2774112903463197,0,0
4977,1.0,0.997547523705,1.2774112903463197,0,0
4978,1.0,0.997353366791,1.2774112903463197,0,0
4979,1.0,0.996738890077,1.2774112903463197,0,0
4980,1.0,1.000497642284,1.2774112903463197,0,0
4981,1.0,0.994907503171,1.2774112903463197,0,0
4982,1.0,0.99471631392,1.2774112903463197,0,0
4983,1.0,0.997942931527,1.2774112903463197,0,0
4984,1.0,0.993803752221,1.2774112903463197,0,0
4985,1.0,0.996261218554,1.2774112903463197,0,0
4986,1.0,0.993698711335,1.2774112903463197,0,0
4987,1.0,1.004235243282,1.2774112903463197,0,0
4988,1.0,1.005486752951,1.2774112903463197,0,0
4989,1.0,1.010487408892,1.2774112903463197,0,0
4990,1.0,1.014605058368,1.2774112903463197,0,0
4991,1.0,0.99022894392,1.2774112903463197,0,0
4992,1.0,0.987442304198,1.2774112903463197,0,0
4993,1.0,0.983218631057,1.2774112903463197,0,0
4994,1.0,0.989908062803,1.2774112903463197,0,0
4995,1.0,0.989908062803,1.2774112903463197,0,0
4996,1.0,0.989908062803,1.2774112903463197,0,0
4997,1.0,0.989908062803,1.2774112903463197,0,0
4998,1.0,0.989908062803,1.2774112903463197,0,0
4999,1.0,0.989908062803,1.2774112903463197,0,0
5000,1.0,0.989908062803,1.2774112903463197,0,0
5001,1.0,0.989908062803,1.2774112903463197,0,0
5002,1.0,0.989908062803,1.2774112903463197,0,0
5003,1.0,0.989908062803,1.2774112903463197,0,0
5004,1.0,0.989908062803,1.2774112903463197,0,0
5005,1.0,0.989908062803,1.2774112903463197,0,0
5006,1.0,0.989908062803,1.2774112903463197,0,0
5007,0.98,0.991272636416,1.2774112903463197,0,0
5008,0.98,1.003988102963,1.2774112903463197,0,0
5009,0.98,0.996725175283,1.2774112903463197,0,0
5010,0.98,1.029884239057,1.2774112903463197,0,0
5011,0.98,1.028318771786,1.2774112903463197,0,0
5012,0.98,1.018071815546,1.2774112903463197,0,0
5013,0.98,1.011373742258,1.2774112903463197,0,0
5014,0.98,1.000135858093,1.2774112903463197,0,0
5015,0.98,1.002090386233,1.2774112903463197,0,0
5016,0.98,0.997281469341,1.2774112903463197,0,0
5017,0.98,0.999689713595,1.2774112903463197,0,0
5018,0.98,1.005586141273,1.2774112903463197,0,0
5019,0.98,1.000869661789,1.2774112903463197,0,0
5020,0.98,1.000554887149,1.2774112903463197,0,0
5021,0.98,1.000918964546,1.2774112903463197,0,0
5022,0.98,0.999264423957,1.2774112903463197,0,0
5023,0.98,1.0004665977,1.2774112903463197,0,0
5024,0.98,1.000164313863,1.2774112903463197,0,0
5025,1.0,1.035066258226,1.2774112903463197,0,0
5026,1.0,1.04419374368,1.2774112903463197,0,0
5027,1.0,1.064685687716,1.2774112903463197,0,0
5028,1.0,1.091505864872,1.2774112903463197,0,0
5029,1.0,1.100913880428,1.2774112903463197,0,0
5030,1.0,1.043641380551,1.2774112903463197,0,0
5031,1.0,1.101694140519,1.2774112903463197,0,0
5032,1.0,1.08438518467,1.2774112903463197,0,0
5033,1.0,1.107193168922,1.2774112903463197,0,0
5034,1.0,1.1455420216,1.2774112903463197,0,0
5035,1.0,1.133772706553,1.2774112903463197,0,0
5036,1.0,1.157767218262,1.2774112903463197,0,0
5037,1.0,1.172982292921,1.2774112903463197,0,0
5038,1.0,1.094975588273,1.2774112903463197,0,0
5039,1.0,1.102530388224,1.2774112903463197,0,0
5040,1.0,1.104846790057,1.2774112903463197,0,0
5041,1.0,1.149892451801,1.2774112903463197,0,0
5042,1.0,1.178767556986,1.2774112903463197,0,0
5043,1.0,1.148558589988,1.2774112903463197,0,0
5044,1.0,1.073638052884,1.2774112903463197,0,0
5045,1.0,1.084770569777,1.2774112903463197,0,0
5046,1.0,1.104110675457,1.2774112903463197,0,0
5047,1.0,1.110115911426,1.2774112903463197,0,0
5048,1.0,1.094710080779,1.2774112903463197,0,0
5049,1.0,1.105216058675,1.2774112903463197,0,0
5050,1.0,1.076409942482,1.2774112903463197,0,0
5051,1.0,1.107836293977,1.2774112903463197,0,0
5052,1.0,1.145543259497,1.2774112903463197,0,0
5053,1.0,1.163565151137,1.2774112903463197,0,0
5054,1.0,1.128348374476,1.2774112903463197,0,0
5055,1.0,1.140091922236,1.2774112903463197,0,0
5056,1.0,1.091696470492,1.2774112903463197,0,0
5057,1.0,1.101867919827,1.2774112903463197,0,0
5058,1.0,1.126521579939,1.2774112903463197,0,0
5059,1.0,1.151782771661,1.2774112903463197,0,0
5060,1.0,1.202160901752,1.2774112903463197,0,0
5061,1.0,1.139735858824,1.2774112903463197,0,0
5062,1.0,1.058086103231,1.2774112903463197,0,0
5063,1.0,1.072080739529,1.2774112903463197,0,0
5064,1.0,1.02725764704,1.2774112903463197,0,0
5065,1.0,1.11617235618,1.2774112903463197,0,0
5066,1.0,1.11486667319,1.2774112903463197,0,0
5067,1.0,1.062073747502,1.2774112903463197,0,0
5068,1.0,1.03969747011,1.2774112903463197,0,0
5069,1.0,1.038372112517,1.2774112903463197,0,0
5070,1.0,1.000751721577,1.2774112903463197,0,0
5071,1.0,0.997547523705,1.2774112903463197,0,0
5072,1.0,0.997353366791,1.2774112903463197,0,0
5073,1.0,0.996738890077,1.2774112903463197,0,0
5074,1.0,1.000497642284,1.2774112903463197,0,0
5075,1.0,0.994907503171,1.2774112903463197,0,0
5076,1.0,0.99471631392,1.2774112903463197,0,0
5077,1.0,0.997942931527,1.2774112903463197,0,0
5078,1.0,0.993803752221,1.2774112903463197,0,0
5079,1.0,0.996261218554,1.2774112903463197,0,0
5080,1.0,0.993698711335,1.2774112903463197,0,0
5081,1.0,1.004235243282,1.2774112903463197,0,0
5082,1.0,1.005486752951,1.2774112903463197,0,0
5083,1.0,1.010487408892,1.2774112903463197,0,0
5084,1.0,1.014605058368,1.2774112903463197,0,0
5085,1.0,0.99022894392,1.2774112903463197,0,0
5086,1.0,0.987442304198,1.2774112903463197,0,0
5087,1.0,0.983218631057,1.2774112903463197,0,0
5088,1.0,0.989908062803,1.2774112903463197,0,0
5089,1.0,0.989908062803,1.2774112903463197,0,0
5090,1.0,0.989908062803,1.2774112903463197,0,0
5091,1.0,0.989908062803,1.2774112903463197,0,0
5092,1.0,0.989908062803,1.2774112903463197,0,0
5093,1.0,0.989908062803,1.2774112903463197,0,0
5094,1.0,0.989908062803,1.2774112903463197,0,0
5095,1.0,0.989908062803,1.2774112903463197,0,0
5096,1.0,0.989908062803,1.2774112903463197,0,0
5097,1.0,0.989908062803,1.2774112903463197,0,0
5098,0.98,0.991272636416,1.2774112903463197,0,0
5099,0.98,1.003988102963,1.2774112903463197,0,0
5100,0.98,0.996725175283,1.2774112903463197,0,0
5101,0.98,1.029884239057,1.2774112903463197,0,0
5102,0.98,1.028318771786,1.2774112903463197,0,0
5103,0.98,1.018071815546,1.2774112903463197,0,0
5104,0.98,1.011373742258,1.2774112903463197,0,0
5105,0.98,1.000135858093,1.2774112903463197,0,0
5106,0.98,1.002090386233,1.2774112903463197,0,0
5107,0.98,0.997281469341,1.2774112903463197,0,0
5108,0.98,0.999689713595,1.2774112903463197,0,0
5109,0.98,1.005586141273,1.2774112903463197,0,0
5110,0.98,1.000869661789,1.2774112903463197,0,0
5111,0.98,1.000554887149,1.2774112903463197,0,0
5112,0.98,1.000918964546,1.2774112903463197,0,0
5113,0.98,0.999264423957,1.2774112903463197,0,0
5114,0.98,1.0004665977,1.2774112903463197,0,0
5115,0.98,1.000164313863,1.2774112903463197,0,0
5116,0.98,1.002199731829,1.2774112903463197,0,0
5117,1.0,1.036775648175,1.2774112903463197,0,0
5118,1.0,1.061212978049,1.2774112903463197,0,0
5119,1.0,1.075166677177,1.2774112903463197,0,0
5120,1.0,1.129846441229,1.2774112903463197,0,0
5121,1.0,1.08997572803,1.2774112903463197,0,0
5122,1.0,1.093158954466,1.2774112903463197,0,0
5123,1.0,1.118649424411,1.2774112903463197,0,0
5124,1.0,1.111580924901,1.2774112903463197,0,0
5125,1.0,1.152987247602,1.2774112903463197,0,0
5126,1.0,1.166296888357,1.2774112903463197,0,0
5127,1.0,1.135807584178,1.2774112903463197,0,0
5128,1.0,1.178510534379,1.2774112903463197,0,0
5129,1.0,1.149921112683,1.2774112903463197,0,0
5130,1.0,1.119655361562,1.2774112903463197,0,0
5131,1.0,1.113880542855,1.2774112903463197,0,0
5132,1.0,1.165162631339,1.2774112903463197,0,0
5133,1.0,1.178586752561,1.2774112903463197,0,0
5134,1.0,1.183435857961,1.2774112903463197,0,0
5135,1.0,1.123853156809,1.2774112903463197,0,0
5136,1.0,1.116782548928,1.2774112903463197,0,0
5137,1.0,1.130356897969,1.2774112903463197,0,0
5138,1.0,1.137224359257,1.2774112903463197,0,0
5139,1.0,1.115348944621,1.2774112903463197,0,0
5140,1.0,1.113354561725,1.2774112903463197,0,0
5141,1.0,1.099698045919,1.2774112903463197,0,0
5142,1.0,1.124053361246,1.2774112903463197,0,0
5143,1.0,1.120921724324,1.2774112903463197,0,0
5144,1.0,1.194481841173,1.2774112903463197,0,0
5145,1.0,1.162604821342,1.2774112903463197,0,0
5146,1.0,1.165653541251,1.2774112903463197,0,0
5147,1.0,1.145507331855,1.2774112903463197,0,0
5148,1.0,1.110626239079,1.2774112903463197,0,0
5149,1.0,1.132168199068,1.2774112903463197,0,0
5150,1.0,1.147945626913,1.2774112903463197,0,0
5151,1.0,1.173370942099,1.2774112903463197,0,0
5152,1.0,1.210022569116,1.2774112903463197,0,0
5153,1.0,1.123616676963,1.2774112903463197,0,0
5154,1.0,1.099145368187,1.2774112903463197,0,0
5155,1.0,1.059293761498,1.2774112903463197,0,0
5156,1.0,1.088015202119,1.2774112903463197,0,0
5157,1.0,1.147600329416,1.2774112903463197,0,0
5158,1.0,1.098416786553,1.2774112903463197,0,0
5159,1.0,1.072350899006,1.2774112903463197,0,0
5160,1.0,1.038804543013,1.2774112903463197,0,0
5161,1.0,1.002594914923,1.2774112903463197,0,0
5162,1.0,1.000751721577,1.2774112903463197,0,0
5163,1.0,0.997547523705,1.2774112903463197,0,0
5164,1.0,0.997353366791,1.2774112903463197,0,0
5165,1.0,0.996738890077,1.2774112903463197,0,0
5166,1.0,1.000497642284,1.2774112903463197,0,0
5167,1.0,0.994907503171,1.2774112903463197,0,0
5168,1.0,0.99471631392,1.2774112903463197,0,0
5169,1.0,0.997942931527,1.2774112903463197,0,0
5170,1.0,0.993803752221,1.2774112903463197,0,0
5171,1.0,0.996261218554,1.2774112903463197,0,0
5172,1.0,0.993698711335,1.2774112903463197,0,0
5173,1.0,1.004235243282,1.2774112903463197,0,0
5174,1.0,1.005486752951,1.2774112903463197,0,0
5175,1.0,1.010487408892,1.2774112903463197,0,0
5176,1.0,1.014605058368,1.2774112903463197,0,0
5177,1.0,0.99022894392,1.2774112903463197,0,0
5178,1.0,0.987442304198,1.2774112903463197,0,0
5179,1.0,0.983218631057,1.2774112903463197,0,0
5180,1.0,0.989908062803,1.2774112903463197,0,0
5181,1.0,0.989908062803,1.2774112903463197,0,0
5182,1.0,0.989908062803,1.2774112903463197,0,0
5183,1.0,0.989908062803,1.2774112903463197,0,0
5184,1.0,0.989908062803,1.2774112903463197,0,0
5185,1.0,0.989908062803,1.2774112903463197,0,0
5186,0.98,0.991272636416,1.2774112903463197,0,0
5187,0.98,1.003988102963,1.2774112903463197,0,0
5188,0.98,0.996725175283,1.2774112903463197,0,0
5189,0.98,1.029884239057,1.2774112903463197,0,0
5190,0.98,1.028318771786,1.2774112903463197,0,0
5191,0.98,1.018071815546,1.2774112903463197,0,0
5192,0.98,1.011373742258,1.2774112903463197,0,0
5193,0.98,1.000135858093,1.2774112903463197,0,0
5194,0.98,1.002090386233,1.2774112903463197,0,0
5195,0.98,0.997281469341,1.2774112903463197,0,0
5196,0.98,0.999689713595,1.2774112903463197,0,0
5197,0.98,1.005586141273,1.2774112903463197,0,0
5198,0.98,1.000869661789,1.2774112903463197,0,0
5199,0.98,1.000554887149,1.2774112903463197,0,0
5200,0.98,1.000918964546,1.2774112903463197,0,0
5201,0.98,0.999264423957,1.2774112903463197,0,0
5202,0.98,1.0004665977,1.2774112903463197,0,0
5203,1.0,1.040422702714,1.2774112903463197,0,0
5204,1.0,1.064150467606,1.2774112903463197,0,0
5205,1.0,1.060820849413,1.2774112903463197,0,0
5206,1.0,1.064521136545,1.2774112903463197,0,0
5207,1.0,1.09368808618,1.2774112903463197,0,0
5208,1.0,1.073476007577,1.2774112903463197,0,0
5209,1.0,1.079873408934,1.2774112903463197,0,0
5210,1.0,1.097976360304,1.2774112903463197,0,0
5211,1.0,1.086057714004,1.2774112903463197,0,0
5212,1.0,1.103226399148,1.2774112903463197,0,0
5213,1.0,1.139686777115,1.2774112903463197,0,0
5214,1.0,1.153499461179,1.2774112903463197,0,0
5215,1.0,1.160949397957,1.2774112903463197,0,0
5216,1.0,1.121487381628,1.2774112903463197,0,0
5217,1.0,1.091914000983,1.2774112903463197,0,0
5218,1.0,1.076728257166,1.2774112903463197,0,0
5219,1.0,1.111358066963,1.2774112903463197,0,0
5220,1.0,1.148384550753,1.2774112903463197,0,0
5221,1.0,1.156060675529,1.2774112903463197,0,0
5222,1.0,1.109003048025,1.2774112903463197,0,0
5223,1.0,1.054765334394,1.2774112903463197,0,0
5224,1.0,1.070763054545,1.2774112903463197,0,0
5225,1.0,1.095858168943,1.2774112903463197,0,0
5226,1.0,1.088882732781,1.2774112903463197,0,0
5227,1.0,1.134832612824,1.2774112903463197,0,0
5228,1.0,1.08456242036,1.2774112903463197,0,0
5229,1.0,1.073227505089,1.2774112903463197,0,0
5230,1.0,1.108319594285,1.2774112903463197,0,0
5231,1.0,1.162195717876,1.2774112903463197,0,0
5232,1.0,1.168734386128,1.2774112903463197,0,0
5233,1.0,1.143841623012,1.2774112903463197,0,0
5234,1.0,1.101632937645,1.2774112903463197,0,0
5235,1.0,1.089801539686,1.2774112903463197,0,0
5236,1.0,1.10255559169,1.2774112903463197,0,0
5237,1.0,1.183768055664,1.2774112903463197,0,0
5238,1.0,1.183331531513,1.2774112903463197,0,0
5239,1.0,1.186523527433,1.2774112903463197,0,0
5240,1.0,1.06607065126,1.2774112903463197,0,0
5241,1.0,1.081330999602,1.2774112903463197,0,0
5242,1.0,1.060497051123,1.2774112903463197,0,0
5243,1.0,1.092932623927,1.2774112903463197,0,0
5244,1.0,1.104784726595,1.2774112903463197,0,0
5245,1.0,1.082039613127,1.2774112903463197,0,0
5246,1.0,1.035986293938,1.2774112903463197,0,0
5247,1.0,1.047981438126,1.2774112903463197,0,0
5248,1.0,1.029424330793,1.2774112903463197,0,0
5249,1.0,0.997547523705,1.2774112903463197,0,0
5250,1.0,0.997353366791,1.2774112903463197,0,0
5251,1.0,0.996738890077,1.2774112903463197,0,0
5252,1.0,1.000497642284,1.2774112903463197,0,0
5253,1.0,0.994907503171,1.2774112903463197,0,0
5254,1.0,0.99471631392,1.2774112903463197,0,0
5255,1.0,0.997942931527,1.2774112903463197,0,0
5256,1.0,0.993803752221,1.2774112903463197,0,0
5257,1.0,0.996261218554,1.2774112903463197,0,0
5258,1.0,0.993698711335,1.2774112903463197,0,0
5259,1.0,1.004235243282,1.2774112903463197,0,0
5260,1.0,1.005486752951,1.2774112903463197,0,0
5261,1.0,1.010487408892,1.2774112903463197,0,0
5262,1.0,1.014605058368,1.2774112903463197,0,0
5263,1.0,0.99022894392,1.2774112903463197,0,0
5264,1.0,0.987442304198,1.2774112903463197,0,0
5265,1.0,0.983218631057,1.2774112903463197,0,0
5266,1.0,0.989908062803,1.2774112903463197,0,0
5267,1.0,0.989908062803,1.2774112903463197,0,0
5268,1.0,0.989908062803,1.2774112903463197,0,0
5269,1.0,0.989908062803,1.2774112903463197,0,0
5270,1.0,0.989908062803,1.2774112903463197,0,0
5271,1.0,0.989908062803,1.2774112903463197,0,0
5272,1.0,0.989908062803,1.2774112903463197,0,0
5273,1.0,0.989908062803,1.2774112903463197,0,0
5274,0.98,0.991272636416,1.2774112903463197,0,0
5275,0.98,1.003988102963,1.2774112903463197,0,0
5276,0.98,0.996725175283,1.2774112903463197,0,0
5277,0.98,1.029884239057,1.2774112903463197,0,0
5278,0.98,1.028318771786,1.2774112903463197,0,0
5279,0.98,1.018071815546,1.2774112903463197,0,0
5280,0.98,1.011373742258,1.2774112903463197,0,0
5281,0.98,1.000135858093,1.2774112903463197,0,0
5282,0.98,1.002090386233,1.2774112903463197,0,0
5283,0.98,0.997281469341,1.2774112903463197,0,0
5284,0.98,0.999689713595,1.2774112903463197,0,0
5285,0.98,1.005586141273,1.2774112903463197,0,0
5286,0.98,1.000869661789,1.2774112903463197,0,0
5287,0.98,1.000554887149,1.2774112903463197,0,0
5288,0.98,1.000918964546,1.2774112903463197,0,0
5289,0.98,0.999264423957,1.2774112903463197,0,0
5290,0.98,1.0004665977,1.2774112903463197,0,0
5291,0.98,1.000164313863,1.2774112903463197,0,0
5292,0.98,1.002199731829,1.2774112903463197,0,0
5293,1.0,1.036775648175,1.2774112903463197,0,0
5294,1.0,1.061212978049,1.2774112903463197,0,0
5295,1.0,1.075166677177,1.2774112903463197,0,0
5296,1.0,1.129846441229,1.2774112903463197,0,0
5297,1.0,1.08997572803,1.2774112903463197,0,0
5298,1.0,1.093158954466,1.2774112903463197,0,0
5299,1.0,1.118649424411,1.2774112903463197,0,0
5300,1.0,1.111580924901,1.2774112903463197,0,0
5301,1.0,1.152987247602,1.2774112903463197,0,0
5302,1.0,1.166296888357,1.2774112903463197,0,0
5303,1.0,1.135807584178,1.2774112903463197,0,0
5304,1.0,1.178510534379,1.2774112903463197,0,0
5305,1.0,1.149921112683,1.2774112903463197,0,0
5306,1.0,1.119655361562,1.2774112903463197,0,0
5307,1.0,1.113880542855,1.2774112903463197,0,0
5308,1.0,1.165162631339,1.2774112903463197,0,0
5309,1.0,1.178586752561,1.2774112903463197,0,0
5310,1.0,1.183435857961,1.2774112903463197,0,0
5311,1.0,1.123853156809,1.2774112903463197,0,0
5312,1.0,1.116782548928,1.2774112903463197,0,0
5313,1.0,1.130356897969,1.2774112903463197,0,0
5314,1.0,1.137224359257,1.2774112903463197,0,0
5315,1.0,1.115348944621,1.2774112903463197,0,0
5316,1.0,1.113354561725,1.2774112903463197,0,0
5317,1.0,1.099698045919,1.2774112903463197,0,0
5318,1.0,1.124053361246,1.2774112903463197,0,0
5319,1.0,1.120921724324,1.2774112903463197,0,0
5320,1.0,1.194481841173,1.2774112903463197,0,0
5321,1.0,1.162604821342,1.2774112903463197,0,0
5322,1.0,1.165653541251,1.2774112903463197,0,0
5323,1.0,1.145507331855,1.2774112903463197,0,0
5324,1.0,1.110626239079,1.2774112903463197,0,0
5325,1.0,1.132168199068,1.2774112903463197,0,0
5326,1.0,1.147945626913,1.2774112903463197,0,0
5327,1.0,1.173370942099,1.2774112903463197,0,0
5328,1.0,1.210022569116,1.2774112903463197,0,0
5329,1.0,1.123616676963,1.2774112903463197,0,0
5330,1.0,1.099145368187,1.2774112903463197,0,0
5331,1.0,1.059293761498,1.2774112903463197,0,0
5332,1.0,1.088015202119,1.2774112903463197,0,0
5333,1.0,1.147600329416,1.2774112903463197,0,0
5334,1.0,1.098416786553,1.2774112903463197,0,0
5335,1.0,1.072350899006,1.2774112903463197,0,0
5336,1.0,1.038804543013,1.2774112903463197,0,0
5337,1.0,1.002594914923,1.2774112903463197,0,0
5338,1.0,1.000751721577,1.2774112903463197,0,0
5339,1.0,0.997547523705,1.2774112903463197,0,0
5340,1.0,0.997353366791,1.2774112903463197,0,0
5341,1.0,0.996738890077,1.2774112903463197,0,0
5342,1.0,1.000497642284,1.2774112903463197,0,0
5343,1.0,0.994907503171,1.2774112903463197,0,0
5344,1.0,0.99471631392,1.2774112903463197,0,0
5345,1.0,0.997942931527,1.2774112903463197,0,0
5346,1.0,0.993803752221,1.2774112903463197,0,0
5347,1.0,0.996261218554,1.2774112903463197,0,0
5348,1.0,0.993698711335,1.2774112903463197,0,0
5349,1.0,1.004235243282,1.2774112903463197,0,0
5350,1.0,1.005486752951,1.2774112903463197,0,0
5351,1.0,1.010487408892,1.2774112903463197,0,0
5352,1.0,1.014605058368,1.2774112903463197,0,0
5353,1.0,0.99022894392,1.2774112903463197,0,0
5354,1.0,0.987442304198,1.2774112903463197,0,0
5355,1.0,0.983218631057,1.2774112903463197,0,0
5356,1.0,0.989908062803,1.2774112903463197,0,0
5357,1.0,0.989908062803,1.2774112903463197,0,0
5358,1.0,0.989908062803,1.2774112903463197,0,0
5359,1.0,0.989908062803,1.2774112903463197,0,0
5360,1.0,0.989908062803,1.2774112903463197,0,0
5361,1.0,0.989908062803,1.2774112903463197,0,0
5362,1.0,0.989908062803,1.2774112903463197,0,0
5363,1.0,0.989908062803,1.2774112903463197,0,0
5364,1.0,0.989908062803,1.2774112903463197,0,0
5365,1.0,0.989908062803,1.2774112903463197,0,0
5366,1.0,0.989908062803,1.2774112903463197,0,0
5367,0.98,0.991272636416,1.2774112903463197,0,0
5368,0.98,1.003988102963,1.2774112903463197,0,0
5369,0.98,0.996725175283,1.2774112903463197,0,0
5370,0.98,1.029884239057,1.2774112903463197,0,0
5371,0.98,1.028318771786,1.2774112903463197,0,0
5372,0.98,1.018071815546,1.2774112903463197,0,0
5373,0.98,1.011373742258,1.2774112903463197,0,0
5374,0.98,1.000135858093,1.2774112903463197,0,0
5375,0.98,1.002090386233,1.2774112903463197,0,0
5376,0.98,0.997281469341,1.2774112903463197,0,0
5377,0.98,0.999689713595,1.2774112903463197,0,0
5378,0.98,1.005586141273,1.2774112903463197,0,0
5379,0.98,1.000869661789,1.2774112903463197,0,0
5380,0.98,1.000554887149,1.2774112903463197,0,0
5381,0.98,1.000918964546,1.2774112903463197,0,0
5382,0.98,0.999264423957,1.2774112903463197,0,0
5383,0.98,1.0004665977,1.2774112903463197,0,0
5384,0.98,1.000164313863,1.2774112903463197,0,0
5385,1.0,1.035066258226,1.2774112903463197,0,0
5386,1.0,1.04419374368,1.2774112903463197,0,0
5387,1.0,1.064685687716,1.2774112903463197,0,0
5388,1.0,1.091505864872,1.2774112903463197,0,0
5389,1.0,1.100913880428,1.2774112903463197,0,0
5390,1.0,1.043641380551,1.2774112903463197,0,0
5391,1.0,1.101694140519,1.2774112903463197,0,0
5392,1.0,1.08438518467,1.2774112903463197,0,0
5393,1.0,1.107193168922,1.2774112903463197,0,0
5394,1.0,1.1455420216,1.2774112903463197,0,0
5395,1.0,1.133772706553,1.2774112903463197,0,0
5396,1.0,1.157767218262,1.2774112903463197,0,0
5397,1.0,1.172982292921,1.2774112903463197,0,0
5398,1.0,1.094975588273,1.2774112903463197,0,0
5399,1.0,1.102530388224,1.2774112903463197,0,0
5400,1.0,1.104846790057,1.2774112903463197,0,0
5401,1.0,1.149892451801,1.2774112903463197,0,0
5402,1.0,1.178767556986,1.2774112903463197,0,0
5403,1.0,1.148558589988,1.2774112903463197,0,0
5404,1.0,1.073638052884,1.2774112903463197,0,0
5405,1.0,1.084770569777,1.2774112903463197,0,0
5406,1.0,1.104110675457,1.2774112903463197,0,0
5407,1.0,1.110115911426,1.2774112903463197,0,0
5408,1.0,1.094710080779,1.2774112903463197,0,0
5409,1.0,1.105216058675,1.2774112903463197,0,0
5410,1.0,1.076409942482,1.2774112903463197,0,0
5411,1.0,1.107836293977,1.2774112903463197,0,0
5412,1.0,1.145543259497,1.2774112903463197,0,0
5413,1.0,1.163565151137,1.2774112903463197,0,0
5414,1.0,1.128348374476,1.2774112903463197,0,0
5415,1.0,1.140091922236,1.2774112903463197,0,0
5416,1.0,1.091696470492,1.2774112903463197,0,0
5417,1.0,1.101867919827,1.2774112903463197,0,0
5418,1.0,1.126521579939,1.2774112903463197,0,0
5419,1.0,1.151782771661,1.2774112903463197,0,0
5420,1.0,1.202160901752,1.2774112903463197,0,0
5421,1.0,1.139735858824,1.2774112903463197,0,0
5422,1.0,1.058086103231,1.2774112903463197,0,0
5423,1.0,1.072080739529,1.2774112903463197,0,0
5424,1.0,1.02725764704,1.2774112903463197,0,0
5425,1.0,1.11617235618,1.2774112903463197,0,0
5426,1.0,1.11486667319,1.2774112903463197,0,0
5427,1.0,1.062073747502,1.2774112903463197,0,0
5428,1.0,1.03969747011,1.2774112903463197,0,0
5429,1.0,1.038372112517,1.2774112903463197,0,0
5430,1.0,1.000751721577,1.2774112903463197,0,0
5431,1.0,0.997547523705,1.2774112903463197,0,0
5432,1.0,0.997353366791,1.2774112903463197,0,0
5433,1.0,0.996738890077,1.2774112903463197,0,0
5434,1.0,1.000497642284,1.2774112903463197,0,0
5435,1.0,0.994907503171,1.2774112903463197,0,0
5436,1.0,0.99471631392,1.2774112903463197,0,0
5437,1.0,0.997942931527,1.2774112903463197,0,0
5438,1.0,0.993803752221,1.2774112903463197,0,0
5439,1.0,0.996261218554,1.2774112903463197,0,0
5440,1.0,0.993698711335,1.2774112903463197,0,0
5441,1.0,1.004235243282,1.2774112903463197,0,0
5442,1.0,1.005486752951,1.2774112903463197,0,0
5443,1.0,1.010487408892,1.2774112903463197,0,0
5444,1.0,1.014605058368,1.2774112903463197,0,0
5445,1.0,0.99022894392,1.2774112903463197,0,0
5446,1.0,0.987442304198,1.2774112903463197,0,0
5447,1.0,0.983218631057,1.2774112903463197,0,0
5448,1.0,0.989908062803,1.2774112903463197,0,0
5449,1.0,0.989908062803,1.2774112903463197,0,0
5450,1.0,0.989908062803,1.2774112903463197,0,0
5451,1.0,0.989908062803,1.2774112903463197,0,0
5452,1.0,0.989908062803,1.2774112903463197,0,0
5453,1.0,0.989908062803,1.2774112903463197,0,0
5454,1.0,0.989908062803,1.2774112903463197,0,0
5455,1.0,0.989908062803,1.2774112903463197,0,0
5456,1.0,0.989908062803,1.2774112903463197,0,0
5457,1.0,0.989908062803,1.2774112903463197,0,0
5458,0.98,0.991272636416,1.2774112903463197,0,0
5459,0.98,1.003988102963,1.2774112903463197,0,0
5460,0.98,0.996725175283,1.2774112903463197,0,0
5461,0.98,1.029884239057,1.2774112903463197,0,0
5462,0.98,1.028318771786,1.2774112903463197,0,0
5463,0.98,1.018071815546,1.2774112903463197,0,0
5464,0.98,1.011373742258,1.2774112903463197,0,0
5465,0.98,1.000135858093,1.2774112903463197,0,0
5466,0.98,1.002090386233,1.2774112903463197,0,0
5467,0.98,0.997281469341,1.2774112903463197,0,0
5468,0.98,0.999689713595,1.2774112903463197,0,0
5469,0.98,1.005586141273,1.2774112903463197,0,0
5470,0.98,1.000869661789,1.2774112903463197,0,0
5471,0.98,1.000554887149,1.2774112903463197,0,0
5472,0.98,1.000918964546,1.2774112903463197,0,0
5473,0.98,0.999264423957,1.2774112903463197,0,0
5474,0.98,1.0004665977,1.2774112903463197,0,0
5475,0.98,1.000164313863,1.2774112903463197,0,0
5476,1.0,1.035066258226,1.2774112903463197,0,0
5477,1.0,1.04419374368,1.2774112903463197,0,0
5478,1.0,1.064685687716,1.2774112903463197,0,0
5479,1.0,1.091505864872,1.2774112903463197,0,0
5480,1.0,1.100913880428,1.2774112903463197,0,0
5481,1.0,1.043641380551,1.2774112903463197,0,0
5482,1.0,1.101694140519,1.2774112903463197,0,0
5483,1.0,1.08438518467,1.2774112903463197,0,0
5484,1.0,1.107193168922,1.2774112903463197,0,0
5485,1.0,1.1455420216,1.2774112903463197,0,0
5486,1.0,1.133772706553,1.2774112903463197,0,0
5487,1.0,1.157767218262,1.2774112903463197,0,0
5488,1.0,1.172982292921,1.2774112903463197,0,0
5489,1.0,1.094975588273,1.2774112903463197,0,0
5490,1.0,1.102530388224,1.2774112903463197,0,0
5491,1.0,1.104846790057,1.2774112903463197,0,0
5492,1.0,1.149892451801,1.2774112903463197,0,0
5493,1.0,1.178767556986,1.2774112903463197,0,0
5494,1.0,1.148558589988,1.2774112903463197,0,0
5495,1.0,1.073638052884,1.2774112903463197,0,0
5496,1.0,1.084770569777,1.2774112903463197,0,0
5497,1.0,1.104110675457,1.2774112903463197,0,0
5498,1.0,1.110115911426,1.2774112903463197,0,0
5499,1.0,1.094710080779,1.2774112903463197,0,0
5500,1.0,1.105216058675,1.2774112903463197,0,0
5501,1.0,1.076409942482,1.2774112903463197,0,0
5502,1.0,1.107836293977,1.2774112903463197,0,0
5503,1.0,1.145543259497,1.2774112903463197,0,0
5504,1.0,1.163565151137,1.2774112903463197,0,0
5505,1.0,1.128348374476,1.2774112903463197,0,0
5506,1.0,1.140091922236,1.2774112903463197,0,0
5507,1.0,1.091696470492,1.2774112903463197,0,0
5508,1.0,1.101867919827,1.2774112903463197,0,0
5509,1.0,1.126521579939,1.2774112903463197,0,0
5510,1.0,1.151782771661,1.2774112903463197,0,0
5511,1.0,1.202160901752,1.2774112903463197,0,0
5512,1.0,1.139735858824,1.2774112903463197,0,0
5513,1.0,1.058086103231,1.2774112903463197,0,0
5514,1.0,1.072080739529,1.2774112903463197,0,0
5515,1.0,1.02725764704,1.2774112903463197,0,0
5516,1.0,1.11617235618,1.2774112903463197,0,0
5517,1.0,1.11486667319,1.2774112903463197,0,0
5518,1.0,1.062073747502,1.2774112903463197,0,0
5519,1.0,1.03969747011,1.2774112903463197,0,0
5520,1.0,1.038372112517,1.2774112903463197,0,0
5521,1.0,1.000751721577,1.2774112903463197,0,0
5522,1.0,0.997547523705,1.2774112903463197,0,0
5523,1.0,0.997353366791,1.2774112903463197,0,0
5524,1.0,0.996738890077,1.2774112903463197,0,0
5525,1.0,1.000497642284,1.2774112903463197,0,0
5526,1.0,0.994907503171,1.2774112903463197,0,0
5527,1.0,0.99471631392,1.2774112903463197,0,0
5528,1.0,0.997942931527,1.2774112903463197,0,0
5529,1.0,0.993803752221,1.2774112903463197,0,0
5530,1.0,0.996261218554,1.2774112903463197,0,0
5531,1.0,0.993698711335,1.2774112903463197,0,0
5532,1.0,1.004235243282,1.2774112903463197,0,0
5533,1.0,1.005486752951,1.2774112903463197,0,0
5534,1.0,1.010487408892,1.2774112903463197,0,0
5535,1.0,1.014605058368,1.2774112903463197,0,0
5536,1.0,0.99022894392,1.2774112903463197,0,0
5537,1.0,0.987442304198,1.2774112903463197,0,0
5538,1.0,0.983218631057,1.2774112903463197,0,0
5539,1.0,0.989908062803,1.2774112903463197,0,0
5540,1.0,0.989908062803,1.2774112903463197,0,0
5541,1.0,0.989908062803,1.2774112903463197,0,0
5542,1.0,0.989908062803,1.2774112903463197,0,0
5543,1.0,0.989908062803,1.2774112903463197,0,0
5544,1.0,0.989908062803,1.2774112903463197,0,0
5545,1.0,0.989908062803,1.2774112903463197,0,0
5546,1.0,0.989908062803,1.2774112903463197,0,0
5547,1.0,0.989908062803,1.2774112903463197,0,0
5548,0.98,0.991272636416,1.2774112903463197,0,0
5549,0.98,1.003988102963,1.2774112903463197,0,0
5550,0.98,0.996725175283,1.2774112903463197,0,0
5551,0.98,1.029884239057,1.2774112903463197,0,0
5552,0.98,1.028318771786,1.2774112903463197,0,0
5553,0.98,1.018071815546,1.2774112903463197,0,0
5554,0.98,1.011373742258,1.2774112903463197,0,0
5555,0.98,1.000135858093,1.2774112903463197,0,0
5556,0.98,1.002090386233,1.2774112903463197,0,0
5557,0.98,0.997281469341,1.2774112903463197,0,0
5558,0.98,0.999689713595,1.2774112903463197,0,0
5559,0.98,1.005586141273,1.2774112903463197,0,0
5560,0.98,1.000869661789,1.2774112903463197,0,0
5561,0.98,1.000554887149,1.2774112903463197,0,0
5562,0.98,1.000918964546,1.2774112903463197,0,0
5563,0.98,0.999264423957,1.2774112903463197,0,0
5564,0.98,1.0004665977,1.2774112903463197,0,0
5565,0.98,1.000164313863,1.2774112903463197,0,0
5566,1.0,1.035066258226,1.2774112903463197,0,0
5567,1.0,1.04419374368,1.2774112903463197,0,0
5568,1.0,1.064685687716,1.2774112903463197,0,0
5569,1.0,1.091505864872,1.2774112903463197,0,0
5570,1.0,1.100913880428,1.2774112903463197,0,0
5571,1.0,1.043641380551,1.2774112903463197,0,0
5572,1.0,1.101694140519,1.2774112903463197,0,0
5573,1.0,1.08438518467,1.2774112903463197,0,0
5574,1.0,1.107193168922,1.2774112903463197,0,0
5575,1.0,1.1455420216,1.2774112903463197,0,0
5576,1.0,1.133772706553,1.2774112903463197,0,0
5577,1.0,1.157767218262,1.2774112903463197,0,0
5578,1.0,1.172982292921,1.2774112903463197,0,0
5579,1.0,1.094975588273,1.2774112903463197,0,0
5580,1.0,1.102530388224,1.2774112903463197,0,0
5581,1.0,1.104846790057,1.2774112903463197,0,0
5582,1.0,1.149892451801,1.2774112903463197,0,0
5583,1.0,1.178767556986,1.2774112903463197,0,0
5584,1.0,1.148558589988,1.2774112903463197,0,0
5585,1.0,1.073638052884,1.2774112903463197,0,0
5586,1.0,1.084770569777,1.2774112903463197,0,0
5587,1.0,1.104110675457,1.2774112903463197,0,0
5588,1.0,1.110115911426,1.2774112903463197,0,0
5589,1.0,1.094710080779,1.2774112903463197,0,0
5590,1.0,1.105216058675,1.2774112903463197,0,0
5591,1.0,1.076409942482,1.2774112903463197,0,0
5592,1.0,1.107836293977,1.2774112903463197,0,0
5593,1.0,1.145543259497,1.2774112903463197,0,0
5594,1.0,1.163565151137,1.2774112903463197,0,0
5595,1.0,1.128348374476,1.2774112903463197,0,0
5596,1.0,1.140091922236,1.2774112903463197,0,0
5597,1.0,1.091696470492,1.2774112903463197,0,0
5598,1.0,1.101867919827,1.2774112903463197,0,0
5599,1.0,1.126521579939,1.2774112903463197,0,0
5600,1.0,1.151782771661,1.2774112903463197,0,0
5601,1.0,1.202160901752,1.2774112903463197,0,0
5602,1.0,1.139735858824,1.2774112903463197,0,0
5603,1.0,1.058086103231,1.2774112903463197,0,0
5604,1.0,1.072080739529,1.2774112903463197,0,0
5605,1.0,1.02725764704,1.2774112903463197,0,0
5606,1.0,1.11617235618,1.2774112903463197,0,0
5607,1.0,1.11486667319,1.2774112903463197,0,0
5608,1.0,1.062073747502,1.2774112903463197,0,0
5609,1.0,1.03969747011,1.2774112903463197,0,0
5610,1.0,1.038372112517,1.2774112903463197,0,0
5611,1.0,1.000751721577,1.2774112903463197,0,0
5612,1.0,0.997547523705,1.2774112903463197,0,0
5613,1.0,0.997353366791,1.2774112903463197,0,0
5614,1.0,0.996738890077,1.2774112903463197,0,0
5615,1.0,1.000497642284,1.2774112903463197,0,0
5616,1.0,0.994907503171,1.2774112903463197,0,0
5617,1.0,0.99471631392,1.2774112903463197,0,0
5618,1.0,0.997942931527,1.2774112903463197,0,0
5619,1.0,0.993803752221,1.2774112903463197,0,0
5620,1.0,0.996261218554,1.2774112903463197,0,0
5621,1.0,0.993698711335,1.2774112903463197,0,0
5622,1.0,1.004235243282,1.2774112903463197,0,0
5623,1.0,1.005486752951,1.2774112903463197,0,0
5624,1.0,1.010487408892,1.2774112903463197,0,0
5625,1.0,1.014605058368,1.2774112903463197,0,0
5626,1.0,0.99022894392,1.2774112903463197,0,0
5627,1.0,0.987442304198,1.2774112903463197,0,0
5628,1.0,0.983218631057,1.2774112903463197,0,0
5629,1.0,0.989908062803,1.2774112903463197,0,0
5630,1.0,0.989908062803,1.2774112903463197,0,0
5631,1.0,0.989908062803,1.2774112903463197,0,0
5632,1.0,0.989908062803,1.2774112903463197,0,0
5633,1.0,0.989908062803,1.2774112903463197,0,0
5634,1.0,0.989908062803,1.2774112903463197,0,0
5635,0.98,0.991272636416,1.2774112903463197,0,0
5636,0.98,1.003988102963,1.2774112903463197,0,0
5637,0.98,0.996725175283,1.2774112903463197,0,0
5638,0.98,1.029884239057,1.2774112903463197,0,0
5639,0.98,1.028318771786,1.2774112903463197,0,0
5640,0.98,1.018071815546,1.2774112903463197,0,0
5641,0.98,1.011373742258,1.2774112903463197,0,0
5642,0.98,1.000135858093,1.2774112903463197,0,0
5643,0.98,1.002090386233,1.2774112903463197,0,0
5644,0.98,0.997281469341,1.2774112903463197,0,0
5645,0.98,0.999689713595,1.2774112903463197,0,0
5646,0.98,1.005586141273,1.2774112903463197,0,0
5647,0.98,1.000869661789,1.2774112903463197,0,0
5648,0.98,1.000554887149,1.2774112903463197,0,0
5649,0.98,1.000918964546,1.2774112903463197,0,0
5650,0.98,0.999264423957,1.2774112903463197,0,0
5651,0.98,1.0004665977,1.2774112903463197,0,0
5652,0.98,1.000164313863,1.2774112903463197,0,0
5653,0.98,1.002199731829,1.2774112903463197,0,0
5654,1.0,1.036775648175,1.2774112903463197,0,0
5655,1.0,1.061212978049,1.2774112903463197,0,0
5656,1.0,1.075166677177,1.2774112903463197,0,0
5657,1.0,1.129846441229,1.2774112903463197,0,0
5658,1.0,1.08997572803,1.2774112903463197,0,0
5659,1.0,1.093158954466,1.2774112903463197,0,0
5660,1.0,1.118649424411,1.2774112903463197,0,0
5661,1.0,1.111580924901,1.2774112903463197,0,0
5662,1.0,1.152987247602,1.2774112903463197,0,0
5663,1.0,1.166296888357,1.2774112903463197,0,0
5664,1.0,1.135807584178,1.2774112903463197,0,0
5665,1.0,1.178510534379,1.2774112903463197,0,0
5666,1.0,1.149921112683,1.2774112903463197,0,0
5667,1.0,1.119655361562,1.2774112903463197,0,0
5668,1.0,1.113880542855,1.2774112903463197,0,0
5669,1.0,1.165162631339,1.2774112903463197,0,0
5670,1.0,1.178586752561,1.2774112903463197,0,0
5671,1.0,1.183435857961,1.2774112903463197,0,0
5672,1.0,1.123853156809,1.2774112903463197,0,0
5673,1.0,1.116782548928,1.2774112903463197,0,0
5674,1.0,1.130356897969,1.2774112903463197,0,0
5675,1.0,1.137224359257,1.2774112903463197,0,0
5676,1.0,1.115348944621,1.2774112903463197,0,0
5677,1.0,1.113354561725,1.2774112903463197,0,0
5678,1.0,1.099698045919,1.2774112903463197,0,0
5679,1.0,1.124053361246,1.2774112903463197,0,0
5680,1.0,1.120921724324,1.2774112903463197,0,0
5681,1.0,1.194481841173,1.2774112903463197,0,0
5682,1.0,1.162604821342,1.2774112903463197,0,0
5683,1.0,1.165653541251,1.2774112903463197,0,0
5684,1.0,1.145507331855,1.2774112903463197,0,0
5685,1.0,1.110626239079,1.2774112903463197,0,0
5686,1.0,1.132168199068,1.2774112903463197,0,0
5687,1.0,1.147945626913,1.2774112903463197,0,0
5688,1.0,1.173370942099,1.2774112903463197,0,0
5689,1.0,1.210022569116,1.2774112903463197,0,0
5690,1.0,1.123616676963,1.2774112903463197,0,0
5691,1.0,1.099145368187,1.2774112903463197,0,0
5692,1.0,1.059293761498,1.2774112903463197,0,0
5693,1.0,1.088015202119,1.2774112903463197,0,0
5694,1.0,1.147600329416,1.2774112903463197,0,0
5695,1.0,1.098416786553,1.2774112903463197,0,0
5696,1.0,1.072350899006,1.2774112903463197,0,0
5697,1.0,1.038804543013,1.2774112903463197,0,0
5698,1.0,1.002594914923,1.2774112903463197,0,0
5699,1.0,1.000751721577,1.2774112903463197,0,0
5700,1.0,0.997547523705,1.2774112903463197,0,0
5701,1.0,0.997353366791,1.2774112903463197,0,0
5702,1.0,0.996738890077,1.2774112903463197,0,0
5703,1.0,1.000497642284,1.2774112903463197,0,0
5704,1.0,0.994907503171,1.2774112903463197,0,0
5705,1.0,0.99471631392,1.2774112903463197,0,0
5706,1.0,0.997942931527,1.2774112903463197,0,0
5707,1.0,0.993803752221,1.2774112903463197,0,0
5708,1.0,0.996261218554,1.2774112903463197,0,0
5709,1.0,0.993698711335,1.2774112903463197,0,0
5710,1.0,1.004235243282,1.2774112903463197,0,0
5711,1.0,1.005486752951,1.2774112903463197,0,0
5712,1.0,1.010487408892,1.2774112903463197,0,0
5713,1.0,1.014605058368,1.2774112903463197,0,0
5714,1.0,0.99022894392,1.2774112903463197,0,0
5715,1.0,0.987442304198,1.2774112903463197,0,0
5716,1.0,0.983218631057,1.2774112903463197,0,0
5717,1.0,0.989908062803,1.2774112903463197,0,0
5718,1.0,0.989908062803,1.2774112903463197,0,0
5719,1.0,0.989908062803,1.2774112903463197,0,0
5720,1.0,0.989908062803,1.2774112903463197,0,0
5721,1.0,0.989908062803,1.2774112903463197,0,0
5722,1.0,0.989908062803,1.2774112903463197,0,0
5723,1.0,0.989908062803,1.2774112903463197,0,0
5724,1.0,0.989908062803,1.2774112903463197,0,0
5725,0.98,0.991272636416,1.2774112903463197,0,0
5726,0.98,1.003988102963,1.2774112903463197,0,0
5727,0.98,0.996725175283,1.2774112903463197,0,0
5728,0.98,1.029884239057,1.2774112903463197,0,0
5729,0.98,1.028318771786,1.2774112903463197,0,0
5730,0.98,1.018071815546,1.2774112903463197,0,0
5731,0.98,1.011373742258,1.2774112903463197,0,0
5732,0.98,1.000135858093,1.2774112903463197,0,0
5733,0.98,1.002090386233,1.2774112903463197,0,0
5734,0.98,0.997281469341,1.2774112903463197,0,0
5735,0.98,0.999689713595,1.2774112903463197,0,0
5736,0.98,1.005586141273,1.2774112903463197,0,0
5737,0.98,1.000869661789,1.2774112903463197,0,0
5738,0.98,1.000554887149,1.2774112903463197,0,0
5739,0.98,1.000918964546,1.2774112903463197,0,0
5740,0.98,0.999264423957,1.2774112903463197,0,0
5741,0.98,1.0004665977,1.2774112903463197,0,0
5742,0.98,1.000164313863,1.2774112903463197,0,0
5743,1.0,1.035066258226,1.2774112903463197,0,0
5744,1.0,1.04419374368,1.2774112903463197,0,0
5745,1.0,1.064685687716,1.2774112903463197,0,0
5746,1.0,1.091505864872,1.2774112903463197,0,0
5747,1.0,1.100913880428,1.2774112903463197,0,0
5748,1.0,1.043641380551,1.2774112903463197,0,0
5749,1.0,1.101694140519,1.2774112903463197,0,0
5750,1.0,1.08438518467,1.2774112903463197,0,0
5751,1.0,1.107193168922,1.2774112903463197,0,0
5752,1.0,1.1455420216,1.2774112903463197,0,0
5753,1.0,1.133772706553,1.2774112903463197,0,0
5754,1.0,1.157767218262,1.2774112903463197,0,0
5755,1.0,1.172982292921,1.2774112903463197,0,0
5756,1.0,1.094975588273,1.2774112903463197,0,0
5757,1.0,1.102530388224,1.2774112903463197,0,0
5758,1.0,1.104846790057,1.2774112903463197,0,0
5759,1.0,1.149892451801,1.2774112903463197,0,0
5760,1.0,1.178767556986,1.2774112903463197,0,0
5761,1.0,1.148558589988,1.2774112903463197,0,0
5762,1.0,1.073638052884,1.2774112903463197,0,0
5763,1.0,1.084770569777,1.2774112903463197,0,0
5764,1.0,1.104110675457,1.2774112903463197,0,0
5765,1.0,1.110115911426,1.2774112903463197,0,0
5766,1.0,1.094710080779,1.2774112903463197,0,0
5767,1.0,1.105216058675,1.2774112903463197,0,0
5768,1.0,1.076409942482,1.2774112903463197,0,0
5769,1.0,1.107836293977,1.2774112903463197,0,0
5770,1.0,1.145543259497,1.2774112903463197,0,0
5771,1.0,1.163565151137,1.2774112903463197,0,0
5772,1.0,1.128348374476,1.2774112903463197,0,0
5773,1.0,1.140091922236,1.2774112903463197,0,0
5774,1.0,1.091696470492,1.2774112903463197,0,0
5775,1.0,1.101867919827,1.2774112903463197,0,0
5776,1.0,1.126521579939,1.2774112903463197,0,0
5777,1.0,1.151782771661,1.2774112903463197,0,0
5778,1.0,1.202160901752,1.2774112903463197,0,0
5779,1.0,1.139735858824,1.2774112903463197,0,0
5780,1.0,1.058086103231,1.2774112903463197,0,0
5781,1.0,1.072080739529,1.2774112903463197,0,0
5782,1.0,1.02725764704,1.2774112903463197,0,0
5783,1.0,1.11617235618,1.2774112903463197,0,0
5784,1.0,1.11486667319,1.2774112903463197,0,0
5785,1.0,1.062073747502,1.2774112903463197,0,0
5786,1.0,1.03969747011,1.2774112903463197,0,0
5787,1.0,1.038372112517,1.2774112903463197,0,0
5788,1.0,1.000751721577,1.2774112903463197,0,0
5789,1.0,0.997547523705,1.2774112903463197,0,0
5790,1.0,0.997353366791,1.2774112903463197,0,0
5791,1.0,0.996738890077,1.2774112903463197,0,0
5792,1.0,1.000497642284,1.2774112903463197,0,0
5793,1.0,0.994907503171,1.2774112903463197,0,0
5794,1.0,0.99471631392,1.2774112903463197,0,0
5795,1.0,0.997942931527,1.2774112903463197,0,0
5796,1.0,0.993803752221,1.2774112903463197,0,0
5797,1.0,0.996261218554,1.2774112903463197,0,0
5798,1.0,0.993698711335,1.2774112903463197,0,0
5799,1.0,1.004235243282,1.2774112903463197,0,0
5800,1.0,1.005486752951,1.2774112903463197,0,0
5801,1.0,1.010487408892,1.2774112903463197,0,0
5802,1.0,1.014605058368,1.2774112903463197,0,0
5803,1.0,0.99022894392,1.2774112903463197,0,0
5804,1.0,0.987442304198,1.2774112903463197,0,0
5805,1.0,0.983218631057,1.2774112903463197,0,0
5806,1.0,0.989908062803,1.2774112903463197,0,0
5807,1.0,0.989908062803,1.2774112903463197,0,0
5808,1.0,0.989908062803,1.2774112903463197,0,0
5809,1.0,0.989908062803,1.2774112903463197,0,0
5810,1.0,0.989908062803,1.2774112903463197,0,0
5811,1.0,0.989908062803,1.2774112903463197,0,0
5812,1.0,0.989908062803,1.2774112903463197,0,0
5813,1.0,0.989908062803,1.2774112903463197,0,0
5814,1.0,0.989908062803,1.2774112903463197,0,0
5815,1.0,0.989908062803,1.2774112903463197,0,0
5816,1.0,0.989908062803,1.2774112903463197,0,0
5817,0.98,0.991272636416,1.2774112903463197,0,0
5818,0.98,1.003988102963,1.2774112903463197,0,0
5819,0.98,0.996725175283,1.2774112903463197,0,0
5820,0.98,1.029884239057,1.2774112903463197,0,0
5821,0.98,1.028318771786,1.2774112903463197,0,0
5822,0.98,1.018071815546,1.2774112903463197,0,0
5823,0.98,1.011373742258,1.2774112903463197,0,0
5824,0.98,1.000135858093,1.2774112903463197,0,0
5825,0.98,1.002090386233,1.2774112903463197,0,0
5826,0.98,0.997281469341,1.2774112903463197,0,0
5827,0.98,0.999689713595,1.2774112903463197,0,0
5828,0.98,1.005586141273,1.2774112903463197,0,0
5829,0.98,1.000869661789,1.2774112903463197,0,0
5830,0.98,1.000554887149,1.2774112903463197,0,0
5831,0.98,1.000918964546,1.2774112903463197,0,0
5832,0.98,0.999264423957,1.2774112903463197,0,0
5833,0.98,1.0004665977,1.2774112903463197,0,0
5834,0.98,1.000164313863,1.2774112903463197,0,0
5835,1.0,1.035066258226,1.2774112903463197,0,0
5836,1.0,1.04419374368,1.2774112903463197,0,0
5837,1.0,1.064685687716,1.2774112903463197,0,0
5838,1.0,1.091505864872,1.2774112903463197,0,0
5839,1.0,1.100913880428,1.2774112903463197,0,0
5840,1.0,1.043641380551,1.2774112903463197,0,0
5841,1.0,1.101694140519,1.2774112903463197,0,0
5842,1.0,1.08438518467,1.2774112903463197,0,0
5843,1.0,1.107193168922,1.2774112903463197,0,0
5844,1.0,1.1455420216,1.2774112903463197,0,0
5845,1.0,1.133772706553,1.2774112903463197,0,0
5846,1.0,1.157767218262,1.2774112903463197,0,0
5847,1.0,1.172982292921,1.2774112903463197,0,0
5848,1.0,1.094975588273,1.2774112903463197,0,0
5849,1.0,1.102530388224,1.2774112903463197,0,0
5850,1.0,1.104846790057,1.2774112903463197,0,0
5851,1.0,1.149892451801,1.2774112903463197,0,0
5852,1.0,1.178767556986,1.2774112903463197,0,0
5853,1.0,1.148558589988,1.2774112903463197,0,0
5854,1.0,1.073638052884,1.2774112903463197,0,0
5855,1.0,1.084770569777,1.2774112903463197,0,0
5856,1.0,1.104110675457,1.2774112903463197,0,0
5857,1.0,1.110115911426,1.2774112903463197,0,0
5858,1.0,1.094710080779,1.2774112903463197,0,0
5859,1.0,1.105216058675,1.2774112903463197,0,0
5860,1.0,1.076409942482,1.2774112903463197,0,0
5861,1.0,1.107836293977,1.2774112903463197,0,0
5862,1.0,1.145543259497,1.2774112903463197,0,0
5863,1.0,1.163565151137,1.2774112903463197,0,0
5864,1.0,1.128348374476,1.2774112903463197,0,0
5865,1.0,1.140091922236,1.2774112903463197,0,0
5866,1.0,1.091696470492,1.2774112903463197,0,0
5867,1.0,1.101867919827,1.2774112903463197,0,0
5868,1.0,1.126521579939,1.2774112903463197,0,0
5869,1.0,1.151782771661,1.2774112903463197,0,0
5870,1.0,1.202160901752,1.2774112903463197,0,0
5871,1.0,1.139735858824,1.2774112903463197,0,0
5872,1.0,1.058086103231,1.2774112903463197,0,0
5873,1.0,1.072080739529,1.2774112903463197,0,0
5874,1.0,1.02725764704,1.2774112903463197,0,0
5875,1.0,1.11617235618,1.2774112903463197,0,0
5876,1.0,1.11486667319,1.2774112903463197,0,0
5877,1.0,1.062073747502,1.2774112903463197,0,0
5878,1.0,1.03969747011,1.2774112903463197,0,0
5879,1.0,1.038372112517,1.2774112903463197,0,0
5880,1.0,1.000751721577,1.2774112903463197,0,0
5881,1.0,0.997547523705,1.2774112903463197,0,0
5882,1.0,0.997353366791,1.2774112903463197,0,0
5883,1.0,0.996738890077,1.2774112903463197,0,0
5884,1.0,1.000497642284,1.2774112903463197,0,0
5885,1.0,0.994907503171,1.2774112903463197,0,0
5886,1.0,0.99471631392,1.2774112903463197,0,0
5887,1.0,0.997942931527,1.2774112903463197,0,0
5888,1.0,0.993803752221,1.2774112903463197,0,0
5889,1.0,0.996261218554,1.2774112903463197,0,0
5890,1.0,0.993698711335,1.2774112903463197,0,0
5891,1.0,1.004235243282,1.2774112903463197,0,0
5892,1.0,1.005486752951,1.2774112903463197,0,0
5893,1.0,1.010487408892,1.2774112903463197,0,0
5894,1.0,1.014605058368,1.2774112903463197,0,0
5895,1.0,0.99022894392,1.2774112903463197,0,0
5896,1.0,0.987442304198,1.2774112903463197,0,0
5897,1.0,0.983218631057,1.2774112903463197,0,0
5898,1.0,0.989908062803,1.2774112903463197,0,0
5899,1.0,0.989908062803,1.2774112903463197,0,0
5900,1.0,0.989908062803,1.2774112903463197,0,0
5901,1.0,0.989908062803,1.2774112903463197,0,0
5902,1.0,0.989908062803,1.2774112903463197,0,0
5903,1.0,0.989908062803,1.2774112903463197,0,0
5904,1.0,0.989908062803,1.2774112903463197,0,0
5905,1.0,0.989908062803,1.2774112903463197,0,0
5906,1.0,0.989908062803,1.2774112903463197,0,0
5907,0.98,0.991272636416,1.2774112903463197,0,0
5908,0.98,1.003988102963,1.2774112903463197,0,0
5909,0.98,0.996725175283,1.2774112903463197,0,0
5910,0.98,1.029884239057,1.2774112903463197,0,0
5911,0.98,1.028318771786,1.2774112903463197,0,0
5912,0.98,1.018071815546,1.2774112903463197,0,0
5913,0.98,1.011373742258,1.2774112903463197,0,0
5914,0.98,1.000135858093,1.2774112903463197,0,0
5915,0.98,1.002090386233,1.2774112903463197,0,0
5916,0.98,0.997281469341,1.2774112903463197,0,0
5917,0.98,0.999689713595,1.2774112903463197,0,0
5918,0.98,1.005586141273,1.2774112903463197,0,0
5919,0.98,1.000869661789,1.2774112903463197,0,0
5920,0.98,1.000554887149,1.2774112903463197,0,0
5921,0.98,1.000918964546,1.2774112903463197,0,0
5922,0.98,0.999264423957,1.2774112903463197,0,0
5923,0.98,1.0004665977,1.2774112903463197,0,0
5924,0.98,1.000164313863,1.2774112903463197,0,0
5925,0.98,1.002199731829,1.2774112903463197,0,0
5926,1.0,1.036775648175,1.2774112903463197,0,0
5927,1.0,1.061212978049,1.2774112903463197,0,0
5928,1.0,1.075166677177,1.2774112903463197,0,0
5929,1.0,1.129846441229,1.2774112903463197,0,0
5930,1.0,1.08997572803,1.2774112903463197,0,0
5931,1.0,1.093158954466,1.2774112903463197,0,0
5932,1.0,1.118649424411,1.2774112903463197,0,0
5933,1.0,1.111580924901,1.2774112903463197,0,0
5934,1.0,1.152987247602,1.2774112903463197,0,0
5935,1.0,1.166296888357,1.2774112903463197,0,0
5936,1.0,1.135807584178,1.2774112903463197,0,0
5937,1.0,1.178510534379,1.2774112903463197,0,0
5938,1.0,1.149921112683,1.2774112903463197,0,0
5939,1.0,1.119655361562,1.2774112903463197,0,0
5940,1.0,1.113880542855,1.2774112903463197,0,0
5941,1.0,1.165162631339,1.2774112903463197,0,0
5942,1.0,1.178586752561,1.2774112903463197,0,0
5943,1.0,1.183435857961,1.2774112903463197,0,0
5944,1.0,1.123853156809,1.2774112903463197,0,0
5945,1.0,1.116782548928,1.2774112903463197,0,0
5946,1.0,1.130356897969,1.2774112903463197,0,0
5947,1.0,1.137224359257,1.2774112903463197,0,0
5948,1.0,1.115348944621,1.2774112903463197,0,0
5949,1.0,1.113354561725,1.2774112903463197,0,0
5950,1.0,1.099698045919,1.2774112903463197,0,0
5951,1.0,1.124053361246,1.2774112903463197,0,0
5952,1.0,1.120921724324,1.2774112903463197,0,0
5953,1.0,1.194481841173,1.2774112903463197,0,0
5954,1.0,1.162604821342,1.2774112903463197,0,0
5955,1.0,1.165653541251,1.2774112903463197,0,0
5956,1.0,1.145507331855,1.2774112903463197,0,0
5957,1.0,1.110626239079,1.2774112903463197,0,0
5958,1.0,1.132168199068,1.2774112903463197,0,0
5959,1.0,1.147945626913,1.2774112903463197,0,0
5960,1.0,1.173370942099,1.2774112903463197,0,0
5961,1.0,1.210022569116,1.2774112903463197,0,0
5962,1.0,1.123616676963,1.2774112903463197,0,0
5963,1.0,1.099145368187,1.2774112903463197,0,0
5964,1.0,1.059293761498,1.2774112903463197,0,0
5965,1.0,1.088015202119,1.2774112903463197,0,0
5966,1.0,1.147600329416,1.2774112903463197,0,0
5967,1.0,1.098416786553,1.2774112903463197,0,0
5968,1.0,1.072350899006,1.2774112903463197,0,0
5969,1.0,1.038804543013,1.2774112903463197,0,0
5970,1.0,1.002594914923,1.2774112903463197,0,0
5971,1.0,1.000751721577,1.2774112903463197,0,0
5972,1.0,0.997547523705,1.2774112903463197,0,0
5973,1.0,0.997353366791,1.2774112903463197,0,0
5974,1.0,0.996738890077,1.2774112903463197,0,0
5975,1.0,1.000497642284,1.2774112903463197,0,0
5976,1.0,0.994907503171,1.2774112903463197,0,0
5977,1.0,0.99471631392,1.2774112903463197,0,0
5978,1.0,0.997942931527,1.2774112903463197,0,0
5979,1.0,0.993803752221,1.2774112903463197,0,0
5980,1.0,0.996261218554,1.2774112903463197,0,0
5981,1.0,0.993698711335,1.2774112903463197,0,0
5982,1.0,1.004235243282,1.2774112903463197,0,0
5983,1.0,1.005486752951,1.2774112903463197,0,0
5984,1.0,1.010487408892,1.2774112903463197,0,0
5985,1.0,1.014605058368,1.2774112903463197,0,0
5986,1.0,0.99022894392,1.2774112903463197,0,0
5987,1.0,0.987442304198,1.2774112903463197,0,0
5988,1.0,0.983218631057,1.2774112903463197,0,0
5989,1.0,0.989908062803,1.2774112903463197,0,0
5990,1.0,0.989908062803,1.2774112903463197,0,0
5991,1.0,0.989908062803,1.2774112903463197,0,0
5992,1.0,0.989908062803,1.2774112903463197,0,0
5993,1.0,0.989908062803,1.2774112903463197,0,0
5994,1.0,0.989908062803,1.2774112903463197,0,0
5995,1.0,0.989908062803,1.2774112903463197,0,0
5996,1.0,0.989908062803,1.2774112903463197,0,0
5997,1.0,0.989908062803,1.2774112903463197,0,0
5998,0.98,0.991272636416,1.2774112903463197,0,0
5999,0.98,1.003988102963,1.2774112903463197,0,0
6000,0.98,0.996725175283,1.2774112903463197,0,0
6001,0.98,1.029884239057,1.2774112903463197,0,0
6002,0.98,1.028318771786,1.2774112903463197,0,0
6003,0.98,1.018071815546,1.2774112903463197,0,0
6004,0.98,1.011373742258,1.2774112903463197,0,0
6005,0.98,1.000135858093,1.2774112903463197,0,0
6006,0.98,1.002090386233,1.2774112903463197,0,0
6007,0.98,0.997281469341,1.2774112903463197,0,0
6008,0.98,0.999689713595,1.2774112903463197,0,0
6009,0.98,1.005586141273,1.2774112903463197,0,0
6010,0.98,1.000869661789,1.2774112903463197,0,0
6011,0.98,1.000554887149,1.2774112903463197,0,0
6012,0.98,1.000918964546,1.2774112903463197,0,0
6013,0.98,0.999264423957,1.2774112903463197,0,0
6014,0.98,1.0004665977,1.2774112903463197,0,0
6015,0.98,1.000164313863,1.2774112903463197,0,0
6016,0.98,1.002199731829,1.2774112903463197,0,0
6017,0.98,0.997570061483,1.2774112903463197,0,0
6018,1.0,1.037743741919,1.2774112903463197,0,0
6019,0.98,1.065221286795,1.2774112903463197,0,0
6020,0.98,1.036293938332,1.2774112903463197,0,0
6021,0.98,1.05440565461,1.2774112903463197,0,0
6022,1.0,1.06723500011,1.2774112903463197,0,0
6023,1.0,1.108769599125,1.2774112903463197,0,0
6024,1.0,1.085787009381,1.2774112903463197,0,0
6025,1.0,1.134961839254,1.2774112903463197,0,0
6026,1.0,1.130125003569,1.2774112903463197,0,0
6027,1.0,1.122480681595,1.2774112903463197,0,0
6028,1.0,1.11288917753,1.2774112903463197,0,0
6029,1.0,1.113885513158,1.2774112903463197,0,0
6030,1.0,1.093242418388,1.2774112903463197,0,0
6031,1.0,1.118320203521,1.2774112903463197,0,0
6032,1.0,1.081272305156,1.2774112903463197,0,0
6033,1.0,1.118722687045,1.2774112903463197,0,0
6034,1.0,1.061458385654,1.2774112903463197,0,0
6035,1.0,1.104844435707,1.2774112903463197,0,0
6036,1.0,1.063909061114,1.2774112903463197,0,0
6037,1.0,1.076408108945,1.2774112903463197,0,0
6038,1.0,1.0758214204,1.2774112903463197,0,0
6039,1.0,1.0897889926,1.2774112903463197,0,0
6040,1.0,1.063804327844,1.2774112903463197,0,0
6041,1.0,1.097502900359,1.2774112903463197,0,0
6042,1.0,1.085268794367,1.2774112903463197,0,0
6043,1.0,1.119300195232,1.2774112903463197,0,0
6044,1.0,1.113896949635,1.2774112903463197,0,0
6045,1.0,1.148550573832,1.2774112903463197,0,0
6046,1.0,1.157948382575,1.2774112903463197,0,0
6047,1.0,1.177834309618,1.2774112903463197,0,0
6048,1.0,1.149722100773,1.2774112903463197,0,0
6049,1.0,1.175193007465,1.2774112903463197,0,0
6050,1.0,1.161298445046,1.2774112903463197,0,0
6051,1.0,1.161556257812,1.2774112903463197,0,0
6052,1.0,1.15483164799,1.2774112903463197,0,0
6053,1.0,1.182184858208,1.2774112903463197,0,0
6054,1.0,1.158727886612,1.2774112903463197,0,0
6055,1.0,1.17165560595,1.2774112903463197,0,0
6056,1.0,1.148973921301,1.2774112903463197,0,0
6057,1.0,1.157173340615,1.2774112903463197,0,0
6058,1.0,1.155911157702,1.2774112903463197,0,0
6059,1.0,1.123615295182,1.2774112903463197,0,0
6060,1.0,1.074608093706,1.2774112903463197,0,0
6061,1.0,1.03559498573,1.2774112903463197,0,0
6062,1.0,1.039271568634,1.2774112903463197,0,0
6063,1.0,1.037118505855,1.2774112903463197,0,0
6064,1.0,1.02260868286,1.2774112903463197,0,0
6065,1.0,1.015760965398,1.2774112903463197,0,0
6066,1.0,1.01664387358,1.2774112903463197,0,0
6067,1.0,1.009793270698,1.2774112903463197,0,0
6068,1.0,1.019412236169,1.2774112903463197,0,0
6069,1.0,1.007908116614,1.2774112903463197,0,0
6070,1.0,1.031307499866,1.2774112903463197,0,0
6071,1.0,1.011145546661,1.2774112903463197,0,0
6072,1.0,1.020090544484,1.2774112903463197,0,0
6073,1.0,1.009782628406,1.2774112903463197,0,0
6074,1.0,1.026224603454,1.2774112903463197,0,0
6075,1.0,1.036754561004,1.2774112903463197,0,0
6076,1.0,1.022975785747,1.2774112903463197,0,0
6077,1.0,1.002306823616,1.2774112903463197,0,0
6078,1.0,1.013911001965,1.2774112903463197,0,0
6079,1.0,1.021470323747,1.2774112903463197,0,0
6080,1.0,1.030948223469,1.2774112903463197,0,0
6081,1.0,1.034163675146,1.2774112903463197,0,0
6082,1.0,0.99022894392,1.2774112903463197,0,0
6083,1.0,0.987442304198,1.2774112903463197,0,0
6084,1.0,0.983218631057,1.2774112903463197,0,0
6085,1.0,0.989908062803,1.2774112903463197,0,0
6086,1.0,0.989908062803,1.2774112903463197,0,0
6087,1.0,0.989908062803,1.2774112903463197,0,0
6088,0.98,0.991272636416,1.2774112903463197,0,0
6089,0.98,1.003988102963,1.2774112903463197,0,0
6090,0.98,0.996725175283,1.2774112903463197,0,0
6091,0.98,1.029884239057,1.2774112903463197,0,0
6092,0.98,1.028318771786,1.2774112903463197,0,0
6093,0.98,1.018071815546,1.2774112903463197,0,0
6094,0.98,1.011373742258,1.2774112903463197,0,0
6095,0.98,1.000135858093,1.2774112903463197,0,0
6096,0.98,1.002090386233,1.2774112903463197,0,0
6097,0.98,0.997281469341,1.2774112903463197,0,0
6098,0.98,0.999689713595,1.2774112903463197,0,0
6099,0.98,1.005586141273,1.2774112903463197,0,0
6100,0.98,1.000869661789,1.2774112903463197,0,0
6101,0.98,1.000554887149,1.2774112903463197,0,0
6102,0.98,1.000918964546,1.2774112903463197,0,0
6103,0.98,0.999264423957,1.2774112903463197,0,0
6104,0.98,1.0004665977,1.2774112903463197,0,0
6105,0.98,1.000164313863,1.2774112903463197,0,0
6106,0.98,1.002199731829,1.2774112903463197,0,0
6107,0.98,0.997570061483,1.2774112903463197,0,0
6108,0.98,1.003994708955,1.2774112903463197,0,0
6109,0.98,1.010788113287,1.2774112903463197,0,0
6110,1.0,1.049190994904,1.2774112903463197,0,0
6111,0.98,1.007007710323,1.2774112903463197,0,0
6112,0.98,1.047847384773,1.2774112903463197,0,0
6113,1.0,1.078673784803,1.2774112903463197,0,0
6114,1.0,1.092780027269,1.2774112903463197,0,0
6115,1.0,1.127695833577,1.2774112903463197,0,0
6116,1.0,1.087250233771,1.2774112903463197,0,0
6117,1.0,1.134319047915,1.2774112903463197,0,0
6118,1.0,1.097857240617,1.2774112903463197,0,0
6119,1.0,1.086671099083,1.2774112903463197,0,0
6120,1.0,1.082197695831,1.2774112903463197,0,0
6121,1.0,1.096664928345,1.2774112903463197,0,0
6122,1.0,1.09975028151,1.2774112903463197,0,0
6123,1.0,1.10675121386,1.2774112903463197,0,0
6124,1.0,1.09263670355,1.2774112903463197,0,0
6125,1.0,1.093442108927,1.2774112903463197,0,0
6126,1.0,1.046999376789,1.2774112903463197,0,0
6127,1.0,1.070405517126,1.2774112903463197,0,0
6128,1.0,1.070563267195,1.2774112903463197,0,0
6129,1.0,1.079437231731,1.2774112903463197,0,0
6130,1.0,1.075954495658,1.2774112903463197,0,0
6131,1.0,1.088258056042,1.2774112903463197,0,0
6132,1.0,1.071491960123,1.2774112903463197,0,0
6133,1.0,1.084121781042,1.2774112903463197,0,0
6134,1.0,1.070632856864,1.2774112903463197,0,0
6135,1.0,1.085778262438,1.2774112903463197,0,0
6136,1.0,1.099639491985,1.2774112903463197,0,0
6137,1.0,1.114109721427,1.2774112903463197,0,0
6138,1.0,1.103356794766,1.2774112903463197,0,0
6139,1.0,1.13177107205,1.2774112903463197,0,0
6140,1.0,1.090552678037,1.2774112903463197,0,0
6141,1.0,1.14763122463,1.2774112903463197,0,0
6142,1.0,1.131185266627,1.2774112903463197,0,0
6143,1.0,1.165044476968,1.2774112903463197,0,0
6144,1.0,1.13963380935,1.2774112903463197,0,0
6145,1.0,1.123437578094,1.2774112903463197,0,0
6146,1.0,1.108080888043,1.2774112903463197,0,0
6147,1.0,1.153593958312,1.2774112903463197,0,0
6148,1.0,1.118470883352,1.2774112903463197,0,0
6149,1.0,1.155485655092,1.2774112903463197,0,0
6150,1.0,1.050672058742,1.2774112903463197,0,0
6151,1.0,1.025643854407,1.2774112903463197,0,0
6152,1.0,1.012203719099,1.2774112903463197,0,0
6153,1.0,1.02438798814,1.2774112903463197,0,0
6154,1.0,1.017030480576,1.2774112903463197,0,0
6155,1.0,1.007210028847,1.2774112903463197,0,0
6156,1.0,0.999751474049,1.2774112903463197,0,0
6157,1.0,1.00285815045,1.2774112903463197,0,0
6158,1.0,1.000466333065,1.2774112903463197,0,0
6159,1.0,0.99495122089,1.2774112903463197,0,0
6160,1.0,0.997483941003,1.2774112903463197,0,0
6161,1.0,0.999212508472,1.2774112903463197,0,0
6162,1.0,1.000822788922,1.2774112903463197,0,0
6163,1.0,1.005690339761,1.2774112903463197,0,0
6164,1.0,0.999435071367,1.2774112903463197,0,0
6165,1.0,0.997193400656,1.2774112903463197,0,0
6166,1.0,0.99896916175,1.2774112903463197,0,0
6167,1.0,1.001951455945,1.2774112903463197,0,0
6168,1.0,1.007528761792,1.2774112903463197,0,0
6169,1.0,0.9947877542,1.2774112903463197,0,0
6170,1.0,0.989325373143,1.2774112903463197,0,0
6171,1.0,1.012882935658,1.2774112903463197,0,0
6172,1.0,0.98469621664,1.2774112903463197,0,0
6173,1.0,0.997237358439,1.2774112903463197,0,0
6174,1.0,0.987442304198,1.2774112903463197,0,0
6175,1.0,0.983218631057,1.2774112903463197,0,0
6176,0.98,0.991272636416,1.2774112903463197,0,0
6177,0.98,1.003988102963,1.2774112903463197,0,0
6178,0.98,0.996725175283,1.2774112903463197,0,0
6179,1.0,1.031353332322,1.2774112903463197,0,0
6180,0.98,1.011864296613,1.2774112903463197,0,0
6181,0.98,1.025468449896,1.2774112903463197,0,0
6182,0.98,1.00585458911,1.2774112903463197,0,0
6183,0.98,1.024144985572,1.2774112903463197,0,0
6184,0.98,1.025319005013,1.2774112903463197,0,0
6185,0.98,1.040283328682,1.2774112903463197,0,0
6186,0.98,1.024726966737,1.2774112903463197,0,0
6187,0.98,1.033086527186,1.2774112903463197,0,0
6188,0.98,1.0077948262,1.2774112903463197,0,0
6189,0.98,1.036283763671,1.2774112903463197,0,0
6190,0.98,1.011525226054,1.2774112903463197,0,0
6191,0.98,1.017738133683,1.2774112903463197,0,0
6192,0.98,1.022403978113,1.2774112903463197,0,0
6193,0.98,1.018254067096,1.2774112903463197,0,0
6194,0.98,1.015264312927,1.2774112903463197,0,0
6195,0.98,1.016460335771,1.2774112903463197,0,0
6196,0.98,1.00693225641,1.2774112903463197,0,0
6197,0.98,1.020312647645,1.2774112903463197,0,0
6198,1.0,1.080816596684,1.2774112903463197,0,0
6199,0.98,1.028806233354,1.2774112903463197,0,0
6200,0.98,1.051639199525,1.2774112903463197,0,0
6201,1.0,1.108772340193,1.2774112903463197,0,0
6202,1.0,1.120037906464,1.2774112903463197,0,0
6203,1.0,1.189314444624,1.2774112903463197,0,0
6204,1.0,1.150917899177,1.2774112903463197,0,0
6205,1.0,1.18842341634,1.2774112903463197,0,0
6206,1.0,1.128087315966,1.2774112903463197,0,0
6207,1.0,1.178190387564,1.2774112903463197,0,0
6208,1.0,1.168304782282,1.2774112903463197,0,0
6209,1.0,1.17607099167,1.2774112903463197,0,0
6210,1.0,1.150512641584,1.2774112903463197,0,0
6211,1.0,1.151893798879,1.2774112903463197,0,0
6212,1.0,1.127799115225,1.2774112903463197,0,0
6213,1.0,1.168972462483,1.2774112903463197,0,0
6214,1.0,1.123965671104,1.2774112903463197,0,0
6215,1.0,1.138055136405,1.2774112903463197,0,0
6216,1.0,1.109257104498,1.2774112903463197,0,0
6217,1.0,1.121298548847,1.2774112903463197,0,0
6218,1.0,1.102667964149,1.2774112903463197,0,0
6219,1.0,1.120954853186,1.2774112903463197,0,0
6220,1.0,1.084555489804,1.2774112903463197,0,0
6221,1.0,1.114423103516,1.2774112903463197,0,0
6222,1.0,1.082305961658,1.2774112903463197,0,0
6223,1.0,1.095101037063,1.2774112903463197,0,0
6224,1.0,1.091248611028,1.2774112903463197,0,0
6225,1.0,1.125674758189,1.2774112903463197,0,0
6226,1.0,1.099263844211,1.2774112903463197,0,0
6227,1.0,1.135599275531,1.2774112903463197,0,0
6228,1.0,1.117499717053,1.2774112903463197,0,0
6229,1.0,1.159082695645,1.2774112903463197,0,0
6230,1.0,1.146096376596,1.2774112903463197,0,0
6231,1.0,1.188651180141,1.2774112903463197,0,0
6232,1.0,1.145171279186,1.2774112903463197,0,0
6233,1.0,1.194249549961,1.2774112903463197,0,0
6234,1.0,1.154743581193,1.2774112903463197,0,0
6235,1.0,1.161057062996,1.2774112903463197,0,0
6236,1.0,1.119228304742,1.2774112903463197,0,0
6237,1.0,1.186851871853,1.2774112903463197,0,0
6238,1.0,1.103184733264,1.2774112903463197,0,0
6239,1.0,1.080466009892,1.2774112903463197,0,0
6240,1.0,1.034750562465,1.2774112903463197,0,0
6241,1.0,1.044215859207,1.2774112903463197,0,0
6242,1.0,1.058838191254,1.2774112903463197,0,0
6243,1.0,1.007210028847,1.2774112903463197,0,0
6244,1.0,0.999751474049,1.2774112903463197,0,0
6245,1.0,1.00285815045,1.2774112903463197,0,0
6246,1.0,1.000466333065,1.2774112903463197,0,0
6247,1.0,0.99495122089,1.2774112903463197,0,0
6248,1.0,0.997483941003,1.2774112903463197,0,0
6249,1.0,0.999212508472,1.2774112903463197,0,0
6250,1.0,1.000822788922,1.2774112903463197,0,0
6251,1.0,1.005690339761,1.2774112903463197,0,0
6252,1.0,0.999435071367,1.2774112903463197,0,0
6253,1.0,0.997193400656,1.2774112903463197,0,0
6254,1.0,0.99896916175,1.2774112903463197,0,0
6255,1.0,1.001951455945,1.2774112903463197,0,0
6256,1.0,1.007528761792,1.2774112903463197,0,0
6257,1.0,0.9947877542,1.2774112903463197,0,0
6258,1.0,0.989325373143,1.2774112903463197,0,0
6259,1.0,1.012882935658,1.2774112903463197,0,0
6260,0.98,1.038167683695,1.2774112903463197,0,0
6261,0.98,1.122094348279,1.2774112903463197,0,0
6262,0.98,1.106734639382,1.2774112903463197,0,0
6263,0.98,1.061088401559,1.2774112903463197,0,0
6264,0.98,1.028318771786,1.2774112903463197,0,0
6265,0.98,1.018071815546,1.2774112903463197,0,0
6266,0.98,1.011373742258,1.2774112903463197,0,0
6267,0.98,1.000135858093,1.2774112903463197,0,0
6268,0.98,1.002090386233,1.2774112903463197,0,0
6269,0.98,0.997281469341,1.2774112903463197,0,0
6270,0.98,0.999689713595,1.2774112903463197,0,0
6271,0.98,1.005586141273,1.2774112903463197,0,0
6272,0.98,1.000869661789,1.2774112903463197,0,0
6273,0.98,1.000554887149,1.2774112903463197,0,0
6274,0.98,1.000918964546,1.2774112903463197,0,0
6275,0.98,0.999264423957,1.2774112903463197,0,0
6276,0.98,1.0004665977,1.2774112903463197,0,0
6277,0.98,1.000164313863,1.2774112903463197,0,0
6278,0.98,1.002199731829,1.2774112903463197,0,0
6279,0.98,0.997570061483,1.2774112903463197,0,0
6280,0.98,1.003994708955,1.2774112903463197,0,0
6281,0.98,1.010788113287,1.2774112903463197,0,0
6282,0.98,1.01504869831,1.2774112903463197,0,0
6283,0.98,1.010699518673,1.2774112903463197,0,0
6284,0.98,1.018681541317,1.2774112903463197,0,0
6285,0.98,1.017768388506,1.2774112903463197,0,0
6286,1.0,1.056165304833,1.2774112903463197,0,0
6287,1.0,1.080616945602,1.2774112903463197,0,0
6288,1.0,1.133359094312,1.2774112903463197,0,0
6289,1.0,1.090181739274,1.2774112903463197,0,0
6290,1.0,1.115008659289,1.2774112903463197,0,0
6291,1.0,1.080290266274,1.2774112903463197,0,0
6292,1.0,1.121201586329,1.2774112903463197,0,0
6293,1.0,1.103419131042,1.2774112903463197,0,0
6294,1.0,1.134992104845,1.2774112903463197,0,0
6295,1.0,1.056536260066,1.2774112903463197,0,0
6296,1.0,1.067816673484,1.2774112903463197,0,0
6297,1.0,1.043425416507,1.2774112903463197,0,0
6298,1.0,1.079661040923,1.2774112903463197,0,0
6299,1.0,1.06482684759,1.2774112903463197,0,0
6300,1.0,1.095317767241,1.2774112903463197,0,0
6301,1.0,1.053099141127,1.2774112903463197,0,0
6302,1.0,1.06460407277,1.2774112903463197,0,0
6303,1.0,1.06026704831,1.2774112903463197,0,0
6304,1.0,1.086055757384,1.2774112903463197,0,0
6305,1.0,1.070849965183,1.2774112903463197,0,0
6306,1.0,1.092619880654,1.2774112903463197,0,0
6307,1.0,1.048303574224,1.2774112903463197,0,0
6308,1.0,1.090774665624,1.2774112903463197,0,0
6309,1.0,1.05683124992,1.2774112903463197,0,0
6310,1.0,1.105817642475,1.2774112903463197,0,0
6311,1.0,1.077706381584,1.2774112903463197,0,0
6312,1.0,1.090745509344,1.2774112903463197,0,0
6313,1.0,1.052538027802,1.2774112903463197,0,0
6314,1.0,1.114957301393,1.2774112903463197,0,0
6315,1.0,1.123574127509,1.2774112903463197,0,0
6316,1.0,1.169750056568,1.2774112903463197,0,0
6317,1.0,1.081149198485,1.2774112903463197,0,0
6318,1.0,1.099904303634,1.2774112903463197,0,0
6319,1.0,1.083513874252,1.2774112903463197,0,0
6320,1.0,1.124266523253,1.2774112903463197,0,0
6321,1.0,1.103927062716,1.2774112903463197,0,0
6322,1.0,1.115068161069,1.2774112903463197,0,0
6323,1.0,1.028223700695,1.2774112903463197,0,0
6324,1.0,1.028475216893,1.2774112903463197,0,0
6325,1.0,1.012673432423,1.2774112903463197,0,0
6326,1.0,1.02856856297,1.2774112903463197,0,0
6327,1.0,1.015271759247,1.2774112903463197,0,0
6328,1.0,1.011778924644,1.2774112903463197,0,0
6329,1.0,1.002909387826,1.2774112903463197,0,0
6330,1.0,1.002594914923,1.2774112903463197,0,0
6331,1.0,1.000751721577,1.2774112903463197,0,0
6332,1.0,0.997547523705,1.2774112903463197,0,0
6333,1.0,0.997353366791,1.2774112903463197,0,0
6334,1.0,0.996738890077,1.2774112903463197,0,0
6335,1.0,1.000497642284,1.2774112903463197,0,0
6336,1.0,0.994907503171,1.2774112903463197,0,0
6337,1.0,0.99471631392,1.2774112903463197,0,0
6338,1.0,0.997942931527,1.2774112903463197,0,0
6339,1.0,0.993803752221,1.2774112903463197,0,0
6340,1.0,0.996261218554,1.2774112903463197,0,0
6341,1.0,0.993698711335,1.2774112903463197,0,0
6342,1.0,1.004235243282,1.2774112903463197,0,0
6343,1.0,1.005486752951,1.2774112903463197,0,0
6344,1.0,1.010487408892,1.2774112903463197,0,0
6345,0.98,1.055005584946,1.2774112903463197,0,0
6346,0.98,1.107304266428,1.2774112903463197,0,0
6347,0.98,1.106734639382,1.2774112903463197,0,0
6348,1.0,1.119974435814,1.2774112903463197,0,0
6349,0.98,1.011864296613,1.2774112903463197,0,0
6350,0.98,1.025468449896,1.2774112903463197,0,0
6351,0.98,1.00585458911,1.2774112903463197,0,0
6352,0.98,1.024144985572,1.2774112903463197,0,0
6353,0.98,1.025319005013,1.2774112903463197,0,0
6354,0.98,1.040283328682,1.2774112903463197,0,0
6355,0.98,1.024726966737,1.2774112903463197,0,0
6356,0.98,1.033086527186,1.2774112903463197,0,0
6357,0.98,1.0077948262,1.2774112903463197,0,0
6358,0.98,1.036283763671,1.2774112903463197,0,0
6359,0.98,1.011525226054,1.2774112903463197,0,0
6360,0.98,1.017738133683,1.2774112903463197,0,0
6361,0.98,1.022403978113,1.2774112903463197,0,0
6362,0.98,1.018254067096,1.2774112903463197,0,0
6363,0.98,1.015264312927,1.2774112903463197,0,0
6364,0.98,1.016460335771,1.2774112903463197,0,0
6365,0.98,1.00693225641,1.2774112903463197,0,0
6366,0.98,1.020312647645,1.2774112903463197,0,0
6367,0.98,1.025322131773,1.2774112903463197,0,0
6368,0.98,1.023046014127,1.2774112903463197,0,0
6369,0.98,1.030471124082,1.2774112903463197,0,0
6370,0.98,1.049501720818,1.2774112903463197,0,0
6371,1.0,1.052022816121,1.2774112903463197,0,0
6372,1.0,1.131599696658,1.2774112903463197,0,0
6373,1.0,1.165701597477,1.2774112903463197,0,0
6374,1.0,1.150112000825,1.2774112903463197,0,0
6375,1.0,1.139906746741,1.2774112903463197,0,0
6376,1.0,1.159952652138,1.2774112903463197,0,0
6377,1.0,1.173932948024,1.2774112903463197,0,0
6378,1.0,1.185737434357,1.2774112903463197,0,0
6379,1.0,1.168206311625,1.2774112903463197,0,0
6380,1.0,1.128189423398,1.2774112903463197,0,0
6381,1.0,1.111797835417,1.2774112903463197,0,0
6382,1.0,1.121764079996,1.2774112903463197,0,0
6383,1.0,1.117979531076,1.2774112903463197,0,0
6384,1.0,1.120374667992,1.2774112903463197,0,0
6385,1.0,1.099666535172,1.2774112903463197,0,0
6386,1.0,1.105402720592,1.2774112903463197,0,0
6387,1.0,1.092646522825,1.2774112903463197,0,0
6388,1.0,1.110006310468,1.2774112903463197,0,0
6389,1.0,1.093681888157,1.2774112903463197,0,0
6390,1.0,1.089266236501,1.2774112903463197,0,0
6391,1.0,1.097218918754,1.2774112903463197,0,0
6392,1.0,1.081534178443,1.2774112903463197,0,0
6393,1.0,1.077084359604,1.2774112903463197,0,0
6394,1.0,1.075717039934,1.2774112903463197,0,0
6395,1.0,1.081223871802,1.2774112903463197,0,0
6396,1.0,1.100057770521,1.2774112903463197,0,0
6397,1.0,1.100345856732,1.2774112903463197,0,0
6398,1.0,1.092984899683,1.2774112903463197,0,0
6399,1.0,1.130555790785,1.2774112903463197,0,0
6400,1.0,1.158085046669,1.2774112903463197,0,0
6401,1.0,1.176704561308,1.2774112903463197,0,0
6402,1.0,1.127885341323,1.2774112903463197,0,0
6403,1.0,1.113666446012,1.2774112903463197,0,0
6404,1.0,1.111817275645,1.2774112903463197,0,0
6405,1.0,1.10617588085,1.2774112903463197,0,0
6406,1.0,1.140788799435,1.2774112903463197,0,0
6407,1.0,1.136114847408,1.2774112903463197,0,0
6408,1.0,1.06946236377,1.2774112903463197,0,0
6409,1.0,1.07053733188,1.2774112903463197,0,0
6410,1.0,1.025748968806,1.2774112903463197,0,0
6411,1.0,1.065390415064,1.2774112903463197,0,0
6412,1.0,1.015271759247,1.2774112903463197,0,0
6413,1.0,1.011778924644,1.2774112903463197,0,0
6414,1.0,1.002909387826,1.2774112903463197,0,0
6415,1.0,1.002594914923,1.2774112903463197,0,0
6416,1.0,1.000751721577,1.2774112903463197,0,0
6417,1.0,0.997547523705,1.2774112903463197,0,0
6418,1.0,0.997353366791,1.2774112903463197,0,0
6419,1.0,0.996738890077,1.2774112903463197,0,0
6420,1.0,1.000497642284,1.2774112903463197,0,0
6421,1.0,0.994907503171,1.2774112903463197,0,0
6422,1.0,0.99471631392,1.2774112903463197,0,0
6423,1.0,0.997942931527,1.2774112903463197,0,0
6424,1.0,0.993803752221,1.2774112903463197,0,0
6425,1.0,0.996261218554,1.2774112903463197,0,0
6426,1.0,0.993698711335,1.2774112903463197,0,0
6427,0.98,1.030943011314,1.2774112903463197,0,0
6428,0.98,1.125663148403,1.2774112903463197,0,0
6429,0.98,1.14449579485,1.2774112903463197,0,0
6430,0.98,1.188002998592,1.2774112903463197,0,0
6431,0.98,1.144766200339,1.2774112903463197,0,0
6432,0.98,1.110321759012,1.2774112903463197,0,0
6433,0.98,1.052713179384,1.2774112903463197,0,0
6434,0.98,1.000135858093,1.2774112903463197,0,0
6435,0.98,1.002090386233,1.2774112903463197,0,0
6436,0.98,0.997281469341,1.2774112903463197,0,0
6437,0.98,0.999689713595,1.2774112903463197,0,0
6438,0.98,1.005586141273,1.2774112903463197,0,0
6439,0.98,1.000869661789,1.2774112903463197,0,0
6440,0.98,1.000554887149,1.2774112903463197,0,0
6441,0.98,1.000918964546,1.2774112903463197,0,0
6442,0.98,0.999264423957,1.2774112903463197,0,0
6443,0.98,1.0004665977,1.2774112903463197,0,0
6444,0.98,1.000164313863,1.2774112903463197,0,0
6445,0.98,1.002199731829,1.2774112903463197,0,0
6446,0.98,0.997570061483,1.2774112903463197,0,0
6447,0.98,1.003994708955,1.2774112903463197,0,0
6448,0.98,1.010788113287,1.2774112903463197,0,0
6449,1.0,1.049190994904,1.2774112903463197,0,0
6450,0.98,1.007007710323,1.2774112903463197,0,0
6451,0.98,1.047847384773,1.2774112903463197,0,0
6452,0.98,1.051372353804,1.2774112903463197,0,0
6453,1.0,1.095262299783,1.2774112903463197,0,0
6454,1.0,1.111280462979,1.2774112903463197,0,0
6455,1.0,1.118626982756,1.2774112903463197,0,0
6456,1.0,1.121627586886,1.2774112903463197,0,0
6457,1.0,1.132061332338,1.2774112903463197,0,0
6458,1.0,1.119319560806,1.2774112903463197,0,0
6459,1.0,1.139021207867,1.2774112903463197,0,0
6460,1.0,1.123849842802,1.2774112903463197,0,0
6461,1.0,1.148986133507,1.2774112903463197,0,0
6462,1.0,1.100874300335,1.2774112903463197,0,0
6463,1.0,1.077960594593,1.2774112903463197,0,0
6464,1.0,1.071263232182,1.2774112903463197,0,0
6465,1.0,1.076525783467,1.2774112903463197,0,0
6466,1.0,1.082435565357,1.2774112903463197,0,0
6467,1.0,1.097395878617,1.2774112903463197,0,0
6468,1.0,1.09737256848,1.2774112903463197,0,0
6469,1.0,1.086191336095,1.2774112903463197,0,0
6470,1.0,1.075266000176,1.2774112903463197,0,0
6471,1.0,1.091103384106,1.2774112903463197,0,0
6472,1.0,1.103181459972,1.2774112903463197,0,0
6473,1.0,1.089985459489,1.2774112903463197,0,0
6474,1.0,1.089805780538,1.2774112903463197,0,0
6475,1.0,1.127557154996,1.2774112903463197,0,0
6476,1.0,1.098215294971,1.2774112903463197,0,0
6477,1.0,1.154150528791,1.2774112903463197,0,0
6478,1.0,1.13644555254,1.2774112903463197,0,0
6479,1.0,1.154500103059,1.2774112903463197,0,0
6480,1.0,1.151874266188,1.2774112903463197,0,0
6481,1.0,1.145690319636,1.2774112903463197,0,0
6482,1.0,1.190744764889,1.2774112903463197,0,0
6483,1.0,1.198764423542,1.2774112903463197,0,0
6484,1.0,1.15720773956,1.2774112903463197,0,0
6485,1.0,1.162031282957,1.2774112903463197,0,0
6486,1.0,1.179399315303,1.2774112903463197,0,0
6487,1.0,1.137800013158,1.2774112903463197,0,0
6488,1.0,1.174431526388,1.2774112903463197,0,0
6489,1.0,1.100635806802,1.2774112903463197,0,0
6490,1.0,1.057335987916,1.2774112903463197,0,0
6491,1.0,1.043015411442,1.2774112903463197,0,0
6492,1.0,1.03559498573,1.2774112903463197,0,0
6493,1.0,1.039271568634,1.2774112903463197,0,0
6494,1.0,1.037118505855,1.2774112903463197,0,0
6495,1.0,1.02260868286,1.2774112903463197,0,0
6496,0.98,1.060127830149,1.2774112903463197,0,0
6497,1.0,1.044692065877,1.2774112903463197,0,0
6498,1.0,1.039595320823,1.2774112903463197,0,0
6499,1.0,1.065213610427,1.2774112903463197,0,0
6500,1.0,1.020378025542,1.2774112903463197,0,0
6501,1.0,1.053143851067,1.2774112903463197,0,0
6502,1.0,1.033671965241,1.2774112903463197,0,0
6503,1.0,1.04817960606,1.2774112903463197,0,0
6504,1.0,1.045099286459,1.2774112903463197,0,0
6505,1.0,1.078856254031,1.2774112903463197,0,0
6506,1.0,1.062112099428,1.2774112903463197,0,0
6507,1.0,1.05999560169,1.2774112903463197,0,0
6508,1.0,1.034800916115,1.2774112903463197,0,0
6509,1.0,1.074468771406,1.2774112903463197,0,0
6510,1.0,1.046914079351,1.2774112903463197,0,0
6511,1.0,1.1005336442,1.2774112903463197,0,0
6512,1.0,1.099347061694,1.2774112903463197,0,0
6513,1.0,1.039396997148,1.2774112903463197,0,0
6514,1.0,0.995335466404,1.2774112903463197,0,0
6515,0.98,1.005495174379,1.2774112903463197,0,0
6516,0.98,1.012494266814,1.2774112903463197,0,0
6517,0.98,1.055873244373,1.2774112903463197,0,0
6518,1.0,1.069318521885,1.2774112903463197,0,0
6519,0.98,1.057407343912,1.2774112903463197,0,0
6520,0.98,1.029459501177,1.2774112903463197,0,0
6521,0.98,1.042944380597,1.2774112903463197,0,0
6522,0.98,1.066140992546,1.2774112903463197,0,0
6523,0.98,1.063903648974,1.2774112903463197,0,0
6524,0.98,1.049768457433,1.2774112903463197,0,0
6525,0.98,1.042564973478,1.2774112903463197,0,0
6526,0.98,1.052713619921,1.2774112903463197,0,0
6527,0.98,1.048422351145,1.2774112903463197,0,0
6528,0.98,1.04784213578,1.2774112903463197,0,0
6529,0.98,1.013739528767,1.2774112903463197,0,0
6530,0.98,1.014156464129,1.2774112903463197,0,0
6531,0.98,1.019510062801,1.2774112903463197,0,0
6532,0.98,1.037035035456,1.2774112903463197,0,0
6533,0.98,1.033206295373,1.2774112903463197,0,0
6534,0.98,1.014576241993,1.2774112903463197,0,0
6535,0.98,1.014140273183,1.2774112903463197,0,0
6536,1.0,1.050302392381,1.2774112903463197,0,0
6537,0.98,1.079012902577,1.2774112903463197,0,0
6538,0.98,1.092883594306,1.2774112903463197,0,0
6539,1.0,1.159999803879,1.2774112903463197,0,0
6540,1.0,1.136403182903,1.2774112903463197,0,0
6541,1.0,1.209794267724,1.2774112903463197,0,0
6542,1.0,1.193423906531,1.2774112903463197,0,0
6543,1.0,1.232391889102,1.2774112903463197,0,0
6544,1.0,1.183080263666,1.2774112903463197,0,0
6545,1.0,1.196629984071,1.2774112903463197,0,0
6546,1.0,1.178092167882,1.2774112903463197,0,0
6547,1.0,1.230496995516,1.2774112903463197,0,0
6548,1.0,1.179665867446,1.2774112903463197,0,0
6549,1.0,1.204225432811,1.2774112903463197,0,0
6550,1.0,1.198459685441,1.2774112903463197,0,0
6551,1.0,1.195182366258,1.2774112903463197,0,0
6552,1.0,1.18053811125,1.2774112903463197,0,0
6553,1.0,1.197394474133,1.2774112903463197,0,0
6554,1.0,1.184981054258,1.2774112903463197,0,0
6555,1.0,1.150389314163,1.2774112903463197,0,0
6556,1.0,1.178494071429,1.2774112903463197,0,0
6557,1.0,1.179339373064,1.2774112903463197,0,0
6558,1.0,1.164188989819,1.2774112903463197,0,0
6559,1.0,1.191585538429,1.2774112903463197,0,0
6560,1.0,1.100579295267,1.2774112903463197,0,0
6561,1.0,1.119002522763,1.2774112903463197,0,0
6562,1.0,1.089610741151,1.2774112903463197,0,0
6563,1.0,1.185766961861,1.2774112903463197,0,0
6564,1.0,1.117892087624,1.2774112903463197,0,0
6565,1.0,1.191512374397,1.2774112903463197,0,0
6566,1.0,1.121907493971,1.2774112903463197,0,0
6567,1.0,1.199298886107,1.2774112903463197,0,0
6568,1.0,1.14664213891,1.2774112903463197,0,0
6569,1.0,1.207425067952,1.2774112903463197,0,0
6570,1.0,1.173399250451,1.2774112903463197,0,0
6571,1.0,1.198444505384,1.2774112903463197,0,0
6572,1.0,1.174956462424,1.2774112903463197,0,0
6573,1.0,1.207170692666,1.2774112903463197,0,0
6574,1.0,1.153086797976,1.2774112903463197,0,0
6575,1.0,1.191760743156,1.2774112903463197,0,0
6576,1.0,1.098531109492,1.2774112903463197,0,0
6577,1.0,1.109925487167,1.2774112903463197,0,0
6578,1.0,1.046789915162,1.2774112903463197,0,0
6579,1.0,1.077856858522,1.2774112903463197,0,0
6580,1.0,1.042737465928,1.2774112903463197,0,0
6581,1.0,1.056709277563,1.2774112903463197,0,0
6582,1.0,0.999751474049,1.2774112903463197,0,0
6583,1.0,1.00285815045,1.2774112903463197,0,0
6584,1.0,1.000466333065,1.2774112903463197,0,0
6585,1.0,0.99495122089,1.2774112903463197,0,0
6586,1.0,0.997483941003,1.2774112903463197,0,0
6587,1.0,0.999212508472,1.2774112903463197,0,0
6588,1.0,1.000822788922,1.2774112903463197,0,0
6589,1.0,1.005690339761,1.2774112903463197,0,0
6590,1.0,0.999435071367,1.2774112903463197,0,0
6591,1.0,0.997193400656,1.2774112903463197,0,0
6592,1.0,0.99896916175,1.2774112903463197,0,0
6593,1.0,1.001951455945,1.2774112903463197,0,0
6594,1.0,1.007528761792,1.2774112903463197,0,0
6595,1.0,0.9947877542,1.2774112903463197,0,0
6596,1.0,0.989325373143,1.2774112903463197,0,0
6597,1.0,1.012882935658,1.2774112903463197,0,0
6598,0.98,1.038167683695,1.2774112903463197,0,0
6599,0.98,1.122094348279,1.2774112903463197,0,0
6600,0.98,1.106734639382,1.2774112903463197,0,0
6601,0.98,1.061088401559,1.2774112903463197,0,0
6602,0.98,1.028318771786,1.2774112903463197,0,0
6603,0.98,1.018071815546,1.2774112903463197,0,0
6604,0.98,1.011373742258,1.2774112903463197,0,0
6605,0.98,1.000135858093,1.2774112903463197,0,0
6606,0.98,1.002090386233,1.2774112903463197,0,0
6607,0.98,0.997281469341,1.2774112903463197,0,0
6608,0.98,0.999689713595,1.2774112903463197,0,0
6609,0.98,1.005586141273,1.2774112903463197,0,0
6610,0.98,1.000869661789,1.2774112903463197,0,0
6611,0.98,1.000554887149,1.2774112903463197,0,0
6612,0.98,1.000918964546,1.2774112903463197,0,0
6613,0.98,0.999264423957,1.2774112903463197,0,0
6614,0.98,1.0004665977,1.2774112903463197,0,0
6615,0.98,1.000164313863,1.2774112903463197,0,0
6616,0.98,1.002199731829,1.2774112903463197,0,0
6617,0.98,0.997570061483,1.2774112903463197,0,0
6618,0.98,1.003994708955,1.2774112903463197,0,0
6619,0.98,1.010788113287,1.2774112903463197,0,0
6620,0.98,1.01504869831,1.2774112903463197,0,0
6621,0.98,1.010699518673,1.2774112903463197,0,0
6622,1.0,1.04544635325,1.2774112903463197,0,0
6623,1.0,1.072132860108,1.2774112903463197,0,0
6624,1.0,1.092731105828,1.2774112903463197,0,0
6625,1.0,1.079432271202,1.2774112903463197,0,0
6626,1.0,1.108457849904,1.2774112903463197,0,0
6627,1.0,1.084435911548,1.2774112903463197,0,0
6628,1.0,1.098163748692,1.2774112903463197,0,0
6629,1.0,1.061279522718,1.2774112903463197,0,0
6630,1.0,1.092641277375,1.2774112903463197,0,0
6631,1.0,1.071653134102,1.2774112903463197,0,0
6632,1.0,1.098244029511,1.2774112903463197,0,0
6633,1.0,1.082096117929,1.2774112903463197,0,0
6634,1.0,1.090237952715,1.2774112903463197,0,0
6635,1.0,1.073080934018,1.2774112903463197,0,0
6636,1.0,1.082579232601,1.2774112903463197,0,0
6637,1.0,1.05554723201,1.2774112903463197,0,0
6638,1.0,1.074578972085,1.2774112903463197,0,0
6639,1.0,1.053343992992,1.2774112903463197,0,0
6640,1.0,1.069947581672,1.2774112903463197,0,0
6641,1.0,1.061713976041,1.2774112903463197,0,0
6642,1.0,1.056487455249,1.2774112903463197,0,0
6643,1.0,1.0545804924,1.2774112903463197,0,0
6644,1.0,1.055868690422,1.2774112903463197,0,0
6645,1.0,1.039796887376,1.2774112903463197,0,0
6646,1.0,1.079555169288,1.2774112903463197,0,0
6647,1.0,1.067413142796,1.2774112903463197,0,0
6648,1.0,1.073989941037,1.2774112903463197,0,0
6649,1.0,1.079004811994,1.2774112903463197,0,0
6650,1.0,1.111853866053,1.2774112903463197,0,0
6651,1.0,1.076464258402,1.2774112903463197,0,0
6652,1.0,1.137093377089,1.2774112903463197,0,0
6653,1.0,1.109346822174,1.2774112903463197,0,0
6654,1.0,1.114352789019,1.2774112903463197,0,0
6655,1.0,1.071394631029,1.2774112903463197,0,0
6656,1.0,1.111245067559,1.2774112903463197,0,0
6657,1.0,1.09923382532,1.2774112903463197,0,0
6658,1.0,1.122543216613,1.2774112903463197,0,0
6659,1.0,1.07228306933,1.2774112903463197,0,0
6660,1.0,1.050937618142,1.2774112903463197,0,0
6661,1.0,1.012673432423,1.2774112903463197,0,0
6662,1.0,1.02856856297,1.2774112903463197,0,0
6663,1.0,1.015271759247,1.2774112903463197,0,0
6664,1.0,1.011778924644,1.2774112903463197,0,0
6665,1.0,1.002909387826,1.2774112903463197,0,0
6666,1.0,1.002594914923,1.2774112903463197,0,0
6667,1.0,1.000751721577,1.2774112903463197,0,0
6668,1.0,0.997547523705,1.2774112903463197,0,0
6669,1.0,0.997353366791,1.2774112903463197,0,0
6670,1.0,0.996738890077,1.2774112903463197,0,0
6671,1.0,1.000497642284,1.2774112903463197,0,0
6672,1.0,0.994907503171,1.2774112903463197,0,0
6673,1.0,0.99471631392,1.2774112903463197,0,0
6674,1.0,0.997942931527,1.2774112903463197,0,0
6675,1.0,0.993803752221,1.2774112903463197,0,0
6676,1.0,0.996261218554,1.2774112903463197,0,0
6677,1.0,0.993698711335,1.2774112903463197,0,0
6678,1.0,1.004235243282,1.2774112903463197,0,0
6679,1.0,1.005486752951,1.2774112903463197,0,0
6680,1.0,1.010487408892,1.2774112903463197,0,0
6681,1.0,1.014605058368,1.2774112903463197,0,0
6682,1.0,0.99022894392,1.2774112903463197,0,0
6683,1.0,0.987442304198,1.2774112903463197,0,0
6684,1.0,0.983218631057,1.2774112903463197,0,0
6685,0.98,0.991272636416,1.2774112903463197,0,0
6686,0.98,1.003988102963,1.2774112903463197,0,0
6687,0.98,0.996725175283,1.2774112903463197,0,0
6688,0.98,1.029884239057,1.2774112903463197,0,0
6689,0.98,1.028318771786,1.2774112903463197,0,0
6690,0.98,1.018071815546,1.2774112903463197,0,0
6691,0.98,1.011373742258,1.2774112903463197,0,0
6692,0.98,1.000135858093,1.2774112903463197,0,0
6693,0.98,1.002090386233,1.2774112903463197,0,0
6694,0.98,0.997281469341,1.2774112903463197,0,0
6695,0.98,0.999689713595,1.2774112903463197,0,0
6696,0.98,1.005586141273,1.2774112903463197,0,0
6697,0.98,1.000869661789,1.2774112903463197,0,0
6698,0.98,1.000554887149,1.2774112903463197,0,0
6699,0.98,1.000918964546,1.2774112903463197,0,0
6700,0.98,0.999264423957,1.2774112903463197,0,0
6701,0.98,1.0004665977,1.2774112903463197,0,0
6702,0.98,1.000164313863,1.2774112903463197,0,0
6703,0.98,1.002199731829,1.2774112903463197,0,0
6704,0.98,0.997570061483,1.2774112903463197,0,0
6705,0.98,1.003994708955,1.2774112903463197,0,0
6706,0.98,1.010788113287,1.2774112903463197,0,0
6707,0.98,1.01504869831,1.2774112903463197,0,0
6708,0.98,1.010699518673,1.2774112903463197,0,0
6709,0.98,1.018681541317,1.2774112903463197,0,0
6710,0.98,1.017768388506,1.2774112903463197,0,0
6711,0.98,1.025343076209,1.2774112903463197,0,0
6712,0.98,1.041489471457,1.2774112903463197,0,0
6713,1.0,1.05219074828,1.2774112903463197,0,0
6714,1.0,1.070877759568,1.2774112903463197,0,0
6715,1.0,1.092405824429,1.2774112903463197,0,0
6716,1.0,1.099544391773,1.2774112903463197,0,0
6717,1.0,1.109566089731,1.2774112903463197,0,0
6718,1.0,1.091192930292,1.2774112903463197,0,0
6719,1.0,1.145863704369,1.2774112903463197,0,0
6720,1.0,1.114498085625,1.2774112903463197,0,0
6721,1.0,1.083079796049,1.2774112903463197,0,0
6722,1.0,1.063698839499,1.2774112903463197,0,0
6723,1.0,1.065740055971,1.2774112903463197,0,0
6724,1.0,1.110041126901,1.2774112903463197,0,0
6725,1.0,1.125834682732,1.2774112903463197,0,0
6726,1.0,1.098021630823,1.2774112903463197,0,0
6727,1.0,1.083224063727,1.2774112903463197,0,0
6728,1.0,1.082807887148,1.2774112903463197,0,0
6729,1.0,1.091596186391,1.2774112903463197,0,0
6730,1.0,1.102819199712,1.2774112903463197,0,0
6731,1.0,1.109944867568,1.2774112903463197,0,0
6732,1.0,1.074173967355,1.2774112903463197,0,0
6733,1.0,1.083811539547,1.2774112903463197,0,0
6734,1.0,1.082288630085,1.2774112903463197,0,0
6735,1.0,1.105037709216,1.2774112903463197,0,0
6736,1.0,1.088534626004,1.2774112903463197,0,0
6737,1.0,1.084553581141,1.2774112903463197,0,0
6738,1.0,1.085139932281,1.2774112903463197,0,0
6739,1.0,1.04833030969,1.2774112903463197,0,0
6740,1.0,1.070298802434,1.2774112903463197,0,0
6741,1.0,1.137684126201,1.2774112903463197,0,0
6742,1.0,1.106185499256,1.2774112903463197,0,0
6743,1.0,1.157037986997,1.2774112903463197,0,0
6744,1.0,1.11028534265,1.2774112903463197,0,0
6745,1.0,1.062548949874,1.2774112903463197,0,0
6746,1.0,1.064464776698,1.2774112903463197,0,0
6747,1.0,1.074579691375,1.2774112903463197,0,0
6748,1.0,1.082276932765,1.2774112903463197,0,0
6749,1.0,1.070029304987,1.2774112903463197,0,0
6750,1.0,1.028223700695,1.2774112903463197,0,0
6751,1.0,1.028475216893,1.2774112903463197,0,0
6752,1.0,1.012673432423,1.2774112903463197,0,0
6753,1.0,1.02856856297,1.2774112903463197,0,0
6754,1.0,1.015271759247,1.2774112903463197,0,0
6755,1.0,1.011778924644,1.2774112903463197,0,0
6756,1.0,1.002909387826,1.2774112903463197,0,0
6757,1.0,1.002594914923,1.2774112903463197,0,0
6758,1.0,1.000751721577,1.2774112903463197,0,0
6759,1.0,0.997547523705,1.2774112903463197,0,0
6760,1.0,0.997353366791,1.2774112903463197,0,0
6761,1.0,0.996738890077,1.2774112903463197,0,0
6762,1.0,1.000497642284,1.2774112903463197,0,0
6763,1.0,0.994907503171,1.2774112903463197,0,0
6764,1.0,0.99471631392,1.2774112903463197,0,0
6765,1.0,0.997942931527,1.2774112903463197,0,0
6766,1.0,0.993803752221,1.2774112903463197,0,0
6767,1.0,0.996261218554,1.2774112903463197,0,0
6768,1.0,0.993698711335,1.2774112903463197,0,0
6769,1.0,1.004235243282,1.2774112903463197,0,0
6770,1.0,1.005486752951,1.2774112903463197,0,0
6771,1.0,1.010487408892,1.2774112903463197,0,0
6772,1.0,1.014605058368,1.2774112903463197,0,0
6773,1.0,0.99022894392,1.2774112903463197,0,0
6774,1.0,0.987442304198,1.2774112903463197,0,0
6775,1.0,0.983218631057,1.2774112903463197,0,0
6776,1.0,0.989908062803,1.2774112903463197,0,0
6777,1.0,0.989908062803,1.2774112903463197,0,0
6778,1.0,0.989908062803,1.2774112903463197,0,0
6779,1.0,0.989908062803,1.2774112903463197,0,0
6780,1.0,0.989908062803,1.2774112903463197,0,0
6781,1.0,0.989908062803,1.2774112903463197,0,0
6782,0.98,0.991272636416,1.2774112903463197,0,0
6783,0.98,1.003988102963,1.2774112903463197,0,0
6784,0.98,0.996725175283,1.2774112903463197,0,0
6785,1.0,1.031353332322,1.2774112903463197,0,0
6786,0.98,1.011864296613,1.2774112903463197,0,0
6787,0.98,1.025468449896,1.2774112903463197,0,0
6788,0.98,1.00585458911,1.2774112903463197,0,0
6789,0.98,1.024144985572,1.2774112903463197,0,0
6790,0.98,1.025319005013,1.2774112903463197,0,0
6791,0.98,1.040283328682,1.2774112903463197,0,0
6792,0.98,1.024726966737,1.2774112903463197,0,0
6793,0.98,1.033086527186,1.2774112903463197,0,0
6794,0.98,1.0077948262,1.2774112903463197,0,0
6795,0.98,1.036283763671,1.2774112903463197,0,0
6796,0.98,1.011525226054,1.2774112903463197,0,0
6797,0.98,1.017738133683,1.2774112903463197,0,0
6798,0.98,1.022403978113,1.2774112903463197,0,0
6799,0.98,1.018254067096,1.2774112903463197,0,0
6800,0.98,1.015264312927,1.2774112903463197,0,0
6801,0.98,1.016460335771,1.2774112903463197,0,0
6802,0.98,1.00693225641,1.2774112903463197,0,0
6803,0.98,1.020312647645,1.2774112903463197,0,0
6804,1.0,1.080816596684,1.2774112903463197,0,0
6805,0.98,1.028806233354,1.2774112903463197,0,0
6806,0.98,1.051639199525,1.2774112903463197,0,0
6807,0.98,1.078538646608,1.2774112903463197,0,0
6808,1.0,1.098410497248,1.2774112903463197,0,0
6809,1.0,1.182325172567,1.2774112903463197,0,0
6810,1.0,1.158939057062,1.2774112903463197,0,0
6811,1.0,1.168819162819,1.2774112903463197,0,0
6812,1.0,1.16641898134,1.2774112903463197,0,0
6813,1.0,1.177736184317,1.2774112903463197,0,0
6814,1.0,1.186576804754,1.2774112903463197,0,0
6815,1.0,1.188554325768,1.2774112903463197,0,0
6816,1.0,1.17609944153,1.2774112903463197,0,0
6817,1.0,1.14558972707,1.2774112903463197,0,0
6818,1.0,1.118216693428,1.2774112903463197,0,0
6819,1.0,1.142676490617,1.2774112903463197,0,0
6820,1.0,1.133255636228,1.2774112903463197,0,0
6821,1.0,1.13533864764,1.2774112903463197,0,0
6822,1.0,1.103172970632,1.2774112903463197,0,0
6823,1.0,1.132147137292,1.2774112903463197,0,0
6824,1.0,1.11431477383,1.2774112903463197,0,0
6825,1.0,1.127856971727,1.2774112903463197,0,0
6826,1.0,1.109191396173,1.2774112903463197,0,0
6827,1.0,1.126679687894,1.2774112903463197,0,0
6828,1.0,1.106363157623,1.2774112903463197,0,0
6829,1.0,1.100301857883,1.2774112903463197,0,0
6830,1.0,1.117850904169,1.2774112903463197,0,0
6831,1.0,1.13330132033,1.2774112903463197,0,0
6832,1.0,1.12450483588,1.2774112903463197,0,0
6833,1.0,1.161802910597,1.2774112903463197,0,0
6834,1.0,1.143779800632,1.2774112903463197,0,0
6835,1.0,1.190630416245,1.2774112903463197,0,0
6836,1.0,1.145359679267,1.2774112903463197,0,0
6837,1.0,1.22444014988,1.2774112903463197,0,0
6838,1.0,1.203807570614,1.2774112903463197,0,0
6839,1.0,1.200196330528,1.2774112903463197,0,0
6840,1.0,1.173525552997,1.2774112903463197,0,0
6841,1.0,1.178124918448,1.2774112903463197,0,0
6842,1.0,1.134178208844,1.2774112903463197,0,0
6843,1.0,1.218052391781,1.2774112903463197,0,0
6844,1.0,1.158759459002,1.2774112903463197,0,0
6845,1.0,1.110637952843,1.2774112903463197,0,0
6846,1.0,1.076208145787,1.2774112903463197,0,0
6847,1.0,1.05156185079,1.2774112903463197,0,0
6848,1.0,1.104490137784,1.2774112903463197,0,0
6849,1.0,1.037118505855,1.2774112903463197,0,0
6850,1.0,1.02260868286,1.2774112903463197,0,0
6851,1.0,1.015760965398,1.2774112903463197,0,0
6852,1.0,1.01664387358,1.2774112903463197,0,0
6853,1.0,1.009793270698,1.2774112903463197,0,0
6854,1.0,1.019412236169,1.2774112903463197,0,0
6855,1.0,1.007908116614,1.2774112903463197,0,0
6856,1.0,1.031307499866,1.2774112903463197,0,0
6857,1.0,1.011145546661,1.2774112903463197,0,0
6858,1.0,1.020090544484,1.2774112903463197,0,0
6859,1.0,1.009782628406,1.2774112903463197,0,0
6860,1.0,1.026224603454,1.2774112903463197,0,0
6861,1.0,1.036754561004,1.2774112903463197,0,0
6862,1.0,1.022975785747,1.2774112903463197,0,0
6863,1.0,1.002306823616,1.2774112903463197,0,0
6864,1.0,1.013911001965,1.2774112903463197,0,0
6865,1.0,1.021470323747,1.2774112903463197,0,0
6866,1.0,1.030948223469,1.2774112903463197,0,0
6867,1.0,1.034163675146,1.2774112903463197,0,0
6868,0.98,1.052200041272,1.2774112903463197,0,0
6869,0.98,1.088113844714,1.2774112903463197,0,0
6870,1.0,1.076319143693,1.2774112903463197,0,0
6871,0.98,1.001767232655,1.2774112903463197,0,0
6872,0.98,1.010081568874,1.2774112903463197,0,0
6873,0.98,0.996604169177,1.2774112903463197,0,0
6874,0.98,1.012636855094,1.2774112903463197,0,0
6875,0.98,1.015818055748,1.2774112903463197,0,0
6876,0.98,1.002953812814,1.2774112903463197,0,0
6877,0.98,1.006324250882,1.2774112903463197,0,0
6878,0.98,0.998876183764,1.2774112903463197,0,0
6879,0.98,1.00419367329,1.2774112903463197,0,0
6880,0.98,1.012014572713,1.2774112903463197,0,0
6881,0.98,1.002663179133,1.2774112903463197,0,0
6882,0.98,1.000819242484,1.2774112903463197,0,0
6883,0.98,1.001892945862,1.2774112903463197,0,0
6884,0.98,1.004881792614,1.2774112903463197,0,0
6885,0.98,0.999051321734,1.2774112903463197,0,0
6886,0.98,1.004343716876,1.2774112903463197,0,0
6887,0.98,0.998501427433,1.2774112903463197,0,0
6888,0.98,1.000343571215,1.2774112903463197,0,0
6889,0.98,1.012173405508,1.2774112903463197,0,0
6890,1.0,1.055596408791,1.2774112903463197,0,0
6891,1.0,1.073571831125,1.2774112903463197,0,0
6892,1.0,1.074097007568,1.2774112903463197,0,0
6893,1.0,1.113616492,1.2774112903463197,0,0
6894,1.0,1.078015889724,1.2774112903463197,0,0
6895,1.0,1.07676362371,1.2774112903463197,0,0
6896,1.0,1.093336750265,1.2774112903463197,0,0
6897,1.0,1.134334476309,1.2774112903463197,0,0
6898,1.0,1.131170365275,1.2774112903463197,0,0
6899,1.0,1.140569503336,1.2774112903463197,0,0
6900,1.0,1.09923027831,1.2774112903463197,0,0
6901,1.0,1.130634712714,1.2774112903463197,0,0
6902,1.0,1.106386919593,1.2774112903463197,0,0
6903,1.0,1.142894021171,1.2774112903463197,0,0
6904,1.0,1.108767419311,1.2774112903463197,0,0
6905,1.0,1.123977640396,1.2774112903463197,0,0
6906,1.0,1.110668605421,1.2774112903463197,0,0
6907,1.0,1.139082400975,1.2774112903463197,0,0
6908,1.0,1.104365378662,1.2774112903463197,0,0
6909,1.0,1.093302246016,1.2774112903463197,0,0
6910,1.0,1.07358065043,1.2774112903463197,0,0
6911,1.0,1.08739616941,1.2774112903463197,0,0
6912,1.0,1.071150290636,1.2774112903463197,0,0
6913,1.0,1.067966559943,1.2774112903463197,0,0
6914,1.0,1.057315297669,1.2774112903463197,0,0
6915,1.0,1.091064485416,1.2774112903463197,0,0
6916,1.0,1.104643524066,1.2774112903463197,0,0
6917,1.0,1.148536120964,1.2774112903463197,0,0
6918,1.0,1.086092917604,1.2774112903463197,0,0
6919,1.0,1.097287212899,1.2774112903463197,0,0
6920,1.0,1.121388284175,1.2774112903463197,0,0
6921,1.0,1.105961423244,1.2774112903463197,0,0
6922,1.0,1.101127473478,1.2774112903463197,0,0
6923,1.0,1.119611087503,1.2774112903463197,0,0
6924,1.0,1.131622954057,1.2774112903463197,0,0
6925,1.0,1.144076332229,1.2774112903463197,0,0
6926,1.0,1.095591024564,1.2774112903463197,0,0
6927,1.0,1.104228275096,1.2774112903463197,0,0
6928,1.0,1.078781753782,1.2774112903463197,0,0
6929,1.0,1.088602112091,1.2774112903463197,0,0
6930,1.0,1.108685628063,1.2774112903463197,0,0
6931,1.0,1.044951250361,1.2774112903463197,0,0
6932,1.0,1.029073838972,1.2774112903463197,0,0
6933,1.0,1.038804543013,1.2774112903463197,0,0
6934,1.0,1.002594914923,1.2774112903463197,0,0
6935,1.0,1.000751721577,1.2774112903463197,0,0
6936,1.0,0.997547523705,1.2774112903463197,0,0
6937,1.0,0.997353366791,1.2774112903463197,0,0
6938,1.0,0.996738890077,1.2774112903463197,0,0
6939,1.0,1.000497642284,1.2774112903463197,0,0
6940,1.0,0.994907503171,1.2774112903463197,0,0
6941,1.0,0.99471631392,1.2774112903463197,0,0
6942,1.0,0.997942931527,1.2774112903463197,0,0
6943,1.0,0.993803752221,1.2774112903463197,0,0
6944,1.0,0.996261218554,1.2774112903463197,0,0
6945,1.0,0.993698711335,1.2774112903463197,0,0
6946,1.0,1.004235243282,1.2774112903463197,0,0
6947,1.0,1.005486752951,1.2774112903463197,0,0
6948,1.0,1.010487408892,1.2774112903463197,0,0
6949,1.0,1.014605058368,1.2774112903463197,0,0
6950,1.0,0.99022894392,1.2774112903463197,0,0
6951,0.98,1.026238103143,1.2774112903463197,0,0
6952,0.98,1.039052228204,1.2774112903463197,0,0
6953,0.98,0.996725175283,1.2774112903463197,0,0
6954,1.0,1.031353332322,1.2774112903463197,0,0
6955,0.98,1.011864296613,1.2774112903463197,0,0
6956,0.98,1.025468449896,1.2774112903463197,0,0
6957,0.98,1.00585458911,1.2774112903463197,0,0
6958,0.98,1.024144985572,1.2774112903463197,0,0
6959,0.98,1.025319005013,1.2774112903463197,0,0
6960,0.98,1.040283328682,1.2774112903463197,0,0
6961,0.98,1.024726966737,1.2774112903463197,0,0
6962,0.98,1.033086527186,1.2774112903463197,0,0
6963,0.98,1.0077948262,1.2774112903463197,0,0
6964,0.98,1.036283763671,1.2774112903463197,0,0
6965,0.98,1.011525226054,1.2774112903463197,0,0
6966,0.98,1.017738133683,1.2774112903463197,0,0
6967,0.98,1.022403978113,1.2774112903463197,0,0
6968,0.98,1.018254067096,1.2774112903463197,0,0
6969,0.98,1.015264312927,1.2774112903463197,0,0
6970,0.98,1.016460335771,1.2774112903463197,0,0
6971,0.98,1.00693225641,1.2774112903463197,0,0
6972,0.98,1.020312647645,1.2774112903463197,0,0
6973,0.98,1.025322131773,1.2774112903463197,0,0
6974,0.98,1.023046014127,1.2774112903463197,0,0
6975,1.0,1.063571191405,1.2774112903463197,0,0
6976,1.0,1.110756810138,1.2774112903463197,0,0
6977,1.0,1.12922770659,1.2774112903463197,0,0
6978,1.0,1.120716481675,1.2774112903463197,0,0
6979,1.0,1.156587705369,1.2774112903463197,0,0
6980,1.0,1.135197092514,1.2774112903463197,0,0
6981,1.0,1.152566318589,1.2774112903463197,0,0
6982,1.0,1.154322898936,1.2774112903463197,0,0
6983,1.0,1.166954973286,1.2774112903463197,0,0
6984,1.0,1.144539490387,1.2774112903463197,0,0
6985,1.0,1.157471807362,1.2774112903463197,0,0
6986,1.0,1.149611160971,1.2774112903463197,0,0
6987,1.0,1.112104805959,1.2774112903463197,0,0
6988,1.0,1.145169823803,1.2774112903463197,0,0
6989,1.0,1.152959905992,1.2774112903463197,0,0
6990,1.0,1.148842222879,1.2774112903463197,0,0
6991,1.0,1.092701077239,1.2774112903463197,0,0
6992,1.0,1.102859078724,1.2774112903463197,0,0
6993,1.0,1.079506398292,1.2774112903463197,0,0
6994,1.0,1.089215857235,1.2774112903463197,0,0
6995,1.0,1.073726247921,1.2774112903463197,0,0
6996,1.0,1.077541048888,1.2774112903463197,0,0
6997,1.0,1.077237522625,1.2774112903463197,0,0
6998,1.0,1.057792791737,1.2774112903463197,0,0
6999,1.0,1.0803799338,1.2774112903463197,0,0
7000,1.0,1.077527272451,1.2774112903463197,0,0
7001,1.0,1.091996665621,1.2774112903463197,0,0
7002,1.0,1.080412190611,1.2774112903463197,0,0
7003,1.0,1.122219595109,1.2774112903463197,0,0
7004,1.0,1.105243842852,1.2774112903463197,0,0
7005,1.0,1.140178831923,1.2774112903463197,0,0
7006,1.0,1.125351825429,1.2774112903463197,0,0
7007,1.0,1.137616504353,1.2774112903463197,0,0
7008,1.0,1.118636171632,1.2774112903463197,0,0
7009,1.0,1.167912059844,1.2774112903463197,0,0
7010,1.0,1.127559849889,1.2774112903463197,0,0
7011,1.0,1.115741928051,1.2774112903463197,0,0
7012,1.0,1.08549298396,1.2774112903463197,0,0
7013,1.0,1.094491562958,1.2774112903463197,0,0
7014,1.0,1.044263471626,1.2774112903463197,0,0
7015,1.0,1.07556148731,1.2774112903463197,0,0
7016,1.0,1.054158841393,1.2774112903463197,0,0
7017,1.0,1.062043587202,1.2774112903463197,0,0
7018,1.0,1.002909387826,1.2774112903463197,0,0
7019,1.0,1.002594914923,1.2774112903463197,0,0
7020,1.0,1.000751721577,1.2774112903463197,0,0
7021,1.0,0.997547523705,1.2774112903463197,0,0
7022,1.0,0.997353366791,1.2774112903463197,0,0
7023,1.0,0.996738890077,1.2774112903463197,0,0
7024,1.0,1.000497642284,1.2774112903463197,0,0
7025,1.0,0.994907503171,1.2774112903463197,0,0
7026,1.0,0.99471631392,1.2774112903463197,0,0
7027,1.0,0.997942931527,1.2774112903463197,0,0
7028,1.0,0.993803752221,1.2774112903463197,0,0
7029,1.0,0.996261218554,1.2774112903463197,0,0
7030,1.0,0.993698711335,1.2774112903463197,0,0
7031,1.0,1.004235243282,1.2774112903463197,0,0
7032,1.0,1.005486752951,1.2774112903463197,0,0
7033,1.0,1.010487408892,1.2774112903463197,0,0
7034,1.0,1.014605058368,1.2774112903463197,0,0
7035,1.0,0.99022894392,1.2774112903463197,0,0
7036,1.0,0.987442304198,1.2774112903463197,0,0
7037,1.0,0.983218631057,1.2774112903463197,0,0
7038,1.0,0.989908062803,1.2774112903463197,0,0
7039,0.98,0.991272636416,1.2774112903463197,0,0
7040,0.98,1.003988102963,1.2774112903463197,0,0
7041,1.0,0.998890345754,1.2774112903463197,0,0
7042,0.98,1.001767232655,1.2774112903463197,0,0
7043,0.98,1.010081568874,1.2774112903463197,0,0
7044,0.98,0.996604169177,1.2774112903463197,0,0
7045,0.98,1.012636855094,1.2774112903463197,0,0
7046,0.98,1.015818055748,1.2774112903463197,0,0
7047,0.98,1.002953812814,1.2774112903463197,0,0
7048,0.98,1.006324250882,1.2774112903463197,0,0
7049,0.98,0.998876183764,1.2774112903463197,0,0
7050,0.98,1.00419367329,1.2774112903463197,0,0
7051,0.98,1.012014572713,1.2774112903463197,0,0
7052,0.98,1.002663179133,1.2774112903463197,0,0
7053,0.98,1.000819242484,1.2774112903463197,0,0
7054,0.98,1.001892945862,1.2774112903463197,0,0
7055,0.98,1.004881792614,1.2774112903463197,0,0
7056,0.98,0.999051321734,1.2774112903463197,0,0
7057,1.0,1.026360881064,1.2774112903463197,0,0
7058,0.98,1.02453237099,1.2774112903463197,0,0
7059,0.98,1.004404352528,1.2774112903463197,0,0
7060,0.98,1.038245698645,1.2774112903463197,0,0
7061,1.0,1.072456228237,1.2774112903463197,0,0
7062,1.0,1.09059177506,1.2774112903463197,0,0
7063,1.0,1.087766279439,1.2774112903463197,0,0
7064,1.0,1.124483826586,1.2774112903463197,0,0
7065,1.0,1.090898308131,1.2774112903463197,0,0
7066,1.0,1.138270330205,1.2774112903463197,0,0
7067,1.0,1.106431489632,1.2774112903463197,0,0
7068,1.0,1.159629002644,1.2774112903463197,0,0
7069,1.0,1.155300356726,1.2774112903463197,0,0
7070,1.0,1.148765325347,1.2774112903463197,0,0
7071,1.0,1.129284470988,1.2774112903463197,0,0
7072,1.0,1.134915586396,1.2774112903463197,0,0
7073,1.0,1.123045159883,1.2774112903463197,0,0
7074,1.0,1.17018084895,1.2774112903463197,0,0
7075,1.0,1.119567898037,1.2774112903463197,0,0
7076,1.0,1.138718396788,1.2774112903463197,0,0
7077,1.0,1.126446386445,1.2774112903463197,0,0
7078,1.0,1.144936530982,1.2774112903463197,0,0
7079,1.0,1.120504967165,1.2774112903463197,0,0
7080,1.0,1.152303733502,1.2774112903463197,0,0
7081,1.0,1.11620763567,1.2774112903463197,0,0
7082,1.0,1.149283971602,1.2774112903463197,0,0
7083,1.0,1.122859145862,1.2774112903463197,0,0
7084,1.0,1.170719497425,1.2774112903463197,0,0
7085,1.0,1.132792976153,1.2774112903463197,0,0
7086,1.0,1.189306695637,1.2774112903463197,0,0
7087,1.0,1.145146268414,1.2774112903463197,0,0
7088,1.0,1.187063335336,1.2774112903463197,0,0
7089,1.0,1.132945891816,1.2774112903463197,0,0
7090,1.0,1.172955389532,1.2774112903463197,0,0
7091,1.0,1.14534061673,1.2774112903463197,0,0
7092,1.0,1.186215579748,1.2774112903463197,0,0
7093,1.0,1.143573943743,1.2774112903463197,0,0
7094,1.0,1.173027047665,1.2774112903463197,0,0
7095,1.0,1.150462814189,1.2774112903463197,0,0
7096,1.0,1.169695497964,1.2774112903463197,0,0
7097,1.0,1.10485971081,1.2774112903463197,0,0
7098,1.0,1.137316401153,1.2774112903463197,0,0
7099,1.0,1.100749713007,1.2774112903463197,0,0
7100,1.0,1.131327299358,1.2774112903463197,0,0
7101,1.0,1.131261339871,1.2774112903463197,0,0
7102,1.0,1.070211975662,1.2774112903463197,0,0
7103,1.0,1.063951534453,1.2774112903463197,0,0
7104,1.0,1.073627018541,1.2774112903463197,0,0
7105,1.0,1.01664387358,1.2774112903463197,0,0
7106,1.0,1.009793270698,1.2774112903463197,0,0
7107,1.0,1.019412236169,1.2774112903463197,0,0
7108,1.0,1.007908116614,1.2774112903463197,0,0
7109,1.0,1.031307499866,1.2774112903463197,0,0
7110,1.0,1.011145546661,1.2774112903463197,0,0
7111,1.0,1.020090544484,1.2774112903463197,0,0
7112,1.0,1.009782628406,1.2774112903463197,0,0
7113,1.0,1.026224603454,1.2774112903463197,0,0
7114,1.0,1.036754561004,1.2774112903463197,0,0
7115,1.0,1.022975785747,1.2774112903463197,0,0
7116,1.0,1.002306823616,1.2774112903463197,0,0
7117,1.0,1.013911001965,1.2774112903463197,0,0
7118,1.0,1.021470323747,1.2774112903463197,0,0
7119,1.0,1.030948223469,1.2774112903463197,0,0
7120,1.0,1.034163675146,1.2774112903463197,0,0
7121,1.0,0.99022894392,1.2774112903463197,0,0
7122,1.0,0.987442304198,1.2774112903463197,0,0
7123,1.0,0.983218631057,1.2774112903463197,0,0
7124,1.0,0.989908062803,1.2774112903463197,0,0
7125,1.0,0.989908062803,1.2774112903463197,0,0
7126,0.98,0.991272636416,1.2774112903463197,0,0
7127,0.98,1.003988102963,1.2774112903463197,0,0
7128,0.98,0.996725175283,1.2774112903463197,0,0
7129,1.0,1.031353332322,1.2774112903463197,0,0
7130,0.98,1.011864296613,1.2774112903463197,0,0
7131,0.98,1.025468449896,1.2774112903463197,0,0
7132,0.98,1.00585458911,1.2774112903463197,0,0
7133,0.98,1.024144985572,1.2774112903463197,0,0
7134,0.98,1.025319005013,1.2774112903463197,0,0
7135,0.98,1.040283328682,1.2774112903463197,0,0
7136,0.98,1.024726966737,1.2774112903463197,0,0
7137,0.98,1.033086527186,1.2774112903463197,0,0
7138,0.98,1.0077948262,1.2774112903463197,0,0
7139,0.98,1.036283763671,1.2774112903463197,0,0
7140,0.98,1.011525226054,1.2774112903463197,0,0
7141,0.98,1.017738133683,1.2774112903463197,0,0
7142,0.98,1.022403978113,1.2774112903463197,0,0
7143,0.98,1.018254067096,1.2774112903463197,0,0
7144,0.98,1.015264312927,1.2774112903463197,0,0
7145,0.98,1.016460335771,1.2774112903463197,0,0
7146,1.0,1.070600209168,1.2774112903463197,0,0
7147,0.98,1.101964997299,1.2774112903463197,0,0
7148,0.98,1.062571442442,1.2774112903463197,0,0
7149,0.98,1.094606383845,1.2774112903463197,0,0
7150,1.0,1.096886815389,1.2774112903463197,0,0
7151,1.0,1.164080475505,1.2774112903463197,0,0
7152,1.0,1.153063623855,1.2774112903463197,0,0
7153,1.0,1.210317238388,1.2774112903463197,0,0
7154,1.0,1.185327449168,1.2774112903463197,0,0
7155,1.0,1.215662469965,1.2774112903463197,0,0
7156,1.0,1.187275660334,1.2774112903463197,0,0
7157,1.0,1.212428303631,1.2774112903463197,0,0
7158,1.0,1.171924140916,1.2774112903463197,0,0
7159,1.0,1.20749193233,1.2774112903463197,0,0
7160,1.0,1.142273367265,1.2774112903463197,0,0
7161,1.0,1.185967489988,1.2774112903463197,0,0
7162,1.0,1.114751537903,1.2774112903463197,0,0
7163,1.0,1.184579492322,1.2774112903463197,0,0
7164,1.0,1.138382788065,1.2774112903463197,0,0
7165,1.0,1.173059422538,1.2774112903463197,0,0
7166,1.0,1.115825840696,1.2774112903463197,0,0
7167,1.0,1.151259701415,1.2774112903463197,0,0
7168,1.0,1.092561203528,1.2774112903463197,0,0
7169,1.0,1.139012453945,1.2774112903463197,0,0
7170,1.0,1.101914216947,1.2774112903463197,0,0
7171,1.0,1.159490358979,1.2774112903463197,0,0
7172,1.0,1.118576378719,1.2774112903463197,0,0
7173,1.0,1.171865336844,1.2774112903463197,0,0
7174,1.0,1.142472184538,1.2774112903463197,0,0
7175,1.0,1.214594206181,1.2774112903463197,0,0
7176,1.0,1.149030768239,1.2774112903463197,0,0
7177,1.0,1.18436460043,1.2774112903463197,0,0
7178,1.0,1.165260419189,1.2774112903463197,0,0
7179,1.0,1.204695286793,1.2774112903463197,0,0
7180,1.0,1.191827082132,1.2774112903463197,0,0
7181,1.0,1.228458504661,1.2774112903463197,0,0
7182,1.0,1.191366809846,1.2774112903463197,0,0
7183,1.0,1.216178541673,1.2774112903463197,0,0
7184,1.0,1.217289639817,1.2774112903463197,0,0
7185,1.0,1.236342437274,1.2774112903463197,0,0
7186,1.0,1.171478923419,1.2774112903463197,0,0
7187,1.0,1.173476114955,1.2774112903463197,0,0
7188,1.0,1.125463883868,1.2774112903463197,0,0
7189,1.0,1.099578197658,1.2774112903463197,0,0
7190,1.0,1.107182608251,1.2774112903463197,0,0
7191,1.0,1.08193211967,1.2774112903463197,0,0
7192,1.0,1.098427824206,1.2774112903463197,0,0
7193,1.0,1.015760965398,1.2774112903463197,0,0
7194,1.0,1.01664387358,1.2774112903463197,0,0
7195,1.0,1.009793270698,1.2774112903463197,0,0
7196,1.0,1.019412236169,1.2774112903463197,0,0
7197,1.0,1.007908116614,1.2774112903463197,0,0
7198,1.0,1.031307499866,1.2774112903463197,0,0
7199,1.0,1.011145546661,1.2774112903463197,0,0
7200,1.0,1.020090544484,1.2774112903463197,0,0
7201,1.0,1.009782628406,1.2774112903463197,0,0
7202,1.0,1.026224603454,1.2774112903463197,0,0
7203,1.0,1.036754561004,1.2774112903463197,0,0
7204,1.0,1.022975785747,1.2774112903463197,0,0
7205,1.0,1.002306823616,1.2774112903463197,0,0
7206,1.0,1.013911001965,1.2774112903463197,0,0
7207,1.0,1.021470323747,1.2774112903463197,0,0
7208,1.0,1.030948223469,1.2774112903463197,0,0
7209,1.0,1.034163675146,1.2774112903463197,0,0
7210,0.98,1.052200041272,1.2774112903463197,0,0
7211,0.98,1.088113844714,1.2774112903463197,0,0
7212,0.98,1.050952607685,1.2774112903463197,0,0
7213,0.98,1.029884239057,1.2774112903463197,0,0
7214,0.98,1.028318771786,1.2774112903463197,0,0
7215,0.98,1.018071815546,1.2774112903463197,0,0
7216,0.98,1.011373742258,1.2774112903463197,0,0
7217,0.98,1.000135858093,1.2774112903463197,0,0
7218,0.98,1.002090386233,1.2774112903463197,0,0
7219,0.98,0.997281469341,1.2774112903463197,0,0
7220,0.98,0.999689713595,1.2774112903463197,0,0
7221,0.98,1.005586141273,1.2774112903463197,0,0
7222,0.98,1.000869661789,1.2774112903463197,0,0
7223,0.98,1.000554887149,1.2774112903463197,0,0
7224,0.98,1.000918964546,1.2774112903463197,0,0
7225,0.98,0.999264423957,1.2774112903463197,0,0
7226,0.98,1.0004665977,1.2774112903463197,0,0
7227,0.98,1.000164313863,1.2774112903463197,0,0
7228,0.98,1.002199731829,1.2774112903463197,0,0
7229,1.0,1.036775648175,1.2774112903463197,0,0
7230,0.98,1.030784673629,1.2774112903463197,0,0
7231,0.98,1.016965251378,1.2774112903463197,0,0
7232,0.98,1.063094667833,1.2774112903463197,0,0
7233,0.98,1.019646672377,1.2774112903463197,0,0
7234,1.0,1.049471296985,1.2774112903463197,0,0
7235,1.0,1.067525077773,1.2774112903463197,0,0
7236,1.0,1.08777333982,1.2774112903463197,0,0
7237,1.0,1.107718126556,1.2774112903463197,0,0
7238,1.0,1.129426454039,1.2774112903463197,0,0
7239,1.0,1.11020870863,1.2774112903463197,0,0
7240,1.0,1.116560807423,1.2774112903463197,0,0
7241,1.0,1.100228998468,1.2774112903463197,0,0
7242,1.0,1.092419698524,1.2774112903463197,0,0
7243,1.0,1.084673250465,1.2774112903463197,0,0
7244,1.0,1.095850215706,1.2774112903463197,0,0
7245,1.0,1.075213215488,1.2774112903463197,0,0
7246,1.0,1.072941448743,1.2774112903463197,0,0
7247,1.0,1.076077341399,1.2774112903463197,0,0
7248,1.0,1.05977824538,1.2774112903463197,0,0
7249,1.0,1.049639479594,1.2774112903463197,0,0
7250,1.0,1.072194877324,1.2774112903463197,0,0
7251,1.0,1.053942287888,1.2774112903463197,0,0
7252,1.0,1.082300847693,1.2774112903463197,0,0
7253,1.0,1.063803552598,1.2774112903463197,0,0
7254,1.0,1.080308882681,1.2774112903463197,0,0
7255,1.0,1.08880253354,1.2774112903463197,0,0
7256,1.0,1.121619765985,1.2774112903463197,0,0
7257,1.0,1.109142360741,1.2774112903463197,0,0
7258,1.0,1.136057249633,1.2774112903463197,0,0
7259,1.0,1.113598933484,1.2774112903463197,0,0
7260,1.0,1.139186529845,1.2774112903463197,0,0
7261,1.0,1.117201531877,1.2774112903463197,0,0
7262,1.0,1.140871131216,1.2774112903463197,0,0
7263,1.0,1.114768291228,1.2774112903463197,0,0
7264,1.0,1.151756032645,1.2774112903463197,0,0
7265,1.0,1.13085665512,1.2774112903463197,0,0
7266,1.0,1.175349593443,1.2774112903463197,0,0
7267,1.0,1.087326577185,1.2774112903463197,0,0
7268,1.0,1.12559588352,1.2774112903463197,0,0
7269,1.0,1.121985515712,1.2774112903463197,0,0
7270,1.0,1.138091918835,1.2774112903463197,0,0
7271,1.0,1.11495133225,1.2774112903463197,0,0
7272,1.0,1.07805471841,1.2774112903463197,0,0
7273,1.0,1.023171781956,1.2774112903463197,0,0
7274,1.0,1.032830900014,1.2774112903463197,0,0
7275,1.0,1.022498485368,1.2774112903463197,0,0
7276,1.0,1.011998638488,1.2774112903463197,0,0
7277,1.0,1.008506289456,1.2774112903463197,0,0
7278,1.0,1.008356668595,1.2774112903463197,0,0
7279,1.0,1.004123012202,1.2774112903463197,0,0
7280,1.0,1.01092742073,1.2774112903463197,0,0
7281,1.0,1.00114429923,1.2774112903463197,0,0
7282,1.0,0.998657081834,1.2774112903463197,0,0
7283,1.0,1.00494284967,1.2774112903463197,0,0
7284,1.0,0.998915833104,1.2774112903463197,0,0
7285,1.0,1.000687923564,1.2774112903463197,0,0
7286,1.0,1.019473236373,1.2774112903463197,0,0
7287,1.0,1.017171455287,1.2774112903463197,0,0
7288,0.98,1.015210341409,1.2774112903463197,0,0
7289,0.98,1.104133937491,1.2774112903463197,0,0
7290,0.98,1.161257619337,1.2774112903463197,0,0
7291,1.0,1.159187298338,1.2774112903463197,0,0
7292,0.98,1.157922532011,1.2774112903463197,0,0
7293,0.98,1.168267706193,1.2774112903463197,0,0
7294,0.98,1.120382873465,1.2774112903463197,0,0
7295,0.98,1.117574819753,1.2774112903463197,0,0
7296,0.98,1.053358139564,1.2774112903463197,0,0
7297,0.98,1.040283328682,1.2774112903463197,0,0
7298,0.98,1.024726966737,1.2774112903463197,0,0
7299,0.98,1.033086527186,1.2774112903463197,0,0
7300,0.98,1.0077948262,1.2774112903463197,0,0
7301,0.98,1.036283763671,1.2774112903463197,0,0
7302,0.98,1.011525226054,1.2774112903463197,0,0
7303,0.98,1.017738133683,1.2774112903463197,0,0
7304,0.98,1.022403978113,1.2774112903463197,0,0
7305,0.98,1.018254067096,1.2774112903463197,0,0
7306,0.98,1.015264312927,1.2774112903463197,0,0
7307,0.98,1.016460335771,1.2774112903463197,0,0
7308,0.98,1.00693225641,1.2774112903463197,0,0
7309,0.98,1.020312647645,1.2774112903463197,0,0
7310,0.98,1.025322131773,1.2774112903463197,0,0
7311,0.98,1.023046014127,1.2774112903463197,0,0
7312,1.0,1.063571191405,1.2774112903463197,0,0
7313,1.0,1.110756810138,1.2774112903463197,0,0
7314,1.0,1.12922770659,1.2774112903463197,0,0
7315,1.0,1.120716481675,1.2774112903463197,0,0
7316,1.0,1.156587705369,1.2774112903463197,0,0
7317,1.0,1.135197092514,1.2774112903463197,0,0
7318,1.0,1.152566318589,1.2774112903463197,0,0
7319,1.0,1.154322898936,1.2774112903463197,0,0
7320,1.0,1.166954973286,1.2774112903463197,0,0
7321,1.0,1.144539490387,1.2774112903463197,0,0
7322,1.0,1.157471807362,1.2774112903463197,0,0
7323,1.0,1.149611160971,1.2774112903463197,0,0
7324,1.0,1.112104805959,1.2774112903463197,0,0
7325,1.0,1.145169823803,1.2774112903463197,0,0
7326,1.0,1.152959905992,1.2774112903463197,0,0
7327,1.0,1.148842222879,1.2774112903463197,0,0
7328,1.0,1.092701077239,1.2774112903463197,0,0
7329,1.0,1.102859078724,1.2774112903463197,0,0
7330,1.0,1.079506398292,1.2774112903463197,0,0
7331,1.0,1.089215857235,1.2774112903463197,0,0
7332,1.0,1.073726247921,1.2774112903463197,0,0
7333,1.0,1.077541048888,1.2774112903463197,0,0
7334,1.0,1.077237522625,1.2774112903463197,0,0
7335,1.0,1.057792791737,1.2774112903463197,0,0
7336,1.0,1.0803799338,1.2774112903463197,0,0
7337,1.0,1.077527272451,1.2774112903463197,0,0
7338,1.0,1.091996665621,1.2774112903463197,0,0
7339,1.0,1.080412190611,1.2774112903463197,0,0
7340,1.0,1.122219595109,1.2774112903463197,0,0
7341,1.0,1.105243842852,1.2774112903463197,0,0
7342,1.0,1.140178831923,1.2774112903463197,0,0
7343,1.0,1.125351825429,1.2774112903463197,0,0
7344,1.0,1.137616504353,1.2774112903463197,0,0
7345,1.0,1.118636171632,1.2774112903463197,0,0
7346,1.0,1.167912059844,1.2774112903463197,0,0
7347,1.0,1.127559849889,1.2774112903463197,0,0
7348,1.0,1.115741928051,1.2774112903463197,0,0
7349,1.0,1.08549298396,1.2774112903463197,0,0
7350,1.0,1.094491562958,1.2774112903463197,0,0
7351,1.0,1.044263471626,1.2774112903463197,0,0
7352,1.0,1.07556148731,1.2774112903463197,0,0
7353,1.0,1.054158841393,1.2774112903463197,0,0
7354,1.0,1.062043587202,1.2774112903463197,0,0
7355,1.0,1.002909387826,1.2774112903463197,0,0
7356,1.0,1.002594914923,1.2774112903463197,0,0
7357,1.0,1.000751721577,1.2774112903463197,0,0
7358,1.0,0.997547523705,1.2774112903463197,0,0
7359,1.0,0.997353366791,1.2774112903463197,0,0
7360,1.0,0.996738890077,1.2774112903463197,0,0
7361,1.0,1.000497642284,1.2774112903463197,0,0
7362,1.0,0.994907503171,1.2774112903463197,0,0
7363,1.0,0.99471631392,1.2774112903463197,0,0
7364,1.0,0.997942931527,1.2774112903463197,0,0
7365,1.0,0.993803752221,1.2774112903463197,0,0
7366,1.0,0.996261218554,1.2774112903463197,0,0
7367,1.0,0.993698711335,1.2774112903463197,0,0
7368,1.0,1.004235243282,1.2774112903463197,0,0
7369,0.98,1.046658876579,1.2774112903463197,0,0
7370,0.98,1.153958910897,1.2774112903463197,0,0
7371,0.98,1.153830831153,1.2774112903463197,0,0
7372,1.0,1.17252006788,1.2774112903463197,0,0
7373,0.98,1.120887149292,1.2774112903463197,0,0
7374,0.98,1.085989734752,1.2774112903463197,0,0
7375,0.98,1.00585458911,1.2774112903463197,0,0
7376,0.98,1.024144985572,1.2774112903463197,0,0
7377,0.98,1.025319005013,1.2774112903463197,0,0
7378,0.98,1.040283328682,1.2774112903463197,0,0
7379,0.98,1.024726966737,1.2774112903463197,0,0
7380,0.98,1.033086527186,1.2774112903463197,0,0
7381,0.98,1.0077948262,1.2774112903463197,0,0
7382,0.98,1.036283763671,1.2774112903463197,0,0
7383,0.98,1.011525226054,1.2774112903463197,0,0
7384,0.98,1.017738133683,1.2774112903463197,0,0
7385,0.98,1.022403978113,1.2774112903463197,0,0
7386,0.98,1.018254067096,1.2774112903463197,0,0
7387,0.98,1.015264312927,1.2774112903463197,0,0
7388,0.98,1.016460335771,1.2774112903463197,0,0
7389,0.98,1.00693225641,1.2774112903463197,0,0
7390,0.98,1.020312647645,1.2774112903463197,0,0
7391,0.98,1.025322131773,1.2774112903463197,0,0
7392,0.98,1.023046014127,1.2774112903463197,0,0
7393,1.0,1.063571191405,1.2774112903463197,0,0
7394,1.0,1.110756810138,1.2774112903463197,0,0
7395,1.0,1.12922770659,1.2774112903463197,0,0
7396,1.0,1.120716481675,1.2774112903463197,0,0
7397,1.0,1.156587705369,1.2774112903463197,0,0
7398,1.0,1.135197092514,1.2774112903463197,0,0
7399,1.0,1.152566318589,1.2774112903463197,0,0
7400,1.0,1.154322898936,1.2774112903463197,0,0
7401,1.0,1.166954973286,1.2774112903463197,0,0
7402,1.0,1.144539490387,1.2774112903463197,0,0
7403,1.0,1.157471807362,1.2774112903463197,0,0
7404,1.0,1.149611160971,1.2774112903463197,0,0
7405,1.0,1.112104805959,1.2774112903463197,0,0
7406,1.0,1.145169823803,1.2774112903463197,0,0
7407,1.0,1.152959905992,1.2774112903463197,0,0
7408,1.0,1.148842222879,1.2774112903463197,0,0
7409,1.0,1.092701077239,1.2774112903463197,0,0
7410,1.0,1.102859078724,1.2774112903463197,0,0
7411,1.0,1.079506398292,1.2774112903463197,0,0
7412,1.0,1.089215857235,1.2774112903463197,0,0
7413,1.0,1.073726247921,1.2774112903463197,0,0
7414,1.0,1.077541048888,1.2774112903463197,0,0
7415,1.0,1.077237522625,1.2774112903463197,0,0
7416,1.0,1.057792791737,1.2774112903463197,0,0
7417,1.0,1.0803799338,1.2774112903463197,0,0
7418,1.0,1.077527272451,1.2774112903463197,0,0
7419,1.0,1.091996665621,1.2774112903463197,0,0
7420,1.0,1.080412190611,1.2774112903463197,0,0
7421,1.0,1.122219595109,1.2774112903463197,0,0
7422,1.0,1.105243842852,1.2774112903463197,0,0
7423,1.0,1.140178831923,1.2774112903463197,0,0
7424,1.0,1.125351825429,1.2774112903463197,0,0
7425,1.0,1.137616504353,1.2774112903463197,0,0
7426,1.0,1.118636171632,1.2774112903463197,0,0
7427,1.0,1.167912059844,1.2774112903463197,0,0
7428,1.0,1.127559849889,1.2774112903463197,0,0
7429,1.0,1.115741928051,1.2774112903463197,0,0
7430,1.0,1.08549298396,1.2774112903463197,0,0
7431,1.0,1.094491562958,1.2774112903463197,0,0
7432,1.0,1.044263471626,1.2774112903463197,0,0
7433,1.0,1.07556148731,1.2774112903463197,0,0
7434,1.0,1.054158841393,1.2774112903463197,0,0
7435,1.0,1.062043587202,1.2774112903463197,0,0
7436,1.0,1.002909387826,1.2774112903463197,0,0
7437,1.0,1.002594914923,1.2774112903463197,0,0
7438,1.0,1.000751721577,1.2774112903463197,0,0
7439,1.0,0.997547523705,1.2774112903463197,0,0
7440,1.0,0.997353366791,1.2774112903463197,0,0
7441,1.0,0.996738890077,1.2774112903463197,0,0
7442,1.0,1.000497642284,1.2774112903463197,0,0
7443,1.0,0.994907503171,1.2774112903463197,0,0
7444,1.0,0.99471631392,1.2774112903463197,0,0
7445,1.0,0.997942931527,1.2774112903463197,0,0
7446,1.0,0.993803752221,1.2774112903463197,0,0
7447,1.0,0.996261218554,1.2774112903463197,0,0
7448,1.0,0.993698711335,1.2774112903463197,0,0
7449,1.0,1.004235243282,1.2774112903463197,0,0
7450,1.0,1.005486752951,1.2774112903463197,0,0
7451,1.0,1.010487408892,1.2774112903463197,0,0
7452,1.0,1.014605058368,1.2774112903463197,0,0
7453,1.0,0.99022894392,1.2774112903463197,0,0
7454,1.0,0.987442304198,1.2774112903463197,0,0
7455,1.0,0.983218631057,1.2774112903463197,0,0
7456,1.0,0.989908062803,1.2774112903463197,0,0
7457,1.0,0.989908062803,1.2774112903463197,0,0
7458,0.98,0.991272636416,1.2774112903463197,0,0
7459,0.98,1.003988102963,1.2774112903463197,0,0
7460,0.98,0.996725175283,1.2774112903463197,0,0
7461,1.0,1.031353332322,1.2774112903463197,0,0
7462,0.98,1.011864296613,1.2774112903463197,0,0
7463,0.98,1.025468449896,1.2774112903463197,0,0
7464,0.98,1.00585458911,1.2774112903463197,0,0
7465,0.98,1.024144985572,1.2774112903463197,0,0
7466,0.98,1.025319005013,1.2774112903463197,0,0
7467,0.98,1.040283328682,1.2774112903463197,0,0
7468,0.98,1.024726966737,1.2774112903463197,0,0
7469,0.98,1.033086527186,1.2774112903463197,0,0
7470,0.98,1.0077948262,1.2774112903463197,0,0
7471,0.98,1.036283763671,1.2774112903463197,0,0
7472,0.98,1.011525226054,1.2774112903463197,0,0
7473,0.98,1.017738133683,1.2774112903463197,0,0
7474,0.98,1.022403978113,1.2774112903463197,0,0
7475,0.98,1.018254067096,1.2774112903463197,0,0
7476,0.98,1.015264312927,1.2774112903463197,0,0
7477,0.98,1.016460335771,1.2774112903463197,0,0
7478,0.98,1.00693225641,1.2774112903463197,0,0
7479,0.98,1.020312647645,1.2774112903463197,0,0
7480,0.98,1.025322131773,1.2774112903463197,0,0
7481,1.0,1.063135599296,1.2774112903463197,0,0
7482,0.98,1.023394936717,1.2774112903463197,0,0
7483,0.98,1.074042099273,1.2774112903463197,0,0
7484,0.98,1.079362173523,1.2774112903463197,0,0
7485,1.0,1.108473774153,1.2774112903463197,0,0
7486,1.0,1.141340296218,1.2774112903463197,0,0
7487,1.0,1.112647629443,1.2774112903463197,0,0
7488,1.0,1.1565959379,1.2774112903463197,0,0
7489,1.0,1.155854150321,1.2774112903463197,0,0
7490,1.0,1.171158702642,1.2774112903463197,0,0
7491,1.0,1.172959858025,1.2774112903463197,0,0
7492,1.0,1.153326719451,1.2774112903463197,0,0
7493,1.0,1.158942336278,1.2774112903463197,0,0
7494,1.0,1.110687071134,1.2774112903463197,0,0
7495,1.0,1.122737865574,1.2774112903463197,0,0
7496,1.0,1.110454405543,1.2774112903463197,0,0
7497,1.0,1.11732540491,1.2774112903463197,0,0
7498,1.0,1.111611583986,1.2774112903463197,0,0
7499,1.0,1.118497901553,1.2774112903463197,0,0
7500,1.0,1.100425652354,1.2774112903463197,0,0
7501,1.0,1.100762779275,1.2774112903463197,0,0
7502,1.0,1.090196973848,1.2774112903463197,0,0
7503,1.0,1.10333013608,1.2774112903463197,0,0
7504,1.0,1.100695482963,1.2774112903463197,0,0
7505,1.0,1.100249641636,1.2774112903463197,0,0
7506,1.0,1.078671651458,1.2774112903463197,0,0
7507,1.0,1.110516009689,1.2774112903463197,0,0
7508,1.0,1.124331908253,1.2774112903463197,0,0
7509,1.0,1.150065968377,1.2774112903463197,0,0
7510,1.0,1.139585377854,1.2774112903463197,0,0
7511,1.0,1.135252400552,1.2774112903463197,0,0
7512,1.0,1.142741771403,1.2774112903463197,0,0
7513,1.0,1.181721190713,1.2774112903463197,0,0
7514,1.0,1.191490420174,1.2774112903463197,0,0
7515,1.0,1.175350095484,1.2774112903463197,0,0
7516,1.0,1.171646016416,1.2774112903463197,0,0
7517,1.0,1.172378223096,1.2774112903463197,0,0
7518,1.0,1.11959003809,1.2774112903463197,0,0
7519,1.0,1.138875074695,1.2774112903463197,0,0
7520,1.0,1.154550240798,1.2774112903463197,0,0
7521,1.0,1.101579553453,1.2774112903463197,0,0
7522,1.0,1.085753040852,1.2774112903463197,0,0
7523,1.0,1.044574089645,1.2774112903463197,0,0
7524,1.0,1.071311977108,1.2774112903463197,0,0
7525,1.0,1.039271568634,1.2774112903463197,0,0
7526,1.0,1.037118505855,1.2774112903463197,0,0
7527,1.0,1.02260868286,1.2774112903463197,0,0
7528,1.0,1.015760965398,1.2774112903463197,0,0
7529,1.0,1.01664387358,1.2774112903463197,0,0
7530,1.0,1.009793270698,1.2774112903463197,0,0
7531,1.0,1.019412236169,1.2774112903463197,0,0
7532,1.0,1.007908116614,1.2774112903463197,0,0
7533,1.0,1.031307499866,1.2774112903463197,0,0
7534,1.0,1.011145546661,1.2774112903463197,0,0
7535,1.0,1.020090544484,1.2774112903463197,0,0
7536,1.0,1.009782628406,1.2774112903463197,0,0
7537,1.0,1.026224603454,1.2774112903463197,0,0
7538,1.0,1.036754561004,1.2774112903463197,0,0
7539,1.0,1.022975785747,1.2774112903463197,0,0
7540,1.0,1.002306823616,1.2774112903463197,0,0
7541,1.0,1.013911001965,1.2774112903463197,0,0
7542,0.98,1.0866934651,1.2774112903463197,0,0
7543,0.98,1.102825553693,1.2774112903463197,0,0
7544,1.0,1.146215980974,1.2774112903463197,0,0
7545,0.98,1.114087311273,1.2774112903463197,0,0
7546,0.98,1.121047999867,1.2774112903463197,0,0
7547,0.98,1.028364419736,1.2774112903463197,0,0
7548,0.98,1.012636855094,1.2774112903463197,0,0
7549,0.98,1.015818055748,1.2774112903463197,0,0
7550,0.98,1.002953812814,1.2774112903463197,0,0
7551,0.98,1.006324250882,1.2774112903463197,0,0
7552,0.98,0.998876183764,1.2774112903463197,0,0
7553,0.98,1.00419367329,1.2774112903463197,0,0
7554,0.98,1.012014572713,1.2774112903463197,0,0
7555,0.98,1.002663179133,1.2774112903463197,0,0
7556,0.98,1.000819242484,1.2774112903463197,0,0
7557,0.98,1.001892945862,1.2774112903463197,0,0
7558,0.98,1.004881792614,1.2774112903463197,0,0
7559,0.98,0.999051321734,1.2774112903463197,0,0
7560,0.98,1.004343716876,1.2774112903463197,0,0
7561,1.0,1.049664166986,1.2774112903463197,0,0
7562,0.98,1.046168087717,1.2774112903463197,0,0
7563,0.98,1.02390284134,1.2774112903463197,0,0
7564,0.98,1.071851570147,1.2774112903463197,0,0
7565,1.0,1.064759802001,1.2774112903463197,0,0
7566,1.0,1.124803199111,1.2774112903463197,0,0
7567,1.0,1.095428324651,1.2774112903463197,0,0
7568,1.0,1.156656356057,1.2774112903463197,0,0
7569,1.0,1.11620319759,1.2774112903463197,0,0
7570,1.0,1.156529208326,1.2774112903463197,0,0
7571,1.0,1.144198847046,1.2774112903463197,0,0
7572,1.0,1.1658327121,1.2774112903463197,0,0
7573,1.0,1.140931861451,1.2774112903463197,0,0
7574,1.0,1.113490676134,1.2774112903463197,0,0
7575,1.0,1.138627870013,1.2774112903463197,0,0
7576,1.0,1.155141607015,1.2774112903463197,0,0
7577,1.0,1.107272725627,1.2774112903463197,0,0
7578,1.0,1.159526710259,1.2774112903463197,0,0
7579,1.0,1.131240656165,1.2774112903463197,0,0
7580,1.0,1.155632556739,1.2774112903463197,0,0
7581,1.0,1.09854333792,1.2774112903463197,0,0
7582,1.0,1.106233659253,1.2774112903463197,0,0
7583,1.0,1.0856909798,1.2774112903463197,0,0
7584,1.0,1.100432262339,1.2774112903463197,0,0
7585,1.0,1.100713757069,1.2774112903463197,0,0
7586,1.0,1.125411708482,1.2774112903463197,0,0
7587,1.0,1.10811313129,1.2774112903463197,0,0
7588,1.0,1.154030340448,1.2774112903463197,0,0
7589,1.0,1.135948661338,1.2774112903463197,0,0
7590,1.0,1.174371464358,1.2774112903463197,0,0
7591,1.0,1.142763310408,1.2774112903463197,0,0
7592,1.0,1.161195103556,1.2774112903463197,0,0
7593,1.0,1.1458066069,1.2774112903463197,0,0
7594,1.0,1.189206321343,1.2774112903463197,0,0
7595,1.0,1.137404609971,1.2774112903463197,0,0
7596,1.0,1.189941466873,1.2774112903463197,0,0
7597,1.0,1.150693450438,1.2774112903463197,0,0
7598,1.0,1.175745862319,1.2774112903463197,0,0
7599,1.0,1.169723138294,1.2774112903463197,0,0
7600,1.0,1.168087774606,1.2774112903463197,0,0
7601,1.0,1.157002101896,1.2774112903463197,0,0
7602,1.0,1.137771979251,1.2774112903463197,0,0
7603,1.0,1.135323955648,1.2774112903463197,0,0
7604,1.0,1.127240915236,1.2774112903463197,0,0
7605,1.0,1.107182608251,1.2774112903463197,0,0
7606,1.0,1.08193211967,1.2774112903463197,0,0
7607,1.0,1.098427824206,1.2774112903463197,0,0
7608,1.0,1.015760965398,1.2774112903463197,0,0
7609,1.0,1.01664387358,1.2774112903463197,0,0
7610,1.0,1.009793270698,1.2774112903463197,0,0
7611,1.0,1.019412236169,1.2774112903463197,0,0
7612,1.0,1.007908116614,1.2774112903463197,0,0
7613,1.0,1.031307499866,1.2774112903463197,0,0
7614,1.0,1.011145546661,1.2774112903463197,0,0
7615,1.0,1.020090544484,1.2774112903463197,0,0
7616,1.0,1.009782628406,1.2774112903463197,0,0
7617,1.0,1.026224603454,1.2774112903463197,0,0
7618,1.0,1.036754561004,1.2774112903463197,0,0
7619,1.0,1.022975785747,1.2774112903463197,0,0
7620,1.0,1.002306823616,1.2774112903463197,0,0
7621,1.0,1.013911001965,1.2774112903463197,0,0
7622,1.0,1.021470323747,1.2774112903463197,0,0
7623,1.0,1.030948223469,1.2774112903463197,0,0
7624,1.0,1.034163675146,1.2774112903463197,0,0
7625,1.0,0.99022894392,1.2774112903463197,0,0
7626,0.98,1.026238103143,1.2774112903463197,0,0
7627,0.98,1.039052228204,1.2774112903463197,0,0
7628,1.0,0.998890345754,1.2774112903463197,0,0
7629,0.98,1.001767232655,1.2774112903463197,0,0
7630,0.98,1.010081568874,1.2774112903463197,0,0
7631,0.98,0.996604169177,1.2774112903463197,0,0
